experiment_id,round,client_id,layer_name,feature_name,feature_value,ground_truth
lsa-trimmed-mean-late20-seed42-20261004,1,0,conv1,mean,4.151941757299937e-05,0
lsa-trimmed-mean-late20-seed42-20261004,1,0,conv1,std,0.00027914022261447166,0
lsa-trimmed-mean-late20-seed42-20261004,1,0,conv1,median,4.201754927635193e-05,0
lsa-trimmed-mean-late20-seed42-20261004,1,0,conv1,min,-0.0008986219763755798,0
lsa-trimmed-mean-late20-seed42-20261004,1,0,conv1,max,0.0006838142871856689,0
lsa-trimmed-mean-late20-seed42-20261004,1,0,conv1,l1,0.0360428603598848,0
lsa-trimmed-mean-late20-seed42-20261004,1,0,conv1,l2,0.003569719897512585,0
lsa-trimmed-mean-late20-seed42-20261004,1,0,conv1,max_abs,0.0008986219763755798,0
lsa-trimmed-mean-late20-seed42-20261004,1,0,conv1,sparsity,0.0,0
lsa-trimmed-mean-late20-seed42-20261004,1,0,conv1,skewness,-0.23052493097823007,0
lsa-trimmed-mean-late20-seed42-20261004,1,0,conv1,kurtosis,0.02722703391171155,0
lsa-trimmed-mean-late20-seed42-20261004,1,0,conv2,mean,-1.3647540874350445e-05,0
lsa-trimmed-mean-late20-seed42-20261004,1,0,conv2,std,0.0002643862209839288,0
lsa-trimmed-mean-late20-seed42-20261004,1,0,conv2,median,-3.3295946195721626e-06,0
lsa-trimmed-mean-late20-seed42-20261004,1,0,conv2,min,-0.0018937662243843079,0
lsa-trimmed-mean-late20-seed42-20261004,1,0,conv2,max,0.001486453227698803,0
lsa-trimmed-mean-late20-seed42-20261004,1,0,conv2,l1,0.7745902568822203,0
lsa-trimmed-mean-late20-seed42-20261004,1,0,conv2,l2,0.018033318262923512,0
lsa-trimmed-mean-late20-seed42-20261004,1,0,conv2,max_abs,0.0018937662243843079,0
lsa-trimmed-mean-late20-seed42-20261004,1,0,conv2,sparsity,0.0,0
lsa-trimmed-mean-late20-seed42-20261004,1,0,conv2,skewness,-0.057841841301949706,0
lsa-trimmed-mean-late20-seed42-20261004,1,0,conv2,kurtosis,6.19883485982222,0
lsa-trimmed-mean-late20-seed42-20261004,1,0,fc1,mean,7.213677504298892e-07,0
lsa-trimmed-mean-late20-seed42-20261004,1,0,fc1,std,0.00021164001470348154,0
lsa-trimmed-mean-late20-seed42-20261004,1,0,fc1,median,0.0,0
lsa-trimmed-mean-late20-seed42-20261004,1,0,fc1,min,-0.0033375322818756104,0
lsa-trimmed-mean-late20-seed42-20261004,1,0,fc1,max,0.003186635673046112,0
lsa-trimmed-mean-late20-seed42-20261004,1,0,fc1,l1,10.554920883585055,0
lsa-trimmed-mean-late20-seed42-20261004,1,0,fc1,l2,0.0670659011588549,0
lsa-trimmed-mean-late20-seed42-20261004,1,0,fc1,max_abs,0.0033375322818756104,0
lsa-trimmed-mean-late20-seed42-20261004,1,0,fc1,sparsity,0.07050669216061185,0
lsa-trimmed-mean-late20-seed42-20261004,1,0,fc1,skewness,-0.04178242982455223,0
lsa-trimmed-mean-late20-seed42-20261004,1,0,fc1,kurtosis,23.609287214253502,0
lsa-trimmed-mean-late20-seed42-20261004,1,0,output,mean,-1.1372881440015939e-10,0
lsa-trimmed-mean-late20-seed42-20261004,1,0,output,std,0.0005533890100076923,0
lsa-trimmed-mean-late20-seed42-20261004,1,0,output,median,-1.4808028936386108e-05,0
lsa-trimmed-mean-late20-seed42-20261004,1,0,output,min,-0.004226048476994038,0
lsa-trimmed-mean-late20-seed42-20261004,1,0,output,max,0.002539863809943199,0
lsa-trimmed-mean-late20-seed42-20261004,1,0,output,l1,0.2203636891208589,0
lsa-trimmed-mean-late20-seed42-20261004,1,0,output,l2,0.014108706803185378,0
lsa-trimmed-mean-late20-seed42-20261004,1,0,output,max_abs,0.004226048476994038,0
lsa-trimmed-mean-late20-seed42-20261004,1,0,output,sparsity,0.015384615384615385,0
lsa-trimmed-mean-late20-seed42-20261004,1,0,output,skewness,-0.33203336684522716,0
lsa-trimmed-mean-late20-seed42-20261004,1,0,output,kurtosis,9.8709137320078,0
lsa-trimmed-mean-late20-seed42-20261004,1,1,conv1,mean,-8.055896614678204e-07,0
lsa-trimmed-mean-late20-seed42-20261004,1,1,conv1,std,0.0002949839723382335,0
lsa-trimmed-mean-late20-seed42-20261004,1,1,conv1,median,-5.334615707397461e-06,0
lsa-trimmed-mean-late20-seed42-20261004,1,1,conv1,min,-0.001190289855003357,0
lsa-trimmed-mean-late20-seed42-20261004,1,1,conv1,max,0.0006835758686065674,0
lsa-trimmed-mean-late20-seed42-20261004,1,1,conv1,l1,0.03509795921854675,0
lsa-trimmed-mean-late20-seed42-20261004,1,1,conv1,l2,0.003731298817541074,0
lsa-trimmed-mean-late20-seed42-20261004,1,1,conv1,max_abs,0.001190289855003357,0
lsa-trimmed-mean-late20-seed42-20261004,1,1,conv1,sparsity,0.0,0
lsa-trimmed-mean-late20-seed42-20261004,1,1,conv1,skewness,-0.45513940150364596,0
lsa-trimmed-mean-late20-seed42-20261004,1,1,conv1,kurtosis,1.1292712018373416,0
lsa-trimmed-mean-late20-seed42-20261004,1,1,conv2,mean,-2.7316334545495355e-05,0
lsa-trimmed-mean-late20-seed42-20261004,1,1,conv2,std,0.0002730370276184307,0
lsa-trimmed-mean-late20-seed42-20261004,1,1,conv2,median,-7.764436304569244e-06,0
lsa-trimmed-mean-late20-seed42-20261004,1,1,conv2,min,-0.001914922147989273,0
lsa-trimmed-mean-late20-seed42-20261004,1,1,conv2,max,0.0013894103467464447,0
lsa-trimmed-mean-late20-seed42-20261004,1,1,conv2,l1,0.790629804197124,0
lsa-trimmed-mean-late20-seed42-20261004,1,1,conv2,l2,0.01869145951252631,0
lsa-trimmed-mean-late20-seed42-20261004,1,1,conv2,max_abs,0.001914922147989273,0
lsa-trimmed-mean-late20-seed42-20261004,1,1,conv2,sparsity,0.0010775862068965517,0
lsa-trimmed-mean-late20-seed42-20261004,1,1,conv2,skewness,-0.7423884196329884,0
lsa-trimmed-mean-late20-seed42-20261004,1,1,conv2,kurtosis,6.933389853563689,0
lsa-trimmed-mean-late20-seed42-20261004,1,1,fc1,mean,-1.585303208761331e-05,0
lsa-trimmed-mean-late20-seed42-20261004,1,1,fc1,std,0.00020182494031405245,0
lsa-trimmed-mean-late20-seed42-20261004,1,1,fc1,median,-3.3527612686157227e-08,0
lsa-trimmed-mean-late20-seed42-20261004,1,1,fc1,min,-0.00328721571713686,0
lsa-trimmed-mean-late20-seed42-20261004,1,1,fc1,max,0.00281609408557415,0
lsa-trimmed-mean-late20-seed42-20261004,1,1,fc1,l1,10.372035141087622,0
lsa-trimmed-mean-late20-seed42-20261004,1,1,fc1,l2,0.06415225732568088,0
lsa-trimmed-mean-late20-seed42-20261004,1,1,fc1,max_abs,0.00328721571713686,0
lsa-trimmed-mean-late20-seed42-20261004,1,1,fc1,sparsity,0.07188097514340344,0
lsa-trimmed-mean-late20-seed42-20261004,1,1,fc1,skewness,-0.6179254011299808,0
lsa-trimmed-mean-late20-seed42-20261004,1,1,fc1,kurtosis,22.061189105155403,0
lsa-trimmed-mean-late20-seed42-20261004,1,1,output,mean,-4.696910484479024e-11,0
lsa-trimmed-mean-late20-seed42-20261004,1,1,output,std,0.0005855359837015951,0
lsa-trimmed-mean-late20-seed42-20261004,1,1,output,median,-1.9069761037826538e-05,0
lsa-trimmed-mean-late20-seed42-20261004,1,1,output,min,-0.004067808389663696,0
lsa-trimmed-mean-late20-seed42-20261004,1,1,output,max,0.003130272962152958,0
lsa-trimmed-mean-late20-seed42-20261004,1,1,output,l1,0.2213062328810338,0
lsa-trimmed-mean-late20-seed42-20261004,1,1,output,l2,0.014928297034025949,0
lsa-trimmed-mean-late20-seed42-20261004,1,1,output,max_abs,0.004067808389663696,0
lsa-trimmed-mean-late20-seed42-20261004,1,1,output,sparsity,0.015384615384615385,0
lsa-trimmed-mean-late20-seed42-20261004,1,1,output,skewness,0.7994850988575968,0
lsa-trimmed-mean-late20-seed42-20261004,1,1,output,kurtosis,10.037406730674155,0
lsa-trimmed-mean-late20-seed42-20261004,1,2,conv1,mean,2.3818090267013758e-05,0
lsa-trimmed-mean-late20-seed42-20261004,1,2,conv1,std,0.00031637021673088016,0
lsa-trimmed-mean-late20-seed42-20261004,1,2,conv1,median,2.1502375602722168e-05,0
lsa-trimmed-mean-late20-seed42-20261004,1,2,conv1,min,-0.0007715299725532532,0
lsa-trimmed-mean-late20-seed42-20261004,1,2,conv1,max,0.0009686648845672607,0
lsa-trimmed-mean-late20-seed42-20261004,1,2,conv1,l1,0.038662457605823874,0
lsa-trimmed-mean-late20-seed42-20261004,1,2,conv1,l2,0.004013126770154398,0
lsa-trimmed-mean-late20-seed42-20261004,1,2,conv1,max_abs,0.0009686648845672607,0
lsa-trimmed-mean-late20-seed42-20261004,1,2,conv1,sparsity,0.0,0
lsa-trimmed-mean-late20-seed42-20261004,1,2,conv1,skewness,0.06228515505590396,0
lsa-trimmed-mean-late20-seed42-20261004,1,2,conv1,kurtosis,0.7231752746903295,0
lsa-trimmed-mean-late20-seed42-20261004,1,2,conv2,mean,-1.7638969481187562e-05,0
lsa-trimmed-mean-late20-seed42-20261004,1,2,conv2,std,0.0002542640454454004,0
lsa-trimmed-mean-late20-seed42-20261004,1,2,conv2,median,-3.5017728805541992e-06,0
lsa-trimmed-mean-late20-seed42-20261004,1,2,conv2,min,-0.0018912442028522491,0
lsa-trimmed-mean-late20-seed42-20261004,1,2,conv2,max,0.0013666749000549316,0
lsa-trimmed-mean-late20-seed42-20261004,1,2,conv2,l1,0.7266025004209951,0
lsa-trimmed-mean-late20-seed42-20261004,1,2,conv2,l2,0.017361469078245415,0
lsa-trimmed-mean-late20-seed42-20261004,1,2,conv2,max_abs,0.0018912442028522491,0
lsa-trimmed-mean-late20-seed42-20261004,1,2,conv2,sparsity,0.0,0
lsa-trimmed-mean-late20-seed42-20261004,1,2,conv2,skewness,-0.5527870332222491,0
lsa-trimmed-mean-late20-seed42-20261004,1,2,conv2,kurtosis,7.641638071916576,0
lsa-trimmed-mean-late20-seed42-20261004,1,2,fc1,mean,-9.868122902346945e-06,0
lsa-trimmed-mean-late20-seed42-20261004,1,2,fc1,std,0.00020348810536794827,0
lsa-trimmed-mean-late20-seed42-20261004,1,2,fc1,median,0.0,0
lsa-trimmed-mean-late20-seed42-20261004,1,2,fc1,min,-0.003322632983326912,0
lsa-trimmed-mean-late20-seed42-20261004,1,2,fc1,max,0.002904338762164116,0
lsa-trimmed-mean-late20-seed42-20261004,1,2,fc1,l1,10.128629579973222,0
lsa-trimmed-mean-late20-seed42-20261004,1,2,fc1,l2,0.06455807369924894,0
lsa-trimmed-mean-late20-seed42-20261004,1,2,fc1,max_abs,0.003322632983326912,0
lsa-trimmed-mean-late20-seed42-20261004,1,2,fc1,sparsity,0.07152246653919694,0
lsa-trimmed-mean-late20-seed42-20261004,1,2,fc1,skewness,-0.4204363838188252,0
lsa-trimmed-mean-late20-seed42-20261004,1,2,fc1,kurtosis,24.17955154333067,0
lsa-trimmed-mean-late20-seed42-20261004,1,2,output,mean,2.3224856704473497e-10,0
lsa-trimmed-mean-late20-seed42-20261004,1,2,output,std,0.0005247936438559501,0
lsa-trimmed-mean-late20-seed42-20261004,1,2,output,median,-8.955597877502441e-06,0
lsa-trimmed-mean-late20-seed42-20261004,1,2,output,min,-0.0034222789108753204,0
lsa-trimmed-mean-late20-seed42-20261004,1,2,output,max,0.0032806023955345154,0
lsa-trimmed-mean-late20-seed42-20261004,1,2,output,l1,0.20497157881618477,0
lsa-trimmed-mean-late20-seed42-20261004,1,2,output,l2,0.013379665153156067,0
lsa-trimmed-mean-late20-seed42-20261004,1,2,output,max_abs,0.0034222789108753204,0
lsa-trimmed-mean-late20-seed42-20261004,1,2,output,sparsity,0.015384615384615385,0
lsa-trimmed-mean-late20-seed42-20261004,1,2,output,skewness,0.9196533977163629,0
lsa-trimmed-mean-late20-seed42-20261004,1,2,output,kurtosis,9.339100983451917,0
lsa-trimmed-mean-late20-seed42-20261004,1,3,conv1,mean,2.425586062599905e-05,0
lsa-trimmed-mean-late20-seed42-20261004,1,3,conv1,std,0.00035180680790366646,0
lsa-trimmed-mean-late20-seed42-20261004,1,3,conv1,median,2.218782901763916e-05,0
lsa-trimmed-mean-late20-seed42-20261004,1,3,conv1,min,-0.0011418238282203674,0
lsa-trimmed-mean-late20-seed42-20261004,1,3,conv1,max,0.001037880778312683,0
lsa-trimmed-mean-late20-seed42-20261004,1,3,conv1,l1,0.04323259100783616,0
lsa-trimmed-mean-late20-seed42-20261004,1,3,conv1,l2,0.004460607615329107,0
lsa-trimmed-mean-late20-seed42-20261004,1,3,conv1,max_abs,0.0011418238282203674,0
lsa-trimmed-mean-late20-seed42-20261004,1,3,conv1,sparsity,0.0,0
lsa-trimmed-mean-late20-seed42-20261004,1,3,conv1,skewness,-0.16707594830375036,0
lsa-trimmed-mean-late20-seed42-20261004,1,3,conv1,kurtosis,0.6790252888538157,0
lsa-trimmed-mean-late20-seed42-20261004,1,3,conv2,mean,-3.119772510876044e-06,0
lsa-trimmed-mean-late20-seed42-20261004,1,3,conv2,std,0.00028521172289894926,0
lsa-trimmed-mean-late20-seed42-20261004,1,3,conv2,median,1.3150274753570557e-06,0
lsa-trimmed-mean-late20-seed42-20261004,1,3,conv2,min,-0.002059768885374069,0
lsa-trimmed-mean-late20-seed42-20261004,1,3,conv2,max,0.0016230624169111252,0
lsa-trimmed-mean-late20-seed42-20261004,1,3,conv2,l1,0.8138502521760529,0
lsa-trimmed-mean-late20-seed42-20261004,1,3,conv2,l2,0.019429084737787077,0
lsa-trimmed-mean-late20-seed42-20261004,1,3,conv2,max_abs,0.002059768885374069,0
lsa-trimmed-mean-late20-seed42-20261004,1,3,conv2,sparsity,0.0004310344827586207,0
lsa-trimmed-mean-late20-seed42-20261004,1,3,conv2,skewness,-0.3373083727580279,0
lsa-trimmed-mean-late20-seed42-20261004,1,3,conv2,kurtosis,6.739710429099587,0
lsa-trimmed-mean-late20-seed42-20261004,1,3,fc1,mean,-1.0702770929699685e-05,0
lsa-trimmed-mean-late20-seed42-20261004,1,3,fc1,std,0.00022547220846059267,0
lsa-trimmed-mean-late20-seed42-20261004,1,3,fc1,median,0.0,0
lsa-trimmed-mean-late20-seed42-20261004,1,3,fc1,min,-0.004460759460926056,0
lsa-trimmed-mean-late20-seed42-20261004,1,3,fc1,max,0.003436736762523651,0
lsa-trimmed-mean-late20-seed42-20261004,1,3,fc1,l1,11.172941725238445,0
lsa-trimmed-mean-late20-seed42-20261004,1,3,fc1,l2,0.07152917413239178,0
lsa-trimmed-mean-late20-seed42-20261004,1,3,fc1,max_abs,0.004460759460926056,0
lsa-trimmed-mean-late20-seed42-20261004,1,3,fc1,sparsity,0.06973988209050351,0
lsa-trimmed-mean-late20-seed42-20261004,1,3,fc1,skewness,-0.7127050578813999,0
lsa-trimmed-mean-late20-seed42-20261004,1,3,fc1,kurtosis,27.747097781114462,0
lsa-trimmed-mean-late20-seed42-20261004,1,3,output,mean,-5.587935447692871e-11,0
lsa-trimmed-mean-late20-seed42-20261004,1,3,output,std,0.0006376014151706946,0
lsa-trimmed-mean-late20-seed42-20261004,1,3,output,median,-1.54152512550354e-05,0
lsa-trimmed-mean-late20-seed42-20261004,1,3,output,min,-0.0044699907302856445,0
lsa-trimmed-mean-late20-seed42-20261004,1,3,output,max,0.004620589315891266,0
lsa-trimmed-mean-late20-seed42-20261004,1,3,output,l1,0.23771252087317407,0
lsa-trimmed-mean-late20-seed42-20261004,1,3,output,l2,0.016255710289248795,0
lsa-trimmed-mean-late20-seed42-20261004,1,3,output,max_abs,0.004620589315891266,0
lsa-trimmed-mean-late20-seed42-20261004,1,3,output,sparsity,0.015384615384615385,0
lsa-trimmed-mean-late20-seed42-20261004,1,3,output,skewness,1.0724898932118978,0
lsa-trimmed-mean-late20-seed42-20261004,1,3,output,kurtosis,13.901468599178322,0
lsa-trimmed-mean-late20-seed42-20261004,1,4,conv1,mean,4.1149296885123475e-05,0
lsa-trimmed-mean-late20-seed42-20261004,1,4,conv1,std,0.0003216528865647625,0
lsa-trimmed-mean-late20-seed42-20261004,1,4,conv1,median,2.7254223823547363e-05,0
lsa-trimmed-mean-late20-seed42-20261004,1,4,conv1,min,-0.0009411126375198364,0
lsa-trimmed-mean-late20-seed42-20261004,1,4,conv1,max,0.0007703900337219238,0
lsa-trimmed-mean-late20-seed42-20261004,1,4,conv1,l1,0.040983368060551584,0
lsa-trimmed-mean-late20-seed42-20261004,1,4,conv1,l2,0.004101781936077713,0
lsa-trimmed-mean-late20-seed42-20261004,1,4,conv1,max_abs,0.0009411126375198364,0
lsa-trimmed-mean-late20-seed42-20261004,1,4,conv1,sparsity,0.0,0
lsa-trimmed-mean-late20-seed42-20261004,1,4,conv1,skewness,-0.3362194321979605,0
lsa-trimmed-mean-late20-seed42-20261004,1,4,conv1,kurtosis,-0.1272080246794185,0
lsa-trimmed-mean-late20-seed42-20261004,1,4,conv2,mean,-3.0127175327167824e-05,0
lsa-trimmed-mean-late20-seed42-20261004,1,4,conv2,std,0.00027884118608908473,0
lsa-trimmed-mean-late20-seed42-20261004,1,4,conv2,median,-6.757676601409912e-06,0
lsa-trimmed-mean-late20-seed42-20261004,1,4,conv2,min,-0.0016993694007396698,0
lsa-trimmed-mean-late20-seed42-20261004,1,4,conv2,max,0.0016294419765472412,0
lsa-trimmed-mean-late20-seed42-20261004,1,4,conv2,l1,0.8147833389293737,0
lsa-trimmed-mean-late20-seed42-20261004,1,4,conv2,l2,0.01910451908352611,0
lsa-trimmed-mean-late20-seed42-20261004,1,4,conv2,max_abs,0.0016993694007396698,0
lsa-trimmed-mean-late20-seed42-20261004,1,4,conv2,sparsity,0.00021551724137931034,0
lsa-trimmed-mean-late20-seed42-20261004,1,4,conv2,skewness,-0.5180403870435583,0
lsa-trimmed-mean-late20-seed42-20261004,1,4,conv2,kurtosis,4.8977957484207995,0
lsa-trimmed-mean-late20-seed42-20261004,1,4,fc1,mean,-1.4939423251076193e-05,0
lsa-trimmed-mean-late20-seed42-20261004,1,4,fc1,std,0.00021938232239003338,0
lsa-trimmed-mean-late20-seed42-20261004,1,4,fc1,median,0.0,0
lsa-trimmed-mean-late20-seed42-20261004,1,4,fc1,min,-0.004616023972630501,0
lsa-trimmed-mean-late20-seed42-20261004,1,4,fc1,max,0.0033089350908994675,0
lsa-trimmed-mean-late20-seed42-20261004,1,4,fc1,l1,10.878039785283818,0
lsa-trimmed-mean-late20-seed42-20261004,1,4,fc1,l2,0.06967993483755254,0
lsa-trimmed-mean-late20-seed42-20261004,1,4,fc1,max_abs,0.004616023972630501,0
lsa-trimmed-mean-late20-seed42-20261004,1,4,fc1,sparsity,0.06847514340344169,0
lsa-trimmed-mean-late20-seed42-20261004,1,4,fc1,skewness,-0.7368360102072176,0
lsa-trimmed-mean-late20-seed42-20261004,1,4,fc1,kurtosis,26.449595295491726,0
lsa-trimmed-mean-late20-seed42-20261004,1,4,output,mean,-6.013299123598979e-11,0
lsa-trimmed-mean-late20-seed42-20261004,1,4,output,std,0.0006654675201176899,0
lsa-trimmed-mean-late20-seed42-20261004,1,4,output,median,-1.5556812286376953e-05,0
lsa-trimmed-mean-late20-seed42-20261004,1,4,output,min,-0.0047114938497543335,0
lsa-trimmed-mean-late20-seed42-20261004,1,4,output,max,0.006074748933315277,0
lsa-trimmed-mean-late20-seed42-20261004,1,4,output,l1,0.24233111130888574,0
lsa-trimmed-mean-late20-seed42-20261004,1,4,output,l2,0.016966159353711572,0
lsa-trimmed-mean-late20-seed42-20261004,1,4,output,max_abs,0.006074748933315277,0
lsa-trimmed-mean-late20-seed42-20261004,1,4,output,sparsity,0.015384615384615385,0
lsa-trimmed-mean-late20-seed42-20261004,1,4,output,skewness,1.2134714642949742,0
lsa-trimmed-mean-late20-seed42-20261004,1,4,output,kurtosis,19.051727729935045,0
lsa-trimmed-mean-late20-seed42-20261004,2,0,conv1,mean,0.00024112146129482426,0
lsa-trimmed-mean-late20-seed42-20261004,2,0,conv1,std,0.0005345754931772317,0
lsa-trimmed-mean-late20-seed42-20261004,2,0,conv1,median,7.908046245574951e-05,0
lsa-trimmed-mean-late20-seed42-20261004,2,0,conv1,min,-0.0006229877471923828,0
lsa-trimmed-mean-late20-seed42-20261004,2,0,conv1,max,0.002077817916870117,0
lsa-trimmed-mean-late20-seed42-20261004,2,0,conv1,l1,0.06378527882043272,0
lsa-trimmed-mean-late20-seed42-20261004,2,0,conv1,l2,0.007417929813662375,0
lsa-trimmed-mean-late20-seed42-20261004,2,0,conv1,max_abs,0.002077817916870117,0
lsa-trimmed-mean-late20-seed42-20261004,2,0,conv1,sparsity,0.0,0
lsa-trimmed-mean-late20-seed42-20261004,2,0,conv1,skewness,1.1848964620256102,0
lsa-trimmed-mean-late20-seed42-20261004,2,0,conv1,kurtosis,1.1880960459641923,0
lsa-trimmed-mean-late20-seed42-20261004,2,0,conv2,mean,6.998558499162754e-05,0
lsa-trimmed-mean-late20-seed42-20261004,2,0,conv2,std,0.00031669985836250866,0
lsa-trimmed-mean-late20-seed42-20261004,2,0,conv2,median,1.9663944840431213e-05,0
lsa-trimmed-mean-late20-seed42-20261004,2,0,conv2,min,-0.002091534435749054,0
lsa-trimmed-mean-late20-seed42-20261004,2,0,conv2,max,0.002478860318660736,0
lsa-trimmed-mean-late20-seed42-20261004,2,0,conv2,l1,0.8700977013577358,0
lsa-trimmed-mean-late20-seed42-20261004,2,0,conv2,l2,0.022093281112266317,0
lsa-trimmed-mean-late20-seed42-20261004,2,0,conv2,max_abs,0.002478860318660736,0
lsa-trimmed-mean-late20-seed42-20261004,2,0,conv2,sparsity,0.0,0
lsa-trimmed-mean-late20-seed42-20261004,2,0,conv2,skewness,1.4735657090577068,0
lsa-trimmed-mean-late20-seed42-20261004,2,0,conv2,kurtosis,10.092887724218235,0
lsa-trimmed-mean-late20-seed42-20261004,2,0,fc1,mean,1.5890336459935043e-05,0
lsa-trimmed-mean-late20-seed42-20261004,2,0,fc1,std,0.00021251604727248223,0
lsa-trimmed-mean-late20-seed42-20261004,2,0,fc1,median,0.0,0
lsa-trimmed-mean-late20-seed42-20261004,2,0,fc1,min,-0.0032945871353149414,0
lsa-trimmed-mean-late20-seed42-20261004,2,0,fc1,max,0.0036291382275521755,0
lsa-trimmed-mean-late20-seed42-20261004,2,0,fc1,l1,10.30317117316713,0
lsa-trimmed-mean-late20-seed42-20261004,2,0,fc1,l2,0.067531105370338,0
lsa-trimmed-mean-late20-seed42-20261004,2,0,fc1,max_abs,0.0036291382275521755,0
lsa-trimmed-mean-late20-seed42-20261004,2,0,fc1,sparsity,0.07297641810070109,0
lsa-trimmed-mean-late20-seed42-20261004,2,0,fc1,skewness,1.0125529704024043,0
lsa-trimmed-mean-late20-seed42-20261004,2,0,fc1,kurtosis,26.41189943492645,0
lsa-trimmed-mean-late20-seed42-20261004,2,0,output,mean,-2.2732330342898002e-10,0
lsa-trimmed-mean-late20-seed42-20261004,2,0,output,std,0.0005737365730755391,0
lsa-trimmed-mean-late20-seed42-20261004,2,0,output,median,-9.859912097454071e-06,0
lsa-trimmed-mean-late20-seed42-20261004,2,0,output,min,-0.003672588150948286,0
lsa-trimmed-mean-late20-seed42-20261004,2,0,output,max,0.00240929052233696,0
lsa-trimmed-mean-late20-seed42-20261004,2,0,output,l1,0.23677428279188462,0
lsa-trimmed-mean-late20-seed42-20261004,2,0,output,l2,0.014627469908871281,0
lsa-trimmed-mean-late20-seed42-20261004,2,0,output,max_abs,0.003672588150948286,0
lsa-trimmed-mean-late20-seed42-20261004,2,0,output,sparsity,0.015384615384615385,0
lsa-trimmed-mean-late20-seed42-20261004,2,0,output,skewness,-0.021627596023241324,0
lsa-trimmed-mean-late20-seed42-20261004,2,0,output,kurtosis,5.906752581140468,0
lsa-trimmed-mean-late20-seed42-20261004,2,1,conv1,mean,0.00020117224703426474,0
lsa-trimmed-mean-late20-seed42-20261004,2,1,conv1,std,0.0004820391618559898,0
lsa-trimmed-mean-late20-seed42-20261004,2,1,conv1,median,8.958205580711365e-05,0
lsa-trimmed-mean-late20-seed42-20261004,2,1,conv1,min,-0.000681854784488678,0
lsa-trimmed-mean-late20-seed42-20261004,2,1,conv1,max,0.001814037561416626,0
lsa-trimmed-mean-late20-seed42-20261004,2,1,conv1,l1,0.05775691650342196,0
lsa-trimmed-mean-late20-seed42-20261004,2,1,conv1,l2,0.006607051100630481,0
lsa-trimmed-mean-late20-seed42-20261004,2,1,conv1,max_abs,0.001814037561416626,0
lsa-trimmed-mean-late20-seed42-20261004,2,1,conv1,sparsity,0.0,0
lsa-trimmed-mean-late20-seed42-20261004,2,1,conv1,skewness,1.008626342462664,0
lsa-trimmed-mean-late20-seed42-20261004,2,1,conv1,kurtosis,0.9373021709610083,0
lsa-trimmed-mean-late20-seed42-20261004,2,1,conv2,mean,5.685860108997076e-05,0
lsa-trimmed-mean-late20-seed42-20261004,2,1,conv2,std,0.0002913595714970566,0
lsa-trimmed-mean-late20-seed42-20261004,2,1,conv2,median,1.7646700143814087e-05,0
lsa-trimmed-mean-late20-seed42-20261004,2,1,conv2,min,-0.0016712956130504608,0
lsa-trimmed-mean-late20-seed42-20261004,2,1,conv2,max,0.002152392640709877,0
lsa-trimmed-mean-late20-seed42-20261004,2,1,conv2,l1,0.814996218372471,0
lsa-trimmed-mean-late20-seed42-20261004,2,1,conv2,l2,0.020221080929385942,0
lsa-trimmed-mean-late20-seed42-20261004,2,1,conv2,max_abs,0.002152392640709877,0
lsa-trimmed-mean-late20-seed42-20261004,2,1,conv2,sparsity,0.0010775862068965517,0
lsa-trimmed-mean-late20-seed42-20261004,2,1,conv2,skewness,1.3870836659718475,0
lsa-trimmed-mean-late20-seed42-20261004,2,1,conv2,kurtosis,8.949807311326142,0
lsa-trimmed-mean-late20-seed42-20261004,2,1,fc1,mean,6.185752587815939e-06,0
lsa-trimmed-mean-late20-seed42-20261004,2,1,fc1,std,0.00019876868680917487,0
lsa-trimmed-mean-late20-seed42-20261004,2,1,fc1,median,0.0,0
lsa-trimmed-mean-late20-seed42-20261004,2,1,fc1,min,-0.0033013876527547836,0
lsa-trimmed-mean-late20-seed42-20261004,2,1,fc1,max,0.0033116452395915985,0
lsa-trimmed-mean-late20-seed42-20261004,2,1,fc1,l1,9.80059101077859,0
lsa-trimmed-mean-late20-seed42-20261004,2,1,fc1,l2,0.06301727617819398,0
lsa-trimmed-mean-late20-seed42-20261004,2,1,fc1,max_abs,0.0033116452395915985,0
lsa-trimmed-mean-late20-seed42-20261004,2,1,fc1,sparsity,0.07435070108349268,0
lsa-trimmed-mean-late20-seed42-20261004,2,1,fc1,skewness,0.4536804738126968,0
lsa-trimmed-mean-late20-seed42-20261004,2,1,fc1,kurtosis,25.246692862702496,0
lsa-trimmed-mean-late20-seed42-20261004,2,1,output,mean,1.8716001739868752e-11,0
lsa-trimmed-mean-late20-seed42-20261004,2,1,output,std,0.0005920422433890899,0
lsa-trimmed-mean-late20-seed42-20261004,2,1,output,median,-1.1702999472618103e-05,0
lsa-trimmed-mean-late20-seed42-20261004,2,1,output,min,-0.0038582533597946167,0
lsa-trimmed-mean-late20-seed42-20261004,2,1,output,max,0.0030666906386613846,0
lsa-trimmed-mean-late20-seed42-20261004,2,1,output,l1,0.23418022535042837,0
lsa-trimmed-mean-late20-seed42-20261004,2,1,output,l2,0.015094174759561098,0
lsa-trimmed-mean-late20-seed42-20261004,2,1,output,max_abs,0.0038582533597946167,0
lsa-trimmed-mean-late20-seed42-20261004,2,1,output,sparsity,0.015384615384615385,0
lsa-trimmed-mean-late20-seed42-20261004,2,1,output,skewness,0.7652704076662986,0
lsa-trimmed-mean-late20-seed42-20261004,2,1,output,kurtosis,7.076056177320641,0
lsa-trimmed-mean-late20-seed42-20261004,2,2,conv1,mean,0.0002271802513860166,0
lsa-trimmed-mean-late20-seed42-20261004,2,2,conv1,std,0.0005311092040453892,0
lsa-trimmed-mean-late20-seed42-20261004,2,2,conv1,median,9.955465793609619e-05,0
lsa-trimmed-mean-late20-seed42-20261004,2,2,conv1,min,-0.0008395016193389893,0
lsa-trimmed-mean-late20-seed42-20261004,2,2,conv1,max,0.0019409656524658203,0
lsa-trimmed-mean-late20-seed42-20261004,2,2,conv1,l1,0.0604510260745883,0
lsa-trimmed-mean-late20-seed42-20261004,2,2,conv1,l2,0.007306849972364732,0
lsa-trimmed-mean-late20-seed42-20261004,2,2,conv1,max_abs,0.0019409656524658203,0
lsa-trimmed-mean-late20-seed42-20261004,2,2,conv1,sparsity,0.0,0
lsa-trimmed-mean-late20-seed42-20261004,2,2,conv1,skewness,1.139619832373891,0
lsa-trimmed-mean-late20-seed42-20261004,2,2,conv1,kurtosis,0.8511638546136222,0
lsa-trimmed-mean-late20-seed42-20261004,2,2,conv2,mean,6.162303819831417e-05,0
lsa-trimmed-mean-late20-seed42-20261004,2,2,conv2,std,0.00031873747808654673,0
lsa-trimmed-mean-late20-seed42-20261004,2,2,conv2,median,1.3425946235656738e-05,0
lsa-trimmed-mean-late20-seed42-20261004,2,2,conv2,min,-0.0020577870309352875,0
lsa-trimmed-mean-late20-seed42-20261004,2,2,conv2,max,0.002391047775745392,0
lsa-trimmed-mean-late20-seed42-20261004,2,2,conv2,l1,0.8368606589647243,0
lsa-trimmed-mean-late20-seed42-20261004,2,2,conv2,l2,0.022113664135783986,0
lsa-trimmed-mean-late20-seed42-20261004,2,2,conv2,max_abs,0.002391047775745392,0
lsa-trimmed-mean-late20-seed42-20261004,2,2,conv2,sparsity,0.0,0
lsa-trimmed-mean-late20-seed42-20261004,2,2,conv2,skewness,1.6849077926976042,0
lsa-trimmed-mean-late20-seed42-20261004,2,2,conv2,kurtosis,12.183579295468961,0
lsa-trimmed-mean-late20-seed42-20261004,2,2,fc1,mean,1.6048033315427968e-05,0
lsa-trimmed-mean-late20-seed42-20261004,2,2,fc1,std,0.0002061173379833387,0
lsa-trimmed-mean-late20-seed42-20261004,2,2,fc1,median,0.0,0
lsa-trimmed-mean-late20-seed42-20261004,2,2,fc1,min,-0.003393411636352539,0
lsa-trimmed-mean-late20-seed42-20261004,2,2,fc1,max,0.0036919005215168,0
lsa-trimmed-mean-late20-seed42-20261004,2,2,fc1,l1,9.982048792532623,0
lsa-trimmed-mean-late20-seed42-20261004,2,2,fc1,l2,0.06551313050039358,0
lsa-trimmed-mean-late20-seed42-20261004,2,2,fc1,max_abs,0.0036919005215168,0
lsa-trimmed-mean-late20-seed42-20261004,2,2,fc1,sparsity,0.07084528362014021,0
lsa-trimmed-mean-late20-seed42-20261004,2,2,fc1,skewness,1.2369136521206183,0
lsa-trimmed-mean-late20-seed42-20261004,2,2,fc1,kurtosis,26.894440377361313,0
lsa-trimmed-mean-late20-seed42-20261004,2,2,output,mean,-8.252055312578494e-11,0
lsa-trimmed-mean-late20-seed42-20261004,2,2,output,std,0.0005421133858092118,0
lsa-trimmed-mean-late20-seed42-20261004,2,2,output,median,-6.631016731262207e-06,0
lsa-trimmed-mean-late20-seed42-20261004,2,2,output,min,-0.003218773752450943,0
lsa-trimmed-mean-late20-seed42-20261004,2,2,output,max,0.0031878817826509476,0
lsa-trimmed-mean-late20-seed42-20261004,2,2,output,l1,0.2210324859188404,0
lsa-trimmed-mean-late20-seed42-20261004,2,2,output,l2,0.013821233664105285,0
lsa-trimmed-mean-late20-seed42-20261004,2,2,output,max_abs,0.003218773752450943,0
lsa-trimmed-mean-late20-seed42-20261004,2,2,output,sparsity,0.015384615384615385,0
lsa-trimmed-mean-late20-seed42-20261004,2,2,output,skewness,0.6520594332061419,0
lsa-trimmed-mean-late20-seed42-20261004,2,2,output,kurtosis,5.890967834936129,0
lsa-trimmed-mean-late20-seed42-20261004,2,3,conv1,mean,0.0002500694172340445,0
lsa-trimmed-mean-late20-seed42-20261004,2,3,conv1,std,0.0005539866677946266,0
lsa-trimmed-mean-late20-seed42-20261004,2,3,conv1,median,0.00010507367551326752,0
lsa-trimmed-mean-late20-seed42-20261004,2,3,conv1,min,-0.0006855204701423645,0
lsa-trimmed-mean-late20-seed42-20261004,2,3,conv1,max,0.002002507448196411,0
lsa-trimmed-mean-late20-seed42-20261004,2,3,conv1,l1,0.06568407895974815,0
lsa-trimmed-mean-late20-seed42-20261004,2,3,conv1,l2,0.007688286587061838,0
lsa-trimmed-mean-late20-seed42-20261004,2,3,conv1,max_abs,0.002002507448196411,0
lsa-trimmed-mean-late20-seed42-20261004,2,3,conv1,sparsity,0.00625,0
lsa-trimmed-mean-late20-seed42-20261004,2,3,conv1,skewness,1.138827632574755,0
lsa-trimmed-mean-late20-seed42-20261004,2,3,conv1,kurtosis,0.9378714826111363,0
lsa-trimmed-mean-late20-seed42-20261004,2,3,conv2,mean,7.818081852166932e-05,0
lsa-trimmed-mean-late20-seed42-20261004,2,3,conv2,std,0.0003263377698226139,0
lsa-trimmed-mean-late20-seed42-20261004,2,3,conv2,median,2.02888622879982e-05,0
lsa-trimmed-mean-late20-seed42-20261004,2,3,conv2,min,-0.0019235443323850632,0
lsa-trimmed-mean-late20-seed42-20261004,2,3,conv2,max,0.002464480698108673,0
lsa-trimmed-mean-late20-seed42-20261004,2,3,conv2,l1,0.889779209781409,0
lsa-trimmed-mean-late20-seed42-20261004,2,3,conv2,l2,0.022858342307448105,0
lsa-trimmed-mean-late20-seed42-20261004,2,3,conv2,max_abs,0.002464480698108673,0
lsa-trimmed-mean-late20-seed42-20261004,2,3,conv2,sparsity,0.0004310344827586207,0
lsa-trimmed-mean-late20-seed42-20261004,2,3,conv2,skewness,1.6929851873151835,0
lsa-trimmed-mean-late20-seed42-20261004,2,3,conv2,kurtosis,9.394867209918852,0
lsa-trimmed-mean-late20-seed42-20261004,2,3,fc1,mean,1.2851032048133752e-05,0
lsa-trimmed-mean-late20-seed42-20261004,2,3,fc1,std,0.00021691544184593354,0
lsa-trimmed-mean-late20-seed42-20261004,2,3,fc1,median,0.0,0
lsa-trimmed-mean-late20-seed42-20261004,2,3,fc1,min,-0.0034884102642536163,0
lsa-trimmed-mean-late20-seed42-20261004,2,3,fc1,max,0.003805067390203476,0
lsa-trimmed-mean-late20-seed42-20261004,2,3,fc1,l1,10.537848675682653,0
lsa-trimmed-mean-late20-seed42-20261004,2,3,fc1,l2,0.06885773926069035,0
lsa-trimmed-mean-late20-seed42-20261004,2,3,fc1,max_abs,0.003805067390203476,0
lsa-trimmed-mean-late20-seed42-20261004,2,3,fc1,sparsity,0.0717315965583174,0
lsa-trimmed-mean-late20-seed42-20261004,2,3,fc1,skewness,0.9449077277470291,0
lsa-trimmed-mean-late20-seed42-20261004,2,3,fc1,kurtosis,26.672889259125927,0
lsa-trimmed-mean-late20-seed42-20261004,2,3,output,mean,7.105812143820983e-11,0
lsa-trimmed-mean-late20-seed42-20261004,2,3,output,std,0.0006410566567605247,0
lsa-trimmed-mean-late20-seed42-20261004,2,3,output,median,-1.2122094631195068e-05,0
lsa-trimmed-mean-late20-seed42-20261004,2,3,output,min,-0.003980728331953287,0
lsa-trimmed-mean-late20-seed42-20261004,2,3,output,max,0.0038125738501548767,0
lsa-trimmed-mean-late20-seed42-20261004,2,3,output,l1,0.24998184575815685,0
lsa-trimmed-mean-late20-seed42-20261004,2,3,output,l2,0.016343802010702443,0
lsa-trimmed-mean-late20-seed42-20261004,2,3,output,max_abs,0.003980728331953287,0
lsa-trimmed-mean-late20-seed42-20261004,2,3,output,sparsity,0.015384615384615385,0
lsa-trimmed-mean-late20-seed42-20261004,2,3,output,skewness,0.9051078877006868,0
lsa-trimmed-mean-late20-seed42-20261004,2,3,output,kurtosis,8.62659143907883,0
lsa-trimmed-mean-late20-seed42-20261004,2,4,conv1,mean,0.00024902869554352944,0
lsa-trimmed-mean-late20-seed42-20261004,2,4,conv1,std,0.0005224744980247405,0
lsa-trimmed-mean-late20-seed42-20261004,2,4,conv1,median,0.0001256316900253296,0
lsa-trimmed-mean-late20-seed42-20261004,2,4,conv1,min,-0.0008130818605422974,0
lsa-trimmed-mean-late20-seed42-20261004,2,4,conv1,max,0.001894138753414154,0
lsa-trimmed-mean-late20-seed42-20261004,2,4,conv1,l1,0.0605484350817278,0
lsa-trimmed-mean-late20-seed42-20261004,2,4,conv1,l2,0.007321146274078304,0
lsa-trimmed-mean-late20-seed42-20261004,2,4,conv1,max_abs,0.001894138753414154,0
lsa-trimmed-mean-late20-seed42-20261004,2,4,conv1,sparsity,0.0,0
lsa-trimmed-mean-late20-seed42-20261004,2,4,conv1,skewness,1.2568957089081703,0
lsa-trimmed-mean-late20-seed42-20261004,2,4,conv1,kurtosis,1.5158250927803154,0
lsa-trimmed-mean-late20-seed42-20261004,2,4,conv2,mean,5.583541069348751e-05,0
lsa-trimmed-mean-late20-seed42-20261004,2,4,conv2,std,0.0003241365526561089,0
lsa-trimmed-mean-late20-seed42-20261004,2,4,conv2,median,1.0734889656305313e-05,0
lsa-trimmed-mean-late20-seed42-20261004,2,4,conv2,min,-0.0016411114484071732,0
lsa-trimmed-mean-late20-seed42-20261004,2,4,conv2,max,0.002520032227039337,0
lsa-trimmed-mean-late20-seed42-20261004,2,4,conv2,l1,0.8801006065878028,0
lsa-trimmed-mean-late20-seed42-20261004,2,4,conv2,l2,0.02240457395371868,0
lsa-trimmed-mean-late20-seed42-20261004,2,4,conv2,max_abs,0.002520032227039337,0
lsa-trimmed-mean-late20-seed42-20261004,2,4,conv2,sparsity,0.00021551724137931034,0
lsa-trimmed-mean-late20-seed42-20261004,2,4,conv2,skewness,1.6877323536170363,0
lsa-trimmed-mean-late20-seed42-20261004,2,4,conv2,kurtosis,9.886897601359715,0
lsa-trimmed-mean-late20-seed42-20261004,2,4,fc1,mean,1.2396135789243168e-05,0
lsa-trimmed-mean-late20-seed42-20261004,2,4,fc1,std,0.00021455425448619746,0
lsa-trimmed-mean-late20-seed42-20261004,2,4,fc1,median,0.0,0
lsa-trimmed-mean-late20-seed42-20261004,2,4,fc1,min,-0.003001132979989052,0
lsa-trimmed-mean-late20-seed42-20261004,2,4,fc1,max,0.003683195449411869,0
lsa-trimmed-mean-late20-seed42-20261004,2,4,fc1,l1,10.383355835530665,0
lsa-trimmed-mean-late20-seed42-20261004,2,4,fc1,l2,0.06810237222050636,0
lsa-trimmed-mean-late20-seed42-20261004,2,4,fc1,max_abs,0.003683195449411869,0
lsa-trimmed-mean-late20-seed42-20261004,2,4,fc1,sparsity,0.07074569789674952,0
lsa-trimmed-mean-late20-seed42-20261004,2,4,fc1,skewness,1.1041237951342837,0
lsa-trimmed-mean-late20-seed42-20261004,2,4,fc1,kurtosis,26.48162284320757,0
lsa-trimmed-mean-late20-seed42-20261004,2,4,output,mean,-1.1202735969653496e-10,0
lsa-trimmed-mean-late20-seed42-20261004,2,4,output,std,0.0006769824771386373,0
lsa-trimmed-mean-late20-seed42-20261004,2,4,output,median,-1.154094934463501e-05,0
lsa-trimmed-mean-late20-seed42-20261004,2,4,output,min,-0.004575155675411224,0
lsa-trimmed-mean-late20-seed42-20261004,2,4,output,max,0.0056099966168403625,0
lsa-trimmed-mean-late20-seed42-20261004,2,4,output,l1,0.25640388479223475,0
lsa-trimmed-mean-late20-seed42-20261004,2,4,output,l2,0.0172597343064517,0
lsa-trimmed-mean-late20-seed42-20261004,2,4,output,max_abs,0.0056099966168403625,0
lsa-trimmed-mean-late20-seed42-20261004,2,4,output,sparsity,0.015384615384615385,0
lsa-trimmed-mean-late20-seed42-20261004,2,4,output,skewness,1.1002670052965984,0
lsa-trimmed-mean-late20-seed42-20261004,2,4,output,kurtosis,13.763125788652548,0
lsa-trimmed-mean-late20-seed42-20261004,3,0,conv1,mean,0.0004593791738443542,0
lsa-trimmed-mean-late20-seed42-20261004,3,0,conv1,std,0.0008872777445151261,0
lsa-trimmed-mean-late20-seed42-20261004,3,0,conv1,median,0.00011512264609336853,0
lsa-trimmed-mean-late20-seed42-20261004,3,0,conv1,min,-0.0009882450103759766,0
lsa-trimmed-mean-late20-seed42-20261004,3,0,conv1,max,0.003398030996322632,0
lsa-trimmed-mean-late20-seed42-20261004,3,0,conv1,l1,0.09742684301454574,0
lsa-trimmed-mean-late20-seed42-20261004,3,0,conv1,l2,0.012638297488340878,0
lsa-trimmed-mean-late20-seed42-20261004,3,0,conv1,max_abs,0.003398030996322632,0
lsa-trimmed-mean-late20-seed42-20261004,3,0,conv1,sparsity,0.0,0
lsa-trimmed-mean-late20-seed42-20261004,3,0,conv1,skewness,1.4933039113705069,0
lsa-trimmed-mean-late20-seed42-20261004,3,0,conv1,kurtosis,1.6165596037506518,0
lsa-trimmed-mean-late20-seed42-20261004,3,0,conv2,mean,0.00013546231437172097,0
lsa-trimmed-mean-late20-seed42-20261004,3,0,conv2,std,0.00040891185731785324,0
lsa-trimmed-mean-late20-seed42-20261004,3,0,conv2,median,3.440678119659424e-05,0
lsa-trimmed-mean-late20-seed42-20261004,3,0,conv2,min,-0.0016320310533046722,0
lsa-trimmed-mean-late20-seed42-20261004,3,0,conv2,max,0.0040343403816223145,0
lsa-trimmed-mean-late20-seed42-20261004,3,0,conv2,l1,1.054252776733847,0
lsa-trimmed-mean-late20-seed42-20261004,3,0,conv2,l2,0.02934269087710205,0
lsa-trimmed-mean-late20-seed42-20261004,3,0,conv2,max_abs,0.0040343403816223145,0
lsa-trimmed-mean-late20-seed42-20261004,3,0,conv2,sparsity,0.00021551724137931034,0
lsa-trimmed-mean-late20-seed42-20261004,3,0,conv2,skewness,3.060941942466301,0
lsa-trimmed-mean-late20-seed42-20261004,3,0,conv2,kurtosis,17.416837250015952,0
lsa-trimmed-mean-late20-seed42-20261004,3,0,fc1,mean,2.2973432426024342e-05,0
lsa-trimmed-mean-late20-seed42-20261004,3,0,fc1,std,0.00020810509750305398,0
lsa-trimmed-mean-late20-seed42-20261004,3,0,fc1,median,0.0,0
lsa-trimmed-mean-late20-seed42-20261004,3,0,fc1,min,-0.0032953289337456226,0
lsa-trimmed-mean-late20-seed42-20261004,3,0,fc1,max,0.003918807487934828,0
lsa-trimmed-mean-late20-seed42-20261004,3,0,fc1,l1,9.801478768825064,0
lsa-trimmed-mean-late20-seed42-20261004,3,0,fc1,l2,0.06634596138924971,0
lsa-trimmed-mean-late20-seed42-20261004,3,0,fc1,max_abs,0.003918807487934828,0
lsa-trimmed-mean-late20-seed42-20261004,3,0,fc1,sparsity,0.08624123645634162,0
lsa-trimmed-mean-late20-seed42-20261004,3,0,fc1,skewness,1.5906307724519857,0
lsa-trimmed-mean-late20-seed42-20261004,3,0,fc1,kurtosis,28.906839386680232,0
lsa-trimmed-mean-late20-seed42-20261004,3,0,output,mean,1.6898131714417383e-10,0
lsa-trimmed-mean-late20-seed42-20261004,3,0,output,std,0.0006825308636317141,0
lsa-trimmed-mean-late20-seed42-20261004,3,0,output,median,-5.714595317840576e-06,0
lsa-trimmed-mean-late20-seed42-20261004,3,0,output,min,-0.0035137715749442577,0
lsa-trimmed-mean-late20-seed42-20261004,3,0,output,max,0.0026493892073631287,0
lsa-trimmed-mean-late20-seed42-20261004,3,0,output,l1,0.2849236033507623,0
lsa-trimmed-mean-late20-seed42-20261004,3,0,output,l2,0.017401190961437763,0
lsa-trimmed-mean-late20-seed42-20261004,3,0,output,max_abs,0.0035137715749442577,0
lsa-trimmed-mean-late20-seed42-20261004,3,0,output,sparsity,0.03076923076923077,0
lsa-trimmed-mean-late20-seed42-20261004,3,0,output,skewness,0.11737501551117605,0
lsa-trimmed-mean-late20-seed42-20261004,3,0,output,kurtosis,3.3605194486154604,0
lsa-trimmed-mean-late20-seed42-20261004,3,1,conv1,mean,0.0004117775744816754,0
lsa-trimmed-mean-late20-seed42-20261004,3,1,conv1,std,0.0008298333047631383,0
lsa-trimmed-mean-late20-seed42-20261004,3,1,conv1,median,0.0001089051365852356,0
lsa-trimmed-mean-late20-seed42-20261004,3,1,conv1,min,-0.0009303390979766846,0
lsa-trimmed-mean-late20-seed42-20261004,3,1,conv1,max,0.0031015872955322266,0
lsa-trimmed-mean-late20-seed42-20261004,3,1,conv1,l1,0.09243113885167986,0
lsa-trimmed-mean-late20-seed42-20261004,3,1,conv1,l2,0.011717911653806735,0
lsa-trimmed-mean-late20-seed42-20261004,3,1,conv1,max_abs,0.0031015872955322266,0
lsa-trimmed-mean-late20-seed42-20261004,3,1,conv1,sparsity,0.0,0
lsa-trimmed-mean-late20-seed42-20261004,3,1,conv1,skewness,1.376565676577076,0
lsa-trimmed-mean-late20-seed42-20261004,3,1,conv1,kurtosis,1.291182552850909,0
lsa-trimmed-mean-late20-seed42-20261004,3,1,conv2,mean,0.00011857086994597983,0
lsa-trimmed-mean-late20-seed42-20261004,3,1,conv2,std,0.00037180289087372686,0
lsa-trimmed-mean-late20-seed42-20261004,3,1,conv2,median,3.29725444316864e-05,0
lsa-trimmed-mean-late20-seed42-20261004,3,1,conv2,min,-0.0013534743338823318,0
lsa-trimmed-mean-late20-seed42-20261004,3,1,conv2,max,0.0035613980144262314,0
lsa-trimmed-mean-late20-seed42-20261004,3,1,conv2,l1,0.9790230965572846,0
lsa-trimmed-mean-late20-seed42-20261004,3,1,conv2,l2,0.026582992412420087,0
lsa-trimmed-mean-late20-seed42-20261004,3,1,conv2,max_abs,0.0035613980144262314,0
lsa-trimmed-mean-late20-seed42-20261004,3,1,conv2,sparsity,0.0010775862068965517,0
lsa-trimmed-mean-late20-seed42-20261004,3,1,conv2,skewness,2.8612028030474264,0
lsa-trimmed-mean-late20-seed42-20261004,3,1,conv2,kurtosis,15.555811775202478,0
lsa-trimmed-mean-late20-seed42-20261004,3,1,fc1,mean,1.309814076939094e-05,0
lsa-trimmed-mean-late20-seed42-20261004,3,1,fc1,std,0.0001992455541891227,0
lsa-trimmed-mean-late20-seed42-20261004,3,1,fc1,median,0.0,0
lsa-trimmed-mean-late20-seed42-20261004,3,1,fc1,min,-0.003241053782403469,0
lsa-trimmed-mean-late20-seed42-20261004,3,1,fc1,max,0.003010142594575882,0
lsa-trimmed-mean-late20-seed42-20261004,3,1,fc1,l1,9.603093553889494,0
lsa-trimmed-mean-late20-seed42-20261004,3,1,fc1,l2,0.06327417547523896,0
lsa-trimmed-mean-late20-seed42-20261004,3,1,fc1,max_abs,0.003241053782403469,0
lsa-trimmed-mean-late20-seed42-20261004,3,1,fc1,sparsity,0.07548597833014659,0
lsa-trimmed-mean-late20-seed42-20261004,3,1,fc1,skewness,1.0588991358205475,0
lsa-trimmed-mean-late20-seed42-20261004,3,1,fc1,kurtosis,26.18928353648664,0
lsa-trimmed-mean-late20-seed42-20261004,3,1,output,mean,1.6714553706921063e-10,0
lsa-trimmed-mean-late20-seed42-20261004,3,1,output,std,0.0006978929290521044,0
lsa-trimmed-mean-late20-seed42-20261004,3,1,output,median,-6.2175095081329346e-06,0
lsa-trimmed-mean-late20-seed42-20261004,3,1,output,min,-0.0039007365703582764,0
lsa-trimmed-mean-late20-seed42-20261004,3,1,output,max,0.0034502819180488586,0
lsa-trimmed-mean-late20-seed42-20261004,3,1,output,l1,0.283074206643505,0
lsa-trimmed-mean-late20-seed42-20261004,3,1,output,l2,0.017792848318176038,0
lsa-trimmed-mean-late20-seed42-20261004,3,1,output,max_abs,0.0039007365703582764,0
lsa-trimmed-mean-late20-seed42-20261004,3,1,output,sparsity,0.015384615384615385,0
lsa-trimmed-mean-late20-seed42-20261004,3,1,output,skewness,0.741700667226746,0
lsa-trimmed-mean-late20-seed42-20261004,3,1,output,kurtosis,4.870510932310765,0
lsa-trimmed-mean-late20-seed42-20261004,3,2,conv1,mean,0.000434164832404349,0
lsa-trimmed-mean-late20-seed42-20261004,3,2,conv1,std,0.0008788571324955923,0
lsa-trimmed-mean-late20-seed42-20261004,3,2,conv1,median,5.960091948509216e-05,0
lsa-trimmed-mean-late20-seed42-20261004,3,2,conv1,min,-0.0011901557445526123,0
lsa-trimmed-mean-late20-seed42-20261004,3,2,conv1,max,0.003386855125427246,0
lsa-trimmed-mean-late20-seed42-20261004,3,2,conv1,l1,0.0929647155571729,0
lsa-trimmed-mean-late20-seed42-20261004,3,2,conv1,l2,0.012399283598886325,0
lsa-trimmed-mean-late20-seed42-20261004,3,2,conv1,max_abs,0.003386855125427246,0
lsa-trimmed-mean-late20-seed42-20261004,3,2,conv1,sparsity,0.0,0
lsa-trimmed-mean-late20-seed42-20261004,3,2,conv1,skewness,1.399351516678134,0
lsa-trimmed-mean-late20-seed42-20261004,3,2,conv1,kurtosis,1.304627147308758,0
lsa-trimmed-mean-late20-seed42-20261004,3,2,conv2,mean,0.0001204011203945999,0
lsa-trimmed-mean-late20-seed42-20261004,3,2,conv2,std,0.0003985917715756708,0
lsa-trimmed-mean-late20-seed42-20261004,3,2,conv2,median,2.8271228075027466e-05,0
lsa-trimmed-mean-late20-seed42-20261004,3,2,conv2,min,-0.0016816100105643272,0
lsa-trimmed-mean-late20-seed42-20261004,3,2,conv2,max,0.004057100974023342,0
lsa-trimmed-mean-late20-seed42-20261004,3,2,conv2,l1,0.9908744541080523,0
lsa-trimmed-mean-late20-seed42-20261004,3,2,conv2,l2,0.028362744788593627,0
lsa-trimmed-mean-late20-seed42-20261004,3,2,conv2,max_abs,0.004057100974023342,0
lsa-trimmed-mean-late20-seed42-20261004,3,2,conv2,sparsity,0.00021551724137931034,0
lsa-trimmed-mean-late20-seed42-20261004,3,2,conv2,skewness,3.171121108853523,0
lsa-trimmed-mean-late20-seed42-20261004,3,2,conv2,kurtosis,19.1313092029174,0
lsa-trimmed-mean-late20-seed42-20261004,3,2,fc1,mean,2.460321010134104e-05,0
lsa-trimmed-mean-late20-seed42-20261004,3,2,fc1,std,0.00019928729563491074,0
lsa-trimmed-mean-late20-seed42-20261004,3,2,fc1,median,0.0,0
lsa-trimmed-mean-late20-seed42-20261004,3,2,fc1,min,-0.0028582895174622536,0
lsa-trimmed-mean-late20-seed42-20261004,3,2,fc1,max,0.002980876713991165,0
lsa-trimmed-mean-late20-seed42-20261004,3,2,fc1,l1,9.562278754264526,0
lsa-trimmed-mean-late20-seed42-20261004,3,2,fc1,l2,0.06363055747392593,0
lsa-trimmed-mean-late20-seed42-20261004,3,2,fc1,max_abs,0.002980876713991165,0
lsa-trimmed-mean-late20-seed42-20261004,3,2,fc1,sparsity,0.07181126513702996,0
lsa-trimmed-mean-late20-seed42-20261004,3,2,fc1,skewness,1.6979376710386784,0
lsa-trimmed-mean-late20-seed42-20261004,3,2,fc1,kurtosis,25.590298165397297,0
lsa-trimmed-mean-late20-seed42-20261004,3,2,output,mean,4.835713368195754e-12,0
lsa-trimmed-mean-late20-seed42-20261004,3,2,output,std,0.0006503006621751847,0
lsa-trimmed-mean-late20-seed42-20261004,3,2,output,median,-5.459412932395935e-06,0
lsa-trimmed-mean-late20-seed42-20261004,3,2,output,min,-0.002935066819190979,0
lsa-trimmed-mean-late20-seed42-20261004,3,2,output,max,0.0035860352218151093,0
lsa-trimmed-mean-late20-seed42-20261004,3,2,output,l1,0.26722044323105365,0
lsa-trimmed-mean-late20-seed42-20261004,3,2,output,l2,0.01657947883066788,0
lsa-trimmed-mean-late20-seed42-20261004,3,2,output,max_abs,0.0035860352218151093,0
lsa-trimmed-mean-late20-seed42-20261004,3,2,output,sparsity,0.015384615384615385,0
lsa-trimmed-mean-late20-seed42-20261004,3,2,output,skewness,0.6146425974908474,0
lsa-trimmed-mean-late20-seed42-20261004,3,2,output,kurtosis,4.2321714947359395,0
lsa-trimmed-mean-late20-seed42-20261004,3,3,conv1,mean,0.0004767041144077666,0
lsa-trimmed-mean-late20-seed42-20261004,3,3,conv1,std,0.0009419006534231073,0
lsa-trimmed-mean-late20-seed42-20261004,3,3,conv1,median,0.00010346993803977966,0
lsa-trimmed-mean-late20-seed42-20261004,3,3,conv1,min,-0.001055300235748291,0
lsa-trimmed-mean-late20-seed42-20261004,3,3,conv1,max,0.0036028623580932617,0
lsa-trimmed-mean-late20-seed42-20261004,3,3,conv1,l1,0.1014005730394274,0
lsa-trimmed-mean-late20-seed42-20261004,3,3,conv1,l2,0.013353193796914171,0
lsa-trimmed-mean-late20-seed42-20261004,3,3,conv1,max_abs,0.0036028623580932617,0
lsa-trimmed-mean-late20-seed42-20261004,3,3,conv1,sparsity,0.0,0
lsa-trimmed-mean-late20-seed42-20261004,3,3,conv1,skewness,1.4774288272393483,0
lsa-trimmed-mean-late20-seed42-20261004,3,3,conv1,kurtosis,1.583504248842,0
lsa-trimmed-mean-late20-seed42-20261004,3,3,conv2,mean,0.00014943725550320495,0
lsa-trimmed-mean-late20-seed42-20261004,3,3,conv2,std,0.00041922057981105826,0
lsa-trimmed-mean-late20-seed42-20261004,3,3,conv2,median,4.0457816794514656e-05,0
lsa-trimmed-mean-late20-seed42-20261004,3,3,conv2,min,-0.0015384126454591751,0
lsa-trimmed-mean-late20-seed42-20261004,3,3,conv2,max,0.0037155207246541977,0
lsa-trimmed-mean-late20-seed42-20261004,3,3,conv2,l1,1.0743562874686177,0
lsa-trimmed-mean-late20-seed42-20261004,3,3,conv2,l2,0.030316317053927382,0
lsa-trimmed-mean-late20-seed42-20261004,3,3,conv2,max_abs,0.0037155207246541977,0
lsa-trimmed-mean-late20-seed42-20261004,3,3,conv2,sparsity,0.0008620689655172414,0
lsa-trimmed-mean-late20-seed42-20261004,3,3,conv2,skewness,3.1039929417025394,0
lsa-trimmed-mean-late20-seed42-20261004,3,3,conv2,kurtosis,15.301493444722517,0
lsa-trimmed-mean-late20-seed42-20261004,3,3,fc1,mean,2.718394807994069e-05,0
lsa-trimmed-mean-late20-seed42-20261004,3,3,fc1,std,0.00021492069884018,0
lsa-trimmed-mean-late20-seed42-20261004,3,3,fc1,median,0.0,0
lsa-trimmed-mean-late20-seed42-20261004,3,3,fc1,min,-0.0029565291479229927,0
lsa-trimmed-mean-late20-seed42-20261004,3,3,fc1,max,0.0035055354237556458,0
lsa-trimmed-mean-late20-seed42-20261004,3,3,fc1,l1,10.173185992566204,0
lsa-trimmed-mean-late20-seed42-20261004,3,3,fc1,l2,0.06864772545268243,0
lsa-trimmed-mean-late20-seed42-20261004,3,3,fc1,max_abs,0.0035055354237556458,0
lsa-trimmed-mean-late20-seed42-20261004,3,3,fc1,sparsity,0.07217973231357552,0
lsa-trimmed-mean-late20-seed42-20261004,3,3,fc1,skewness,1.9521279518821382,0
lsa-trimmed-mean-late20-seed42-20261004,3,3,fc1,kurtosis,27.040239512971517,0
lsa-trimmed-mean-late20-seed42-20261004,3,3,output,mean,1.2702702616269772e-10,0
lsa-trimmed-mean-late20-seed42-20261004,3,3,output,std,0.0007494152627706644,0
lsa-trimmed-mean-late20-seed42-20261004,3,3,output,median,-9.153038263320923e-06,0
lsa-trimmed-mean-late20-seed42-20261004,3,3,output,min,-0.003855525515973568,0
lsa-trimmed-mean-late20-seed42-20261004,3,3,output,max,0.004136351868510246,0
lsa-trimmed-mean-late20-seed42-20261004,3,3,output,l1,0.30063485700520687,0
lsa-trimmed-mean-late20-seed42-20261004,3,3,output,l2,0.01910641524325969,0
lsa-trimmed-mean-late20-seed42-20261004,3,3,output,max_abs,0.004136351868510246,0
lsa-trimmed-mean-late20-seed42-20261004,3,3,output,sparsity,0.015384615384615385,0
lsa-trimmed-mean-late20-seed42-20261004,3,3,output,skewness,0.8802253117019108,0
lsa-trimmed-mean-late20-seed42-20261004,3,3,output,kurtosis,5.442141986882991,0
lsa-trimmed-mean-late20-seed42-20261004,3,4,conv1,mean,0.0004581125103868544,0
lsa-trimmed-mean-late20-seed42-20261004,3,4,conv1,std,0.0009153954626812202,0
lsa-trimmed-mean-late20-seed42-20261004,3,4,conv1,median,7.82012939453125e-05,0
lsa-trimmed-mean-late20-seed42-20261004,3,4,conv1,min,-0.0012222379446029663,0
lsa-trimmed-mean-late20-seed42-20261004,3,4,conv1,max,0.0035011470317840576,0
lsa-trimmed-mean-late20-seed42-20261004,3,4,conv1,l1,0.09561130963265896,0
lsa-trimmed-mean-late20-seed42-20261004,3,4,conv1,l2,0.012947993977572347,0
lsa-trimmed-mean-late20-seed42-20261004,3,4,conv1,max_abs,0.0035011470317840576,0
lsa-trimmed-mean-late20-seed42-20261004,3,4,conv1,sparsity,0.0,0
lsa-trimmed-mean-late20-seed42-20261004,3,4,conv1,skewness,1.561251948631937,0
lsa-trimmed-mean-late20-seed42-20261004,3,4,conv1,kurtosis,1.9364634098409192,0
lsa-trimmed-mean-late20-seed42-20261004,3,4,conv2,mean,0.00012648959256168757,0
lsa-trimmed-mean-late20-seed42-20261004,3,4,conv2,std,0.0004219691234927717,0
lsa-trimmed-mean-late20-seed42-20261004,3,4,conv2,median,2.668239176273346e-05,0
lsa-trimmed-mean-late20-seed42-20261004,3,4,conv2,min,-0.0013146400451660156,0
lsa-trimmed-mean-late20-seed42-20261004,3,4,conv2,max,0.004290233366191387,0
lsa-trimmed-mean-late20-seed42-20261004,3,4,conv2,l1,1.063605002795157,0
lsa-trimmed-mean-late20-seed42-20261004,3,4,conv2,l2,0.030007116990534658,0
lsa-trimmed-mean-late20-seed42-20261004,3,4,conv2,max_abs,0.004290233366191387,0
lsa-trimmed-mean-late20-seed42-20261004,3,4,conv2,sparsity,0.00021551724137931034,0
lsa-trimmed-mean-late20-seed42-20261004,3,4,conv2,skewness,3.216436753005483,0
lsa-trimmed-mean-late20-seed42-20261004,3,4,conv2,kurtosis,18.743610758883854,0
lsa-trimmed-mean-late20-seed42-20261004,3,4,fc1,mean,2.18966385583063e-05,0
lsa-trimmed-mean-late20-seed42-20261004,3,4,fc1,std,0.00021479384628200665,0
lsa-trimmed-mean-late20-seed42-20261004,3,4,fc1,median,0.0,0
lsa-trimmed-mean-late20-seed42-20261004,3,4,fc1,min,-0.002960432320833206,0
lsa-trimmed-mean-late20-seed42-20261004,3,4,fc1,max,0.003467331174761057,0
lsa-trimmed-mean-late20-seed42-20261004,3,4,fc1,l1,10.15468595862285,0
lsa-trimmed-mean-late20-seed42-20261004,3,4,fc1,l2,0.06841767399945968,0
lsa-trimmed-mean-late20-seed42-20261004,3,4,fc1,max_abs,0.003467331174761057,0
lsa-trimmed-mean-late20-seed42-20261004,3,4,fc1,sparsity,0.08345283620140216,0
lsa-trimmed-mean-late20-seed42-20261004,3,4,fc1,skewness,1.6998584614618624,0
lsa-trimmed-mean-late20-seed42-20261004,3,4,fc1,kurtosis,29.17749758600037,0
lsa-trimmed-mean-late20-seed42-20261004,3,4,output,mean,3.7306633133154647e-10,0
lsa-trimmed-mean-late20-seed42-20261004,3,4,output,std,0.000784785232531902,0
lsa-trimmed-mean-late20-seed42-20261004,3,4,output,median,-9.27504152059555e-06,0
lsa-trimmed-mean-late20-seed42-20261004,3,4,output,min,-0.004685878753662109,0
lsa-trimmed-mean-late20-seed42-20261004,3,4,output,max,0.005325905978679657,0
lsa-trimmed-mean-late20-seed42-20261004,3,4,output,l1,0.3091825593728572,0
lsa-trimmed-mean-late20-seed42-20261004,3,4,output,l2,0.020008176073300358,0
lsa-trimmed-mean-late20-seed42-20261004,3,4,output,max_abs,0.005325905978679657,0
lsa-trimmed-mean-late20-seed42-20261004,3,4,output,sparsity,0.03076923076923077,0
lsa-trimmed-mean-late20-seed42-20261004,3,4,output,skewness,0.9946974473507899,0
lsa-trimmed-mean-late20-seed42-20261004,3,4,output,kurtosis,8.122083386883133,0
lsa-trimmed-mean-late20-seed42-20261004,4,0,conv1,mean,0.0007342992139456328,0
lsa-trimmed-mean-late20-seed42-20261004,4,0,conv1,std,0.0013218544257416333,0
lsa-trimmed-mean-late20-seed42-20261004,4,0,conv1,median,0.00010943412780761719,0
lsa-trimmed-mean-late20-seed42-20261004,4,0,conv1,min,-0.0013242214918136597,0
lsa-trimmed-mean-late20-seed42-20261004,4,0,conv1,max,0.005063682794570923,0
lsa-trimmed-mean-late20-seed42-20261004,4,0,conv1,l1,0.14123194885905832,0
lsa-trimmed-mean-late20-seed42-20261004,4,0,conv1,l2,0.019126921167627233,0
lsa-trimmed-mean-late20-seed42-20261004,4,0,conv1,max_abs,0.005063682794570923,0
lsa-trimmed-mean-late20-seed42-20261004,4,0,conv1,sparsity,0.0,0
lsa-trimmed-mean-late20-seed42-20261004,4,0,conv1,skewness,1.4802383090255375,0
lsa-trimmed-mean-late20-seed42-20261004,4,0,conv1,kurtosis,1.3479644167827782,0
lsa-trimmed-mean-late20-seed42-20261004,4,0,conv2,mean,0.00019556790291046816,0
lsa-trimmed-mean-late20-seed42-20261004,4,0,conv2,std,0.0005358176667982191,0
lsa-trimmed-mean-late20-seed42-20261004,4,0,conv2,median,4.8916321247816086e-05,0
lsa-trimmed-mean-late20-seed42-20261004,4,0,conv2,min,-0.0014035925269126892,0
lsa-trimmed-mean-late20-seed42-20261004,4,0,conv2,max,0.005527012050151825,0
lsa-trimmed-mean-late20-seed42-20261004,4,0,conv2,l1,1.3408333285224217,0
lsa-trimmed-mean-late20-seed42-20261004,4,0,conv2,l2,0.03885372347532151,0
lsa-trimmed-mean-late20-seed42-20261004,4,0,conv2,max_abs,0.005527012050151825,0
lsa-trimmed-mean-late20-seed42-20261004,4,0,conv2,sparsity,0.0,0
lsa-trimmed-mean-late20-seed42-20261004,4,0,conv2,skewness,3.444023595708736,0
lsa-trimmed-mean-late20-seed42-20261004,4,0,conv2,kurtosis,19.22805027771214,0
lsa-trimmed-mean-late20-seed42-20261004,4,0,fc1,mean,3.2610177382441304e-05,0
lsa-trimmed-mean-late20-seed42-20261004,4,0,fc1,std,0.00023589499273478593,0
lsa-trimmed-mean-late20-seed42-20261004,4,0,fc1,median,4.6566128730773926e-08,0
lsa-trimmed-mean-late20-seed42-20261004,4,0,fc1,min,-0.003658339846879244,0
lsa-trimmed-mean-late20-seed42-20261004,4,0,fc1,max,0.004316323436796665,0
lsa-trimmed-mean-late20-seed42-20261004,4,0,fc1,l1,10.921985793424028,0
lsa-trimmed-mean-late20-seed42-20261004,4,0,fc1,l2,0.07546243060671093,0
lsa-trimmed-mean-late20-seed42-20261004,4,0,fc1,max_abs,0.004316323436796665,0
lsa-trimmed-mean-late20-seed42-20261004,4,0,fc1,sparsity,0.07549593690248566,0
lsa-trimmed-mean-late20-seed42-20261004,4,0,fc1,skewness,2.0634216652222594,0
lsa-trimmed-mean-late20-seed42-20261004,4,0,fc1,kurtosis,31.631324760076694,0
lsa-trimmed-mean-late20-seed42-20261004,4,0,output,mean,1.289971316089997e-10,0
lsa-trimmed-mean-late20-seed42-20261004,4,0,output,std,0.0008497741112751939,0
lsa-trimmed-mean-late20-seed42-20261004,4,0,output,median,-2.689659595489502e-06,0
lsa-trimmed-mean-late20-seed42-20261004,4,0,output,min,-0.003546125488355756,0
lsa-trimmed-mean-late20-seed42-20261004,4,0,output,max,0.0033933818340301514,0
lsa-trimmed-mean-late20-seed42-20261004,4,0,output,l1,0.3564516057667788,0
lsa-trimmed-mean-late20-seed42-20261004,4,0,output,l2,0.021665073877691152,0
lsa-trimmed-mean-late20-seed42-20261004,4,0,output,max_abs,0.003546125488355756,0
lsa-trimmed-mean-late20-seed42-20261004,4,0,output,sparsity,0.015384615384615385,0
lsa-trimmed-mean-late20-seed42-20261004,4,0,output,skewness,0.18563431118380394,0
lsa-trimmed-mean-late20-seed42-20261004,4,0,output,kurtosis,2.338198145552038,0
lsa-trimmed-mean-late20-seed42-20261004,4,1,conv1,mean,0.0006714651601214428,0
lsa-trimmed-mean-late20-seed42-20261004,4,1,conv1,std,0.0012348547533296735,0
lsa-trimmed-mean-late20-seed42-20261004,4,1,conv1,median,0.00010683061555027962,0
lsa-trimmed-mean-late20-seed42-20261004,4,1,conv1,min,-0.0011928379535675049,0
lsa-trimmed-mean-late20-seed42-20261004,4,1,conv1,max,0.004697531461715698,0
lsa-trimmed-mean-late20-seed42-20261004,4,1,conv1,l1,0.13239411648828536,0
lsa-trimmed-mean-late20-seed42-20261004,4,1,conv1,l2,0.01777968154080518,0
lsa-trimmed-mean-late20-seed42-20261004,4,1,conv1,max_abs,0.004697531461715698,0
lsa-trimmed-mean-late20-seed42-20261004,4,1,conv1,sparsity,0.0,0
lsa-trimmed-mean-late20-seed42-20261004,4,1,conv1,skewness,1.4510449144758715,0
lsa-trimmed-mean-late20-seed42-20261004,4,1,conv1,kurtosis,1.2303905442752452,0
lsa-trimmed-mean-late20-seed42-20261004,4,1,conv2,mean,0.00017735795576111836,0
lsa-trimmed-mean-late20-seed42-20261004,4,1,conv2,std,0.0004978717009218674,0
lsa-trimmed-mean-late20-seed42-20261004,4,1,conv2,median,4.810653626918793e-05,0
lsa-trimmed-mean-late20-seed42-20261004,4,1,conv2,min,-0.0012710168957710266,0
lsa-trimmed-mean-late20-seed42-20261004,4,1,conv2,max,0.005195152014493942,0
lsa-trimmed-mean-late20-seed42-20261004,4,1,conv2,l1,1.2573423061694484,0
lsa-trimmed-mean-late20-seed42-20261004,4,1,conv2,l2,0.036001400364913116,0
lsa-trimmed-mean-late20-seed42-20261004,4,1,conv2,max_abs,0.005195152014493942,0
lsa-trimmed-mean-late20-seed42-20261004,4,1,conv2,sparsity,0.0010775862068965517,0
lsa-trimmed-mean-late20-seed42-20261004,4,1,conv2,skewness,3.471315642533604,0
lsa-trimmed-mean-late20-seed42-20261004,4,1,conv2,kurtosis,20.369303145466137,0
lsa-trimmed-mean-late20-seed42-20261004,4,1,fc1,mean,1.8296196096353594e-05,0
lsa-trimmed-mean-late20-seed42-20261004,4,1,fc1,std,0.0002255640369880473,0
lsa-trimmed-mean-late20-seed42-20261004,4,1,fc1,median,0.0,0
lsa-trimmed-mean-late20-seed42-20261004,4,1,fc1,min,-0.003406834788620472,0
lsa-trimmed-mean-late20-seed42-20261004,4,1,fc1,max,0.0038584256544709206,0
lsa-trimmed-mean-late20-seed42-20261004,4,1,fc1,l1,10.67843839320949,0
lsa-trimmed-mean-late20-seed42-20261004,4,1,fc1,l2,0.0717125758412909,0
lsa-trimmed-mean-late20-seed42-20261004,4,1,fc1,max_abs,0.0038584256544709206,0
lsa-trimmed-mean-late20-seed42-20261004,4,1,fc1,sparsity,0.07585444550669217,0
lsa-trimmed-mean-late20-seed42-20261004,4,1,fc1,skewness,1.663060109651165,0
lsa-trimmed-mean-late20-seed42-20261004,4,1,fc1,kurtosis,28.176597114286942,0
lsa-trimmed-mean-late20-seed42-20261004,4,1,output,mean,-1.6154864659676186e-10,0
lsa-trimmed-mean-late20-seed42-20261004,4,1,output,std,0.0008639261965511189,0
lsa-trimmed-mean-late20-seed42-20261004,4,1,output,median,-3.978610038757324e-06,0
lsa-trimmed-mean-late20-seed42-20261004,4,1,output,min,-0.0038382038474082947,0
lsa-trimmed-mean-late20-seed42-20261004,4,1,output,max,0.004111761227250099,0
lsa-trimmed-mean-late20-seed42-20261004,4,1,output,l1,0.3501182954059914,0
lsa-trimmed-mean-late20-seed42-20261004,4,1,output,l2,0.02202588267259114,0
lsa-trimmed-mean-late20-seed42-20261004,4,1,output,max_abs,0.004111761227250099,0
lsa-trimmed-mean-late20-seed42-20261004,4,1,output,sparsity,0.015384615384615385,0
lsa-trimmed-mean-late20-seed42-20261004,4,1,output,skewness,0.8217584082704383,0
lsa-trimmed-mean-late20-seed42-20261004,4,1,output,kurtosis,4.071629999624964,0
lsa-trimmed-mean-late20-seed42-20261004,4,2,conv1,mean,0.0006926514470251277,0
lsa-trimmed-mean-late20-seed42-20261004,4,2,conv1,std,0.001287167458304336,0
lsa-trimmed-mean-late20-seed42-20261004,4,2,conv1,median,9.668618440628052e-05,0
lsa-trimmed-mean-late20-seed42-20261004,4,2,conv1,min,-0.001428157091140747,0
lsa-trimmed-mean-late20-seed42-20261004,4,2,conv1,max,0.004965245723724365,0
lsa-trimmed-mean-late20-seed42-20261004,4,2,conv1,l1,0.13601754466071725,0
lsa-trimmed-mean-late20-seed42-20261004,4,2,conv1,l2,0.018489201574037308,0
lsa-trimmed-mean-late20-seed42-20261004,4,2,conv1,max_abs,0.004965245723724365,0
lsa-trimmed-mean-late20-seed42-20261004,4,2,conv1,sparsity,0.0,0
lsa-trimmed-mean-late20-seed42-20261004,4,2,conv1,skewness,1.4591532402738348,0
lsa-trimmed-mean-late20-seed42-20261004,4,2,conv1,kurtosis,1.2999963268122015,0
lsa-trimmed-mean-late20-seed42-20261004,4,2,conv2,mean,0.00017904928595428296,0
lsa-trimmed-mean-late20-seed42-20261004,4,2,conv2,std,0.0005145454159990953,0
lsa-trimmed-mean-late20-seed42-20261004,4,2,conv2,median,4.047295078635216e-05,0
lsa-trimmed-mean-late20-seed42-20261004,4,2,conv2,min,-0.0015910053625702858,0
lsa-trimmed-mean-late20-seed42-20261004,4,2,conv2,max,0.005531996488571167,0
lsa-trimmed-mean-late20-seed42-20261004,4,2,conv2,l1,1.2445987513492582,0
lsa-trimmed-mean-late20-seed42-20261004,4,2,conv2,l2,0.03711097589849387,0
lsa-trimmed-mean-late20-seed42-20261004,4,2,conv2,max_abs,0.005531996488571167,0
lsa-trimmed-mean-late20-seed42-20261004,4,2,conv2,sparsity,0.00021551724137931034,0
lsa-trimmed-mean-late20-seed42-20261004,4,2,conv2,skewness,3.635482652121341,0
lsa-trimmed-mean-late20-seed42-20261004,4,2,conv2,kurtosis,21.946837740595907,0
lsa-trimmed-mean-late20-seed42-20261004,4,2,fc1,mean,3.4577159036205474e-05,0
lsa-trimmed-mean-late20-seed42-20261004,4,2,fc1,std,0.00021982594416780358,0
lsa-trimmed-mean-late20-seed42-20261004,4,2,fc1,median,2.3865140974521637e-07,0
lsa-trimmed-mean-late20-seed42-20261004,4,2,fc1,min,-0.0029746536165475845,0
lsa-trimmed-mean-late20-seed42-20261004,4,2,fc1,max,0.0035507064312696457,0
lsa-trimmed-mean-late20-seed42-20261004,4,2,fc1,l1,10.548997311909034,0
lsa-trimmed-mean-late20-seed42-20261004,4,2,fc1,l2,0.07051597322806476,0
lsa-trimmed-mean-late20-seed42-20261004,4,2,fc1,max_abs,0.0035507064312696457,0
lsa-trimmed-mean-late20-seed42-20261004,4,2,fc1,sparsity,0.07487850541746335,0
lsa-trimmed-mean-late20-seed42-20261004,4,2,fc1,skewness,1.8508509397791297,0
lsa-trimmed-mean-late20-seed42-20261004,4,2,fc1,kurtosis,24.572038831258254,0
lsa-trimmed-mean-late20-seed42-20261004,4,2,output,mean,2.5450180356319134e-10,0
lsa-trimmed-mean-late20-seed42-20261004,4,2,output,std,0.0008186322621242604,0
lsa-trimmed-mean-late20-seed42-20261004,4,2,output,median,-4.365108907222748e-06,0
lsa-trimmed-mean-late20-seed42-20261004,4,2,output,min,-0.003294866532087326,0
lsa-trimmed-mean-late20-seed42-20261004,4,2,output,max,0.004252446815371513,0
lsa-trimmed-mean-late20-seed42-20261004,4,2,output,l1,0.33229570311959833,0
lsa-trimmed-mean-late20-seed42-20261004,4,2,output,l2,0.020871109395142046,0
lsa-trimmed-mean-late20-seed42-20261004,4,2,output,max_abs,0.004252446815371513,0
lsa-trimmed-mean-late20-seed42-20261004,4,2,output,sparsity,0.015384615384615385,0
lsa-trimmed-mean-late20-seed42-20261004,4,2,output,skewness,0.6536885895533152,0
lsa-trimmed-mean-late20-seed42-20261004,4,2,output,kurtosis,4.210038683021851,0
lsa-trimmed-mean-late20-seed42-20261004,4,3,conv1,mean,0.0007625556936545763,0
lsa-trimmed-mean-late20-seed42-20261004,4,3,conv1,std,0.0014191725602043608,0
lsa-trimmed-mean-late20-seed42-20261004,4,3,conv1,median,7.236003875732422e-05,0
lsa-trimmed-mean-late20-seed42-20261004,4,3,conv1,min,-0.001477465033531189,0
lsa-trimmed-mean-late20-seed42-20261004,4,3,conv1,max,0.005535691976547241,0
lsa-trimmed-mean-late20-seed42-20261004,4,3,conv1,l1,0.14844118303153664,0
lsa-trimmed-mean-late20-seed42-20261004,4,3,conv1,l2,0.020378584608601303,0
lsa-trimmed-mean-late20-seed42-20261004,4,3,conv1,max_abs,0.005535691976547241,0
lsa-trimmed-mean-late20-seed42-20261004,4,3,conv1,sparsity,0.0,0
lsa-trimmed-mean-late20-seed42-20261004,4,3,conv1,skewness,1.5033586362511233,0
lsa-trimmed-mean-late20-seed42-20261004,4,3,conv1,kurtosis,1.491642899986001,0
lsa-trimmed-mean-late20-seed42-20261004,4,3,conv2,mean,0.0002213532368967145,0
lsa-trimmed-mean-late20-seed42-20261004,4,3,conv2,std,0.0005543589686848081,0
lsa-trimmed-mean-late20-seed42-20261004,4,3,conv2,median,6.073503755033016e-05,0
lsa-trimmed-mean-late20-seed42-20261004,4,3,conv2,min,-0.0014602616429328918,0
lsa-trimmed-mean-late20-seed42-20261004,4,3,conv2,max,0.005448557436466217,0
lsa-trimmed-mean-late20-seed42-20261004,4,3,conv2,l1,1.3767057205259334,0
lsa-trimmed-mean-late20-seed42-20261004,4,3,conv2,l2,0.040660590310977386,0
lsa-trimmed-mean-late20-seed42-20261004,4,3,conv2,max_abs,0.005448557436466217,0
lsa-trimmed-mean-late20-seed42-20261004,4,3,conv2,sparsity,0.0004310344827586207,0
lsa-trimmed-mean-late20-seed42-20261004,4,3,conv2,skewness,3.5213315013566846,0
lsa-trimmed-mean-late20-seed42-20261004,4,3,conv2,kurtosis,18.59843247780324,0
lsa-trimmed-mean-late20-seed42-20261004,4,3,fc1,mean,3.270924398187755e-05,0
lsa-trimmed-mean-late20-seed42-20261004,4,3,fc1,std,0.0002313825306494724,0
lsa-trimmed-mean-late20-seed42-20261004,4,3,fc1,median,0.0,0
lsa-trimmed-mean-late20-seed42-20261004,4,3,fc1,min,-0.002726195380091667,0
lsa-trimmed-mean-late20-seed42-20261004,4,3,fc1,max,0.003800833597779274,0
lsa-trimmed-mean-late20-seed42-20261004,4,3,fc1,l1,10.74207022937054,0
lsa-trimmed-mean-late20-seed42-20261004,4,3,fc1,l2,0.07405061678025887,0
lsa-trimmed-mean-late20-seed42-20261004,4,3,fc1,max_abs,0.003800833597779274,0
lsa-trimmed-mean-late20-seed42-20261004,4,3,fc1,sparsity,0.08256652326322499,0
lsa-trimmed-mean-late20-seed42-20261004,4,3,fc1,skewness,2.2298422604544412,0
lsa-trimmed-mean-late20-seed42-20261004,4,3,fc1,kurtosis,28.58093808838081,0
lsa-trimmed-mean-late20-seed42-20261004,4,3,output,mean,-2.1850260404440073e-10,0
lsa-trimmed-mean-late20-seed42-20261004,4,3,output,std,0.00092517353711756,0
lsa-trimmed-mean-late20-seed42-20261004,4,3,output,median,-5.677342414855957e-06,0
lsa-trimmed-mean-late20-seed42-20261004,4,3,output,min,-0.0038205203600227833,0
lsa-trimmed-mean-late20-seed42-20261004,4,3,output,max,0.004921715706586838,0
lsa-trimmed-mean-late20-seed42-20261004,4,3,output,l1,0.3734418503008783,0
lsa-trimmed-mean-late20-seed42-20261004,4,3,output,l2,0.023587389596111147,0
lsa-trimmed-mean-late20-seed42-20261004,4,3,output,max_abs,0.004921715706586838,0
lsa-trimmed-mean-late20-seed42-20261004,4,3,output,sparsity,0.03076923076923077,0
lsa-trimmed-mean-late20-seed42-20261004,4,3,output,skewness,0.9814234145680856,0
lsa-trimmed-mean-late20-seed42-20261004,4,3,output,kurtosis,4.861420122467573,0
lsa-trimmed-mean-late20-seed42-20261004,4,4,conv1,mean,0.000741173612914281,0
lsa-trimmed-mean-late20-seed42-20261004,4,4,conv1,std,0.0013760219485484408,0
lsa-trimmed-mean-late20-seed42-20261004,4,4,conv1,median,8.927285671234131e-05,0
lsa-trimmed-mean-late20-seed42-20261004,4,4,conv1,min,-0.0014637261629104614,0
lsa-trimmed-mean-late20-seed42-20261004,4,4,conv1,max,0.00536152720451355,0
lsa-trimmed-mean-late20-seed42-20261004,4,4,conv1,l1,0.1426363455830142,0
lsa-trimmed-mean-late20-seed42-20261004,4,4,conv1,l2,0.019769773806970908,0
lsa-trimmed-mean-late20-seed42-20261004,4,4,conv1,max_abs,0.00536152720451355,0
lsa-trimmed-mean-late20-seed42-20261004,4,4,conv1,sparsity,0.0,0
lsa-trimmed-mean-late20-seed42-20261004,4,4,conv1,skewness,1.569485635768685,0
lsa-trimmed-mean-late20-seed42-20261004,4,4,conv1,kurtosis,1.6822457226357805,0
lsa-trimmed-mean-late20-seed42-20261004,4,4,conv2,mean,0.00019359834008559243,0
lsa-trimmed-mean-late20-seed42-20261004,4,4,conv2,std,0.0005572667855460172,0
lsa-trimmed-mean-late20-seed42-20261004,4,4,conv2,median,4.2907893657684326e-05,0
lsa-trimmed-mean-late20-seed42-20261004,4,4,conv2,min,-0.0014140680432319641,0
lsa-trimmed-mean-late20-seed42-20261004,4,4,conv2,max,0.006063695996999741,0
lsa-trimmed-mean-late20-seed42-20261004,4,4,conv2,l1,1.3398278853674128,0
lsa-trimmed-mean-late20-seed42-20261004,4,4,conv2,l2,0.0401851137395806,0
lsa-trimmed-mean-late20-seed42-20261004,4,4,conv2,max_abs,0.006063695996999741,0
lsa-trimmed-mean-late20-seed42-20261004,4,4,conv2,sparsity,0.00021551724137931034,0
lsa-trimmed-mean-late20-seed42-20261004,4,4,conv2,skewness,3.754868525161212,0
lsa-trimmed-mean-late20-seed42-20261004,4,4,conv2,kurtosis,23.07659919531559,0
lsa-trimmed-mean-late20-seed42-20261004,4,4,fc1,mean,3.087534568109645e-05,0
lsa-trimmed-mean-late20-seed42-20261004,4,4,fc1,std,0.00023750873830719863,0
lsa-trimmed-mean-late20-seed42-20261004,4,4,fc1,median,0.0,0
lsa-trimmed-mean-late20-seed42-20261004,4,4,fc1,min,-0.0030206013470888138,0
lsa-trimmed-mean-late20-seed42-20261004,4,4,fc1,max,0.004103584215044975,0
lsa-trimmed-mean-late20-seed42-20261004,4,4,fc1,l1,11.118129484188557,0
lsa-trimmed-mean-late20-seed42-20261004,4,4,fc1,l2,0.07589619271361132,0
lsa-trimmed-mean-late20-seed42-20261004,4,4,fc1,max_abs,0.004103584215044975,0
lsa-trimmed-mean-late20-seed42-20261004,4,4,fc1,sparsity,0.08227772466539197,0
lsa-trimmed-mean-late20-seed42-20261004,4,4,fc1,skewness,2.177912194000461,0
lsa-trimmed-mean-late20-seed42-20261004,4,4,fc1,kurtosis,30.670780204098534,0
lsa-trimmed-mean-late20-seed42-20261004,4,4,output,mean,-2.062118325669032e-10,0
lsa-trimmed-mean-late20-seed42-20261004,4,4,output,std,0.0009593831401929543,0
lsa-trimmed-mean-late20-seed42-20261004,4,4,output,median,-5.273148417472839e-06,0
lsa-trimmed-mean-late20-seed42-20261004,4,4,output,min,-0.004604354500770569,0
lsa-trimmed-mean-late20-seed42-20261004,4,4,output,max,0.005187131464481354,0
lsa-trimmed-mean-late20-seed42-20261004,4,4,output,l1,0.38322727211925667,0
lsa-trimmed-mean-late20-seed42-20261004,4,4,output,l2,0.024459566764279544,0
lsa-trimmed-mean-late20-seed42-20261004,4,4,output,max_abs,0.005187131464481354,0
lsa-trimmed-mean-late20-seed42-20261004,4,4,output,sparsity,0.03076923076923077,0
lsa-trimmed-mean-late20-seed42-20261004,4,4,output,skewness,1.0524862766928704,0
lsa-trimmed-mean-late20-seed42-20261004,4,4,output,kurtosis,5.564019815286519,0
lsa-trimmed-mean-late20-seed42-20261004,5,0,conv1,mean,0.0011097169583081268,0
lsa-trimmed-mean-late20-seed42-20261004,5,0,conv1,std,0.001921439628180799,0
lsa-trimmed-mean-late20-seed42-20261004,5,0,conv1,median,0.0002112649381160736,0
lsa-trimmed-mean-late20-seed42-20261004,5,0,conv1,min,-0.0017603784799575806,0
lsa-trimmed-mean-late20-seed42-20261004,5,0,conv1,max,0.007311612367630005,0
lsa-trimmed-mean-late20-seed42-20261004,5,0,conv1,l1,0.20535667915828526,0
lsa-trimmed-mean-late20-seed42-20261004,5,0,conv1,l2,0.028066783135372555,0
lsa-trimmed-mean-late20-seed42-20261004,5,0,conv1,max_abs,0.007311612367630005,0
lsa-trimmed-mean-late20-seed42-20261004,5,0,conv1,sparsity,0.0,0
lsa-trimmed-mean-late20-seed42-20261004,5,0,conv1,skewness,1.4792099084414014,0
lsa-trimmed-mean-late20-seed42-20261004,5,0,conv1,kurtosis,1.2324206187428821,0
lsa-trimmed-mean-late20-seed42-20261004,5,0,conv2,mean,0.0002645420827073802,0
lsa-trimmed-mean-late20-seed42-20261004,5,0,conv2,std,0.0006941284024363973,0
lsa-trimmed-mean-late20-seed42-20261004,5,0,conv2,median,6.751902401447296e-05,0
lsa-trimmed-mean-late20-seed42-20261004,5,0,conv2,min,-0.0016668513417243958,0
lsa-trimmed-mean-late20-seed42-20261004,5,0,conv2,max,0.007513135671615601,0
lsa-trimmed-mean-late20-seed42-20261004,5,0,conv2,l1,1.6931672101945878,0
lsa-trimmed-mean-late20-seed42-20261004,5,0,conv2,l2,0.050599772055091065,0
lsa-trimmed-mean-late20-seed42-20261004,5,0,conv2,max_abs,0.007513135671615601,0
lsa-trimmed-mean-late20-seed42-20261004,5,0,conv2,sparsity,0.0,0
lsa-trimmed-mean-late20-seed42-20261004,5,0,conv2,skewness,3.715917643256794,0
lsa-trimmed-mean-late20-seed42-20261004,5,0,conv2,kurtosis,21.97061250346647,0
lsa-trimmed-mean-late20-seed42-20261004,5,0,fc1,mean,3.674881444845788e-05,0
lsa-trimmed-mean-late20-seed42-20261004,5,0,fc1,std,0.00026893973447640157,0
lsa-trimmed-mean-late20-seed42-20261004,5,0,fc1,median,0.0,0
lsa-trimmed-mean-late20-seed42-20261004,5,0,fc1,min,-0.004146337043493986,0
lsa-trimmed-mean-late20-seed42-20261004,5,0,fc1,max,0.004879754967987537,0
lsa-trimmed-mean-late20-seed42-20261004,5,0,fc1,l1,12.421659426279007,0
lsa-trimmed-mean-late20-seed42-20261004,5,0,fc1,l2,0.0860148597726939,0
lsa-trimmed-mean-late20-seed42-20261004,5,0,fc1,max_abs,0.004879754967987537,0
lsa-trimmed-mean-late20-seed42-20261004,5,0,fc1,sparsity,0.07459966539196941,0
lsa-trimmed-mean-late20-seed42-20261004,5,0,fc1,skewness,2.0292616547293645,0
lsa-trimmed-mean-late20-seed42-20261004,5,0,fc1,kurtosis,31.838250005777937,0
lsa-trimmed-mean-late20-seed42-20261004,5,0,output,mean,2.855309643424474e-10,0
lsa-trimmed-mean-late20-seed42-20261004,5,0,output,std,0.0010977713687116922,0
lsa-trimmed-mean-late20-seed42-20261004,5,0,output,median,-2.8908252716064453e-06,0
lsa-trimmed-mean-late20-seed42-20261004,5,0,output,min,-0.004339803010225296,0
lsa-trimmed-mean-late20-seed42-20261004,5,0,output,max,0.0043763816356658936,0
lsa-trimmed-mean-late20-seed42-20261004,5,0,output,l1,0.4670091076695826,0
lsa-trimmed-mean-late20-seed42-20261004,5,0,output,l2,0.027987788152622844,0
lsa-trimmed-mean-late20-seed42-20261004,5,0,output,max_abs,0.0043763816356658936,0
lsa-trimmed-mean-late20-seed42-20261004,5,0,output,sparsity,0.015384615384615385,0
lsa-trimmed-mean-late20-seed42-20261004,5,0,output,skewness,0.2135486124202054,0
lsa-trimmed-mean-late20-seed42-20261004,5,0,output,kurtosis,2.0003543463244124,0
lsa-trimmed-mean-late20-seed42-20261004,5,1,conv1,mean,0.0010343193273001817,0
lsa-trimmed-mean-late20-seed42-20261004,5,1,conv1,std,0.0018315062384469452,0
lsa-trimmed-mean-late20-seed42-20261004,5,1,conv1,median,0.00018003582954406738,0
lsa-trimmed-mean-late20-seed42-20261004,5,1,conv1,min,-0.0015371441841125488,0
lsa-trimmed-mean-late20-seed42-20261004,5,1,conv1,max,0.007082819938659668,0
lsa-trimmed-mean-late20-seed42-20261004,5,1,conv1,l1,0.19480029435362667,0
lsa-trimmed-mean-late20-seed42-20261004,5,1,conv1,l2,0.0266059589484665,0
lsa-trimmed-mean-late20-seed42-20261004,5,1,conv1,max_abs,0.007082819938659668,0
lsa-trimmed-mean-late20-seed42-20261004,5,1,conv1,sparsity,0.0,0
lsa-trimmed-mean-late20-seed42-20261004,5,1,conv1,skewness,1.4919016604367725,0
lsa-trimmed-mean-late20-seed42-20261004,5,1,conv1,kurtosis,1.2875373424469156,0
lsa-trimmed-mean-late20-seed42-20261004,5,1,conv2,mean,0.00024506387651595575,0
lsa-trimmed-mean-late20-seed42-20261004,5,1,conv2,std,0.000665358360150568,0
lsa-trimmed-mean-late20-seed42-20261004,5,1,conv2,median,6.437674164772034e-05,0
lsa-trimmed-mean-late20-seed42-20261004,5,1,conv2,min,-0.0017072632908821106,0
lsa-trimmed-mean-late20-seed42-20261004,5,1,conv2,max,0.007167967036366463,0
lsa-trimmed-mean-late20-seed42-20261004,5,1,conv2,l1,1.6268274380618095,0
lsa-trimmed-mean-late20-seed42-20261004,5,1,conv2,l2,0.048299040949258014,0
lsa-trimmed-mean-late20-seed42-20261004,5,1,conv2,max_abs,0.007167967036366463,0
lsa-trimmed-mean-late20-seed42-20261004,5,1,conv2,sparsity,0.0008620689655172414,0
lsa-trimmed-mean-late20-seed42-20261004,5,1,conv2,skewness,3.7542558053788926,0
lsa-trimmed-mean-late20-seed42-20261004,5,1,conv2,kurtosis,22.651464731207284,0
lsa-trimmed-mean-late20-seed42-20261004,5,1,fc1,mean,2.3054534939955278e-05,0
lsa-trimmed-mean-late20-seed42-20261004,5,1,fc1,std,0.0002565917189811462,0
lsa-trimmed-mean-late20-seed42-20261004,5,1,fc1,median,0.0,0
lsa-trimmed-mean-late20-seed42-20261004,5,1,fc1,min,-0.0039604417979717255,0
lsa-trimmed-mean-late20-seed42-20261004,5,1,fc1,max,0.0042287930846214294,0
lsa-trimmed-mean-late20-seed42-20261004,5,1,fc1,l1,12.100728344386425,0
lsa-trimmed-mean-late20-seed42-20261004,5,1,fc1,l2,0.08163756760818762,0
lsa-trimmed-mean-late20-seed42-20261004,5,1,fc1,max_abs,0.0042287930846214294,0
lsa-trimmed-mean-late20-seed42-20261004,5,1,fc1,sparsity,0.0731357552581262,0
lsa-trimmed-mean-late20-seed42-20261004,5,1,fc1,skewness,1.7084240519017215,0
lsa-trimmed-mean-late20-seed42-20261004,5,1,fc1,kurtosis,28.06862534599276,0
lsa-trimmed-mean-late20-seed42-20261004,5,1,output,mean,-3.971105728011865e-10,0
lsa-trimmed-mean-late20-seed42-20261004,5,1,output,std,0.0011161810554462153,0
lsa-trimmed-mean-late20-seed42-20261004,5,1,output,median,-3.313180059194565e-06,0
lsa-trimmed-mean-late20-seed42-20261004,5,1,output,min,-0.003990426659584045,0
lsa-trimmed-mean-late20-seed42-20261004,5,1,output,max,0.005040602758526802,0
lsa-trimmed-mean-late20-seed42-20261004,5,1,output,l1,0.45494759574648924,0
lsa-trimmed-mean-late20-seed42-20261004,5,1,output,l2,0.028457144912116008,0
lsa-trimmed-mean-late20-seed42-20261004,5,1,output,max_abs,0.005040602758526802,0
lsa-trimmed-mean-late20-seed42-20261004,5,1,output,sparsity,0.015384615384615385,0
lsa-trimmed-mean-late20-seed42-20261004,5,1,output,skewness,0.8430644867027368,0
lsa-trimmed-mean-late20-seed42-20261004,5,1,output,kurtosis,3.7157421409267473,0
lsa-trimmed-mean-late20-seed42-20261004,5,2,conv1,mean,0.001058433996513486,0
lsa-trimmed-mean-late20-seed42-20261004,5,2,conv1,std,0.001861438184346181,0
lsa-trimmed-mean-late20-seed42-20261004,5,2,conv1,median,0.00019012391567230225,0
lsa-trimmed-mean-late20-seed42-20261004,5,2,conv1,min,-0.0016813576221466064,0
lsa-trimmed-mean-late20-seed42-20261004,5,2,conv1,max,0.007204204797744751,0
lsa-trimmed-mean-late20-seed42-20261004,5,2,conv1,l1,0.19662199914455414,0
lsa-trimmed-mean-late20-seed42-20261004,5,2,conv1,l2,0.027085744262596932,0
lsa-trimmed-mean-late20-seed42-20261004,5,2,conv1,max_abs,0.007204204797744751,0
lsa-trimmed-mean-late20-seed42-20261004,5,2,conv1,sparsity,0.0,0
lsa-trimmed-mean-late20-seed42-20261004,5,2,conv1,skewness,1.4886561436576544,0
lsa-trimmed-mean-late20-seed42-20261004,5,2,conv1,kurtosis,1.2422829321163302,0
lsa-trimmed-mean-late20-seed42-20261004,5,2,conv2,mean,0.0002583411842147927,0
lsa-trimmed-mean-late20-seed42-20261004,5,2,conv2,std,0.0006769541754384205,0
lsa-trimmed-mean-late20-seed42-20261004,5,2,conv2,median,6.076507270336151e-05,0
lsa-trimmed-mean-late20-seed42-20261004,5,2,conv2,min,-0.0017711073160171509,0
lsa-trimmed-mean-late20-seed42-20261004,5,2,conv2,max,0.007326358929276466,0
lsa-trimmed-mean-late20-seed42-20261004,5,2,conv2,l1,1.623501532325463,0
lsa-trimmed-mean-late20-seed42-20261004,5,2,conv2,l2,0.049356185541502916,0
lsa-trimmed-mean-late20-seed42-20261004,5,2,conv2,max_abs,0.007326358929276466,0
lsa-trimmed-mean-late20-seed42-20261004,5,2,conv2,sparsity,0.00021551724137931034,0
lsa-trimmed-mean-late20-seed42-20261004,5,2,conv2,skewness,3.796017222845631,0
lsa-trimmed-mean-late20-seed42-20261004,5,2,conv2,kurtosis,22.81142700163655,0
lsa-trimmed-mean-late20-seed42-20261004,5,2,fc1,mean,4.497812743474199e-05,0
lsa-trimmed-mean-late20-seed42-20261004,5,2,fc1,std,0.0002535242674871477,0
lsa-trimmed-mean-late20-seed42-20261004,5,2,fc1,median,1.9744038581848145e-07,0
lsa-trimmed-mean-late20-seed42-20261004,5,2,fc1,min,-0.00371535774320364,0
lsa-trimmed-mean-late20-seed42-20261004,5,2,fc1,max,0.004138374701142311,0
lsa-trimmed-mean-late20-seed42-20261004,5,2,fc1,l1,12.264234477890795,0
lsa-trimmed-mean-late20-seed42-20261004,5,2,fc1,l2,0.08159251443044566,0
lsa-trimmed-mean-late20-seed42-20261004,5,2,fc1,max_abs,0.004138374701142311,0
lsa-trimmed-mean-late20-seed42-20261004,5,2,fc1,sparsity,0.07262786806883365,0
lsa-trimmed-mean-late20-seed42-20261004,5,2,fc1,skewness,1.8371701786151,0
lsa-trimmed-mean-late20-seed42-20261004,5,2,fc1,kurtosis,23.652028825882073,0
lsa-trimmed-mean-late20-seed42-20261004,5,2,output,mean,-2.5253169811688935e-10,0
lsa-trimmed-mean-late20-seed42-20261004,5,2,output,std,0.0010631345531918605,0
lsa-trimmed-mean-late20-seed42-20261004,5,2,output,median,-2.8870999813079834e-06,0
lsa-trimmed-mean-late20-seed42-20261004,5,2,output,min,-0.004340868443250656,0
lsa-trimmed-mean-late20-seed42-20261004,5,2,output,max,0.005128281190991402,0
lsa-trimmed-mean-late20-seed42-20261004,5,2,output,l1,0.4310482634464279,0
lsa-trimmed-mean-late20-seed42-20261004,5,2,output,l2,0.027104719161500982,0
lsa-trimmed-mean-late20-seed42-20261004,5,2,output,max_abs,0.005128281190991402,0
lsa-trimmed-mean-late20-seed42-20261004,5,2,output,sparsity,0.015384615384615385,0
lsa-trimmed-mean-late20-seed42-20261004,5,2,output,skewness,0.6202776184248292,0
lsa-trimmed-mean-late20-seed42-20261004,5,2,output,kurtosis,4.137027074939643,0
lsa-trimmed-mean-late20-seed42-20261004,5,3,conv1,mean,0.0011562174913706258,0
lsa-trimmed-mean-late20-seed42-20261004,5,3,conv1,std,0.0020414192135390172,0
lsa-trimmed-mean-late20-seed42-20261004,5,3,conv1,median,0.00017686188220977783,0
lsa-trimmed-mean-late20-seed42-20261004,5,3,conv1,min,-0.0016762912273406982,0
lsa-trimmed-mean-late20-seed42-20261004,5,3,conv1,max,0.00799340009689331,0
lsa-trimmed-mean-late20-seed42-20261004,5,3,conv1,l1,0.21157579263672233,0
lsa-trimmed-mean-late20-seed42-20261004,5,3,conv1,l2,0.029676202702522823,0
lsa-trimmed-mean-late20-seed42-20261004,5,3,conv1,max_abs,0.00799340009689331,0
lsa-trimmed-mean-late20-seed42-20261004,5,3,conv1,sparsity,0.0,0
lsa-trimmed-mean-late20-seed42-20261004,5,3,conv1,skewness,1.5566133206395494,0
lsa-trimmed-mean-late20-seed42-20261004,5,3,conv1,kurtosis,1.4845955893685598,0
lsa-trimmed-mean-late20-seed42-20261004,5,3,conv2,mean,0.0002944650866013411,0
lsa-trimmed-mean-late20-seed42-20261004,5,3,conv2,std,0.0007210472120266074,0
lsa-trimmed-mean-late20-seed42-20261004,5,3,conv2,median,7.998384535312653e-05,0
lsa-trimmed-mean-late20-seed42-20261004,5,3,conv2,min,-0.001707613468170166,0
lsa-trimmed-mean-late20-seed42-20261004,5,3,conv2,max,0.007433822378516197,0
lsa-trimmed-mean-late20-seed42-20261004,5,3,conv2,l1,1.7567437932557368,0
lsa-trimmed-mean-late20-seed42-20261004,5,3,conv2,l2,0.053053850841206056,0
lsa-trimmed-mean-late20-seed42-20261004,5,3,conv2,max_abs,0.007433822378516197,0
lsa-trimmed-mean-late20-seed42-20261004,5,3,conv2,sparsity,0.0004310344827586207,0
lsa-trimmed-mean-late20-seed42-20261004,5,3,conv2,skewness,3.720162662180361,0
lsa-trimmed-mean-late20-seed42-20261004,5,3,conv2,kurtosis,20.68926450421372,0
lsa-trimmed-mean-late20-seed42-20261004,5,3,fc1,mean,3.769954715231948e-05,0
lsa-trimmed-mean-late20-seed42-20261004,5,3,fc1,std,0.0002618235489792235,0
lsa-trimmed-mean-late20-seed42-20261004,5,3,fc1,median,0.0,0
lsa-trimmed-mean-late20-seed42-20261004,5,3,fc1,min,-0.0032284874469041824,0
lsa-trimmed-mean-late20-seed42-20261004,5,3,fc1,max,0.004287055693566799,0
lsa-trimmed-mean-late20-seed42-20261004,5,3,fc1,l1,12.20135104022927,0
lsa-trimmed-mean-late20-seed42-20261004,5,3,fc1,l2,0.08382357282677289,0
lsa-trimmed-mean-late20-seed42-20261004,5,3,fc1,max_abs,0.004287055693566799,0
lsa-trimmed-mean-late20-seed42-20261004,5,3,fc1,sparsity,0.08247689611217336,0
lsa-trimmed-mean-late20-seed42-20261004,5,3,fc1,skewness,2.1501116050029996,0
lsa-trimmed-mean-late20-seed42-20261004,5,3,fc1,kurtosis,28.11748530864505,0
lsa-trimmed-mean-late20-seed42-20261004,5,3,output,mean,1.7345882952213287e-10,0
lsa-trimmed-mean-late20-seed42-20261004,5,3,output,std,0.001184369976220567,0
lsa-trimmed-mean-late20-seed42-20261004,5,3,output,median,-3.689900040626526e-06,0
lsa-trimmed-mean-late20-seed42-20261004,5,3,output,min,-0.004362676292657852,0
lsa-trimmed-mean-late20-seed42-20261004,5,3,output,max,0.005970308557152748,0
lsa-trimmed-mean-late20-seed42-20261004,5,3,output,l1,0.48126610851613805,0
lsa-trimmed-mean-late20-seed42-20261004,5,3,output,l2,0.030195628100310793,0
lsa-trimmed-mean-late20-seed42-20261004,5,3,output,max_abs,0.005970308557152748,0
lsa-trimmed-mean-late20-seed42-20261004,5,3,output,sparsity,0.03076923076923077,0
lsa-trimmed-mean-late20-seed42-20261004,5,3,output,skewness,1.001505220902766,0
lsa-trimmed-mean-late20-seed42-20261004,5,3,output,kurtosis,4.677347304316042,0
lsa-trimmed-mean-late20-seed42-20261004,5,4,conv1,mean,0.0011428410973167047,0
lsa-trimmed-mean-late20-seed42-20261004,5,4,conv1,std,0.0019912375468326663,0
lsa-trimmed-mean-late20-seed42-20261004,5,4,conv1,median,0.00021026283502578735,0
lsa-trimmed-mean-late20-seed42-20261004,5,4,conv1,min,-0.0017129778861999512,0
lsa-trimmed-mean-late20-seed42-20261004,5,4,conv1,max,0.007858723402023315,0
lsa-trimmed-mean-late20-seed42-20261004,5,4,conv1,l1,0.20763892633840442,0
lsa-trimmed-mean-late20-seed42-20261004,5,4,conv1,l2,0.029040971723775975,0
lsa-trimmed-mean-late20-seed42-20261004,5,4,conv1,max_abs,0.007858723402023315,0
lsa-trimmed-mean-late20-seed42-20261004,5,4,conv1,sparsity,0.0,0
lsa-trimmed-mean-late20-seed42-20261004,5,4,conv1,skewness,1.5821608424283935,0
lsa-trimmed-mean-late20-seed42-20261004,5,4,conv1,kurtosis,1.5807665404765512,0
lsa-trimmed-mean-late20-seed42-20261004,5,4,conv2,mean,0.0002728831669781451,0
lsa-trimmed-mean-late20-seed42-20261004,5,4,conv2,std,0.0007319406800717841,0
lsa-trimmed-mean-late20-seed42-20261004,5,4,conv2,median,6.296113133430481e-05,0
lsa-trimmed-mean-late20-seed42-20261004,5,4,conv2,min,-0.0016785413026809692,0
lsa-trimmed-mean-late20-seed42-20261004,5,4,conv2,max,0.008262671530246735,0
lsa-trimmed-mean-late20-seed42-20261004,5,4,conv2,l1,1.710104630807109,0
lsa-trimmed-mean-late20-seed42-20261004,5,4,conv2,l2,0.053210328436430566,0
lsa-trimmed-mean-late20-seed42-20261004,5,4,conv2,max_abs,0.008262671530246735,0
lsa-trimmed-mean-late20-seed42-20261004,5,4,conv2,sparsity,0.00021551724137931034,0
lsa-trimmed-mean-late20-seed42-20261004,5,4,conv2,skewness,4.05351726055708,0
lsa-trimmed-mean-late20-seed42-20261004,5,4,conv2,kurtosis,25.85951049846068,0
lsa-trimmed-mean-late20-seed42-20261004,5,4,fc1,mean,3.9672764934872275e-05,0
lsa-trimmed-mean-late20-seed42-20261004,5,4,fc1,std,0.0002685302674800308,0
lsa-trimmed-mean-late20-seed42-20261004,5,4,fc1,median,0.0,0
lsa-trimmed-mean-late20-seed42-20261004,5,4,fc1,min,-0.003561541438102722,0
lsa-trimmed-mean-late20-seed42-20261004,5,4,fc1,max,0.00502639077603817,0
lsa-trimmed-mean-late20-seed42-20261004,5,4,fc1,l1,12.512574918871906,0
lsa-trimmed-mean-late20-seed42-20261004,5,4,fc1,l2,0.0860168307664548,0
lsa-trimmed-mean-late20-seed42-20261004,5,4,fc1,max_abs,0.00502639077603817,0
lsa-trimmed-mean-late20-seed42-20261004,5,4,fc1,sparsity,0.08241714467813895,0
lsa-trimmed-mean-late20-seed42-20261004,5,4,fc1,skewness,2.371073637991277,0
lsa-trimmed-mean-late20-seed42-20261004,5,4,fc1,kurtosis,32.21582597737502,0
lsa-trimmed-mean-late20-seed42-20261004,5,4,output,mean,2.2866655714236773e-10,0
lsa-trimmed-mean-late20-seed42-20261004,5,4,output,std,0.0012151947747238419,0
lsa-trimmed-mean-late20-seed42-20261004,5,4,output,median,-4.712492227554321e-06,0
lsa-trimmed-mean-late20-seed42-20261004,5,4,output,min,-0.004429124295711517,0
lsa-trimmed-mean-late20-seed42-20261004,5,4,output,max,0.006267271935939789,0
lsa-trimmed-mean-late20-seed42-20261004,5,4,output,l1,0.4889003741845954,0
lsa-trimmed-mean-late20-seed42-20261004,5,4,output,l2,0.030981509345664838,0
lsa-trimmed-mean-late20-seed42-20261004,5,4,output,max_abs,0.006267271935939789,0
lsa-trimmed-mean-late20-seed42-20261004,5,4,output,sparsity,0.03076923076923077,0
lsa-trimmed-mean-late20-seed42-20261004,5,4,output,skewness,1.0647283499014155,0
lsa-trimmed-mean-late20-seed42-20261004,5,4,output,kurtosis,4.552757648266588,0
lsa-trimmed-mean-late20-seed42-20261004,6,0,conv1,mean,0.001612398568977369,0
lsa-trimmed-mean-late20-seed42-20261004,6,0,conv1,std,0.0027134322175547112,0
lsa-trimmed-mean-late20-seed42-20261004,6,0,conv1,median,0.0003145625814795494,0
lsa-trimmed-mean-late20-seed42-20261004,6,0,conv1,min,-0.0021388977766036987,0
lsa-trimmed-mean-late20-seed42-20261004,6,0,conv1,max,0.010155171155929565,0
lsa-trimmed-mean-late20-seed42-20261004,6,0,conv1,l1,0.2908668491290882,0
lsa-trimmed-mean-late20-seed42-20261004,6,0,conv1,l2,0.0399250168080198,0
lsa-trimmed-mean-late20-seed42-20261004,6,0,conv1,max_abs,0.010155171155929565,0
lsa-trimmed-mean-late20-seed42-20261004,6,0,conv1,sparsity,0.0,0
lsa-trimmed-mean-late20-seed42-20261004,6,0,conv1,skewness,1.4900758266861993,0
lsa-trimmed-mean-late20-seed42-20261004,6,0,conv1,kurtosis,1.1650699238651185,0
lsa-trimmed-mean-late20-seed42-20261004,6,0,conv2,mean,0.00034571128204639726,0
lsa-trimmed-mean-late20-seed42-20261004,6,0,conv2,std,0.0008921567947088128,0
lsa-trimmed-mean-late20-seed42-20261004,6,0,conv2,median,9.215250611305237e-05,0
lsa-trimmed-mean-late20-seed42-20261004,6,0,conv2,min,-0.0022192373871803284,0
lsa-trimmed-mean-late20-seed42-20261004,6,0,conv2,max,0.009998783469200134,0
lsa-trimmed-mean-late20-seed42-20261004,6,0,conv2,l1,2.151934868305034,0
lsa-trimmed-mean-late20-seed42-20261004,6,0,conv2,l2,0.06517464668964303,0
lsa-trimmed-mean-late20-seed42-20261004,6,0,conv2,max_abs,0.009998783469200134,0
lsa-trimmed-mean-late20-seed42-20261004,6,0,conv2,sparsity,0.00021551724137931034,0
lsa-trimmed-mean-late20-seed42-20261004,6,0,conv2,skewness,3.8534809625220983,0
lsa-trimmed-mean-late20-seed42-20261004,6,0,conv2,kurtosis,23.650867502507197,0
lsa-trimmed-mean-late20-seed42-20261004,6,0,fc1,mean,4.071962077154876e-05,0
lsa-trimmed-mean-late20-seed42-20261004,6,0,fc1,std,0.000314768723920967,0
lsa-trimmed-mean-late20-seed42-20261004,6,0,fc1,median,0.0,0
lsa-trimmed-mean-late20-seed42-20261004,6,0,fc1,min,-0.004921663552522659,0
lsa-trimmed-mean-late20-seed42-20261004,6,0,fc1,max,0.005618847906589508,0
lsa-trimmed-mean-late20-seed42-20261004,6,0,fc1,l1,14.518030364606375,0
lsa-trimmed-mean-late20-seed42-20261004,6,0,fc1,l2,0.10057659012555709,0
lsa-trimmed-mean-late20-seed42-20261004,6,0,fc1,max_abs,0.005618847906589508,0
lsa-trimmed-mean-late20-seed42-20261004,6,0,fc1,sparsity,0.0827557361376673,0
lsa-trimmed-mean-late20-seed42-20261004,6,0,fc1,skewness,1.772667326122345,0
lsa-trimmed-mean-late20-seed42-20261004,6,0,fc1,kurtosis,31.722943883924145,0
lsa-trimmed-mean-late20-seed42-20261004,6,0,output,mean,-3.074707749944467e-10,0
lsa-trimmed-mean-late20-seed42-20261004,6,0,output,std,0.0014673475075013083,0
lsa-trimmed-mean-late20-seed42-20261004,6,0,output,median,-2.171727828681469e-06,0
lsa-trimmed-mean-late20-seed42-20261004,6,0,output,min,-0.0058510638773441315,0
lsa-trimmed-mean-late20-seed42-20261004,6,0,output,max,0.005590528249740601,0
lsa-trimmed-mean-late20-seed42-20261004,6,0,output,l1,0.6329567916400265,0
lsa-trimmed-mean-late20-seed42-20261004,6,0,output,l2,0.03741016786985535,0
lsa-trimmed-mean-late20-seed42-20261004,6,0,output,max_abs,0.0058510638773441315,0
lsa-trimmed-mean-late20-seed42-20261004,6,0,output,sparsity,0.03076923076923077,0
lsa-trimmed-mean-late20-seed42-20261004,6,0,output,skewness,0.20357419261564008,0
lsa-trimmed-mean-late20-seed42-20261004,6,0,output,kurtosis,1.9354295241766408,0
lsa-trimmed-mean-late20-seed42-20261004,6,1,conv1,mean,0.0015537639963440597,0
lsa-trimmed-mean-late20-seed42-20261004,6,1,conv1,std,0.00265311834521813,0
lsa-trimmed-mean-late20-seed42-20261004,6,1,conv1,median,0.0003406256437301636,0
lsa-trimmed-mean-late20-seed42-20261004,6,1,conv1,min,-0.0018714368343353271,0
lsa-trimmed-mean-late20-seed42-20261004,6,1,conv1,max,0.01001042127609253,0
lsa-trimmed-mean-late20-seed42-20261004,6,1,conv1,l1,0.2830315278843045,0
lsa-trimmed-mean-late20-seed42-20261004,6,1,conv1,l2,0.038891067375566954,0
lsa-trimmed-mean-late20-seed42-20261004,6,1,conv1,max_abs,0.01001042127609253,0
lsa-trimmed-mean-late20-seed42-20261004,6,1,conv1,sparsity,0.0,0
lsa-trimmed-mean-late20-seed42-20261004,6,1,conv1,skewness,1.5041353707223615,0
lsa-trimmed-mean-late20-seed42-20261004,6,1,conv1,kurtosis,1.1966477467983792,0
lsa-trimmed-mean-late20-seed42-20261004,6,1,conv2,mean,0.00033444537807162273,0
lsa-trimmed-mean-late20-seed42-20261004,6,1,conv2,std,0.0008775660755377275,0
lsa-trimmed-mean-late20-seed42-20261004,6,1,conv2,median,8.396245539188385e-05,0
lsa-trimmed-mean-late20-seed42-20261004,6,1,conv2,min,-0.0022201016545295715,0
lsa-trimmed-mean-late20-seed42-20261004,6,1,conv2,max,0.009589508175849915,0
lsa-trimmed-mean-late20-seed42-20261004,6,1,conv2,l1,2.105202929033112,0
lsa-trimmed-mean-late20-seed42-20261004,6,1,conv2,l2,0.06397162109260214,0
lsa-trimmed-mean-late20-seed42-20261004,6,1,conv2,max_abs,0.009589508175849915,0
lsa-trimmed-mean-late20-seed42-20261004,6,1,conv2,sparsity,0.000646551724137931,0
lsa-trimmed-mean-late20-seed42-20261004,6,1,conv2,skewness,3.86893699655549,0
lsa-trimmed-mean-late20-seed42-20261004,6,1,conv2,kurtosis,23.674276335583027,0
lsa-trimmed-mean-late20-seed42-20261004,6,1,fc1,mean,2.790669331207353e-05,0
lsa-trimmed-mean-late20-seed42-20261004,6,1,fc1,std,0.000301467854493367,0
lsa-trimmed-mean-late20-seed42-20261004,6,1,fc1,median,0.0,0
lsa-trimmed-mean-late20-seed42-20261004,6,1,fc1,min,-0.0045319776982069016,0
lsa-trimmed-mean-late20-seed42-20261004,6,1,fc1,max,0.004872817546129227,0
lsa-trimmed-mean-late20-seed42-20261004,6,1,fc1,l1,14.256330414146987,0
lsa-trimmed-mean-late20-seed42-20261004,6,1,fc1,l2,0.09593902401623529,0
lsa-trimmed-mean-late20-seed42-20261004,6,1,fc1,max_abs,0.004872817546129227,0
lsa-trimmed-mean-late20-seed42-20261004,6,1,fc1,sparsity,0.0723191523263225,0
lsa-trimmed-mean-late20-seed42-20261004,6,1,fc1,skewness,1.601072567048929,0
lsa-trimmed-mean-late20-seed42-20261004,6,1,fc1,kurtosis,27.441641096794864,0
lsa-trimmed-mean-late20-seed42-20261004,6,1,output,mean,2.7930722213708435e-10,0
lsa-trimmed-mean-late20-seed42-20261004,6,1,output,std,0.0014894910236345573,0
lsa-trimmed-mean-late20-seed42-20261004,6,1,output,median,-2.332031726837158e-06,0
lsa-trimmed-mean-late20-seed42-20261004,6,1,output,min,-0.005276266485452652,0
lsa-trimmed-mean-late20-seed42-20261004,6,1,output,max,0.0065504759550094604,0
lsa-trimmed-mean-late20-seed42-20261004,6,1,output,l1,0.6129910998861305,0
lsa-trimmed-mean-late20-seed42-20261004,6,1,output,l2,0.037974718974170166,0
lsa-trimmed-mean-late20-seed42-20261004,6,1,output,max_abs,0.0065504759550094604,0
lsa-trimmed-mean-late20-seed42-20261004,6,1,output,sparsity,0.015384615384615385,0
lsa-trimmed-mean-late20-seed42-20261004,6,1,output,skewness,0.8004357589893898,0
lsa-trimmed-mean-late20-seed42-20261004,6,1,output,kurtosis,3.37623686605193,0
lsa-trimmed-mean-late20-seed42-20261004,6,2,conv1,mean,0.0015517284453380853,0
lsa-trimmed-mean-late20-seed42-20261004,6,2,conv1,std,0.002640914812897967,0
lsa-trimmed-mean-late20-seed42-20261004,6,2,conv1,median,0.0003521926701068878,0
lsa-trimmed-mean-late20-seed42-20261004,6,2,conv1,min,-0.001931220293045044,0
lsa-trimmed-mean-late20-seed42-20261004,6,2,conv1,max,0.010128110647201538,0
lsa-trimmed-mean-late20-seed42-20261004,6,2,conv1,l1,0.2810110179707408,0
lsa-trimmed-mean-late20-seed42-20261004,6,2,conv1,l2,0.03874489327290554,0
lsa-trimmed-mean-late20-seed42-20261004,6,2,conv1,max_abs,0.010128110647201538,0
lsa-trimmed-mean-late20-seed42-20261004,6,2,conv1,sparsity,0.0,0
lsa-trimmed-mean-late20-seed42-20261004,6,2,conv1,skewness,1.5006636175587489,0
lsa-trimmed-mean-late20-seed42-20261004,6,2,conv1,kurtosis,1.1985529771683794,0
lsa-trimmed-mean-late20-seed42-20261004,6,2,conv2,mean,0.0003375776232563167,0
lsa-trimmed-mean-late20-seed42-20261004,6,2,conv2,std,0.0008726587751012444,0
lsa-trimmed-mean-late20-seed42-20261004,6,2,conv2,median,8.132122457027435e-05,0
lsa-trimmed-mean-late20-seed42-20261004,6,2,conv2,min,-0.0021569132804870605,0
lsa-trimmed-mean-late20-seed42-20261004,6,2,conv2,max,0.009595759212970734,0
lsa-trimmed-mean-late20-seed42-20261004,6,2,conv2,l1,2.059875795759126,0
lsa-trimmed-mean-late20-seed42-20261004,6,2,conv2,l2,0.06373604028497917,0
lsa-trimmed-mean-late20-seed42-20261004,6,2,conv2,max_abs,0.009595759212970734,0
lsa-trimmed-mean-late20-seed42-20261004,6,2,conv2,sparsity,0.00021551724137931034,0
lsa-trimmed-mean-late20-seed42-20261004,6,2,conv2,skewness,3.932252536549802,0
lsa-trimmed-mean-late20-seed42-20261004,6,2,conv2,kurtosis,24.093769213669816,0
lsa-trimmed-mean-late20-seed42-20261004,6,2,fc1,mean,5.379056162477171e-05,0
lsa-trimmed-mean-late20-seed42-20261004,6,2,fc1,std,0.0002969099361463912,0
lsa-trimmed-mean-late20-seed42-20261004,6,2,fc1,median,5.925539880990982e-07,0
lsa-trimmed-mean-late20-seed42-20261004,6,2,fc1,min,-0.004792050924152136,0
lsa-trimmed-mean-late20-seed42-20261004,6,2,fc1,max,0.0048079714179039,0
lsa-trimmed-mean-late20-seed42-20261004,6,2,fc1,l1,14.328798504181805,0
lsa-trimmed-mean-late20-seed42-20261004,6,2,fc1,l2,0.09561783216049413,0
lsa-trimmed-mean-late20-seed42-20261004,6,2,fc1,max_abs,0.0048079714179039,0
lsa-trimmed-mean-late20-seed42-20261004,6,2,fc1,sparsity,0.07108428935627788,0
lsa-trimmed-mean-late20-seed42-20261004,6,2,fc1,skewness,1.7918489351419307,0
lsa-trimmed-mean-late20-seed42-20261004,6,2,fc1,kurtosis,23.679604457030244,0
lsa-trimmed-mean-late20-seed42-20261004,6,2,output,mean,2.5118844440350164e-10,0
lsa-trimmed-mean-late20-seed42-20261004,6,2,output,std,0.0014040238606075524,0
lsa-trimmed-mean-late20-seed42-20261004,6,2,output,median,-2.1830201148986816e-06,0
lsa-trimmed-mean-late20-seed42-20261004,6,2,output,min,-0.005748666822910309,0
lsa-trimmed-mean-late20-seed42-20261004,6,2,output,max,0.006245814263820648,0
lsa-trimmed-mean-late20-seed42-20261004,6,2,output,l1,0.5784095941926353,0
lsa-trimmed-mean-late20-seed42-20261004,6,2,output,l2,0.03579572531393951,0
lsa-trimmed-mean-late20-seed42-20261004,6,2,output,max_abs,0.006245814263820648,0
lsa-trimmed-mean-late20-seed42-20261004,6,2,output,sparsity,0.015384615384615385,0
lsa-trimmed-mean-late20-seed42-20261004,6,2,output,skewness,0.5169146954828366,0
lsa-trimmed-mean-late20-seed42-20261004,6,2,output,kurtosis,3.7736697139460045,0
lsa-trimmed-mean-late20-seed42-20261004,6,3,conv1,mean,0.0016946988507697824,0
lsa-trimmed-mean-late20-seed42-20261004,6,3,conv1,std,0.002886188445808823,0
lsa-trimmed-mean-late20-seed42-20261004,6,3,conv1,median,0.0003362521529197693,0
lsa-trimmed-mean-late20-seed42-20261004,6,3,conv1,min,-0.001981988549232483,0
lsa-trimmed-mean-late20-seed42-20261004,6,3,conv1,max,0.011036336421966553,0
lsa-trimmed-mean-late20-seed42-20261004,6,3,conv1,l1,0.3017482183640823,0
lsa-trimmed-mean-late20-seed42-20261004,6,3,conv1,l2,0.04233596662795505,0
lsa-trimmed-mean-late20-seed42-20261004,6,3,conv1,max_abs,0.011036336421966553,0
lsa-trimmed-mean-late20-seed42-20261004,6,3,conv1,sparsity,0.0,0
lsa-trimmed-mean-late20-seed42-20261004,6,3,conv1,skewness,1.5292728698154665,0
lsa-trimmed-mean-late20-seed42-20261004,6,3,conv1,kurtosis,1.2633419141253377,0
lsa-trimmed-mean-late20-seed42-20261004,6,3,conv2,mean,0.00038518385710145154,0
lsa-trimmed-mean-late20-seed42-20261004,6,3,conv2,std,0.0009396086760019402,0
lsa-trimmed-mean-late20-seed42-20261004,6,3,conv2,median,0.00010134652256965637,0
lsa-trimmed-mean-late20-seed42-20261004,6,3,conv2,min,-0.0022299662232398987,0
lsa-trimmed-mean-late20-seed42-20261004,6,3,conv2,max,0.010061271488666534,0
lsa-trimmed-mean-late20-seed42-20261004,6,3,conv2,l1,2.246210217173939,0
lsa-trimmed-mean-late20-seed42-20261004,6,3,conv2,l2,0.06917305945629462,0
lsa-trimmed-mean-late20-seed42-20261004,6,3,conv2,max_abs,0.010061271488666534,0
lsa-trimmed-mean-late20-seed42-20261004,6,3,conv2,sparsity,0.0,0
lsa-trimmed-mean-late20-seed42-20261004,6,3,conv2,skewness,3.876889232486712,0
lsa-trimmed-mean-late20-seed42-20261004,6,3,conv2,kurtosis,22.753613498737774,0
lsa-trimmed-mean-late20-seed42-20261004,6,3,fc1,mean,4.407655281143196e-05,0
lsa-trimmed-mean-late20-seed42-20261004,6,3,fc1,std,0.0003050141357895145,0
lsa-trimmed-mean-late20-seed42-20261004,6,3,fc1,median,0.0,0
lsa-trimmed-mean-late20-seed42-20261004,6,3,fc1,min,-0.003904065117239952,0
lsa-trimmed-mean-late20-seed42-20261004,6,3,fc1,max,0.0052891080267727375,0
lsa-trimmed-mean-late20-seed42-20261004,6,3,fc1,l1,14.15961601286756,0
lsa-trimmed-mean-late20-seed42-20261004,6,3,fc1,l2,0.0976583161946827,0
lsa-trimmed-mean-late20-seed42-20261004,6,3,fc1,max_abs,0.0052891080267727375,0
lsa-trimmed-mean-late20-seed42-20261004,6,3,fc1,sparsity,0.07996733588272785,0
lsa-trimmed-mean-late20-seed42-20261004,6,3,fc1,skewness,2.1064535756344145,0
lsa-trimmed-mean-late20-seed42-20261004,6,3,fc1,kurtosis,28.65070661896144,0
lsa-trimmed-mean-late20-seed42-20261004,6,3,output,mean,4.128266412478227e-11,0
lsa-trimmed-mean-late20-seed42-20261004,6,3,output,std,0.001555265010363432,0
lsa-trimmed-mean-late20-seed42-20261004,6,3,output,median,-2.9230723157525063e-06,0
lsa-trimmed-mean-late20-seed42-20261004,6,3,output,min,-0.005831640213727951,0
lsa-trimmed-mean-late20-seed42-20261004,6,3,output,max,0.007231190800666809,0
lsa-trimmed-mean-late20-seed42-20261004,6,3,output,l1,0.6441859332262538,0
lsa-trimmed-mean-late20-seed42-20261004,6,3,output,l2,0.03965163318325614,0
lsa-trimmed-mean-late20-seed42-20261004,6,3,output,max_abs,0.007231190800666809,0
lsa-trimmed-mean-late20-seed42-20261004,6,3,output,sparsity,0.03076923076923077,0
lsa-trimmed-mean-late20-seed42-20261004,6,3,output,skewness,0.8968572630638886,0
lsa-trimmed-mean-late20-seed42-20261004,6,3,output,kurtosis,4.123709878284787,0
lsa-trimmed-mean-late20-seed42-20261004,6,4,conv1,mean,0.0016886167570191902,0
lsa-trimmed-mean-late20-seed42-20261004,6,4,conv1,std,0.002848131018443618,0
lsa-trimmed-mean-late20-seed42-20261004,6,4,conv1,median,0.0003537628799676895,0
lsa-trimmed-mean-late20-seed42-20261004,6,4,conv1,min,-0.0021123141050338745,0
lsa-trimmed-mean-late20-seed42-20261004,6,4,conv1,max,0.010893672704696655,0
lsa-trimmed-mean-late20-seed42-20261004,6,4,conv1,l1,0.30067979462910444,0
lsa-trimmed-mean-late20-seed42-20261004,6,4,conv1,l2,0.04188226708344559,0
lsa-trimmed-mean-late20-seed42-20261004,6,4,conv1,max_abs,0.010893672704696655,0
lsa-trimmed-mean-late20-seed42-20261004,6,4,conv1,sparsity,0.0,0
lsa-trimmed-mean-late20-seed42-20261004,6,4,conv1,skewness,1.5400011743494766,0
lsa-trimmed-mean-late20-seed42-20261004,6,4,conv1,kurtosis,1.320489526526238,0
lsa-trimmed-mean-late20-seed42-20261004,6,4,conv2,mean,0.0003582390238616897,0
lsa-trimmed-mean-late20-seed42-20261004,6,4,conv2,std,0.0009489571029339895,0
lsa-trimmed-mean-late20-seed42-20261004,6,4,conv2,median,7.992499740794301e-05,0
lsa-trimmed-mean-late20-seed42-20261004,6,4,conv2,min,-0.0021769851446151733,0
lsa-trimmed-mean-late20-seed42-20261004,6,4,conv2,max,0.010731823742389679,0
lsa-trimmed-mean-late20-seed42-20261004,6,4,conv2,l1,2.1927438331676967,0
lsa-trimmed-mean-late20-seed42-20261004,6,4,conv2,l2,0.06909331505882306,0
lsa-trimmed-mean-late20-seed42-20261004,6,4,conv2,max_abs,0.010731823742389679,0
lsa-trimmed-mean-late20-seed42-20261004,6,4,conv2,sparsity,0.00021551724137931034,0
lsa-trimmed-mean-late20-seed42-20261004,6,4,conv2,skewness,4.05219138088403,0
lsa-trimmed-mean-late20-seed42-20261004,6,4,conv2,kurtosis,25.456638088804755,0
lsa-trimmed-mean-late20-seed42-20261004,6,4,fc1,mean,4.6344035757517954e-05,0
lsa-trimmed-mean-late20-seed42-20261004,6,4,fc1,std,0.000312152607630832,0
lsa-trimmed-mean-late20-seed42-20261004,6,4,fc1,median,1.5459954738616943e-07,0
lsa-trimmed-mean-late20-seed42-20261004,6,4,fc1,min,-0.004270937293767929,0
lsa-trimmed-mean-late20-seed42-20261004,6,4,fc1,max,0.00612158328294754,0
lsa-trimmed-mean-late20-seed42-20261004,6,4,fc1,l1,14.577552568343663,0
lsa-trimmed-mean-late20-seed42-20261004,6,4,fc1,l2,0.10000065105020192,0
lsa-trimmed-mean-late20-seed42-20261004,6,4,fc1,max_abs,0.00612158328294754,0
lsa-trimmed-mean-late20-seed42-20261004,6,4,fc1,sparsity,0.08061464308476737,0
lsa-trimmed-mean-late20-seed42-20261004,6,4,fc1,skewness,2.2536270360877086,0
lsa-trimmed-mean-late20-seed42-20261004,6,4,fc1,kurtosis,31.365167403480797,0
lsa-trimmed-mean-late20-seed42-20261004,6,4,output,mean,5.6416655962283795e-11,0
lsa-trimmed-mean-late20-seed42-20261004,6,4,output,std,0.0015859286136319674,0
lsa-trimmed-mean-late20-seed42-20261004,6,4,output,median,-1.6689300537109375e-06,0
lsa-trimmed-mean-late20-seed42-20261004,6,4,output,min,-0.005096711218357086,0
lsa-trimmed-mean-late20-seed42-20261004,6,4,output,max,0.007996626198291779,0
lsa-trimmed-mean-late20-seed42-20261004,6,4,output,l1,0.6484594370704144,0
lsa-trimmed-mean-late20-seed42-20261004,6,4,output,l2,0.0404334047403728,0
lsa-trimmed-mean-late20-seed42-20261004,6,4,output,max_abs,0.007996626198291779,0
lsa-trimmed-mean-late20-seed42-20261004,6,4,output,sparsity,0.03076923076923077,0
lsa-trimmed-mean-late20-seed42-20261004,6,4,output,skewness,1.0023431945216021,0
lsa-trimmed-mean-late20-seed42-20261004,6,4,output,kurtosis,4.013232890483831,0
lsa-trimmed-mean-late20-seed42-20261004,7,0,conv1,mean,0.002263374309404753,0
lsa-trimmed-mean-late20-seed42-20261004,7,0,conv1,std,0.0037297942671874113,0
lsa-trimmed-mean-late20-seed42-20261004,7,0,conv1,median,0.0004691481590270996,0
lsa-trimmed-mean-late20-seed42-20261004,7,0,conv1,min,-0.002388477325439453,0
lsa-trimmed-mean-late20-seed42-20261004,7,0,conv1,max,0.013789653778076172,0
lsa-trimmed-mean-late20-seed42-20261004,7,0,conv1,l1,0.40104938903823495,0
lsa-trimmed-mean-late20-seed42-20261004,7,0,conv1,l2,0.055185836646759315,0
lsa-trimmed-mean-late20-seed42-20261004,7,0,conv1,max_abs,0.013789653778076172,0
lsa-trimmed-mean-late20-seed42-20261004,7,0,conv1,sparsity,0.0,0
lsa-trimmed-mean-late20-seed42-20261004,7,0,conv1,skewness,1.4879349904918022,0
lsa-trimmed-mean-late20-seed42-20261004,7,0,conv1,kurtosis,1.064804699090386,0
lsa-trimmed-mean-late20-seed42-20261004,7,0,conv2,mean,0.00042594956166128433,0
lsa-trimmed-mean-late20-seed42-20261004,7,0,conv2,std,0.0011272284597734308,0
lsa-trimmed-mean-late20-seed42-20261004,7,0,conv2,median,0.00010529044084250927,0
lsa-trimmed-mean-late20-seed42-20261004,7,0,conv2,min,-0.002821214497089386,0
lsa-trimmed-mean-late20-seed42-20261004,7,0,conv2,max,0.012761317193508148,0
lsa-trimmed-mean-late20-seed42-20261004,7,0,conv2,l1,2.6597453125705215,0
lsa-trimmed-mean-late20-seed42-20261004,7,0,conv2,l2,0.08208311286346397,0
lsa-trimmed-mean-late20-seed42-20261004,7,0,conv2,max_abs,0.012761317193508148,0
lsa-trimmed-mean-late20-seed42-20261004,7,0,conv2,sparsity,0.0,0
lsa-trimmed-mean-late20-seed42-20261004,7,0,conv2,skewness,3.9342167549865135,0
lsa-trimmed-mean-late20-seed42-20261004,7,0,conv2,kurtosis,24.407150946687757,0
lsa-trimmed-mean-late20-seed42-20261004,7,0,fc1,mean,4.340241573689755e-05,0
lsa-trimmed-mean-late20-seed42-20261004,7,0,fc1,std,0.00037795177210971813,0
lsa-trimmed-mean-late20-seed42-20261004,7,0,fc1,median,0.0,0
lsa-trimmed-mean-late20-seed42-20261004,7,0,fc1,min,-0.005943531170487404,0
lsa-trimmed-mean-late20-seed42-20261004,7,0,fc1,max,0.006775658577680588,0
lsa-trimmed-mean-late20-seed42-20261004,7,0,fc1,l1,17.3240433323175,0
lsa-trimmed-mean-late20-seed42-20261004,7,0,fc1,l2,0.12055430062402699,0
lsa-trimmed-mean-late20-seed42-20261004,7,0,fc1,max_abs,0.006775658577680588,0
lsa-trimmed-mean-late20-seed42-20261004,7,0,fc1,sparsity,0.0791706500956023,0
lsa-trimmed-mean-late20-seed42-20261004,7,0,fc1,skewness,1.590053469981753,0
lsa-trimmed-mean-late20-seed42-20261004,7,0,fc1,kurtosis,32.1026312056323,0
lsa-trimmed-mean-late20-seed42-20261004,7,0,output,mean,2.8673989268449635e-10,0
lsa-trimmed-mean-late20-seed42-20261004,7,0,output,std,0.001983174833143308,0
lsa-trimmed-mean-late20-seed42-20261004,7,0,output,median,-1.695007085800171e-06,0
lsa-trimmed-mean-late20-seed42-20261004,7,0,output,min,-0.007844142615795135,0
lsa-trimmed-mean-late20-seed42-20261004,7,0,output,max,0.008262917399406433,0
lsa-trimmed-mean-late20-seed42-20261004,7,0,output,l1,0.8620000766823068,0
lsa-trimmed-mean-late20-seed42-20261004,7,0,output,l2,0.05056123586531975,0
lsa-trimmed-mean-late20-seed42-20261004,7,0,output,max_abs,0.008262917399406433,0
lsa-trimmed-mean-late20-seed42-20261004,7,0,output,sparsity,0.03076923076923077,0
lsa-trimmed-mean-late20-seed42-20261004,7,0,output,skewness,0.21657286346172674,0
lsa-trimmed-mean-late20-seed42-20261004,7,0,output,kurtosis,2.0850389145477495,0
lsa-trimmed-mean-late20-seed42-20261004,7,1,conv1,mean,0.0022462284789071417,0
lsa-trimmed-mean-late20-seed42-20261004,7,1,conv1,std,0.0037022131717338483,0
lsa-trimmed-mean-late20-seed42-20261004,7,1,conv1,median,0.0005519427359104156,0
lsa-trimmed-mean-late20-seed42-20261004,7,1,conv1,min,-0.0021790415048599243,0
lsa-trimmed-mean-late20-seed42-20261004,7,1,conv1,max,0.013569831848144531,0
lsa-trimmed-mean-late20-seed42-20261004,7,1,conv1,l1,0.3988144781906158,0
lsa-trimmed-mean-late20-seed42-20261004,7,1,conv1,l2,0.054775066953369346,0
lsa-trimmed-mean-late20-seed42-20261004,7,1,conv1,max_abs,0.013569831848144531,0
lsa-trimmed-mean-late20-seed42-20261004,7,1,conv1,sparsity,0.0,0
lsa-trimmed-mean-late20-seed42-20261004,7,1,conv1,skewness,1.4757759698882231,0
lsa-trimmed-mean-late20-seed42-20261004,7,1,conv1,kurtosis,1.0027232559508352,0
lsa-trimmed-mean-late20-seed42-20261004,7,1,conv2,mean,0.0004283647911204847,0
lsa-trimmed-mean-late20-seed42-20261004,7,1,conv2,std,0.001130301623941709,0
lsa-trimmed-mean-late20-seed42-20261004,7,1,conv2,median,9.955745190382004e-05,0
lsa-trimmed-mean-late20-seed42-20261004,7,1,conv2,min,-0.002722606062889099,0
lsa-trimmed-mean-late20-seed42-20261004,7,1,conv2,max,0.01236385852098465,0
lsa-trimmed-mean-late20-seed42-20261004,7,1,conv2,l1,2.643445569096002,0
lsa-trimmed-mean-late20-seed42-20261004,7,1,conv2,l2,0.08233712796094055,0
lsa-trimmed-mean-late20-seed42-20261004,7,1,conv2,max_abs,0.01236385852098465,0
lsa-trimmed-mean-late20-seed42-20261004,7,1,conv2,sparsity,0.0004310344827586207,0
lsa-trimmed-mean-late20-seed42-20261004,7,1,conv2,skewness,3.9322413378642778,0
lsa-trimmed-mean-late20-seed42-20261004,7,1,conv2,kurtosis,23.804894308085665,0
lsa-trimmed-mean-late20-seed42-20261004,7,1,fc1,mean,3.9699429872416296e-05,0
lsa-trimmed-mean-late20-seed42-20261004,7,1,fc1,std,0.000358118949939838,0
lsa-trimmed-mean-late20-seed42-20261004,7,1,fc1,median,0.0,0
lsa-trimmed-mean-late20-seed42-20261004,7,1,fc1,min,-0.005023336037993431,0
lsa-trimmed-mean-late20-seed42-20261004,7,1,fc1,max,0.005755927413702011,0
lsa-trimmed-mean-late20-seed42-20261004,7,1,fc1,l1,17.026532496932717,0
lsa-trimmed-mean-late20-seed42-20261004,7,1,fc1,l2,0.1141776247706555,0
lsa-trimmed-mean-late20-seed42-20261004,7,1,fc1,max_abs,0.005755927413702011,0
lsa-trimmed-mean-late20-seed42-20261004,7,1,fc1,sparsity,0.07143283938814532,0
lsa-trimmed-mean-late20-seed42-20261004,7,1,fc1,skewness,1.6921649590720065,0
lsa-trimmed-mean-late20-seed42-20261004,7,1,fc1,kurtosis,26.773101857994117,0
lsa-trimmed-mean-late20-seed42-20261004,7,1,output,mean,1.7180214994228803e-10,0
lsa-trimmed-mean-late20-seed42-20261004,7,1,output,std,0.001995880484694853,0
lsa-trimmed-mean-late20-seed42-20261004,7,1,output,median,-1.5925616025924683e-06,0
lsa-trimmed-mean-late20-seed42-20261004,7,1,output,min,-0.006896607577800751,0
lsa-trimmed-mean-late20-seed42-20261004,7,1,output,max,0.008502081036567688,0
lsa-trimmed-mean-late20-seed42-20261004,7,1,output,l1,0.8402326435025316,0
lsa-trimmed-mean-late20-seed42-20261004,7,1,output,l2,0.050885167691290596,0
lsa-trimmed-mean-late20-seed42-20261004,7,1,output,max_abs,0.008502081036567688,0
lsa-trimmed-mean-late20-seed42-20261004,7,1,output,sparsity,0.015384615384615385,0
lsa-trimmed-mean-late20-seed42-20261004,7,1,output,skewness,0.6960632933955733,0
lsa-trimmed-mean-late20-seed42-20261004,7,1,output,kurtosis,2.755825320672068,0
lsa-trimmed-mean-late20-seed42-20261004,7,2,conv1,mean,0.002183966576558305,0
lsa-trimmed-mean-late20-seed42-20261004,7,2,conv1,std,0.0036200758922794248,0
lsa-trimmed-mean-late20-seed42-20261004,7,2,conv1,median,0.0004597194492816925,0
lsa-trimmed-mean-late20-seed42-20261004,7,2,conv1,min,-0.002208516001701355,0
lsa-trimmed-mean-late20-seed42-20261004,7,2,conv1,max,0.013607442378997803,0
lsa-trimmed-mean-late20-seed42-20261004,7,2,conv1,l1,0.3881397215882316,0
lsa-trimmed-mean-late20-seed42-20261004,7,2,conv1,l2,0.053478458427125924,0
lsa-trimmed-mean-late20-seed42-20261004,7,2,conv1,max_abs,0.013607442378997803,0
lsa-trimmed-mean-late20-seed42-20261004,7,2,conv1,sparsity,0.0,0
lsa-trimmed-mean-late20-seed42-20261004,7,2,conv1,skewness,1.4828236027412534,0
lsa-trimmed-mean-late20-seed42-20261004,7,2,conv1,kurtosis,1.0624599674117308,0
lsa-trimmed-mean-late20-seed42-20261004,7,2,conv2,mean,0.0004154723985909092,0
lsa-trimmed-mean-late20-seed42-20261004,7,2,conv2,std,0.0010998166604593751,0
lsa-trimmed-mean-late20-seed42-20261004,7,2,conv2,median,9.166263043880463e-05,0
lsa-trimmed-mean-late20-seed42-20261004,7,2,conv2,min,-0.0026386380195617676,0
lsa-trimmed-mean-late20-seed42-20261004,7,2,conv2,max,0.012238793075084686,0
lsa-trimmed-mean-late20-seed42-20261004,7,2,conv2,l1,2.5330994886535336,0
lsa-trimmed-mean-late20-seed42-20261004,7,2,conv2,l2,0.08008416174783323,0
lsa-trimmed-mean-late20-seed42-20261004,7,2,conv2,max_abs,0.012238793075084686,0
lsa-trimmed-mean-late20-seed42-20261004,7,2,conv2,sparsity,0.0,0
lsa-trimmed-mean-late20-seed42-20261004,7,2,conv2,skewness,4.034262154465796,0
lsa-trimmed-mean-late20-seed42-20261004,7,2,conv2,kurtosis,24.878696115501565,0
lsa-trimmed-mean-late20-seed42-20261004,7,2,fc1,mean,6.0134230629551485e-05,0
lsa-trimmed-mean-late20-seed42-20261004,7,2,fc1,std,0.000347645742401434,0
lsa-trimmed-mean-late20-seed42-20261004,7,2,fc1,median,6.279442459344864e-07,0
lsa-trimmed-mean-late20-seed42-20261004,7,2,fc1,min,-0.006056248676031828,0
lsa-trimmed-mean-late20-seed42-20261004,7,2,fc1,max,0.006168495863676071,0
lsa-trimmed-mean-late20-seed42-20261004,7,2,fc1,l1,16.58724784236233,0
lsa-trimmed-mean-late20-seed42-20261004,7,2,fc1,l2,0.111799596799331,0
lsa-trimmed-mean-late20-seed42-20261004,7,2,fc1,max_abs,0.006168495863676071,0
lsa-trimmed-mean-late20-seed42-20261004,7,2,fc1,sparsity,0.07961878585086042,0
lsa-trimmed-mean-late20-seed42-20261004,7,2,fc1,skewness,1.7309266509353707,0
lsa-trimmed-mean-late20-seed42-20261004,7,2,fc1,kurtosis,24.533880993392707,0
lsa-trimmed-mean-late20-seed42-20261004,7,2,output,mean,-4.726909817411349e-10,0
lsa-trimmed-mean-late20-seed42-20261004,7,2,output,std,0.0018372740660663432,0
lsa-trimmed-mean-late20-seed42-20261004,7,2,output,median,-9.844079613685608e-07,0
lsa-trimmed-mean-late20-seed42-20261004,7,2,output,min,-0.007592789828777313,0
lsa-trimmed-mean-late20-seed42-20261004,7,2,output,max,0.007720783352851868,0
lsa-trimmed-mean-late20-seed42-20261004,7,2,output,l1,0.780023615603568,0
lsa-trimmed-mean-late20-seed42-20261004,7,2,output,l2,0.04684148157345277,0
lsa-trimmed-mean-late20-seed42-20261004,7,2,output,max_abs,0.007720783352851868,0
lsa-trimmed-mean-late20-seed42-20261004,7,2,output,sparsity,0.03076923076923077,0
lsa-trimmed-mean-late20-seed42-20261004,7,2,output,skewness,0.2132348581837191,0
lsa-trimmed-mean-late20-seed42-20261004,7,2,output,kurtosis,2.7904869111252903,0
lsa-trimmed-mean-late20-seed42-20261004,7,3,conv1,mean,0.002401455362996785,0
lsa-trimmed-mean-late20-seed42-20261004,7,3,conv1,std,0.003958464061098883,0
lsa-trimmed-mean-late20-seed42-20261004,7,3,conv1,median,0.0004816874861717224,0
lsa-trimmed-mean-late20-seed42-20261004,7,3,conv1,min,-0.002334684133529663,0
lsa-trimmed-mean-late20-seed42-20261004,7,3,conv1,max,0.014884918928146362,0
lsa-trimmed-mean-late20-seed42-20261004,7,3,conv1,l1,0.42046382708940655,0
lsa-trimmed-mean-late20-seed42-20261004,7,3,conv1,l2,0.05856473421229193,0
lsa-trimmed-mean-late20-seed42-20261004,7,3,conv1,max_abs,0.014884918928146362,0
lsa-trimmed-mean-late20-seed42-20261004,7,3,conv1,sparsity,0.0,0
lsa-trimmed-mean-late20-seed42-20261004,7,3,conv1,skewness,1.5157242107643767,0
lsa-trimmed-mean-late20-seed42-20261004,7,3,conv1,kurtosis,1.1566900200428876,0
lsa-trimmed-mean-late20-seed42-20261004,7,3,conv2,mean,0.00047085711924817837,0
lsa-trimmed-mean-late20-seed42-20261004,7,3,conv2,std,0.0011957154645027915,0
lsa-trimmed-mean-late20-seed42-20261004,7,3,conv2,median,0.00011330470442771912,0
lsa-trimmed-mean-late20-seed42-20261004,7,3,conv2,min,-0.002734139561653137,0
lsa-trimmed-mean-late20-seed42-20261004,7,3,conv2,max,0.013309374451637268,0
lsa-trimmed-mean-late20-seed42-20261004,7,3,conv2,l1,2.772673923544062,0
lsa-trimmed-mean-late20-seed42-20261004,7,3,conv2,l2,0.08753679460902074,0
lsa-trimmed-mean-late20-seed42-20261004,7,3,conv2,max_abs,0.013309374451637268,0
lsa-trimmed-mean-late20-seed42-20261004,7,3,conv2,sparsity,0.0,0
lsa-trimmed-mean-late20-seed42-20261004,7,3,conv2,skewness,4.048120931365915,0
lsa-trimmed-mean-late20-seed42-20261004,7,3,conv2,kurtosis,24.934754929867903,0
lsa-trimmed-mean-late20-seed42-20261004,7,3,fc1,mean,4.975560979173951e-05,0
lsa-trimmed-mean-late20-seed42-20261004,7,3,fc1,std,0.00035824294964335987,0
lsa-trimmed-mean-late20-seed42-20261004,7,3,fc1,median,0.0,0
lsa-trimmed-mean-late20-seed42-20261004,7,3,fc1,min,-0.0044740960001945496,0
lsa-trimmed-mean-late20-seed42-20261004,7,3,fc1,max,0.006586125120520592,0
lsa-trimmed-mean-late20-seed42-20261004,7,3,fc1,l1,16.62406213903182,0
lsa-trimmed-mean-late20-seed42-20261004,7,3,fc1,l2,0.11461143764157677,0
lsa-trimmed-mean-late20-seed42-20261004,7,3,fc1,max_abs,0.006586125120520592,0
lsa-trimmed-mean-late20-seed42-20261004,7,3,fc1,sparsity,0.08912922243467176,0
lsa-trimmed-mean-late20-seed42-20261004,7,3,fc1,skewness,2.0632362696345607,0
lsa-trimmed-mean-late20-seed42-20261004,7,3,fc1,kurtosis,28.531649918177337,0
lsa-trimmed-mean-late20-seed42-20261004,7,3,output,mean,1.9172708002420572e-10,0
lsa-trimmed-mean-late20-seed42-20261004,7,3,output,std,0.0020318071998592217,0
lsa-trimmed-mean-late20-seed42-20261004,7,3,output,median,-1.3709068298339844e-06,0
lsa-trimmed-mean-late20-seed42-20261004,7,3,output,min,-0.00779365748167038,0
lsa-trimmed-mean-late20-seed42-20261004,7,3,output,max,0.008977845311164856,0
lsa-trimmed-mean-late20-seed42-20261004,7,3,output,l1,0.8652149072731845,0
lsa-trimmed-mean-late20-seed42-20261004,7,3,output,l2,0.05180112279970266,0
lsa-trimmed-mean-late20-seed42-20261004,7,3,output,max_abs,0.008977845311164856,0
lsa-trimmed-mean-late20-seed42-20261004,7,3,output,sparsity,0.046153846153846156,0
lsa-trimmed-mean-late20-seed42-20261004,7,3,output,skewness,0.6374552518982831,0
lsa-trimmed-mean-late20-seed42-20261004,7,3,output,kurtosis,3.0427856437772913,0
lsa-trimmed-mean-late20-seed42-20261004,7,4,conv1,mean,0.0023906702008389402,0
lsa-trimmed-mean-late20-seed42-20261004,7,4,conv1,std,0.003962538944784132,0
lsa-trimmed-mean-late20-seed42-20261004,7,4,conv1,median,0.00044241733849048615,0
lsa-trimmed-mean-late20-seed42-20261004,7,4,conv1,min,-0.0026338696479797363,0
lsa-trimmed-mean-late20-seed42-20261004,7,4,conv1,max,0.014784902334213257,0
lsa-trimmed-mean-late20-seed42-20261004,7,4,conv1,l1,0.4199047432048246,0
lsa-trimmed-mean-late20-seed42-20261004,7,4,conv1,l2,0.05853821848756279,0
lsa-trimmed-mean-late20-seed42-20261004,7,4,conv1,max_abs,0.014784902334213257,0
lsa-trimmed-mean-late20-seed42-20261004,7,4,conv1,sparsity,0.0,0
lsa-trimmed-mean-late20-seed42-20261004,7,4,conv1,skewness,1.5097509418908794,0
lsa-trimmed-mean-late20-seed42-20261004,7,4,conv1,kurtosis,1.1284403725235688,0
lsa-trimmed-mean-late20-seed42-20261004,7,4,conv2,mean,0.0004490636725824186,0
lsa-trimmed-mean-late20-seed42-20261004,7,4,conv2,std,0.001208680925183851,0
lsa-trimmed-mean-late20-seed42-20261004,7,4,conv2,median,9.509362280368805e-05,0
lsa-trimmed-mean-late20-seed42-20261004,7,4,conv2,min,-0.002749532461166382,0
lsa-trimmed-mean-late20-seed42-20261004,7,4,conv2,max,0.013942509889602661,0
lsa-trimmed-mean-late20-seed42-20261004,7,4,conv2,l1,2.728028858870857,0
lsa-trimmed-mean-late20-seed42-20261004,7,4,conv2,l2,0.08783116992699891,0
lsa-trimmed-mean-late20-seed42-20261004,7,4,conv2,max_abs,0.013942509889602661,0
lsa-trimmed-mean-late20-seed42-20261004,7,4,conv2,sparsity,0.0,0
lsa-trimmed-mean-late20-seed42-20261004,7,4,conv2,skewness,4.1927878079275,0
lsa-trimmed-mean-late20-seed42-20261004,7,4,conv2,kurtosis,26.988306181654487,0
lsa-trimmed-mean-late20-seed42-20261004,7,4,fc1,mean,5.515000166576099e-05,0
lsa-trimmed-mean-late20-seed42-20261004,7,4,fc1,std,0.00036733754207357274,0
lsa-trimmed-mean-late20-seed42-20261004,7,4,fc1,median,3.259629011154175e-08,0
lsa-trimmed-mean-late20-seed42-20261004,7,4,fc1,min,-0.005189759656786919,0
lsa-trimmed-mean-late20-seed42-20261004,7,4,fc1,max,0.007046326994895935,0
lsa-trimmed-mean-late20-seed42-20261004,7,4,fc1,l1,17.156186399304715,0
lsa-trimmed-mean-late20-seed42-20261004,7,4,fc1,l2,0.11770827609526395,0
lsa-trimmed-mean-late20-seed42-20261004,7,4,fc1,max_abs,0.007046326994895935,0
lsa-trimmed-mean-late20-seed42-20261004,7,4,fc1,sparsity,0.07833413001912046,0
lsa-trimmed-mean-late20-seed42-20261004,7,4,fc1,skewness,2.2129589392236504,0
lsa-trimmed-mean-late20-seed42-20261004,7,4,fc1,kurtosis,31.025235511295378,0
lsa-trimmed-mean-late20-seed42-20261004,7,4,output,mean,4.658403878028576e-10,0
lsa-trimmed-mean-late20-seed42-20261004,7,4,output,std,0.0020625873308373786,0
lsa-trimmed-mean-late20-seed42-20261004,7,4,output,median,-7.82310962677002e-07,0
lsa-trimmed-mean-late20-seed42-20261004,7,4,output,min,-0.006820894777774811,0
lsa-trimmed-mean-late20-seed42-20261004,7,4,output,max,0.009996496140956879,0
lsa-trimmed-mean-late20-seed42-20261004,7,4,output,l1,0.8664937230059877,0
lsa-trimmed-mean-late20-seed42-20261004,7,4,output,l2,0.0525858652421466,0
lsa-trimmed-mean-late20-seed42-20261004,7,4,output,max_abs,0.009996496140956879,0
lsa-trimmed-mean-late20-seed42-20261004,7,4,output,sparsity,0.03076923076923077,0
lsa-trimmed-mean-late20-seed42-20261004,7,4,output,skewness,0.8066043748421108,0
lsa-trimmed-mean-late20-seed42-20261004,7,4,output,kurtosis,3.2813911210366236,0
lsa-trimmed-mean-late20-seed42-20261004,8,0,conv1,mean,0.0030031840557057875,0
lsa-trimmed-mean-late20-seed42-20261004,8,0,conv1,std,0.004832276073952866,0
lsa-trimmed-mean-late20-seed42-20261004,8,0,conv1,median,0.0006917864084243774,0
lsa-trimmed-mean-late20-seed42-20261004,8,0,conv1,min,-0.0024312585592269897,0
lsa-trimmed-mean-late20-seed42-20261004,8,0,conv1,max,0.01785379648208618,0
lsa-trimmed-mean-late20-seed42-20261004,8,0,conv1,l1,0.5226643368368968,0
lsa-trimmed-mean-late20-seed42-20261004,8,0,conv1,l2,0.07196666620300574,0
lsa-trimmed-mean-late20-seed42-20261004,8,0,conv1,max_abs,0.01785379648208618,0
lsa-trimmed-mean-late20-seed42-20261004,8,0,conv1,sparsity,0.0,0
lsa-trimmed-mean-late20-seed42-20261004,8,0,conv1,skewness,1.489581194828939,0
lsa-trimmed-mean-late20-seed42-20261004,8,0,conv1,kurtosis,1.0308730942258286,0
lsa-trimmed-mean-late20-seed42-20261004,8,0,conv2,mean,0.0004953765676818561,0
lsa-trimmed-mean-late20-seed42-20261004,8,0,conv2,std,0.001362643067035522,0
lsa-trimmed-mean-late20-seed42-20261004,8,0,conv2,median,0.00010963529348373413,0
lsa-trimmed-mean-late20-seed42-20261004,8,0,conv2,min,-0.003270186483860016,0
lsa-trimmed-mean-late20-seed42-20261004,8,0,conv2,max,0.015516869723796844,0
lsa-trimmed-mean-late20-seed42-20261004,8,0,conv2,l1,3.1285481522972987,0
lsa-trimmed-mean-late20-seed42-20261004,8,0,conv2,l2,0.09876325477544667,0
lsa-trimmed-mean-late20-seed42-20261004,8,0,conv2,max_abs,0.015516869723796844,0
lsa-trimmed-mean-late20-seed42-20261004,8,0,conv2,sparsity,0.0,0
lsa-trimmed-mean-late20-seed42-20261004,8,0,conv2,skewness,4.050193957299978,0
lsa-trimmed-mean-late20-seed42-20261004,8,0,conv2,kurtosis,25.432304719485913,0
lsa-trimmed-mean-late20-seed42-20261004,8,0,fc1,mean,4.852401897516685e-05,0
lsa-trimmed-mean-late20-seed42-20261004,8,0,fc1,std,0.0004524106745483368,0
lsa-trimmed-mean-late20-seed42-20261004,8,0,fc1,median,0.0,0
lsa-trimmed-mean-late20-seed42-20261004,8,0,fc1,min,-0.007851225323975086,0
lsa-trimmed-mean-late20-seed42-20261004,8,0,fc1,max,0.00808842945843935,0
lsa-trimmed-mean-late20-seed42-20261004,8,0,fc1,l1,20.80846051223962,0
lsa-trimmed-mean-late20-seed42-20261004,8,0,fc1,l2,0.14418434161102678,0
lsa-trimmed-mean-late20-seed42-20261004,8,0,fc1,max_abs,0.00808842945843935,0
lsa-trimmed-mean-late20-seed42-20261004,8,0,fc1,sparsity,0.0745697896749522,0
lsa-trimmed-mean-late20-seed42-20261004,8,0,fc1,skewness,1.279603288650202,0
lsa-trimmed-mean-late20-seed42-20261004,8,0,fc1,kurtosis,31.208350711347677,0
lsa-trimmed-mean-late20-seed42-20261004,8,0,output,mean,5.1939143584324766e-11,0
lsa-trimmed-mean-late20-seed42-20261004,8,0,output,std,0.0026163895974920448,0
lsa-trimmed-mean-late20-seed42-20261004,8,0,output,median,-1.8458813428878784e-06,0
lsa-trimmed-mean-late20-seed42-20261004,8,0,output,min,-0.009813427925109863,0
lsa-trimmed-mean-late20-seed42-20261004,8,0,output,max,0.013233013451099396,0
lsa-trimmed-mean-late20-seed42-20261004,8,0,output,l1,1.136314938776195,0
lsa-trimmed-mean-late20-seed42-20261004,8,0,output,l2,0.06670510806386555,0
lsa-trimmed-mean-late20-seed42-20261004,8,0,output,max_abs,0.013233013451099396,0
lsa-trimmed-mean-late20-seed42-20261004,8,0,output,sparsity,0.03076923076923077,0
lsa-trimmed-mean-late20-seed42-20261004,8,0,output,skewness,0.3741022467931124,0
lsa-trimmed-mean-late20-seed42-20261004,8,0,output,kurtosis,2.5522187562271696,0
lsa-trimmed-mean-late20-seed42-20261004,8,1,conv1,mean,0.003009472508711042,0
lsa-trimmed-mean-late20-seed42-20261004,8,1,conv1,std,0.004862626859579305,0
lsa-trimmed-mean-late20-seed42-20261004,8,1,conv1,median,0.0007300861179828644,0
lsa-trimmed-mean-late20-seed42-20261004,8,1,conv1,min,-0.002343475818634033,0
lsa-trimmed-mean-late20-seed42-20261004,8,1,conv1,max,0.017674654722213745,0
lsa-trimmed-mean-late20-seed42-20261004,8,1,conv1,l1,0.5252036553574726,0
lsa-trimmed-mean-late20-seed42-20261004,8,1,conv1,l2,0.07233484886961707,0
lsa-trimmed-mean-late20-seed42-20261004,8,1,conv1,max_abs,0.017674654722213745,0
lsa-trimmed-mean-late20-seed42-20261004,8,1,conv1,sparsity,0.0,0
lsa-trimmed-mean-late20-seed42-20261004,8,1,conv1,skewness,1.4774097348702335,0
lsa-trimmed-mean-late20-seed42-20261004,8,1,conv1,kurtosis,0.9504125429567547,0
lsa-trimmed-mean-late20-seed42-20261004,8,1,conv2,mean,0.0005053847367086182,0
lsa-trimmed-mean-late20-seed42-20261004,8,1,conv2,std,0.0013749915495978409,0
lsa-trimmed-mean-late20-seed42-20261004,8,1,conv2,median,0.00010442733764648438,0
lsa-trimmed-mean-late20-seed42-20261004,8,1,conv2,min,-0.0032102465629577637,0
lsa-trimmed-mean-late20-seed42-20261004,8,1,conv2,max,0.015435568988323212,0
lsa-trimmed-mean-late20-seed42-20261004,8,1,conv2,l1,3.0999475425396668,0
lsa-trimmed-mean-late20-seed42-20261004,8,1,conv2,l2,0.09978733331507907,0
lsa-trimmed-mean-late20-seed42-20261004,8,1,conv2,max_abs,0.015435568988323212,0
lsa-trimmed-mean-late20-seed42-20261004,8,1,conv2,sparsity,0.0,0
lsa-trimmed-mean-late20-seed42-20261004,8,1,conv2,skewness,4.179400562360907,0
lsa-trimmed-mean-late20-seed42-20261004,8,1,conv2,kurtosis,26.449338459962423,0
lsa-trimmed-mean-late20-seed42-20261004,8,1,fc1,mean,4.662298199225363e-05,0
lsa-trimmed-mean-late20-seed42-20261004,8,1,fc1,std,0.0004114264329022607,0
lsa-trimmed-mean-late20-seed42-20261004,8,1,fc1,median,0.0,0
lsa-trimmed-mean-late20-seed42-20261004,8,1,fc1,min,-0.005069896578788757,0
lsa-trimmed-mean-late20-seed42-20261004,8,1,fc1,max,0.006656071171164513,0
lsa-trimmed-mean-late20-seed42-20261004,8,1,fc1,l1,19.583523992828646,0
lsa-trimmed-mean-late20-seed42-20261004,8,1,fc1,l2,0.13120923178459398,0
lsa-trimmed-mean-late20-seed42-20261004,8,1,fc1,max_abs,0.006656071171164513,0
lsa-trimmed-mean-late20-seed42-20261004,8,1,fc1,sparsity,0.07650175270873168,0
lsa-trimmed-mean-late20-seed42-20261004,8,1,fc1,skewness,1.7501171662774688,0
lsa-trimmed-mean-late20-seed42-20261004,8,1,fc1,kurtosis,26.39178241434226,0
lsa-trimmed-mean-late20-seed42-20261004,8,1,output,mean,1.5617563174321102e-10,0
lsa-trimmed-mean-late20-seed42-20261004,8,1,output,std,0.002571878875665262,0
lsa-trimmed-mean-late20-seed42-20261004,8,1,output,median,-1.3783574104309082e-06,0
lsa-trimmed-mean-late20-seed42-20261004,8,1,output,min,-0.00848899781703949,0
lsa-trimmed-mean-late20-seed42-20261004,8,1,output,max,0.009618520736694336,0
lsa-trimmed-mean-late20-seed42-20261004,8,1,output,l1,1.1088716322556138,0
lsa-trimmed-mean-late20-seed42-20261004,8,1,output,l2,0.06557030286807133,0
lsa-trimmed-mean-late20-seed42-20261004,8,1,output,max_abs,0.009618520736694336,0
lsa-trimmed-mean-late20-seed42-20261004,8,1,output,sparsity,0.03076923076923077,0
lsa-trimmed-mean-late20-seed42-20261004,8,1,output,skewness,0.5714680897459544,0
lsa-trimmed-mean-late20-seed42-20261004,8,1,output,kurtosis,2.097856391588233,0
lsa-trimmed-mean-late20-seed42-20261004,8,2,conv1,mean,0.0028523531447717685,0
lsa-trimmed-mean-late20-seed42-20261004,8,2,conv1,std,0.004654420061747219,0
lsa-trimmed-mean-late20-seed42-20261004,8,2,conv1,median,0.0005584731698036194,0
lsa-trimmed-mean-late20-seed42-20261004,8,2,conv1,min,-0.0022509247064590454,0
lsa-trimmed-mean-late20-seed42-20261004,8,2,conv1,max,0.017351984977722168,0
lsa-trimmed-mean-late20-seed42-20261004,8,2,conv1,l1,0.4981324431137182,0
lsa-trimmed-mean-late20-seed42-20261004,8,2,conv1,l2,0.0690501783617501,0
lsa-trimmed-mean-late20-seed42-20261004,8,2,conv1,max_abs,0.017351984977722168,0
lsa-trimmed-mean-late20-seed42-20261004,8,2,conv1,sparsity,0.0,0
lsa-trimmed-mean-late20-seed42-20261004,8,2,conv1,skewness,1.4950293590071855,0
lsa-trimmed-mean-late20-seed42-20261004,8,2,conv1,kurtosis,1.0386127904795863,0
lsa-trimmed-mean-late20-seed42-20261004,8,2,conv2,mean,0.00048537549770579625,0
lsa-trimmed-mean-late20-seed42-20261004,8,2,conv2,std,0.0013110590537047826,0
lsa-trimmed-mean-late20-seed42-20261004,8,2,conv2,median,0.00010075699537992477,0
lsa-trimmed-mean-late20-seed42-20261004,8,2,conv2,min,-0.0030302107334136963,0
lsa-trimmed-mean-late20-seed42-20261004,8,2,conv2,max,0.014852799475193024,0
lsa-trimmed-mean-late20-seed42-20261004,8,2,conv2,l1,2.965246853114877,0
lsa-trimmed-mean-late20-seed42-20261004,8,2,conv2,l2,0.09522981992309631,0
lsa-trimmed-mean-late20-seed42-20261004,8,2,conv2,max_abs,0.014852799475193024,0
lsa-trimmed-mean-late20-seed42-20261004,8,2,conv2,sparsity,0.0,0
lsa-trimmed-mean-late20-seed42-20261004,8,2,conv2,skewness,4.125959103367058,0
lsa-trimmed-mean-late20-seed42-20261004,8,2,conv2,kurtosis,25.798962312855807,0
lsa-trimmed-mean-late20-seed42-20261004,8,2,fc1,mean,6.542564852614584e-05,0
lsa-trimmed-mean-late20-seed42-20261004,8,2,fc1,std,0.0003991708676272632,0
lsa-trimmed-mean-late20-seed42-20261004,8,2,fc1,median,2.3412576410919428e-07,0
lsa-trimmed-mean-late20-seed42-20261004,8,2,fc1,min,-0.00697497371584177,0
lsa-trimmed-mean-late20-seed42-20261004,8,2,fc1,max,0.0069151706993579865,0
lsa-trimmed-mean-late20-seed42-20261004,8,2,fc1,l1,19.05421304138369,0
lsa-trimmed-mean-late20-seed42-20261004,8,2,fc1,l2,0.12817899496371699,0
lsa-trimmed-mean-late20-seed42-20261004,8,2,fc1,max_abs,0.00697497371584177,0
lsa-trimmed-mean-late20-seed42-20261004,8,2,fc1,sparsity,0.08685866794136393,0
lsa-trimmed-mean-late20-seed42-20261004,8,2,fc1,skewness,1.595166298313398,0
lsa-trimmed-mean-late20-seed42-20261004,8,2,fc1,kurtosis,24.406616953130012,0
lsa-trimmed-mean-late20-seed42-20261004,8,2,output,mean,-3.4920119035702487e-10,0
lsa-trimmed-mean-late20-seed42-20261004,8,2,output,std,0.002322614476148675,0
lsa-trimmed-mean-late20-seed42-20261004,8,2,output,median,-4.675239324569702e-07,0
lsa-trimmed-mean-late20-seed42-20261004,8,2,output,min,-0.009472213685512543,0
lsa-trimmed-mean-late20-seed42-20261004,8,2,output,max,0.007989004254341125,0
lsa-trimmed-mean-late20-seed42-20261004,8,2,output,l1,1.0222507556609344,0
lsa-trimmed-mean-late20-seed42-20261004,8,2,output,l2,0.05921528268217655,0
lsa-trimmed-mean-late20-seed42-20261004,8,2,output,max_abs,0.009472213685512543,0
lsa-trimmed-mean-late20-seed42-20261004,8,2,output,sparsity,0.046153846153846156,0
lsa-trimmed-mean-late20-seed42-20261004,8,2,output,skewness,-0.10082837145681456,0
lsa-trimmed-mean-late20-seed42-20261004,8,2,output,kurtosis,1.716066091160961,0
lsa-trimmed-mean-late20-seed42-20261004,8,3,conv1,mean,0.003139240363088902,0
lsa-trimmed-mean-late20-seed42-20261004,8,3,conv1,std,0.005081386116169974,0
lsa-trimmed-mean-late20-seed42-20261004,8,3,conv1,median,0.0006373822689056396,0
lsa-trimmed-mean-late20-seed42-20261004,8,3,conv1,min,-0.0026173293590545654,0
lsa-trimmed-mean-late20-seed42-20261004,8,3,conv1,max,0.018921256065368652,0
lsa-trimmed-mean-late20-seed42-20261004,8,3,conv1,l1,0.5437283117789775,0
lsa-trimmed-mean-late20-seed42-20261004,8,3,conv1,l2,0.0755516405316009,0
lsa-trimmed-mean-late20-seed42-20261004,8,3,conv1,max_abs,0.018921256065368652,0
lsa-trimmed-mean-late20-seed42-20261004,8,3,conv1,sparsity,0.0,0
lsa-trimmed-mean-late20-seed42-20261004,8,3,conv1,skewness,1.5029019625939788,0
lsa-trimmed-mean-late20-seed42-20261004,8,3,conv1,kurtosis,1.0649879801750544,0
lsa-trimmed-mean-late20-seed42-20261004,8,3,conv2,mean,0.0005419926215260038,0
lsa-trimmed-mean-late20-seed42-20261004,8,3,conv2,std,0.0014293292004441678,0
lsa-trimmed-mean-late20-seed42-20261004,8,3,conv2,median,0.00011887867003679276,0
lsa-trimmed-mean-late20-seed42-20261004,8,3,conv2,min,-0.0030590295791625977,0
lsa-trimmed-mean-late20-seed42-20261004,8,3,conv2,max,0.016130663454532623,0
lsa-trimmed-mean-late20-seed42-20261004,8,3,conv2,l1,3.221275614878323,0
lsa-trimmed-mean-late20-seed42-20261004,8,3,conv2,l2,0.10412715379642243,0
lsa-trimmed-mean-late20-seed42-20261004,8,3,conv2,max_abs,0.016130663454532623,0
lsa-trimmed-mean-late20-seed42-20261004,8,3,conv2,sparsity,0.0,0
lsa-trimmed-mean-late20-seed42-20261004,8,3,conv2,skewness,4.19339785545772,0
lsa-trimmed-mean-late20-seed42-20261004,8,3,conv2,kurtosis,26.42061446599036,0
lsa-trimmed-mean-late20-seed42-20261004,8,3,fc1,mean,5.487436409260146e-05,0
lsa-trimmed-mean-late20-seed42-20261004,8,3,fc1,std,0.00040743551920043215,0
lsa-trimmed-mean-late20-seed42-20261004,8,3,fc1,median,0.0,0
lsa-trimmed-mean-late20-seed42-20261004,8,3,fc1,min,-0.0051704514771699905,0
lsa-trimmed-mean-late20-seed42-20261004,8,3,fc1,max,0.007813631556928158,0
lsa-trimmed-mean-late20-seed42-20261004,8,3,fc1,l1,18.915677143184666,0
lsa-trimmed-mean-late20-seed42-20261004,8,3,fc1,l2,0.13027586120112902,0
lsa-trimmed-mean-late20-seed42-20261004,8,3,fc1,max_abs,0.007813631556928158,0
lsa-trimmed-mean-late20-seed42-20261004,8,3,fc1,sparsity,0.06303776290630975,0
lsa-trimmed-mean-late20-seed42-20261004,8,3,fc1,skewness,1.9717525271639436,0
lsa-trimmed-mean-late20-seed42-20261004,8,3,fc1,kurtosis,27.98083215966972,0
lsa-trimmed-mean-late20-seed42-20261004,8,3,output,mean,-2.372186057842695e-10,0
lsa-trimmed-mean-late20-seed42-20261004,8,3,output,std,0.002549065503267734,0
lsa-trimmed-mean-late20-seed42-20261004,8,3,output,median,-7.171183824539185e-07,0
lsa-trimmed-mean-late20-seed42-20261004,8,3,output,min,-0.00969649851322174,0
lsa-trimmed-mean-late20-seed42-20261004,8,3,output,max,0.009685680270195007,0
lsa-trimmed-mean-late20-seed42-20261004,8,3,output,l1,1.1163003028486855,0
lsa-trimmed-mean-late20-seed42-20261004,8,3,output,l2,0.06498867371294223,0
lsa-trimmed-mean-late20-seed42-20261004,8,3,output,max_abs,0.00969649851322174,0
lsa-trimmed-mean-late20-seed42-20261004,8,3,output,sparsity,0.027692307692307693,0
lsa-trimmed-mean-late20-seed42-20261004,8,3,output,skewness,0.3715145425210938,0
lsa-trimmed-mean-late20-seed42-20261004,8,3,output,kurtosis,1.9260931441972522,0
lsa-trimmed-mean-late20-seed42-20261004,8,4,conv1,mean,0.0031607579563569742,0
lsa-trimmed-mean-late20-seed42-20261004,8,4,conv1,std,0.005098440496425035,0
lsa-trimmed-mean-late20-seed42-20261004,8,4,conv1,median,0.0005950480699539185,0
lsa-trimmed-mean-late20-seed42-20261004,8,4,conv1,min,-0.0026942789554595947,0
lsa-trimmed-mean-late20-seed42-20261004,8,4,conv1,max,0.018919318914413452,0
lsa-trimmed-mean-late20-seed42-20261004,8,4,conv1,l1,0.5464985481230542,0
lsa-trimmed-mean-late20-seed42-20261004,8,4,conv1,l2,0.07587830926346283,0
lsa-trimmed-mean-late20-seed42-20261004,8,4,conv1,max_abs,0.018919318914413452,0
lsa-trimmed-mean-late20-seed42-20261004,8,4,conv1,sparsity,0.0,0
lsa-trimmed-mean-late20-seed42-20261004,8,4,conv1,skewness,1.4885239404027755,0
lsa-trimmed-mean-late20-seed42-20261004,8,4,conv1,kurtosis,1.000556379985568,0
lsa-trimmed-mean-late20-seed42-20261004,8,4,conv2,mean,0.0005081894881168958,0
lsa-trimmed-mean-late20-seed42-20261004,8,4,conv2,std,0.0014437319197514462,0
lsa-trimmed-mean-late20-seed42-20261004,8,4,conv2,median,9.69795510172844e-05,0
lsa-trimmed-mean-late20-seed42-20261004,8,4,conv2,min,-0.0032825395464897156,0
lsa-trimmed-mean-late20-seed42-20261004,8,4,conv2,max,0.017051495611667633,0
lsa-trimmed-mean-late20-seed42-20261004,8,4,conv2,l1,3.1537190199369434,0
lsa-trimmed-mean-late20-seed42-20261004,8,4,conv2,l2,0.10425809048418991,0
lsa-trimmed-mean-late20-seed42-20261004,8,4,conv2,max_abs,0.017051495611667633,0
lsa-trimmed-mean-late20-seed42-20261004,8,4,conv2,sparsity,0.0,0
lsa-trimmed-mean-late20-seed42-20261004,8,4,conv2,skewness,4.380603294148864,0
lsa-trimmed-mean-late20-seed42-20261004,8,4,conv2,kurtosis,29.169826213703473,0
lsa-trimmed-mean-late20-seed42-20261004,8,4,fc1,mean,5.569777586965222e-05,0
lsa-trimmed-mean-late20-seed42-20261004,8,4,fc1,std,0.0004182842051790551,0
lsa-trimmed-mean-late20-seed42-20261004,8,4,fc1,median,0.0,0
lsa-trimmed-mean-late20-seed42-20261004,8,4,fc1,min,-0.006072573363780975,0
lsa-trimmed-mean-late20-seed42-20261004,8,4,fc1,max,0.007824353873729706,0
lsa-trimmed-mean-late20-seed42-20261004,8,4,fc1,l1,19.584125512210676,0
lsa-trimmed-mean-late20-seed42-20261004,8,4,fc1,l2,0.13371786135001656,0
lsa-trimmed-mean-late20-seed42-20261004,8,4,fc1,max_abs,0.007824353873729706,0
lsa-trimmed-mean-late20-seed42-20261004,8,4,fc1,sparsity,0.07507767686424474,0
lsa-trimmed-mean-late20-seed42-20261004,8,4,fc1,skewness,1.9709192083598672,0
lsa-trimmed-mean-late20-seed42-20261004,8,4,fc1,kurtosis,30.21541946530455,0
lsa-trimmed-mean-late20-seed42-20261004,8,4,output,mean,2.2226371444188632e-10,0
lsa-trimmed-mean-late20-seed42-20261004,8,4,output,std,0.0025533589098321414,0
lsa-trimmed-mean-late20-seed42-20261004,8,4,output,median,-5.140900611877441e-07,0
lsa-trimmed-mean-late20-seed42-20261004,8,4,output,min,-0.008462198078632355,0
lsa-trimmed-mean-late20-seed42-20261004,8,4,output,max,0.011716961860656738,0
lsa-trimmed-mean-late20-seed42-20261004,8,4,output,l1,1.1172233973629773,0
lsa-trimmed-mean-late20-seed42-20261004,8,4,output,l2,0.06509813453220069,0
lsa-trimmed-mean-late20-seed42-20261004,8,4,output,max_abs,0.011716961860656738,0
lsa-trimmed-mean-late20-seed42-20261004,8,4,output,sparsity,0.03076923076923077,0
lsa-trimmed-mean-late20-seed42-20261004,8,4,output,skewness,0.49517559309428294,0
lsa-trimmed-mean-late20-seed42-20261004,8,4,output,kurtosis,2.2566681794159686,0
lsa-trimmed-mean-late20-seed42-20261004,9,0,conv1,mean,0.0034865853747760413,0
lsa-trimmed-mean-late20-seed42-20261004,9,0,conv1,std,0.005562224295777412,0
lsa-trimmed-mean-late20-seed42-20261004,9,0,conv1,median,0.0007840171456336975,0
lsa-trimmed-mean-late20-seed42-20261004,9,0,conv1,min,-0.0023656636476516724,0
lsa-trimmed-mean-late20-seed42-20261004,9,0,conv1,max,0.020668983459472656,0
lsa-trimmed-mean-late20-seed42-20261004,9,0,conv1,l1,0.601446152315475,0
lsa-trimmed-mean-late20-seed42-20261004,9,0,conv1,l2,0.08303697170984858,0
lsa-trimmed-mean-late20-seed42-20261004,9,0,conv1,max_abs,0.020668983459472656,0
lsa-trimmed-mean-late20-seed42-20261004,9,0,conv1,sparsity,0.0,0
lsa-trimmed-mean-late20-seed42-20261004,9,0,conv1,skewness,1.50375939530154,0
lsa-trimmed-mean-late20-seed42-20261004,9,0,conv1,kurtosis,1.059193084738383,0
lsa-trimmed-mean-late20-seed42-20261004,9,0,conv2,mean,0.0005261255092034781,0
lsa-trimmed-mean-late20-seed42-20261004,9,0,conv2,std,0.0014832730498674142,0
lsa-trimmed-mean-late20-seed42-20261004,9,0,conv2,median,0.00010888464748859406,0
lsa-trimmed-mean-late20-seed42-20261004,9,0,conv2,min,-0.003451526165008545,0
lsa-trimmed-mean-late20-seed42-20261004,9,0,conv2,max,0.01710270345211029,0
lsa-trimmed-mean-late20-seed42-20261004,9,0,conv2,l1,3.3467217996549152,0
lsa-trimmed-mean-late20-seed42-20261004,9,0,conv2,l2,0.10720470345280968,0
lsa-trimmed-mean-late20-seed42-20261004,9,0,conv2,max_abs,0.01710270345211029,0
lsa-trimmed-mean-late20-seed42-20261004,9,0,conv2,sparsity,0.0,0
lsa-trimmed-mean-late20-seed42-20261004,9,0,conv2,skewness,4.126831456703228,0
lsa-trimmed-mean-late20-seed42-20261004,9,0,conv2,kurtosis,26.231089912505475,0
lsa-trimmed-mean-late20-seed42-20261004,9,0,fc1,mean,5.4149305974657984e-05,0
lsa-trimmed-mean-late20-seed42-20261004,9,0,fc1,std,0.0005064062460680582,0
lsa-trimmed-mean-late20-seed42-20261004,9,0,fc1,median,0.0,0
lsa-trimmed-mean-late20-seed42-20261004,9,0,fc1,min,-0.008910715579986572,0
lsa-trimmed-mean-late20-seed42-20261004,9,0,fc1,max,0.009024597704410553,0
lsa-trimmed-mean-late20-seed42-20261004,9,0,fc1,l1,23.16076778061722,0
lsa-trimmed-mean-late20-seed42-20261004,9,0,fc1,l2,0.1613872522342456,0
lsa-trimmed-mean-late20-seed42-20261004,9,0,fc1,max_abs,0.009024597704410553,0
lsa-trimmed-mean-late20-seed42-20261004,9,0,fc1,sparsity,0.07222952517527087,0
lsa-trimmed-mean-late20-seed42-20261004,9,0,fc1,skewness,1.194556949283411,0
lsa-trimmed-mean-late20-seed42-20261004,9,0,fc1,kurtosis,29.869935285503622,0
lsa-trimmed-mean-late20-seed42-20261004,9,0,output,mean,2.455020036834937e-10,0
lsa-trimmed-mean-late20-seed42-20261004,9,0,output,std,0.0031682108690973577,0
lsa-trimmed-mean-late20-seed42-20261004,9,0,output,median,-1.8402934074401855e-06,0
lsa-trimmed-mean-late20-seed42-20261004,9,0,output,min,-0.010540962219238281,0
lsa-trimmed-mean-late20-seed42-20261004,9,0,output,max,0.018337398767471313,0
lsa-trimmed-mean-late20-seed42-20261004,9,0,output,l1,1.3724325002694968,0
lsa-trimmed-mean-late20-seed42-20261004,9,0,output,l2,0.08077384522352116,0
lsa-trimmed-mean-late20-seed42-20261004,9,0,output,max_abs,0.018337398767471313,0
lsa-trimmed-mean-late20-seed42-20261004,9,0,output,sparsity,0.03076923076923077,0
lsa-trimmed-mean-late20-seed42-20261004,9,0,output,skewness,0.6992815568966498,0
lsa-trimmed-mean-late20-seed42-20261004,9,0,output,kurtosis,3.2496787666034432,0
lsa-trimmed-mean-late20-seed42-20261004,9,1,conv1,mean,0.0035269634478027,0
lsa-trimmed-mean-late20-seed42-20261004,9,1,conv1,std,0.005681580007925918,0
lsa-trimmed-mean-late20-seed42-20261004,9,1,conv1,median,0.0007669329643249512,0
lsa-trimmed-mean-late20-seed42-20261004,9,1,conv1,min,-0.00237119197845459,0
lsa-trimmed-mean-late20-seed42-20261004,9,1,conv1,max,0.020708203315734863,0
lsa-trimmed-mean-late20-seed42-20261004,9,1,conv1,l1,0.6104360516183078,0
lsa-trimmed-mean-late20-seed42-20261004,9,1,conv1,l2,0.08458824745658208,0
lsa-trimmed-mean-late20-seed42-20261004,9,1,conv1,max_abs,0.020708203315734863,0
lsa-trimmed-mean-late20-seed42-20261004,9,1,conv1,sparsity,0.0,0
lsa-trimmed-mean-late20-seed42-20261004,9,1,conv1,skewness,1.5014658614613785,0
lsa-trimmed-mean-late20-seed42-20261004,9,1,conv1,kurtosis,1.0187996667764896,0
lsa-trimmed-mean-late20-seed42-20261004,9,1,conv2,mean,0.0005421289897763723,0
lsa-trimmed-mean-late20-seed42-20261004,9,1,conv2,std,0.0015139539616160224,0
lsa-trimmed-mean-late20-seed42-20261004,9,1,conv2,median,0.0001023225486278534,0
lsa-trimmed-mean-late20-seed42-20261004,9,1,conv2,min,-0.0033806636929512024,0
lsa-trimmed-mean-late20-seed42-20261004,9,1,conv2,max,0.017223089933395386,0
lsa-trimmed-mean-late20-seed42-20261004,9,1,conv2,l1,3.3214633533489177,0
lsa-trimmed-mean-late20-seed42-20261004,9,1,conv2,l2,0.10953929175890462,0
lsa-trimmed-mean-late20-seed42-20261004,9,1,conv2,max_abs,0.017223089933395386,0
lsa-trimmed-mean-late20-seed42-20261004,9,1,conv2,sparsity,0.0,0
lsa-trimmed-mean-late20-seed42-20261004,9,1,conv2,skewness,4.298616173688796,0
lsa-trimmed-mean-late20-seed42-20261004,9,1,conv2,kurtosis,27.551116245105895,0
lsa-trimmed-mean-late20-seed42-20261004,9,1,fc1,mean,5.103191412406496e-05,0
lsa-trimmed-mean-late20-seed42-20261004,9,1,fc1,std,0.00044186255435195595,0
lsa-trimmed-mean-late20-seed42-20261004,9,1,fc1,median,0.0,0
lsa-trimmed-mean-late20-seed42-20261004,9,1,fc1,min,-0.005496595054864883,0
lsa-trimmed-mean-late20-seed42-20261004,9,1,fc1,max,0.00690296059474349,0
lsa-trimmed-mean-late20-seed42-20261004,9,1,fc1,l1,21.024382103130733,0
lsa-trimmed-mean-late20-seed42-20261004,9,1,fc1,l2,0.1409502805155432,0
lsa-trimmed-mean-late20-seed42-20261004,9,1,fc1,max_abs,0.00690296059474349,0
lsa-trimmed-mean-late20-seed42-20261004,9,1,fc1,sparsity,0.083572339069471,0
lsa-trimmed-mean-late20-seed42-20261004,9,1,fc1,skewness,1.7735257213503504,0
lsa-trimmed-mean-late20-seed42-20261004,9,1,fc1,kurtosis,25.696788372656126,0
lsa-trimmed-mean-late20-seed42-20261004,9,1,output,mean,-5.799721783170333e-10,0
lsa-trimmed-mean-late20-seed42-20261004,9,1,output,std,0.002991739152548966,0
lsa-trimmed-mean-late20-seed42-20261004,9,1,output,median,-3.9674341678619385e-07,0
lsa-trimmed-mean-late20-seed42-20261004,9,1,output,min,-0.009203009307384491,0
lsa-trimmed-mean-late20-seed42-20261004,9,1,output,max,0.013669997453689575,0
lsa-trimmed-mean-late20-seed42-20261004,9,1,output,l1,1.3204842324194033,0
lsa-trimmed-mean-late20-seed42-20261004,9,1,output,l2,0.07627468159213502,0
lsa-trimmed-mean-late20-seed42-20261004,9,1,output,max_abs,0.013669997453689575,0
lsa-trimmed-mean-late20-seed42-20261004,9,1,output,sparsity,0.046153846153846156,0
lsa-trimmed-mean-late20-seed42-20261004,9,1,output,skewness,0.5507994554449045,0
lsa-trimmed-mean-late20-seed42-20261004,9,1,output,kurtosis,2.10303380651271,0
lsa-trimmed-mean-late20-seed42-20261004,9,2,conv1,mean,0.003288429944223026,0
lsa-trimmed-mean-late20-seed42-20261004,9,2,conv1,std,0.005293278652031565,0
lsa-trimmed-mean-late20-seed42-20261004,9,2,conv1,median,0.000619199126958847,0
lsa-trimmed-mean-late20-seed42-20261004,9,2,conv1,min,-0.002076387405395508,0
lsa-trimmed-mean-late20-seed42-20261004,9,2,conv1,max,0.01971358060836792,0
lsa-trimmed-mean-late20-seed42-20261004,9,2,conv1,l1,0.5672953504836187,0
lsa-trimmed-mean-late20-seed42-20261004,9,2,conv1,l2,0.0788239256937798,0
lsa-trimmed-mean-late20-seed42-20261004,9,2,conv1,max_abs,0.01971358060836792,0
lsa-trimmed-mean-late20-seed42-20261004,9,2,conv1,sparsity,0.0,0
lsa-trimmed-mean-late20-seed42-20261004,9,2,conv1,skewness,1.5138534701601722,0
lsa-trimmed-mean-late20-seed42-20261004,9,2,conv1,kurtosis,1.0819747843181382,0
lsa-trimmed-mean-late20-seed42-20261004,9,2,conv2,mean,0.0005001806947277522,0
lsa-trimmed-mean-late20-seed42-20261004,9,2,conv2,std,0.0014144417712241622,0
lsa-trimmed-mean-late20-seed42-20261004,9,2,conv2,median,9.517651051282883e-05,0
lsa-trimmed-mean-late20-seed42-20261004,9,2,conv2,min,-0.003054693341255188,0
lsa-trimmed-mean-late20-seed42-20261004,9,2,conv2,max,0.016236722469329834,0
lsa-trimmed-mean-late20-seed42-20261004,9,2,conv2,l1,3.097250864117086,0
lsa-trimmed-mean-late20-seed42-20261004,9,2,conv2,l2,0.10219507721631244,0
lsa-trimmed-mean-late20-seed42-20261004,9,2,conv2,max_abs,0.016236722469329834,0
lsa-trimmed-mean-late20-seed42-20261004,9,2,conv2,sparsity,0.0,0
lsa-trimmed-mean-late20-seed42-20261004,9,2,conv2,skewness,4.277849677523673,0
lsa-trimmed-mean-late20-seed42-20261004,9,2,conv2,kurtosis,27.353331093129473,0
lsa-trimmed-mean-late20-seed42-20261004,9,2,fc1,mean,6.0608973203003373e-05,0
lsa-trimmed-mean-late20-seed42-20261004,9,2,fc1,std,0.0004382796091150536,0
lsa-trimmed-mean-late20-seed42-20261004,9,2,fc1,median,0.0,0
lsa-trimmed-mean-late20-seed42-20261004,9,2,fc1,min,-0.007445600815117359,0
lsa-trimmed-mean-late20-seed42-20261004,9,2,fc1,max,0.007581345736980438,0
lsa-trimmed-mean-late20-seed42-20261004,9,2,fc1,l1,20.783160061337526,0
lsa-trimmed-mean-late20-seed42-20261004,9,2,fc1,l2,0.1402058612350088,0
lsa-trimmed-mean-late20-seed42-20261004,9,2,fc1,max_abs,0.007581345736980438,0
lsa-trimmed-mean-late20-seed42-20261004,9,2,fc1,sparsity,0.08493666347992351,0
lsa-trimmed-mean-late20-seed42-20261004,9,2,fc1,skewness,1.435350589945627,0
lsa-trimmed-mean-late20-seed42-20261004,9,2,fc1,kurtosis,24.17097456876553,0
lsa-trimmed-mean-late20-seed42-20261004,9,2,output,mean,8.955024755918063e-11,0
lsa-trimmed-mean-late20-seed42-20261004,9,2,output,std,0.002765393851592763,0
lsa-trimmed-mean-late20-seed42-20261004,9,2,output,median,-1.6577541828155518e-07,0
lsa-trimmed-mean-late20-seed42-20261004,9,2,output,min,-0.010522410273551941,0
lsa-trimmed-mean-late20-seed42-20261004,9,2,output,max,0.009916216135025024,0
lsa-trimmed-mean-late20-seed42-20261004,9,2,output,l1,1.2541698978748173,0
lsa-trimmed-mean-late20-seed42-20261004,9,2,output,l2,0.07050398606020507,0
lsa-trimmed-mean-late20-seed42-20261004,9,2,output,max_abs,0.010522410273551941,0
lsa-trimmed-mean-late20-seed42-20261004,9,2,output,sparsity,0.046153846153846156,0
lsa-trimmed-mean-late20-seed42-20261004,9,2,output,skewness,-0.09145100655626075,0
lsa-trimmed-mean-late20-seed42-20261004,9,2,output,kurtosis,1.1728126179556,0
lsa-trimmed-mean-late20-seed42-20261004,9,3,conv1,mean,0.003608276232262142,0
lsa-trimmed-mean-late20-seed42-20261004,9,3,conv1,std,0.005778195506941222,0
lsa-trimmed-mean-late20-seed42-20261004,9,3,conv1,median,0.0007088556885719299,0
lsa-trimmed-mean-late20-seed42-20261004,9,3,conv1,min,-0.002448245882987976,0
lsa-trimmed-mean-late20-seed42-20261004,9,3,conv1,max,0.021500706672668457,0
lsa-trimmed-mean-late20-seed42-20261004,9,3,conv1,l1,0.6176611757837236,0
lsa-trimmed-mean-late20-seed42-20261004,9,3,conv1,l2,0.08616932232273257,0
lsa-trimmed-mean-late20-seed42-20261004,9,3,conv1,max_abs,0.021500706672668457,0
lsa-trimmed-mean-late20-seed42-20261004,9,3,conv1,sparsity,0.0,0
lsa-trimmed-mean-late20-seed42-20261004,9,3,conv1,skewness,1.5154345026794063,0
lsa-trimmed-mean-late20-seed42-20261004,9,3,conv1,kurtosis,1.0861333931315356,0
lsa-trimmed-mean-late20-seed42-20261004,9,3,conv2,mean,0.0005588870584492254,0
lsa-trimmed-mean-late20-seed42-20261004,9,3,conv2,std,0.0015369667776161551,0
lsa-trimmed-mean-late20-seed42-20261004,9,3,conv2,median,0.00011254474520683289,0
lsa-trimmed-mean-late20-seed42-20261004,9,3,conv2,min,-0.0032474324107170105,0
lsa-trimmed-mean-late20-seed42-20261004,9,3,conv2,max,0.017672866582870483,0
lsa-trimmed-mean-late20-seed42-20261004,9,3,conv2,l1,3.384521756084723,0
lsa-trimmed-mean-late20-seed42-20261004,9,3,conv2,l2,0.11140127609203525,0
lsa-trimmed-mean-late20-seed42-20261004,9,3,conv2,max_abs,0.017672866582870483,0
lsa-trimmed-mean-late20-seed42-20261004,9,3,conv2,sparsity,0.0,0
lsa-trimmed-mean-late20-seed42-20261004,9,3,conv2,skewness,4.281874001938078,0
lsa-trimmed-mean-late20-seed42-20261004,9,3,conv2,kurtosis,27.519901041722967,0
lsa-trimmed-mean-late20-seed42-20261004,9,3,fc1,mean,5.563563610527332e-05,0
lsa-trimmed-mean-late20-seed42-20261004,9,3,fc1,std,0.00043579834132719604,0
lsa-trimmed-mean-late20-seed42-20261004,9,3,fc1,median,0.0,0
lsa-trimmed-mean-late20-seed42-20261004,9,3,fc1,min,-0.005450893193483353,0
lsa-trimmed-mean-late20-seed42-20261004,9,3,fc1,max,0.008143974468111992,0
lsa-trimmed-mean-late20-seed42-20261004,9,3,fc1,l1,20.394585132781344,0
lsa-trimmed-mean-late20-seed42-20261004,9,3,fc1,l2,0.13921869948557072,0
lsa-trimmed-mean-late20-seed42-20261004,9,3,fc1,max_abs,0.008143974468111992,0
lsa-trimmed-mean-late20-seed42-20261004,9,3,fc1,sparsity,0.07403202676864244,0
lsa-trimmed-mean-late20-seed42-20261004,9,3,fc1,skewness,1.7632122113545627,0
lsa-trimmed-mean-late20-seed42-20261004,9,3,fc1,kurtosis,26.55373424586575,0
lsa-trimmed-mean-late20-seed42-20261004,9,3,output,mean,-1.9566729091680966e-11,0
lsa-trimmed-mean-late20-seed42-20261004,9,3,output,std,0.002905577018929582,0
lsa-trimmed-mean-late20-seed42-20261004,9,3,output,median,-5.234032869338989e-07,0
lsa-trimmed-mean-late20-seed42-20261004,9,3,output,min,-0.01044820249080658,0
lsa-trimmed-mean-late20-seed42-20261004,9,3,output,max,0.011358052492141724,0
lsa-trimmed-mean-late20-seed42-20261004,9,3,output,l1,1.2938582276983652,0
lsa-trimmed-mean-late20-seed42-20261004,9,3,output,l2,0.07407796958884347,0
lsa-trimmed-mean-late20-seed42-20261004,9,3,output,max_abs,0.011358052492141724,0
lsa-trimmed-mean-late20-seed42-20261004,9,3,output,sparsity,0.03076923076923077,0
lsa-trimmed-mean-late20-seed42-20261004,9,3,output,skewness,0.29591414928454024,0
lsa-trimmed-mean-late20-seed42-20261004,9,3,output,kurtosis,1.4549091203103917,0
lsa-trimmed-mean-late20-seed42-20261004,9,4,conv1,mean,0.0036147667469776934,0
lsa-trimmed-mean-late20-seed42-20261004,9,4,conv1,std,0.005781047088302443,0
lsa-trimmed-mean-late20-seed42-20261004,9,4,conv1,median,0.0006784237921237946,0
lsa-trimmed-mean-late20-seed42-20261004,9,4,conv1,min,-0.0024900883436203003,0
lsa-trimmed-mean-late20-seed42-20261004,9,4,conv1,max,0.02154552936553955,0
lsa-trimmed-mean-late20-seed42-20261004,9,4,conv1,l1,0.6201455901027657,0
lsa-trimmed-mean-late20-seed42-20261004,9,4,conv1,l2,0.08624341743899146,0
lsa-trimmed-mean-late20-seed42-20261004,9,4,conv1,max_abs,0.02154552936553955,0
lsa-trimmed-mean-late20-seed42-20261004,9,4,conv1,sparsity,0.0,0
lsa-trimmed-mean-late20-seed42-20261004,9,4,conv1,skewness,1.5070846504666313,0
lsa-trimmed-mean-late20-seed42-20261004,9,4,conv1,kurtosis,1.0482034098747306,0
lsa-trimmed-mean-late20-seed42-20261004,9,4,conv2,mean,0.0005231680667379648,0
lsa-trimmed-mean-late20-seed42-20261004,9,4,conv2,std,0.0015470796612810922,0
lsa-trimmed-mean-late20-seed42-20261004,9,4,conv2,median,9.168311953544617e-05,0
lsa-trimmed-mean-late20-seed42-20261004,9,4,conv2,min,-0.0034034177660942078,0
lsa-trimmed-mean-late20-seed42-20261004,9,4,conv2,max,0.01861870288848877,0
lsa-trimmed-mean-late20-seed42-20261004,9,4,conv2,l1,3.3036948018307157,0
lsa-trimmed-mean-late20-seed42-20261004,9,4,conv2,l2,0.11124578109948426,0
lsa-trimmed-mean-late20-seed42-20261004,9,4,conv2,max_abs,0.01861870288848877,0
lsa-trimmed-mean-late20-seed42-20261004,9,4,conv2,sparsity,0.00021551724137931034,0
lsa-trimmed-mean-late20-seed42-20261004,9,4,conv2,skewness,4.492103730516088,0
lsa-trimmed-mean-late20-seed42-20261004,9,4,conv2,kurtosis,30.404370783462788,0
lsa-trimmed-mean-late20-seed42-20261004,9,4,fc1,mean,5.566615635123502e-05,0
lsa-trimmed-mean-late20-seed42-20261004,9,4,fc1,std,0.0004432115949308881,0
lsa-trimmed-mean-late20-seed42-20261004,9,4,fc1,median,0.0,0
lsa-trimmed-mean-late20-seed42-20261004,9,4,fc1,min,-0.0066971369087696075,0
lsa-trimmed-mean-late20-seed42-20261004,9,4,fc1,max,0.008555840700864792,0
lsa-trimmed-mean-late20-seed42-20261004,9,4,fc1,l1,20.844880346456733,0
lsa-trimmed-mean-late20-seed42-20261004,9,4,fc1,l2,0.14155045229093874,0
lsa-trimmed-mean-late20-seed42-20261004,9,4,fc1,max_abs,0.008555840700864792,0
lsa-trimmed-mean-late20-seed42-20261004,9,4,fc1,sparsity,0.07197060229445507,0
lsa-trimmed-mean-late20-seed42-20261004,9,4,fc1,skewness,1.730060187723334,0
lsa-trimmed-mean-late20-seed42-20261004,9,4,fc1,kurtosis,29.14405960140624,0
lsa-trimmed-mean-late20-seed42-20261004,9,4,output,mean,-2.0986100515493979e-10,0
lsa-trimmed-mean-late20-seed42-20261004,9,4,output,std,0.0028961516246870165,0
lsa-trimmed-mean-late20-seed42-20261004,9,4,output,median,-3.9301812648773193e-07,0
lsa-trimmed-mean-late20-seed42-20261004,9,4,output,min,-0.009036771953105927,0
lsa-trimmed-mean-late20-seed42-20261004,9,4,output,max,0.01211141049861908,0
lsa-trimmed-mean-late20-seed42-20261004,9,4,output,l1,1.3164750991563778,0
lsa-trimmed-mean-late20-seed42-20261004,9,4,output,l2,0.07383766824301292,0
lsa-trimmed-mean-late20-seed42-20261004,9,4,output,max_abs,0.01211141049861908,0
lsa-trimmed-mean-late20-seed42-20261004,9,4,output,sparsity,0.03076923076923077,0
lsa-trimmed-mean-late20-seed42-20261004,9,4,output,skewness,0.2824552986008478,0
lsa-trimmed-mean-late20-seed42-20261004,9,4,output,kurtosis,1.4263397505883573,0
lsa-trimmed-mean-late20-seed42-20261004,10,0,conv1,mean,0.003486308517312864,0
lsa-trimmed-mean-late20-seed42-20261004,10,0,conv1,std,0.005530776888148003,0
lsa-trimmed-mean-late20-seed42-20261004,10,0,conv1,median,0.0006667822599411011,0
lsa-trimmed-mean-late20-seed42-20261004,10,0,conv1,min,-0.0020207762718200684,0
lsa-trimmed-mean-late20-seed42-20261004,10,0,conv1,max,0.020575344562530518,0
lsa-trimmed-mean-late20-seed42-20261004,10,0,conv1,l1,0.5983799950918183,0
lsa-trimmed-mean-late20-seed42-20261004,10,0,conv1,l2,0.08269833378187043,0
lsa-trimmed-mean-late20-seed42-20261004,10,0,conv1,max_abs,0.020575344562530518,0
lsa-trimmed-mean-late20-seed42-20261004,10,0,conv1,sparsity,0.0,0
lsa-trimmed-mean-late20-seed42-20261004,10,0,conv1,skewness,1.4985797276102957,0
lsa-trimmed-mean-late20-seed42-20261004,10,0,conv1,kurtosis,1.034957884778831,0
lsa-trimmed-mean-late20-seed42-20261004,10,0,conv2,mean,0.0004886440106882469,0
lsa-trimmed-mean-late20-seed42-20261004,10,0,conv2,std,0.0014175018064590062,0
lsa-trimmed-mean-late20-seed42-20261004,10,0,conv2,median,9.272689931094646e-05,0
lsa-trimmed-mean-late20-seed42-20261004,10,0,conv2,min,-0.0032219309359788895,0
lsa-trimmed-mean-late20-seed42-20261004,10,0,conv2,max,0.01614953577518463,0
lsa-trimmed-mean-late20-seed42-20261004,10,0,conv2,l1,3.1606600085870014,0
lsa-trimmed-mean-late20-seed42-20261004,10,0,conv2,l2,0.10213281225885064,0
lsa-trimmed-mean-late20-seed42-20261004,10,0,conv2,max_abs,0.01614953577518463,0
lsa-trimmed-mean-late20-seed42-20261004,10,0,conv2,sparsity,0.0,0
lsa-trimmed-mean-late20-seed42-20261004,10,0,conv2,skewness,4.086337959367751,0
lsa-trimmed-mean-late20-seed42-20261004,10,0,conv2,kurtosis,25.455887759902154,0
lsa-trimmed-mean-late20-seed42-20261004,10,0,fc1,mean,5.1353648938277485e-05,0
lsa-trimmed-mean-late20-seed42-20261004,10,0,fc1,std,0.0005153470233894839,0
lsa-trimmed-mean-late20-seed42-20261004,10,0,fc1,median,0.0,0
lsa-trimmed-mean-late20-seed42-20261004,10,0,fc1,min,-0.008459053933620453,0
lsa-trimmed-mean-late20-seed42-20261004,10,0,fc1,max,0.009062080644071102,0
lsa-trimmed-mean-late20-seed42-20261004,10,0,fc1,l1,23.411021823690135,0
lsa-trimmed-mean-late20-seed42-20261004,10,0,fc1,l2,0.16411445577494502,0
lsa-trimmed-mean-late20-seed42-20261004,10,0,fc1,max_abs,0.009062080644071102,0
lsa-trimmed-mean-late20-seed42-20261004,10,0,fc1,sparsity,0.07036727214786488,0
lsa-trimmed-mean-late20-seed42-20261004,10,0,fc1,skewness,1.1947094318355262,0
lsa-trimmed-mean-late20-seed42-20261004,10,0,fc1,kurtosis,29.6301764240025,0
lsa-trimmed-mean-late20-seed42-20261004,10,0,output,mean,2.1178633547746217e-11,0
lsa-trimmed-mean-late20-seed42-20261004,10,0,output,std,0.0033513488809481426,0
lsa-trimmed-mean-late20-seed42-20261004,10,0,output,median,-1.8775463104248047e-06,0
lsa-trimmed-mean-late20-seed42-20261004,10,0,output,min,-0.009371176362037659,0
lsa-trimmed-mean-late20-seed42-20261004,10,0,output,max,0.020877152681350708,0
lsa-trimmed-mean-late20-seed42-20261004,10,0,output,l1,1.4554777221928816,0
lsa-trimmed-mean-late20-seed42-20261004,10,0,output,l2,0.08544296670405961,0
lsa-trimmed-mean-late20-seed42-20261004,10,0,output,max_abs,0.020877152681350708,0
lsa-trimmed-mean-late20-seed42-20261004,10,0,output,sparsity,0.03076923076923077,0
lsa-trimmed-mean-late20-seed42-20261004,10,0,output,skewness,1.0258063979756114,0
lsa-trimmed-mean-late20-seed42-20261004,10,0,output,kurtosis,3.956868384362293,0
lsa-trimmed-mean-late20-seed42-20261004,10,1,conv1,mean,0.003556587185084936,0
lsa-trimmed-mean-late20-seed42-20261004,10,1,conv1,std,0.005670767469509624,0
lsa-trimmed-mean-late20-seed42-20261004,10,1,conv1,median,0.0007479861378669739,0
lsa-trimmed-mean-late20-seed42-20261004,10,1,conv1,min,-0.0019879043102264404,0
lsa-trimmed-mean-late20-seed42-20261004,10,1,conv1,max,0.020804017782211304,0
lsa-trimmed-mean-late20-seed42-20261004,10,1,conv1,l1,0.6103366978350095,0
lsa-trimmed-mean-late20-seed42-20261004,10,1,conv1,l2,0.08467057680054764,0
lsa-trimmed-mean-late20-seed42-20261004,10,1,conv1,max_abs,0.020804017782211304,0
lsa-trimmed-mean-late20-seed42-20261004,10,1,conv1,sparsity,0.0,0
lsa-trimmed-mean-late20-seed42-20261004,10,1,conv1,skewness,1.5016158745187145,0
lsa-trimmed-mean-late20-seed42-20261004,10,1,conv1,kurtosis,1.0189088489417681,0
lsa-trimmed-mean-late20-seed42-20261004,10,1,conv2,mean,0.0004982745903315186,0
lsa-trimmed-mean-late20-seed42-20261004,10,1,conv2,std,0.001445597200855827,0
lsa-trimmed-mean-late20-seed42-20261004,10,1,conv2,median,8.86227935552597e-05,0
lsa-trimmed-mean-late20-seed42-20261004,10,1,conv2,min,-0.003106445074081421,0
lsa-trimmed-mean-late20-seed42-20261004,10,1,conv2,max,0.016492336988449097,0
lsa-trimmed-mean-late20-seed42-20261004,10,1,conv2,l1,3.1221217659985996,0
lsa-trimmed-mean-late20-seed42-20261004,10,1,conv2,l2,0.10415591097985757,0
lsa-trimmed-mean-late20-seed42-20261004,10,1,conv2,max_abs,0.016492336988449097,0
lsa-trimmed-mean-late20-seed42-20261004,10,1,conv2,sparsity,0.0,0
lsa-trimmed-mean-late20-seed42-20261004,10,1,conv2,skewness,4.315718080890289,0
lsa-trimmed-mean-late20-seed42-20261004,10,1,conv2,kurtosis,27.50230223960577,0
lsa-trimmed-mean-late20-seed42-20261004,10,1,fc1,mean,4.237725887597968e-05,0
lsa-trimmed-mean-late20-seed42-20261004,10,1,fc1,std,0.000421884155111052,0
lsa-trimmed-mean-late20-seed42-20261004,10,1,fc1,median,0.0,0
lsa-trimmed-mean-late20-seed42-20261004,10,1,fc1,min,-0.005421146750450134,0
lsa-trimmed-mean-late20-seed42-20261004,10,1,fc1,max,0.006603808142244816,0
lsa-trimmed-mean-late20-seed42-20261004,10,1,fc1,l1,20.130807731363802,0
lsa-trimmed-mean-late20-seed42-20261004,10,1,fc1,l2,0.13436144008784923,0
lsa-trimmed-mean-late20-seed42-20261004,10,1,fc1,max_abs,0.006603808142244816,0
lsa-trimmed-mean-late20-seed42-20261004,10,1,fc1,sparsity,0.08231755895474825,0
lsa-trimmed-mean-late20-seed42-20261004,10,1,fc1,skewness,1.5005355172608668,0
lsa-trimmed-mean-late20-seed42-20261004,10,1,fc1,kurtosis,24.876661130886966,0
lsa-trimmed-mean-late20-seed42-20261004,10,1,output,mean,-5.811363315353026e-10,0
lsa-trimmed-mean-late20-seed42-20261004,10,1,output,std,0.0029776049497032974,0
lsa-trimmed-mean-late20-seed42-20261004,10,1,output,median,-3.6135315895080566e-07,0
lsa-trimmed-mean-late20-seed42-20261004,10,1,output,min,-0.00852002203464508,0
lsa-trimmed-mean-late20-seed42-20261004,10,1,output,max,0.014969959855079651,0
lsa-trimmed-mean-late20-seed42-20261004,10,1,output,l1,1.3410297640075441,0
lsa-trimmed-mean-late20-seed42-20261004,10,1,output,l2,0.07591432871153932,0
lsa-trimmed-mean-late20-seed42-20261004,10,1,output,max_abs,0.014969959855079651,0
lsa-trimmed-mean-late20-seed42-20261004,10,1,output,sparsity,0.046153846153846156,0
lsa-trimmed-mean-late20-seed42-20261004,10,1,output,skewness,0.5720227114830533,0
lsa-trimmed-mean-late20-seed42-20261004,10,1,output,kurtosis,2.3116769434173046,0
lsa-trimmed-mean-late20-seed42-20261004,10,2,conv1,mean,0.0032963769215712093,0
lsa-trimmed-mean-late20-seed42-20261004,10,2,conv1,std,0.005261825536237307,0
lsa-trimmed-mean-late20-seed42-20261004,10,2,conv1,median,0.0005621127784252167,0
lsa-trimmed-mean-late20-seed42-20261004,10,2,conv1,min,-0.0017668157815933228,0
lsa-trimmed-mean-late20-seed42-20261004,10,2,conv1,max,0.01971280574798584,0
lsa-trimmed-mean-late20-seed42-20261004,10,2,conv1,l1,0.5662580002681352,0
lsa-trimmed-mean-late20-seed42-20261004,10,2,conv1,l2,0.07853957859104292,0
lsa-trimmed-mean-late20-seed42-20261004,10,2,conv1,max_abs,0.01971280574798584,0
lsa-trimmed-mean-late20-seed42-20261004,10,2,conv1,sparsity,0.0,0
lsa-trimmed-mean-late20-seed42-20261004,10,2,conv1,skewness,1.5173496701933504,0
lsa-trimmed-mean-late20-seed42-20261004,10,2,conv1,kurtosis,1.0954111773484856,0
lsa-trimmed-mean-late20-seed42-20261004,10,2,conv2,mean,0.00046053885877082114,0
lsa-trimmed-mean-late20-seed42-20261004,10,2,conv2,std,0.0013483415979793649,0
lsa-trimmed-mean-late20-seed42-20261004,10,2,conv2,median,8.237455040216446e-05,0
lsa-trimmed-mean-late20-seed42-20261004,10,2,conv2,min,-0.003013603389263153,0
lsa-trimmed-mean-late20-seed42-20261004,10,2,conv2,max,0.015540122985839844,0
lsa-trimmed-mean-late20-seed42-20261004,10,2,conv2,l1,2.9238553855793725,0
lsa-trimmed-mean-late20-seed42-20261004,10,2,conv2,l2,0.09705545800467263,0
lsa-trimmed-mean-late20-seed42-20261004,10,2,conv2,max_abs,0.015540122985839844,0
lsa-trimmed-mean-late20-seed42-20261004,10,2,conv2,sparsity,0.0,0
lsa-trimmed-mean-late20-seed42-20261004,10,2,conv2,skewness,4.253372505076247,0
lsa-trimmed-mean-late20-seed42-20261004,10,2,conv2,kurtosis,26.90936750297847,0
lsa-trimmed-mean-late20-seed42-20261004,10,2,fc1,mean,5.3605199106486465e-05,0
lsa-trimmed-mean-late20-seed42-20261004,10,2,fc1,std,0.0004424360184227711,0
lsa-trimmed-mean-late20-seed42-20261004,10,2,fc1,median,0.0,0
lsa-trimmed-mean-late20-seed42-20261004,10,2,fc1,min,-0.007408480625599623,0
lsa-trimmed-mean-late20-seed42-20261004,10,2,fc1,max,0.0076812077313661575,0
lsa-trimmed-mean-late20-seed42-20261004,10,2,fc1,l1,20.96325645528742,0
lsa-trimmed-mean-late20-seed42-20261004,10,2,fc1,l2,0.1412265626798868,0
lsa-trimmed-mean-late20-seed42-20261004,10,2,fc1,max_abs,0.0076812077313661575,0
lsa-trimmed-mean-late20-seed42-20261004,10,2,fc1,sparsity,0.08318395474824729,0
lsa-trimmed-mean-late20-seed42-20261004,10,2,fc1,skewness,1.3055306454614048,0
lsa-trimmed-mean-late20-seed42-20261004,10,2,fc1,kurtosis,24.484716668110664,0
lsa-trimmed-mean-late20-seed42-20261004,10,2,output,mean,-2.9873962585742655e-10,0
lsa-trimmed-mean-late20-seed42-20261004,10,2,output,std,0.0029726039506701714,0
lsa-trimmed-mean-late20-seed42-20261004,10,2,output,median,-2.384185791015625e-07,0
lsa-trimmed-mean-late20-seed42-20261004,10,2,output,min,-0.009872645139694214,0
lsa-trimmed-mean-late20-seed42-20261004,10,2,output,max,0.01182602345943451,0
lsa-trimmed-mean-late20-seed42-20261004,10,2,output,l1,1.36609389889054,0
lsa-trimmed-mean-late20-seed42-20261004,10,2,output,l2,0.07578682775325142,0
lsa-trimmed-mean-late20-seed42-20261004,10,2,output,max_abs,0.01182602345943451,0
lsa-trimmed-mean-late20-seed42-20261004,10,2,output,sparsity,0.046153846153846156,0
lsa-trimmed-mean-late20-seed42-20261004,10,2,output,skewness,0.20007021541781347,0
lsa-trimmed-mean-late20-seed42-20261004,10,2,output,kurtosis,0.9905002387966357,0
lsa-trimmed-mean-late20-seed42-20261004,10,3,conv1,mean,0.003545443230177625,0
lsa-trimmed-mean-late20-seed42-20261004,10,3,conv1,std,0.005641478086426269,0
lsa-trimmed-mean-late20-seed42-20261004,10,3,conv1,median,0.0006103217601776123,0
lsa-trimmed-mean-late20-seed42-20261004,10,3,conv1,min,-0.0020466595888137817,0
lsa-trimmed-mean-late20-seed42-20261004,10,3,conv1,max,0.02102947235107422,0
lsa-trimmed-mean-late20-seed42-20261004,10,3,conv1,l1,0.6045516394660808,0
lsa-trimmed-mean-late20-seed42-20261004,10,3,conv1,l2,0.08428185351359108,0
lsa-trimmed-mean-late20-seed42-20261004,10,3,conv1,max_abs,0.02102947235107422,0
lsa-trimmed-mean-late20-seed42-20261004,10,3,conv1,sparsity,0.0,0
lsa-trimmed-mean-late20-seed42-20261004,10,3,conv1,skewness,1.514148429635893,0
lsa-trimmed-mean-late20-seed42-20261004,10,3,conv1,kurtosis,1.076155856880857,0
lsa-trimmed-mean-late20-seed42-20261004,10,3,conv2,mean,0.0004972052317051403,0
lsa-trimmed-mean-late20-seed42-20261004,10,3,conv2,std,0.0014393467786515555,0
lsa-trimmed-mean-late20-seed42-20261004,10,3,conv2,median,8.8508240878582e-05,0
lsa-trimmed-mean-late20-seed42-20261004,10,3,conv2,min,-0.002944767475128174,0
lsa-trimmed-mean-late20-seed42-20261004,10,3,conv2,max,0.016367554664611816,0
lsa-trimmed-mean-late20-seed42-20261004,10,3,conv2,l1,3.1269923128529626,0
lsa-trimmed-mean-late20-seed42-20261004,10,3,conv2,l2,0.10372967448736169,0
lsa-trimmed-mean-late20-seed42-20261004,10,3,conv2,max_abs,0.016367554664611816,0
lsa-trimmed-mean-late20-seed42-20261004,10,3,conv2,sparsity,0.0,0
lsa-trimmed-mean-late20-seed42-20261004,10,3,conv2,skewness,4.217219943747556,0
lsa-trimmed-mean-late20-seed42-20261004,10,3,conv2,kurtosis,26.50804269520776,0
lsa-trimmed-mean-late20-seed42-20261004,10,3,fc1,mean,4.752979355085443e-05,0
lsa-trimmed-mean-late20-seed42-20261004,10,3,fc1,std,0.00041594186213881793,0
lsa-trimmed-mean-late20-seed42-20261004,10,3,fc1,median,0.0,0
lsa-trimmed-mean-late20-seed42-20261004,10,3,fc1,min,-0.005295990034937859,0
lsa-trimmed-mean-late20-seed42-20261004,10,3,fc1,max,0.007656130939722061,0
lsa-trimmed-mean-late20-seed42-20261004,10,3,fc1,l1,19.528612972682367,0
lsa-trimmed-mean-late20-seed42-20261004,10,3,fc1,l2,0.13266341752138944,0
lsa-trimmed-mean-late20-seed42-20261004,10,3,fc1,max_abs,0.007656130939722061,0
lsa-trimmed-mean-late20-seed42-20261004,10,3,fc1,sparsity,0.08454827915869981,0
lsa-trimmed-mean-late20-seed42-20261004,10,3,fc1,skewness,1.5715090815782782,0
lsa-trimmed-mean-late20-seed42-20261004,10,3,fc1,kurtosis,26.059222190285006,0
lsa-trimmed-mean-late20-seed42-20261004,10,3,output,mean,-3.456639555784372e-11,0
lsa-trimmed-mean-late20-seed42-20261004,10,3,output,std,0.0028834244872381577,0
lsa-trimmed-mean-late20-seed42-20261004,10,3,output,median,-3.334134817123413e-07,0
lsa-trimmed-mean-late20-seed42-20261004,10,3,output,min,-0.009258680045604706,0
lsa-trimmed-mean-late20-seed42-20261004,10,3,output,max,0.011485636234283447,0
lsa-trimmed-mean-late20-seed42-20261004,10,3,output,l1,1.289558805176057,0
lsa-trimmed-mean-late20-seed42-20261004,10,3,output,l2,0.07351318863199319,0
lsa-trimmed-mean-late20-seed42-20261004,10,3,output,max_abs,0.011485636234283447,0
lsa-trimmed-mean-late20-seed42-20261004,10,3,output,sparsity,0.046153846153846156,0
lsa-trimmed-mean-late20-seed42-20261004,10,3,output,skewness,0.35010851462702003,0
lsa-trimmed-mean-late20-seed42-20261004,10,3,output,kurtosis,1.428967022734092,0
lsa-trimmed-mean-late20-seed42-20261004,10,4,conv1,mean,0.0035625184478703885,0
lsa-trimmed-mean-late20-seed42-20261004,10,4,conv1,std,0.005653812511142702,0
lsa-trimmed-mean-late20-seed42-20261004,10,4,conv1,median,0.0007327031344175339,0
lsa-trimmed-mean-late20-seed42-20261004,10,4,conv1,min,-0.0021324455738067627,0
lsa-trimmed-mean-late20-seed42-20261004,10,4,conv1,max,0.021184980869293213,0
lsa-trimmed-mean-late20-seed42-20261004,10,4,conv1,l1,0.6081637870520353,0
lsa-trimmed-mean-late20-seed42-20261004,10,4,conv1,l2,0.0845289381005777,0
lsa-trimmed-mean-late20-seed42-20261004,10,4,conv1,max_abs,0.021184980869293213,0
lsa-trimmed-mean-late20-seed42-20261004,10,4,conv1,sparsity,0.0,0
lsa-trimmed-mean-late20-seed42-20261004,10,4,conv1,skewness,1.5067396082689066,0
lsa-trimmed-mean-late20-seed42-20261004,10,4,conv1,kurtosis,1.0483688439631615,0
lsa-trimmed-mean-late20-seed42-20261004,10,4,conv2,mean,0.0004658737040879965,0
lsa-trimmed-mean-late20-seed42-20261004,10,4,conv2,std,0.0014500088379009863,0
lsa-trimmed-mean-late20-seed42-20261004,10,4,conv2,median,7.012300193309784e-05,0
lsa-trimmed-mean-late20-seed42-20261004,10,4,conv2,min,-0.0030921027064323425,0
lsa-trimmed-mean-late20-seed42-20261004,10,4,conv2,max,0.01748274266719818,0
lsa-trimmed-mean-late20-seed42-20261004,10,4,conv2,l1,3.0497204954554036,0
lsa-trimmed-mean-late20-seed42-20261004,10,4,conv2,l2,0.10374380305841696,0
lsa-trimmed-mean-late20-seed42-20261004,10,4,conv2,max_abs,0.01748274266719818,0
lsa-trimmed-mean-late20-seed42-20261004,10,4,conv2,sparsity,0.00021551724137931034,0
lsa-trimmed-mean-late20-seed42-20261004,10,4,conv2,skewness,4.4711337350390465,0
lsa-trimmed-mean-late20-seed42-20261004,10,4,conv2,kurtosis,29.933230441999044,0
lsa-trimmed-mean-late20-seed42-20261004,10,4,fc1,mean,4.478450328970996e-05,0
lsa-trimmed-mean-late20-seed42-20261004,10,4,fc1,std,0.00042657368917440176,0
lsa-trimmed-mean-late20-seed42-20261004,10,4,fc1,median,0.0,0
lsa-trimmed-mean-late20-seed42-20261004,10,4,fc1,min,-0.0068696774542331696,0
lsa-trimmed-mean-late20-seed42-20261004,10,4,fc1,max,0.007969226688146591,0
lsa-trimmed-mean-late20-seed42-20261004,10,4,fc1,l1,20.070503424515778,0
lsa-trimmed-mean-late20-seed42-20261004,10,4,fc1,l2,0.1359176524256997,0
lsa-trimmed-mean-late20-seed42-20261004,10,4,fc1,max_abs,0.007969226688146591,0
lsa-trimmed-mean-late20-seed42-20261004,10,4,fc1,sparsity,0.09173836838750797,0
lsa-trimmed-mean-late20-seed42-20261004,10,4,fc1,skewness,1.4886576575056145,0
lsa-trimmed-mean-late20-seed42-20261004,10,4,fc1,kurtosis,28.859352582035445,0
lsa-trimmed-mean-late20-seed42-20261004,10,4,output,mean,-7.253570052293631e-11,0
lsa-trimmed-mean-late20-seed42-20261004,10,4,output,std,0.0029678232304290886,0
lsa-trimmed-mean-late20-seed42-20261004,10,4,output,median,-4.209578037261963e-07,0
lsa-trimmed-mean-late20-seed42-20261004,10,4,output,min,-0.008414342999458313,0
lsa-trimmed-mean-late20-seed42-20261004,10,4,output,max,0.01128453016281128,0
lsa-trimmed-mean-late20-seed42-20261004,10,4,output,l1,1.3838515392271802,0
lsa-trimmed-mean-late20-seed42-20261004,10,4,output,l2,0.07566494282425952,0
lsa-trimmed-mean-late20-seed42-20261004,10,4,output,max_abs,0.01128453016281128,0
lsa-trimmed-mean-late20-seed42-20261004,10,4,output,sparsity,0.06153846153846154,0
lsa-trimmed-mean-late20-seed42-20261004,10,4,output,skewness,0.2657164899070296,0
lsa-trimmed-mean-late20-seed42-20261004,10,4,output,kurtosis,0.9516061289835536,0
lsa-trimmed-mean-late20-seed42-20261004,11,0,conv1,mean,0.0030424667049373964,0
lsa-trimmed-mean-late20-seed42-20261004,11,0,conv1,std,0.004811805490305263,0
lsa-trimmed-mean-late20-seed42-20261004,11,0,conv1,median,0.0005435571074485779,0
lsa-trimmed-mean-late20-seed42-20261004,11,0,conv1,min,-0.001668006181716919,0
lsa-trimmed-mean-late20-seed42-20261004,11,0,conv1,max,0.01800486445426941,0
lsa-trimmed-mean-late20-seed42-20261004,11,0,conv1,l1,0.5224673814373091,0
lsa-trimmed-mean-late20-seed42-20261004,11,0,conv1,l2,0.07201119438218977,0
lsa-trimmed-mean-late20-seed42-20261004,11,0,conv1,max_abs,0.01800486445426941,0
lsa-trimmed-mean-late20-seed42-20261004,11,0,conv1,sparsity,0.0,0
lsa-trimmed-mean-late20-seed42-20261004,11,0,conv1,skewness,1.492054773572619,0
lsa-trimmed-mean-late20-seed42-20261004,11,0,conv1,kurtosis,1.0256050424218,0
lsa-trimmed-mean-late20-seed42-20261004,11,0,conv2,mean,0.0003983205368960061,0
lsa-trimmed-mean-late20-seed42-20261004,11,0,conv2,std,0.001203109251756864,0
lsa-trimmed-mean-late20-seed42-20261004,11,0,conv2,median,7.307901978492737e-05,0
lsa-trimmed-mean-late20-seed42-20261004,11,0,conv2,min,-0.003070436418056488,0
lsa-trimmed-mean-late20-seed42-20261004,11,0,conv2,max,0.0133819580078125,0
lsa-trimmed-mean-late20-seed42-20261004,11,0,conv2,l1,2.6912329843726184,0
lsa-trimmed-mean-late20-seed42-20261004,11,0,conv2,l2,0.08632756457262668,0
lsa-trimmed-mean-late20-seed42-20261004,11,0,conv2,max_abs,0.0133819580078125,0
lsa-trimmed-mean-late20-seed42-20261004,11,0,conv2,sparsity,0.0,0
lsa-trimmed-mean-late20-seed42-20261004,11,0,conv2,skewness,3.9352357693993283,0
lsa-trimmed-mean-late20-seed42-20261004,11,0,conv2,kurtosis,23.733875492252565,0
lsa-trimmed-mean-late20-seed42-20261004,11,0,fc1,mean,3.7265971687640536e-05,0
lsa-trimmed-mean-late20-seed42-20261004,11,0,fc1,std,0.0004838914676378569,0
lsa-trimmed-mean-late20-seed42-20261004,11,0,fc1,median,0.0,0
lsa-trimmed-mean-late20-seed42-20261004,11,0,fc1,min,-0.008016936480998993,0
lsa-trimmed-mean-late20-seed42-20261004,11,0,fc1,max,0.0079537034034729,0
lsa-trimmed-mean-late20-seed42-20261004,11,0,fc1,l1,21.80923068841969,0
lsa-trimmed-mean-late20-seed42-20261004,11,0,fc1,l2,0.15379192120256285,0
lsa-trimmed-mean-late20-seed42-20261004,11,0,fc1,max_abs,0.008016936480998993,0
lsa-trimmed-mean-late20-seed42-20261004,11,0,fc1,sparsity,0.06918220203951561,0
lsa-trimmed-mean-late20-seed42-20261004,11,0,fc1,skewness,1.016585344557333,0
lsa-trimmed-mean-late20-seed42-20261004,11,0,fc1,kurtosis,30.104020583321415,0
lsa-trimmed-mean-late20-seed42-20261004,11,0,output,mean,-3.6760376623043645e-11,0
lsa-trimmed-mean-late20-seed42-20261004,11,0,output,std,0.0031644939693255074,0
lsa-trimmed-mean-late20-seed42-20261004,11,0,output,median,-2.9532238841056824e-06,0
lsa-trimmed-mean-late20-seed42-20261004,11,0,output,min,-0.007254242897033691,0
lsa-trimmed-mean-late20-seed42-20261004,11,0,output,max,0.020867325365543365,0
lsa-trimmed-mean-late20-seed42-20261004,11,0,output,l1,1.3662689015327487,0
lsa-trimmed-mean-late20-seed42-20261004,11,0,output,l2,0.08067908250118726,0
lsa-trimmed-mean-late20-seed42-20261004,11,0,output,max_abs,0.020867325365543365,0
lsa-trimmed-mean-late20-seed42-20261004,11,0,output,sparsity,0.03076923076923077,0
lsa-trimmed-mean-late20-seed42-20261004,11,0,output,skewness,1.3209907213620913,0
lsa-trimmed-mean-late20-seed42-20261004,11,0,output,kurtosis,5.02446619224059,0
lsa-trimmed-mean-late20-seed42-20261004,11,1,conv1,mean,0.003095046630551224,0
lsa-trimmed-mean-late20-seed42-20261004,11,1,conv1,std,0.004918386002529444,0
lsa-trimmed-mean-late20-seed42-20261004,11,1,conv1,median,0.0005871057510375977,0
lsa-trimmed-mean-late20-seed42-20261004,11,1,conv1,min,-0.0015454143285751343,0
lsa-trimmed-mean-late20-seed42-20261004,11,1,conv1,max,0.018185704946517944,0
lsa-trimmed-mean-late20-seed42-20261004,11,1,conv1,l1,0.5298095612670295,0
lsa-trimmed-mean-late20-seed42-20261004,11,1,conv1,l2,0.07350628219700849,0
lsa-trimmed-mean-late20-seed42-20261004,11,1,conv1,max_abs,0.018185704946517944,0
lsa-trimmed-mean-late20-seed42-20261004,11,1,conv1,sparsity,0.0,0
lsa-trimmed-mean-late20-seed42-20261004,11,1,conv1,skewness,1.4967738198235745,0
lsa-trimmed-mean-late20-seed42-20261004,11,1,conv1,kurtosis,1.007585854678478,0
lsa-trimmed-mean-late20-seed42-20261004,11,1,conv2,mean,0.0003983956872075553,0
lsa-trimmed-mean-late20-seed42-20261004,11,1,conv2,std,0.0012190598755153217,0
lsa-trimmed-mean-late20-seed42-20261004,11,1,conv2,median,6.520748138427734e-05,0
lsa-trimmed-mean-late20-seed42-20261004,11,1,conv2,min,-0.0026356950402259827,0
lsa-trimmed-mean-late20-seed42-20261004,11,1,conv2,max,0.013789713382720947,0
lsa-trimmed-mean-late20-seed42-20261004,11,1,conv2,l1,2.621815576985682,0
lsa-trimmed-mean-late20-seed42-20261004,11,1,conv2,l2,0.08736127930073674,0
lsa-trimmed-mean-late20-seed42-20261004,11,1,conv2,max_abs,0.013789713382720947,0
lsa-trimmed-mean-late20-seed42-20261004,11,1,conv2,sparsity,0.0,0
lsa-trimmed-mean-late20-seed42-20261004,11,1,conv2,skewness,4.228072018500606,0
lsa-trimmed-mean-late20-seed42-20261004,11,1,conv2,kurtosis,26.44918812888538,0
lsa-trimmed-mean-late20-seed42-20261004,11,1,fc1,mean,2.8968402220166964e-05,0
lsa-trimmed-mean-late20-seed42-20261004,11,1,fc1,std,0.00037049754709049976,0
lsa-trimmed-mean-late20-seed42-20261004,11,1,fc1,median,0.0,0
lsa-trimmed-mean-late20-seed42-20261004,11,1,fc1,min,-0.005001645535230637,0
lsa-trimmed-mean-late20-seed42-20261004,11,1,fc1,max,0.006638425402343273,0
lsa-trimmed-mean-late20-seed42-20261004,11,1,fc1,l1,17.756293033753536,0
lsa-trimmed-mean-late20-seed42-20261004,11,1,fc1,l2,0.11776337645732304,0
lsa-trimmed-mean-late20-seed42-20261004,11,1,fc1,max_abs,0.006638425402343273,0
lsa-trimmed-mean-late20-seed42-20261004,11,1,fc1,sparsity,0.0804055130656469,0
lsa-trimmed-mean-late20-seed42-20261004,11,1,fc1,skewness,1.2157644870714062,0
lsa-trimmed-mean-late20-seed42-20261004,11,1,fc1,kurtosis,24.498808129737043,0
lsa-trimmed-mean-late20-seed42-20261004,11,1,output,mean,1.0069925338029861e-10,0
lsa-trimmed-mean-late20-seed42-20261004,11,1,output,std,0.0025942810422576483,0
lsa-trimmed-mean-late20-seed42-20261004,11,1,output,median,-3.501772880554199e-07,0
lsa-trimmed-mean-late20-seed42-20261004,11,1,output,min,-0.008164584636688232,0
lsa-trimmed-mean-late20-seed42-20261004,11,1,output,max,0.012997955083847046,0
lsa-trimmed-mean-late20-seed42-20261004,11,1,output,l1,1.1868440829857718,0
lsa-trimmed-mean-late20-seed42-20261004,11,1,output,l2,0.06614144829107793,0
lsa-trimmed-mean-late20-seed42-20261004,11,1,output,max_abs,0.012997955083847046,0
lsa-trimmed-mean-late20-seed42-20261004,11,1,output,sparsity,0.046153846153846156,0
lsa-trimmed-mean-late20-seed42-20261004,11,1,output,skewness,0.4961042149189846,0
lsa-trimmed-mean-late20-seed42-20261004,11,1,output,kurtosis,2.0290589025585746,0
lsa-trimmed-mean-late20-seed42-20261004,11,2,conv1,mean,0.0028827058711613065,0
lsa-trimmed-mean-late20-seed42-20261004,11,2,conv1,std,0.004599178481114378,0
lsa-trimmed-mean-late20-seed42-20261004,11,2,conv1,median,0.0005114935338497162,0
lsa-trimmed-mean-late20-seed42-20261004,11,2,conv1,min,-0.0013436973094940186,0
lsa-trimmed-mean-late20-seed42-20261004,11,2,conv1,max,0.01732349395751953,0
lsa-trimmed-mean-late20-seed42-20261004,11,2,conv1,l1,0.49389390216674656,0
lsa-trimmed-mean-late20-seed42-20261004,11,2,conv1,l2,0.06865850081762452,0
lsa-trimmed-mean-late20-seed42-20261004,11,2,conv1,max_abs,0.01732349395751953,0
lsa-trimmed-mean-late20-seed42-20261004,11,2,conv1,sparsity,0.0,0
lsa-trimmed-mean-late20-seed42-20261004,11,2,conv1,skewness,1.5215013127491346,0
lsa-trimmed-mean-late20-seed42-20261004,11,2,conv1,kurtosis,1.1159931962306517,0
lsa-trimmed-mean-late20-seed42-20261004,11,2,conv2,mean,0.00037443693222563714,0
lsa-trimmed-mean-late20-seed42-20261004,11,2,conv2,std,0.0011491990759341143,0
lsa-trimmed-mean-late20-seed42-20261004,11,2,conv2,median,6.163306534290314e-05,0
lsa-trimmed-mean-late20-seed42-20261004,11,2,conv2,min,-0.003184311091899872,0
lsa-trimmed-mean-late20-seed42-20261004,11,2,conv2,max,0.013052806258201599,0
lsa-trimmed-mean-late20-seed42-20261004,11,2,conv2,l1,2.4882869898683566,0
lsa-trimmed-mean-late20-seed42-20261004,11,2,conv2,l2,0.0823310239828741,0
lsa-trimmed-mean-late20-seed42-20261004,11,2,conv2,max_abs,0.013052806258201599,0
lsa-trimmed-mean-late20-seed42-20261004,11,2,conv2,sparsity,0.0,0
lsa-trimmed-mean-late20-seed42-20261004,11,2,conv2,skewness,4.134765442166145,0
lsa-trimmed-mean-late20-seed42-20261004,11,2,conv2,kurtosis,25.66386957275956,0
lsa-trimmed-mean-late20-seed42-20261004,11,2,fc1,mean,4.162659593849547e-05,0
lsa-trimmed-mean-late20-seed42-20261004,11,2,fc1,std,0.00042148944010381737,0
lsa-trimmed-mean-late20-seed42-20261004,11,2,fc1,median,0.0,0
lsa-trimmed-mean-late20-seed42-20261004,11,2,fc1,min,-0.007499979808926582,0
lsa-trimmed-mean-late20-seed42-20261004,11,2,fc1,max,0.006957158446311951,0
lsa-trimmed-mean-late20-seed42-20261004,11,2,fc1,l1,19.896649860758487,0
lsa-trimmed-mean-late20-seed42-20261004,11,2,fc1,l2,0.13421340017835304,0
lsa-trimmed-mean-late20-seed42-20261004,11,2,fc1,max_abs,0.007499979808926582,0
lsa-trimmed-mean-late20-seed42-20261004,11,2,fc1,sparsity,0.08260635755258126,0
lsa-trimmed-mean-late20-seed42-20261004,11,2,fc1,skewness,1.0226134883260736,0
lsa-trimmed-mean-late20-seed42-20261004,11,2,fc1,kurtosis,25.155350524576306,0
lsa-trimmed-mean-late20-seed42-20261004,11,2,output,mean,4.0933418159301465e-10,0
lsa-trimmed-mean-late20-seed42-20261004,11,2,output,std,0.00286725628387535,0
lsa-trimmed-mean-late20-seed42-20261004,11,2,output,median,-8.866190910339355e-07,0
lsa-trimmed-mean-late20-seed42-20261004,11,2,output,min,-0.008152544498443604,0
lsa-trimmed-mean-late20-seed42-20261004,11,2,output,max,0.012189924716949463,0
lsa-trimmed-mean-late20-seed42-20261004,11,2,output,l1,1.3212345586507581,0
lsa-trimmed-mean-late20-seed42-20261004,11,2,output,l2,0.07310097870976046,0
lsa-trimmed-mean-late20-seed42-20261004,11,2,output,max_abs,0.012189924716949463,0
lsa-trimmed-mean-late20-seed42-20261004,11,2,output,sparsity,0.046153846153846156,0
lsa-trimmed-mean-late20-seed42-20261004,11,2,output,skewness,0.44241264198977454,0
lsa-trimmed-mean-late20-seed42-20261004,11,2,output,kurtosis,1.0448652254874435,0
lsa-trimmed-mean-late20-seed42-20261004,11,3,conv1,mean,0.003046963545239123,0
lsa-trimmed-mean-late20-seed42-20261004,11,3,conv1,std,0.004815312310488725,0
lsa-trimmed-mean-late20-seed42-20261004,11,3,conv1,median,0.0005187392234802246,0
lsa-trimmed-mean-late20-seed42-20261004,11,3,conv1,min,-0.0015786588191986084,0
lsa-trimmed-mean-late20-seed42-20261004,11,3,conv1,max,0.018106937408447266,0
lsa-trimmed-mean-late20-seed42-20261004,11,3,conv1,l1,0.5185734479164239,0
lsa-trimmed-mean-late20-seed42-20261004,11,3,conv1,l2,0.07207908933227215,0
lsa-trimmed-mean-late20-seed42-20261004,11,3,conv1,max_abs,0.018106937408447266,0
lsa-trimmed-mean-late20-seed42-20261004,11,3,conv1,sparsity,0.0,0
lsa-trimmed-mean-late20-seed42-20261004,11,3,conv1,skewness,1.511488048277766,0
lsa-trimmed-mean-late20-seed42-20261004,11,3,conv1,kurtosis,1.0793124125939553,0
lsa-trimmed-mean-late20-seed42-20261004,11,3,conv2,mean,0.0003930625025610613,0
lsa-trimmed-mean-late20-seed42-20261004,11,3,conv2,std,0.0012025071810562915,0
lsa-trimmed-mean-late20-seed42-20261004,11,3,conv2,median,6.515532732009888e-05,0
lsa-trimmed-mean-late20-seed42-20261004,11,3,conv2,min,-0.0031225383281707764,0
lsa-trimmed-mean-late20-seed42-20261004,11,3,conv2,max,0.013401076197624207,0
lsa-trimmed-mean-late20-seed42-20261004,11,3,conv2,l1,2.6136715961474692,0
lsa-trimmed-mean-late20-seed42-20261004,11,3,conv2,l2,0.08617668166359982,0
lsa-trimmed-mean-late20-seed42-20261004,11,3,conv2,max_abs,0.013401076197624207,0
lsa-trimmed-mean-late20-seed42-20261004,11,3,conv2,sparsity,0.0,0
lsa-trimmed-mean-late20-seed42-20261004,11,3,conv2,skewness,4.070268380584763,0
lsa-trimmed-mean-late20-seed42-20261004,11,3,conv2,kurtosis,24.9455663300199,0
lsa-trimmed-mean-late20-seed42-20261004,11,3,fc1,mean,3.461045388539857e-05,0
lsa-trimmed-mean-late20-seed42-20261004,11,3,fc1,std,0.0003690613672301528,0
lsa-trimmed-mean-late20-seed42-20261004,11,3,fc1,median,0.0,0
lsa-trimmed-mean-late20-seed42-20261004,11,3,fc1,min,-0.004956565797328949,0
lsa-trimmed-mean-late20-seed42-20261004,11,3,fc1,max,0.006821583490818739,0
lsa-trimmed-mean-late20-seed42-20261004,11,3,fc1,l1,17.374469231593366,0
lsa-trimmed-mean-late20-seed42-20261004,11,3,fc1,l2,0.11746309108539191,0
lsa-trimmed-mean-late20-seed42-20261004,11,3,fc1,max_abs,0.006821583490818739,0
lsa-trimmed-mean-late20-seed42-20261004,11,3,fc1,sparsity,0.08320387189292543,0
lsa-trimmed-mean-late20-seed42-20261004,11,3,fc1,skewness,1.3674833544922291,0
lsa-trimmed-mean-late20-seed42-20261004,11,3,fc1,kurtosis,26.06155098652651,0
lsa-trimmed-mean-late20-seed42-20261004,11,3,output,mean,-5.702559764568623e-10,0
lsa-trimmed-mean-late20-seed42-20261004,11,3,output,std,0.002546598786122938,0
lsa-trimmed-mean-late20-seed42-20261004,11,3,output,median,-3.3527612686157227e-07,0
lsa-trimmed-mean-late20-seed42-20261004,11,3,output,min,-0.007932916283607483,0
lsa-trimmed-mean-late20-seed42-20261004,11,3,output,max,0.01084299385547638,0
lsa-trimmed-mean-late20-seed42-20261004,11,3,output,l1,1.1396272308193147,0
lsa-trimmed-mean-late20-seed42-20261004,11,3,output,l2,0.06492578451866443,0
lsa-trimmed-mean-late20-seed42-20261004,11,3,output,max_abs,0.01084299385547638,0
lsa-trimmed-mean-late20-seed42-20261004,11,3,output,sparsity,0.046153846153846156,0
lsa-trimmed-mean-late20-seed42-20261004,11,3,output,skewness,0.3540843138652729,0
lsa-trimmed-mean-late20-seed42-20261004,11,3,output,kurtosis,1.4677613513990924,0
lsa-trimmed-mean-late20-seed42-20261004,11,4,conv1,mean,0.003089947228363599,0
lsa-trimmed-mean-late20-seed42-20261004,11,4,conv1,std,0.004889790172992763,0
lsa-trimmed-mean-late20-seed42-20261004,11,4,conv1,median,0.0005785524845123291,0
lsa-trimmed-mean-late20-seed42-20261004,11,4,conv1,min,-0.0016552358865737915,0
lsa-trimmed-mean-late20-seed42-20261004,11,4,conv1,max,0.018477797508239746,0
lsa-trimmed-mean-late20-seed42-20261004,11,4,conv1,l1,0.5264800668810494,0
lsa-trimmed-mean-late20-seed42-20261004,11,4,conv1,l2,0.07316591754085339,0
lsa-trimmed-mean-late20-seed42-20261004,11,4,conv1,max_abs,0.018477797508239746,0
lsa-trimmed-mean-late20-seed42-20261004,11,4,conv1,sparsity,0.0,0
lsa-trimmed-mean-late20-seed42-20261004,11,4,conv1,skewness,1.5079418662961532,0
lsa-trimmed-mean-late20-seed42-20261004,11,4,conv1,kurtosis,1.0654404710349468,0
lsa-trimmed-mean-late20-seed42-20261004,11,4,conv2,mean,0.0003683306136367562,0
lsa-trimmed-mean-late20-seed42-20261004,11,4,conv2,std,0.0012229558712531926,0
lsa-trimmed-mean-late20-seed42-20261004,11,4,conv2,median,4.77377325296402e-05,0
lsa-trimmed-mean-late20-seed42-20261004,11,4,conv2,min,-0.0027171894907951355,0
lsa-trimmed-mean-late20-seed42-20261004,11,4,conv2,max,0.014727786183357239,0
lsa-trimmed-mean-late20-seed42-20261004,11,4,conv2,l1,2.5578473112873326,0
lsa-trimmed-mean-late20-seed42-20261004,11,4,conv2,l2,0.08700102676659935,0
lsa-trimmed-mean-late20-seed42-20261004,11,4,conv2,max_abs,0.014727786183357239,0
lsa-trimmed-mean-late20-seed42-20261004,11,4,conv2,sparsity,0.0,0
lsa-trimmed-mean-late20-seed42-20261004,11,4,conv2,skewness,4.389111845727849,0
lsa-trimmed-mean-late20-seed42-20261004,11,4,conv2,kurtosis,29.116975695320164,0
lsa-trimmed-mean-late20-seed42-20261004,11,4,fc1,mean,3.2339219113752624e-05,0
lsa-trimmed-mean-late20-seed42-20261004,11,4,fc1,std,0.00038836570014029486,0
lsa-trimmed-mean-late20-seed42-20261004,11,4,fc1,median,0.0,0
lsa-trimmed-mean-late20-seed42-20261004,11,4,fc1,min,-0.006605207920074463,0
lsa-trimmed-mean-late20-seed42-20261004,11,4,fc1,max,0.007055602967739105,0
lsa-trimmed-mean-late20-seed42-20261004,11,4,fc1,l1,18.232459417610585,0
lsa-trimmed-mean-late20-seed42-20261004,11,4,fc1,l2,0.1234931321595028,0
lsa-trimmed-mean-late20-seed42-20261004,11,4,fc1,max_abs,0.007055602967739105,0
lsa-trimmed-mean-late20-seed42-20261004,11,4,fc1,sparsity,0.08968690248565965,0
lsa-trimmed-mean-late20-seed42-20261004,11,4,fc1,skewness,1.382421598464687,0
lsa-trimmed-mean-late20-seed42-20261004,11,4,fc1,kurtosis,29.723619353726235,0
lsa-trimmed-mean-late20-seed42-20261004,11,4,output,mean,-1.1762425016898376e-10,0
lsa-trimmed-mean-late20-seed42-20261004,11,4,output,std,0.0028205575755051466,0
lsa-trimmed-mean-late20-seed42-20261004,11,4,output,median,-3.1851232051849365e-07,0
lsa-trimmed-mean-late20-seed42-20261004,11,4,output,min,-0.008744105696678162,0
lsa-trimmed-mean-late20-seed42-20261004,11,4,output,max,0.0098029226064682,0
lsa-trimmed-mean-late20-seed42-20261004,11,4,output,l1,1.3241327000723686,0
lsa-trimmed-mean-late20-seed42-20261004,11,4,output,l2,0.07191039058356354,0
lsa-trimmed-mean-late20-seed42-20261004,11,4,output,max_abs,0.0098029226064682,0
lsa-trimmed-mean-late20-seed42-20261004,11,4,output,sparsity,0.06153846153846154,0
lsa-trimmed-mean-late20-seed42-20261004,11,4,output,skewness,0.285789758322228,0
lsa-trimmed-mean-late20-seed42-20261004,11,4,output,kurtosis,0.7591179203887557,0
lsa-trimmed-mean-late20-seed42-20261004,12,0,conv1,mean,0.002465633091014752,0
lsa-trimmed-mean-late20-seed42-20261004,12,0,conv1,std,0.003893645665924372,0
lsa-trimmed-mean-late20-seed42-20261004,12,0,conv1,median,0.0004366971552371979,0
lsa-trimmed-mean-late20-seed42-20261004,12,0,conv1,min,-0.0012416243553161621,0
lsa-trimmed-mean-late20-seed42-20261004,12,0,conv1,max,0.014843583106994629,0
lsa-trimmed-mean-late20-seed42-20261004,12,0,conv1,l1,0.4244745563773904,0
lsa-trimmed-mean-late20-seed42-20261004,12,0,conv1,l2,0.05829555470020485,0
lsa-trimmed-mean-late20-seed42-20261004,12,0,conv1,max_abs,0.014843583106994629,0
lsa-trimmed-mean-late20-seed42-20261004,12,0,conv1,sparsity,0.0,0
lsa-trimmed-mean-late20-seed42-20261004,12,0,conv1,skewness,1.4935374578153708,0
lsa-trimmed-mean-late20-seed42-20261004,12,0,conv1,kurtosis,1.057147340633266,0
lsa-trimmed-mean-late20-seed42-20261004,12,0,conv2,mean,0.0003045567014506277,0
lsa-trimmed-mean-late20-seed42-20261004,12,0,conv2,std,0.0009675966659809381,0
lsa-trimmed-mean-late20-seed42-20261004,12,0,conv2,median,5.223415791988373e-05,0
lsa-trimmed-mean-late20-seed42-20261004,12,0,conv2,min,-0.0028687268495559692,0
lsa-trimmed-mean-late20-seed42-20261004,12,0,conv2,max,0.010360941290855408,0
lsa-trimmed-mean-late20-seed42-20261004,12,0,conv2,l1,2.2029119997750968,0
lsa-trimmed-mean-late20-seed42-20261004,12,0,conv2,l2,0.06909812695587225,0
lsa-trimmed-mean-late20-seed42-20261004,12,0,conv2,max_abs,0.010360941290855408,0
lsa-trimmed-mean-late20-seed42-20261004,12,0,conv2,sparsity,0.0,0
lsa-trimmed-mean-late20-seed42-20261004,12,0,conv2,skewness,3.685052985105058,0
lsa-trimmed-mean-late20-seed42-20261004,12,0,conv2,kurtosis,21.2867622106401,0
lsa-trimmed-mean-late20-seed42-20261004,12,0,fc1,mean,2.6561191430971893e-05,0
lsa-trimmed-mean-late20-seed42-20261004,12,0,fc1,std,0.00043954510262094414,0
lsa-trimmed-mean-late20-seed42-20261004,12,0,fc1,median,0.0,0
lsa-trimmed-mean-late20-seed42-20261004,12,0,fc1,min,-0.00735798105597496,0
lsa-trimmed-mean-late20-seed42-20261004,12,0,fc1,max,0.007185772527009249,0
lsa-trimmed-mean-late20-seed42-20261004,12,0,fc1,l1,19.712486751610754,0
lsa-trimmed-mean-late20-seed42-20261004,12,0,fc1,l2,0.13953925632877032,0
lsa-trimmed-mean-late20-seed42-20261004,12,0,fc1,max_abs,0.00735798105597496,0
lsa-trimmed-mean-late20-seed42-20261004,12,0,fc1,sparsity,0.0664834289356278,0
lsa-trimmed-mean-late20-seed42-20261004,12,0,fc1,skewness,0.6986549863920796,0
lsa-trimmed-mean-late20-seed42-20261004,12,0,fc1,kurtosis,31.276033995119917,0
lsa-trimmed-mean-late20-seed42-20261004,12,0,output,mean,3.1879888131068304e-11,0
lsa-trimmed-mean-late20-seed42-20261004,12,0,output,std,0.0028976737602813166,0
lsa-trimmed-mean-late20-seed42-20261004,12,0,output,median,-5.584210157394409e-06,0
lsa-trimmed-mean-late20-seed42-20261004,12,0,output,min,-0.007173091173171997,0
lsa-trimmed-mean-late20-seed42-20261004,12,0,output,max,0.020131751894950867,0
lsa-trimmed-mean-late20-seed42-20261004,12,0,output,l1,1.228685780777596,0
lsa-trimmed-mean-late20-seed42-20261004,12,0,output,l2,0.07387647523850108,0
lsa-trimmed-mean-late20-seed42-20261004,12,0,output,max_abs,0.020131751894950867,0
lsa-trimmed-mean-late20-seed42-20261004,12,0,output,sparsity,0.03076923076923077,0
lsa-trimmed-mean-late20-seed42-20261004,12,0,output,skewness,1.5828622570041742,0
lsa-trimmed-mean-late20-seed42-20261004,12,0,output,kurtosis,6.42020970976575,0
lsa-trimmed-mean-late20-seed42-20261004,12,1,conv1,mean,0.002525834517291514,0
lsa-trimmed-mean-late20-seed42-20261004,12,1,conv1,std,0.00399608508895223,0
lsa-trimmed-mean-late20-seed42-20261004,12,1,conv1,median,0.00044111162424087524,0
lsa-trimmed-mean-late20-seed42-20261004,12,1,conv1,min,-0.0012214183807373047,0
lsa-trimmed-mean-late20-seed42-20261004,12,1,conv1,max,0.01494133472442627,0
lsa-trimmed-mean-late20-seed42-20261004,12,1,conv1,l1,0.43306729767937213,0
lsa-trimmed-mean-late20-seed42-20261004,12,1,conv1,l2,0.05979770704217694,0
lsa-trimmed-mean-late20-seed42-20261004,12,1,conv1,max_abs,0.01494133472442627,0
lsa-trimmed-mean-late20-seed42-20261004,12,1,conv1,sparsity,0.0,0
lsa-trimmed-mean-late20-seed42-20261004,12,1,conv1,skewness,1.4905016216294764,0
lsa-trimmed-mean-late20-seed42-20261004,12,1,conv1,kurtosis,1.007327922347086,0
lsa-trimmed-mean-late20-seed42-20261004,12,1,conv2,mean,0.00029872570786869016,0
lsa-trimmed-mean-late20-seed42-20261004,12,1,conv2,std,0.000977965284083823,0
lsa-trimmed-mean-late20-seed42-20261004,12,1,conv2,median,4.73016407340765e-05,0
lsa-trimmed-mean-late20-seed42-20261004,12,1,conv2,min,-0.002743072807788849,0
lsa-trimmed-mean-late20-seed42-20261004,12,1,conv2,max,0.010786935687065125,0
lsa-trimmed-mean-late20-seed42-20261004,12,1,conv2,l1,2.1223255700897425,0
lsa-trimmed-mean-late20-seed42-20261004,12,1,conv2,l2,0.06965508305015998,0
lsa-trimmed-mean-late20-seed42-20261004,12,1,conv2,max_abs,0.010786935687065125,0
lsa-trimmed-mean-late20-seed42-20261004,12,1,conv2,sparsity,0.0,0
lsa-trimmed-mean-late20-seed42-20261004,12,1,conv2,skewness,4.018286125721965,0
lsa-trimmed-mean-late20-seed42-20261004,12,1,conv2,kurtosis,24.497282972673222,0
lsa-trimmed-mean-late20-seed42-20261004,12,1,fc1,mean,1.460909510845521e-05,0
lsa-trimmed-mean-late20-seed42-20261004,12,1,fc1,std,0.000320470807655088,0
lsa-trimmed-mean-late20-seed42-20261004,12,1,fc1,median,0.0,0
lsa-trimmed-mean-late20-seed42-20261004,12,1,fc1,min,-0.004260905086994171,0
lsa-trimmed-mean-late20-seed42-20261004,12,1,fc1,max,0.005346929654479027,0
lsa-trimmed-mean-late20-seed42-20261004,12,1,fc1,l1,15.47424666408915,0
lsa-trimmed-mean-late20-seed42-20261004,12,1,fc1,l2,0.10165780367002983,0
lsa-trimmed-mean-late20-seed42-20261004,12,1,fc1,max_abs,0.005346929654479027,0
lsa-trimmed-mean-late20-seed42-20261004,12,1,fc1,sparsity,0.07862292861695347,0
lsa-trimmed-mean-late20-seed42-20261004,12,1,fc1,skewness,0.714942711286579,0
lsa-trimmed-mean-late20-seed42-20261004,12,1,fc1,kurtosis,23.321116784937313,0
lsa-trimmed-mean-late20-seed42-20261004,12,1,output,mean,5.032723912825951e-11,0
lsa-trimmed-mean-late20-seed42-20261004,12,1,output,std,0.0021749909407469386,0
lsa-trimmed-mean-late20-seed42-20261004,12,1,output,median,-6.752088665962219e-07,0
lsa-trimmed-mean-late20-seed42-20261004,12,1,output,min,-0.008206009864807129,0
lsa-trimmed-mean-late20-seed42-20261004,12,1,output,max,0.010228574275970459,0
lsa-trimmed-mean-late20-seed42-20261004,12,1,output,l1,1.003348182712216,0
lsa-trimmed-mean-late20-seed42-20261004,12,1,output,l2,0.05545160624378086,0
lsa-trimmed-mean-late20-seed42-20261004,12,1,output,max_abs,0.010228574275970459,0
lsa-trimmed-mean-late20-seed42-20261004,12,1,output,sparsity,0.046153846153846156,0
lsa-trimmed-mean-late20-seed42-20261004,12,1,output,skewness,0.384070177905041,0
lsa-trimmed-mean-late20-seed42-20261004,12,1,output,kurtosis,1.5894857333231087,0
lsa-trimmed-mean-late20-seed42-20261004,12,2,conv1,mean,0.0023405592542985686,0
lsa-trimmed-mean-late20-seed42-20261004,12,2,conv1,std,0.0037543471789992324,0
lsa-trimmed-mean-late20-seed42-20261004,12,2,conv1,median,0.00039810314774513245,0
lsa-trimmed-mean-late20-seed42-20261004,12,2,conv1,min,-0.0010371804237365723,0
lsa-trimmed-mean-late20-seed42-20261004,12,2,conv1,max,0.014179378747940063,0
lsa-trimmed-mean-late20-seed42-20261004,12,2,conv1,l1,0.4030111655010842,0
lsa-trimmed-mean-late20-seed42-20261004,12,2,conv1,l2,0.055961901845226335,0
lsa-trimmed-mean-late20-seed42-20261004,12,2,conv1,max_abs,0.014179378747940063,0
lsa-trimmed-mean-late20-seed42-20261004,12,2,conv1,sparsity,0.0,0
lsa-trimmed-mean-late20-seed42-20261004,12,2,conv1,skewness,1.5258685012670645,0
lsa-trimmed-mean-late20-seed42-20261004,12,2,conv1,kurtosis,1.1452968601121132,0
lsa-trimmed-mean-late20-seed42-20261004,12,2,conv2,mean,0.00028115230804266094,0
lsa-trimmed-mean-late20-seed42-20261004,12,2,conv2,std,0.0009319448933320217,0
lsa-trimmed-mean-late20-seed42-20261004,12,2,conv2,median,4.758313298225403e-05,0
lsa-trimmed-mean-late20-seed42-20261004,12,2,conv2,min,-0.0032509304583072662,0
lsa-trimmed-mean-late20-seed42-20261004,12,2,conv2,max,0.010277882218360901,0
lsa-trimmed-mean-late20-seed42-20261004,12,2,conv2,l1,2.0450981663016137,0
lsa-trimmed-mean-late20-seed42-20261004,12,2,conv2,l2,0.0663077301451167,0
lsa-trimmed-mean-late20-seed42-20261004,12,2,conv2,max_abs,0.010277882218360901,0
lsa-trimmed-mean-late20-seed42-20261004,12,2,conv2,sparsity,0.0,0
lsa-trimmed-mean-late20-seed42-20261004,12,2,conv2,skewness,3.86478141005723,0
lsa-trimmed-mean-late20-seed42-20261004,12,2,conv2,kurtosis,23.470624513010687,0
lsa-trimmed-mean-late20-seed42-20261004,12,2,fc1,mean,2.974795388600253e-05,0
lsa-trimmed-mean-late20-seed42-20261004,12,2,fc1,std,0.000395614909207899,0
lsa-trimmed-mean-late20-seed42-20261004,12,2,fc1,median,0.0,0
lsa-trimmed-mean-late20-seed42-20261004,12,2,fc1,min,-0.007913528010249138,0
lsa-trimmed-mean-late20-seed42-20261004,12,2,fc1,max,0.006090730428695679,0
lsa-trimmed-mean-late20-seed42-20261004,12,2,fc1,l1,18.490827678296284,0
lsa-trimmed-mean-late20-seed42-20261004,12,2,fc1,l2,0.12571828224729825,0
lsa-trimmed-mean-late20-seed42-20261004,12,2,fc1,max_abs,0.007913528010249138,0
lsa-trimmed-mean-late20-seed42-20261004,12,2,fc1,sparsity,0.10345960803059273,0
lsa-trimmed-mean-late20-seed42-20261004,12,2,fc1,skewness,0.5779666062865789,0
lsa-trimmed-mean-late20-seed42-20261004,12,2,fc1,kurtosis,26.63489710169129,0
lsa-trimmed-mean-late20-seed42-20261004,12,2,output,mean,-5.2297344574561484e-11,0
lsa-trimmed-mean-late20-seed42-20261004,12,2,output,std,0.0026347257104255995,0
lsa-trimmed-mean-late20-seed42-20261004,12,2,output,median,-9.527429938316345e-07,0
lsa-trimmed-mean-late20-seed42-20261004,12,2,output,min,-0.008102819323539734,0
lsa-trimmed-mean-late20-seed42-20261004,12,2,output,max,0.011565104126930237,0
lsa-trimmed-mean-late20-seed42-20261004,12,2,output,l1,1.2017138001974672,0
lsa-trimmed-mean-late20-seed42-20261004,12,2,output,l2,0.06717258905212373,0
lsa-trimmed-mean-late20-seed42-20261004,12,2,output,max_abs,0.011565104126930237,0
lsa-trimmed-mean-late20-seed42-20261004,12,2,output,sparsity,0.07692307692307693,0
lsa-trimmed-mean-late20-seed42-20261004,12,2,output,skewness,0.5445109275396646,0
lsa-trimmed-mean-late20-seed42-20261004,12,2,output,kurtosis,1.3074945610547095,0
lsa-trimmed-mean-late20-seed42-20261004,12,3,conv1,mean,0.0024513162341463614,0
lsa-trimmed-mean-late20-seed42-20261004,12,3,conv1,std,0.003857102449526146,0
lsa-trimmed-mean-late20-seed42-20261004,12,3,conv1,median,0.00039856135845184326,0
lsa-trimmed-mean-late20-seed42-20261004,12,3,conv1,min,-0.0011651664972305298,0
lsa-trimmed-mean-late20-seed42-20261004,12,3,conv1,max,0.01465839147567749,0
lsa-trimmed-mean-late20-seed42-20261004,12,3,conv1,l1,0.41803327918751165,0
lsa-trimmed-mean-late20-seed42-20261004,12,3,conv1,l2,0.057808221679522494,0
lsa-trimmed-mean-late20-seed42-20261004,12,3,conv1,max_abs,0.01465839147567749,0
lsa-trimmed-mean-late20-seed42-20261004,12,3,conv1,sparsity,0.0,0
lsa-trimmed-mean-late20-seed42-20261004,12,3,conv1,skewness,1.5100217542228278,0
lsa-trimmed-mean-late20-seed42-20261004,12,3,conv1,kurtosis,1.097757085371578,0
lsa-trimmed-mean-late20-seed42-20261004,12,3,conv2,mean,0.0002874544549583867,0
lsa-trimmed-mean-late20-seed42-20261004,12,3,conv2,std,0.0009577384498788284,0
lsa-trimmed-mean-late20-seed42-20261004,12,3,conv2,median,4.512816667556763e-05,0
lsa-trimmed-mean-late20-seed42-20261004,12,3,conv2,min,-0.003174327313899994,0
lsa-trimmed-mean-late20-seed42-20261004,12,3,conv2,max,0.010274484753608704,0
lsa-trimmed-mean-late20-seed42-20261004,12,3,conv2,l1,2.103572105872445,0
lsa-trimmed-mean-late20-seed42-20261004,12,3,conv2,l2,0.0681139011474163,0
lsa-trimmed-mean-late20-seed42-20261004,12,3,conv2,max_abs,0.010274484753608704,0
lsa-trimmed-mean-late20-seed42-20261004,12,3,conv2,sparsity,0.0,0
lsa-trimmed-mean-late20-seed42-20261004,12,3,conv2,skewness,3.7985154631597196,0
lsa-trimmed-mean-late20-seed42-20261004,12,3,conv2,kurtosis,22.542370901814003,0
lsa-trimmed-mean-late20-seed42-20261004,12,3,fc1,mean,1.9938557856914432e-05,0
lsa-trimmed-mean-late20-seed42-20261004,12,3,fc1,std,0.00032585307454625326,0
lsa-trimmed-mean-late20-seed42-20261004,12,3,fc1,median,0.0,0
lsa-trimmed-mean-late20-seed42-20261004,12,3,fc1,min,-0.004879280924797058,0
lsa-trimmed-mean-late20-seed42-20261004,12,3,fc1,max,0.006601143628358841,0
lsa-trimmed-mean-late20-seed42-20261004,12,3,fc1,l1,15.35549378469625,0
lsa-trimmed-mean-late20-seed42-20261004,12,3,fc1,l2,0.1034510202044171,0
lsa-trimmed-mean-late20-seed42-20261004,12,3,fc1,max_abs,0.006601143628358841,0
lsa-trimmed-mean-late20-seed42-20261004,12,3,fc1,sparsity,0.08115240599107712,0
lsa-trimmed-mean-late20-seed42-20261004,12,3,fc1,skewness,0.9045239668769642,0
lsa-trimmed-mean-late20-seed42-20261004,12,3,fc1,kurtosis,26.466466105280684,0
lsa-trimmed-mean-late20-seed42-20261004,12,3,output,mean,-4.4864674027149493e-11,0
lsa-trimmed-mean-late20-seed42-20261004,12,3,output,std,0.0021789038687325974,0
lsa-trimmed-mean-late20-seed42-20261004,12,3,output,median,-1.6763806343078613e-07,0
lsa-trimmed-mean-late20-seed42-20261004,12,3,output,min,-0.007692664861679077,0
lsa-trimmed-mean-late20-seed42-20261004,12,3,output,max,0.009195536375045776,0
lsa-trimmed-mean-late20-seed42-20261004,12,3,output,l1,0.979104105499573,0
lsa-trimmed-mean-late20-seed42-20261004,12,3,output,l2,0.055551366724551646,0
lsa-trimmed-mean-late20-seed42-20261004,12,3,output,max_abs,0.009195536375045776,0
lsa-trimmed-mean-late20-seed42-20261004,12,3,output,sparsity,0.046153846153846156,0
lsa-trimmed-mean-late20-seed42-20261004,12,3,output,skewness,0.26681963654638147,0
lsa-trimmed-mean-late20-seed42-20261004,12,3,output,kurtosis,1.3096486544747439,0
lsa-trimmed-mean-late20-seed42-20261004,12,4,conv1,mean,0.0025296668658484124,0
lsa-trimmed-mean-late20-seed42-20261004,12,4,conv1,std,0.003996929264517649,0
lsa-trimmed-mean-late20-seed42-20261004,12,4,conv1,median,0.0004229992628097534,0
lsa-trimmed-mean-late20-seed42-20261004,12,4,conv1,min,-0.0012313127517700195,0
lsa-trimmed-mean-late20-seed42-20261004,12,4,conv1,max,0.01524132490158081,0
lsa-trimmed-mean-late20-seed42-20261004,12,4,conv1,l1,0.43067474631243385,0
lsa-trimmed-mean-late20-seed42-20261004,12,4,conv1,l2,0.05983264392985344,0
lsa-trimmed-mean-late20-seed42-20261004,12,4,conv1,max_abs,0.01524132490158081,0
lsa-trimmed-mean-late20-seed42-20261004,12,4,conv1,sparsity,0.0,0
lsa-trimmed-mean-late20-seed42-20261004,12,4,conv1,skewness,1.5072140769404456,0
lsa-trimmed-mean-late20-seed42-20261004,12,4,conv1,kurtosis,1.076695479922785,0
lsa-trimmed-mean-late20-seed42-20261004,12,4,conv2,mean,0.0002738303545874228,0
lsa-trimmed-mean-late20-seed42-20261004,12,4,conv2,std,0.0009896955030737442,0
lsa-trimmed-mean-late20-seed42-20261004,12,4,conv2,median,3.143027424812317e-05,0
lsa-trimmed-mean-late20-seed42-20261004,12,4,conv2,min,-0.002745389938354492,0
lsa-trimmed-mean-late20-seed42-20261004,12,4,conv2,max,0.01170852780342102,0
lsa-trimmed-mean-late20-seed42-20261004,12,4,conv2,l1,2.0842188236129005,0
lsa-trimmed-mean-late20-seed42-20261004,12,4,conv2,l2,0.06994846938143891,0
lsa-trimmed-mean-late20-seed42-20261004,12,4,conv2,max_abs,0.01170852780342102,0
lsa-trimmed-mean-late20-seed42-20261004,12,4,conv2,sparsity,0.0,0
lsa-trimmed-mean-late20-seed42-20261004,12,4,conv2,skewness,4.219415517832464,0
lsa-trimmed-mean-late20-seed42-20261004,12,4,conv2,kurtosis,27.690879247301456,0
lsa-trimmed-mean-late20-seed42-20261004,12,4,fc1,mean,2.132413483675333e-05,0
lsa-trimmed-mean-late20-seed42-20261004,12,4,fc1,std,0.00035206442946203253,0
lsa-trimmed-mean-late20-seed42-20261004,12,4,fc1,median,0.0,0
lsa-trimmed-mean-late20-seed42-20261004,12,4,fc1,min,-0.006207119673490524,0
lsa-trimmed-mean-late20-seed42-20261004,12,4,fc1,max,0.006531089544296265,0
lsa-trimmed-mean-late20-seed42-20261004,12,4,fc1,l1,16.437793427006227,0
lsa-trimmed-mean-late20-seed42-20261004,12,4,fc1,l2,0.11176833281248914,0
lsa-trimmed-mean-late20-seed42-20261004,12,4,fc1,max_abs,0.006531089544296265,0
lsa-trimmed-mean-late20-seed42-20261004,12,4,fc1,sparsity,0.0888902166985341,0
lsa-trimmed-mean-late20-seed42-20261004,12,4,fc1,skewness,1.199913070281374,0
lsa-trimmed-mean-late20-seed42-20261004,12,4,fc1,kurtosis,30.62208976437323,0
lsa-trimmed-mean-late20-seed42-20261004,12,4,output,mean,2.428154962567183e-10,0
lsa-trimmed-mean-late20-seed42-20261004,12,4,output,std,0.00261908116230268,0
lsa-trimmed-mean-late20-seed42-20261004,12,4,output,median,-4.163011908531189e-07,0
lsa-trimmed-mean-late20-seed42-20261004,12,4,output,min,-0.00874277949333191,0
lsa-trimmed-mean-late20-seed42-20261004,12,4,output,max,0.008466392755508423,0
lsa-trimmed-mean-late20-seed42-20261004,12,4,output,l1,1.2184443946753163,0
lsa-trimmed-mean-late20-seed42-20261004,12,4,output,l2,0.06677372977132348,0
lsa-trimmed-mean-late20-seed42-20261004,12,4,output,max_abs,0.00874277949333191,0
lsa-trimmed-mean-late20-seed42-20261004,12,4,output,sparsity,0.06153846153846154,0
lsa-trimmed-mean-late20-seed42-20261004,12,4,output,skewness,0.23850055726124406,0
lsa-trimmed-mean-late20-seed42-20261004,12,4,output,kurtosis,0.7466972124746691,0
lsa-trimmed-mean-late20-seed42-20261004,13,0,conv1,mean,0.0019680023809996784,0
lsa-trimmed-mean-late20-seed42-20261004,13,0,conv1,std,0.003110818376021758,0
lsa-trimmed-mean-late20-seed42-20261004,13,0,conv1,median,0.0003033652901649475,0
lsa-trimmed-mean-late20-seed42-20261004,13,0,conv1,min,-0.000971868634223938,0
lsa-trimmed-mean-late20-seed42-20261004,13,0,conv1,max,0.01210734248161316,0
lsa-trimmed-mean-late20-seed42-20261004,13,0,conv1,l1,0.34154699408099987,0
lsa-trimmed-mean-late20-seed42-20261004,13,0,conv1,l2,0.046562172355189876,0
lsa-trimmed-mean-late20-seed42-20261004,13,0,conv1,max_abs,0.01210734248161316,0
lsa-trimmed-mean-late20-seed42-20261004,13,0,conv1,sparsity,0.0,0
lsa-trimmed-mean-late20-seed42-20261004,13,0,conv1,skewness,1.4907709333568548,0
lsa-trimmed-mean-late20-seed42-20261004,13,0,conv1,kurtosis,1.0892480631649333,0
lsa-trimmed-mean-late20-seed42-20261004,13,0,conv2,mean,0.0002290253407095563,0
lsa-trimmed-mean-late20-seed42-20261004,13,0,conv2,std,0.0007765463473473321,0
lsa-trimmed-mean-late20-seed42-20261004,13,0,conv2,median,4.001334309577942e-05,0
lsa-trimmed-mean-late20-seed42-20261004,13,0,conv2,min,-0.002650633454322815,0
lsa-trimmed-mean-late20-seed42-20261004,13,0,conv2,max,0.007952436804771423,0
lsa-trimmed-mean-late20-seed42-20261004,13,0,conv2,l1,1.8016951713507297,0
lsa-trimmed-mean-late20-seed42-20261004,13,0,conv2,l2,0.05514900289463481,0
lsa-trimmed-mean-late20-seed42-20261004,13,0,conv2,max_abs,0.007952436804771423,0
lsa-trimmed-mean-late20-seed42-20261004,13,0,conv2,sparsity,0.0,0
lsa-trimmed-mean-late20-seed42-20261004,13,0,conv2,skewness,3.42308229213591,0
lsa-trimmed-mean-late20-seed42-20261004,13,0,conv2,kurtosis,19.218620630372683,0
lsa-trimmed-mean-late20-seed42-20261004,13,0,fc1,mean,2.0989914542010046e-05,0
lsa-trimmed-mean-late20-seed42-20261004,13,0,fc1,std,0.00038995522485706736,0
lsa-trimmed-mean-late20-seed42-20261004,13,0,fc1,median,0.0,0
lsa-trimmed-mean-late20-seed42-20261004,13,0,fc1,min,-0.0051596094854176044,0
lsa-trimmed-mean-late20-seed42-20261004,13,0,fc1,max,0.006512993946671486,0
lsa-trimmed-mean-late20-seed42-20261004,13,0,fc1,l1,17.657019979929032,0
lsa-trimmed-mean-late20-seed42-20261004,13,0,fc1,l2,0.12374977875780424,0
lsa-trimmed-mean-late20-seed42-20261004,13,0,fc1,max_abs,0.006512993946671486,0
lsa-trimmed-mean-late20-seed42-20261004,13,0,fc1,sparsity,0.06499960165710644,0
lsa-trimmed-mean-late20-seed42-20261004,13,0,fc1,skewness,0.7252097784267999,0
lsa-trimmed-mean-late20-seed42-20261004,13,0,fc1,kurtosis,29.359693000649727,0
lsa-trimmed-mean-late20-seed42-20261004,13,0,output,mean,1.1426611588551448e-10,0
lsa-trimmed-mean-late20-seed42-20261004,13,0,output,std,0.0025782627424674786,0
lsa-trimmed-mean-late20-seed42-20261004,13,0,output,median,-1.361314207315445e-05,0
lsa-trimmed-mean-late20-seed42-20261004,13,0,output,min,-0.007167190313339233,0
lsa-trimmed-mean-late20-seed42-20261004,13,0,output,max,0.01828700304031372,0
lsa-trimmed-mean-late20-seed42-20261004,13,0,output,l1,1.0779451205162331,0
lsa-trimmed-mean-late20-seed42-20261004,13,0,output,l2,0.06573306017505468,0
lsa-trimmed-mean-late20-seed42-20261004,13,0,output,max_abs,0.01828700304031372,0
lsa-trimmed-mean-late20-seed42-20261004,13,0,output,sparsity,0.03230769230769231,0
lsa-trimmed-mean-late20-seed42-20261004,13,0,output,skewness,1.6790863021056737,0
lsa-trimmed-mean-late20-seed42-20261004,13,0,output,kurtosis,7.158061387477117,0
lsa-trimmed-mean-late20-seed42-20261004,13,1,conv1,mean,0.0020495886465141666,0
lsa-trimmed-mean-late20-seed42-20261004,13,1,conv1,std,0.0032396042826719263,0
lsa-trimmed-mean-late20-seed42-20261004,13,1,conv1,median,0.00036141276359558105,0
lsa-trimmed-mean-late20-seed42-20261004,13,1,conv1,min,-0.0009517967700958252,0
lsa-trimmed-mean-late20-seed42-20261004,13,1,conv1,max,0.012251108884811401,0
lsa-trimmed-mean-late20-seed42-20261004,13,1,conv1,l1,0.3532975304115098,0
lsa-trimmed-mean-late20-seed42-20261004,13,1,conv1,l2,0.04849057562574576,0
lsa-trimmed-mean-late20-seed42-20261004,13,1,conv1,max_abs,0.012251108884811401,0
lsa-trimmed-mean-late20-seed42-20261004,13,1,conv1,sparsity,0.0,0
lsa-trimmed-mean-late20-seed42-20261004,13,1,conv1,skewness,1.4863026754732347,0
lsa-trimmed-mean-late20-seed42-20261004,13,1,conv1,kurtosis,1.0232987531212725,0
lsa-trimmed-mean-late20-seed42-20261004,13,1,conv2,mean,0.0002218417386725848,0
lsa-trimmed-mean-late20-seed42-20261004,13,1,conv2,std,0.0007895921234392424,0
lsa-trimmed-mean-late20-seed42-20261004,13,1,conv2,median,3.355182707309723e-05,0
lsa-trimmed-mean-late20-seed42-20261004,13,1,conv2,min,-0.002749074250459671,0
lsa-trimmed-mean-late20-seed42-20261004,13,1,conv2,max,0.00838671624660492,0
lsa-trimmed-mean-late20-seed42-20261004,13,1,conv2,l1,1.738548209919827,0
lsa-trimmed-mean-late20-seed42-20261004,13,1,conv2,l2,0.05586757896887597,0
lsa-trimmed-mean-late20-seed42-20261004,13,1,conv2,max_abs,0.00838671624660492,0
lsa-trimmed-mean-late20-seed42-20261004,13,1,conv2,sparsity,0.00021551724137931034,0
lsa-trimmed-mean-late20-seed42-20261004,13,1,conv2,skewness,3.734720602848151,0
lsa-trimmed-mean-late20-seed42-20261004,13,1,conv2,kurtosis,22.136677454269552,0
lsa-trimmed-mean-late20-seed42-20261004,13,1,fc1,mean,4.288502174321899e-06,0
lsa-trimmed-mean-late20-seed42-20261004,13,1,fc1,std,0.00028494310569607614,0
lsa-trimmed-mean-late20-seed42-20261004,13,1,fc1,median,0.0,0
lsa-trimmed-mean-late20-seed42-20261004,13,1,fc1,min,-0.0038989433087408543,0
lsa-trimmed-mean-late20-seed42-20261004,13,1,fc1,max,0.004542410373687744,0
lsa-trimmed-mean-late20-seed42-20261004,13,1,fc1,l1,13.844699995847918,0
lsa-trimmed-mean-late20-seed42-20261004,13,1,fc1,l2,0.09030437550192152,0
lsa-trimmed-mean-late20-seed42-20261004,13,1,fc1,max_abs,0.004542410373687744,0
lsa-trimmed-mean-late20-seed42-20261004,13,1,fc1,sparsity,0.09168857552581262,0
lsa-trimmed-mean-late20-seed42-20261004,13,1,fc1,skewness,0.2884434486348211,0
lsa-trimmed-mean-late20-seed42-20261004,13,1,fc1,kurtosis,22.25028483083433,0
lsa-trimmed-mean-late20-seed42-20261004,13,1,output,mean,-5.510026732316384e-10,0
lsa-trimmed-mean-late20-seed42-20261004,13,1,output,std,0.00185630438944423,0
lsa-trimmed-mean-late20-seed42-20261004,13,1,output,median,-5.103647708892822e-07,0
lsa-trimmed-mean-late20-seed42-20261004,13,1,output,min,-0.007898643612861633,0
lsa-trimmed-mean-late20-seed42-20261004,13,1,output,max,0.008101612329483032,0
lsa-trimmed-mean-late20-seed42-20261004,13,1,output,l1,0.8592658895649947,0
lsa-trimmed-mean-late20-seed42-20261004,13,1,output,l2,0.04732666152472243,0
lsa-trimmed-mean-late20-seed42-20261004,13,1,output,max_abs,0.008101612329483032,0
lsa-trimmed-mean-late20-seed42-20261004,13,1,output,sparsity,0.06153846153846154,0
lsa-trimmed-mean-late20-seed42-20261004,13,1,output,skewness,0.3061620718937458,0
lsa-trimmed-mean-late20-seed42-20261004,13,1,output,kurtosis,1.4608233216253304,0
lsa-trimmed-mean-late20-seed42-20261004,13,2,conv1,mean,0.0018734939641944948,0
lsa-trimmed-mean-late20-seed42-20261004,13,2,conv1,std,0.003027266590810757,0
lsa-trimmed-mean-late20-seed42-20261004,13,2,conv1,median,0.0003364458680152893,0
lsa-trimmed-mean-late20-seed42-20261004,13,2,conv1,min,-0.0008660405874252319,0
lsa-trimmed-mean-late20-seed42-20261004,13,2,conv1,max,0.011523425579071045,0
lsa-trimmed-mean-late20-seed42-20261004,13,2,conv1,l1,0.3251341225404758,0
lsa-trimmed-mean-late20-seed42-20261004,13,2,conv1,l2,0.045032117686313065,0
lsa-trimmed-mean-late20-seed42-20261004,13,2,conv1,max_abs,0.011523425579071045,0
lsa-trimmed-mean-late20-seed42-20261004,13,2,conv1,sparsity,0.0,0
lsa-trimmed-mean-late20-seed42-20261004,13,2,conv1,skewness,1.5382836200489358,0
lsa-trimmed-mean-late20-seed42-20261004,13,2,conv1,kurtosis,1.2241001961867415,0
lsa-trimmed-mean-late20-seed42-20261004,13,2,conv2,mean,0.00020470961871351705,0
lsa-trimmed-mean-late20-seed42-20261004,13,2,conv2,std,0.0007578127200488319,0
lsa-trimmed-mean-late20-seed42-20261004,13,2,conv2,median,3.256648778915405e-05,0
lsa-trimmed-mean-late20-seed42-20261004,13,2,conv2,min,-0.0032008998095989227,0
lsa-trimmed-mean-late20-seed42-20261004,13,2,conv2,max,0.00809699296951294,0
lsa-trimmed-mean-late20-seed42-20261004,13,2,conv2,l1,1.6904729841771768,0
lsa-trimmed-mean-late20-seed42-20261004,13,2,conv2,l2,0.05347058743374738,0
lsa-trimmed-mean-late20-seed42-20261004,13,2,conv2,max_abs,0.00809699296951294,0
lsa-trimmed-mean-late20-seed42-20261004,13,2,conv2,sparsity,0.0,0
lsa-trimmed-mean-late20-seed42-20261004,13,2,conv2,skewness,3.491097548253497,0
lsa-trimmed-mean-late20-seed42-20261004,13,2,conv2,kurtosis,21.26754983180839,0
lsa-trimmed-mean-late20-seed42-20261004,13,2,fc1,mean,1.9920638946245023e-05,0
lsa-trimmed-mean-late20-seed42-20261004,13,2,fc1,std,0.00037935726362100386,0
lsa-trimmed-mean-late20-seed42-20261004,13,2,fc1,median,0.0,0
lsa-trimmed-mean-late20-seed42-20261004,13,2,fc1,min,-0.007922358810901642,0
lsa-trimmed-mean-late20-seed42-20261004,13,2,fc1,max,0.005764715373516083,0
lsa-trimmed-mean-late20-seed42-20261004,13,2,fc1,l1,17.640710978172592,0
lsa-trimmed-mean-late20-seed42-20261004,13,2,fc1,l2,0.12037819145583037,0
lsa-trimmed-mean-late20-seed42-20261004,13,2,fc1,max_abs,0.007922358810901642,0
lsa-trimmed-mean-late20-seed42-20261004,13,2,fc1,sparsity,0.08788440089228808,0
lsa-trimmed-mean-late20-seed42-20261004,13,2,fc1,skewness,0.20563000165004894,0
lsa-trimmed-mean-late20-seed42-20261004,13,2,fc1,kurtosis,27.46231616775528,0
lsa-trimmed-mean-late20-seed42-20261004,13,2,output,mean,-3.2381369517399714e-10,0
lsa-trimmed-mean-late20-seed42-20261004,13,2,output,std,0.0024492507807338973,0
lsa-trimmed-mean-late20-seed42-20261004,13,2,output,median,-9.564682841300964e-07,0
lsa-trimmed-mean-late20-seed42-20261004,13,2,output,min,-0.007809102535247803,0
lsa-trimmed-mean-late20-seed42-20261004,13,2,output,max,0.010811090469360352,0
lsa-trimmed-mean-late20-seed42-20261004,13,2,output,l1,1.0992376958020031,0
lsa-trimmed-mean-late20-seed42-20261004,13,2,output,l2,0.06244388762322307,0
lsa-trimmed-mean-late20-seed42-20261004,13,2,output,max_abs,0.010811090469360352,0
lsa-trimmed-mean-late20-seed42-20261004,13,2,output,sparsity,0.06769230769230769,0
lsa-trimmed-mean-late20-seed42-20261004,13,2,output,skewness,0.5437399887216533,0
lsa-trimmed-mean-late20-seed42-20261004,13,2,output,kurtosis,1.6871726115556953,0
lsa-trimmed-mean-late20-seed42-20261004,13,3,conv1,mean,0.0019557656973120175,0
lsa-trimmed-mean-late20-seed42-20261004,13,3,conv1,std,0.0030790754890379786,0
lsa-trimmed-mean-late20-seed42-20261004,13,3,conv1,median,0.00035298243165016174,0
lsa-trimmed-mean-late20-seed42-20261004,13,3,conv1,min,-0.000917091965675354,0
lsa-trimmed-mean-late20-seed42-20261004,13,3,conv1,max,0.011856168508529663,0
lsa-trimmed-mean-late20-seed42-20261004,13,3,conv1,l1,0.33543694732361473,0
lsa-trimmed-mean-late20-seed42-20261004,13,3,conv1,l2,0.04614017829176966,0
lsa-trimmed-mean-late20-seed42-20261004,13,3,conv1,max_abs,0.011856168508529663,0
lsa-trimmed-mean-late20-seed42-20261004,13,3,conv1,sparsity,0.0,0
lsa-trimmed-mean-late20-seed42-20261004,13,3,conv1,skewness,1.5116663674554431,0
lsa-trimmed-mean-late20-seed42-20261004,13,3,conv1,kurtosis,1.1417152386019298,0
lsa-trimmed-mean-late20-seed42-20261004,13,3,conv2,mean,0.0002067266144547767,0
lsa-trimmed-mean-late20-seed42-20261004,13,3,conv2,std,0.0007713461029546814,0
lsa-trimmed-mean-late20-seed42-20261004,13,3,conv2,median,3.092922270298004e-05,0
lsa-trimmed-mean-late20-seed42-20261004,13,3,conv2,min,-0.0031764283776283264,0
lsa-trimmed-mean-late20-seed42-20261004,13,3,conv2,max,0.00791160762310028,0
lsa-trimmed-mean-late20-seed42-20261004,13,3,conv2,l1,1.7262274480235646,0
lsa-trimmed-mean-late20-seed42-20261004,13,3,conv2,l2,0.05439648577818523,0
lsa-trimmed-mean-late20-seed42-20261004,13,3,conv2,max_abs,0.00791160762310028,0
lsa-trimmed-mean-late20-seed42-20261004,13,3,conv2,sparsity,0.00021551724137931034,0
lsa-trimmed-mean-late20-seed42-20261004,13,3,conv2,skewness,3.42337708039851,0
lsa-trimmed-mean-late20-seed42-20261004,13,3,conv2,kurtosis,19.86273334851981,0
lsa-trimmed-mean-late20-seed42-20261004,13,3,fc1,mean,1.421511725971637e-05,0
lsa-trimmed-mean-late20-seed42-20261004,13,3,fc1,std,0.00030536196221707574,0
lsa-trimmed-mean-late20-seed42-20261004,13,3,fc1,median,0.0,0
lsa-trimmed-mean-late20-seed42-20261004,13,3,fc1,min,-0.004901757463812828,0
lsa-trimmed-mean-late20-seed42-20261004,13,3,fc1,max,0.005902386736124754,0
lsa-trimmed-mean-late20-seed42-20261004,13,3,fc1,l1,14.384532363824178,0
lsa-trimmed-mean-late20-seed42-20261004,13,3,fc1,l2,0.0968693662606945,0
lsa-trimmed-mean-late20-seed42-20261004,13,3,fc1,max_abs,0.005902386736124754,0
lsa-trimmed-mean-late20-seed42-20261004,13,3,fc1,sparsity,0.09292343849585723,0
lsa-trimmed-mean-late20-seed42-20261004,13,3,fc1,skewness,0.45995909760312387,0
lsa-trimmed-mean-late20-seed42-20261004,13,3,fc1,kurtosis,27.104815005078173,0
lsa-trimmed-mean-late20-seed42-20261004,13,3,output,mean,2.1984585775778845e-11,0
lsa-trimmed-mean-late20-seed42-20261004,13,3,output,std,0.0019347228977554807,0
lsa-trimmed-mean-late20-seed42-20261004,13,3,output,median,-1.9278377294540405e-07,0
lsa-trimmed-mean-late20-seed42-20261004,13,3,output,min,-0.007215291261672974,0
lsa-trimmed-mean-late20-seed42-20261004,13,3,output,max,0.007759615778923035,0
lsa-trimmed-mean-late20-seed42-20261004,13,3,output,l1,0.8763525017129723,0
lsa-trimmed-mean-late20-seed42-20261004,13,3,output,l2,0.049325949045249874,0
lsa-trimmed-mean-late20-seed42-20261004,13,3,output,max_abs,0.007759615778923035,0
lsa-trimmed-mean-late20-seed42-20261004,13,3,output,sparsity,0.06153846153846154,0
lsa-trimmed-mean-late20-seed42-20261004,13,3,output,skewness,0.15155723166443383,0
lsa-trimmed-mean-late20-seed42-20261004,13,3,output,kurtosis,1.08664276117306,0
lsa-trimmed-mean-late20-seed42-20261004,13,4,conv1,mean,0.002057107955442916,0
lsa-trimmed-mean-late20-seed42-20261004,13,4,conv1,std,0.0032587403914843124,0
lsa-trimmed-mean-late20-seed42-20261004,13,4,conv1,median,0.00034833699464797974,0
lsa-trimmed-mean-late20-seed42-20261004,13,4,conv1,min,-0.0010710805654525757,0
lsa-trimmed-mean-late20-seed42-20261004,13,4,conv1,max,0.012623727321624756,0
lsa-trimmed-mean-late20-seed42-20261004,13,4,conv1,l1,0.3525040124368388,0
lsa-trimmed-mean-late20-seed42-20261004,13,4,conv1,l2,0.04874600632575,0
lsa-trimmed-mean-late20-seed42-20261004,13,4,conv1,max_abs,0.012623727321624756,0
lsa-trimmed-mean-late20-seed42-20261004,13,4,conv1,sparsity,0.0,0
lsa-trimmed-mean-late20-seed42-20261004,13,4,conv1,skewness,1.5071636957674546,0
lsa-trimmed-mean-late20-seed42-20261004,13,4,conv1,kurtosis,1.1141599236105515,0
lsa-trimmed-mean-late20-seed42-20261004,13,4,conv2,mean,0.00019904854450409213,0
lsa-trimmed-mean-late20-seed42-20261004,13,4,conv2,std,0.0008052658300750452,0
lsa-trimmed-mean-late20-seed42-20261004,13,4,conv2,median,1.8758699297904968e-05,0
lsa-trimmed-mean-late20-seed42-20261004,13,4,conv2,min,-0.002752736210823059,0
lsa-trimmed-mean-late20-seed42-20261004,13,4,conv2,max,0.009326383471488953,0
lsa-trimmed-mean-late20-seed42-20261004,13,4,conv2,l1,1.721739604639879,0
lsa-trimmed-mean-late20-seed42-20261004,13,4,conv2,l2,0.05650363248431211,0
lsa-trimmed-mean-late20-seed42-20261004,13,4,conv2,max_abs,0.009326383471488953,0
lsa-trimmed-mean-late20-seed42-20261004,13,4,conv2,sparsity,0.00021551724137931034,0
lsa-trimmed-mean-late20-seed42-20261004,13,4,conv2,skewness,3.9843064152695207,0
lsa-trimmed-mean-late20-seed42-20261004,13,4,conv2,kurtosis,26.19181532951391,0
lsa-trimmed-mean-late20-seed42-20261004,13,4,fc1,mean,1.4290302858593078e-05,0
lsa-trimmed-mean-late20-seed42-20261004,13,4,fc1,std,0.00033095344577873667,0
lsa-trimmed-mean-late20-seed42-20261004,13,4,fc1,median,0.0,0
lsa-trimmed-mean-late20-seed42-20261004,13,4,fc1,min,-0.005869593471288681,0
lsa-trimmed-mean-late20-seed42-20261004,13,4,fc1,max,0.005896035581827164,0
lsa-trimmed-mean-late20-seed42-20261004,13,4,fc1,l1,15.422648036201622,0
lsa-trimmed-mean-late20-seed42-20261004,13,4,fc1,l2,0.10497184913875172,0
lsa-trimmed-mean-late20-seed42-20261004,13,4,fc1,max_abs,0.005896035581827164,0
lsa-trimmed-mean-late20-seed42-20261004,13,4,fc1,sparsity,0.08796406947100063,0
lsa-trimmed-mean-late20-seed42-20261004,13,4,fc1,skewness,0.8862674607538635,0
lsa-trimmed-mean-late20-seed42-20261004,13,4,fc1,kurtosis,30.51151389837132,0
lsa-trimmed-mean-late20-seed42-20261004,13,4,output,mean,7.562518406372804e-11,0
lsa-trimmed-mean-late20-seed42-20261004,13,4,output,std,0.0024497346452116435,0
lsa-trimmed-mean-late20-seed42-20261004,13,4,output,median,-1.1175870895385742e-07,0
lsa-trimmed-mean-late20-seed42-20261004,13,4,output,min,-0.008420184254646301,0
lsa-trimmed-mean-late20-seed42-20261004,13,4,output,max,0.008186131715774536,0
lsa-trimmed-mean-late20-seed42-20261004,13,4,output,l1,1.1267636387783568,0
lsa-trimmed-mean-late20-seed42-20261004,13,4,output,l2,0.06245622379529237,0
lsa-trimmed-mean-late20-seed42-20261004,13,4,output,max_abs,0.008420184254646301,0
lsa-trimmed-mean-late20-seed42-20261004,13,4,output,sparsity,0.06153846153846154,0
lsa-trimmed-mean-late20-seed42-20261004,13,4,output,skewness,0.15435292103848122,0
lsa-trimmed-mean-late20-seed42-20261004,13,4,output,kurtosis,0.8340771402081448,0
lsa-trimmed-mean-late20-seed42-20261004,14,0,conv1,mean,0.0015764442196086748,0
lsa-trimmed-mean-late20-seed42-20261004,14,0,conv1,std,0.002507615097126435,0
lsa-trimmed-mean-late20-seed42-20261004,14,0,conv1,median,0.0002560541033744812,0
lsa-trimmed-mean-late20-seed42-20261004,14,0,conv1,min,-0.0007851123809814453,0
lsa-trimmed-mean-late20-seed42-20261004,14,0,conv1,max,0.010003000497817993,0
lsa-trimmed-mean-late20-seed42-20261004,14,0,conv1,l1,0.2753147541661747,0
lsa-trimmed-mean-late20-seed42-20261004,14,0,conv1,l2,0.037466379281428354,0
lsa-trimmed-mean-late20-seed42-20261004,14,0,conv1,max_abs,0.010003000497817993,0
lsa-trimmed-mean-late20-seed42-20261004,14,0,conv1,sparsity,0.0,0
lsa-trimmed-mean-late20-seed42-20261004,14,0,conv1,skewness,1.499305742037656,0
lsa-trimmed-mean-late20-seed42-20261004,14,0,conv1,kurtosis,1.163423977194583,0
lsa-trimmed-mean-late20-seed42-20261004,14,0,conv2,mean,0.00017764037146003703,0
lsa-trimmed-mean-late20-seed42-20261004,14,0,conv2,std,0.000634313670486208,0
lsa-trimmed-mean-late20-seed42-20261004,14,0,conv2,median,3.183446824550629e-05,0
lsa-trimmed-mean-late20-seed42-20261004,14,0,conv2,min,-0.0023777559399604797,0
lsa-trimmed-mean-late20-seed42-20261004,14,0,conv2,max,0.006093025207519531,0
lsa-trimmed-mean-late20-seed42-20261004,14,0,conv2,l1,1.5058641398791224,0
lsa-trimmed-mean-late20-seed42-20261004,14,0,conv2,l2,0.04487028074796273,0
lsa-trimmed-mean-late20-seed42-20261004,14,0,conv2,max_abs,0.006093025207519531,0
lsa-trimmed-mean-late20-seed42-20261004,14,0,conv2,sparsity,0.0004310344827586207,0
lsa-trimmed-mean-late20-seed42-20261004,14,0,conv2,skewness,3.09930769026894,0
lsa-trimmed-mean-late20-seed42-20261004,14,0,conv2,kurtosis,16.831244791716703,0
lsa-trimmed-mean-late20-seed42-20261004,14,0,fc1,mean,2.2537341073993966e-05,0
lsa-trimmed-mean-late20-seed42-20261004,14,0,fc1,std,0.00036511996096814616,0
lsa-trimmed-mean-late20-seed42-20261004,14,0,fc1,median,0.0,0
lsa-trimmed-mean-late20-seed42-20261004,14,0,fc1,min,-0.0049578468315303326,0
lsa-trimmed-mean-late20-seed42-20261004,14,0,fc1,max,0.006774501875042915,0
lsa-trimmed-mean-late20-seed42-20261004,14,0,fc1,l1,16.346777238307027,0
lsa-trimmed-mean-late20-seed42-20261004,14,0,fc1,l2,0.11592118485999389,0
lsa-trimmed-mean-late20-seed42-20261004,14,0,fc1,max_abs,0.006774501875042915,0
lsa-trimmed-mean-late20-seed42-20261004,14,0,fc1,sparsity,0.06352573295092416,0
lsa-trimmed-mean-late20-seed42-20261004,14,0,fc1,skewness,1.4024290476159706,0
lsa-trimmed-mean-late20-seed42-20261004,14,0,fc1,kurtosis,33.11939665931749,0
lsa-trimmed-mean-late20-seed42-20261004,14,0,output,mean,1.0469319442143808e-09,0
lsa-trimmed-mean-late20-seed42-20261004,14,0,output,std,0.0022425895814812886,0
lsa-trimmed-mean-late20-seed42-20261004,14,0,output,median,-3.900378942489624e-06,0
lsa-trimmed-mean-late20-seed42-20261004,14,0,output,min,-0.006693482398986816,0
lsa-trimmed-mean-late20-seed42-20261004,14,0,output,max,0.015598557889461517,0
lsa-trimmed-mean-late20-seed42-20261004,14,0,output,l1,0.9364208905608393,0
lsa-trimmed-mean-late20-seed42-20261004,14,0,output,l2,0.05717504018477106,0
lsa-trimmed-mean-late20-seed42-20261004,14,0,output,max_abs,0.015598557889461517,0
lsa-trimmed-mean-late20-seed42-20261004,14,0,output,sparsity,0.03538461538461538,0
lsa-trimmed-mean-late20-seed42-20261004,14,0,output,skewness,1.6064400811889739,0
lsa-trimmed-mean-late20-seed42-20261004,14,0,output,kurtosis,6.871516636264909,0
lsa-trimmed-mean-late20-seed42-20261004,14,1,conv1,mean,0.001685943985285121,0
lsa-trimmed-mean-late20-seed42-20261004,14,1,conv1,std,0.00267584457594182,0
lsa-trimmed-mean-late20-seed42-20261004,14,1,conv1,median,0.00029326602816581726,0
lsa-trimmed-mean-late20-seed42-20261004,14,1,conv1,min,-0.0008362382650375366,0
lsa-trimmed-mean-late20-seed42-20261004,14,1,conv1,max,0.010219544172286987,0
lsa-trimmed-mean-late20-seed42-20261004,14,1,conv1,l1,0.29221089446218684,0
lsa-trimmed-mean-late20-seed42-20261004,14,1,conv1,l2,0.040005102306813485,0
lsa-trimmed-mean-late20-seed42-20261004,14,1,conv1,max_abs,0.010219544172286987,0
lsa-trimmed-mean-late20-seed42-20261004,14,1,conv1,sparsity,0.0,0
lsa-trimmed-mean-late20-seed42-20261004,14,1,conv1,skewness,1.4877417563924693,0
lsa-trimmed-mean-late20-seed42-20261004,14,1,conv1,kurtosis,1.054278194013465,0
lsa-trimmed-mean-late20-seed42-20261004,14,1,conv2,mean,0.00017135322117579123,0
lsa-trimmed-mean-late20-seed42-20261004,14,1,conv2,std,0.0006537830596728268,0
lsa-trimmed-mean-late20-seed42-20261004,14,1,conv2,median,2.675876021385193e-05,0
lsa-trimmed-mean-late20-seed42-20261004,14,1,conv2,min,-0.002515289932489395,0
lsa-trimmed-mean-late20-seed42-20261004,14,1,conv2,max,0.00658842921257019,0
lsa-trimmed-mean-late20-seed42-20261004,14,1,conv2,l1,1.4686770958433044,0
lsa-trimmed-mean-late20-seed42-20261004,14,1,conv2,l2,0.04603830101148738,0
lsa-trimmed-mean-late20-seed42-20261004,14,1,conv2,max_abs,0.00658842921257019,0
lsa-trimmed-mean-late20-seed42-20261004,14,1,conv2,sparsity,0.0,0
lsa-trimmed-mean-late20-seed42-20261004,14,1,conv2,skewness,3.4300495613061672,0
lsa-trimmed-mean-late20-seed42-20261004,14,1,conv2,kurtosis,19.73349596114924,0
lsa-trimmed-mean-late20-seed42-20261004,14,1,fc1,mean,5.502074196278555e-06,0
lsa-trimmed-mean-late20-seed42-20261004,14,1,fc1,std,0.0002644823057982096,0
lsa-trimmed-mean-late20-seed42-20261004,14,1,fc1,median,0.0,0
lsa-trimmed-mean-late20-seed42-20261004,14,1,fc1,min,-0.003960139118134975,0
lsa-trimmed-mean-late20-seed42-20261004,14,1,fc1,max,0.0038684457540512085,0
lsa-trimmed-mean-late20-seed42-20261004,14,1,fc1,l1,12.99192087522863,0
lsa-trimmed-mean-late20-seed42-20261004,14,1,fc1,l2,0.0838285658582242,0
lsa-trimmed-mean-late20-seed42-20261004,14,1,fc1,max_abs,0.003960139118134975,0
lsa-trimmed-mean-late20-seed42-20261004,14,1,fc1,sparsity,0.09008524537922244,0
lsa-trimmed-mean-late20-seed42-20261004,14,1,fc1,skewness,0.48120385306076696,0
lsa-trimmed-mean-late20-seed42-20261004,14,1,fc1,kurtosis,21.480181393420533,0
lsa-trimmed-mean-late20-seed42-20261004,14,1,output,mean,6.545227594100512e-10,0
lsa-trimmed-mean-late20-seed42-20261004,14,1,output,std,0.0016323584978284857,0
lsa-trimmed-mean-late20-seed42-20261004,14,1,output,median,-5.21540641784668e-08,0
lsa-trimmed-mean-late20-seed42-20261004,14,1,output,min,-0.007365986704826355,0
lsa-trimmed-mean-late20-seed42-20261004,14,1,output,max,0.006807759404182434,0
lsa-trimmed-mean-late20-seed42-20261004,14,1,output,l1,0.7578648353810422,0
lsa-trimmed-mean-late20-seed42-20261004,14,1,output,l2,0.04161713916803562,0
lsa-trimmed-mean-late20-seed42-20261004,14,1,output,max_abs,0.007365986704826355,0
lsa-trimmed-mean-late20-seed42-20261004,14,1,output,sparsity,0.06153846153846154,0
lsa-trimmed-mean-late20-seed42-20261004,14,1,output,skewness,0.3073518791044899,0
lsa-trimmed-mean-late20-seed42-20261004,14,1,output,kurtosis,1.5507597151300736,0
lsa-trimmed-mean-late20-seed42-20261004,14,2,conv1,mean,0.0015141469688387589,0
lsa-trimmed-mean-late20-seed42-20261004,14,2,conv1,std,0.002478165675032494,0
lsa-trimmed-mean-late20-seed42-20261004,14,2,conv1,median,0.00027815625071525574,0
lsa-trimmed-mean-late20-seed42-20261004,14,2,conv1,min,-0.0007496774196624756,0
lsa-trimmed-mean-late20-seed42-20261004,14,2,conv1,max,0.009445637464523315,0
lsa-trimmed-mean-late20-seed42-20261004,14,2,conv1,l1,0.2666121767833829,0
lsa-trimmed-mean-late20-seed42-20261004,14,2,conv1,l2,0.036734607456517854,0
lsa-trimmed-mean-late20-seed42-20261004,14,2,conv1,max_abs,0.009445637464523315,0
lsa-trimmed-mean-late20-seed42-20261004,14,2,conv1,sparsity,0.0,0
lsa-trimmed-mean-late20-seed42-20261004,14,2,conv1,skewness,1.5442624623868593,0
lsa-trimmed-mean-late20-seed42-20261004,14,2,conv1,kurtosis,1.2824209039974388,0
lsa-trimmed-mean-late20-seed42-20261004,14,2,conv2,mean,0.0001475620411273949,0
lsa-trimmed-mean-late20-seed42-20261004,14,2,conv2,std,0.0006321285731763173,0
lsa-trimmed-mean-late20-seed42-20261004,14,2,conv2,median,2.0856801711488515e-05,0
lsa-trimmed-mean-late20-seed42-20261004,14,2,conv2,min,-0.003098025918006897,0
lsa-trimmed-mean-late20-seed42-20261004,14,2,conv2,max,0.006446123123168945,0
lsa-trimmed-mean-late20-seed42-20261004,14,2,conv2,l1,1.428838437437662,0
lsa-trimmed-mean-late20-seed42-20261004,14,2,conv2,l2,0.04421668749460218,0
lsa-trimmed-mean-late20-seed42-20261004,14,2,conv2,max_abs,0.006446123123168945,0
lsa-trimmed-mean-late20-seed42-20261004,14,2,conv2,sparsity,0.0,0
lsa-trimmed-mean-late20-seed42-20261004,14,2,conv2,skewness,3.0713847572441395,0
lsa-trimmed-mean-late20-seed42-20261004,14,2,conv2,kurtosis,19.393742078096903,0
lsa-trimmed-mean-late20-seed42-20261004,14,2,fc1,mean,1.3093008197190675e-05,0
lsa-trimmed-mean-late20-seed42-20261004,14,2,fc1,std,0.00036303895529395775,0
lsa-trimmed-mean-late20-seed42-20261004,14,2,fc1,median,0.0,0
lsa-trimmed-mean-late20-seed42-20261004,14,2,fc1,min,-0.007685858756303787,0
lsa-trimmed-mean-late20-seed42-20261004,14,2,fc1,max,0.00557602196931839,0
lsa-trimmed-mean-late20-seed42-20261004,14,2,fc1,l1,16.786503742923742,0
lsa-trimmed-mean-late20-seed42-20261004,14,2,fc1,l2,0.11511633235899509,0
lsa-trimmed-mean-late20-seed42-20261004,14,2,fc1,max_abs,0.007685858756303787,0
lsa-trimmed-mean-late20-seed42-20261004,14,2,fc1,sparsity,0.10018323773103888,0
lsa-trimmed-mean-late20-seed42-20261004,14,2,fc1,skewness,-0.07302822104475919,0
lsa-trimmed-mean-late20-seed42-20261004,14,2,fc1,kurtosis,28.202640457335463,0
lsa-trimmed-mean-late20-seed42-20261004,14,2,output,mean,-6.329859248720683e-10,0
lsa-trimmed-mean-late20-seed42-20261004,14,2,output,std,0.0023006125775135297,0
lsa-trimmed-mean-late20-seed42-20261004,14,2,output,median,-5.159527063369751e-07,0
lsa-trimmed-mean-late20-seed42-20261004,14,2,output,min,-0.007309421896934509,0
lsa-trimmed-mean-late20-seed42-20261004,14,2,output,max,0.01005912572145462,0
lsa-trimmed-mean-late20-seed42-20261004,14,2,output,l1,1.0229282512154896,0
lsa-trimmed-mean-late20-seed42-20261004,14,2,output,l2,0.058654342129794625,0
lsa-trimmed-mean-late20-seed42-20261004,14,2,output,max_abs,0.01005912572145462,0
lsa-trimmed-mean-late20-seed42-20261004,14,2,output,sparsity,0.07692307692307693,0
lsa-trimmed-mean-late20-seed42-20261004,14,2,output,skewness,0.5270730435033443,0
lsa-trimmed-mean-late20-seed42-20261004,14,2,output,kurtosis,1.986022422670887,0
lsa-trimmed-mean-late20-seed42-20261004,14,3,conv1,mean,0.0015894331609160872,0
lsa-trimmed-mean-late20-seed42-20261004,14,3,conv1,std,0.0025138393069947724,0
lsa-trimmed-mean-late20-seed42-20261004,14,3,conv1,median,0.00027878209948539734,0
lsa-trimmed-mean-late20-seed42-20261004,14,3,conv1,min,-0.0007122308015823364,0
lsa-trimmed-mean-late20-seed42-20261004,14,3,conv1,max,0.009796291589736938,0
lsa-trimmed-mean-late20-seed42-20261004,14,3,conv1,l1,0.27450630272505805,0
lsa-trimmed-mean-late20-seed42-20261004,14,3,conv1,l2,0.03762060251386022,0
lsa-trimmed-mean-late20-seed42-20261004,14,3,conv1,max_abs,0.009796291589736938,0
lsa-trimmed-mean-late20-seed42-20261004,14,3,conv1,sparsity,0.0,0
lsa-trimmed-mean-late20-seed42-20261004,14,3,conv1,skewness,1.5240076639419868,0
lsa-trimmed-mean-late20-seed42-20261004,14,3,conv1,kurtosis,1.2220741905672687,0
lsa-trimmed-mean-late20-seed42-20261004,14,3,conv2,mean,0.00015664736171919653,0
lsa-trimmed-mean-late20-seed42-20261004,14,3,conv2,std,0.0006402083496699078,0
lsa-trimmed-mean-late20-seed42-20261004,14,3,conv2,median,2.107582986354828e-05,0
lsa-trimmed-mean-late20-seed42-20261004,14,3,conv2,min,-0.0030892863869667053,0
lsa-trimmed-mean-late20-seed42-20261004,14,3,conv2,max,0.006241366267204285,0
lsa-trimmed-mean-late20-seed42-20261004,14,3,conv2,l1,1.4603173321738723,0
lsa-trimmed-mean-late20-seed42-20261004,14,3,conv2,l2,0.04489587719280941,0
lsa-trimmed-mean-late20-seed42-20261004,14,3,conv2,max_abs,0.006241366267204285,0
lsa-trimmed-mean-late20-seed42-20261004,14,3,conv2,sparsity,0.0,0
lsa-trimmed-mean-late20-seed42-20261004,14,3,conv2,skewness,2.9897968760033873,0
lsa-trimmed-mean-late20-seed42-20261004,14,3,conv2,kurtosis,17.165560299224182,0
lsa-trimmed-mean-late20-seed42-20261004,14,3,fc1,mean,8.571366117707631e-06,0
lsa-trimmed-mean-late20-seed42-20261004,14,3,fc1,std,0.00029459961095189524,0
lsa-trimmed-mean-late20-seed42-20261004,14,3,fc1,median,0.0,0
lsa-trimmed-mean-late20-seed42-20261004,14,3,fc1,min,-0.004887619987130165,0
lsa-trimmed-mean-late20-seed42-20261004,14,3,fc1,max,0.005395445041358471,0
lsa-trimmed-mean-late20-seed42-20261004,14,3,fc1,l1,13.74709894386541,0
lsa-trimmed-mean-late20-seed42-20261004,14,3,fc1,l2,0.09339365431888119,0
lsa-trimmed-mean-late20-seed42-20261004,14,3,fc1,max_abs,0.005395445041358471,0
lsa-trimmed-mean-late20-seed42-20261004,14,3,fc1,sparsity,0.09340144996813257,0
lsa-trimmed-mean-late20-seed42-20261004,14,3,fc1,skewness,0.084466664028496,0
lsa-trimmed-mean-late20-seed42-20261004,14,3,fc1,kurtosis,29.38965728552374,0
lsa-trimmed-mean-late20-seed42-20261004,14,3,output,mean,2.782773942901538e-10,0
lsa-trimmed-mean-late20-seed42-20261004,14,3,output,std,0.0018087219658300929,0
lsa-trimmed-mean-late20-seed42-20261004,14,3,output,median,-1.1548399925231934e-07,0
lsa-trimmed-mean-late20-seed42-20261004,14,3,output,min,-0.006523400545120239,0
lsa-trimmed-mean-late20-seed42-20261004,14,3,output,max,0.0066366046667099,0
lsa-trimmed-mean-late20-seed42-20261004,14,3,output,l1,0.8206270257069264,0
lsa-trimmed-mean-late20-seed42-20261004,14,3,output,l2,0.04611354299215828,0
lsa-trimmed-mean-late20-seed42-20261004,14,3,output,max_abs,0.0066366046667099,0
lsa-trimmed-mean-late20-seed42-20261004,14,3,output,sparsity,0.06307692307692307,0
lsa-trimmed-mean-late20-seed42-20261004,14,3,output,skewness,0.07556048021627783,0
lsa-trimmed-mean-late20-seed42-20261004,14,3,output,kurtosis,1.0821253665732522,0
lsa-trimmed-mean-late20-seed42-20261004,14,4,conv1,mean,0.0017030540722771548,0
lsa-trimmed-mean-late20-seed42-20261004,14,4,conv1,std,0.0027200358499228673,0
lsa-trimmed-mean-late20-seed42-20261004,14,4,conv1,median,0.0002599358558654785,0
lsa-trimmed-mean-late20-seed42-20261004,14,4,conv1,min,-0.0009808242321014404,0
lsa-trimmed-mean-late20-seed42-20261004,14,4,conv1,max,0.010583728551864624,0
lsa-trimmed-mean-late20-seed42-20261004,14,4,conv1,l1,0.2932991443667561,0
lsa-trimmed-mean-late20-seed42-20261004,14,4,conv1,l2,0.040593572295062504,0
lsa-trimmed-mean-late20-seed42-20261004,14,4,conv1,max_abs,0.010583728551864624,0
lsa-trimmed-mean-late20-seed42-20261004,14,4,conv1,sparsity,0.0,0
lsa-trimmed-mean-late20-seed42-20261004,14,4,conv1,skewness,1.517848570053918,0
lsa-trimmed-mean-late20-seed42-20261004,14,4,conv1,kurtosis,1.168408909556172,0
lsa-trimmed-mean-late20-seed42-20261004,14,4,conv2,mean,0.00014717745321471236,0
lsa-trimmed-mean-late20-seed42-20261004,14,4,conv2,std,0.0006764486334488931,0
lsa-trimmed-mean-late20-seed42-20261004,14,4,conv2,median,1.2589618563652039e-05,0
lsa-trimmed-mean-late20-seed42-20261004,14,4,conv2,min,-0.0026785023510456085,0
lsa-trimmed-mean-late20-seed42-20261004,14,4,conv2,max,0.007673338055610657,0
lsa-trimmed-mean-late20-seed42-20261004,14,4,conv2,l1,1.469080775979819,0
lsa-trimmed-mean-late20-seed42-20261004,14,4,conv2,l2,0.04715603840266427,0
lsa-trimmed-mean-late20-seed42-20261004,14,4,conv2,max_abs,0.007673338055610657,0
lsa-trimmed-mean-late20-seed42-20261004,14,4,conv2,sparsity,0.0,0
lsa-trimmed-mean-late20-seed42-20261004,14,4,conv2,skewness,3.7331606278270533,0
lsa-trimmed-mean-late20-seed42-20261004,14,4,conv2,kurtosis,24.924663268527464,0
lsa-trimmed-mean-late20-seed42-20261004,14,4,fc1,mean,9.079495106715067e-06,0
lsa-trimmed-mean-late20-seed42-20261004,14,4,fc1,std,0.00031805056137399965,0
lsa-trimmed-mean-late20-seed42-20261004,14,4,fc1,median,0.0,0
lsa-trimmed-mean-late20-seed42-20261004,14,4,fc1,min,-0.005539558827877045,0
lsa-trimmed-mean-late20-seed42-20261004,14,4,fc1,max,0.0058353133499622345,0
lsa-trimmed-mean-late20-seed42-20261004,14,4,fc1,l1,14.8286145187991,0
lsa-trimmed-mean-late20-seed42-20261004,14,4,fc1,l2,0.10082645951558919,0
lsa-trimmed-mean-late20-seed42-20261004,14,4,fc1,max_abs,0.0058353133499622345,0
lsa-trimmed-mean-late20-seed42-20261004,14,4,fc1,sparsity,0.0874860579987253,0
lsa-trimmed-mean-late20-seed42-20261004,14,4,fc1,skewness,0.6896920632231014,0
lsa-trimmed-mean-late20-seed42-20261004,14,4,fc1,kurtosis,30.490954133300846,0
lsa-trimmed-mean-late20-seed42-20261004,14,4,output,mean,-5.551219846193607e-10,0
lsa-trimmed-mean-late20-seed42-20261004,14,4,output,std,0.002338251722911829,0
lsa-trimmed-mean-late20-seed42-20261004,14,4,output,median,-7.916241884231567e-08,0
lsa-trimmed-mean-late20-seed42-20261004,14,4,output,min,-0.00786842405796051,0
lsa-trimmed-mean-late20-seed42-20261004,14,4,output,max,0.007602483034133911,0
lsa-trimmed-mean-late20-seed42-20261004,14,4,output,l1,1.0804093928891234,0
lsa-trimmed-mean-late20-seed42-20261004,14,4,output,l2,0.05961395581409851,0
lsa-trimmed-mean-late20-seed42-20261004,14,4,output,max_abs,0.00786842405796051,0
lsa-trimmed-mean-late20-seed42-20261004,14,4,output,sparsity,0.06307692307692307,0
lsa-trimmed-mean-late20-seed42-20261004,14,4,output,skewness,0.07485585680092031,0
lsa-trimmed-mean-late20-seed42-20261004,14,4,output,kurtosis,0.8580732942895803,0
lsa-trimmed-mean-late20-seed42-20261004,15,0,conv1,mean,0.0012742080602038187,0
lsa-trimmed-mean-late20-seed42-20261004,15,0,conv1,std,0.0020408323431032535,0
lsa-trimmed-mean-late20-seed42-20261004,15,0,conv1,median,0.00025583989918231964,0
lsa-trimmed-mean-late20-seed42-20261004,15,0,conv1,min,-0.0006425380706787109,0
lsa-trimmed-mean-late20-seed42-20261004,15,0,conv1,max,0.008420377969741821,0
lsa-trimmed-mean-late20-seed42-20261004,15,0,conv1,l1,0.22497871809173375,0
lsa-trimmed-mean-late20-seed42-20261004,15,0,conv1,l2,0.03043314727949035,0
lsa-trimmed-mean-late20-seed42-20261004,15,0,conv1,max_abs,0.008420377969741821,0
lsa-trimmed-mean-late20-seed42-20261004,15,0,conv1,sparsity,0.0,0
lsa-trimmed-mean-late20-seed42-20261004,15,0,conv1,skewness,1.5207169103983607,0
lsa-trimmed-mean-late20-seed42-20261004,15,0,conv1,kurtosis,1.3174947198499627,0
lsa-trimmed-mean-late20-seed42-20261004,15,0,conv2,mean,0.0001435087514907756,0
lsa-trimmed-mean-late20-seed42-20261004,15,0,conv2,std,0.0005276029067110045,0
lsa-trimmed-mean-late20-seed42-20261004,15,0,conv2,median,2.9675662517547607e-05,0
lsa-trimmed-mean-late20-seed42-20261004,15,0,conv2,min,-0.0021257922053337097,0
lsa-trimmed-mean-late20-seed42-20261004,15,0,conv2,max,0.004664301872253418,0
lsa-trimmed-mean-late20-seed42-20261004,15,0,conv2,l1,1.2833232789416797,0
lsa-trimmed-mean-late20-seed42-20261004,15,0,conv2,l2,0.037244764633555506,0
lsa-trimmed-mean-late20-seed42-20261004,15,0,conv2,max_abs,0.004664301872253418,0
lsa-trimmed-mean-late20-seed42-20261004,15,0,conv2,sparsity,0.0,0
lsa-trimmed-mean-late20-seed42-20261004,15,0,conv2,skewness,2.749006305576509,0
lsa-trimmed-mean-late20-seed42-20261004,15,0,conv2,kurtosis,14.586886047320576,0
lsa-trimmed-mean-late20-seed42-20261004,15,0,fc1,mean,1.5180533241270898e-05,0
lsa-trimmed-mean-late20-seed42-20261004,15,0,fc1,std,0.0003234126668593916,0
lsa-trimmed-mean-late20-seed42-20261004,15,0,fc1,median,0.0,0
lsa-trimmed-mean-late20-seed42-20261004,15,0,fc1,min,-0.004844576120376587,0
lsa-trimmed-mean-late20-seed42-20261004,15,0,fc1,max,0.005257045850157738,0
lsa-trimmed-mean-late20-seed42-20261004,15,0,fc1,l1,14.627099223347273,0
lsa-trimmed-mean-late20-seed42-20261004,15,0,fc1,l2,0.1025974067282207,0
lsa-trimmed-mean-late20-seed42-20261004,15,0,fc1,max_abs,0.005257045850157738,0
lsa-trimmed-mean-late20-seed42-20261004,15,0,fc1,sparsity,0.07500796685787126,0
lsa-trimmed-mean-late20-seed42-20261004,15,0,fc1,skewness,0.8345785852284808,0
lsa-trimmed-mean-late20-seed42-20261004,15,0,fc1,kurtosis,29.90070705733202,0
lsa-trimmed-mean-late20-seed42-20261004,15,0,output,mean,2.579047129704402e-11,0
lsa-trimmed-mean-late20-seed42-20261004,15,0,output,std,0.002004906075842692,0
lsa-trimmed-mean-late20-seed42-20261004,15,0,output,median,-3.516674041748047e-06,0
lsa-trimmed-mean-late20-seed42-20261004,15,0,output,min,-0.0063162147998809814,0
lsa-trimmed-mean-late20-seed42-20261004,15,0,output,max,0.01355879008769989,0
lsa-trimmed-mean-late20-seed42-20261004,15,0,output,l1,0.8332687922520563,0
lsa-trimmed-mean-late20-seed42-20261004,15,0,output,l2,0.05111527601821312,0
lsa-trimmed-mean-late20-seed42-20261004,15,0,output,max_abs,0.01355879008769989,0
lsa-trimmed-mean-late20-seed42-20261004,15,0,output,sparsity,0.05384615384615385,0
lsa-trimmed-mean-late20-seed42-20261004,15,0,output,skewness,1.5574118099520458,0
lsa-trimmed-mean-late20-seed42-20261004,15,0,output,kurtosis,6.573809868165723,0
lsa-trimmed-mean-late20-seed42-20261004,15,1,conv1,mean,0.0014097492894507013,0
lsa-trimmed-mean-late20-seed42-20261004,15,1,conv1,std,0.0022504359299221873,0
lsa-trimmed-mean-late20-seed42-20261004,15,1,conv1,median,0.0002618171274662018,0
lsa-trimmed-mean-late20-seed42-20261004,15,1,conv1,min,-0.0007262229919433594,0
lsa-trimmed-mean-late20-seed42-20261004,15,1,conv1,max,0.0087166428565979,0
lsa-trimmed-mean-late20-seed42-20261004,15,1,conv1,l1,0.24647476593963802,0
lsa-trimmed-mean-late20-seed42-20261004,15,1,conv1,l2,0.033590129344892965,0
lsa-trimmed-mean-late20-seed42-20261004,15,1,conv1,max_abs,0.0087166428565979,0
lsa-trimmed-mean-late20-seed42-20261004,15,1,conv1,sparsity,0.0,0
lsa-trimmed-mean-late20-seed42-20261004,15,1,conv1,skewness,1.4991150672582672,0
lsa-trimmed-mean-late20-seed42-20261004,15,1,conv1,kurtosis,1.1285597909982812,0
lsa-trimmed-mean-late20-seed42-20261004,15,1,conv2,mean,0.00013567880381711364,0
lsa-trimmed-mean-late20-seed42-20261004,15,1,conv2,std,0.0005533539083547136,0
lsa-trimmed-mean-late20-seed42-20261004,15,1,conv2,median,2.104043960571289e-05,0
lsa-trimmed-mean-late20-seed42-20261004,15,1,conv2,min,-0.002468392252922058,0
lsa-trimmed-mean-late20-seed42-20261004,15,1,conv2,max,0.005314305424690247,0
lsa-trimmed-mean-late20-seed42-20261004,15,1,conv2,l1,1.2657238746396615,0
lsa-trimmed-mean-late20-seed42-20261004,15,1,conv2,l2,0.03880962619805289,0
lsa-trimmed-mean-late20-seed42-20261004,15,1,conv2,max_abs,0.005314305424690247,0
lsa-trimmed-mean-late20-seed42-20261004,15,1,conv2,sparsity,0.0,0
lsa-trimmed-mean-late20-seed42-20261004,15,1,conv2,skewness,3.1000809354908165,0
lsa-trimmed-mean-late20-seed42-20261004,15,1,conv2,kurtosis,17.802422602132683,0
lsa-trimmed-mean-late20-seed42-20261004,15,1,fc1,mean,-4.230299340000924e-07,0
lsa-trimmed-mean-late20-seed42-20261004,15,1,fc1,std,0.00023769321683506637,0
lsa-trimmed-mean-late20-seed42-20261004,15,1,fc1,median,0.0,0
lsa-trimmed-mean-late20-seed42-20261004,15,1,fc1,min,-0.0038604983128607273,0
lsa-trimmed-mean-late20-seed42-20261004,15,1,fc1,max,0.0035323239862918854,0
lsa-trimmed-mean-late20-seed42-20261004,15,1,fc1,l1,11.778728057219382,0
lsa-trimmed-mean-late20-seed42-20261004,15,1,fc1,l2,0.07532149559053328,0
lsa-trimmed-mean-late20-seed42-20261004,15,1,fc1,max_abs,0.0038604983128607273,0
lsa-trimmed-mean-late20-seed42-20261004,15,1,fc1,sparsity,0.0895076481835564,0
lsa-trimmed-mean-late20-seed42-20261004,15,1,fc1,skewness,0.07002353572482098,0
lsa-trimmed-mean-late20-seed42-20261004,15,1,fc1,kurtosis,20.671260775238604,0
lsa-trimmed-mean-late20-seed42-20261004,15,1,output,mean,3.430222232754414e-10,0
lsa-trimmed-mean-late20-seed42-20261004,15,1,output,std,0.001480739138997933,0
lsa-trimmed-mean-late20-seed42-20261004,15,1,output,median,-1.1734664440155029e-07,0
lsa-trimmed-mean-late20-seed42-20261004,15,1,output,min,-0.006782561540603638,0
lsa-trimmed-mean-late20-seed42-20261004,15,1,output,max,0.005745097994804382,0
lsa-trimmed-mean-late20-seed42-20261004,15,1,output,l1,0.6806071605242323,0
lsa-trimmed-mean-late20-seed42-20261004,15,1,output,l2,0.03775158882145621,0
lsa-trimmed-mean-late20-seed42-20261004,15,1,output,max_abs,0.006782561540603638,0
lsa-trimmed-mean-late20-seed42-20261004,15,1,output,sparsity,0.06615384615384616,0
lsa-trimmed-mean-late20-seed42-20261004,15,1,output,skewness,0.3316095630708397,0
lsa-trimmed-mean-late20-seed42-20261004,15,1,output,kurtosis,1.6482211172524952,0
lsa-trimmed-mean-late20-seed42-20261004,15,2,conv1,mean,0.0012393995846650796,0
lsa-trimmed-mean-late20-seed42-20261004,15,2,conv1,std,0.0020598769828677303,0
lsa-trimmed-mean-late20-seed42-20261004,15,2,conv1,median,0.0002416744828224182,0
lsa-trimmed-mean-late20-seed42-20261004,15,2,conv1,min,-0.0006616860628128052,0
lsa-trimmed-mean-late20-seed42-20261004,15,2,conv1,max,0.007844090461730957,0
lsa-trimmed-mean-late20-seed42-20261004,15,2,conv1,l1,0.22144852223573253,0
lsa-trimmed-mean-late20-seed42-20261004,15,2,conv1,l2,0.03040843176493319,0
lsa-trimmed-mean-late20-seed42-20261004,15,2,conv1,max_abs,0.007844090461730957,0
lsa-trimmed-mean-late20-seed42-20261004,15,2,conv1,sparsity,0.0,0
lsa-trimmed-mean-late20-seed42-20261004,15,2,conv1,skewness,1.5651901590733206,0
lsa-trimmed-mean-late20-seed42-20261004,15,2,conv1,kurtosis,1.3974743087422237,0
lsa-trimmed-mean-late20-seed42-20261004,15,2,conv2,mean,0.00010664800149776244,0
lsa-trimmed-mean-late20-seed42-20261004,15,2,conv2,std,0.0005401394590168457,0
lsa-trimmed-mean-late20-seed42-20261004,15,2,conv2,median,1.4825724065303802e-05,0
lsa-trimmed-mean-late20-seed42-20261004,15,2,conv2,min,-0.0030344314873218536,0
lsa-trimmed-mean-late20-seed42-20261004,15,2,conv2,max,0.005219519138336182,0
lsa-trimmed-mean-late20-seed42-20261004,15,2,conv2,l1,1.2470081243591267,0
lsa-trimmed-mean-late20-seed42-20261004,15,2,conv2,l2,0.037503298011569805,0
lsa-trimmed-mean-late20-seed42-20261004,15,2,conv2,max_abs,0.005219519138336182,0
lsa-trimmed-mean-late20-seed42-20261004,15,2,conv2,sparsity,0.0,0
lsa-trimmed-mean-late20-seed42-20261004,15,2,conv2,skewness,2.516401522908064,0
lsa-trimmed-mean-late20-seed42-20261004,15,2,conv2,kurtosis,17.588009917044293,0
lsa-trimmed-mean-late20-seed42-20261004,15,2,fc1,mean,5.7802856758435645e-06,0
lsa-trimmed-mean-late20-seed42-20261004,15,2,fc1,std,0.00035016588266882995,0
lsa-trimmed-mean-late20-seed42-20261004,15,2,fc1,median,0.0,0
lsa-trimmed-mean-late20-seed42-20261004,15,2,fc1,min,-0.007265914231538773,0
lsa-trimmed-mean-late20-seed42-20261004,15,2,fc1,max,0.005388610064983368,0
lsa-trimmed-mean-late20-seed42-20261004,15,2,fc1,l1,16.245602166962556,0
lsa-trimmed-mean-late20-seed42-20261004,15,2,fc1,l2,0.11097737573272318,0
lsa-trimmed-mean-late20-seed42-20261004,15,2,fc1,max_abs,0.007265914231538773,0
lsa-trimmed-mean-late20-seed42-20261004,15,2,fc1,sparsity,0.08891013384321224,0
lsa-trimmed-mean-late20-seed42-20261004,15,2,fc1,skewness,-0.31411369633891345,0
lsa-trimmed-mean-late20-seed42-20261004,15,2,fc1,kurtosis,27.774509983399923,0
lsa-trimmed-mean-late20-seed42-20261004,15,2,output,mean,-2.570092104948484e-11,0
lsa-trimmed-mean-late20-seed42-20261004,15,2,output,std,0.0021723707886442496,0
lsa-trimmed-mean-late20-seed42-20261004,15,2,output,median,-3.5390257835388184e-07,0
lsa-trimmed-mean-late20-seed42-20261004,15,2,output,min,-0.007164604961872101,0
lsa-trimmed-mean-late20-seed42-20261004,15,2,output,max,0.009755387902259827,0
lsa-trimmed-mean-late20-seed42-20261004,15,2,output,l1,0.960513835947495,0
lsa-trimmed-mean-late20-seed42-20261004,15,2,output,l2,0.05538480521027988,0
lsa-trimmed-mean-late20-seed42-20261004,15,2,output,max_abs,0.009755387902259827,0
lsa-trimmed-mean-late20-seed42-20261004,15,2,output,sparsity,0.06769230769230769,0
lsa-trimmed-mean-late20-seed42-20261004,15,2,output,skewness,0.5413724371520656,0
lsa-trimmed-mean-late20-seed42-20261004,15,2,output,kurtosis,2.1428909813850208,0
lsa-trimmed-mean-late20-seed42-20261004,15,3,conv1,mean,0.0013197882082749857,0
lsa-trimmed-mean-late20-seed42-20261004,15,3,conv1,std,0.0020961454117970316,0
lsa-trimmed-mean-late20-seed42-20261004,15,3,conv1,median,0.00023249536752700806,0
lsa-trimmed-mean-late20-seed42-20261004,15,3,conv1,min,-0.0005603581666946411,0
lsa-trimmed-mean-late20-seed42-20261004,15,3,conv1,max,0.00820109248161316,0
lsa-trimmed-mean-late20-seed42-20261004,15,3,conv1,l1,0.22967323410557583,0
lsa-trimmed-mean-late20-seed42-20261004,15,3,conv1,l2,0.0313321981408249,0
lsa-trimmed-mean-late20-seed42-20261004,15,3,conv1,max_abs,0.00820109248161316,0
lsa-trimmed-mean-late20-seed42-20261004,15,3,conv1,sparsity,0.0,0
lsa-trimmed-mean-late20-seed42-20261004,15,3,conv1,skewness,1.5283987047273693,0
lsa-trimmed-mean-late20-seed42-20261004,15,3,conv1,kurtosis,1.2737403567503698,0
lsa-trimmed-mean-late20-seed42-20261004,15,3,conv2,mean,0.00012047896703452038,0
lsa-trimmed-mean-late20-seed42-20261004,15,3,conv2,std,0.0005464544761055028,0
lsa-trimmed-mean-late20-seed42-20261004,15,3,conv2,median,1.4911405742168427e-05,0
lsa-trimmed-mean-late20-seed42-20261004,15,3,conv2,min,-0.002974480390548706,0
lsa-trimmed-mean-late20-seed42-20261004,15,3,conv2,max,0.005000732839107513,0
lsa-trimmed-mean-late20-seed42-20261004,15,3,conv2,l1,1.2638591783252195,0
lsa-trimmed-mean-late20-seed42-20261004,15,3,conv2,l2,0.03811708824692651,0
lsa-trimmed-mean-late20-seed42-20261004,15,3,conv2,max_abs,0.005000732839107513,0
lsa-trimmed-mean-late20-seed42-20261004,15,3,conv2,sparsity,0.0,0
lsa-trimmed-mean-late20-seed42-20261004,15,3,conv2,skewness,2.60034521570566,0
lsa-trimmed-mean-late20-seed42-20261004,15,3,conv2,kurtosis,15.43697451689017,0
lsa-trimmed-mean-late20-seed42-20261004,15,3,fc1,mean,-1.5178084578449206e-06,0
lsa-trimmed-mean-late20-seed42-20261004,15,3,fc1,std,0.0002841491635486178,0
lsa-trimmed-mean-late20-seed42-20261004,15,3,fc1,median,0.0,0
lsa-trimmed-mean-late20-seed42-20261004,15,3,fc1,min,-0.005187828093767166,0
lsa-trimmed-mean-late20-seed42-20261004,15,3,fc1,max,0.005089823622256517,0
lsa-trimmed-mean-late20-seed42-20261004,15,3,fc1,l1,13.196109662515255,0
lsa-trimmed-mean-late20-seed42-20261004,15,3,fc1,l2,0.09004384597494017,0
lsa-trimmed-mean-late20-seed42-20261004,15,3,fc1,max_abs,0.005187828093767166,0
lsa-trimmed-mean-late20-seed42-20261004,15,3,fc1,sparsity,0.09250517845761631,0
lsa-trimmed-mean-late20-seed42-20261004,15,3,fc1,skewness,-0.5127642584000458,0
lsa-trimmed-mean-late20-seed42-20261004,15,3,fc1,kurtosis,31.5642448121514,0
lsa-trimmed-mean-late20-seed42-20261004,15,3,output,mean,7.978927057522994e-11,0
lsa-trimmed-mean-late20-seed42-20261004,15,3,output,std,0.0017313401224014699,0
lsa-trimmed-mean-late20-seed42-20261004,15,3,output,median,-4.842877388000488e-08,0
lsa-trimmed-mean-late20-seed42-20261004,15,3,output,min,-0.006224244832992554,0
lsa-trimmed-mean-late20-seed42-20261004,15,3,output,max,0.005923226475715637,0
lsa-trimmed-mean-late20-seed42-20261004,15,3,output,l1,0.7835007255780511,0
lsa-trimmed-mean-late20-seed42-20261004,15,3,output,l2,0.044140685343956126,0
lsa-trimmed-mean-late20-seed42-20261004,15,3,output,max_abs,0.006224244832992554,0
lsa-trimmed-mean-late20-seed42-20261004,15,3,output,sparsity,0.06461538461538462,0
lsa-trimmed-mean-late20-seed42-20261004,15,3,output,skewness,0.021277781558537677,0
lsa-trimmed-mean-late20-seed42-20261004,15,3,output,kurtosis,1.3613181585620397,0
lsa-trimmed-mean-late20-seed42-20261004,15,4,conv1,mean,0.0014365206934598973,0
lsa-trimmed-mean-late20-seed42-20261004,15,4,conv1,std,0.0023071473363728847,0
lsa-trimmed-mean-late20-seed42-20261004,15,4,conv1,median,0.00021833181381225586,0
lsa-trimmed-mean-late20-seed42-20261004,15,4,conv1,min,-0.0008962452411651611,0
lsa-trimmed-mean-late20-seed42-20261004,15,4,conv1,max,0.009024441242218018,0
lsa-trimmed-mean-late20-seed42-20261004,15,4,conv1,l1,0.2492345977225341,0
lsa-trimmed-mean-late20-seed42-20261004,15,4,conv1,l2,0.03437794766293299,0
lsa-trimmed-mean-late20-seed42-20261004,15,4,conv1,max_abs,0.009024441242218018,0
lsa-trimmed-mean-late20-seed42-20261004,15,4,conv1,sparsity,0.0,0
lsa-trimmed-mean-late20-seed42-20261004,15,4,conv1,skewness,1.5254804680443539,0
lsa-trimmed-mean-late20-seed42-20261004,15,4,conv1,kurtosis,1.2180700832520266,0
lsa-trimmed-mean-late20-seed42-20261004,15,4,conv2,mean,0.00011129616274627488,0
lsa-trimmed-mean-late20-seed42-20261004,15,4,conv2,std,0.0005810052613675911,0
lsa-trimmed-mean-late20-seed42-20261004,15,4,conv2,median,9.065493941307068e-06,0
lsa-trimmed-mean-late20-seed42-20261004,15,4,conv2,min,-0.0026186518371105194,0
lsa-trimmed-mean-late20-seed42-20261004,15,4,conv2,max,0.006470225751399994,0
lsa-trimmed-mean-late20-seed42-20261004,15,4,conv2,l1,1.2856587097521697,0
lsa-trimmed-mean-late20-seed42-20261004,15,4,conv2,l2,0.04029623215693929,0
lsa-trimmed-mean-late20-seed42-20261004,15,4,conv2,max_abs,0.006470225751399994,0
lsa-trimmed-mean-late20-seed42-20261004,15,4,conv2,sparsity,0.0,0
lsa-trimmed-mean-late20-seed42-20261004,15,4,conv2,skewness,3.4667144738375595,0
lsa-trimmed-mean-late20-seed42-20261004,15,4,conv2,kurtosis,23.641826255955408,0
lsa-trimmed-mean-late20-seed42-20261004,15,4,fc1,mean,1.6142178575895263e-06,0
lsa-trimmed-mean-late20-seed42-20261004,15,4,fc1,std,0.0003038280577228447,0
lsa-trimmed-mean-late20-seed42-20261004,15,4,fc1,median,0.0,0
lsa-trimmed-mean-late20-seed42-20261004,15,4,fc1,min,-0.005120587535202503,0
lsa-trimmed-mean-late20-seed42-20261004,15,4,fc1,max,0.005556095391511917,0
lsa-trimmed-mean-late20-seed42-20261004,15,4,fc1,l1,14.096301833279426,0
lsa-trimmed-mean-late20-seed42-20261004,15,4,fc1,l2,0.09627986341466274,0
lsa-trimmed-mean-late20-seed42-20261004,15,4,fc1,max_abs,0.005556095391511917,0
lsa-trimmed-mean-late20-seed42-20261004,15,4,fc1,sparsity,0.08781469088591459,0
lsa-trimmed-mean-late20-seed42-20261004,15,4,fc1,skewness,0.4031591250163427,0
lsa-trimmed-mean-late20-seed42-20261004,15,4,fc1,kurtosis,31.07261947621535,0
lsa-trimmed-mean-late20-seed42-20261004,15,4,output,mean,2.7742666693834156e-10,0
lsa-trimmed-mean-late20-seed42-20261004,15,4,output,std,0.0022294046412220958,0
lsa-trimmed-mean-late20-seed42-20261004,15,4,output,median,-1.862645149230957e-08,0
lsa-trimmed-mean-late20-seed42-20261004,15,4,output,min,-0.0072745680809021,0
lsa-trimmed-mean-late20-seed42-20261004,15,4,output,max,0.007078021764755249,0
lsa-trimmed-mean-late20-seed42-20261004,15,4,output,l1,1.0318733557360247,0
lsa-trimmed-mean-late20-seed42-20261004,15,4,output,l2,0.05683888884642937,0
lsa-trimmed-mean-late20-seed42-20261004,15,4,output,max_abs,0.0072745680809021,0
lsa-trimmed-mean-late20-seed42-20261004,15,4,output,sparsity,0.06307692307692307,0
lsa-trimmed-mean-late20-seed42-20261004,15,4,output,skewness,0.03758043902243605,0
lsa-trimmed-mean-late20-seed42-20261004,15,4,output,kurtosis,0.8523638078480515,0
lsa-trimmed-mean-late20-seed42-20261004,16,0,conv1,mean,0.0011539633742359001,1
lsa-trimmed-mean-late20-seed42-20261004,16,0,conv1,std,0.0018633569614018735,1
lsa-trimmed-mean-late20-seed42-20261004,16,0,conv1,median,0.00021927431225776672,1
lsa-trimmed-mean-late20-seed42-20261004,16,0,conv1,min,-0.0006005167961120605,1
lsa-trimmed-mean-late20-seed42-20261004,16,0,conv1,max,0.007304459810256958,1
lsa-trimmed-mean-late20-seed42-20261004,16,0,conv1,l1,0.20218345790635794,1
lsa-trimmed-mean-late20-seed42-20261004,16,0,conv1,l2,0.027723580244067257,1
lsa-trimmed-mean-late20-seed42-20261004,16,0,conv1,max_abs,0.007304459810256958,1
lsa-trimmed-mean-late20-seed42-20261004,16,0,conv1,sparsity,0.0,1
lsa-trimmed-mean-late20-seed42-20261004,16,0,conv1,skewness,1.5402746473841762,1
lsa-trimmed-mean-late20-seed42-20261004,16,0,conv1,kurtosis,1.293986735577751,1
lsa-trimmed-mean-late20-seed42-20261004,16,0,conv2,mean,9.409735528073536e-05,1
lsa-trimmed-mean-late20-seed42-20261004,16,0,conv2,std,0.0004694924298290981,1
lsa-trimmed-mean-late20-seed42-20261004,16,0,conv2,median,1.1436641216278076e-05,1
lsa-trimmed-mean-late20-seed42-20261004,16,0,conv2,min,-0.002714879810810089,1
lsa-trimmed-mean-late20-seed42-20261004,16,0,conv2,max,0.004502326250076294,1
lsa-trimmed-mean-late20-seed42-20261004,16,0,conv2,l1,1.0680426641411032,1
lsa-trimmed-mean-late20-seed42-20261004,16,0,conv2,l2,0.03261667343968021,1
lsa-trimmed-mean-late20-seed42-20261004,16,0,conv2,max_abs,0.004502326250076294,1
lsa-trimmed-mean-late20-seed42-20261004,16,0,conv2,sparsity,0.0,1
lsa-trimmed-mean-late20-seed42-20261004,16,0,conv2,skewness,2.628361165142642,1
lsa-trimmed-mean-late20-seed42-20261004,16,0,conv2,kurtosis,17.78694489587567,1
lsa-trimmed-mean-late20-seed42-20261004,16,0,fc1,mean,-0.00011001918348318382,1
lsa-trimmed-mean-late20-seed42-20261004,16,0,fc1,std,0.0009188407593835341,1
lsa-trimmed-mean-late20-seed42-20261004,16,0,fc1,median,-4.715053364634514e-06,1
lsa-trimmed-mean-late20-seed42-20261004,16,0,fc1,min,-0.020959291607141495,1
lsa-trimmed-mean-late20-seed42-20261004,16,0,fc1,max,0.014324739575386047,1
lsa-trimmed-mean-late20-seed42-20261004,16,0,fc1,l1,36.549463863258325,1
lsa-trimmed-mean-late20-seed42-20261004,16,0,fc1,l2,0.29324649557941274,1
lsa-trimmed-mean-late20-seed42-20261004,16,0,fc1,max_abs,0.020959291607141495,1
lsa-trimmed-mean-late20-seed42-20261004,16,0,fc1,sparsity,0.06437221159974506,1
lsa-trimmed-mean-late20-seed42-20261004,16,0,fc1,skewness,-2.2376476257266833,1
lsa-trimmed-mean-late20-seed42-20261004,16,0,fc1,kurtosis,54.03866094659905,1
lsa-trimmed-mean-late20-seed42-20261004,16,0,output,mean,-2.1272661307683358e-10,1
lsa-trimmed-mean-late20-seed42-20261004,16,0,output,std,0.0061364245251101035,1
lsa-trimmed-mean-late20-seed42-20261004,16,0,output,median,-0.00031805410981178284,1
lsa-trimmed-mean-late20-seed42-20261004,16,0,output,min,-0.012315936386585236,1
lsa-trimmed-mean-late20-seed42-20261004,16,0,output,max,0.04707245156168938,1
lsa-trimmed-mean-late20-seed42-20261004,16,0,output,l1,1.934295097104041,1
lsa-trimmed-mean-late20-seed42-20261004,16,0,output,l2,0.15644874198612885,1
lsa-trimmed-mean-late20-seed42-20261004,16,0,output,max_abs,0.04707245156168938,1
lsa-trimmed-mean-late20-seed42-20261004,16,0,output,sparsity,0.046153846153846156,1
lsa-trimmed-mean-late20-seed42-20261004,16,0,output,skewness,3.737585834415876,1
lsa-trimmed-mean-late20-seed42-20261004,16,0,output,kurtosis,18.34244515907305,1
lsa-trimmed-mean-late20-seed42-20261004,16,1,conv1,mean,0.0012026438169414177,0
lsa-trimmed-mean-late20-seed42-20261004,16,1,conv1,std,0.001939129754931962,0
lsa-trimmed-mean-late20-seed42-20261004,16,1,conv1,median,0.00022053346037864685,0
lsa-trimmed-mean-late20-seed42-20261004,16,1,conv1,min,-0.0006452947854995728,0
lsa-trimmed-mean-late20-seed42-20261004,16,1,conv1,max,0.0075852274894714355,0
lsa-trimmed-mean-late20-seed42-20261004,16,1,conv1,l1,0.21134885819628835,0
lsa-trimmed-mean-late20-seed42-20261004,16,1,conv1,l2,0.0288626439728308,0
lsa-trimmed-mean-late20-seed42-20261004,16,1,conv1,max_abs,0.0075852274894714355,0
lsa-trimmed-mean-late20-seed42-20261004,16,1,conv1,sparsity,0.0,0
lsa-trimmed-mean-late20-seed42-20261004,16,1,conv1,skewness,1.5231407426541623,0
lsa-trimmed-mean-late20-seed42-20261004,16,1,conv1,kurtosis,1.2312928498211457,0
lsa-trimmed-mean-late20-seed42-20261004,16,1,conv2,mean,0.00011279889542869381,0
lsa-trimmed-mean-late20-seed42-20261004,16,1,conv2,std,0.000481225584432323,0
lsa-trimmed-mean-late20-seed42-20261004,16,1,conv2,median,1.7933547496795654e-05,0
lsa-trimmed-mean-late20-seed42-20261004,16,1,conv2,min,-0.0024514198303222656,0
lsa-trimmed-mean-late20-seed42-20261004,16,1,conv2,max,0.004354164004325867,0
lsa-trimmed-mean-late20-seed42-20261004,16,1,conv2,l1,1.1151532188378042,0
lsa-trimmed-mean-late20-seed42-20261004,16,1,conv2,l2,0.03366837795616002,0
lsa-trimmed-mean-late20-seed42-20261004,16,1,conv2,max_abs,0.004354164004325867,0
lsa-trimmed-mean-late20-seed42-20261004,16,1,conv2,sparsity,0.00021551724137931034,0
lsa-trimmed-mean-late20-seed42-20261004,16,1,conv2,skewness,2.751105327256607,0
lsa-trimmed-mean-late20-seed42-20261004,16,1,conv2,kurtosis,16.119789070268535,0
lsa-trimmed-mean-late20-seed42-20261004,16,1,fc1,mean,-3.28483781738905e-06,0
lsa-trimmed-mean-late20-seed42-20261004,16,1,fc1,std,0.00022237084350092083,0
lsa-trimmed-mean-late20-seed42-20261004,16,1,fc1,median,0.0,0
lsa-trimmed-mean-late20-seed42-20261004,16,1,fc1,min,-0.003633625339716673,0
lsa-trimmed-mean-late20-seed42-20261004,16,1,fc1,max,0.0034089740365743637,0
lsa-trimmed-mean-late20-seed42-20261004,16,1,fc1,l1,11.101303505709893,0
lsa-trimmed-mean-late20-seed42-20261004,16,1,fc1,l2,0.07047363624841886,0
lsa-trimmed-mean-late20-seed42-20261004,16,1,fc1,max_abs,0.003633625339716673,0
lsa-trimmed-mean-late20-seed42-20261004,16,1,fc1,sparsity,0.08957735818992989,0
lsa-trimmed-mean-late20-seed42-20261004,16,1,fc1,skewness,-0.02301655834824968,0
lsa-trimmed-mean-late20-seed42-20261004,16,1,fc1,kurtosis,19.854268140111436,0
lsa-trimmed-mean-late20-seed42-20261004,16,1,output,mean,-2.906353284533207e-10,0
lsa-trimmed-mean-late20-seed42-20261004,16,1,output,std,0.001363715325522707,0
lsa-trimmed-mean-late20-seed42-20261004,16,1,output,median,-3.3527612686157227e-08,0
lsa-trimmed-mean-late20-seed42-20261004,16,1,output,min,-0.006186187267303467,0
lsa-trimmed-mean-late20-seed42-20261004,16,1,output,max,0.0051262229681015015,0
lsa-trimmed-mean-late20-seed42-20261004,16,1,output,l1,0.6229575813922565,0
lsa-trimmed-mean-late20-seed42-20261004,16,1,output,l2,0.034768055279129885,0
lsa-trimmed-mean-late20-seed42-20261004,16,1,output,max_abs,0.006186187267303467,0
lsa-trimmed-mean-late20-seed42-20261004,16,1,output,sparsity,0.06769230769230769,0
lsa-trimmed-mean-late20-seed42-20261004,16,1,output,skewness,0.38677062399856244,0
lsa-trimmed-mean-late20-seed42-20261004,16,1,output,kurtosis,1.7448177935388092,0
lsa-trimmed-mean-late20-seed42-20261004,16,2,conv1,mean,0.0010414030191896017,0
lsa-trimmed-mean-late20-seed42-20261004,16,2,conv1,std,0.0017563851446934624,0
lsa-trimmed-mean-late20-seed42-20261004,16,2,conv1,median,0.00021986663341522217,0
lsa-trimmed-mean-late20-seed42-20261004,16,2,conv1,min,-0.0006320476531982422,0
lsa-trimmed-mean-late20-seed42-20261004,16,2,conv1,max,0.006703764200210571,0
lsa-trimmed-mean-late20-seed42-20261004,16,2,conv1,l1,0.18899730837438256,0
lsa-trimmed-mean-late20-seed42-20261004,16,2,conv1,l2,0.025828384463228337,0
lsa-trimmed-mean-late20-seed42-20261004,16,2,conv1,max_abs,0.006703764200210571,0
lsa-trimmed-mean-late20-seed42-20261004,16,2,conv1,sparsity,0.0,0
lsa-trimmed-mean-late20-seed42-20261004,16,2,conv1,skewness,1.5786299945671678,0
lsa-trimmed-mean-late20-seed42-20261004,16,2,conv1,kurtosis,1.483693515847028,0
lsa-trimmed-mean-late20-seed42-20261004,16,2,conv2,mean,7.799200260831577e-05,0
lsa-trimmed-mean-late20-seed42-20261004,16,2,conv2,std,0.00047851063848385354,0
lsa-trimmed-mean-late20-seed42-20261004,16,2,conv2,median,1.0147690773010254e-05,0
lsa-trimmed-mean-late20-seed42-20261004,16,2,conv2,min,-0.0030144378542900085,0
lsa-trimmed-mean-late20-seed42-20261004,16,2,conv2,max,0.004403457045555115,0
lsa-trimmed-mean-late20-seed42-20261004,16,2,conv2,l1,1.12047812124365,0
lsa-trimmed-mean-late20-seed42-20261004,16,2,conv2,l2,0.033025082164389756,0
lsa-trimmed-mean-late20-seed42-20261004,16,2,conv2,max_abs,0.004403457045555115,0
lsa-trimmed-mean-late20-seed42-20261004,16,2,conv2,sparsity,0.0,0
lsa-trimmed-mean-late20-seed42-20261004,16,2,conv2,skewness,1.948748753778684,0
lsa-trimmed-mean-late20-seed42-20261004,16,2,conv2,kurtosis,16.252580495501366,0
lsa-trimmed-mean-late20-seed42-20261004,16,2,fc1,mean,1.077860936821187e-06,0
lsa-trimmed-mean-late20-seed42-20261004,16,2,fc1,std,0.0003428734123895105,0
lsa-trimmed-mean-late20-seed42-20261004,16,2,fc1,median,0.0,0
lsa-trimmed-mean-late20-seed42-20261004,16,2,fc1,min,-0.006776787340641022,0
lsa-trimmed-mean-late20-seed42-20261004,16,2,fc1,max,0.005291059613227844,0
lsa-trimmed-mean-late20-seed42-20261004,16,2,fc1,l1,15.854872167467931,0
lsa-trimmed-mean-late20-seed42-20261004,16,2,fc1,l2,0.10865192230091973,0
lsa-trimmed-mean-late20-seed42-20261004,16,2,fc1,max_abs,0.006776787340641022,0
lsa-trimmed-mean-late20-seed42-20261004,16,2,fc1,sparsity,0.08968690248565965,0
lsa-trimmed-mean-late20-seed42-20261004,16,2,fc1,skewness,-0.5463001359941501,0
lsa-trimmed-mean-late20-seed42-20261004,16,2,fc1,kurtosis,27.677918569275796,0
lsa-trimmed-mean-late20-seed42-20261004,16,2,output,mean,1.4668330550193787e-10,0
lsa-trimmed-mean-late20-seed42-20261004,16,2,output,std,0.0020781045604023113,0
lsa-trimmed-mean-late20-seed42-20261004,16,2,output,median,-3.725290298461914e-07,0
lsa-trimmed-mean-late20-seed42-20261004,16,2,output,min,-0.006978094577789307,0
lsa-trimmed-mean-late20-seed42-20261004,16,2,output,max,0.009569525718688965,0
lsa-trimmed-mean-late20-seed42-20261004,16,2,output,l1,0.9123793962644413,0
lsa-trimmed-mean-late20-seed42-20261004,16,2,output,l2,0.05298147852388784,0
lsa-trimmed-mean-late20-seed42-20261004,16,2,output,max_abs,0.009569525718688965,0
lsa-trimmed-mean-late20-seed42-20261004,16,2,output,sparsity,0.07076923076923076,0
lsa-trimmed-mean-late20-seed42-20261004,16,2,output,skewness,0.6058014682259066,0
lsa-trimmed-mean-late20-seed42-20261004,16,2,output,kurtosis,2.24320044190599,0
lsa-trimmed-mean-late20-seed42-20261004,16,3,conv1,mean,0.0011267492380284238,0
lsa-trimmed-mean-late20-seed42-20261004,16,3,conv1,std,0.0017932501976525054,0
lsa-trimmed-mean-late20-seed42-20261004,16,3,conv1,median,0.00021509826183319092,0
lsa-trimmed-mean-late20-seed42-20261004,16,3,conv1,min,-0.0005033388733863831,0
lsa-trimmed-mean-late20-seed42-20261004,16,3,conv1,max,0.007032841444015503,0
lsa-trimmed-mean-late20-seed42-20261004,16,3,conv1,l1,0.1968746631173417,0
lsa-trimmed-mean-late20-seed42-20261004,16,3,conv1,l2,0.026788983158838663,0
lsa-trimmed-mean-late20-seed42-20261004,16,3,conv1,max_abs,0.007032841444015503,0
lsa-trimmed-mean-late20-seed42-20261004,16,3,conv1,sparsity,0.0,0
lsa-trimmed-mean-late20-seed42-20261004,16,3,conv1,skewness,1.543660329521678,0
lsa-trimmed-mean-late20-seed42-20261004,16,3,conv1,kurtosis,1.3606467842104992,0
lsa-trimmed-mean-late20-seed42-20261004,16,3,conv2,mean,9.682222234757852e-05,0
lsa-trimmed-mean-late20-seed42-20261004,16,3,conv2,std,0.0004782477710418975,0
lsa-trimmed-mean-late20-seed42-20261004,16,3,conv2,median,1.1283904314041138e-05,0
lsa-trimmed-mean-late20-seed42-20261004,16,3,conv2,min,-0.0028638839721679688,0
lsa-trimmed-mean-late20-seed42-20261004,16,3,conv2,max,0.004308871924877167,0
lsa-trimmed-mean-late20-seed42-20261004,16,3,conv2,l1,1.115201203028846,0
lsa-trimmed-mean-late20-seed42-20261004,16,3,conv2,l2,0.03323797520706494,0
lsa-trimmed-mean-late20-seed42-20261004,16,3,conv2,max_abs,0.004308871924877167,0
lsa-trimmed-mean-late20-seed42-20261004,16,3,conv2,sparsity,0.0,0
lsa-trimmed-mean-late20-seed42-20261004,16,3,conv2,skewness,2.2647653894872324,0
lsa-trimmed-mean-late20-seed42-20261004,16,3,conv2,kurtosis,14.47793661913105,0
lsa-trimmed-mean-late20-seed42-20261004,16,3,fc1,mean,-6.697971344756795e-06,0
lsa-trimmed-mean-late20-seed42-20261004,16,3,fc1,std,0.0002739498863525775,0
lsa-trimmed-mean-late20-seed42-20261004,16,3,fc1,median,0.0,0
lsa-trimmed-mean-late20-seed42-20261004,16,3,fc1,min,-0.005272647365927696,0
lsa-trimmed-mean-late20-seed42-20261004,16,3,fc1,max,0.0047524841502308846,0
lsa-trimmed-mean-late20-seed42-20261004,16,3,fc1,l1,12.652155317447978,0
lsa-trimmed-mean-late20-seed42-20261004,16,3,fc1,l2,0.08683650822633567,0
lsa-trimmed-mean-late20-seed42-20261004,16,3,fc1,max_abs,0.005272647365927696,0
lsa-trimmed-mean-late20-seed42-20261004,16,3,fc1,sparsity,0.09252509560229445,0
lsa-trimmed-mean-late20-seed42-20261004,16,3,fc1,skewness,-0.8616808061786548,0
lsa-trimmed-mean-late20-seed42-20261004,16,3,fc1,kurtosis,32.59075430417207,0
lsa-trimmed-mean-late20-seed42-20261004,16,3,output,mean,4.07767052260729e-10,0
lsa-trimmed-mean-late20-seed42-20261004,16,3,output,std,0.0016415530572766155,0
lsa-trimmed-mean-late20-seed42-20261004,16,3,output,median,-3.166496753692627e-08,0
lsa-trimmed-mean-late20-seed42-20261004,16,3,output,min,-0.006526529788970947,0
lsa-trimmed-mean-late20-seed42-20261004,16,3,output,max,0.0053725093603134155,0
lsa-trimmed-mean-late20-seed42-20261004,16,3,output,l1,0.7407835225167219,0
lsa-trimmed-mean-late20-seed42-20261004,16,3,output,l2,0.041851555358258075,0
lsa-trimmed-mean-late20-seed42-20261004,16,3,output,max_abs,0.006526529788970947,0
lsa-trimmed-mean-late20-seed42-20261004,16,3,output,sparsity,0.06923076923076923,0
lsa-trimmed-mean-late20-seed42-20261004,16,3,output,skewness,-0.020164979433141956,0
lsa-trimmed-mean-late20-seed42-20261004,16,3,output,kurtosis,1.5771668157495338,0
lsa-trimmed-mean-late20-seed42-20261004,16,4,conv1,mean,0.0012450566922780127,0
lsa-trimmed-mean-late20-seed42-20261004,16,4,conv1,std,0.0019981321373274794,0
lsa-trimmed-mean-late20-seed42-20261004,16,4,conv1,median,0.00020997971296310425,0
lsa-trimmed-mean-late20-seed42-20261004,16,4,conv1,min,-0.0007644742727279663,0
lsa-trimmed-mean-late20-seed42-20261004,16,4,conv1,max,0.007895946502685547,0
lsa-trimmed-mean-late20-seed42-20261004,16,4,conv1,l1,0.21538105886429548,0
lsa-trimmed-mean-late20-seed42-20261004,16,4,conv1,l2,0.029779719824624667,0
lsa-trimmed-mean-late20-seed42-20261004,16,4,conv1,max_abs,0.007895946502685547,0
lsa-trimmed-mean-late20-seed42-20261004,16,4,conv1,sparsity,0.0,0
lsa-trimmed-mean-late20-seed42-20261004,16,4,conv1,skewness,1.5532718855587375,0
lsa-trimmed-mean-late20-seed42-20261004,16,4,conv1,kurtosis,1.3365467231317538,0
lsa-trimmed-mean-late20-seed42-20261004,16,4,conv2,mean,8.877622408363096e-05,0
lsa-trimmed-mean-late20-seed42-20261004,16,4,conv2,std,0.0005117683218656712,0
lsa-trimmed-mean-late20-seed42-20261004,16,4,conv2,median,6.263144314289093e-06,0
lsa-trimmed-mean-late20-seed42-20261004,16,4,conv2,min,-0.0025552362203598022,0
lsa-trimmed-mean-late20-seed42-20261004,16,4,conv2,max,0.005811847746372223,0
lsa-trimmed-mean-late20-seed42-20261004,16,4,conv2,l1,1.14322325457033,0
lsa-trimmed-mean-late20-seed42-20261004,16,4,conv2,l2,0.035381018557649954,0
lsa-trimmed-mean-late20-seed42-20261004,16,4,conv2,max_abs,0.005811847746372223,0
lsa-trimmed-mean-late20-seed42-20261004,16,4,conv2,sparsity,0.0,0
lsa-trimmed-mean-late20-seed42-20261004,16,4,conv2,skewness,3.2592518933894175,0
lsa-trimmed-mean-late20-seed42-20261004,16,4,conv2,kurtosis,23.135666129263704,0
lsa-trimmed-mean-late20-seed42-20261004,16,4,fc1,mean,-6.414773604555758e-07,0
lsa-trimmed-mean-late20-seed42-20261004,16,4,fc1,std,0.0002926737132534561,0
lsa-trimmed-mean-late20-seed42-20261004,16,4,fc1,median,0.0,0
lsa-trimmed-mean-late20-seed42-20261004,16,4,fc1,min,-0.0051142023876309395,0
lsa-trimmed-mean-late20-seed42-20261004,16,4,fc1,max,0.00523168221116066,0
lsa-trimmed-mean-late20-seed42-20261004,16,4,fc1,l1,13.526766015344606,0
lsa-trimmed-mean-late20-seed42-20261004,16,4,fc1,l2,0.0927440847217163,0
lsa-trimmed-mean-late20-seed42-20261004,16,4,fc1,max_abs,0.00523168221116066,0
lsa-trimmed-mean-late20-seed42-20261004,16,4,fc1,sparsity,0.07900135436583812,0
lsa-trimmed-mean-late20-seed42-20261004,16,4,fc1,skewness,0.25981388389465526,0
lsa-trimmed-mean-late20-seed42-20261004,16,4,fc1,kurtosis,31.135667254478605,0
lsa-trimmed-mean-late20-seed42-20261004,16,4,output,mean,-1.7422000662638592e-10,0
lsa-trimmed-mean-late20-seed42-20261004,16,4,output,std,0.002116584332954509,0
lsa-trimmed-mean-late20-seed42-20261004,16,4,output,median,-7.450580596923828e-09,0
lsa-trimmed-mean-late20-seed42-20261004,16,4,output,min,-0.00669461116194725,0
lsa-trimmed-mean-late20-seed42-20261004,16,4,output,max,0.0065144747495651245,0
lsa-trimmed-mean-late20-seed42-20261004,16,4,output,l1,0.9806932742649224,0
lsa-trimmed-mean-late20-seed42-20261004,16,4,output,l2,0.053962524079499224,0
lsa-trimmed-mean-late20-seed42-20261004,16,4,output,max_abs,0.00669461116194725,0
lsa-trimmed-mean-late20-seed42-20261004,16,4,output,sparsity,0.05692307692307692,0
lsa-trimmed-mean-late20-seed42-20261004,16,4,output,skewness,0.022243144902431223,0
lsa-trimmed-mean-late20-seed42-20261004,16,4,output,kurtosis,0.8413780610966057,0
lsa-trimmed-mean-late20-seed42-20261004,17,0,conv1,mean,0.0010214593436103313,1
lsa-trimmed-mean-late20-seed42-20261004,17,0,conv1,std,0.001659530664579526,1
lsa-trimmed-mean-late20-seed42-20261004,17,0,conv1,median,0.00019315630197525024,1
lsa-trimmed-mean-late20-seed42-20261004,17,0,conv1,min,-0.000541001558303833,1
lsa-trimmed-mean-late20-seed42-20261004,17,0,conv1,max,0.0065093934535980225,1
lsa-trimmed-mean-late20-seed42-20261004,17,0,conv1,l1,0.180266376119107,1
lsa-trimmed-mean-late20-seed42-20261004,17,0,conv1,l2,0.024649287916136197,1
lsa-trimmed-mean-late20-seed42-20261004,17,0,conv1,max_abs,0.0065093934535980225,1
lsa-trimmed-mean-late20-seed42-20261004,17,0,conv1,sparsity,0.0,1
lsa-trimmed-mean-late20-seed42-20261004,17,0,conv1,skewness,1.546327728637996,1
lsa-trimmed-mean-late20-seed42-20261004,17,0,conv1,kurtosis,1.3369907656856626,1
lsa-trimmed-mean-late20-seed42-20261004,17,0,conv2,mean,8.239793355250154e-05,1
lsa-trimmed-mean-late20-seed42-20261004,17,0,conv2,std,0.00042031211244732527,1
lsa-trimmed-mean-late20-seed42-20261004,17,0,conv2,median,1.0453397408127785e-05,1
lsa-trimmed-mean-late20-seed42-20261004,17,0,conv2,min,-0.0025221258401870728,1
lsa-trimmed-mean-late20-seed42-20261004,17,0,conv2,max,0.00393647700548172,1
lsa-trimmed-mean-late20-seed42-20261004,17,0,conv2,l1,0.9705297844375309,1
lsa-trimmed-mean-late20-seed42-20261004,17,0,conv2,l2,0.02917560363971517,1
lsa-trimmed-mean-late20-seed42-20261004,17,0,conv2,max_abs,0.00393647700548172,1
lsa-trimmed-mean-late20-seed42-20261004,17,0,conv2,sparsity,0.00021551724137931034,1
lsa-trimmed-mean-late20-seed42-20261004,17,0,conv2,skewness,2.4042824712655997,1
lsa-trimmed-mean-late20-seed42-20261004,17,0,conv2,kurtosis,16.57247102963405,1
lsa-trimmed-mean-late20-seed42-20261004,17,0,fc1,mean,-9.623956843423264e-05,1
lsa-trimmed-mean-late20-seed42-20261004,17,0,fc1,std,0.0008091953013948342,1
lsa-trimmed-mean-late20-seed42-20261004,17,0,fc1,median,-3.354245563969016e-06,1
lsa-trimmed-mean-late20-seed42-20261004,17,0,fc1,min,-0.017693690955638885,1
lsa-trimmed-mean-late20-seed42-20261004,17,0,fc1,max,0.013317596167325974,1
lsa-trimmed-mean-late20-seed42-20261004,17,0,fc1,l1,31.586877898430203,1
lsa-trimmed-mean-late20-seed42-20261004,17,0,fc1,l2,0.25822888609674644,1
lsa-trimmed-mean-late20-seed42-20261004,17,0,fc1,max_abs,0.017693690955638885,1
lsa-trimmed-mean-late20-seed42-20261004,17,0,fc1,sparsity,0.0873565965583174,1
lsa-trimmed-mean-late20-seed42-20261004,17,0,fc1,skewness,-1.9937708835183998,1
lsa-trimmed-mean-late20-seed42-20261004,17,0,fc1,kurtosis,57.19715574296099,1
lsa-trimmed-mean-late20-seed42-20261004,17,0,output,mean,2.7474015951156615e-10,1
lsa-trimmed-mean-late20-seed42-20261004,17,0,output,std,0.0054259489086597125,1
lsa-trimmed-mean-late20-seed42-20261004,17,0,output,median,-0.0001796521246433258,1
lsa-trimmed-mean-late20-seed42-20261004,17,0,output,min,-0.015304341912269592,1
lsa-trimmed-mean-late20-seed42-20261004,17,0,output,max,0.044823870062828064,1
lsa-trimmed-mean-late20-seed42-20261004,17,0,output,l1,1.6680492368759587,1
lsa-trimmed-mean-late20-seed42-20261004,17,0,output,l2,0.13833509682506692,1
lsa-trimmed-mean-late20-seed42-20261004,17,0,output,max_abs,0.044823870062828064,1
lsa-trimmed-mean-late20-seed42-20261004,17,0,output,sparsity,0.06461538461538462,1
lsa-trimmed-mean-late20-seed42-20261004,17,0,output,skewness,3.8741821903501967,1
lsa-trimmed-mean-late20-seed42-20261004,17,0,output,kurtosis,21.0179730570965,1
lsa-trimmed-mean-late20-seed42-20261004,17,1,conv1,mean,0.0010602818183542695,0
lsa-trimmed-mean-late20-seed42-20261004,17,1,conv1,std,0.001720548135606008,0
lsa-trimmed-mean-late20-seed42-20261004,17,1,conv1,median,0.000194452702999115,0
lsa-trimmed-mean-late20-seed42-20261004,17,1,conv1,min,-0.0006085485219955444,0
lsa-trimmed-mean-late20-seed42-20261004,17,1,conv1,max,0.006764739751815796,0
lsa-trimmed-mean-late20-seed42-20261004,17,1,conv1,l1,0.18798813421744853,0
lsa-trimmed-mean-late20-seed42-20261004,17,1,conv1,l2,0.02556398535837461,0
lsa-trimmed-mean-late20-seed42-20261004,17,1,conv1,max_abs,0.006764739751815796,0
lsa-trimmed-mean-late20-seed42-20261004,17,1,conv1,sparsity,0.0,0
lsa-trimmed-mean-late20-seed42-20261004,17,1,conv1,skewness,1.5331246193375199,0
lsa-trimmed-mean-late20-seed42-20261004,17,1,conv1,kurtosis,1.3024571494917616,0
lsa-trimmed-mean-late20-seed42-20261004,17,1,conv2,mean,0.00010108282240723603,0
lsa-trimmed-mean-late20-seed42-20261004,17,1,conv2,std,0.0004316894866719759,0
lsa-trimmed-mean-late20-seed42-20261004,17,1,conv2,median,1.7467886209487915e-05,0
lsa-trimmed-mean-late20-seed42-20261004,17,1,conv2,min,-0.0021922513842582703,0
lsa-trimmed-mean-late20-seed42-20261004,17,1,conv2,max,0.0035451799631118774,0
lsa-trimmed-mean-late20-seed42-20261004,17,1,conv2,l1,1.0181321738709812,0
lsa-trimmed-mean-late20-seed42-20261004,17,1,conv2,l2,0.030201014411516392,0
lsa-trimmed-mean-late20-seed42-20261004,17,1,conv2,max_abs,0.0035451799631118774,0
lsa-trimmed-mean-late20-seed42-20261004,17,1,conv2,sparsity,0.0,0
lsa-trimmed-mean-late20-seed42-20261004,17,1,conv2,skewness,2.5556919853550357,0
lsa-trimmed-mean-late20-seed42-20261004,17,1,conv2,kurtosis,14.672427160733182,0
lsa-trimmed-mean-late20-seed42-20261004,17,1,fc1,mean,-2.0308118697147257e-07,0
lsa-trimmed-mean-late20-seed42-20261004,17,1,fc1,std,0.0002323689408508979,0
lsa-trimmed-mean-late20-seed42-20261004,17,1,fc1,median,0.0,0
lsa-trimmed-mean-late20-seed42-20261004,17,1,fc1,min,-0.003775001270696521,0
lsa-trimmed-mean-late20-seed42-20261004,17,1,fc1,max,0.0034288279712200165,0
lsa-trimmed-mean-late20-seed42-20261004,17,1,fc1,l1,11.409932895883344,0
lsa-trimmed-mean-late20-seed42-20261004,17,1,fc1,l2,0.07363422209566649,0
lsa-trimmed-mean-late20-seed42-20261004,17,1,fc1,max_abs,0.003775001270696521,0
lsa-trimmed-mean-late20-seed42-20261004,17,1,fc1,sparsity,0.08460803059273422,0
lsa-trimmed-mean-late20-seed42-20261004,17,1,fc1,skewness,-0.05578787247076786,0
lsa-trimmed-mean-late20-seed42-20261004,17,1,fc1,kurtosis,20.970354514779515,0
lsa-trimmed-mean-late20-seed42-20261004,17,1,output,mean,-1.5953376602668028e-10,0
lsa-trimmed-mean-late20-seed42-20261004,17,1,output,std,0.0014415364237840749,0
lsa-trimmed-mean-late20-seed42-20261004,17,1,output,median,-1.3923272490501404e-07,0
lsa-trimmed-mean-late20-seed42-20261004,17,1,output,min,-0.004933357238769531,0
lsa-trimmed-mean-late20-seed42-20261004,17,1,output,max,0.006443426012992859,0
lsa-trimmed-mean-late20-seed42-20261004,17,1,output,l1,0.6514603494724724,0
lsa-trimmed-mean-late20-seed42-20261004,17,1,output,l2,0.03675211177214901,0
lsa-trimmed-mean-late20-seed42-20261004,17,1,output,max_abs,0.006443426012992859,0
lsa-trimmed-mean-late20-seed42-20261004,17,1,output,sparsity,0.06769230769230769,0
lsa-trimmed-mean-late20-seed42-20261004,17,1,output,skewness,0.7055750331159081,0
lsa-trimmed-mean-late20-seed42-20261004,17,1,output,kurtosis,1.8681313467570115,0
lsa-trimmed-mean-late20-seed42-20261004,17,2,conv1,mean,0.0009178802167298273,0
lsa-trimmed-mean-late20-seed42-20261004,17,2,conv1,std,0.0015703876125666275,0
lsa-trimmed-mean-late20-seed42-20261004,17,2,conv1,median,0.00019273161888122559,0
lsa-trimmed-mean-late20-seed42-20261004,17,2,conv1,min,-0.000589907169342041,0
lsa-trimmed-mean-late20-seed42-20261004,17,2,conv1,max,0.005983620882034302,0
lsa-trimmed-mean-late20-seed42-20261004,17,2,conv1,l1,0.16885571833699942,0
lsa-trimmed-mean-late20-seed42-20261004,17,2,conv1,l2,0.02300824668145474,0
lsa-trimmed-mean-late20-seed42-20261004,17,2,conv1,max_abs,0.005983620882034302,0
lsa-trimmed-mean-late20-seed42-20261004,17,2,conv1,sparsity,0.0,0
lsa-trimmed-mean-late20-seed42-20261004,17,2,conv1,skewness,1.5899268563932503,0
lsa-trimmed-mean-late20-seed42-20261004,17,2,conv1,kurtosis,1.550207498018219,0
lsa-trimmed-mean-late20-seed42-20261004,17,2,conv2,mean,6.73293951406557e-05,0
lsa-trimmed-mean-late20-seed42-20261004,17,2,conv2,std,0.0004323816259128878,0
lsa-trimmed-mean-late20-seed42-20261004,17,2,conv2,median,9.158626198768616e-06,0
lsa-trimmed-mean-late20-seed42-20261004,17,2,conv2,min,-0.002842552959918976,0
lsa-trimmed-mean-late20-seed42-20261004,17,2,conv2,max,0.003848329186439514,0
lsa-trimmed-mean-late20-seed42-20261004,17,2,conv2,l1,1.01989325768227,0
lsa-trimmed-mean-late20-seed42-20261004,17,2,conv2,l2,0.029807720928471643,0
lsa-trimmed-mean-late20-seed42-20261004,17,2,conv2,max_abs,0.003848329186439514,0
lsa-trimmed-mean-late20-seed42-20261004,17,2,conv2,sparsity,0.00021551724137931034,0
lsa-trimmed-mean-late20-seed42-20261004,17,2,conv2,skewness,1.6479176556649404,0
lsa-trimmed-mean-late20-seed42-20261004,17,2,conv2,kurtosis,15.740969972416053,0
lsa-trimmed-mean-late20-seed42-20261004,17,2,fc1,mean,4.213028757420272e-06,0
lsa-trimmed-mean-late20-seed42-20261004,17,2,fc1,std,0.00031224744574207436,0
lsa-trimmed-mean-late20-seed42-20261004,17,2,fc1,median,0.0,0
lsa-trimmed-mean-late20-seed42-20261004,17,2,fc1,min,-0.006646100431680679,0
lsa-trimmed-mean-late20-seed42-20261004,17,2,fc1,max,0.005044683814048767,0
lsa-trimmed-mean-late20-seed42-20261004,17,2,fc1,l1,14.491342850775425,0
lsa-trimmed-mean-late20-seed42-20261004,17,2,fc1,l2,0.09895548718813574,0
lsa-trimmed-mean-late20-seed42-20261004,17,2,fc1,max_abs,0.006646100431680679,0
lsa-trimmed-mean-late20-seed42-20261004,17,2,fc1,sparsity,0.10395753664754621,0
lsa-trimmed-mean-late20-seed42-20261004,17,2,fc1,skewness,-0.5026648656344375,0
lsa-trimmed-mean-late20-seed42-20261004,17,2,fc1,kurtosis,27.894584063237822,0
lsa-trimmed-mean-late20-seed42-20261004,17,2,output,mean,-5.097200091068561e-10,0
lsa-trimmed-mean-late20-seed42-20261004,17,2,output,std,0.001875278713342528,0
lsa-trimmed-mean-late20-seed42-20261004,17,2,output,median,-5.19677996635437e-07,0
lsa-trimmed-mean-late20-seed42-20261004,17,2,output,min,-0.005703240633010864,0
lsa-trimmed-mean-late20-seed42-20261004,17,2,output,max,0.008872300386428833,0
lsa-trimmed-mean-late20-seed42-20261004,17,2,output,l1,0.8419302926631644,0
lsa-trimmed-mean-late20-seed42-20261004,17,2,output,l2,0.04781041376379537,0
lsa-trimmed-mean-late20-seed42-20261004,17,2,output,max_abs,0.008872300386428833,0
lsa-trimmed-mean-late20-seed42-20261004,17,2,output,sparsity,0.08307692307692308,0
lsa-trimmed-mean-late20-seed42-20261004,17,2,output,skewness,0.8000356440404437,0
lsa-trimmed-mean-late20-seed42-20261004,17,2,output,kurtosis,2.095695141554023,0
lsa-trimmed-mean-late20-seed42-20261004,17,3,conv1,mean,0.0010043132126156707,0
lsa-trimmed-mean-late20-seed42-20261004,17,3,conv1,std,0.001600132744466506,0
lsa-trimmed-mean-late20-seed42-20261004,17,3,conv1,median,0.00018742680549621582,0
lsa-trimmed-mean-late20-seed42-20261004,17,3,conv1,min,-0.0005065351724624634,0
lsa-trimmed-mean-late20-seed42-20261004,17,3,conv1,max,0.006212860345840454,0
lsa-trimmed-mean-late20-seed42-20261004,17,3,conv1,l1,0.176244949339889,0
lsa-trimmed-mean-late20-seed42-20261004,17,3,conv1,l2,0.023896677020701678,0
lsa-trimmed-mean-late20-seed42-20261004,17,3,conv1,max_abs,0.006212860345840454,0
lsa-trimmed-mean-late20-seed42-20261004,17,3,conv1,sparsity,0.0,0
lsa-trimmed-mean-late20-seed42-20261004,17,3,conv1,skewness,1.5492202970957876,0
lsa-trimmed-mean-late20-seed42-20261004,17,3,conv1,kurtosis,1.405099428936662,0
lsa-trimmed-mean-late20-seed42-20261004,17,3,conv2,mean,8.245784805584945e-05,0
lsa-trimmed-mean-late20-seed42-20261004,17,3,conv2,std,0.00043244062928134435,0
lsa-trimmed-mean-late20-seed42-20261004,17,3,conv2,median,8.17514955997467e-06,0
lsa-trimmed-mean-late20-seed42-20261004,17,3,conv2,min,-0.0027203187346458435,0
lsa-trimmed-mean-late20-seed42-20261004,17,3,conv2,max,0.0037920698523521423,0
lsa-trimmed-mean-late20-seed42-20261004,17,3,conv2,l1,1.021827816086443,0
lsa-trimmed-mean-late20-seed42-20261004,17,3,conv2,l2,0.02998752178415056,0
lsa-trimmed-mean-late20-seed42-20261004,17,3,conv2,max_abs,0.0037920698523521423,0
lsa-trimmed-mean-late20-seed42-20261004,17,3,conv2,sparsity,0.00021551724137931034,0
lsa-trimmed-mean-late20-seed42-20261004,17,3,conv2,skewness,2.050298776678321,0
lsa-trimmed-mean-late20-seed42-20261004,17,3,conv2,kurtosis,13.539990223437108,0
lsa-trimmed-mean-late20-seed42-20261004,17,3,fc1,mean,-8.26489601104988e-06,0
lsa-trimmed-mean-late20-seed42-20261004,17,3,fc1,std,0.0002567270947416504,0
lsa-trimmed-mean-late20-seed42-20261004,17,3,fc1,median,-6.51925802230835e-09,0
lsa-trimmed-mean-late20-seed42-20261004,17,3,fc1,min,-0.0050516193732619286,0
lsa-trimmed-mean-late20-seed42-20261004,17,3,fc1,max,0.004792575724422932,0
lsa-trimmed-mean-late20-seed42-20261004,17,3,fc1,l1,11.883141282362203,0
lsa-trimmed-mean-late20-seed42-20261004,17,3,fc1,l2,0.08139507015589638,0
lsa-trimmed-mean-late20-seed42-20261004,17,3,fc1,max_abs,0.0050516193732619286,0
lsa-trimmed-mean-late20-seed42-20261004,17,3,fc1,sparsity,0.09342136711281071,0
lsa-trimmed-mean-late20-seed42-20261004,17,3,fc1,skewness,-1.0135450356239102,0
lsa-trimmed-mean-late20-seed42-20261004,17,3,fc1,kurtosis,32.97434447430936,0
lsa-trimmed-mean-late20-seed42-20261004,17,3,output,mean,3.1920185742469937e-10,0
lsa-trimmed-mean-late20-seed42-20261004,17,3,output,std,0.0015705062257819313,0
lsa-trimmed-mean-late20-seed42-20261004,17,3,output,median,-7.450580596923828e-09,0
lsa-trimmed-mean-late20-seed42-20261004,17,3,output,min,-0.006643034517765045,0
lsa-trimmed-mean-late20-seed42-20261004,17,3,output,max,0.004749774932861328,0
lsa-trimmed-mean-late20-seed42-20261004,17,3,output,l1,0.7102733439242002,0
lsa-trimmed-mean-late20-seed42-20261004,17,3,output,l2,0.04004020945740595,0
lsa-trimmed-mean-late20-seed42-20261004,17,3,output,max_abs,0.006643034517765045,0
lsa-trimmed-mean-late20-seed42-20261004,17,3,output,sparsity,0.07230769230769231,0
lsa-trimmed-mean-late20-seed42-20261004,17,3,output,skewness,-0.2234420525887894,0
lsa-trimmed-mean-late20-seed42-20261004,17,3,output,kurtosis,1.449951742105739,0
lsa-trimmed-mean-late20-seed42-20261004,17,4,conv1,mean,0.001103364027949283,0
lsa-trimmed-mean-late20-seed42-20261004,17,4,conv1,std,0.001785303580261659,0
lsa-trimmed-mean-late20-seed42-20261004,17,4,conv1,median,0.00021988153457641602,0
lsa-trimmed-mean-late20-seed42-20261004,17,4,conv1,min,-0.0007175654172897339,0
lsa-trimmed-mean-late20-seed42-20261004,17,4,conv1,max,0.007076382637023926,0
lsa-trimmed-mean-late20-seed42-20261004,17,4,conv1,l1,0.19250519562046975,0
lsa-trimmed-mean-late20-seed42-20261004,17,4,conv1,l2,0.026547229013567694,0
lsa-trimmed-mean-late20-seed42-20261004,17,4,conv1,max_abs,0.007076382637023926,0
lsa-trimmed-mean-late20-seed42-20261004,17,4,conv1,sparsity,0.0,0
lsa-trimmed-mean-late20-seed42-20261004,17,4,conv1,skewness,1.5603580111530728,0
lsa-trimmed-mean-late20-seed42-20261004,17,4,conv1,kurtosis,1.3778429788713167,0
lsa-trimmed-mean-late20-seed42-20261004,17,4,conv2,mean,7.872176754674378e-05,0
lsa-trimmed-mean-late20-seed42-20261004,17,4,conv2,std,0.0004640506054155271,0
lsa-trimmed-mean-late20-seed42-20261004,17,4,conv2,median,4.685483872890472e-06,0
lsa-trimmed-mean-late20-seed42-20261004,17,4,conv2,min,-0.002375192940235138,0
lsa-trimmed-mean-late20-seed42-20261004,17,4,conv2,max,0.005235113203525543,0
lsa-trimmed-mean-late20-seed42-20261004,17,4,conv2,l1,1.0536103681042732,0
lsa-trimmed-mean-late20-seed42-20261004,17,4,conv2,l2,0.032061596594290365,0
lsa-trimmed-mean-late20-seed42-20261004,17,4,conv2,max_abs,0.005235113203525543,0
lsa-trimmed-mean-late20-seed42-20261004,17,4,conv2,sparsity,0.0,0
lsa-trimmed-mean-late20-seed42-20261004,17,4,conv2,skewness,3.091965366338994,0
lsa-trimmed-mean-late20-seed42-20261004,17,4,conv2,kurtosis,21.958501598866512,0
lsa-trimmed-mean-late20-seed42-20261004,17,4,fc1,mean,1.7349489651436966e-06,0
lsa-trimmed-mean-late20-seed42-20261004,17,4,fc1,std,0.0002858756078279678,0
lsa-trimmed-mean-late20-seed42-20261004,17,4,fc1,median,0.0,0
lsa-trimmed-mean-late20-seed42-20261004,17,4,fc1,min,-0.004767868667840958,0
lsa-trimmed-mean-late20-seed42-20261004,17,4,fc1,max,0.004914501681923866,0
lsa-trimmed-mean-late20-seed42-20261004,17,4,fc1,l1,13.268023328072218,0
lsa-trimmed-mean-late20-seed42-20261004,17,4,fc1,l2,0.09059131368482809,0
lsa-trimmed-mean-late20-seed42-20261004,17,4,fc1,max_abs,0.004914501681923866,0
lsa-trimmed-mean-late20-seed42-20261004,17,4,fc1,sparsity,0.0787424314850223,0
lsa-trimmed-mean-late20-seed42-20261004,17,4,fc1,skewness,0.23849662739229213,0
lsa-trimmed-mean-late20-seed42-20261004,17,4,fc1,kurtosis,30.123535747464373,0
lsa-trimmed-mean-late20-seed42-20261004,17,4,output,mean,-9.319942014721724e-11,0
lsa-trimmed-mean-late20-seed42-20261004,17,4,output,std,0.0019072060581376946,0
lsa-trimmed-mean-late20-seed42-20261004,17,4,output,median,-1.3504177331924438e-08,0
lsa-trimmed-mean-late20-seed42-20261004,17,4,output,min,-0.0064938850700855255,0
lsa-trimmed-mean-late20-seed42-20261004,17,4,output,max,0.005990654230117798,0
lsa-trimmed-mean-late20-seed42-20261004,17,4,output,l1,0.8908887121506268,0
lsa-trimmed-mean-late20-seed42-20261004,17,4,output,l2,0.04862440453443246,0
lsa-trimmed-mean-late20-seed42-20261004,17,4,output,max_abs,0.0064938850700855255,0
lsa-trimmed-mean-late20-seed42-20261004,17,4,output,sparsity,0.06307692307692307,0
lsa-trimmed-mean-late20-seed42-20261004,17,4,output,skewness,0.15601799548942538,0
lsa-trimmed-mean-late20-seed42-20261004,17,4,output,kurtosis,0.8112690181136384,0
lsa-trimmed-mean-late20-seed42-20261004,18,0,conv1,mean,0.0009111777690122835,1
lsa-trimmed-mean-late20-seed42-20261004,18,0,conv1,std,0.0014867846629672843,1
lsa-trimmed-mean-late20-seed42-20261004,18,0,conv1,median,0.00017026066780090332,1
lsa-trimmed-mean-late20-seed42-20261004,18,0,conv1,min,-0.0004991739988327026,1
lsa-trimmed-mean-late20-seed42-20261004,18,0,conv1,max,0.005886048078536987,1
lsa-trimmed-mean-late20-seed42-20261004,18,0,conv1,l1,0.1614551164675504,1
lsa-trimmed-mean-late20-seed42-20261004,18,0,conv1,l2,0.02205728382472128,1
lsa-trimmed-mean-late20-seed42-20261004,18,0,conv1,max_abs,0.005886048078536987,1
lsa-trimmed-mean-late20-seed42-20261004,18,0,conv1,sparsity,0.0,1
lsa-trimmed-mean-late20-seed42-20261004,18,0,conv1,skewness,1.5616832200077928,1
lsa-trimmed-mean-late20-seed42-20261004,18,0,conv1,kurtosis,1.4253843487336928,1
lsa-trimmed-mean-late20-seed42-20261004,18,0,conv2,mean,6.995683285257937e-05,1
lsa-trimmed-mean-late20-seed42-20261004,18,0,conv2,std,0.00038110043119728013,1
lsa-trimmed-mean-late20-seed42-20261004,18,0,conv2,median,8.383765816688538e-06,1
lsa-trimmed-mean-late20-seed42-20261004,18,0,conv2,min,-0.0024737492203712463,1
lsa-trimmed-mean-late20-seed42-20261004,18,0,conv2,max,0.0034121721982955933,1
lsa-trimmed-mean-late20-seed42-20261004,18,0,conv2,l1,0.885644161113305,1
lsa-trimmed-mean-late20-seed42-20261004,18,0,conv2,l2,0.026393373157742397,1
lsa-trimmed-mean-late20-seed42-20261004,18,0,conv2,max_abs,0.0034121721982955933,1
lsa-trimmed-mean-late20-seed42-20261004,18,0,conv2,sparsity,0.0,1
lsa-trimmed-mean-late20-seed42-20261004,18,0,conv2,skewness,2.086074303665486,1
lsa-trimmed-mean-late20-seed42-20261004,18,0,conv2,kurtosis,15.571199337300172,1
lsa-trimmed-mean-late20-seed42-20261004,18,0,fc1,mean,-0.00010661978648257331,1
lsa-trimmed-mean-late20-seed42-20261004,18,0,fc1,std,0.0008224293894937755,1
lsa-trimmed-mean-late20-seed42-20261004,18,0,fc1,median,-3.972556442022324e-06,1
lsa-trimmed-mean-late20-seed42-20261004,18,0,fc1,min,-0.01916305348277092,1
lsa-trimmed-mean-late20-seed42-20261004,18,0,fc1,max,0.01357230730354786,1
lsa-trimmed-mean-late20-seed42-20261004,18,0,fc1,l1,32.14710708982,1
lsa-trimmed-mean-late20-seed42-20261004,18,0,fc1,l2,0.26279629988866204,1
lsa-trimmed-mean-late20-seed42-20261004,18,0,fc1,max_abs,0.01916305348277092,1
lsa-trimmed-mean-late20-seed42-20261004,18,0,fc1,sparsity,0.08903959528362014,1
lsa-trimmed-mean-late20-seed42-20261004,18,0,fc1,skewness,-2.314622556026162,1
lsa-trimmed-mean-late20-seed42-20261004,18,0,fc1,kurtosis,58.967770100567726,1
lsa-trimmed-mean-late20-seed42-20261004,18,0,output,mean,-8.498318493366241e-11,1
lsa-trimmed-mean-late20-seed42-20261004,18,0,output,std,0.005196999972056383,1
lsa-trimmed-mean-late20-seed42-20261004,18,0,output,median,-0.00012905150651931763,1
lsa-trimmed-mean-late20-seed42-20261004,18,0,output,min,-0.01417214423418045,1
lsa-trimmed-mean-late20-seed42-20261004,18,0,output,max,0.044956084340810776,1
lsa-trimmed-mean-late20-seed42-20261004,18,0,output,l1,1.6109454909455962,1
lsa-trimmed-mean-late20-seed42-20261004,18,0,output,l2,0.13249802134828328,1
lsa-trimmed-mean-late20-seed42-20261004,18,0,output,max_abs,0.044956084340810776,1
lsa-trimmed-mean-late20-seed42-20261004,18,0,output,sparsity,0.06923076923076923,1
lsa-trimmed-mean-late20-seed42-20261004,18,0,output,skewness,3.861356648096343,1
lsa-trimmed-mean-late20-seed42-20261004,18,0,output,kurtosis,21.373582545676697,1
lsa-trimmed-mean-late20-seed42-20261004,18,1,conv1,mean,0.0009465397823078092,0
lsa-trimmed-mean-late20-seed42-20261004,18,1,conv1,std,0.0015448690554811014,0
lsa-trimmed-mean-late20-seed42-20261004,18,1,conv1,median,0.00018375366926193237,0
lsa-trimmed-mean-late20-seed42-20261004,18,1,conv1,min,-0.0005717426538467407,0
lsa-trimmed-mean-late20-seed42-20261004,18,1,conv1,max,0.006175041198730469,0
lsa-trimmed-mean-late20-seed42-20261004,18,1,conv1,l1,0.16856992489192635,0
lsa-trimmed-mean-late20-seed42-20261004,18,1,conv1,l2,0.022917444737402592,0
lsa-trimmed-mean-late20-seed42-20261004,18,1,conv1,max_abs,0.006175041198730469,0
lsa-trimmed-mean-late20-seed42-20261004,18,1,conv1,sparsity,0.0,0
lsa-trimmed-mean-late20-seed42-20261004,18,1,conv1,skewness,1.5543170027024844,0
lsa-trimmed-mean-late20-seed42-20261004,18,1,conv1,kurtosis,1.4160831540748946,0
lsa-trimmed-mean-late20-seed42-20261004,18,1,conv2,mean,8.99780122530313e-05,0
lsa-trimmed-mean-late20-seed42-20261004,18,1,conv2,std,0.0003922580747888813,0
lsa-trimmed-mean-late20-seed42-20261004,18,1,conv2,median,1.7529353499412537e-05,0
lsa-trimmed-mean-late20-seed42-20261004,18,1,conv2,min,-0.002117641270160675,0
lsa-trimmed-mean-late20-seed42-20261004,18,1,conv2,max,0.0029632002115249634,0
lsa-trimmed-mean-late20-seed42-20261004,18,1,conv2,l1,0.9338276203379792,0
lsa-trimmed-mean-late20-seed42-20261004,18,1,conv2,l2,0.027413604674632632,0
lsa-trimmed-mean-late20-seed42-20261004,18,1,conv2,max_abs,0.0029632002115249634,0
lsa-trimmed-mean-late20-seed42-20261004,18,1,conv2,sparsity,0.0,0
lsa-trimmed-mean-late20-seed42-20261004,18,1,conv2,skewness,2.3246597508993507,0
lsa-trimmed-mean-late20-seed42-20261004,18,1,conv2,kurtosis,13.780965490093841,0
lsa-trimmed-mean-late20-seed42-20261004,18,1,fc1,mean,-2.135002025431717e-07,0
lsa-trimmed-mean-late20-seed42-20261004,18,1,fc1,std,0.0002216048773849343,0
lsa-trimmed-mean-late20-seed42-20261004,18,1,fc1,median,0.0,0
lsa-trimmed-mean-late20-seed42-20261004,18,1,fc1,min,-0.003437777515500784,0
lsa-trimmed-mean-late20-seed42-20261004,18,1,fc1,max,0.003150288015604019,0
lsa-trimmed-mean-late20-seed42-20261004,18,1,fc1,l1,10.911060293071614,0
lsa-trimmed-mean-late20-seed42-20261004,18,1,fc1,l2,0.0702232580666426,0
lsa-trimmed-mean-late20-seed42-20261004,18,1,fc1,max_abs,0.003437777515500784,0
lsa-trimmed-mean-late20-seed42-20261004,18,1,fc1,sparsity,0.08845203951561505,0
lsa-trimmed-mean-late20-seed42-20261004,18,1,fc1,skewness,0.041516089462740935,0
lsa-trimmed-mean-late20-seed42-20261004,18,1,fc1,kurtosis,20.45159909347917,0
lsa-trimmed-mean-late20-seed42-20261004,18,1,output,mean,-4.016328603029251e-11,0
lsa-trimmed-mean-late20-seed42-20261004,18,1,output,std,0.0013560145398722081,0
lsa-trimmed-mean-late20-seed42-20261004,18,1,output,median,-3.388995537534356e-07,0
lsa-trimmed-mean-late20-seed42-20261004,18,1,output,min,-0.004458174109458923,0
lsa-trimmed-mean-late20-seed42-20261004,18,1,output,max,0.006117045879364014,0
lsa-trimmed-mean-late20-seed42-20261004,18,1,output,l1,0.6111124360759277,0
lsa-trimmed-mean-late20-seed42-20261004,18,1,output,l2,0.034571722997619674,0
lsa-trimmed-mean-late20-seed42-20261004,18,1,output,max_abs,0.006117045879364014,0
lsa-trimmed-mean-late20-seed42-20261004,18,1,output,sparsity,0.06615384615384616,0
lsa-trimmed-mean-late20-seed42-20261004,18,1,output,skewness,0.7096961147983876,0
lsa-trimmed-mean-late20-seed42-20261004,18,1,output,kurtosis,1.8818266205143876,0
lsa-trimmed-mean-late20-seed42-20261004,18,2,conv1,mean,0.0008069373303442262,0
lsa-trimmed-mean-late20-seed42-20261004,18,2,conv1,std,0.001398658239398894,0
lsa-trimmed-mean-late20-seed42-20261004,18,2,conv1,median,0.00018226727843284607,0
lsa-trimmed-mean-late20-seed42-20261004,18,2,conv1,min,-0.000576406717300415,0
lsa-trimmed-mean-late20-seed42-20261004,18,2,conv1,max,0.005338937044143677,0
lsa-trimmed-mean-late20-seed42-20261004,18,2,conv1,l1,0.1503934555221349,0
lsa-trimmed-mean-late20-seed42-20261004,18,2,conv1,l2,0.02042505412767949,0
lsa-trimmed-mean-late20-seed42-20261004,18,2,conv1,max_abs,0.005338937044143677,0
lsa-trimmed-mean-late20-seed42-20261004,18,2,conv1,sparsity,0.0,0
lsa-trimmed-mean-late20-seed42-20261004,18,2,conv1,skewness,1.6060171602631395,0
lsa-trimmed-mean-late20-seed42-20261004,18,2,conv1,kurtosis,1.6624252514039544,0
lsa-trimmed-mean-late20-seed42-20261004,18,2,conv2,mean,5.132923046136872e-05,0
lsa-trimmed-mean-late20-seed42-20261004,18,2,conv2,std,0.0003991695511810891,0
lsa-trimmed-mean-late20-seed42-20261004,18,2,conv2,median,7.135793566703796e-06,0
lsa-trimmed-mean-late20-seed42-20261004,18,2,conv2,min,-0.0027827396988868713,0
lsa-trimmed-mean-late20-seed42-20261004,18,2,conv2,max,0.0034061074256896973,0
lsa-trimmed-mean-late20-seed42-20261004,18,2,conv2,l1,0.9508514546650986,0
lsa-trimmed-mean-late20-seed42-20261004,18,2,conv2,l2,0.02741433083394503,0
lsa-trimmed-mean-late20-seed42-20261004,18,2,conv2,max_abs,0.0034061074256896973,0
lsa-trimmed-mean-late20-seed42-20261004,18,2,conv2,sparsity,0.0,0
lsa-trimmed-mean-late20-seed42-20261004,18,2,conv2,skewness,1.2651563989844443,0
lsa-trimmed-mean-late20-seed42-20261004,18,2,conv2,kurtosis,14.991514305378796,0
lsa-trimmed-mean-late20-seed42-20261004,18,2,fc1,mean,4.6493122338374415e-06,0
lsa-trimmed-mean-late20-seed42-20261004,18,2,fc1,std,0.0003042586358767878,0
lsa-trimmed-mean-late20-seed42-20261004,18,2,fc1,median,0.0,0
lsa-trimmed-mean-late20-seed42-20261004,18,2,fc1,min,-0.0061928220093250275,0
lsa-trimmed-mean-late20-seed42-20261004,18,2,fc1,max,0.004989370703697205,0
lsa-trimmed-mean-late20-seed42-20261004,18,2,fc1,l1,14.075925136798787,0
lsa-trimmed-mean-late20-seed42-20261004,18,2,fc1,l2,0.09642620418416792,0
lsa-trimmed-mean-late20-seed42-20261004,18,2,fc1,max_abs,0.0061928220093250275,0
lsa-trimmed-mean-late20-seed42-20261004,18,2,fc1,sparsity,0.09353091140854047,0
lsa-trimmed-mean-late20-seed42-20261004,18,2,fc1,skewness,-0.40023057587601696,0
lsa-trimmed-mean-late20-seed42-20261004,18,2,fc1,kurtosis,27.57505059909501,0
lsa-trimmed-mean-late20-seed42-20261004,18,2,output,mean,1.5904123966510478e-10,0
lsa-trimmed-mean-late20-seed42-20261004,18,2,output,std,0.0018001634942471883,0
lsa-trimmed-mean-late20-seed42-20261004,18,2,output,median,-1.1883676052093506e-06,0
lsa-trimmed-mean-late20-seed42-20261004,18,2,output,min,-0.005507051944732666,0
lsa-trimmed-mean-late20-seed42-20261004,18,2,output,max,0.008740872144699097,0
lsa-trimmed-mean-late20-seed42-20261004,18,2,output,l1,0.8047654337715358,0
lsa-trimmed-mean-late20-seed42-20261004,18,2,output,l2,0.045895343924119106,0
lsa-trimmed-mean-late20-seed42-20261004,18,2,output,max_abs,0.008740872144699097,0
lsa-trimmed-mean-late20-seed42-20261004,18,2,output,sparsity,0.07846153846153846,0
lsa-trimmed-mean-late20-seed42-20261004,18,2,output,skewness,0.8818160445964408,0
lsa-trimmed-mean-late20-seed42-20261004,18,2,output,kurtosis,2.2355487659832143,0
lsa-trimmed-mean-late20-seed42-20261004,18,3,conv1,mean,0.0009018509146699217,0
lsa-trimmed-mean-late20-seed42-20261004,18,3,conv1,std,0.0014409836137791738,0
lsa-trimmed-mean-late20-seed42-20261004,18,3,conv1,median,0.0001674368977546692,0
lsa-trimmed-mean-late20-seed42-20261004,18,3,conv1,min,-0.0005158856511116028,0
lsa-trimmed-mean-late20-seed42-20261004,18,3,conv1,max,0.0056060850620269775,0
lsa-trimmed-mean-late20-seed42-20261004,18,3,conv1,l1,0.15887941198889166,0
lsa-trimmed-mean-late20-seed42-20261004,18,3,conv1,l2,0.02150262810903285,0
lsa-trimmed-mean-late20-seed42-20261004,18,3,conv1,max_abs,0.0056060850620269775,0
lsa-trimmed-mean-late20-seed42-20261004,18,3,conv1,sparsity,0.0,0
lsa-trimmed-mean-late20-seed42-20261004,18,3,conv1,skewness,1.5595576363783872,0
lsa-trimmed-mean-late20-seed42-20261004,18,3,conv1,kurtosis,1.4704491728231943,0
lsa-trimmed-mean-late20-seed42-20261004,18,3,conv2,mean,7.180114030194905e-05,0
lsa-trimmed-mean-late20-seed42-20261004,18,3,conv2,std,0.0003980374056794411,0
lsa-trimmed-mean-late20-seed42-20261004,18,3,conv2,median,7.102265954017639e-06,0
lsa-trimmed-mean-late20-seed42-20261004,18,3,conv2,min,-0.0026490315794944763,0
lsa-trimmed-mean-late20-seed42-20261004,18,3,conv2,max,0.0033794045448303223,0
lsa-trimmed-mean-late20-seed42-20261004,18,3,conv2,l1,0.9459004037580598,0
lsa-trimmed-mean-late20-seed42-20261004,18,3,conv2,l2,0.02755093093742344,0
lsa-trimmed-mean-late20-seed42-20261004,18,3,conv2,max_abs,0.0033794045448303223,0
lsa-trimmed-mean-late20-seed42-20261004,18,3,conv2,sparsity,0.0,0
lsa-trimmed-mean-late20-seed42-20261004,18,3,conv2,skewness,1.7801032241417372,0
lsa-trimmed-mean-late20-seed42-20261004,18,3,conv2,kurtosis,12.85317034944025,0
lsa-trimmed-mean-late20-seed42-20261004,18,3,fc1,mean,-7.828564896756348e-06,0
lsa-trimmed-mean-late20-seed42-20261004,18,3,fc1,std,0.00024821681686845737,0
lsa-trimmed-mean-late20-seed42-20261004,18,3,fc1,median,0.0,0
lsa-trimmed-mean-late20-seed42-20261004,18,3,fc1,min,-0.004890574142336845,0
lsa-trimmed-mean-late20-seed42-20261004,18,3,fc1,max,0.004412593320012093,0
lsa-trimmed-mean-late20-seed42-20261004,18,3,fc1,l1,11.469414713010792,0
lsa-trimmed-mean-late20-seed42-20261004,18,3,fc1,l2,0.07869525637737472,0
lsa-trimmed-mean-late20-seed42-20261004,18,3,fc1,max_abs,0.004890574142336845,0
lsa-trimmed-mean-late20-seed42-20261004,18,3,fc1,sparsity,0.10471438814531549,0
lsa-trimmed-mean-late20-seed42-20261004,18,3,fc1,skewness,-1.0579214630040086,0
lsa-trimmed-mean-late20-seed42-20261004,18,3,fc1,kurtosis,32.497987627591094,0
lsa-trimmed-mean-late20-seed42-20261004,18,3,output,mean,-5.373014853550838e-11,0
lsa-trimmed-mean-late20-seed42-20261004,18,3,output,std,0.001493818966959404,0
lsa-trimmed-mean-late20-seed42-20261004,18,3,output,median,0.0,0
lsa-trimmed-mean-late20-seed42-20261004,18,3,output,min,-0.006258673965930939,0
lsa-trimmed-mean-late20-seed42-20261004,18,3,output,max,0.004761331714689732,0
lsa-trimmed-mean-late20-seed42-20261004,18,3,output,l1,0.6742458064109087,0
lsa-trimmed-mean-late20-seed42-20261004,18,3,output,l2,0.03808506031150511,0
lsa-trimmed-mean-late20-seed42-20261004,18,3,output,max_abs,0.006258673965930939,0
lsa-trimmed-mean-late20-seed42-20261004,18,3,output,sparsity,0.08615384615384615,0
lsa-trimmed-mean-late20-seed42-20261004,18,3,output,skewness,-0.22816423085322335,0
lsa-trimmed-mean-late20-seed42-20261004,18,3,output,kurtosis,1.50416941175801,0
lsa-trimmed-mean-late20-seed42-20261004,18,4,conv1,mean,0.0009893859773001169,0
lsa-trimmed-mean-late20-seed42-20261004,18,4,conv1,std,0.0016047907968823414,0
lsa-trimmed-mean-late20-seed42-20261004,18,4,conv1,median,0.00017923489212989807,0
lsa-trimmed-mean-late20-seed42-20261004,18,4,conv1,min,-0.0006692260503768921,0
lsa-trimmed-mean-late20-seed42-20261004,18,4,conv1,max,0.0064240992069244385,0
lsa-trimmed-mean-late20-seed42-20261004,18,4,conv1,l1,0.17302841448690742,0
lsa-trimmed-mean-late20-seed42-20261004,18,4,conv1,l2,0.023846972516732998,0
lsa-trimmed-mean-late20-seed42-20261004,18,4,conv1,max_abs,0.0064240992069244385,0
lsa-trimmed-mean-late20-seed42-20261004,18,4,conv1,sparsity,0.0,0
lsa-trimmed-mean-late20-seed42-20261004,18,4,conv1,skewness,1.5824052526099912,0
lsa-trimmed-mean-late20-seed42-20261004,18,4,conv1,kurtosis,1.4941981594808817,0
lsa-trimmed-mean-late20-seed42-20261004,18,4,conv2,mean,6.67189286261795e-05,0
lsa-trimmed-mean-late20-seed42-20261004,18,4,conv2,std,0.0004218912368744305,0
lsa-trimmed-mean-late20-seed42-20261004,18,4,conv2,median,4.022382199764252e-06,0
lsa-trimmed-mean-late20-seed42-20261004,18,4,conv2,min,-0.002400904893875122,0
lsa-trimmed-mean-late20-seed42-20261004,18,4,conv2,max,0.004642121493816376,0
lsa-trimmed-mean-late20-seed42-20261004,18,4,conv2,l1,0.9621106350678019,0
lsa-trimmed-mean-late20-seed42-20261004,18,4,conv2,l2,0.029095333796237223,0
lsa-trimmed-mean-late20-seed42-20261004,18,4,conv2,max_abs,0.004642121493816376,0
lsa-trimmed-mean-late20-seed42-20261004,18,4,conv2,sparsity,0.0,0
lsa-trimmed-mean-late20-seed42-20261004,18,4,conv2,skewness,2.8424468459759313,0
lsa-trimmed-mean-late20-seed42-20261004,18,4,conv2,kurtosis,20.857589323174018,0
lsa-trimmed-mean-late20-seed42-20261004,18,4,fc1,mean,3.861740888813033e-06,0
lsa-trimmed-mean-late20-seed42-20261004,18,4,fc1,std,0.0002765255796294524,0
lsa-trimmed-mean-late20-seed42-20261004,18,4,fc1,median,0.0,0
lsa-trimmed-mean-late20-seed42-20261004,18,4,fc1,min,-0.004613660275936127,0
lsa-trimmed-mean-late20-seed42-20261004,18,4,fc1,max,0.004719635471701622,0
lsa-trimmed-mean-late20-seed42-20261004,18,4,fc1,l1,12.841431747430079,0
lsa-trimmed-mean-late20-seed42-20261004,18,4,fc1,l2,0.08763530765536369,0
lsa-trimmed-mean-late20-seed42-20261004,18,4,fc1,max_abs,0.004719635471701622,0
lsa-trimmed-mean-late20-seed42-20261004,18,4,fc1,sparsity,0.07974824729126832,0
lsa-trimmed-mean-late20-seed42-20261004,18,4,fc1,skewness,0.2964307569206072,0
lsa-trimmed-mean-late20-seed42-20261004,18,4,fc1,kurtosis,29.849682857526304,0
lsa-trimmed-mean-late20-seed42-20261004,18,4,output,mean,7.270136848092079e-10,0
lsa-trimmed-mean-late20-seed42-20261004,18,4,output,std,0.0017815611460256784,0
lsa-trimmed-mean-late20-seed42-20261004,18,4,output,median,-3.725290298461914e-09,0
lsa-trimmed-mean-late20-seed42-20261004,18,4,output,min,-0.005912847816944122,0
lsa-trimmed-mean-late20-seed42-20261004,18,4,output,max,0.005701228976249695,0
lsa-trimmed-mean-late20-seed42-20261004,18,4,output,l1,0.8337657283700537,0
lsa-trimmed-mean-late20-seed42-20261004,18,4,output,l2,0.045421075241222075,0
lsa-trimmed-mean-late20-seed42-20261004,18,4,output,max_abs,0.005912847816944122,0
lsa-trimmed-mean-late20-seed42-20261004,18,4,output,sparsity,0.06769230769230769,0
lsa-trimmed-mean-late20-seed42-20261004,18,4,output,skewness,0.1558377358825547,0
lsa-trimmed-mean-late20-seed42-20261004,18,4,output,kurtosis,0.8258521031977781,0
lsa-trimmed-mean-late20-seed42-20261004,19,0,conv1,mean,0.0008175701899745036,1
lsa-trimmed-mean-late20-seed42-20261004,19,0,conv1,std,0.0013413627441075998,1
lsa-trimmed-mean-late20-seed42-20261004,19,0,conv1,median,0.0001479126513004303,1
lsa-trimmed-mean-late20-seed42-20261004,19,0,conv1,min,-0.0004591941833496094,1
lsa-trimmed-mean-late20-seed42-20261004,19,0,conv1,max,0.005313903093338013,1
lsa-trimmed-mean-late20-seed42-20261004,19,0,conv1,l1,0.14571549266111106,1
lsa-trimmed-mean-late20-seed42-20261004,19,0,conv1,l2,0.019870279421547413,1
lsa-trimmed-mean-late20-seed42-20261004,19,0,conv1,max_abs,0.005313903093338013,1
lsa-trimmed-mean-late20-seed42-20261004,19,0,conv1,sparsity,0.0,1
lsa-trimmed-mean-late20-seed42-20261004,19,0,conv1,skewness,1.5750297782783997,1
lsa-trimmed-mean-late20-seed42-20261004,19,0,conv1,kurtosis,1.500638755752357,1
lsa-trimmed-mean-late20-seed42-20261004,19,0,conv2,mean,6.040322292031713e-05,1
lsa-trimmed-mean-late20-seed42-20261004,19,0,conv2,std,0.00034831384632191587,1
lsa-trimmed-mean-late20-seed42-20261004,19,0,conv2,median,7.641501724720001e-06,1
lsa-trimmed-mean-late20-seed42-20261004,19,0,conv2,min,-0.002369306981563568,1
lsa-trimmed-mean-late20-seed42-20261004,19,0,conv2,max,0.002987220883369446,1
lsa-trimmed-mean-late20-seed42-20261004,19,0,conv2,l1,0.8163785855322203,1
lsa-trimmed-mean-late20-seed42-20261004,19,0,conv2,l2,0.024080403523141,1
lsa-trimmed-mean-late20-seed42-20261004,19,0,conv2,max_abs,0.002987220883369446,1
lsa-trimmed-mean-late20-seed42-20261004,19,0,conv2,sparsity,0.0,1
lsa-trimmed-mean-late20-seed42-20261004,19,0,conv2,skewness,1.8117735622547648,1
lsa-trimmed-mean-late20-seed42-20261004,19,0,conv2,kurtosis,14.837273364555955,1
lsa-trimmed-mean-late20-seed42-20261004,19,0,fc1,mean,-0.00012096854749969387,1
lsa-trimmed-mean-late20-seed42-20261004,19,0,fc1,std,0.0008793700702139487,1
lsa-trimmed-mean-late20-seed42-20261004,19,0,fc1,median,-5.138106644153595e-06,1
lsa-trimmed-mean-late20-seed42-20261004,19,0,fc1,min,-0.021374061703681946,1
lsa-trimmed-mean-late20-seed42-20261004,19,0,fc1,max,0.01410672441124916,1
lsa-trimmed-mean-late20-seed42-20261004,19,0,fc1,l1,34.70483665502411,1
lsa-trimmed-mean-late20-seed42-20261004,19,0,fc1,l2,0.2812832875108899,1
lsa-trimmed-mean-late20-seed42-20261004,19,0,fc1,max_abs,0.021374061703681946,1
lsa-trimmed-mean-late20-seed42-20261004,19,0,fc1,sparsity,0.09054333970681963,1
lsa-trimmed-mean-late20-seed42-20261004,19,0,fc1,skewness,-2.581690469216272,1
lsa-trimmed-mean-late20-seed42-20261004,19,0,fc1,kurtosis,57.74222613169987,1
lsa-trimmed-mean-late20-seed42-20261004,19,0,output,mean,-8.511751030500119e-11,1
lsa-trimmed-mean-late20-seed42-20261004,19,0,output,std,0.00535742253569089,1
lsa-trimmed-mean-late20-seed42-20261004,19,0,output,median,-0.00015319185331463814,1
lsa-trimmed-mean-late20-seed42-20261004,19,0,output,min,-0.013183578848838806,1
lsa-trimmed-mean-late20-seed42-20261004,19,0,output,max,0.04643876850605011,1
lsa-trimmed-mean-late20-seed42-20261004,19,0,output,l1,1.686240578215802,1
lsa-trimmed-mean-late20-seed42-20261004,19,0,output,l2,0.13658801026024794,1
lsa-trimmed-mean-late20-seed42-20261004,19,0,output,max_abs,0.04643876850605011,1
lsa-trimmed-mean-late20-seed42-20261004,19,0,output,sparsity,0.06923076923076923,1
lsa-trimmed-mean-late20-seed42-20261004,19,0,output,skewness,3.7498773274875767,1
lsa-trimmed-mean-late20-seed42-20261004,19,0,output,kurtosis,20.291202853678424,1
lsa-trimmed-mean-late20-seed42-20261004,19,1,conv1,mean,0.0008516388021234889,0
lsa-trimmed-mean-late20-seed42-20261004,19,1,conv1,std,0.0013934292689089121,0
lsa-trimmed-mean-late20-seed42-20261004,19,1,conv1,median,0.0001729317009449005,0
lsa-trimmed-mean-late20-seed42-20261004,19,1,conv1,min,-0.0005217045545578003,0
lsa-trimmed-mean-late20-seed42-20261004,19,1,conv1,max,0.005619347095489502,0
lsa-trimmed-mean-late20-seed42-20261004,19,1,conv1,l1,0.15230749535840005,0
lsa-trimmed-mean-late20-seed42-20261004,19,1,conv1,l2,0.02065694566671213,0
lsa-trimmed-mean-late20-seed42-20261004,19,1,conv1,max_abs,0.005619347095489502,0
lsa-trimmed-mean-late20-seed42-20261004,19,1,conv1,sparsity,0.0,0
lsa-trimmed-mean-late20-seed42-20261004,19,1,conv1,skewness,1.567119773331314,0
lsa-trimmed-mean-late20-seed42-20261004,19,1,conv1,kurtosis,1.5003479539198734,0
lsa-trimmed-mean-late20-seed42-20261004,19,1,conv2,mean,7.994082079990065e-05,0
lsa-trimmed-mean-late20-seed42-20261004,19,1,conv2,std,0.00035927848173409043,0
lsa-trimmed-mean-late20-seed42-20261004,19,1,conv2,median,1.6823410987854004e-05,0
lsa-trimmed-mean-late20-seed42-20261004,19,1,conv2,min,-0.0019465237855911255,0
lsa-trimmed-mean-late20-seed42-20261004,19,1,conv2,max,0.0028019845485687256,0
lsa-trimmed-mean-late20-seed42-20261004,19,1,conv2,l1,0.8630087726050988,0
lsa-trimmed-mean-late20-seed42-20261004,19,1,conv2,l2,0.025071658280224333,0
lsa-trimmed-mean-late20-seed42-20261004,19,1,conv2,max_abs,0.0028019845485687256,0
lsa-trimmed-mean-late20-seed42-20261004,19,1,conv2,sparsity,0.0,0
lsa-trimmed-mean-late20-seed42-20261004,19,1,conv2,skewness,2.145672089002171,0
lsa-trimmed-mean-late20-seed42-20261004,19,1,conv2,kurtosis,13.162555360681047,0
lsa-trimmed-mean-late20-seed42-20261004,19,1,fc1,mean,1.7732338741500642e-07,0
lsa-trimmed-mean-late20-seed42-20261004,19,1,fc1,std,0.00021524256265300406,0
lsa-trimmed-mean-late20-seed42-20261004,19,1,fc1,median,0.0,0
lsa-trimmed-mean-late20-seed42-20261004,19,1,fc1,min,-0.003222997300326824,0
lsa-trimmed-mean-late20-seed42-20261004,19,1,fc1,max,0.0029598064720630646,0
lsa-trimmed-mean-late20-seed42-20261004,19,1,fc1,l1,10.608529698751227,0
lsa-trimmed-mean-late20-seed42-20261004,19,1,fc1,l2,0.06820712755471786,0
lsa-trimmed-mean-late20-seed42-20261004,19,1,fc1,max_abs,0.003222997300326824,0
lsa-trimmed-mean-late20-seed42-20261004,19,1,fc1,sparsity,0.08459807202039515,0
lsa-trimmed-mean-late20-seed42-20261004,19,1,fc1,skewness,0.07302587877592917,0
lsa-trimmed-mean-late20-seed42-20261004,19,1,fc1,kurtosis,20.098891469141734,0
lsa-trimmed-mean-late20-seed42-20261004,19,1,output,mean,4.647210097083679e-10,0
lsa-trimmed-mean-late20-seed42-20261004,19,1,output,std,0.0012902823727701336,0
lsa-trimmed-mean-late20-seed42-20261004,19,1,output,median,-7.636845111846924e-08,0
lsa-trimmed-mean-late20-seed42-20261004,19,1,output,min,-0.003893911838531494,0
lsa-trimmed-mean-late20-seed42-20261004,19,1,output,max,0.005766570568084717,0
lsa-trimmed-mean-late20-seed42-20261004,19,1,output,l1,0.5819791074900422,0
lsa-trimmed-mean-late20-seed42-20261004,19,1,output,l2,0.032895874984000685,0
lsa-trimmed-mean-late20-seed42-20261004,19,1,output,max_abs,0.005766570568084717,0
lsa-trimmed-mean-late20-seed42-20261004,19,1,output,sparsity,0.06769230769230769,0
lsa-trimmed-mean-late20-seed42-20261004,19,1,output,skewness,0.7025448645520308,0
lsa-trimmed-mean-late20-seed42-20261004,19,1,output,kurtosis,1.7931871053542334,0
lsa-trimmed-mean-late20-seed42-20261004,19,2,conv1,mean,0.0007085667486535386,0
lsa-trimmed-mean-late20-seed42-20261004,19,2,conv1,std,0.0012507813795026874,0
lsa-trimmed-mean-late20-seed42-20261004,19,2,conv1,median,0.0001565888524055481,0
lsa-trimmed-mean-late20-seed42-20261004,19,2,conv1,min,-0.0005781874060630798,0
lsa-trimmed-mean-late20-seed42-20261004,19,2,conv1,max,0.0047317445278167725,0
lsa-trimmed-mean-late20-seed42-20261004,19,2,conv1,l1,0.13412433909252286,0
lsa-trimmed-mean-late20-seed42-20261004,19,2,conv1,l2,0.01818360094858262,0
lsa-trimmed-mean-late20-seed42-20261004,19,2,conv1,max_abs,0.0047317445278167725,0
lsa-trimmed-mean-late20-seed42-20261004,19,2,conv1,sparsity,0.0,0
lsa-trimmed-mean-late20-seed42-20261004,19,2,conv1,skewness,1.6280066609154353,0
lsa-trimmed-mean-late20-seed42-20261004,19,2,conv1,kurtosis,1.7893018900050484,0
lsa-trimmed-mean-late20-seed42-20261004,19,2,conv2,mean,4.085797252330316e-05,0
lsa-trimmed-mean-late20-seed42-20261004,19,2,conv2,std,0.00036665581712379004,0
lsa-trimmed-mean-late20-seed42-20261004,19,2,conv2,median,5.963025614619255e-06,0
lsa-trimmed-mean-late20-seed42-20261004,19,2,conv2,min,-0.0026852041482925415,0
lsa-trimmed-mean-late20-seed42-20261004,19,2,conv2,max,0.0032226890325546265,0
lsa-trimmed-mean-late20-seed42-20261004,19,2,conv2,l1,0.8804777585573902,0
lsa-trimmed-mean-late20-seed42-20261004,19,2,conv2,l2,0.025130284526311105,0
lsa-trimmed-mean-late20-seed42-20261004,19,2,conv2,max_abs,0.0032226890325546265,0
lsa-trimmed-mean-late20-seed42-20261004,19,2,conv2,sparsity,0.0,0
lsa-trimmed-mean-late20-seed42-20261004,19,2,conv2,skewness,0.9356783360337505,0
lsa-trimmed-mean-late20-seed42-20261004,19,2,conv2,kurtosis,14.681140273079478,0
lsa-trimmed-mean-late20-seed42-20261004,19,2,fc1,mean,3.9266570177187865e-06,0
lsa-trimmed-mean-late20-seed42-20261004,19,2,fc1,std,0.00029339210068574047,0
lsa-trimmed-mean-late20-seed42-20261004,19,2,fc1,median,0.0,0
lsa-trimmed-mean-late20-seed42-20261004,19,2,fc1,min,-0.005737178027629852,0
lsa-trimmed-mean-late20-seed42-20261004,19,2,fc1,max,0.005030125379562378,0
lsa-trimmed-mean-late20-seed42-20261004,19,2,fc1,l1,13.560355744120898,0
lsa-trimmed-mean-late20-seed42-20261004,19,2,fc1,l2,0.09297983429141385,0
lsa-trimmed-mean-late20-seed42-20261004,19,2,fc1,max_abs,0.005737178027629852,0
lsa-trimmed-mean-late20-seed42-20261004,19,2,fc1,sparsity,0.09287364563416188,0
lsa-trimmed-mean-late20-seed42-20261004,19,2,fc1,skewness,-0.3727682790407823,0
lsa-trimmed-mean-late20-seed42-20261004,19,2,fc1,kurtosis,27.573559430304954,0
lsa-trimmed-mean-late20-seed42-20261004,19,2,output,mean,-2.5432270306807297e-11,0
lsa-trimmed-mean-late20-seed42-20261004,19,2,output,std,0.001706550652768087,0
lsa-trimmed-mean-late20-seed42-20261004,19,2,output,median,-1.7862766981124878e-06,0
lsa-trimmed-mean-late20-seed42-20261004,19,2,output,min,-0.00527818500995636,0
lsa-trimmed-mean-late20-seed42-20261004,19,2,output,max,0.008250370621681213,0
lsa-trimmed-mean-late20-seed42-20261004,19,2,output,l1,0.7632505665533245,0
lsa-trimmed-mean-late20-seed42-20261004,19,2,output,l2,0.043508675396994906,0
lsa-trimmed-mean-late20-seed42-20261004,19,2,output,max_abs,0.008250370621681213,0
lsa-trimmed-mean-late20-seed42-20261004,19,2,output,sparsity,0.07692307692307693,0
lsa-trimmed-mean-late20-seed42-20261004,19,2,output,skewness,0.9018646610478728,0
lsa-trimmed-mean-late20-seed42-20261004,19,2,output,kurtosis,2.136305842263882,0
lsa-trimmed-mean-late20-seed42-20261004,19,3,conv1,mean,0.0008165547136741224,0
lsa-trimmed-mean-late20-seed42-20261004,19,3,conv1,std,0.0013103601781695273,0
lsa-trimmed-mean-late20-seed42-20261004,19,3,conv1,median,0.0001556873321533203,0
lsa-trimmed-mean-late20-seed42-20261004,19,3,conv1,min,-0.0004992038011550903,0
lsa-trimmed-mean-late20-seed42-20261004,19,3,conv1,max,0.005075901746749878,0
lsa-trimmed-mean-late20-seed42-20261004,19,3,conv1,l1,0.1442416658392176,0
lsa-trimmed-mean-late20-seed42-20261004,19,3,conv1,l2,0.0195296918437784,0
lsa-trimmed-mean-late20-seed42-20261004,19,3,conv1,max_abs,0.005075901746749878,0
lsa-trimmed-mean-late20-seed42-20261004,19,3,conv1,sparsity,0.0,0
lsa-trimmed-mean-late20-seed42-20261004,19,3,conv1,skewness,1.5791250581222371,0
lsa-trimmed-mean-late20-seed42-20261004,19,3,conv1,kurtosis,1.5664779958908586,0
lsa-trimmed-mean-late20-seed42-20261004,19,3,conv2,mean,6.29303034539307e-05,0
lsa-trimmed-mean-late20-seed42-20261004,19,3,conv2,std,0.0003699373201977968,0
lsa-trimmed-mean-late20-seed42-20261004,19,3,conv2,median,6.185844540596008e-06,0
lsa-trimmed-mean-late20-seed42-20261004,19,3,conv2,min,-0.002555467188358307,0
lsa-trimmed-mean-late20-seed42-20261004,19,3,conv2,max,0.0030889958143234253,0
lsa-trimmed-mean-late20-seed42-20261004,19,3,conv2,l1,0.884049061100086,0
lsa-trimmed-mean-late20-seed42-20261004,19,3,conv2,l2,0.025561225244717833,0
lsa-trimmed-mean-late20-seed42-20261004,19,3,conv2,max_abs,0.0030889958143234253,0
lsa-trimmed-mean-late20-seed42-20261004,19,3,conv2,sparsity,0.0,0
lsa-trimmed-mean-late20-seed42-20261004,19,3,conv2,skewness,1.5155719160292525,0
lsa-trimmed-mean-late20-seed42-20261004,19,3,conv2,kurtosis,12.666774068231796,0
lsa-trimmed-mean-late20-seed42-20261004,19,3,fc1,mean,-6.525565979213413e-06,0
lsa-trimmed-mean-late20-seed42-20261004,19,3,fc1,std,0.00023934521117744664,0
lsa-trimmed-mean-late20-seed42-20261004,19,3,fc1,median,0.0,0
lsa-trimmed-mean-late20-seed42-20261004,19,3,fc1,min,-0.004576306790113449,0
lsa-trimmed-mean-late20-seed42-20261004,19,3,fc1,max,0.004084235988557339,0
lsa-trimmed-mean-late20-seed42-20261004,19,3,fc1,l1,11.089427271415843,0
lsa-trimmed-mean-late20-seed42-20261004,19,3,fc1,l2,0.0758730522461864,0
lsa-trimmed-mean-late20-seed42-20261004,19,3,fc1,max_abs,0.004576306790113449,0
lsa-trimmed-mean-late20-seed42-20261004,19,3,fc1,sparsity,0.10399737093690249,0
lsa-trimmed-mean-late20-seed42-20261004,19,3,fc1,skewness,-0.8816809639628347,0
lsa-trimmed-mean-late20-seed42-20261004,19,3,fc1,kurtosis,31.429499053016364,0
lsa-trimmed-mean-late20-seed42-20261004,19,3,output,mean,1.6441425451865563e-10,0
lsa-trimmed-mean-late20-seed42-20261004,19,3,output,std,0.0014231324992119618,0
lsa-trimmed-mean-late20-seed42-20261004,19,3,output,median,0.0,0
lsa-trimmed-mean-late20-seed42-20261004,19,3,output,min,-0.006056204438209534,0
lsa-trimmed-mean-late20-seed42-20261004,19,3,output,max,0.004754071123898029,0
lsa-trimmed-mean-late20-seed42-20261004,19,3,output,l1,0.6406810060143471,0
lsa-trimmed-mean-late20-seed42-20261004,19,3,output,l2,0.036282901919549554,0
lsa-trimmed-mean-late20-seed42-20261004,19,3,output,max_abs,0.006056204438209534,0
lsa-trimmed-mean-late20-seed42-20261004,19,3,output,sparsity,0.0876923076923077,0
lsa-trimmed-mean-late20-seed42-20261004,19,3,output,skewness,-0.22872028211204104,0
lsa-trimmed-mean-late20-seed42-20261004,19,3,output,kurtosis,1.6417570024587995,0
lsa-trimmed-mean-late20-seed42-20261004,19,4,conv1,mean,0.0008935229459893889,0
lsa-trimmed-mean-late20-seed42-20261004,19,4,conv1,std,0.0014556117115761148,0
lsa-trimmed-mean-late20-seed42-20261004,19,4,conv1,median,0.0001703314483165741,0
lsa-trimmed-mean-late20-seed42-20261004,19,4,conv1,min,-0.0006126463413238525,0
lsa-trimmed-mean-late20-seed42-20261004,19,4,conv1,max,0.005828648805618286,0
lsa-trimmed-mean-late20-seed42-20261004,19,4,conv1,l1,0.15684468834660947,0
lsa-trimmed-mean-late20-seed42-20261004,19,4,conv1,l2,0.021604402180619035,0
lsa-trimmed-mean-late20-seed42-20261004,19,4,conv1,max_abs,0.005828648805618286,0
lsa-trimmed-mean-late20-seed42-20261004,19,4,conv1,sparsity,0.0,0
lsa-trimmed-mean-late20-seed42-20261004,19,4,conv1,skewness,1.5954683366769467,0
lsa-trimmed-mean-late20-seed42-20261004,19,4,conv1,kurtosis,1.5633232516779714,0
lsa-trimmed-mean-late20-seed42-20261004,19,4,conv2,mean,5.7883815771941136e-05,0
lsa-trimmed-mean-late20-seed42-20261004,19,4,conv2,std,0.00038838477326843244,0
lsa-trimmed-mean-late20-seed42-20261004,19,4,conv2,median,3.373250365257263e-06,0
lsa-trimmed-mean-late20-seed42-20261004,19,4,conv2,min,-0.002354167401790619,0
lsa-trimmed-mean-late20-seed42-20261004,19,4,conv2,max,0.004160076379776001,0
lsa-trimmed-mean-late20-seed42-20261004,19,4,conv2,l1,0.8909646028969291,0
lsa-trimmed-mean-late20-seed42-20261004,19,4,conv2,l2,0.026748023564570622,0
lsa-trimmed-mean-late20-seed42-20261004,19,4,conv2,max_abs,0.004160076379776001,0
lsa-trimmed-mean-late20-seed42-20261004,19,4,conv2,sparsity,0.0,0
lsa-trimmed-mean-late20-seed42-20261004,19,4,conv2,skewness,2.647945350003527,0
lsa-trimmed-mean-late20-seed42-20261004,19,4,conv2,kurtosis,19.86935935226795,0
lsa-trimmed-mean-late20-seed42-20261004,19,4,fc1,mean,4.700983639717621e-06,0
lsa-trimmed-mean-late20-seed42-20261004,19,4,fc1,std,0.0002677699602312641,0
lsa-trimmed-mean-late20-seed42-20261004,19,4,fc1,median,0.0,0
lsa-trimmed-mean-late20-seed42-20261004,19,4,fc1,min,-0.004447802901268005,0
lsa-trimmed-mean-late20-seed42-20261004,19,4,fc1,max,0.0046504586935043335,0
lsa-trimmed-mean-late20-seed42-20261004,19,4,fc1,l1,12.438077780610683,0
lsa-trimmed-mean-late20-seed42-20261004,19,4,fc1,l2,0.08486531559416206,0
lsa-trimmed-mean-late20-seed42-20261004,19,4,fc1,max_abs,0.0046504586935043335,0
lsa-trimmed-mean-late20-seed42-20261004,19,4,fc1,sparsity,0.10172681644359464,0
lsa-trimmed-mean-late20-seed42-20261004,19,4,fc1,skewness,0.3535941729663148,0
lsa-trimmed-mean-late20-seed42-20261004,19,4,fc1,kurtosis,29.542262782445718,0
lsa-trimmed-mean-late20-seed42-20261004,19,4,output,mean,-2.720984272085703e-10,0
lsa-trimmed-mean-late20-seed42-20261004,19,4,output,std,0.0016812747938705062,0
lsa-trimmed-mean-late20-seed42-20261004,19,4,output,median,0.0,0
lsa-trimmed-mean-late20-seed42-20261004,19,4,output,min,-0.00559215247631073,0
lsa-trimmed-mean-late20-seed42-20261004,19,4,output,max,0.005359619855880737,0
lsa-trimmed-mean-late20-seed42-20261004,19,4,output,l1,0.7907109576335642,0
lsa-trimmed-mean-late20-seed42-20261004,19,4,output,l2,0.042864264908287555,0
lsa-trimmed-mean-late20-seed42-20261004,19,4,output,max_abs,0.00559215247631073,0
lsa-trimmed-mean-late20-seed42-20261004,19,4,output,sparsity,0.08,0
lsa-trimmed-mean-late20-seed42-20261004,19,4,output,skewness,0.14919052075363498,0
lsa-trimmed-mean-late20-seed42-20261004,19,4,output,kurtosis,0.7803359587736409,0
lsa-trimmed-mean-late20-seed42-20261004,20,0,conv1,mean,0.0007381007686490193,1
lsa-trimmed-mean-late20-seed42-20261004,20,0,conv1,std,0.0012156588763300577,1
lsa-trimmed-mean-late20-seed42-20261004,20,0,conv1,median,0.0001357942819595337,1
lsa-trimmed-mean-late20-seed42-20261004,20,0,conv1,min,-0.00042976438999176025,1
lsa-trimmed-mean-late20-seed42-20261004,20,0,conv1,max,0.004851579666137695,1
lsa-trimmed-mean-late20-seed42-20261004,20,0,conv1,l1,0.13227454433217645,1
lsa-trimmed-mean-late20-seed42-20261004,20,0,conv1,l2,0.017989415769414333,1
lsa-trimmed-mean-late20-seed42-20261004,20,0,conv1,max_abs,0.004851579666137695,1
lsa-trimmed-mean-late20-seed42-20261004,20,0,conv1,sparsity,0.0,1
lsa-trimmed-mean-late20-seed42-20261004,20,0,conv1,skewness,1.5911240221413234,1
lsa-trimmed-mean-late20-seed42-20261004,20,0,conv1,kurtosis,1.5985988932252981,1
lsa-trimmed-mean-late20-seed42-20261004,20,0,conv2,mean,5.339806128074934e-05,1
lsa-trimmed-mean-late20-seed42-20261004,20,0,conv2,std,0.0003201103721942207,1
lsa-trimmed-mean-late20-seed42-20261004,20,0,conv2,median,7.553026080131531e-06,1
lsa-trimmed-mean-late20-seed42-20261004,20,0,conv2,min,-0.002226822078227997,1
lsa-trimmed-mean-late20-seed42-20261004,20,0,conv2,max,0.0026618242263793945,1
lsa-trimmed-mean-late20-seed42-20261004,20,0,conv2,l1,0.7558236903878424,1
lsa-trimmed-mean-late20-seed42-20261004,20,0,conv2,l2,0.02210642656500083,1
lsa-trimmed-mean-late20-seed42-20261004,20,0,conv2,max_abs,0.0026618242263793945,1
lsa-trimmed-mean-late20-seed42-20261004,20,0,conv2,sparsity,0.00021551724137931034,1
lsa-trimmed-mean-late20-seed42-20261004,20,0,conv2,skewness,1.5789553581877196,1
lsa-trimmed-mean-late20-seed42-20261004,20,0,conv2,kurtosis,14.224549016481419,1
lsa-trimmed-mean-late20-seed42-20261004,20,0,fc1,mean,-0.0001400850835319096,1
lsa-trimmed-mean-late20-seed42-20261004,20,0,fc1,std,0.001008059683353927,1
lsa-trimmed-mean-late20-seed42-20261004,20,0,fc1,median,-7.011927664279938e-06,1
lsa-trimmed-mean-late20-seed42-20261004,20,0,fc1,min,-0.020727120339870453,1
lsa-trimmed-mean-late20-seed42-20261004,20,0,fc1,max,0.014969032257795334,1
lsa-trimmed-mean-late20-seed42-20261004,20,0,fc1,l1,40.81555985616728,1
lsa-trimmed-mean-late20-seed42-20261004,20,0,fc1,l2,0.3225084677586034,1
lsa-trimmed-mean-late20-seed42-20261004,20,0,fc1,max_abs,0.020727120339870453,1
lsa-trimmed-mean-late20-seed42-20261004,20,0,fc1,sparsity,0.09120060548119821,1
lsa-trimmed-mean-late20-seed42-20261004,20,0,fc1,skewness,-2.0455085779761273,1
lsa-trimmed-mean-late20-seed42-20261004,20,0,fc1,kurtosis,46.959078824859766,1
lsa-trimmed-mean-late20-seed42-20261004,20,0,output,mean,-5.373014853550838e-13,1
lsa-trimmed-mean-late20-seed42-20261004,20,0,output,std,0.00602358155851647,1
lsa-trimmed-mean-late20-seed42-20261004,20,0,output,median,-0.00017242878675460815,1
lsa-trimmed-mean-late20-seed42-20261004,20,0,output,min,-0.013171955943107605,1
lsa-trimmed-mean-late20-seed42-20261004,20,0,output,max,0.05012074112892151,1
lsa-trimmed-mean-late20-seed42-20261004,20,0,output,l1,1.9096492821117863,1
lsa-trimmed-mean-late20-seed42-20261004,20,0,output,l2,0.1535717995429656,1
lsa-trimmed-mean-late20-seed42-20261004,20,0,output,max_abs,0.05012074112892151,1
lsa-trimmed-mean-late20-seed42-20261004,20,0,output,sparsity,0.07230769230769231,1
lsa-trimmed-mean-late20-seed42-20261004,20,0,output,skewness,3.4611828213798606,1
lsa-trimmed-mean-late20-seed42-20261004,20,0,output,kurtosis,17.13299995713363,1
lsa-trimmed-mean-late20-seed42-20261004,20,1,conv1,mean,0.0007692085862800013,0
lsa-trimmed-mean-late20-seed42-20261004,20,1,conv1,std,0.0012628817531421096,0
lsa-trimmed-mean-late20-seed42-20261004,20,1,conv1,median,0.00016866624355316162,0
lsa-trimmed-mean-late20-seed42-20261004,20,1,conv1,min,-0.0004909634590148926,0
lsa-trimmed-mean-late20-seed42-20261004,20,1,conv1,max,0.0051482319831848145,0
lsa-trimmed-mean-late20-seed42-20261004,20,1,conv1,l1,0.1382488525705412,0
lsa-trimmed-mean-late20-seed42-20261004,20,1,conv1,l2,0.018704233410118325,0
lsa-trimmed-mean-late20-seed42-20261004,20,1,conv1,max_abs,0.0051482319831848145,0
lsa-trimmed-mean-late20-seed42-20261004,20,1,conv1,sparsity,0.0,0
lsa-trimmed-mean-late20-seed42-20261004,20,1,conv1,skewness,1.5815784027050075,0
lsa-trimmed-mean-late20-seed42-20261004,20,1,conv1,kurtosis,1.5938479237607206,0
lsa-trimmed-mean-late20-seed42-20261004,20,1,conv2,mean,7.370548767398602e-05,0
lsa-trimmed-mean-late20-seed42-20261004,20,1,conv2,std,0.0003320318483178322,0
lsa-trimmed-mean-late20-seed42-20261004,20,1,conv2,median,1.531234011054039e-05,0
lsa-trimmed-mean-late20-seed42-20261004,20,1,conv2,min,-0.0018134266138076782,0
lsa-trimmed-mean-late20-seed42-20261004,20,1,conv2,max,0.0027432143688201904,0
lsa-trimmed-mean-late20-seed42-20261004,20,1,conv2,l1,0.8004157618670433,0
lsa-trimmed-mean-late20-seed42-20261004,20,1,conv2,l2,0.023167742295209914,0
lsa-trimmed-mean-late20-seed42-20261004,20,1,conv2,max_abs,0.0027432143688201904,0
lsa-trimmed-mean-late20-seed42-20261004,20,1,conv2,sparsity,0.0,0
lsa-trimmed-mean-late20-seed42-20261004,20,1,conv2,skewness,2.02436093964474,0
lsa-trimmed-mean-late20-seed42-20261004,20,1,conv2,kurtosis,13.158678683882314,0
lsa-trimmed-mean-late20-seed42-20261004,20,1,fc1,mean,1.6705982876383968e-06,0
lsa-trimmed-mean-late20-seed42-20261004,20,1,fc1,std,0.00021054528644912936,0
lsa-trimmed-mean-late20-seed42-20261004,20,1,fc1,median,0.0,0
lsa-trimmed-mean-late20-seed42-20261004,20,1,fc1,min,-0.0029674097895622253,0
lsa-trimmed-mean-late20-seed42-20261004,20,1,fc1,max,0.002843722701072693,0
lsa-trimmed-mean-late20-seed42-20261004,20,1,fc1,l1,10.390606272044835,0
lsa-trimmed-mean-late20-seed42-20261004,20,1,fc1,l2,0.06672070901611439,0
lsa-trimmed-mean-late20-seed42-20261004,20,1,fc1,max_abs,0.0029674097895622253,0
lsa-trimmed-mean-late20-seed42-20261004,20,1,fc1,sparsity,0.08378146908859146,0
lsa-trimmed-mean-late20-seed42-20261004,20,1,fc1,skewness,0.17854599580678485,0
lsa-trimmed-mean-late20-seed42-20261004,20,1,fc1,kurtosis,19.282154690541613,0
lsa-trimmed-mean-late20-seed42-20261004,20,1,output,mean,-6.532690559442226e-11,0
lsa-trimmed-mean-late20-seed42-20261004,20,1,output,std,0.0012682922031856138,0
lsa-trimmed-mean-late20-seed42-20261004,20,1,output,median,-4.6566128730773926e-08,0
lsa-trimmed-mean-late20-seed42-20261004,20,1,output,min,-0.0036631375551223755,0
lsa-trimmed-mean-late20-seed42-20261004,20,1,output,max,0.005590975284576416,0
lsa-trimmed-mean-late20-seed42-20261004,20,1,output,l1,0.5739594582410064,0
lsa-trimmed-mean-late20-seed42-20261004,20,1,output,l2,0.03233523346490519,0
lsa-trimmed-mean-late20-seed42-20261004,20,1,output,max_abs,0.005590975284576416,0
lsa-trimmed-mean-late20-seed42-20261004,20,1,output,sparsity,0.07230769230769231,0
lsa-trimmed-mean-late20-seed42-20261004,20,1,output,skewness,0.6772660434737366,0
lsa-trimmed-mean-late20-seed42-20261004,20,1,output,kurtosis,1.6640980882303609,0
lsa-trimmed-mean-late20-seed42-20261004,20,2,conv1,mean,0.0006278980465140194,0
lsa-trimmed-mean-late20-seed42-20261004,20,2,conv1,std,0.0011316327241558352,0
lsa-trimmed-mean-late20-seed42-20261004,20,2,conv1,median,0.00013295188546180725,0
lsa-trimmed-mean-late20-seed42-20261004,20,2,conv1,min,-0.0005778446793556213,0
lsa-trimmed-mean-late20-seed42-20261004,20,2,conv1,max,0.004302918910980225,0
lsa-trimmed-mean-late20-seed42-20261004,20,2,conv1,l1,0.12067280057817698,0
lsa-trimmed-mean-late20-seed42-20261004,20,2,conv1,l2,0.016369965567203753,0
lsa-trimmed-mean-late20-seed42-20261004,20,2,conv1,max_abs,0.004302918910980225,0
lsa-trimmed-mean-late20-seed42-20261004,20,2,conv1,sparsity,0.0,0
lsa-trimmed-mean-late20-seed42-20261004,20,2,conv1,skewness,1.6631467578540848,0
lsa-trimmed-mean-late20-seed42-20261004,20,2,conv1,kurtosis,1.9820573099410526,0
lsa-trimmed-mean-late20-seed42-20261004,20,2,conv2,mean,3.3123983147843635e-05,0
lsa-trimmed-mean-late20-seed42-20261004,20,2,conv2,std,0.0003405673670144853,0
lsa-trimmed-mean-late20-seed42-20261004,20,2,conv2,median,6.3516199588775635e-06,0
lsa-trimmed-mean-late20-seed42-20261004,20,2,conv2,min,-0.002560131251811981,0
lsa-trimmed-mean-late20-seed42-20261004,20,2,conv2,max,0.003048613667488098,0
lsa-trimmed-mean-late20-seed42-20261004,20,2,conv2,l1,0.8223745654831873,0
lsa-trimmed-mean-late20-seed42-20261004,20,2,conv2,l2,0.02330808121594903,0
lsa-trimmed-mean-late20-seed42-20261004,20,2,conv2,max_abs,0.003048613667488098,0
lsa-trimmed-mean-late20-seed42-20261004,20,2,conv2,sparsity,0.0,0
lsa-trimmed-mean-late20-seed42-20261004,20,2,conv2,skewness,0.5907302535832715,0
lsa-trimmed-mean-late20-seed42-20261004,20,2,conv2,kurtosis,14.44582648862935,0
lsa-trimmed-mean-late20-seed42-20261004,20,2,fc1,mean,3.0048388170760916e-06,0
lsa-trimmed-mean-late20-seed42-20261004,20,2,fc1,std,0.0002816172466234795,0
lsa-trimmed-mean-late20-seed42-20261004,20,2,fc1,median,0.0,0
lsa-trimmed-mean-late20-seed42-20261004,20,2,fc1,min,-0.005411408841609955,0
lsa-trimmed-mean-late20-seed42-20261004,20,2,fc1,max,0.004949241876602173,0
lsa-trimmed-mean-late20-seed42-20261004,20,2,fc1,l1,13.04580158289184,0
lsa-trimmed-mean-late20-seed42-20261004,20,2,fc1,l2,0.08924531507655684,0
lsa-trimmed-mean-late20-seed42-20261004,20,2,fc1,max_abs,0.005411408841609955,0
lsa-trimmed-mean-late20-seed42-20261004,20,2,fc1,sparsity,0.09332178138942002,0
lsa-trimmed-mean-late20-seed42-20261004,20,2,fc1,skewness,-0.40324524653155674,0
lsa-trimmed-mean-late20-seed42-20261004,20,2,fc1,kurtosis,27.5351146419277,0
lsa-trimmed-mean-late20-seed42-20261004,20,2,output,mean,-1.6790671417346367e-10,0
lsa-trimmed-mean-late20-seed42-20261004,20,2,output,std,0.0015925120604029842,0
lsa-trimmed-mean-late20-seed42-20261004,20,2,output,median,-1.695007085800171e-07,0
lsa-trimmed-mean-late20-seed42-20261004,20,2,output,min,-0.0048258304595947266,0
lsa-trimmed-mean-late20-seed42-20261004,20,2,output,max,0.00777888298034668,0
lsa-trimmed-mean-late20-seed42-20261004,20,2,output,l1,0.7138335354975425,0
lsa-trimmed-mean-late20-seed42-20261004,20,2,output,l2,0.04060125035813356,0
lsa-trimmed-mean-late20-seed42-20261004,20,2,output,max_abs,0.00777888298034668,0
lsa-trimmed-mean-late20-seed42-20261004,20,2,output,sparsity,0.07846153846153846,0
lsa-trimmed-mean-late20-seed42-20261004,20,2,output,skewness,0.897159843510937,0
lsa-trimmed-mean-late20-seed42-20261004,20,2,output,kurtosis,2.157568930804854,0
lsa-trimmed-mean-late20-seed42-20261004,20,3,conv1,mean,0.0007422869282891042,0
lsa-trimmed-mean-late20-seed42-20261004,20,3,conv1,std,0.0011916789662731189,0
lsa-trimmed-mean-late20-seed42-20261004,20,3,conv1,median,0.0001418665051460266,0
lsa-trimmed-mean-late20-seed42-20261004,20,3,conv1,min,-0.00047510117292404175,0
lsa-trimmed-mean-late20-seed42-20261004,20,3,conv1,max,0.004613697528839111,0
lsa-trimmed-mean-late20-seed42-20261004,20,3,conv1,l1,0.1318755780812353,0
lsa-trimmed-mean-late20-seed42-20261004,20,3,conv1,l2,0.017758777627152802,0
lsa-trimmed-mean-late20-seed42-20261004,20,3,conv1,max_abs,0.004613697528839111,0
lsa-trimmed-mean-late20-seed42-20261004,20,3,conv1,sparsity,0.0,0
lsa-trimmed-mean-late20-seed42-20261004,20,3,conv1,skewness,1.5891887037190957,0
lsa-trimmed-mean-late20-seed42-20261004,20,3,conv1,kurtosis,1.6492970892341088,0
lsa-trimmed-mean-late20-seed42-20261004,20,3,conv2,mean,5.687236797249515e-05,0
lsa-trimmed-mean-late20-seed42-20261004,20,3,conv2,std,0.0003447951341439545,0
lsa-trimmed-mean-late20-seed42-20261004,20,3,conv2,median,7.095746695995331e-06,0
lsa-trimmed-mean-late20-seed42-20261004,20,3,conv2,min,-0.002345755696296692,0
lsa-trimmed-mean-late20-seed42-20261004,20,3,conv2,max,0.002711281180381775,0
lsa-trimmed-mean-late20-seed42-20261004,20,3,conv2,l1,0.8288822196718684,0
lsa-trimmed-mean-late20-seed42-20261004,20,3,conv2,l2,0.023803953864099968,0
lsa-trimmed-mean-late20-seed42-20261004,20,3,conv2,max_abs,0.002711281180381775,0
lsa-trimmed-mean-late20-seed42-20261004,20,3,conv2,sparsity,0.0,0
lsa-trimmed-mean-late20-seed42-20261004,20,3,conv2,skewness,1.345050950198879,0
lsa-trimmed-mean-late20-seed42-20261004,20,3,conv2,kurtosis,12.309551613229644,0
lsa-trimmed-mean-late20-seed42-20261004,20,3,fc1,mean,-5.426923270834445e-06,0
lsa-trimmed-mean-late20-seed42-20261004,20,3,fc1,std,0.000229765358337057,0
lsa-trimmed-mean-late20-seed42-20261004,20,3,fc1,median,0.0,0
lsa-trimmed-mean-late20-seed42-20261004,20,3,fc1,min,-0.0042160796001553535,0
lsa-trimmed-mean-late20-seed42-20261004,20,3,fc1,max,0.0038039367645978928,0
lsa-trimmed-mean-late20-seed42-20261004,20,3,fc1,l1,10.66834606727491,0
lsa-trimmed-mean-late20-seed42-20261004,20,3,fc1,l2,0.07282946459017639,0
lsa-trimmed-mean-late20-seed42-20261004,20,3,fc1,max_abs,0.0042160796001553535,0
lsa-trimmed-mean-late20-seed42-20261004,20,3,fc1,sparsity,0.10395753664754621,0
lsa-trimmed-mean-late20-seed42-20261004,20,3,fc1,skewness,-0.7997745592456499,0
lsa-trimmed-mean-late20-seed42-20261004,20,3,fc1,kurtosis,30.807982841130254,0
lsa-trimmed-mean-late20-seed42-20261004,20,3,output,mean,1.201764322244204e-10,0
lsa-trimmed-mean-late20-seed42-20261004,20,3,output,std,0.0013557110114934142,0
lsa-trimmed-mean-late20-seed42-20261004,20,3,output,median,0.0,0
lsa-trimmed-mean-late20-seed42-20261004,20,3,output,min,-0.005947619676589966,0
lsa-trimmed-mean-late20-seed42-20261004,20,3,output,max,0.004940973594784737,0
lsa-trimmed-mean-late20-seed42-20261004,20,3,output,l1,0.6102047524182126,0
lsa-trimmed-mean-late20-seed42-20261004,20,3,output,l2,0.03456398451198779,0
lsa-trimmed-mean-late20-seed42-20261004,20,3,output,max_abs,0.005947619676589966,0
lsa-trimmed-mean-late20-seed42-20261004,20,3,output,sparsity,0.09230769230769231,0
lsa-trimmed-mean-late20-seed42-20261004,20,3,output,skewness,-0.26327359029813485,0
lsa-trimmed-mean-late20-seed42-20261004,20,3,output,kurtosis,1.870821149151661,0
lsa-trimmed-mean-late20-seed42-20261004,20,4,conv1,mean,0.0008130103480652906,0
lsa-trimmed-mean-late20-seed42-20261004,20,4,conv1,std,0.0013270501139009577,0
lsa-trimmed-mean-late20-seed42-20261004,20,4,conv1,median,0.00016094371676445007,0
lsa-trimmed-mean-late20-seed42-20261004,20,4,conv1,min,-0.0005824118852615356,0
lsa-trimmed-mean-late20-seed42-20261004,20,4,conv1,max,0.005341470241546631,0
lsa-trimmed-mean-late20-seed42-20261004,20,4,conv1,l1,0.1433893709909171,0
lsa-trimmed-mean-late20-seed42-20261004,20,4,conv1,l2,0.01968572205783995,0
lsa-trimmed-mean-late20-seed42-20261004,20,4,conv1,max_abs,0.005341470241546631,0
lsa-trimmed-mean-late20-seed42-20261004,20,4,conv1,sparsity,0.0,0
lsa-trimmed-mean-late20-seed42-20261004,20,4,conv1,skewness,1.6107652632557972,0
lsa-trimmed-mean-late20-seed42-20261004,20,4,conv1,kurtosis,1.6491663531539933,0
lsa-trimmed-mean-late20-seed42-20261004,20,4,conv2,mean,4.989029986055702e-05,0
lsa-trimmed-mean-late20-seed42-20261004,20,4,conv2,std,0.00036020642329790623,0
lsa-trimmed-mean-late20-seed42-20261004,20,4,conv2,median,2.1345913410186768e-06,0
lsa-trimmed-mean-late20-seed42-20261004,20,4,conv2,min,-0.0022432133555412292,0
lsa-trimmed-mean-late20-seed42-20261004,20,4,conv2,max,0.0036986470222473145,0
lsa-trimmed-mean-late20-seed42-20261004,20,4,conv2,l1,0.8351555560930137,0
lsa-trimmed-mean-late20-seed42-20261004,20,4,conv2,l2,0.024770607009929023,0
lsa-trimmed-mean-late20-seed42-20261004,20,4,conv2,max_abs,0.0036986470222473145,0
lsa-trimmed-mean-late20-seed42-20261004,20,4,conv2,sparsity,0.0,0
lsa-trimmed-mean-late20-seed42-20261004,20,4,conv2,skewness,2.4773260763824787,0
lsa-trimmed-mean-late20-seed42-20261004,20,4,conv2,kurtosis,18.730499922664105,0
lsa-trimmed-mean-late20-seed42-20261004,20,4,fc1,mean,6.0622230487060264e-06,0
lsa-trimmed-mean-late20-seed42-20261004,20,4,fc1,std,0.0002603484459336828,0
lsa-trimmed-mean-late20-seed42-20261004,20,4,fc1,median,0.0,0
lsa-trimmed-mean-late20-seed42-20261004,20,4,fc1,min,-0.004309935495257378,0
lsa-trimmed-mean-late20-seed42-20261004,20,4,fc1,max,0.004714047536253929,0
lsa-trimmed-mean-late20-seed42-20261004,20,4,fc1,l1,12.08785694074777,0
lsa-trimmed-mean-late20-seed42-20261004,20,4,fc1,l2,0.08252283744151388,0
lsa-trimmed-mean-late20-seed42-20261004,20,4,fc1,max_abs,0.004714047536253929,0
lsa-trimmed-mean-late20-seed42-20261004,20,4,fc1,sparsity,0.102065407903123,0
lsa-trimmed-mean-late20-seed42-20261004,20,4,fc1,skewness,0.4674702315866458,0
lsa-trimmed-mean-late20-seed42-20261004,20,4,fc1,kurtosis,29.839047502748926,0
lsa-trimmed-mean-late20-seed42-20261004,20,4,output,mean,5.460326344921038e-10,0
lsa-trimmed-mean-late20-seed42-20261004,20,4,output,std,0.001595897490932522,0
lsa-trimmed-mean-late20-seed42-20261004,20,4,output,median,0.0,0
lsa-trimmed-mean-late20-seed42-20261004,20,4,output,min,-0.005437575280666351,0
lsa-trimmed-mean-late20-seed42-20261004,20,4,output,max,0.005142404697835445,0
lsa-trimmed-mean-late20-seed42-20261004,20,4,output,l1,0.7523252953833435,0
lsa-trimmed-mean-late20-seed42-20261004,20,4,output,l2,0.04068756223979585,0
lsa-trimmed-mean-late20-seed42-20261004,20,4,output,max_abs,0.005437575280666351,0
lsa-trimmed-mean-late20-seed42-20261004,20,4,output,sparsity,0.08153846153846153,0
lsa-trimmed-mean-late20-seed42-20261004,20,4,output,skewness,0.12573900653124082,0
lsa-trimmed-mean-late20-seed42-20261004,20,4,output,kurtosis,0.8036478161195815,0
