experiment_id,round,client_id,layer_name,feature_name,feature_value,ground_truth
fedavg-mnist-dirichlet-a01-20-20261004,1,0,conv1,mean,0.0001908821499455371,0
fedavg-mnist-dirichlet-a01-20-20261004,1,0,conv1,std,0.0006977538336888005,0
fedavg-mnist-dirichlet-a01-20-20261004,1,0,conv1,median,-6.537884473800659e-07,0
fedavg-mnist-dirichlet-a01-20-20261004,1,0,conv1,min,-0.0009424388408660889,0
fedavg-mnist-dirichlet-a01-20-20261004,1,0,conv1,max,0.0024145692586898804,0
fedavg-mnist-dirichlet-a01-20-20261004,1,0,conv1,l1,0.07720749112195335,0
fedavg-mnist-dirichlet-a01-20-20261004,1,0,conv1,l2,0.009150269133486719,0
fedavg-mnist-dirichlet-a01-20-20261004,1,0,conv1,max_abs,0.0024145692586898804,0
fedavg-mnist-dirichlet-a01-20-20261004,1,0,conv1,sparsity,0.0,0
fedavg-mnist-dirichlet-a01-20-20261004,1,0,conv1,skewness,1.2995764711844904,0
fedavg-mnist-dirichlet-a01-20-20261004,1,0,conv1,kurtosis,1.232506428065757,0
fedavg-mnist-dirichlet-a01-20-20261004,1,0,conv2,mean,0.00022574989658519841,0
fedavg-mnist-dirichlet-a01-20-20261004,1,0,conv2,std,0.0004989053211865963,0
fedavg-mnist-dirichlet-a01-20-20261004,1,0,conv2,median,9.085610508918762e-05,0
fedavg-mnist-dirichlet-a01-20-20261004,1,0,conv2,min,-0.0018401644192636013,0
fedavg-mnist-dirichlet-a01-20-20261004,1,0,conv2,max,0.0034577250480651855,0
fedavg-mnist-dirichlet-a01-20-20261004,1,0,conv2,l1,1.5663294206569844,0
fedavg-mnist-dirichlet-a01-20-20261004,1,0,conv2,l2,0.03730140270644916,0
fedavg-mnist-dirichlet-a01-20-20261004,1,0,conv2,max_abs,0.0034577250480651855,0
fedavg-mnist-dirichlet-a01-20-20261004,1,0,conv2,sparsity,0.0004310344827586207,0
fedavg-mnist-dirichlet-a01-20-20261004,1,0,conv2,skewness,1.3815066186856257,0
fedavg-mnist-dirichlet-a01-20-20261004,1,0,conv2,kurtosis,4.816542233105994,0
fedavg-mnist-dirichlet-a01-20-20261004,1,0,fc1,mean,6.379798199015878e-05,0
fedavg-mnist-dirichlet-a01-20-20261004,1,0,fc1,std,0.0004530932537637555,0
fedavg-mnist-dirichlet-a01-20-20261004,1,0,fc1,median,0.0,0
fedavg-mnist-dirichlet-a01-20-20261004,1,0,fc1,min,-0.004099057987332344,0
fedavg-mnist-dirichlet-a01-20-20261004,1,0,fc1,max,0.008385812863707542,0
fedavg-mnist-dirichlet-a01-20-20261004,1,0,fc1,l1,21.946076710487887,0
fedavg-mnist-dirichlet-a01-20-20261004,1,0,fc1,l2,0.1449947005987979,0
fedavg-mnist-dirichlet-a01-20-20261004,1,0,fc1,max_abs,0.008385812863707542,0
fedavg-mnist-dirichlet-a01-20-20261004,1,0,fc1,sparsity,0.08904955385595921,0
fedavg-mnist-dirichlet-a01-20-20261004,1,0,fc1,skewness,3.038690092041939,0
fedavg-mnist-dirichlet-a01-20-20261004,1,0,fc1,kurtosis,28.61722894966901,0
fedavg-mnist-dirichlet-a01-20-20261004,1,0,output,mean,1.8971219945412417e-10,0
fedavg-mnist-dirichlet-a01-20-20261004,1,0,output,std,0.0025367654215840444,0
fedavg-mnist-dirichlet-a01-20-20261004,1,0,output,median,-0.00014622043818235397,0
fedavg-mnist-dirichlet-a01-20-20261004,1,0,output,min,-0.007964663207530975,0
fedavg-mnist-dirichlet-a01-20-20261004,1,0,output,max,0.028559613972902298,0
fedavg-mnist-dirichlet-a01-20-20261004,1,0,output,l1,0.7439760846027639,0
fedavg-mnist-dirichlet-a01-20-20261004,1,0,output,l2,0.06467508193032252,0
fedavg-mnist-dirichlet-a01-20-20261004,1,0,output,max_abs,0.028559613972902298,0
fedavg-mnist-dirichlet-a01-20-20261004,1,0,output,sparsity,0.015384615384615385,0
fedavg-mnist-dirichlet-a01-20-20261004,1,0,output,skewness,4.735820125344604,0
fedavg-mnist-dirichlet-a01-20-20261004,1,0,output,kurtosis,41.7125315538481,0
fedavg-mnist-dirichlet-a01-20-20261004,1,1,conv1,mean,0.0008162720369000454,0
fedavg-mnist-dirichlet-a01-20-20261004,1,1,conv1,std,0.00217091557070497,0
fedavg-mnist-dirichlet-a01-20-20261004,1,1,conv1,median,0.0001612827181816101,0
fedavg-mnist-dirichlet-a01-20-20261004,1,1,conv1,min,-0.002451390027999878,0
fedavg-mnist-dirichlet-a01-20-20261004,1,1,conv1,max,0.008031696081161499,0
fedavg-mnist-dirichlet-a01-20-20261004,1,1,conv1,l1,0.23408607870806009,0
fedavg-mnist-dirichlet-a01-20-20261004,1,1,conv1,l2,0.029337142201255353,0
fedavg-mnist-dirichlet-a01-20-20261004,1,1,conv1,max_abs,0.008031696081161499,0
fedavg-mnist-dirichlet-a01-20-20261004,1,1,conv1,sparsity,0.0,0
fedavg-mnist-dirichlet-a01-20-20261004,1,1,conv1,skewness,1.550155976447578,0
fedavg-mnist-dirichlet-a01-20-20261004,1,1,conv1,kurtosis,2.0549179127146804,0
fedavg-mnist-dirichlet-a01-20-20261004,1,1,conv2,mean,0.0004461793236236315,0
fedavg-mnist-dirichlet-a01-20-20261004,1,1,conv2,std,0.001195555185903641,0
fedavg-mnist-dirichlet-a01-20-20261004,1,1,conv2,median,0.00014024320989847183,0
fedavg-mnist-dirichlet-a01-20-20261004,1,1,conv2,min,-0.003666060045361519,0
fedavg-mnist-dirichlet-a01-20-20261004,1,1,conv2,max,0.011413954198360443,0
fedavg-mnist-dirichlet-a01-20-20261004,1,1,conv2,l1,3.24018014615649,0
fedavg-mnist-dirichlet-a01-20-20261004,1,1,conv2,l2,0.08692471919976698,0
fedavg-mnist-dirichlet-a01-20-20261004,1,1,conv2,max_abs,0.011413954198360443,0
fedavg-mnist-dirichlet-a01-20-20261004,1,1,conv2,sparsity,0.00021551724137931034,0
fedavg-mnist-dirichlet-a01-20-20261004,1,1,conv2,skewness,2.9994442506213073,0
fedavg-mnist-dirichlet-a01-20-20261004,1,1,conv2,kurtosis,16.775360753679337,0
fedavg-mnist-dirichlet-a01-20-20261004,1,1,fc1,mean,0.00010411068051476954,0
fedavg-mnist-dirichlet-a01-20-20261004,1,1,fc1,std,0.000683511787855452,0
fedavg-mnist-dirichlet-a01-20-20261004,1,1,fc1,median,0.0,0
fedavg-mnist-dirichlet-a01-20-20261004,1,1,fc1,min,-0.007393966428935528,0
fedavg-mnist-dirichlet-a01-20-20261004,1,1,fc1,max,0.01519215852022171,0
fedavg-mnist-dirichlet-a01-20-20261004,1,1,fc1,l1,28.071825715095997,0
fedavg-mnist-dirichlet-a01-20-20261004,1,1,fc1,l2,0.21909267260910684,0
fedavg-mnist-dirichlet-a01-20-20261004,1,1,fc1,max_abs,0.01519215852022171,0
fedavg-mnist-dirichlet-a01-20-20261004,1,1,fc1,sparsity,0.09659815168897387,0
fedavg-mnist-dirichlet-a01-20-20261004,1,1,fc1,skewness,4.734962739140287,0
fedavg-mnist-dirichlet-a01-20-20261004,1,1,fc1,kurtosis,53.66399404187632,0
fedavg-mnist-dirichlet-a01-20-20261004,1,1,output,mean,1.4395202295138286e-10,0
fedavg-mnist-dirichlet-a01-20-20261004,1,1,output,std,0.003857101281291907,0
fedavg-mnist-dirichlet-a01-20-20261004,1,1,output,median,-8.526258170604706e-05,0
fedavg-mnist-dirichlet-a01-20-20261004,1,1,output,min,-0.016338564455509186,0
fedavg-mnist-dirichlet-a01-20-20261004,1,1,output,max,0.041647013276815414,0
fedavg-mnist-dirichlet-a01-20-20261004,1,1,output,l1,1.2603032389015425,0
fedavg-mnist-dirichlet-a01-20-20261004,1,1,output,l2,0.0983371734960559,0
fedavg-mnist-dirichlet-a01-20-20261004,1,1,output,max_abs,0.041647013276815414,0
fedavg-mnist-dirichlet-a01-20-20261004,1,1,output,sparsity,0.03076923076923077,0
fedavg-mnist-dirichlet-a01-20-20261004,1,1,output,skewness,3.0232007852790166,0
fedavg-mnist-dirichlet-a01-20-20261004,1,1,output,kurtosis,26.72542080251303,0
fedavg-mnist-dirichlet-a01-20-20261004,1,2,conv1,mean,0.0008884009424946271,0
fedavg-mnist-dirichlet-a01-20-20261004,1,2,conv1,std,0.0021370372058695567,0
fedavg-mnist-dirichlet-a01-20-20261004,1,2,conv1,median,0.0001899413764476776,0
fedavg-mnist-dirichlet-a01-20-20261004,1,2,conv1,min,-0.0034889280796051025,0
fedavg-mnist-dirichlet-a01-20-20261004,1,2,conv1,max,0.007078059017658234,0
fedavg-mnist-dirichlet-a01-20-20261004,1,2,conv1,l1,0.24822075688280165,0
fedavg-mnist-dirichlet-a01-20-20261004,1,2,conv1,l2,0.029274382668527384,0
fedavg-mnist-dirichlet-a01-20-20261004,1,2,conv1,max_abs,0.007078059017658234,0
fedavg-mnist-dirichlet-a01-20-20261004,1,2,conv1,sparsity,0.0,0
fedavg-mnist-dirichlet-a01-20-20261004,1,2,conv1,skewness,0.8907144510705789,0
fedavg-mnist-dirichlet-a01-20-20261004,1,2,conv1,kurtosis,0.49300619739147855,0
fedavg-mnist-dirichlet-a01-20-20261004,1,2,conv2,mean,0.0005954243481859333,0
fedavg-mnist-dirichlet-a01-20-20261004,1,2,conv2,std,0.0012421941725611685,0
fedavg-mnist-dirichlet-a01-20-20261004,1,2,conv2,median,0.00016066059470176697,0
fedavg-mnist-dirichlet-a01-20-20261004,1,2,conv2,min,-0.002610577503219247,0
fedavg-mnist-dirichlet-a01-20-20261004,1,2,conv2,max,0.010596700012683868,0
fedavg-mnist-dirichlet-a01-20-20261004,1,2,conv2,l1,3.494673083514499,0
fedavg-mnist-dirichlet-a01-20-20261004,1,2,conv2,l2,0.09383365621009937,0
fedavg-mnist-dirichlet-a01-20-20261004,1,2,conv2,max_abs,0.010596700012683868,0
fedavg-mnist-dirichlet-a01-20-20261004,1,2,conv2,sparsity,0.0008620689655172414,0
fedavg-mnist-dirichlet-a01-20-20261004,1,2,conv2,skewness,2.8031034361436573,0
fedavg-mnist-dirichlet-a01-20-20261004,1,2,conv2,kurtosis,11.783524969742428,0
fedavg-mnist-dirichlet-a01-20-20261004,1,2,fc1,mean,0.00014204802503803095,0
fedavg-mnist-dirichlet-a01-20-20261004,1,2,fc1,std,0.0007287504277495961,0
fedavg-mnist-dirichlet-a01-20-20261004,1,2,fc1,median,0.0,0
fedavg-mnist-dirichlet-a01-20-20261004,1,2,fc1,min,-0.005838505923748016,0
fedavg-mnist-dirichlet-a01-20-20261004,1,2,fc1,max,0.014638975262641907,0
fedavg-mnist-dirichlet-a01-20-20261004,1,2,fc1,l1,32.33143775454357,0
fedavg-mnist-dirichlet-a01-20-20261004,1,2,fc1,l2,0.23527601820930494,0
fedavg-mnist-dirichlet-a01-20-20261004,1,2,fc1,max_abs,0.014638975262641907,0
fedavg-mnist-dirichlet-a01-20-20261004,1,2,fc1,sparsity,0.11119741873804971,0
fedavg-mnist-dirichlet-a01-20-20261004,1,2,fc1,skewness,4.177758969394207,0
fedavg-mnist-dirichlet-a01-20-20261004,1,2,fc1,kurtosis,38.625893243705534,0
fedavg-mnist-dirichlet-a01-20-20261004,1,2,output,mean,6.120759420669996e-11,0
fedavg-mnist-dirichlet-a01-20-20261004,1,2,output,std,0.00432721344428549,0
fedavg-mnist-dirichlet-a01-20-20261004,1,2,output,median,-0.00014265303616411984,0
fedavg-mnist-dirichlet-a01-20-20261004,1,2,output,min,-0.012190904468297958,0
fedavg-mnist-dirichlet-a01-20-20261004,1,2,output,max,0.051848091185092926,0
fedavg-mnist-dirichlet-a01-20-20261004,1,2,output,l1,1.2053716527589131,0
fedavg-mnist-dirichlet-a01-20-20261004,1,2,output,l2,0.1103227289594638,0
fedavg-mnist-dirichlet-a01-20-20261004,1,2,output,max_abs,0.051848091185092926,0
fedavg-mnist-dirichlet-a01-20-20261004,1,2,output,sparsity,0.046153846153846156,0
fedavg-mnist-dirichlet-a01-20-20261004,1,2,output,skewness,4.797530436023448,0
fedavg-mnist-dirichlet-a01-20-20261004,1,2,output,kurtosis,40.411542665361,0
fedavg-mnist-dirichlet-a01-20-20261004,1,3,conv1,mean,0.002213191859482322,0
fedavg-mnist-dirichlet-a01-20-20261004,1,3,conv1,std,0.0041890414046403075,0
fedavg-mnist-dirichlet-a01-20-20261004,1,3,conv1,median,0.0006112195551395416,0
fedavg-mnist-dirichlet-a01-20-20261004,1,3,conv1,min,-0.003292083740234375,0
fedavg-mnist-dirichlet-a01-20-20261004,1,3,conv1,max,0.01247754693031311,0
fedavg-mnist-dirichlet-a01-20-20261004,1,3,conv1,l1,0.5076518857385963,0
fedavg-mnist-dirichlet-a01-20-20261004,1,3,conv1,l2,0.059928338667671624,0
fedavg-mnist-dirichlet-a01-20-20261004,1,3,conv1,max_abs,0.01247754693031311,0
fedavg-mnist-dirichlet-a01-20-20261004,1,3,conv1,sparsity,0.0,0
fedavg-mnist-dirichlet-a01-20-20261004,1,3,conv1,skewness,1.0045657331062006,0
fedavg-mnist-dirichlet-a01-20-20261004,1,3,conv1,kurtosis,-0.17430790164893528,0
fedavg-mnist-dirichlet-a01-20-20261004,1,3,conv2,mean,0.0012206772396674405,0
fedavg-mnist-dirichlet-a01-20-20261004,1,3,conv2,std,0.002080052524884749,0
fedavg-mnist-dirichlet-a01-20-20261004,1,3,conv2,median,0.0004618670791387558,0
fedavg-mnist-dirichlet-a01-20-20261004,1,3,conv2,min,-0.0021114349365234375,0
fedavg-mnist-dirichlet-a01-20-20261004,1,3,conv2,max,0.016043424606323242,0
fedavg-mnist-dirichlet-a01-20-20261004,1,3,conv2,l1,6.180991013839957,0
fedavg-mnist-dirichlet-a01-20-20261004,1,3,conv2,l2,0.16428437367536802,0
fedavg-mnist-dirichlet-a01-20-20261004,1,3,conv2,max_abs,0.016043424606323242,0
fedavg-mnist-dirichlet-a01-20-20261004,1,3,conv2,sparsity,0.0004310344827586207,0
fedavg-mnist-dirichlet-a01-20-20261004,1,3,conv2,skewness,2.770771512451013,0
fedavg-mnist-dirichlet-a01-20-20261004,1,3,conv2,kurtosis,9.938621542161954,0
fedavg-mnist-dirichlet-a01-20-20261004,1,3,fc1,mean,0.0002400215794273631,0
fedavg-mnist-dirichlet-a01-20-20261004,1,3,fc1,std,0.0009195113365375397,0
fedavg-mnist-dirichlet-a01-20-20261004,1,3,fc1,median,3.9301812648773193e-07,0
fedavg-mnist-dirichlet-a01-20-20261004,1,3,fc1,min,-0.006021825596690178,0
fedavg-mnist-dirichlet-a01-20-20261004,1,3,fc1,max,0.017416562885046005,0
fedavg-mnist-dirichlet-a01-20-20261004,1,3,fc1,l1,42.30279204258807,0
fedavg-mnist-dirichlet-a01-20-20261004,1,3,fc1,l2,0.3011425576485934,0
fedavg-mnist-dirichlet-a01-20-20261004,1,3,fc1,max_abs,0.017416562885046005,0
fedavg-mnist-dirichlet-a01-20-20261004,1,3,fc1,sparsity,0.06647347036328873,0
fedavg-mnist-dirichlet-a01-20-20261004,1,3,fc1,skewness,4.087541724183512,0
fedavg-mnist-dirichlet-a01-20-20261004,1,3,fc1,kurtosis,30.39432831137497,0
fedavg-mnist-dirichlet-a01-20-20261004,1,3,output,mean,-7.622964823475251e-10,0
fedavg-mnist-dirichlet-a01-20-20261004,1,3,output,std,0.005915262828054059,0
fedavg-mnist-dirichlet-a01-20-20261004,1,3,output,median,-7.600151002407074e-05,0
fedavg-mnist-dirichlet-a01-20-20261004,1,3,output,min,-0.023481912910938263,0
fedavg-mnist-dirichlet-a01-20-20261004,1,3,output,max,0.028402380645275116,0
fedavg-mnist-dirichlet-a01-20-20261004,1,3,output,l1,2.2196747630659956,0
fedavg-mnist-dirichlet-a01-20-20261004,1,3,output,l2,0.1508102029413897,0
fedavg-mnist-dirichlet-a01-20-20261004,1,3,output,max_abs,0.028402380645275116,0
fedavg-mnist-dirichlet-a01-20-20261004,1,3,output,sparsity,0.015384615384615385,0
fedavg-mnist-dirichlet-a01-20-20261004,1,3,output,skewness,0.8517670339376548,0
fedavg-mnist-dirichlet-a01-20-20261004,1,3,output,kurtosis,3.9565461932642236,0
fedavg-mnist-dirichlet-a01-20-20261004,1,4,conv1,mean,0.0005814850956085138,0
fedavg-mnist-dirichlet-a01-20-20261004,1,4,conv1,std,0.0011525454593363318,0
fedavg-mnist-dirichlet-a01-20-20261004,1,4,conv1,median,0.000284804031252861,0
fedavg-mnist-dirichlet-a01-20-20261004,1,4,conv1,min,-0.0011995136737823486,0
fedavg-mnist-dirichlet-a01-20-20261004,1,4,conv1,max,0.0037572085857391357,0
fedavg-mnist-dirichlet-a01-20-20261004,1,4,conv1,l1,0.1540071985218674,0
fedavg-mnist-dirichlet-a01-20-20261004,1,4,conv1,l2,0.01632904627834284,0
fedavg-mnist-dirichlet-a01-20-20261004,1,4,conv1,max_abs,0.0037572085857391357,0
fedavg-mnist-dirichlet-a01-20-20261004,1,4,conv1,sparsity,0.0,0
fedavg-mnist-dirichlet-a01-20-20261004,1,4,conv1,skewness,0.647743692111398,0
fedavg-mnist-dirichlet-a01-20-20261004,1,4,conv1,kurtosis,-0.4157087053491919,0
fedavg-mnist-dirichlet-a01-20-20261004,1,4,conv2,mean,0.00039443887461590655,0
fedavg-mnist-dirichlet-a01-20-20261004,1,4,conv2,std,0.0009268329329267721,0
fedavg-mnist-dirichlet-a01-20-20261004,1,4,conv2,median,0.00010628579184412956,0
fedavg-mnist-dirichlet-a01-20-20261004,1,4,conv2,min,-0.002888314425945282,0
fedavg-mnist-dirichlet-a01-20-20261004,1,4,conv2,max,0.00787491537630558,0
fedavg-mnist-dirichlet-a01-20-20261004,1,4,conv2,l1,2.62425997493483,0
fedavg-mnist-dirichlet-a01-20-20261004,1,4,conv2,l2,0.0686130460243371,0
fedavg-mnist-dirichlet-a01-20-20261004,1,4,conv2,max_abs,0.00787491537630558,0
fedavg-mnist-dirichlet-a01-20-20261004,1,4,conv2,sparsity,0.0004310344827586207,0
fedavg-mnist-dirichlet-a01-20-20261004,1,4,conv2,skewness,2.4457637534276584,0
fedavg-mnist-dirichlet-a01-20-20261004,1,4,conv2,kurtosis,10.877273828466619,0
fedavg-mnist-dirichlet-a01-20-20261004,1,4,fc1,mean,8.226539497198013e-05,0
fedavg-mnist-dirichlet-a01-20-20261004,1,4,fc1,std,0.0006283241508523153,0
fedavg-mnist-dirichlet-a01-20-20261004,1,4,fc1,median,0.0,0
fedavg-mnist-dirichlet-a01-20-20261004,1,4,fc1,min,-0.005515895783901215,0
fedavg-mnist-dirichlet-a01-20-20261004,1,4,fc1,max,0.014628913253545761,0
fedavg-mnist-dirichlet-a01-20-20261004,1,4,fc1,l1,28.359801456125552,0
fedavg-mnist-dirichlet-a01-20-20261004,1,4,fc1,l2,0.20080570671736309,0
fedavg-mnist-dirichlet-a01-20-20261004,1,4,fc1,max_abs,0.014628913253545761,0
fedavg-mnist-dirichlet-a01-20-20261004,1,4,fc1,sparsity,0.08813336520076481,0
fedavg-mnist-dirichlet-a01-20-20261004,1,4,fc1,skewness,3.8160219581144084,0
fedavg-mnist-dirichlet-a01-20-20261004,1,4,fc1,kurtosis,40.53451366945376,0
fedavg-mnist-dirichlet-a01-20-20261004,1,4,output,mean,-1.4220579312397883e-10,0
fedavg-mnist-dirichlet-a01-20-20261004,1,4,output,std,0.0033397300981617252,0
fedavg-mnist-dirichlet-a01-20-20261004,1,4,output,median,-8.697062730789185e-05,0
fedavg-mnist-dirichlet-a01-20-20261004,1,4,output,min,-0.011919625103473663,0
fedavg-mnist-dirichlet-a01-20-20261004,1,4,output,max,0.036110769957304,0
fedavg-mnist-dirichlet-a01-20-20261004,1,4,output,l1,0.9280455473344773,0
fedavg-mnist-dirichlet-a01-20-20261004,1,4,output,l2,0.08514674470329898,0
fedavg-mnist-dirichlet-a01-20-20261004,1,4,output,max_abs,0.036110769957304,0
fedavg-mnist-dirichlet-a01-20-20261004,1,4,output,sparsity,0.03076923076923077,0
fedavg-mnist-dirichlet-a01-20-20261004,1,4,output,skewness,4.017956770470556,0
fedavg-mnist-dirichlet-a01-20-20261004,1,4,output,kurtosis,32.91084815358943,0
fedavg-mnist-dirichlet-a01-20-20261004,2,0,conv1,mean,0.0007076434023474576,0
fedavg-mnist-dirichlet-a01-20-20261004,2,0,conv1,std,0.0015098461550967026,0
fedavg-mnist-dirichlet-a01-20-20261004,2,0,conv1,median,0.00011251494288444519,0
fedavg-mnist-dirichlet-a01-20-20261004,2,0,conv1,min,-0.001133739948272705,0
fedavg-mnist-dirichlet-a01-20-20261004,2,0,conv1,max,0.005228966474533081,0
fedavg-mnist-dirichlet-a01-20-20261004,2,0,conv1,l1,0.16609338036505505,0
fedavg-mnist-dirichlet-a01-20-20261004,2,0,conv1,l2,0.021091778860764427,0
fedavg-mnist-dirichlet-a01-20-20261004,2,0,conv1,max_abs,0.005228966474533081,0
fedavg-mnist-dirichlet-a01-20-20261004,2,0,conv1,sparsity,0.0,0
fedavg-mnist-dirichlet-a01-20-20261004,2,0,conv1,skewness,1.2913269492522803,0
fedavg-mnist-dirichlet-a01-20-20261004,2,0,conv1,kurtosis,0.6705652208443071,0
fedavg-mnist-dirichlet-a01-20-20261004,2,0,conv2,mean,0.00040495047785184555,0
fedavg-mnist-dirichlet-a01-20-20261004,2,0,conv2,std,0.0007821230154102942,0
fedavg-mnist-dirichlet-a01-20-20261004,2,0,conv2,median,0.00014306604862213135,0
fedavg-mnist-dirichlet-a01-20-20261004,2,0,conv2,min,-0.00216243090108037,0
fedavg-mnist-dirichlet-a01-20-20261004,2,0,conv2,max,0.006092362105846405,0
fedavg-mnist-dirichlet-a01-20-20261004,2,0,conv2,l1,2.3753680334084493,0
fedavg-mnist-dirichlet-a01-20-20261004,2,0,conv2,l2,0.05999378330682064,0
fedavg-mnist-dirichlet-a01-20-20261004,2,0,conv2,max_abs,0.006092362105846405,0
fedavg-mnist-dirichlet-a01-20-20261004,2,0,conv2,sparsity,0.0004310344827586207,0
fedavg-mnist-dirichlet-a01-20-20261004,2,0,conv2,skewness,2.1008124570257696,0
fedavg-mnist-dirichlet-a01-20-20261004,2,0,conv2,kurtosis,7.139014631430189,0
fedavg-mnist-dirichlet-a01-20-20261004,2,0,fc1,mean,6.483208248283917e-05,0
fedavg-mnist-dirichlet-a01-20-20261004,2,0,fc1,std,0.000659563050753341,0
fedavg-mnist-dirichlet-a01-20-20261004,2,0,fc1,median,0.0,0
fedavg-mnist-dirichlet-a01-20-20261004,2,0,fc1,min,-0.005637702532112598,0
fedavg-mnist-dirichlet-a01-20-20261004,2,0,fc1,max,0.01271800510585308,0
fedavg-mnist-dirichlet-a01-20-20261004,2,0,fc1,l1,32.944237823514186,0
fedavg-mnist-dirichlet-a01-20-20261004,2,0,fc1,l2,0.21001280902939287,0
fedavg-mnist-dirichlet-a01-20-20261004,2,0,fc1,max_abs,0.01271800510585308,0
fedavg-mnist-dirichlet-a01-20-20261004,2,0,fc1,sparsity,0.09103130975143403,0
fedavg-mnist-dirichlet-a01-20-20261004,2,0,fc1,skewness,2.3673667568971077,0
fedavg-mnist-dirichlet-a01-20-20261004,2,0,fc1,kurtosis,24.78271251901559,0
fedavg-mnist-dirichlet-a01-20-20261004,2,0,output,mean,2.930979602611982e-10,0
fedavg-mnist-dirichlet-a01-20-20261004,2,0,output,std,0.004260886388830135,0
fedavg-mnist-dirichlet-a01-20-20261004,2,0,output,median,-0.0004892423748970032,0
fedavg-mnist-dirichlet-a01-20-20261004,2,0,output,min,-0.007978446781635284,0
fedavg-mnist-dirichlet-a01-20-20261004,2,0,output,max,0.02763960510492325,0
fedavg-mnist-dirichlet-a01-20-20261004,2,0,output,l1,1.5323638002737425,0
fedavg-mnist-dirichlet-a01-20-20261004,2,0,output,l2,0.10863171420923404,0
fedavg-mnist-dirichlet-a01-20-20261004,2,0,output,max_abs,0.02763960510492325,0
fedavg-mnist-dirichlet-a01-20-20261004,2,0,output,sparsity,0.03076923076923077,0
fedavg-mnist-dirichlet-a01-20-20261004,2,0,output,skewness,2.7469289687411944,0
fedavg-mnist-dirichlet-a01-20-20261004,2,0,output,kurtosis,9.896982570517359,0
fedavg-mnist-dirichlet-a01-20-20261004,2,1,conv1,mean,0.0020811238249734743,0
fedavg-mnist-dirichlet-a01-20-20261004,2,1,conv1,std,0.004168320229830204,0
fedavg-mnist-dirichlet-a01-20-20261004,2,1,conv1,median,0.0005830302834510803,0
fedavg-mnist-dirichlet-a01-20-20261004,2,1,conv1,min,-0.0030510276556015015,0
fedavg-mnist-dirichlet-a01-20-20261004,2,1,conv1,max,0.014863044023513794,0
fedavg-mnist-dirichlet-a01-20-20261004,2,1,conv1,l1,0.4467700899695046,0
fedavg-mnist-dirichlet-a01-20-20261004,2,1,conv1,l2,0.05893178417565035,0
fedavg-mnist-dirichlet-a01-20-20261004,2,1,conv1,max_abs,0.014863044023513794,0
fedavg-mnist-dirichlet-a01-20-20261004,2,1,conv1,sparsity,0.0,0
fedavg-mnist-dirichlet-a01-20-20261004,2,1,conv1,skewness,1.5787030388697803,0
fedavg-mnist-dirichlet-a01-20-20261004,2,1,conv1,kurtosis,1.6792268598781064,0
fedavg-mnist-dirichlet-a01-20-20261004,2,1,conv2,mean,0.000719805955717565,0
fedavg-mnist-dirichlet-a01-20-20261004,2,1,conv2,std,0.0017726418930964151,0
fedavg-mnist-dirichlet-a01-20-20261004,2,1,conv2,median,0.0002151880762539804,0
fedavg-mnist-dirichlet-a01-20-20261004,2,1,conv2,min,-0.004386132583022118,0
fedavg-mnist-dirichlet-a01-20-20261004,2,1,conv2,max,0.019169805571436882,0
fedavg-mnist-dirichlet-a01-20-20261004,2,1,conv2,l1,4.388052435499048,0
fedavg-mnist-dirichlet-a01-20-20261004,2,1,conv2,l2,0.1303233007294463,0
fedavg-mnist-dirichlet-a01-20-20261004,2,1,conv2,max_abs,0.019169805571436882,0
fedavg-mnist-dirichlet-a01-20-20261004,2,1,conv2,sparsity,0.00021551724137931034,0
fedavg-mnist-dirichlet-a01-20-20261004,2,1,conv2,skewness,4.08672865913508,0
fedavg-mnist-dirichlet-a01-20-20261004,2,1,conv2,kurtosis,27.356156595262544,0
fedavg-mnist-dirichlet-a01-20-20261004,2,1,fc1,mean,0.00011704091716083834,0
fedavg-mnist-dirichlet-a01-20-20261004,2,1,fc1,std,0.0009184951474047383,0
fedavg-mnist-dirichlet-a01-20-20261004,2,1,fc1,median,0.0,0
fedavg-mnist-dirichlet-a01-20-20261004,2,1,fc1,min,-0.010588589124381542,0
fedavg-mnist-dirichlet-a01-20-20261004,2,1,fc1,max,0.017855674028396606,0
fedavg-mnist-dirichlet-a01-20-20261004,2,1,fc1,l1,39.50419103469903,0
fedavg-mnist-dirichlet-a01-20-20261004,2,1,fc1,l2,0.2934107041077781,0
fedavg-mnist-dirichlet-a01-20-20261004,2,1,fc1,max_abs,0.017855674028396606,0
fedavg-mnist-dirichlet-a01-20-20261004,2,1,fc1,sparsity,0.10498326959847036,0
fedavg-mnist-dirichlet-a01-20-20261004,2,1,fc1,skewness,3.7930141422278183,0
fedavg-mnist-dirichlet-a01-20-20261004,2,1,fc1,kurtosis,43.869207458528734,0
fedavg-mnist-dirichlet-a01-20-20261004,2,1,output,mean,4.423782229423523e-10,0
fedavg-mnist-dirichlet-a01-20-20261004,2,1,output,std,0.005808136188803198,0
fedavg-mnist-dirichlet-a01-20-20261004,2,1,output,median,-0.00022623687982559204,0
fedavg-mnist-dirichlet-a01-20-20261004,2,1,output,min,-0.01382049173116684,0
fedavg-mnist-dirichlet-a01-20-20261004,2,1,output,max,0.033637020736932755,0
fedavg-mnist-dirichlet-a01-20-20261004,2,1,output,l1,2.289061132352799,0
fedavg-mnist-dirichlet-a01-20-20261004,2,1,output,l2,0.1480789988215601,0
fedavg-mnist-dirichlet-a01-20-20261004,2,1,output,max_abs,0.033637020736932755,0
fedavg-mnist-dirichlet-a01-20-20261004,2,1,output,sparsity,0.046153846153846156,0
fedavg-mnist-dirichlet-a01-20-20261004,2,1,output,skewness,1.7915462855304007,0
fedavg-mnist-dirichlet-a01-20-20261004,2,1,output,kurtosis,6.708334342645703,0
fedavg-mnist-dirichlet-a01-20-20261004,2,2,conv1,mean,0.0015009963914053514,0
fedavg-mnist-dirichlet-a01-20-20261004,2,2,conv1,std,0.002898136366121226,0
fedavg-mnist-dirichlet-a01-20-20261004,2,2,conv1,median,0.0002230331301689148,0
fedavg-mnist-dirichlet-a01-20-20261004,2,2,conv1,min,-0.0026319175958633423,0
fedavg-mnist-dirichlet-a01-20-20261004,2,2,conv1,max,0.009969476610422134,0
fedavg-mnist-dirichlet-a01-20-20261004,2,2,conv1,l1,0.3324679429642856,0
fedavg-mnist-dirichlet-a01-20-20261004,2,2,conv1,l2,0.0412837683621953,0
fedavg-mnist-dirichlet-a01-20-20261004,2,2,conv1,max_abs,0.009969476610422134,0
fedavg-mnist-dirichlet-a01-20-20261004,2,2,conv1,sparsity,0.0,0
fedavg-mnist-dirichlet-a01-20-20261004,2,2,conv1,skewness,1.1447054433677737,0
fedavg-mnist-dirichlet-a01-20-20261004,2,2,conv1,kurtosis,0.5485718014361662,0
fedavg-mnist-dirichlet-a01-20-20261004,2,2,conv2,mean,0.0006479903644609639,0
fedavg-mnist-dirichlet-a01-20-20261004,2,2,conv2,std,0.0014307416329923481,0
fedavg-mnist-dirichlet-a01-20-20261004,2,2,conv2,median,0.00016622617840766907,0
fedavg-mnist-dirichlet-a01-20-20261004,2,2,conv2,min,-0.002306923270225525,0
fedavg-mnist-dirichlet-a01-20-20261004,2,2,conv2,max,0.012976974248886108,0
fedavg-mnist-dirichlet-a01-20-20261004,2,2,conv2,l1,3.883548374980819,0
fedavg-mnist-dirichlet-a01-20-20261004,2,2,conv2,l2,0.10698820933283747,0
fedavg-mnist-dirichlet-a01-20-20261004,2,2,conv2,max_abs,0.012976974248886108,0
fedavg-mnist-dirichlet-a01-20-20261004,2,2,conv2,sparsity,0.000646551724137931,0
fedavg-mnist-dirichlet-a01-20-20261004,2,2,conv2,skewness,3.00615689317393,0
fedavg-mnist-dirichlet-a01-20-20261004,2,2,conv2,kurtosis,13.560000186252324,0
fedavg-mnist-dirichlet-a01-20-20261004,2,2,fc1,mean,0.00011503226439265784,0
fedavg-mnist-dirichlet-a01-20-20261004,2,2,fc1,std,0.0008818475743362944,0
fedavg-mnist-dirichlet-a01-20-20261004,2,2,fc1,median,0.0,0
fedavg-mnist-dirichlet-a01-20-20261004,2,2,fc1,min,-0.009075027890503407,0
fedavg-mnist-dirichlet-a01-20-20261004,2,2,fc1,max,0.017130842432379723,0
fedavg-mnist-dirichlet-a01-20-20261004,2,2,fc1,l1,40.4489522522299,0
fedavg-mnist-dirichlet-a01-20-20261004,2,2,fc1,l2,0.281811578628267,0
fedavg-mnist-dirichlet-a01-20-20261004,2,2,fc1,max_abs,0.017130842432379723,0
fedavg-mnist-dirichlet-a01-20-20261004,2,2,fc1,sparsity,0.10565049394518802,0
fedavg-mnist-dirichlet-a01-20-20261004,2,2,fc1,skewness,3.052855398970597,0
fedavg-mnist-dirichlet-a01-20-20261004,2,2,fc1,kurtosis,32.05609010295469,0
fedavg-mnist-dirichlet-a01-20-20261004,2,2,output,mean,-1.4865341094823983e-10,0
fedavg-mnist-dirichlet-a01-20-20261004,2,2,output,std,0.005723698415797125,0
fedavg-mnist-dirichlet-a01-20-20261004,2,2,output,median,-0.00042937323451042175,0
fedavg-mnist-dirichlet-a01-20-20261004,2,2,output,min,-0.011291012167930603,0
fedavg-mnist-dirichlet-a01-20-20261004,2,2,output,max,0.03722093999385834,0
fedavg-mnist-dirichlet-a01-20-20261004,2,2,output,l1,2.00687523256056,0
fedavg-mnist-dirichlet-a01-20-20261004,2,2,output,l2,0.14592624956034828,0
fedavg-mnist-dirichlet-a01-20-20261004,2,2,output,max_abs,0.03722093999385834,0
fedavg-mnist-dirichlet-a01-20-20261004,2,2,output,sparsity,0.046153846153846156,0
fedavg-mnist-dirichlet-a01-20-20261004,2,2,output,skewness,2.6228437030231433,0
fedavg-mnist-dirichlet-a01-20-20261004,2,2,output,kurtosis,9.894113238123182,0
fedavg-mnist-dirichlet-a01-20-20261004,2,3,conv1,mean,0.0038357447599992158,0
fedavg-mnist-dirichlet-a01-20-20261004,2,3,conv1,std,0.006438017068910604,0
fedavg-mnist-dirichlet-a01-20-20261004,2,3,conv1,median,0.0006368737667798996,0
fedavg-mnist-dirichlet-a01-20-20261004,2,3,conv1,min,-0.00317990779876709,0
fedavg-mnist-dirichlet-a01-20-20261004,2,3,conv1,max,0.021301209926605225,0
fedavg-mnist-dirichlet-a01-20-20261004,2,3,conv1,l1,0.7327602421864867,0
fedavg-mnist-dirichlet-a01-20-20261004,2,3,conv1,l2,0.0947932500917197,0
fedavg-mnist-dirichlet-a01-20-20261004,2,3,conv1,max_abs,0.021301209926605225,0
fedavg-mnist-dirichlet-a01-20-20261004,2,3,conv1,sparsity,0.0,0
fedavg-mnist-dirichlet-a01-20-20261004,2,3,conv1,skewness,1.2610839279649342,0
fedavg-mnist-dirichlet-a01-20-20261004,2,3,conv1,kurtosis,0.3252837389281926,0
fedavg-mnist-dirichlet-a01-20-20261004,2,3,conv2,mean,0.001338543887224095,0
fedavg-mnist-dirichlet-a01-20-20261004,2,3,conv2,std,0.002437516943645802,0
fedavg-mnist-dirichlet-a01-20-20261004,2,3,conv2,median,0.0004952037706971169,0
fedavg-mnist-dirichlet-a01-20-20261004,2,3,conv2,min,-0.002519555389881134,0
fedavg-mnist-dirichlet-a01-20-20261004,2,3,conv2,max,0.023257916793227196,0
fedavg-mnist-dirichlet-a01-20-20261004,2,3,conv2,l1,6.598448265875049,0
fedavg-mnist-dirichlet-a01-20-20261004,2,3,conv2,l2,0.1894254340130598,0
fedavg-mnist-dirichlet-a01-20-20261004,2,3,conv2,max_abs,0.023257916793227196,0
fedavg-mnist-dirichlet-a01-20-20261004,2,3,conv2,sparsity,0.00021551724137931034,0
fedavg-mnist-dirichlet-a01-20-20261004,2,3,conv2,skewness,3.533943884192075,0
fedavg-mnist-dirichlet-a01-20-20261004,2,3,conv2,kurtosis,17.018705737309613,0
fedavg-mnist-dirichlet-a01-20-20261004,2,3,fc1,mean,0.0002080312513625668,0
fedavg-mnist-dirichlet-a01-20-20261004,2,3,fc1,std,0.000973861768053089,0
fedavg-mnist-dirichlet-a01-20-20261004,2,3,fc1,median,0.0,0
fedavg-mnist-dirichlet-a01-20-20261004,2,3,fc1,min,-0.009926043450832367,0
fedavg-mnist-dirichlet-a01-20-20261004,2,3,fc1,max,0.017136964946985245,0
fedavg-mnist-dirichlet-a01-20-20261004,2,3,fc1,l1,46.62109103155308,0
fedavg-mnist-dirichlet-a01-20-20261004,2,3,fc1,l2,0.31556443861712474,0
fedavg-mnist-dirichlet-a01-20-20261004,2,3,fc1,max_abs,0.017136964946985245,0
fedavg-mnist-dirichlet-a01-20-20261004,2,3,fc1,sparsity,0.07153242511153601,0
fedavg-mnist-dirichlet-a01-20-20261004,2,3,fc1,skewness,3.3413355727120146,0
fedavg-mnist-dirichlet-a01-20-20261004,2,3,fc1,kurtosis,27.451173339213543,0
fedavg-mnist-dirichlet-a01-20-20261004,2,3,output,mean,-3.952300176024437e-10,0
fedavg-mnist-dirichlet-a01-20-20261004,2,3,output,std,0.0066272377361380475,0
fedavg-mnist-dirichlet-a01-20-20261004,2,3,output,median,-0.00026731565594673157,0
fedavg-mnist-dirichlet-a01-20-20261004,2,3,output,min,-0.02122499793767929,0
fedavg-mnist-dirichlet-a01-20-20261004,2,3,output,max,0.03837478160858154,0
fedavg-mnist-dirichlet-a01-20-20261004,2,3,output,l1,2.643537286989158,0
fedavg-mnist-dirichlet-a01-20-20261004,2,3,output,l2,0.16896207268893218,0
fedavg-mnist-dirichlet-a01-20-20261004,2,3,output,max_abs,0.03837478160858154,0
fedavg-mnist-dirichlet-a01-20-20261004,2,3,output,sparsity,0.03076923076923077,0
fedavg-mnist-dirichlet-a01-20-20261004,2,3,output,skewness,1.2844658237170343,0
fedavg-mnist-dirichlet-a01-20-20261004,2,3,output,kurtosis,4.5428714405947375,0
fedavg-mnist-dirichlet-a01-20-20261004,2,4,conv1,mean,0.0010341051834984682,0
fedavg-mnist-dirichlet-a01-20-20261004,2,4,conv1,std,0.001915368805520268,0
fedavg-mnist-dirichlet-a01-20-20261004,2,4,conv1,median,0.000490579754114151,0
fedavg-mnist-dirichlet-a01-20-20261004,2,4,conv1,min,-0.0017901360988616943,0
fedavg-mnist-dirichlet-a01-20-20261004,2,4,conv1,max,0.0067389607429504395,0
fedavg-mnist-dirichlet-a01-20-20261004,2,4,conv1,l1,0.2481047532055527,0
fedavg-mnist-dirichlet-a01-20-20261004,2,4,conv1,l2,0.02753328514129337,0
fedavg-mnist-dirichlet-a01-20-20261004,2,4,conv1,max_abs,0.0067389607429504395,0
fedavg-mnist-dirichlet-a01-20-20261004,2,4,conv1,sparsity,0.0,0
fedavg-mnist-dirichlet-a01-20-20261004,2,4,conv1,skewness,0.8415273754051126,0
fedavg-mnist-dirichlet-a01-20-20261004,2,4,conv1,kurtosis,-0.06917285447844623,0
fedavg-mnist-dirichlet-a01-20-20261004,2,4,conv2,mean,0.0005200081863708404,0
fedavg-mnist-dirichlet-a01-20-20261004,2,4,conv2,std,0.0011926442310710406,0
fedavg-mnist-dirichlet-a01-20-20261004,2,4,conv2,median,0.00013355165719985962,0
fedavg-mnist-dirichlet-a01-20-20261004,2,4,conv2,min,-0.0038394713774323463,0
fedavg-mnist-dirichlet-a01-20-20261004,2,4,conv2,max,0.00975009985268116,0
fedavg-mnist-dirichlet-a01-20-20261004,2,4,conv2,l1,3.335092907836952,0
fedavg-mnist-dirichlet-a01-20-20261004,2,4,conv2,l2,0.08862636582705354,0
fedavg-mnist-dirichlet-a01-20-20261004,2,4,conv2,max_abs,0.00975009985268116,0
fedavg-mnist-dirichlet-a01-20-20261004,2,4,conv2,sparsity,0.00021551724137931034,0
fedavg-mnist-dirichlet-a01-20-20261004,2,4,conv2,skewness,2.4524811092157193,0
fedavg-mnist-dirichlet-a01-20-20261004,2,4,conv2,kurtosis,10.067542456132706,0
fedavg-mnist-dirichlet-a01-20-20261004,2,4,fc1,mean,6.749418902029992e-05,0
fedavg-mnist-dirichlet-a01-20-20261004,2,4,fc1,std,0.0008503020668020619,0
fedavg-mnist-dirichlet-a01-20-20261004,2,4,fc1,median,0.0,0
fedavg-mnist-dirichlet-a01-20-20261004,2,4,fc1,min,-0.007293934002518654,0
fedavg-mnist-dirichlet-a01-20-20261004,2,4,fc1,max,0.017840005457401276,0
fedavg-mnist-dirichlet-a01-20-20261004,2,4,fc1,l1,40.282320899281956,0
fedavg-mnist-dirichlet-a01-20-20261004,2,4,fc1,l2,0.270295349144609,0
fedavg-mnist-dirichlet-a01-20-20261004,2,4,fc1,max_abs,0.017840005457401276,0
fedavg-mnist-dirichlet-a01-20-20261004,2,4,fc1,sparsity,0.09191762268961122,0
fedavg-mnist-dirichlet-a01-20-20261004,2,4,fc1,skewness,2.770224180031935,0
fedavg-mnist-dirichlet-a01-20-20261004,2,4,fc1,kurtosis,30.95813068667232,0
fedavg-mnist-dirichlet-a01-20-20261004,2,4,output,mean,-1.1910182925371023e-11,0
fedavg-mnist-dirichlet-a01-20-20261004,2,4,output,std,0.004645944325698912,0
fedavg-mnist-dirichlet-a01-20-20261004,2,4,output,median,-0.00019246985903009772,0
fedavg-mnist-dirichlet-a01-20-20261004,2,4,output,min,-0.010215751826763153,0
fedavg-mnist-dirichlet-a01-20-20261004,2,4,output,max,0.02862519398331642,0
fedavg-mnist-dirichlet-a01-20-20261004,2,4,output,l1,1.6569613551837392,0
fedavg-mnist-dirichlet-a01-20-20261004,2,4,output,l2,0.11844880387902212,0
fedavg-mnist-dirichlet-a01-20-20261004,2,4,output,max_abs,0.02862519398331642,0
fedavg-mnist-dirichlet-a01-20-20261004,2,4,output,sparsity,0.046153846153846156,0
fedavg-mnist-dirichlet-a01-20-20261004,2,4,output,skewness,2.3674275185285447,0
fedavg-mnist-dirichlet-a01-20-20261004,2,4,output,kurtosis,8.852741859810273,0
fedavg-mnist-dirichlet-a01-20-20261004,3,0,conv1,mean,0.0015075155351951253,0
fedavg-mnist-dirichlet-a01-20-20261004,3,0,conv1,std,0.0026168037625579686,0
fedavg-mnist-dirichlet-a01-20-20261004,3,0,conv1,median,0.0003180578351020813,0
fedavg-mnist-dirichlet-a01-20-20261004,3,0,conv1,min,-0.0012497752904891968,0
fedavg-mnist-dirichlet-a01-20-20261004,3,0,conv1,max,0.009277790784835815,0
fedavg-mnist-dirichlet-a01-20-20261004,3,0,conv1,l1,0.2912299652816728,0
fedavg-mnist-dirichlet-a01-20-20261004,3,0,conv1,l2,0.038200031456724605,0
fedavg-mnist-dirichlet-a01-20-20261004,3,0,conv1,max_abs,0.009277790784835815,0
fedavg-mnist-dirichlet-a01-20-20261004,3,0,conv1,sparsity,0.0,0
fedavg-mnist-dirichlet-a01-20-20261004,3,0,conv1,skewness,1.3027073411187582,0
fedavg-mnist-dirichlet-a01-20-20261004,3,0,conv1,kurtosis,0.5037299014624455,0
fedavg-mnist-dirichlet-a01-20-20261004,3,0,conv2,mean,0.0005535544155734364,0
fedavg-mnist-dirichlet-a01-20-20261004,3,0,conv2,std,0.0010277204496115951,0
fedavg-mnist-dirichlet-a01-20-20261004,3,0,conv2,median,0.00018440000712871552,0
fedavg-mnist-dirichlet-a01-20-20261004,3,0,conv2,min,-0.0014571622014045715,0
fedavg-mnist-dirichlet-a01-20-20261004,3,0,conv2,max,0.009554840624332428,0
fedavg-mnist-dirichlet-a01-20-20261004,3,0,conv2,l1,2.955386467196149,0
fedavg-mnist-dirichlet-a01-20-20261004,3,0,conv2,l2,0.07951485153652295,0
fedavg-mnist-dirichlet-a01-20-20261004,3,0,conv2,max_abs,0.009554840624332428,0
fedavg-mnist-dirichlet-a01-20-20261004,3,0,conv2,sparsity,0.0004310344827586207,0
fedavg-mnist-dirichlet-a01-20-20261004,3,0,conv2,skewness,2.821749008605847,0
fedavg-mnist-dirichlet-a01-20-20261004,3,0,conv2,kurtosis,11.330600634531192,0
fedavg-mnist-dirichlet-a01-20-20261004,3,0,fc1,mean,7.034529991356026e-05,0
fedavg-mnist-dirichlet-a01-20-20261004,3,0,fc1,std,0.0008001079045702674,0
fedavg-mnist-dirichlet-a01-20-20261004,3,0,fc1,median,0.0,0
fedavg-mnist-dirichlet-a01-20-20261004,3,0,fc1,min,-0.007592241279780865,0
fedavg-mnist-dirichlet-a01-20-20261004,3,0,fc1,max,0.015353839844465256,0
fedavg-mnist-dirichlet-a01-20-20261004,3,0,fc1,l1,39.02680805139255,0
fedavg-mnist-dirichlet-a01-20-20261004,3,0,fc1,l2,0.254520102160062,0
fedavg-mnist-dirichlet-a01-20-20261004,3,0,fc1,max_abs,0.015353839844465256,0
fedavg-mnist-dirichlet-a01-20-20261004,3,0,fc1,sparsity,0.09370020713830465,0
fedavg-mnist-dirichlet-a01-20-20261004,3,0,fc1,skewness,2.317697785484538,0
fedavg-mnist-dirichlet-a01-20-20261004,3,0,fc1,kurtosis,26.03982204236141,0
fedavg-mnist-dirichlet-a01-20-20261004,3,0,output,mean,-4.974516251912484e-11,0
fedavg-mnist-dirichlet-a01-20-20261004,3,0,output,std,0.006116448735459126,0
fedavg-mnist-dirichlet-a01-20-20261004,3,0,output,median,-0.0010039359331130981,0
fedavg-mnist-dirichlet-a01-20-20261004,3,0,output,min,-0.010691113770008087,0
fedavg-mnist-dirichlet-a01-20-20261004,3,0,output,max,0.03203604370355606,0
fedavg-mnist-dirichlet-a01-20-20261004,3,0,output,l1,2.363408645353047,0
fedavg-mnist-dirichlet-a01-20-20261004,3,0,output,l2,0.15593945727998,0
fedavg-mnist-dirichlet-a01-20-20261004,3,0,output,max_abs,0.03203604370355606,0
fedavg-mnist-dirichlet-a01-20-20261004,3,0,output,sparsity,0.046153846153846156,0
fedavg-mnist-dirichlet-a01-20-20261004,3,0,output,skewness,2.3931985897101677,0
fedavg-mnist-dirichlet-a01-20-20261004,3,0,output,kurtosis,6.539118062714458,0
fedavg-mnist-dirichlet-a01-20-20261004,3,1,conv1,mean,0.0029829936946043746,0
fedavg-mnist-dirichlet-a01-20-20261004,3,1,conv1,std,0.005263748092950112,0
fedavg-mnist-dirichlet-a01-20-20261004,3,1,conv1,median,0.0005184188485145569,0
fedavg-mnist-dirichlet-a01-20-20261004,3,1,conv1,min,-0.002765744924545288,0
fedavg-mnist-dirichlet-a01-20-20261004,3,1,conv1,max,0.018432140350341797,0
fedavg-mnist-dirichlet-a01-20-20261004,3,1,conv1,l1,0.5569539712741971,0
fedavg-mnist-dirichlet-a01-20-20261004,3,1,conv1,l2,0.07653004154509302,0
fedavg-mnist-dirichlet-a01-20-20261004,3,1,conv1,max_abs,0.018432140350341797,0
fedavg-mnist-dirichlet-a01-20-20261004,3,1,conv1,sparsity,0.0,0
fedavg-mnist-dirichlet-a01-20-20261004,3,1,conv1,skewness,1.5784206446119224,0
fedavg-mnist-dirichlet-a01-20-20261004,3,1,conv1,kurtosis,1.4327182438675905,0
fedavg-mnist-dirichlet-a01-20-20261004,3,1,conv2,mean,0.0006635624450341076,0
fedavg-mnist-dirichlet-a01-20-20261004,3,1,conv2,std,0.0018338428166790484,0
fedavg-mnist-dirichlet-a01-20-20261004,3,1,conv2,median,0.00016078073531389236,0
fedavg-mnist-dirichlet-a01-20-20261004,3,1,conv2,min,-0.003360144793987274,0
fedavg-mnist-dirichlet-a01-20-20261004,3,1,conv2,max,0.020940974354743958,0
fedavg-mnist-dirichlet-a01-20-20261004,3,1,conv2,l1,4.129679188227783,0
fedavg-mnist-dirichlet-a01-20-20261004,3,1,conv2,l2,0.1328430913507238,0
fedavg-mnist-dirichlet-a01-20-20261004,3,1,conv2,max_abs,0.020940974354743958,0
fedavg-mnist-dirichlet-a01-20-20261004,3,1,conv2,sparsity,0.00021551724137931034,0
fedavg-mnist-dirichlet-a01-20-20261004,3,1,conv2,skewness,4.691795383835036,0
fedavg-mnist-dirichlet-a01-20-20261004,3,1,conv2,kurtosis,33.59220191083671,0
fedavg-mnist-dirichlet-a01-20-20261004,3,1,fc1,mean,9.298095330772328e-05,0
fedavg-mnist-dirichlet-a01-20-20261004,3,1,fc1,std,0.0009387237431090991,0
fedavg-mnist-dirichlet-a01-20-20261004,3,1,fc1,median,0.0,0
fedavg-mnist-dirichlet-a01-20-20261004,3,1,fc1,min,-0.012821178883314133,0
fedavg-mnist-dirichlet-a01-20-20261004,3,1,fc1,max,0.015723582357168198,0
fedavg-mnist-dirichlet-a01-20-20261004,3,1,fc1,l1,42.088243928016254,0
fedavg-mnist-dirichlet-a01-20-20261004,3,1,fc1,l2,0.29892298173354936,0
fedavg-mnist-dirichlet-a01-20-20261004,3,1,fc1,max_abs,0.015723582357168198,0
fedavg-mnist-dirichlet-a01-20-20261004,3,1,fc1,sparsity,0.09791268323773104,0
fedavg-mnist-dirichlet-a01-20-20261004,3,1,fc1,skewness,2.362395265174197,0
fedavg-mnist-dirichlet-a01-20-20261004,3,1,fc1,kurtosis,35.1675006857502,0
fedavg-mnist-dirichlet-a01-20-20261004,3,1,output,mean,-1.0437081353022502e-10,0
fedavg-mnist-dirichlet-a01-20-20261004,3,1,output,std,0.006404341376305487,0
fedavg-mnist-dirichlet-a01-20-20261004,3,1,output,median,-0.000596536323428154,0
fedavg-mnist-dirichlet-a01-20-20261004,3,1,output,min,-0.015709288418293,0
fedavg-mnist-dirichlet-a01-20-20261004,3,1,output,max,0.03801914304494858,0
fedavg-mnist-dirichlet-a01-20-20261004,3,1,output,l1,2.7507039116171654,0
fedavg-mnist-dirichlet-a01-20-20261004,3,1,output,l2,0.16327930824745676,0
fedavg-mnist-dirichlet-a01-20-20261004,3,1,output,max_abs,0.03801914304494858,0
fedavg-mnist-dirichlet-a01-20-20261004,3,1,output,sparsity,0.04923076923076923,0
fedavg-mnist-dirichlet-a01-20-20261004,3,1,output,skewness,1.6404783611676488,0
fedavg-mnist-dirichlet-a01-20-20261004,3,1,output,kurtosis,5.244016238195037,0
fedavg-mnist-dirichlet-a01-20-20261004,3,2,conv1,mean,0.0018985075606906322,0
fedavg-mnist-dirichlet-a01-20-20261004,3,2,conv1,std,0.00320618667236569,0
fedavg-mnist-dirichlet-a01-20-20261004,3,2,conv1,median,0.0004543289542198181,0
fedavg-mnist-dirichlet-a01-20-20261004,3,2,conv1,min,-0.001955002546310425,0
fedavg-mnist-dirichlet-a01-20-20261004,3,2,conv1,max,0.01141037791967392,0
fedavg-mnist-dirichlet-a01-20-20261004,3,2,conv1,l1,0.3701180327916518,0
fedavg-mnist-dirichlet-a01-20-20261004,3,2,conv1,l2,0.047132093415938776,0
fedavg-mnist-dirichlet-a01-20-20261004,3,2,conv1,max_abs,0.01141037791967392,0
fedavg-mnist-dirichlet-a01-20-20261004,3,2,conv1,sparsity,0.0,0
fedavg-mnist-dirichlet-a01-20-20261004,3,2,conv1,skewness,1.3167737521095753,0
fedavg-mnist-dirichlet-a01-20-20261004,3,2,conv1,kurtosis,0.8023909908568876,0
fedavg-mnist-dirichlet-a01-20-20261004,3,2,conv2,mean,0.0005164719903789241,0
fedavg-mnist-dirichlet-a01-20-20261004,3,2,conv2,std,0.0013122996380668253,0
fedavg-mnist-dirichlet-a01-20-20261004,3,2,conv2,median,0.00011715665459632874,0
fedavg-mnist-dirichlet-a01-20-20261004,3,2,conv2,min,-0.0024315230548381805,0
fedavg-mnist-dirichlet-a01-20-20261004,3,2,conv2,max,0.012334048748016357,0
fedavg-mnist-dirichlet-a01-20-20261004,3,2,conv2,l1,3.3210592535724572,0
fedavg-mnist-dirichlet-a01-20-20261004,3,2,conv2,l2,0.0960644250911417,0
fedavg-mnist-dirichlet-a01-20-20261004,3,2,conv2,max_abs,0.012334048748016357,0
fedavg-mnist-dirichlet-a01-20-20261004,3,2,conv2,sparsity,0.0,0
fedavg-mnist-dirichlet-a01-20-20261004,3,2,conv2,skewness,3.3189112840805777,0
fedavg-mnist-dirichlet-a01-20-20261004,3,2,conv2,kurtosis,16.398025443128816,0
fedavg-mnist-dirichlet-a01-20-20261004,3,2,fc1,mean,8.22111672909189e-05,0
fedavg-mnist-dirichlet-a01-20-20261004,3,2,fc1,std,0.0008873957519118455,0
fedavg-mnist-dirichlet-a01-20-20261004,3,2,fc1,median,0.0,0
fedavg-mnist-dirichlet-a01-20-20261004,3,2,fc1,min,-0.011182602494955063,0
fedavg-mnist-dirichlet-a01-20-20261004,3,2,fc1,max,0.016626374796032906,0
fedavg-mnist-dirichlet-a01-20-20261004,3,2,fc1,l1,40.50983214507323,0
fedavg-mnist-dirichlet-a01-20-20261004,3,2,fc1,l2,0.28240642572507546,0
fedavg-mnist-dirichlet-a01-20-20261004,3,2,fc1,max_abs,0.016626374796032906,0
fedavg-mnist-dirichlet-a01-20-20261004,3,2,fc1,sparsity,0.11004222434671765,0
fedavg-mnist-dirichlet-a01-20-20261004,3,2,fc1,skewness,2.073212202376063,0
fedavg-mnist-dirichlet-a01-20-20261004,3,2,fc1,kurtosis,31.73023154632105,0
fedavg-mnist-dirichlet-a01-20-20261004,3,2,output,mean,-1.0298278469305773e-11,0
fedavg-mnist-dirichlet-a01-20-20261004,3,2,output,std,0.006240857490927667,0
fedavg-mnist-dirichlet-a01-20-20261004,3,2,output,median,-0.000781400129199028,0
fedavg-mnist-dirichlet-a01-20-20261004,3,2,output,min,-0.013679636642336845,0
fedavg-mnist-dirichlet-a01-20-20261004,3,2,output,max,0.029831454157829285,0
fedavg-mnist-dirichlet-a01-20-20261004,3,2,output,l1,2.4361534214694984,0
fedavg-mnist-dirichlet-a01-20-20261004,3,2,output,l2,0.1591112706389594,0
fedavg-mnist-dirichlet-a01-20-20261004,3,2,output,max_abs,0.029831454157829285,0
fedavg-mnist-dirichlet-a01-20-20261004,3,2,output,sparsity,0.06153846153846154,0
fedavg-mnist-dirichlet-a01-20-20261004,3,2,output,skewness,1.953746950082354,0
fedavg-mnist-dirichlet-a01-20-20261004,3,2,output,kurtosis,5.081728590032185,0
fedavg-mnist-dirichlet-a01-20-20261004,3,3,conv1,mean,0.0053048228910483886,0
fedavg-mnist-dirichlet-a01-20-20261004,3,3,conv1,std,0.008230761279900283,0
fedavg-mnist-dirichlet-a01-20-20261004,3,3,conv1,median,0.0012702718377113342,0
fedavg-mnist-dirichlet-a01-20-20261004,3,3,conv1,min,-0.0022330880165100098,0
fedavg-mnist-dirichlet-a01-20-20261004,3,3,conv1,max,0.02838808298110962,0
fedavg-mnist-dirichlet-a01-20-20261004,3,3,conv1,l1,0.9184499074472114,0
fedavg-mnist-dirichlet-a01-20-20261004,3,3,conv1,l2,0.12386223130694635,0
fedavg-mnist-dirichlet-a01-20-20261004,3,3,conv1,max_abs,0.02838808298110962,0
fedavg-mnist-dirichlet-a01-20-20261004,3,3,conv1,sparsity,0.0,0
fedavg-mnist-dirichlet-a01-20-20261004,3,3,conv1,skewness,1.3726473922794196,0
fedavg-mnist-dirichlet-a01-20-20261004,3,3,conv1,kurtosis,0.5754256085687013,0
fedavg-mnist-dirichlet-a01-20-20261004,3,3,conv2,mean,0.001210379627885012,0
fedavg-mnist-dirichlet-a01-20-20261004,3,3,conv2,std,0.0025722856030055774,0
fedavg-mnist-dirichlet-a01-20-20261004,3,3,conv2,median,0.0003771316260099411,0
fedavg-mnist-dirichlet-a01-20-20261004,3,3,conv2,min,-0.003972087055444717,0
fedavg-mnist-dirichlet-a01-20-20261004,3,3,conv2,max,0.027784675359725952,0
fedavg-mnist-dirichlet-a01-20-20261004,3,3,conv2,l1,6.2457814045774285,0
fedavg-mnist-dirichlet-a01-20-20261004,3,3,conv2,l2,0.1936464778688571,0
fedavg-mnist-dirichlet-a01-20-20261004,3,3,conv2,max_abs,0.027784675359725952,0
fedavg-mnist-dirichlet-a01-20-20261004,3,3,conv2,sparsity,0.0,0
fedavg-mnist-dirichlet-a01-20-20261004,3,3,conv2,skewness,4.0899596438868535,0
fedavg-mnist-dirichlet-a01-20-20261004,3,3,conv2,kurtosis,23.890692199340208,0
fedavg-mnist-dirichlet-a01-20-20261004,3,3,fc1,mean,0.00012535370041754832,0
fedavg-mnist-dirichlet-a01-20-20261004,3,3,fc1,std,0.0010324585267685307,0
fedavg-mnist-dirichlet-a01-20-20261004,3,3,fc1,median,0.0,0
fedavg-mnist-dirichlet-a01-20-20261004,3,3,fc1,min,-0.014496389776468277,0
fedavg-mnist-dirichlet-a01-20-20261004,3,3,fc1,max,0.01812508888542652,0
fedavg-mnist-dirichlet-a01-20-20261004,3,3,fc1,l1,49.42529409333565,0
fedavg-mnist-dirichlet-a01-20-20261004,3,3,fc1,l2,0.3295730519641725,0
fedavg-mnist-dirichlet-a01-20-20261004,3,3,fc1,max_abs,0.01812508888542652,0
fedavg-mnist-dirichlet-a01-20-20261004,3,3,fc1,sparsity,0.06704110898661568,0
fedavg-mnist-dirichlet-a01-20-20261004,3,3,fc1,skewness,2.067520555987865,0
fedavg-mnist-dirichlet-a01-20-20261004,3,3,fc1,kurtosis,25.751063845565596,0
fedavg-mnist-dirichlet-a01-20-20261004,3,3,output,mean,-2.616658233679258e-10,0
fedavg-mnist-dirichlet-a01-20-20261004,3,3,output,std,0.006446438148746407,0
fedavg-mnist-dirichlet-a01-20-20261004,3,3,output,median,-0.0006788745522499084,0
fedavg-mnist-dirichlet-a01-20-20261004,3,3,output,min,-0.018268637359142303,0
fedavg-mnist-dirichlet-a01-20-20261004,3,3,output,max,0.0364268496632576,0
fedavg-mnist-dirichlet-a01-20-20261004,3,3,output,l1,2.749888619990088,0
fedavg-mnist-dirichlet-a01-20-20261004,3,3,output,l2,0.16435256956813452,0
fedavg-mnist-dirichlet-a01-20-20261004,3,3,output,max_abs,0.0364268496632576,0
fedavg-mnist-dirichlet-a01-20-20261004,3,3,output,sparsity,0.03076923076923077,0
fedavg-mnist-dirichlet-a01-20-20261004,3,3,output,skewness,1.4117747990113347,0
fedavg-mnist-dirichlet-a01-20-20261004,3,3,output,kurtosis,3.7175376963295035,0
fedavg-mnist-dirichlet-a01-20-20261004,3,4,conv1,mean,0.0012318356246396433,0
fedavg-mnist-dirichlet-a01-20-20261004,3,4,conv1,std,0.0021483343884282926,0
fedavg-mnist-dirichlet-a01-20-20261004,3,4,conv1,median,0.00048066582530736923,0
fedavg-mnist-dirichlet-a01-20-20261004,3,4,conv1,min,-0.0016194581985473633,0
fedavg-mnist-dirichlet-a01-20-20261004,3,4,conv1,max,0.008259028196334839,0
fedavg-mnist-dirichlet-a01-20-20261004,3,4,conv1,l1,0.264976444770582,0
fedavg-mnist-dirichlet-a01-20-20261004,3,4,conv1,l2,0.03132477524423096,0
fedavg-mnist-dirichlet-a01-20-20261004,3,4,conv1,max_abs,0.008259028196334839,0
fedavg-mnist-dirichlet-a01-20-20261004,3,4,conv1,sparsity,0.0,0
fedavg-mnist-dirichlet-a01-20-20261004,3,4,conv1,skewness,1.1525967070028966,0
fedavg-mnist-dirichlet-a01-20-20261004,3,4,conv1,kurtosis,0.6129324846616506,0
fedavg-mnist-dirichlet-a01-20-20261004,3,4,conv2,mean,0.0004432729412177776,0
fedavg-mnist-dirichlet-a01-20-20261004,3,4,conv2,std,0.0010246067165217778,0
fedavg-mnist-dirichlet-a01-20-20261004,3,4,conv2,median,0.0001353712286800146,0
fedavg-mnist-dirichlet-a01-20-20261004,3,4,conv2,min,-0.003609376959502697,0
fedavg-mnist-dirichlet-a01-20-20261004,3,4,conv2,max,0.00773482583463192,0
fedavg-mnist-dirichlet-a01-20-20261004,3,4,conv2,l1,2.8348014580296876,0
fedavg-mnist-dirichlet-a01-20-20261004,3,4,conv2,l2,0.07604523379648673,0
fedavg-mnist-dirichlet-a01-20-20261004,3,4,conv2,max_abs,0.00773482583463192,0
fedavg-mnist-dirichlet-a01-20-20261004,3,4,conv2,sparsity,0.0004310344827586207,0
fedavg-mnist-dirichlet-a01-20-20261004,3,4,conv2,skewness,2.525922923500344,0
fedavg-mnist-dirichlet-a01-20-20261004,3,4,conv2,kurtosis,10.246539637226194,0
fedavg-mnist-dirichlet-a01-20-20261004,3,4,fc1,mean,4.000487878517384e-05,0
fedavg-mnist-dirichlet-a01-20-20261004,3,4,fc1,std,0.0008725907775349447,0
fedavg-mnist-dirichlet-a01-20-20261004,3,4,fc1,median,0.0,0
fedavg-mnist-dirichlet-a01-20-20261004,3,4,fc1,min,-0.008967145346105099,0
fedavg-mnist-dirichlet-a01-20-20261004,3,4,fc1,max,0.016997141763567924,0
fedavg-mnist-dirichlet-a01-20-20261004,3,4,fc1,l1,42.38629527473503,0
fedavg-mnist-dirichlet-a01-20-20261004,3,4,fc1,l2,0.2768012279589772,0
fedavg-mnist-dirichlet-a01-20-20261004,3,4,fc1,max_abs,0.016997141763567924,0
fedavg-mnist-dirichlet-a01-20-20261004,3,4,fc1,sparsity,0.0995558476736775,0
fedavg-mnist-dirichlet-a01-20-20261004,3,4,fc1,skewness,1.6759567666121975,0
fedavg-mnist-dirichlet-a01-20-20261004,3,4,fc1,kurtosis,25.236304228400677,0
fedavg-mnist-dirichlet-a01-20-20261004,3,4,output,mean,5.020186878167666e-10,0
fedavg-mnist-dirichlet-a01-20-20261004,3,4,output,std,0.005042056850369061,0
fedavg-mnist-dirichlet-a01-20-20261004,3,4,output,median,-0.0004942379891872406,0
fedavg-mnist-dirichlet-a01-20-20261004,3,4,output,min,-0.011813513934612274,0
fedavg-mnist-dirichlet-a01-20-20261004,3,4,output,max,0.022868938744068146,0
fedavg-mnist-dirichlet-a01-20-20261004,3,4,output,l1,2.0965696467319503,0
fedavg-mnist-dirichlet-a01-20-20261004,3,4,output,l2,0.12854773134338077,0
fedavg-mnist-dirichlet-a01-20-20261004,3,4,output,max_abs,0.022868938744068146,0
fedavg-mnist-dirichlet-a01-20-20261004,3,4,output,sparsity,0.06153846153846154,0
fedavg-mnist-dirichlet-a01-20-20261004,3,4,output,skewness,1.6442758841279537,0
fedavg-mnist-dirichlet-a01-20-20261004,3,4,output,kurtosis,3.9063339023630927,0
fedavg-mnist-dirichlet-a01-20-20261004,4,0,conv1,mean,0.001721362367970869,0
fedavg-mnist-dirichlet-a01-20-20261004,4,0,conv1,std,0.0027756869063114377,0
fedavg-mnist-dirichlet-a01-20-20261004,4,0,conv1,median,0.00037433207035064697,0
fedavg-mnist-dirichlet-a01-20-20261004,4,0,conv1,min,-0.00095367431640625,0
fedavg-mnist-dirichlet-a01-20-20261004,4,0,conv1,max,0.010080039501190186,0
fedavg-mnist-dirichlet-a01-20-20261004,4,0,conv1,l1,0.311278794426471,0
fedavg-mnist-dirichlet-a01-20-20261004,4,0,conv1,l2,0.041313486812391005,0
fedavg-mnist-dirichlet-a01-20-20261004,4,0,conv1,max_abs,0.010080039501190186,0
fedavg-mnist-dirichlet-a01-20-20261004,4,0,conv1,sparsity,0.0,0
fedavg-mnist-dirichlet-a01-20-20261004,4,0,conv1,skewness,1.356602620847755,0
fedavg-mnist-dirichlet-a01-20-20261004,4,0,conv1,kurtosis,0.6071835481672005,0
fedavg-mnist-dirichlet-a01-20-20261004,4,0,conv2,mean,0.0004861628083333393,0
fedavg-mnist-dirichlet-a01-20-20261004,4,0,conv2,std,0.0009407680997271776,0
fedavg-mnist-dirichlet-a01-20-20261004,4,0,conv2,median,0.00015307776629924774,0
fedavg-mnist-dirichlet-a01-20-20261004,4,0,conv2,min,-0.0009899213910102844,0
fedavg-mnist-dirichlet-a01-20-20261004,4,0,conv2,max,0.009166479110717773,0
fedavg-mnist-dirichlet-a01-20-20261004,4,0,conv2,l1,2.559094373120388,0
fedavg-mnist-dirichlet-a01-20-20261004,4,0,conv2,l2,0.07213383995485556,0
fedavg-mnist-dirichlet-a01-20-20261004,4,0,conv2,max_abs,0.009166479110717773,0
fedavg-mnist-dirichlet-a01-20-20261004,4,0,conv2,sparsity,0.0004310344827586207,0
fedavg-mnist-dirichlet-a01-20-20261004,4,0,conv2,skewness,3.165567480396908,0
fedavg-mnist-dirichlet-a01-20-20261004,4,0,conv2,kurtosis,13.794183969096167,0
fedavg-mnist-dirichlet-a01-20-20261004,4,0,fc1,mean,5.1578084283666126e-05,0
fedavg-mnist-dirichlet-a01-20-20261004,4,0,fc1,std,0.0007878113744860763,0
fedavg-mnist-dirichlet-a01-20-20261004,4,0,fc1,median,0.0,0
fedavg-mnist-dirichlet-a01-20-20261004,4,0,fc1,min,-0.009577816352248192,0
fedavg-mnist-dirichlet-a01-20-20261004,4,0,fc1,max,0.01501685380935669,0
fedavg-mnist-dirichlet-a01-20-20261004,4,0,fc1,l1,37.34616455065952,0
fedavg-mnist-dirichlet-a01-20-20261004,4,0,fc1,l2,0.250179938828015,0
fedavg-mnist-dirichlet-a01-20-20261004,4,0,fc1,max_abs,0.01501685380935669,0
fedavg-mnist-dirichlet-a01-20-20261004,4,0,fc1,sparsity,0.09866953473550032,0
fedavg-mnist-dirichlet-a01-20-20261004,4,0,fc1,skewness,1.9131592139463622,0
fedavg-mnist-dirichlet-a01-20-20261004,4,0,fc1,kurtosis,28.042737680675298,0
fedavg-mnist-dirichlet-a01-20-20261004,4,0,output,mean,-1.5433985166824781e-10,0
fedavg-mnist-dirichlet-a01-20-20261004,4,0,output,std,0.006280996959436745,0
fedavg-mnist-dirichlet-a01-20-20261004,4,0,output,median,-0.0013216696679592133,0
fedavg-mnist-dirichlet-a01-20-20261004,4,0,output,min,-0.010185733437538147,0
fedavg-mnist-dirichlet-a01-20-20261004,4,0,output,max,0.031880393624305725,0
fedavg-mnist-dirichlet-a01-20-20261004,4,0,output,l1,2.4824472169566434,0
fedavg-mnist-dirichlet-a01-20-20261004,4,0,output,l2,0.1601346303049246,0
fedavg-mnist-dirichlet-a01-20-20261004,4,0,output,max_abs,0.031880393624305725,0
fedavg-mnist-dirichlet-a01-20-20261004,4,0,output,sparsity,0.06153846153846154,0
fedavg-mnist-dirichlet-a01-20-20261004,4,0,output,skewness,2.344518168728172,0
fedavg-mnist-dirichlet-a01-20-20261004,4,0,output,kurtosis,5.999221556339819,0
fedavg-mnist-dirichlet-a01-20-20261004,4,1,conv1,mean,0.003367246998823248,0
fedavg-mnist-dirichlet-a01-20-20261004,4,1,conv1,std,0.005544651161914801,0
fedavg-mnist-dirichlet-a01-20-20261004,4,1,conv1,median,0.00038239359855651855,0
fedavg-mnist-dirichlet-a01-20-20261004,4,1,conv1,min,-0.002274930477142334,0
fedavg-mnist-dirichlet-a01-20-20261004,4,1,conv1,max,0.019004225730895996,0
fedavg-mnist-dirichlet-a01-20-20261004,4,1,conv1,l1,0.5831367592327297,0
fedavg-mnist-dirichlet-a01-20-20261004,4,1,conv1,l2,0.08205511207319854,0
fedavg-mnist-dirichlet-a01-20-20261004,4,1,conv1,max_abs,0.019004225730895996,0
fedavg-mnist-dirichlet-a01-20-20261004,4,1,conv1,sparsity,0.0,0
fedavg-mnist-dirichlet-a01-20-20261004,4,1,conv1,skewness,1.5343832040572238,0
fedavg-mnist-dirichlet-a01-20-20261004,4,1,conv1,kurtosis,1.1413121207177799,0
fedavg-mnist-dirichlet-a01-20-20261004,4,1,conv2,mean,0.0005305233710306969,0
fedavg-mnist-dirichlet-a01-20-20261004,4,1,conv2,std,0.0017091582537493162,0
fedavg-mnist-dirichlet-a01-20-20261004,4,1,conv2,median,8.655199781060219e-05,0
fedavg-mnist-dirichlet-a01-20-20261004,4,1,conv2,min,-0.0032725930213928223,0
fedavg-mnist-dirichlet-a01-20-20261004,4,1,conv2,max,0.020244933664798737,0
fedavg-mnist-dirichlet-a01-20-20261004,4,1,conv2,l1,3.5637193279108033,0
fedavg-mnist-dirichlet-a01-20-20261004,4,1,conv2,l2,0.1219033272874905,0
fedavg-mnist-dirichlet-a01-20-20261004,4,1,conv2,max_abs,0.020244933664798737,0
fedavg-mnist-dirichlet-a01-20-20261004,4,1,conv2,sparsity,0.0,0
fedavg-mnist-dirichlet-a01-20-20261004,4,1,conv2,skewness,5.0143070960781335,0
fedavg-mnist-dirichlet-a01-20-20261004,4,1,conv2,kurtosis,37.24790901451834,0
fedavg-mnist-dirichlet-a01-20-20261004,4,1,fc1,mean,6.531846019669691e-05,0
fedavg-mnist-dirichlet-a01-20-20261004,4,1,fc1,std,0.0008626990553581496,0
fedavg-mnist-dirichlet-a01-20-20261004,4,1,fc1,median,0.0,0
fedavg-mnist-dirichlet-a01-20-20261004,4,1,fc1,min,-0.013496778905391693,0
fedavg-mnist-dirichlet-a01-20-20261004,4,1,fc1,max,0.01389498170465231,0
fedavg-mnist-dirichlet-a01-20-20261004,4,1,fc1,l1,38.509373976839015,0
fedavg-mnist-dirichlet-a01-20-20261004,4,1,fc1,l2,0.27415871107618695,0
fedavg-mnist-dirichlet-a01-20-20261004,4,1,fc1,max_abs,0.01389498170465231,0
fedavg-mnist-dirichlet-a01-20-20261004,4,1,fc1,sparsity,0.11512109623964309,0
fedavg-mnist-dirichlet-a01-20-20261004,4,1,fc1,skewness,1.3430291286748037,0
fedavg-mnist-dirichlet-a01-20-20261004,4,1,fc1,kurtosis,33.83621862544631,0
fedavg-mnist-dirichlet-a01-20-20261004,4,1,output,mean,3.704245990285507e-10,0
fedavg-mnist-dirichlet-a01-20-20261004,4,1,output,std,0.0058322492738468274,0
fedavg-mnist-dirichlet-a01-20-20261004,4,1,output,median,-0.0009368211030960083,0
fedavg-mnist-dirichlet-a01-20-20261004,4,1,output,min,-0.013482309877872467,0
fedavg-mnist-dirichlet-a01-20-20261004,4,1,output,max,0.03655245155096054,0
fedavg-mnist-dirichlet-a01-20-20261004,4,1,output,l1,2.558941076946212,0
fedavg-mnist-dirichlet-a01-20-20261004,4,1,output,l2,0.14869376427741193,0
fedavg-mnist-dirichlet-a01-20-20261004,4,1,output,max_abs,0.03655245155096054,0
fedavg-mnist-dirichlet-a01-20-20261004,4,1,output,sparsity,0.07692307692307693,0
fedavg-mnist-dirichlet-a01-20-20261004,4,1,output,skewness,1.7027230023594049,0
fedavg-mnist-dirichlet-a01-20-20261004,4,1,output,kurtosis,5.521088642458576,0
fedavg-mnist-dirichlet-a01-20-20261004,4,2,conv1,mean,0.0020714104153739753,0
fedavg-mnist-dirichlet-a01-20-20261004,4,2,conv1,std,0.0032627547143120154,0
fedavg-mnist-dirichlet-a01-20-20261004,4,2,conv1,median,0.00043123215436935425,0
fedavg-mnist-dirichlet-a01-20-20261004,4,2,conv1,min,-0.001259639859199524,0
fedavg-mnist-dirichlet-a01-20-20261004,4,2,conv1,max,0.01153157651424408,0
fedavg-mnist-dirichlet-a01-20-20261004,4,2,conv1,l1,0.373061224934645,0
fedavg-mnist-dirichlet-a01-20-20261004,4,2,conv1,l2,0.04888567795939431,0
fedavg-mnist-dirichlet-a01-20-20261004,4,2,conv1,max_abs,0.01153157651424408,0
fedavg-mnist-dirichlet-a01-20-20261004,4,2,conv1,sparsity,0.0,0
fedavg-mnist-dirichlet-a01-20-20261004,4,2,conv1,skewness,1.3705897330131034,0
fedavg-mnist-dirichlet-a01-20-20261004,4,2,conv1,kurtosis,0.7289720538165421,0
fedavg-mnist-dirichlet-a01-20-20261004,4,2,conv2,mean,0.0003954464620149118,0
fedavg-mnist-dirichlet-a01-20-20261004,4,2,conv2,std,0.001127142587867537,0
fedavg-mnist-dirichlet-a01-20-20261004,4,2,conv2,median,7.219798862934113e-05,0
fedavg-mnist-dirichlet-a01-20-20261004,4,2,conv2,min,-0.0022664591670036316,0
fedavg-mnist-dirichlet-a01-20-20261004,4,2,conv2,max,0.011073842644691467,0
fedavg-mnist-dirichlet-a01-20-20261004,4,2,conv2,l1,2.6797345003433293,0
fedavg-mnist-dirichlet-a01-20-20261004,4,2,conv2,l2,0.0813663529608551,0
fedavg-mnist-dirichlet-a01-20-20261004,4,2,conv2,max_abs,0.011073842644691467,0
fedavg-mnist-dirichlet-a01-20-20261004,4,2,conv2,sparsity,0.0,0
fedavg-mnist-dirichlet-a01-20-20261004,4,2,conv2,skewness,3.575692872992666,0
fedavg-mnist-dirichlet-a01-20-20261004,4,2,conv2,kurtosis,18.880673469166666,0
fedavg-mnist-dirichlet-a01-20-20261004,4,2,fc1,mean,5.787122507381321e-05,0
fedavg-mnist-dirichlet-a01-20-20261004,4,2,fc1,std,0.0008411217618854842,0
fedavg-mnist-dirichlet-a01-20-20261004,4,2,fc1,median,0.0,0
fedavg-mnist-dirichlet-a01-20-20261004,4,2,fc1,min,-0.012320971116423607,0
fedavg-mnist-dirichlet-a01-20-20261004,4,2,fc1,max,0.015888463705778122,0
fedavg-mnist-dirichlet-a01-20-20261004,4,2,fc1,l1,37.37070387140557,0
fedavg-mnist-dirichlet-a01-20-20261004,4,2,fc1,l2,0.2671688548802877,0
fedavg-mnist-dirichlet-a01-20-20261004,4,2,fc1,max_abs,0.015888463705778122,0
fedavg-mnist-dirichlet-a01-20-20261004,4,2,fc1,sparsity,0.11437420331421287,0
fedavg-mnist-dirichlet-a01-20-20261004,4,2,fc1,skewness,1.6654558842685199,0
fedavg-mnist-dirichlet-a01-20-20261004,4,2,fc1,kurtosis,36.59343311495503,0
fedavg-mnist-dirichlet-a01-20-20261004,4,2,output,mean,-2.0757747384218068e-10,0
fedavg-mnist-dirichlet-a01-20-20261004,4,2,output,std,0.005705040184415172,0
fedavg-mnist-dirichlet-a01-20-20261004,4,2,output,median,-0.000874597579240799,0
fedavg-mnist-dirichlet-a01-20-20261004,4,2,output,min,-0.012013665400445461,0
fedavg-mnist-dirichlet-a01-20-20261004,4,2,output,max,0.02797391265630722,0
fedavg-mnist-dirichlet-a01-20-20261004,4,2,output,l1,2.367184642353095,0
fedavg-mnist-dirichlet-a01-20-20261004,4,2,output,l2,0.1454505561308198,0
fedavg-mnist-dirichlet-a01-20-20261004,4,2,output,max_abs,0.02797391265630722,0
fedavg-mnist-dirichlet-a01-20-20261004,4,2,output,sparsity,0.07692307692307693,0
fedavg-mnist-dirichlet-a01-20-20261004,4,2,output,skewness,1.8052191848221677,0
fedavg-mnist-dirichlet-a01-20-20261004,4,2,output,kurtosis,4.769535821615723,0
fedavg-mnist-dirichlet-a01-20-20261004,4,3,conv1,mean,0.006154643718036823,0
fedavg-mnist-dirichlet-a01-20-20261004,4,3,conv1,std,0.009247107841360694,0
fedavg-mnist-dirichlet-a01-20-20261004,4,3,conv1,median,0.001254543662071228,0
fedavg-mnist-dirichlet-a01-20-20261004,4,3,conv1,min,-0.0019563883543014526,0
fedavg-mnist-dirichlet-a01-20-20261004,4,3,conv1,max,0.03174826502799988,0
fedavg-mnist-dirichlet-a01-20-20261004,4,3,conv1,l1,1.0270751588977873,0
fedavg-mnist-dirichlet-a01-20-20261004,4,3,conv1,l2,0.14050687825197714,0
fedavg-mnist-dirichlet-a01-20-20261004,4,3,conv1,max_abs,0.03174826502799988,0
fedavg-mnist-dirichlet-a01-20-20261004,4,3,conv1,sparsity,0.0,0
fedavg-mnist-dirichlet-a01-20-20261004,4,3,conv1,skewness,1.3983789420094423,0
fedavg-mnist-dirichlet-a01-20-20261004,4,3,conv1,kurtosis,0.6292031759145065,0
fedavg-mnist-dirichlet-a01-20-20261004,4,3,conv2,mean,0.0010341663942669804,0
fedavg-mnist-dirichlet-a01-20-20261004,4,3,conv2,std,0.0026221181686580195,0
fedavg-mnist-dirichlet-a01-20-20261004,4,3,conv2,median,0.0002774745225906372,0
fedavg-mnist-dirichlet-a01-20-20261004,4,3,conv2,min,-0.00604679249227047,0
fedavg-mnist-dirichlet-a01-20-20261004,4,3,conv2,max,0.030061431229114532,0
fedavg-mnist-dirichlet-a01-20-20261004,4,3,conv2,l1,5.928323891974287,0
fedavg-mnist-dirichlet-a01-20-20261004,4,3,conv2,l2,0.19200212949722903,0
fedavg-mnist-dirichlet-a01-20-20261004,4,3,conv2,max_abs,0.030061431229114532,0
fedavg-mnist-dirichlet-a01-20-20261004,4,3,conv2,sparsity,0.0,0
fedavg-mnist-dirichlet-a01-20-20261004,4,3,conv2,skewness,4.330613358459674,0
fedavg-mnist-dirichlet-a01-20-20261004,4,3,conv2,kurtosis,27.98547784417146,0
fedavg-mnist-dirichlet-a01-20-20261004,4,3,fc1,mean,7.925037863593934e-05,0
fedavg-mnist-dirichlet-a01-20-20261004,4,3,fc1,std,0.0010527636246162285,0
fedavg-mnist-dirichlet-a01-20-20261004,4,3,fc1,median,0.0,0
fedavg-mnist-dirichlet-a01-20-20261004,4,3,fc1,min,-0.01656348630785942,0
fedavg-mnist-dirichlet-a01-20-20261004,4,3,fc1,max,0.019403107464313507,0
fedavg-mnist-dirichlet-a01-20-20261004,4,3,fc1,l1,50.083100754590305,0
fedavg-mnist-dirichlet-a01-20-20261004,4,3,fc1,l2,0.33454873696008,0
fedavg-mnist-dirichlet-a01-20-20261004,4,3,fc1,max_abs,0.019403107464313507,0
fedavg-mnist-dirichlet-a01-20-20261004,4,3,fc1,sparsity,0.07369343530911408,0
fedavg-mnist-dirichlet-a01-20-20261004,4,3,fc1,skewness,1.26524699195293,0
fedavg-mnist-dirichlet-a01-20-20261004,4,3,fc1,kurtosis,26.670873204581792,0
fedavg-mnist-dirichlet-a01-20-20261004,4,3,output,mean,-1.5545922976273757e-10,0
fedavg-mnist-dirichlet-a01-20-20261004,4,3,output,std,0.0062901996464329885,0
fedavg-mnist-dirichlet-a01-20-20261004,4,3,output,median,-0.0012029248755425215,0
fedavg-mnist-dirichlet-a01-20-20261004,4,3,output,min,-0.014962553977966309,0
fedavg-mnist-dirichlet-a01-20-20261004,4,3,output,max,0.029804974794387817,0
fedavg-mnist-dirichlet-a01-20-20261004,4,3,output,l1,2.8158582127653062,0
fedavg-mnist-dirichlet-a01-20-20261004,4,3,output,l2,0.16036925370778127,0
fedavg-mnist-dirichlet-a01-20-20261004,4,3,output,max_abs,0.029804974794387817,0
fedavg-mnist-dirichlet-a01-20-20261004,4,3,output,sparsity,0.046153846153846156,0
fedavg-mnist-dirichlet-a01-20-20261004,4,3,output,skewness,1.380984500691356,0
fedavg-mnist-dirichlet-a01-20-20261004,4,3,output,kurtosis,2.7349619529690052,0
fedavg-mnist-dirichlet-a01-20-20261004,4,4,conv1,mean,0.00129308876930736,0
fedavg-mnist-dirichlet-a01-20-20261004,4,4,conv1,std,0.002116625622946156,0
fedavg-mnist-dirichlet-a01-20-20261004,4,4,conv1,median,0.000472482293844223,0
fedavg-mnist-dirichlet-a01-20-20261004,4,4,conv1,min,-0.0013090670108795166,0
fedavg-mnist-dirichlet-a01-20-20261004,4,4,conv1,max,0.008578002452850342,0
fedavg-mnist-dirichlet-a01-20-20261004,4,4,conv1,l1,0.25589696737006307,0
fedavg-mnist-dirichlet-a01-20-20261004,4,4,conv1,l2,0.03137434007088219,0
fedavg-mnist-dirichlet-a01-20-20261004,4,4,conv1,max_abs,0.008578002452850342,0
fedavg-mnist-dirichlet-a01-20-20261004,4,4,conv1,sparsity,0.0,0
fedavg-mnist-dirichlet-a01-20-20261004,4,4,conv1,skewness,1.354597660115381,0
fedavg-mnist-dirichlet-a01-20-20261004,4,4,conv1,kurtosis,1.1570484203486853,0
fedavg-mnist-dirichlet-a01-20-20261004,4,4,conv2,mean,0.00032230531995098535,0
fedavg-mnist-dirichlet-a01-20-20261004,4,4,conv2,std,0.000841162668857435,0
fedavg-mnist-dirichlet-a01-20-20261004,4,4,conv2,median,9.784754365682602e-05,0
fedavg-mnist-dirichlet-a01-20-20261004,4,4,conv2,min,-0.0027092620730400085,0
fedavg-mnist-dirichlet-a01-20-20261004,4,4,conv2,max,0.006697274744510651,0
fedavg-mnist-dirichlet-a01-20-20261004,4,4,conv2,l1,2.2773263411327207,0
fedavg-mnist-dirichlet-a01-20-20261004,4,4,conv2,l2,0.06136008512079367,0
fedavg-mnist-dirichlet-a01-20-20261004,4,4,conv2,max_abs,0.006697274744510651,0
fedavg-mnist-dirichlet-a01-20-20261004,4,4,conv2,sparsity,0.0,0
fedavg-mnist-dirichlet-a01-20-20261004,4,4,conv2,skewness,2.646216505316878,0
fedavg-mnist-dirichlet-a01-20-20261004,4,4,conv2,kurtosis,11.183085939863815,0
fedavg-mnist-dirichlet-a01-20-20261004,4,4,fc1,mean,2.3864257921327298e-05,0
fedavg-mnist-dirichlet-a01-20-20261004,4,4,fc1,std,0.0008180777833632845,0
fedavg-mnist-dirichlet-a01-20-20261004,4,4,fc1,median,0.0,0
fedavg-mnist-dirichlet-a01-20-20261004,4,4,fc1,min,-0.01017339900135994,0
fedavg-mnist-dirichlet-a01-20-20261004,4,4,fc1,max,0.01484859548509121,0
fedavg-mnist-dirichlet-a01-20-20261004,4,4,fc1,l1,39.15044263295317,0
fedavg-mnist-dirichlet-a01-20-20261004,4,4,fc1,l2,0.2593467209760836,0
fedavg-mnist-dirichlet-a01-20-20261004,4,4,fc1,max_abs,0.01484859548509121,0
fedavg-mnist-dirichlet-a01-20-20261004,4,4,fc1,sparsity,0.09233588272785213,0
fedavg-mnist-dirichlet-a01-20-20261004,4,4,fc1,skewness,1.0076364309203354,0
fedavg-mnist-dirichlet-a01-20-20261004,4,4,fc1,kurtosis,24.306534016007546,0
fedavg-mnist-dirichlet-a01-20-20261004,4,4,output,mean,-2.4474082657924064e-10,0
fedavg-mnist-dirichlet-a01-20-20261004,4,4,output,std,0.0047595291518319986,0
fedavg-mnist-dirichlet-a01-20-20261004,4,4,output,median,-0.0006316248327493668,0
fedavg-mnist-dirichlet-a01-20-20261004,4,4,output,min,-0.011373206973075867,0
fedavg-mnist-dirichlet-a01-20-20261004,4,4,output,max,0.018785446882247925,0
fedavg-mnist-dirichlet-a01-20-20261004,4,4,output,l1,2.097448643122334,0
fedavg-mnist-dirichlet-a01-20-20261004,4,4,output,l2,0.12134466010352553,0
fedavg-mnist-dirichlet-a01-20-20261004,4,4,output,max_abs,0.018785446882247925,0
fedavg-mnist-dirichlet-a01-20-20261004,4,4,output,sparsity,0.06153846153846154,0
fedavg-mnist-dirichlet-a01-20-20261004,4,4,output,skewness,1.33348492595224,0
fedavg-mnist-dirichlet-a01-20-20261004,4,4,output,kurtosis,2.5334681182403624,0
fedavg-mnist-dirichlet-a01-20-20261004,5,0,conv1,mean,0.0014611120670451783,0
fedavg-mnist-dirichlet-a01-20-20261004,5,0,conv1,std,0.002253171731825385,0
fedavg-mnist-dirichlet-a01-20-20261004,5,0,conv1,median,0.0003758072853088379,0
fedavg-mnist-dirichlet-a01-20-20261004,5,0,conv1,min,-0.0006560385227203369,0
fedavg-mnist-dirichlet-a01-20-20261004,5,0,conv1,max,0.008311063051223755,0
fedavg-mnist-dirichlet-a01-20-20261004,5,0,conv1,l1,0.2556399249006063,0
fedavg-mnist-dirichlet-a01-20-20261004,5,0,conv1,l2,0.03396852973106028,0
fedavg-mnist-dirichlet-a01-20-20261004,5,0,conv1,max_abs,0.008311063051223755,0
fedavg-mnist-dirichlet-a01-20-20261004,5,0,conv1,sparsity,0.0,0
fedavg-mnist-dirichlet-a01-20-20261004,5,0,conv1,skewness,1.403335619680203,0
fedavg-mnist-dirichlet-a01-20-20261004,5,0,conv1,kurtosis,0.748933119937667,0
fedavg-mnist-dirichlet-a01-20-20261004,5,0,conv2,mean,0.0003395274238684955,0
fedavg-mnist-dirichlet-a01-20-20261004,5,0,conv2,std,0.0007200985916030534,0
fedavg-mnist-dirichlet-a01-20-20261004,5,0,conv2,median,9.781494736671448e-05,0
fedavg-mnist-dirichlet-a01-20-20261004,5,0,conv2,min,-0.0011205179616808891,0
fedavg-mnist-dirichlet-a01-20-20261004,5,0,conv2,max,0.007151171565055847,0
fedavg-mnist-dirichlet-a01-20-20261004,5,0,conv2,l1,1.8758594380014983,0
fedavg-mnist-dirichlet-a01-20-20261004,5,0,conv2,l2,0.0542303306166383,0
fedavg-mnist-dirichlet-a01-20-20261004,5,0,conv2,max_abs,0.007151171565055847,0
fedavg-mnist-dirichlet-a01-20-20261004,5,0,conv2,sparsity,0.0004310344827586207,0
fedavg-mnist-dirichlet-a01-20-20261004,5,0,conv2,skewness,3.2860868858000423,0
fedavg-mnist-dirichlet-a01-20-20261004,5,0,conv2,kurtosis,14.846673966256194,0
fedavg-mnist-dirichlet-a01-20-20261004,5,0,fc1,mean,1.8621076423736348e-05,0
fedavg-mnist-dirichlet-a01-20-20261004,5,0,fc1,std,0.000739179005428839,0
fedavg-mnist-dirichlet-a01-20-20261004,5,0,fc1,median,0.0,0
fedavg-mnist-dirichlet-a01-20-20261004,5,0,fc1,min,-0.011289937421679497,0
fedavg-mnist-dirichlet-a01-20-20261004,5,0,fc1,max,0.013799727894365788,0
fedavg-mnist-dirichlet-a01-20-20261004,5,0,fc1,l1,34.27207647139676,0
fedavg-mnist-dirichlet-a01-20-20261004,5,0,fc1,l2,0.2343089313525224,0
fedavg-mnist-dirichlet-a01-20-20261004,5,0,fc1,max_abs,0.013799727894365788,0
fedavg-mnist-dirichlet-a01-20-20261004,5,0,fc1,sparsity,0.09340144996813257,0
fedavg-mnist-dirichlet-a01-20-20261004,5,0,fc1,skewness,1.1227431333352336,0
fedavg-mnist-dirichlet-a01-20-20261004,5,0,fc1,kurtosis,30.100768640957952,0
fedavg-mnist-dirichlet-a01-20-20261004,5,0,output,mean,-1.5214587060304788e-10,0
fedavg-mnist-dirichlet-a01-20-20261004,5,0,output,std,0.005797748126640402,0
fedavg-mnist-dirichlet-a01-20-20261004,5,0,output,median,-0.0014949217438697815,0
fedavg-mnist-dirichlet-a01-20-20261004,5,0,output,min,-0.009016476571559906,0
fedavg-mnist-dirichlet-a01-20-20261004,5,0,output,max,0.032607048749923706,0
fedavg-mnist-dirichlet-a01-20-20261004,5,0,output,l1,2.3146089605870657,0
fedavg-mnist-dirichlet-a01-20-20261004,5,0,output,l2,0.14781415416317717,0
fedavg-mnist-dirichlet-a01-20-20261004,5,0,output,max_abs,0.032607048749923706,0
fedavg-mnist-dirichlet-a01-20-20261004,5,0,output,sparsity,0.06153846153846154,0
fedavg-mnist-dirichlet-a01-20-20261004,5,0,output,skewness,2.3995857634891435,0
fedavg-mnist-dirichlet-a01-20-20261004,5,0,output,kurtosis,6.208922812861861,0
fedavg-mnist-dirichlet-a01-20-20261004,5,1,conv1,mean,0.0032616738564684054,0
fedavg-mnist-dirichlet-a01-20-20261004,5,1,conv1,std,0.005193031087851259,0
fedavg-mnist-dirichlet-a01-20-20261004,5,1,conv1,median,0.00044519826769828796,0
fedavg-mnist-dirichlet-a01-20-20261004,5,1,conv1,min,-0.001801222562789917,0
fedavg-mnist-dirichlet-a01-20-20261004,5,1,conv1,max,0.017795026302337646,0
fedavg-mnist-dirichlet-a01-20-20261004,5,1,conv1,l1,0.5483203323092312,0
fedavg-mnist-dirichlet-a01-20-20261004,5,1,conv1,l2,0.07756915698947267,0
fedavg-mnist-dirichlet-a01-20-20261004,5,1,conv1,max_abs,0.017795026302337646,0
fedavg-mnist-dirichlet-a01-20-20261004,5,1,conv1,sparsity,0.00625,0
fedavg-mnist-dirichlet-a01-20-20261004,5,1,conv1,skewness,1.5142743905380027,0
fedavg-mnist-dirichlet-a01-20-20261004,5,1,conv1,kurtosis,1.039607286291873,0
fedavg-mnist-dirichlet-a01-20-20261004,5,1,conv2,mean,0.00040963984227048437,0
fedavg-mnist-dirichlet-a01-20-20261004,5,1,conv2,std,0.00150322718163519,0
fedavg-mnist-dirichlet-a01-20-20261004,5,1,conv2,median,4.964321851730347e-05,0
fedavg-mnist-dirichlet-a01-20-20261004,5,1,conv2,min,-0.00348576158285141,0
fedavg-mnist-dirichlet-a01-20-20261004,5,1,conv2,max,0.018057778477668762,0
fedavg-mnist-dirichlet-a01-20-20261004,5,1,conv2,l1,3.053053523715789,0
fedavg-mnist-dirichlet-a01-20-20261004,5,1,conv2,l2,0.10613003800205531,0
fedavg-mnist-dirichlet-a01-20-20261004,5,1,conv2,max_abs,0.018057778477668762,0
fedavg-mnist-dirichlet-a01-20-20261004,5,1,conv2,sparsity,0.0,0
fedavg-mnist-dirichlet-a01-20-20261004,5,1,conv2,skewness,5.072150925993679,0
fedavg-mnist-dirichlet-a01-20-20261004,5,1,conv2,kurtosis,38.547319503619114,0
fedavg-mnist-dirichlet-a01-20-20261004,5,1,fc1,mean,4.003185890306948e-05,0
fedavg-mnist-dirichlet-a01-20-20261004,5,1,fc1,std,0.0007442255373677364,0
fedavg-mnist-dirichlet-a01-20-20261004,5,1,fc1,median,0.0,0
fedavg-mnist-dirichlet-a01-20-20261004,5,1,fc1,min,-0.01335116010159254,0
fedavg-mnist-dirichlet-a01-20-20261004,5,1,fc1,max,0.01212514191865921,0
fedavg-mnist-dirichlet-a01-20-20261004,5,1,fc1,l1,32.55287448044419,0
fedavg-mnist-dirichlet-a01-20-20261004,5,1,fc1,l2,0.23617471771346588,0
fedavg-mnist-dirichlet-a01-20-20261004,5,1,fc1,max_abs,0.01335116010159254,0
fedavg-mnist-dirichlet-a01-20-20261004,5,1,fc1,sparsity,0.11018164435946463,0
fedavg-mnist-dirichlet-a01-20-20261004,5,1,fc1,skewness,1.0294903491553198,0
fedavg-mnist-dirichlet-a01-20-20261004,5,1,fc1,kurtosis,36.577211529309146,0
fedavg-mnist-dirichlet-a01-20-20261004,5,1,output,mean,-3.595442439501102e-11,0
fedavg-mnist-dirichlet-a01-20-20261004,5,1,output,std,0.0050815847699999285,0
fedavg-mnist-dirichlet-a01-20-20261004,5,1,output,median,-0.0007179435342550278,0
fedavg-mnist-dirichlet-a01-20-20261004,5,1,output,min,-0.0114302858710289,0
fedavg-mnist-dirichlet-a01-20-20261004,5,1,output,max,0.030955351889133453,0
fedavg-mnist-dirichlet-a01-20-20261004,5,1,output,l1,2.247356740088435,0
fedavg-mnist-dirichlet-a01-20-20261004,5,1,output,l2,0.12955549951102768,0
fedavg-mnist-dirichlet-a01-20-20261004,5,1,output,max_abs,0.030955351889133453,0
fedavg-mnist-dirichlet-a01-20-20261004,5,1,output,sparsity,0.07692307692307693,0
fedavg-mnist-dirichlet-a01-20-20261004,5,1,output,skewness,1.6296664773016065,0
fedavg-mnist-dirichlet-a01-20-20261004,5,1,output,kurtosis,4.993386461343939,0
fedavg-mnist-dirichlet-a01-20-20261004,5,2,conv1,mean,0.0019476600908092223,0
fedavg-mnist-dirichlet-a01-20-20261004,5,2,conv1,std,0.0029519376027654113,0
fedavg-mnist-dirichlet-a01-20-20261004,5,2,conv1,median,0.00045749545097351074,0
fedavg-mnist-dirichlet-a01-20-20261004,5,2,conv1,min,-0.0007874071598052979,0
fedavg-mnist-dirichlet-a01-20-20261004,5,2,conv1,max,0.010534614324569702,0
fedavg-mnist-dirichlet-a01-20-20261004,5,2,conv1,l1,0.3376873249653727,0
fedavg-mnist-dirichlet-a01-20-20261004,5,2,conv1,l2,0.04473444389273463,0
fedavg-mnist-dirichlet-a01-20-20261004,5,2,conv1,max_abs,0.010534614324569702,0
fedavg-mnist-dirichlet-a01-20-20261004,5,2,conv1,sparsity,0.0,0
fedavg-mnist-dirichlet-a01-20-20261004,5,2,conv1,skewness,1.3791549529553353,0
fedavg-mnist-dirichlet-a01-20-20261004,5,2,conv1,kurtosis,0.6710906045528735,0
fedavg-mnist-dirichlet-a01-20-20261004,5,2,conv2,mean,0.00028218095734120716,0
fedavg-mnist-dirichlet-a01-20-20261004,5,2,conv2,std,0.0009354311045233693,0
fedavg-mnist-dirichlet-a01-20-20261004,5,2,conv2,median,3.6327168345451355e-05,0
fedavg-mnist-dirichlet-a01-20-20261004,5,2,conv2,min,-0.0019021332263946533,0
fedavg-mnist-dirichlet-a01-20-20261004,5,2,conv2,max,0.009788766503334045,0
fedavg-mnist-dirichlet-a01-20-20261004,5,2,conv2,l1,2.138323589348147,0
fedavg-mnist-dirichlet-a01-20-20261004,5,2,conv2,l2,0.0665553193977804,0
fedavg-mnist-dirichlet-a01-20-20261004,5,2,conv2,max_abs,0.009788766503334045,0
fedavg-mnist-dirichlet-a01-20-20261004,5,2,conv2,sparsity,0.0,0
fedavg-mnist-dirichlet-a01-20-20261004,5,2,conv2,skewness,3.7218765927683046,0
fedavg-mnist-dirichlet-a01-20-20261004,5,2,conv2,kurtosis,20.81908492728472,0
fedavg-mnist-dirichlet-a01-20-20261004,5,2,fc1,mean,2.8572006579532675e-05,0
fedavg-mnist-dirichlet-a01-20-20261004,5,2,fc1,std,0.000752841403426098,0
fedavg-mnist-dirichlet-a01-20-20261004,5,2,fc1,median,0.0,0
fedavg-mnist-dirichlet-a01-20-20261004,5,2,fc1,min,-0.01252717524766922,0
fedavg-mnist-dirichlet-a01-20-20261004,5,2,fc1,max,0.01530272327363491,0
fedavg-mnist-dirichlet-a01-20-20261004,5,2,fc1,l1,32.24717810981792,0
fedavg-mnist-dirichlet-a01-20-20261004,5,2,fc1,l2,0.23873577408335175,0
fedavg-mnist-dirichlet-a01-20-20261004,5,2,fc1,max_abs,0.01530272327363491,0
fedavg-mnist-dirichlet-a01-20-20261004,5,2,fc1,sparsity,0.11211360739324411,0
fedavg-mnist-dirichlet-a01-20-20261004,5,2,fc1,skewness,1.402527941577105,0
fedavg-mnist-dirichlet-a01-20-20261004,5,2,fc1,kurtosis,42.94159959262906,0
fedavg-mnist-dirichlet-a01-20-20261004,5,2,output,mean,-2.856652897137862e-11,0
fedavg-mnist-dirichlet-a01-20-20261004,5,2,output,std,0.005137348908357559,0
fedavg-mnist-dirichlet-a01-20-20261004,5,2,output,median,-0.0008943825960159302,0
fedavg-mnist-dirichlet-a01-20-20261004,5,2,output,min,-0.010977113619446754,0
fedavg-mnist-dirichlet-a01-20-20261004,5,2,output,max,0.025954708456993103,0
fedavg-mnist-dirichlet-a01-20-20261004,5,2,output,l1,2.197832969541196,0
fedavg-mnist-dirichlet-a01-20-20261004,5,2,output,l2,0.13097721165924892,0
fedavg-mnist-dirichlet-a01-20-20261004,5,2,output,max_abs,0.025954708456993103,0
fedavg-mnist-dirichlet-a01-20-20261004,5,2,output,sparsity,0.07692307692307693,0
fedavg-mnist-dirichlet-a01-20-20261004,5,2,output,skewness,1.7643062886988832,0
fedavg-mnist-dirichlet-a01-20-20261004,5,2,output,kurtosis,4.835206738941984,0
fedavg-mnist-dirichlet-a01-20-20261004,5,3,conv1,mean,0.005788365424086806,0
fedavg-mnist-dirichlet-a01-20-20261004,5,3,conv1,std,0.008671998193054867,0
fedavg-mnist-dirichlet-a01-20-20261004,5,3,conv1,median,0.0012163184583187103,0
fedavg-mnist-dirichlet-a01-20-20261004,5,3,conv1,min,-0.0017279833555221558,0
fedavg-mnist-dirichlet-a01-20-20261004,5,3,conv1,max,0.030118729919195175,0
fedavg-mnist-dirichlet-a01-20-20261004,5,3,conv1,l1,0.9563460906501859,0
fedavg-mnist-dirichlet-a01-20-20261004,5,3,conv1,l2,0.13188402598835722,0
fedavg-mnist-dirichlet-a01-20-20261004,5,3,conv1,max_abs,0.030118729919195175,0
fedavg-mnist-dirichlet-a01-20-20261004,5,3,conv1,sparsity,0.0,0
fedavg-mnist-dirichlet-a01-20-20261004,5,3,conv1,skewness,1.4231110060586154,0
fedavg-mnist-dirichlet-a01-20-20261004,5,3,conv1,kurtosis,0.7103502303479412,0
fedavg-mnist-dirichlet-a01-20-20261004,5,3,conv2,mean,0.000811614782996285,0
fedavg-mnist-dirichlet-a01-20-20261004,5,3,conv2,std,0.002335915364409493,0
fedavg-mnist-dirichlet-a01-20-20261004,5,3,conv2,median,0.00018310314044356346,0
fedavg-mnist-dirichlet-a01-20-20261004,5,3,conv2,min,-0.0062088742852211,0
fedavg-mnist-dirichlet-a01-20-20261004,5,3,conv2,max,0.027192622423171997,0
fedavg-mnist-dirichlet-a01-20-20261004,5,3,conv2,l1,5.083704537828453,0
fedavg-mnist-dirichlet-a01-20-20261004,5,3,conv2,l2,0.1684476679443017,0
fedavg-mnist-dirichlet-a01-20-20261004,5,3,conv2,max_abs,0.027192622423171997,0
fedavg-mnist-dirichlet-a01-20-20261004,5,3,conv2,sparsity,0.0,0
fedavg-mnist-dirichlet-a01-20-20261004,5,3,conv2,skewness,4.403754499267649,0
fedavg-mnist-dirichlet-a01-20-20261004,5,3,conv2,kurtosis,29.592130677684466,0
fedavg-mnist-dirichlet-a01-20-20261004,5,3,fc1,mean,3.7484312973039875e-05,0
fedavg-mnist-dirichlet-a01-20-20261004,5,3,fc1,std,0.0009442251383393902,0
fedavg-mnist-dirichlet-a01-20-20261004,5,3,fc1,median,0.0,0
fedavg-mnist-dirichlet-a01-20-20261004,5,3,fc1,min,-0.015360033139586449,0
fedavg-mnist-dirichlet-a01-20-20261004,5,3,fc1,max,0.01807999610900879,0
fedavg-mnist-dirichlet-a01-20-20261004,5,3,fc1,l1,44.34934027181316,0
fedavg-mnist-dirichlet-a01-20-20261004,5,3,fc1,l2,0.2994463098659191,0
fedavg-mnist-dirichlet-a01-20-20261004,5,3,fc1,max_abs,0.01807999610900879,0
fedavg-mnist-dirichlet-a01-20-20261004,5,3,fc1,sparsity,0.07099466220522625,0
fedavg-mnist-dirichlet-a01-20-20261004,5,3,fc1,skewness,0.8825493432409331,0
fedavg-mnist-dirichlet-a01-20-20261004,5,3,fc1,kurtosis,28.632981132223215,0
fedavg-mnist-dirichlet-a01-20-20261004,5,3,output,mean,-4.190951585769653e-11,0
fedavg-mnist-dirichlet-a01-20-20261004,5,3,output,std,0.005874530412952519,0
fedavg-mnist-dirichlet-a01-20-20261004,5,3,output,median,-0.0012486428022384644,0
fedavg-mnist-dirichlet-a01-20-20261004,5,3,output,min,-0.01444198191165924,0
fedavg-mnist-dirichlet-a01-20-20261004,5,3,output,max,0.02708536386489868,0
fedavg-mnist-dirichlet-a01-20-20261004,5,3,output,l1,2.6637304744217545,0
fedavg-mnist-dirichlet-a01-20-20261004,5,3,output,l2,0.14977172604419586,0
fedavg-mnist-dirichlet-a01-20-20261004,5,3,output,max_abs,0.02708536386489868,0
fedavg-mnist-dirichlet-a01-20-20261004,5,3,output,sparsity,0.046153846153846156,0
fedavg-mnist-dirichlet-a01-20-20261004,5,3,output,skewness,1.326411021347389,0
fedavg-mnist-dirichlet-a01-20-20261004,5,3,output,kurtosis,2.3818940499160206,0
fedavg-mnist-dirichlet-a01-20-20261004,5,4,conv1,mean,0.0013353071575693321,0
fedavg-mnist-dirichlet-a01-20-20261004,5,4,conv1,std,0.0020924499263819825,0
fedavg-mnist-dirichlet-a01-20-20261004,5,4,conv1,median,0.00046873465180397034,0
fedavg-mnist-dirichlet-a01-20-20261004,5,4,conv1,min,-0.0010569989681243896,0
fedavg-mnist-dirichlet-a01-20-20261004,5,4,conv1,max,0.008601188659667969,0
fedavg-mnist-dirichlet-a01-20-20261004,5,4,conv1,l1,0.24768681160639971,0
fedavg-mnist-dirichlet-a01-20-20261004,5,4,conv1,l2,0.03139781368050165,0
fedavg-mnist-dirichlet-a01-20-20261004,5,4,conv1,max_abs,0.008601188659667969,0
fedavg-mnist-dirichlet-a01-20-20261004,5,4,conv1,sparsity,0.0,0
fedavg-mnist-dirichlet-a01-20-20261004,5,4,conv1,skewness,1.457864548082239,0
fedavg-mnist-dirichlet-a01-20-20261004,5,4,conv1,kurtosis,1.349735068454537,0
fedavg-mnist-dirichlet-a01-20-20261004,5,4,conv2,mean,0.00023471731406532164,0
fedavg-mnist-dirichlet-a01-20-20261004,5,4,conv2,std,0.0007559584652774363,0
fedavg-mnist-dirichlet-a01-20-20261004,5,4,conv2,median,6.964430212974548e-05,0
fedavg-mnist-dirichlet-a01-20-20261004,5,4,conv2,min,-0.002621252089738846,0
fedavg-mnist-dirichlet-a01-20-20261004,5,4,conv2,max,0.006415173411369324,0
fedavg-mnist-dirichlet-a01-20-20261004,5,4,conv2,l1,1.9779164400679292,0
fedavg-mnist-dirichlet-a01-20-20261004,5,4,conv2,l2,0.05391904619876433,0
fedavg-mnist-dirichlet-a01-20-20261004,5,4,conv2,max_abs,0.006415173411369324,0
fedavg-mnist-dirichlet-a01-20-20261004,5,4,conv2,sparsity,0.0,0
fedavg-mnist-dirichlet-a01-20-20261004,5,4,conv2,skewness,2.679287656438883,0
fedavg-mnist-dirichlet-a01-20-20261004,5,4,conv2,kurtosis,12.5504254706876,0
fedavg-mnist-dirichlet-a01-20-20261004,5,4,fc1,mean,5.151363554842695e-06,0
fedavg-mnist-dirichlet-a01-20-20261004,5,4,fc1,std,0.0008019225780405944,0
fedavg-mnist-dirichlet-a01-20-20261004,5,4,fc1,median,0.0,0
fedavg-mnist-dirichlet-a01-20-20261004,5,4,fc1,min,-0.010756428353488445,0
fedavg-mnist-dirichlet-a01-20-20261004,5,4,fc1,max,0.013400453142821789,0
fedavg-mnist-dirichlet-a01-20-20261004,5,4,fc1,l1,37.87688240308296,0
fedavg-mnist-dirichlet-a01-20-20261004,5,4,fc1,l2,0.25412234851855375,0
fedavg-mnist-dirichlet-a01-20-20261004,5,4,fc1,max_abs,0.013400453142821789,0
fedavg-mnist-dirichlet-a01-20-20261004,5,4,fc1,sparsity,0.08777485659655831,0
fedavg-mnist-dirichlet-a01-20-20261004,5,4,fc1,skewness,0.5331324730692292,0
fedavg-mnist-dirichlet-a01-20-20261004,5,4,fc1,kurtosis,25.27762124279705,0
fedavg-mnist-dirichlet-a01-20-20261004,5,4,output,mean,-1.7139917382827172e-10,0
fedavg-mnist-dirichlet-a01-20-20261004,5,4,output,std,0.004668963223076758,0
fedavg-mnist-dirichlet-a01-20-20261004,5,4,output,median,-0.000875154510140419,0
fedavg-mnist-dirichlet-a01-20-20261004,5,4,output,min,-0.014071650803089142,0
fedavg-mnist-dirichlet-a01-20-20261004,5,4,output,max,0.021603822708129883,0
fedavg-mnist-dirichlet-a01-20-20261004,5,4,output,l1,2.112746588536538,0
fedavg-mnist-dirichlet-a01-20-20261004,5,4,output,l2,0.11903567291357733,0
fedavg-mnist-dirichlet-a01-20-20261004,5,4,output,max_abs,0.021603822708129883,0
fedavg-mnist-dirichlet-a01-20-20261004,5,4,output,sparsity,0.06307692307692307,0
fedavg-mnist-dirichlet-a01-20-20261004,5,4,output,skewness,1.3243420942327064,0
fedavg-mnist-dirichlet-a01-20-20261004,5,4,output,kurtosis,2.7746031878701913,0
fedavg-mnist-dirichlet-a01-20-20261004,6,0,conv1,mean,0.0010742049096734263,0
fedavg-mnist-dirichlet-a01-20-20261004,6,0,conv1,std,0.0016394537118770305,0
fedavg-mnist-dirichlet-a01-20-20261004,6,0,conv1,median,0.0002567172050476074,0
fedavg-mnist-dirichlet-a01-20-20261004,6,0,conv1,min,-0.00045977532863616943,0
fedavg-mnist-dirichlet-a01-20-20261004,6,0,conv1,max,0.006193667650222778,0
fedavg-mnist-dirichlet-a01-20-20261004,6,0,conv1,l1,0.18559482763521373,0
fedavg-mnist-dirichlet-a01-20-20261004,6,0,conv1,l2,0.02479265911145109,0
fedavg-mnist-dirichlet-a01-20-20261004,6,0,conv1,max_abs,0.006193667650222778,0
fedavg-mnist-dirichlet-a01-20-20261004,6,0,conv1,sparsity,0.0,0
fedavg-mnist-dirichlet-a01-20-20261004,6,0,conv1,skewness,1.4732655446299032,0
fedavg-mnist-dirichlet-a01-20-20261004,6,0,conv1,kurtosis,1.0274520918002654,0
fedavg-mnist-dirichlet-a01-20-20261004,6,0,conv2,mean,0.00022452431732102108,0
fedavg-mnist-dirichlet-a01-20-20261004,6,0,conv2,std,0.0005251413772625358,0
fedavg-mnist-dirichlet-a01-20-20261004,6,0,conv2,median,5.638599395751953e-05,0
fedavg-mnist-dirichlet-a01-20-20261004,6,0,conv2,min,-0.0009177038446068764,0
fedavg-mnist-dirichlet-a01-20-20261004,6,0,conv2,max,0.005118891596794128,0
fedavg-mnist-dirichlet-a01-20-20261004,6,0,conv2,l1,1.3471838552468398,0
fedavg-mnist-dirichlet-a01-20-20261004,6,0,conv2,l2,0.038903685008529955,0
fedavg-mnist-dirichlet-a01-20-20261004,6,0,conv2,max_abs,0.005118891596794128,0
fedavg-mnist-dirichlet-a01-20-20261004,6,0,conv2,sparsity,0.0004310344827586207,0
fedavg-mnist-dirichlet-a01-20-20261004,6,0,conv2,skewness,3.21795915901011,0
fedavg-mnist-dirichlet-a01-20-20261004,6,0,conv2,kurtosis,14.556160193561123,0
fedavg-mnist-dirichlet-a01-20-20261004,6,0,fc1,mean,-2.1249782248927314e-06,0
fedavg-mnist-dirichlet-a01-20-20261004,6,0,fc1,std,0.0006783352992607187,0
fedavg-mnist-dirichlet-a01-20-20261004,6,0,fc1,median,0.0,0
fedavg-mnist-dirichlet-a01-20-20261004,6,0,fc1,min,-0.011904774233698845,0
fedavg-mnist-dirichlet-a01-20-20261004,6,0,fc1,max,0.01251121237874031,0
fedavg-mnist-dirichlet-a01-20-20261004,6,0,fc1,l1,30.703934647152778,0
fedavg-mnist-dirichlet-a01-20-20261004,6,0,fc1,l2,0.21495522553722865,0
fedavg-mnist-dirichlet-a01-20-20261004,6,0,fc1,max_abs,0.01251121237874031,0
fedavg-mnist-dirichlet-a01-20-20261004,6,0,fc1,sparsity,0.0929632727852135,0
fedavg-mnist-dirichlet-a01-20-20261004,6,0,fc1,skewness,0.39028043256132683,0
fedavg-mnist-dirichlet-a01-20-20261004,6,0,fc1,kurtosis,33.12080343971516,0
fedavg-mnist-dirichlet-a01-20-20261004,6,0,output,mean,-9.541578877430696e-11,0
fedavg-mnist-dirichlet-a01-20-20261004,6,0,output,std,0.005249734686517121,0
fedavg-mnist-dirichlet-a01-20-20261004,6,0,output,median,-0.0014703338965773582,0
fedavg-mnist-dirichlet-a01-20-20261004,6,0,output,min,-0.00783616304397583,0
fedavg-mnist-dirichlet-a01-20-20261004,6,0,output,max,0.031410396099090576,0
fedavg-mnist-dirichlet-a01-20-20261004,6,0,output,l1,2.097228489437839,0
fedavg-mnist-dirichlet-a01-20-20261004,6,0,output,l2,0.1338424980386785,0
fedavg-mnist-dirichlet-a01-20-20261004,6,0,output,max_abs,0.031410396099090576,0
fedavg-mnist-dirichlet-a01-20-20261004,6,0,output,sparsity,0.06153846153846154,0
fedavg-mnist-dirichlet-a01-20-20261004,6,0,output,skewness,2.486938520683575,0
fedavg-mnist-dirichlet-a01-20-20261004,6,0,output,kurtosis,6.73543114161286,0
fedavg-mnist-dirichlet-a01-20-20261004,6,1,conv1,mean,0.0027446382620837538,0
fedavg-mnist-dirichlet-a01-20-20261004,6,1,conv1,std,0.004300554877010163,0
fedavg-mnist-dirichlet-a01-20-20261004,6,1,conv1,median,0.0003368556499481201,0
fedavg-mnist-dirichlet-a01-20-20261004,6,1,conv1,min,-0.001379057765007019,0
fedavg-mnist-dirichlet-a01-20-20261004,6,1,conv1,max,0.014885395765304565,0
fedavg-mnist-dirichlet-a01-20-20261004,6,1,conv1,l1,0.4599821912124753,0
fedavg-mnist-dirichlet-a01-20-20261004,6,1,conv1,l2,0.06453254861214769,0
fedavg-mnist-dirichlet-a01-20-20261004,6,1,conv1,max_abs,0.014885395765304565,0
fedavg-mnist-dirichlet-a01-20-20261004,6,1,conv1,sparsity,0.0,0
fedavg-mnist-dirichlet-a01-20-20261004,6,1,conv1,skewness,1.4908610958796886,0
fedavg-mnist-dirichlet-a01-20-20261004,6,1,conv1,kurtosis,0.9677032560385124,0
fedavg-mnist-dirichlet-a01-20-20261004,6,1,conv2,mean,0.0002663434241577338,0
fedavg-mnist-dirichlet-a01-20-20261004,6,1,conv2,std,0.0012127148177946952,0
fedavg-mnist-dirichlet-a01-20-20261004,6,1,conv2,median,1.5599653124809265e-05,0
fedavg-mnist-dirichlet-a01-20-20261004,6,1,conv2,min,-0.0033895932137966156,0
fedavg-mnist-dirichlet-a01-20-20261004,6,1,conv2,max,0.014541387557983398,0
fedavg-mnist-dirichlet-a01-20-20261004,6,1,conv2,l1,2.4866331908488064,0
fedavg-mnist-dirichlet-a01-20-20261004,6,1,conv2,l2,0.08457599226053286,0
fedavg-mnist-dirichlet-a01-20-20261004,6,1,conv2,max_abs,0.014541387557983398,0
fedavg-mnist-dirichlet-a01-20-20261004,6,1,conv2,sparsity,0.0,0
fedavg-mnist-dirichlet-a01-20-20261004,6,1,conv2,skewness,4.86357618697514,0
fedavg-mnist-dirichlet-a01-20-20261004,6,1,conv2,kurtosis,37.41662006940556,0
fedavg-mnist-dirichlet-a01-20-20261004,6,1,fc1,mean,2.0816141494072727e-05,0
fedavg-mnist-dirichlet-a01-20-20261004,6,1,fc1,std,0.0006428655391473677,0
fedavg-mnist-dirichlet-a01-20-20261004,6,1,fc1,median,0.0,0
fedavg-mnist-dirichlet-a01-20-20261004,6,1,fc1,min,-0.01232476532459259,0
fedavg-mnist-dirichlet-a01-20-20261004,6,1,fc1,max,0.010384345427155495,0
fedavg-mnist-dirichlet-a01-20-20261004,6,1,fc1,l1,27.863963231258367,0
fedavg-mnist-dirichlet-a01-20-20261004,6,1,fc1,l2,0.20382110889913332,0
fedavg-mnist-dirichlet-a01-20-20261004,6,1,fc1,max_abs,0.01232476532459259,0
fedavg-mnist-dirichlet-a01-20-20261004,6,1,fc1,sparsity,0.08601218929254302,0
fedavg-mnist-dirichlet-a01-20-20261004,6,1,fc1,skewness,0.6513621715493074,0
fedavg-mnist-dirichlet-a01-20-20261004,6,1,fc1,kurtosis,37.385323333048795,0
fedavg-mnist-dirichlet-a01-20-20261004,6,1,output,mean,1.9701054463019738e-10,0
fedavg-mnist-dirichlet-a01-20-20261004,6,1,output,std,0.004434022068003937,0
fedavg-mnist-dirichlet-a01-20-20261004,6,1,output,median,-0.0007163360714912415,0
fedavg-mnist-dirichlet-a01-20-20261004,6,1,output,min,-0.009832412004470825,0
fedavg-mnist-dirichlet-a01-20-20261004,6,1,output,max,0.025085650384426117,0
fedavg-mnist-dirichlet-a01-20-20261004,6,1,output,l1,1.9970076398458332,0
fedavg-mnist-dirichlet-a01-20-20261004,6,1,output,l2,0.11304582524226565,0
fedavg-mnist-dirichlet-a01-20-20261004,6,1,output,max_abs,0.025085650384426117,0
fedavg-mnist-dirichlet-a01-20-20261004,6,1,output,sparsity,0.046153846153846156,0
fedavg-mnist-dirichlet-a01-20-20261004,6,1,output,skewness,1.5208796289696522,0
fedavg-mnist-dirichlet-a01-20-20261004,6,1,output,kurtosis,4.03889096706707,0
fedavg-mnist-dirichlet-a01-20-20261004,6,2,conv1,mean,0.0015846847440116108,0
fedavg-mnist-dirichlet-a01-20-20261004,6,2,conv1,std,0.002360649046131731,0
fedavg-mnist-dirichlet-a01-20-20261004,6,2,conv1,median,0.00036438554525375366,0
fedavg-mnist-dirichlet-a01-20-20261004,6,2,conv1,min,-0.0005027651786804199,0
fedavg-mnist-dirichlet-a01-20-20261004,6,2,conv1,max,0.00873836874961853,0
fedavg-mnist-dirichlet-a01-20-20261004,6,2,conv1,l1,0.27094376645982265,0
fedavg-mnist-dirichlet-a01-20-20261004,6,2,conv1,l2,0.03596418141852985,0
fedavg-mnist-dirichlet-a01-20-20261004,6,2,conv1,max_abs,0.00873836874961853,0
fedavg-mnist-dirichlet-a01-20-20261004,6,2,conv1,sparsity,0.0,0
fedavg-mnist-dirichlet-a01-20-20261004,6,2,conv1,skewness,1.396486391999992,0
fedavg-mnist-dirichlet-a01-20-20261004,6,2,conv1,kurtosis,0.7370299361025907,0
fedavg-mnist-dirichlet-a01-20-20261004,6,2,conv2,mean,0.00017265149268527678,0
fedavg-mnist-dirichlet-a01-20-20261004,6,2,conv2,std,0.000733856560165386,0
fedavg-mnist-dirichlet-a01-20-20261004,6,2,conv2,median,1.0946765542030334e-05,0
fedavg-mnist-dirichlet-a01-20-20261004,6,2,conv2,min,-0.002010021358728409,0
fedavg-mnist-dirichlet-a01-20-20261004,6,2,conv2,max,0.007813915610313416,0
fedavg-mnist-dirichlet-a01-20-20261004,6,2,conv2,l1,1.685097821369709,0
fedavg-mnist-dirichlet-a01-20-20261004,6,2,conv2,l2,0.05135331058602174,0
fedavg-mnist-dirichlet-a01-20-20261004,6,2,conv2,max_abs,0.007813915610313416,0
fedavg-mnist-dirichlet-a01-20-20261004,6,2,conv2,sparsity,0.0,0
fedavg-mnist-dirichlet-a01-20-20261004,6,2,conv2,skewness,3.5587438181255995,0
fedavg-mnist-dirichlet-a01-20-20261004,6,2,conv2,kurtosis,20.267213604090966,0
fedavg-mnist-dirichlet-a01-20-20261004,6,2,fc1,mean,9.602483004373125e-06,0
fedavg-mnist-dirichlet-a01-20-20261004,6,2,fc1,std,0.0006851853304482408,0
fedavg-mnist-dirichlet-a01-20-20261004,6,2,fc1,median,0.0,0
fedavg-mnist-dirichlet-a01-20-20261004,6,2,fc1,min,-0.012202277779579163,0
fedavg-mnist-dirichlet-a01-20-20261004,6,2,fc1,max,0.014081604778766632,0
fedavg-mnist-dirichlet-a01-20-20261004,6,2,fc1,l1,28.604702541010738,0
fedavg-mnist-dirichlet-a01-20-20261004,6,2,fc1,l2,0.21714616291876723,0
fedavg-mnist-dirichlet-a01-20-20261004,6,2,fc1,max_abs,0.014081604778766632,0
fedavg-mnist-dirichlet-a01-20-20261004,6,2,fc1,sparsity,0.09686703314212874,0
fedavg-mnist-dirichlet-a01-20-20261004,6,2,fc1,skewness,1.1409065441023816,0
fedavg-mnist-dirichlet-a01-20-20261004,6,2,fc1,kurtosis,46.69975767426751,0
fedavg-mnist-dirichlet-a01-20-20261004,6,2,output,mean,-1.2993740920837108e-10,0
fedavg-mnist-dirichlet-a01-20-20261004,6,2,output,std,0.004764318788154966,0
fedavg-mnist-dirichlet-a01-20-20261004,6,2,output,median,-0.0008564665913581848,0
fedavg-mnist-dirichlet-a01-20-20261004,6,2,output,min,-0.010263815522193909,0
fedavg-mnist-dirichlet-a01-20-20261004,6,2,output,max,0.0233842134475708,0
fedavg-mnist-dirichlet-a01-20-20261004,6,2,output,l1,2.0741435979143716,0
fedavg-mnist-dirichlet-a01-20-20261004,6,2,output,l2,0.12146677234889455,0
fedavg-mnist-dirichlet-a01-20-20261004,6,2,output,max_abs,0.0233842134475708,0
fedavg-mnist-dirichlet-a01-20-20261004,6,2,output,sparsity,0.06923076923076923,0
fedavg-mnist-dirichlet-a01-20-20261004,6,2,output,skewness,1.6803623985499594,0
fedavg-mnist-dirichlet-a01-20-20261004,6,2,output,kurtosis,4.38505651989051,0
fedavg-mnist-dirichlet-a01-20-20261004,6,3,conv1,mean,0.004813131247647107,0
fedavg-mnist-dirichlet-a01-20-20261004,6,3,conv1,std,0.0072151744976415,0
fedavg-mnist-dirichlet-a01-20-20261004,6,3,conv1,median,0.0009344369173049927,0
fedavg-mnist-dirichlet-a01-20-20261004,6,3,conv1,min,-0.001265794038772583,0
fedavg-mnist-dirichlet-a01-20-20261004,6,3,conv1,max,0.025146925821900368,0
fedavg-mnist-dirichlet-a01-20-20261004,6,3,conv1,l1,0.7958388328552246,0
fedavg-mnist-dirichlet-a01-20-20261004,6,3,conv1,l2,0.10970868730487536,0
fedavg-mnist-dirichlet-a01-20-20261004,6,3,conv1,max_abs,0.025146925821900368,0
fedavg-mnist-dirichlet-a01-20-20261004,6,3,conv1,sparsity,0.0,0
fedavg-mnist-dirichlet-a01-20-20261004,6,3,conv1,skewness,1.4283300699241903,0
fedavg-mnist-dirichlet-a01-20-20261004,6,3,conv1,kurtosis,0.7346119596926095,0
fedavg-mnist-dirichlet-a01-20-20261004,6,3,conv2,mean,0.0006080678020727395,0
fedavg-mnist-dirichlet-a01-20-20261004,6,3,conv2,std,0.0018886611224910603,0
fedavg-mnist-dirichlet-a01-20-20261004,6,3,conv2,median,0.00012368708848953247,0
fedavg-mnist-dirichlet-a01-20-20261004,6,3,conv2,min,-0.005373857915401459,0
fedavg-mnist-dirichlet-a01-20-20261004,6,3,conv2,max,0.021734148263931274,0
fedavg-mnist-dirichlet-a01-20-20261004,6,3,conv2,l1,4.066941186843906,0
fedavg-mnist-dirichlet-a01-20-20261004,6,3,conv2,l2,0.13515433035653787,0
fedavg-mnist-dirichlet-a01-20-20261004,6,3,conv2,max_abs,0.021734148263931274,0
fedavg-mnist-dirichlet-a01-20-20261004,6,3,conv2,sparsity,0.0,0
fedavg-mnist-dirichlet-a01-20-20261004,6,3,conv2,skewness,4.345420316693809,0
fedavg-mnist-dirichlet-a01-20-20261004,6,3,conv2,kurtosis,29.113893830498284,0
fedavg-mnist-dirichlet-a01-20-20261004,6,3,fc1,mean,1.8803647061838e-05,0
fedavg-mnist-dirichlet-a01-20-20261004,6,3,fc1,std,0.0007896479284141509,0
fedavg-mnist-dirichlet-a01-20-20261004,6,3,fc1,median,0.0,0
fedavg-mnist-dirichlet-a01-20-20261004,6,3,fc1,min,-0.013318780809640884,0
fedavg-mnist-dirichlet-a01-20-20261004,6,3,fc1,max,0.01572992093861103,0
fedavg-mnist-dirichlet-a01-20-20261004,6,3,fc1,l1,36.77616005515779,0
fedavg-mnist-dirichlet-a01-20-20261004,6,3,fc1,l2,0.2502983901850012,0
fedavg-mnist-dirichlet-a01-20-20261004,6,3,fc1,max_abs,0.01572992093861103,0
fedavg-mnist-dirichlet-a01-20-20261004,6,3,fc1,sparsity,0.04479365838113448,0
fedavg-mnist-dirichlet-a01-20-20261004,6,3,fc1,skewness,0.7708831845484481,0
fedavg-mnist-dirichlet-a01-20-20261004,6,3,fc1,kurtosis,30.15646423796285,0
fedavg-mnist-dirichlet-a01-20-20261004,6,3,output,mean,2.344425481099349e-10,0
fedavg-mnist-dirichlet-a01-20-20261004,6,3,output,std,0.005136626539696106,0
fedavg-mnist-dirichlet-a01-20-20261004,6,3,output,median,-0.0009534694254398346,0
fedavg-mnist-dirichlet-a01-20-20261004,6,3,output,min,-0.012549832463264465,0
fedavg-mnist-dirichlet-a01-20-20261004,6,3,output,max,0.02442176640033722,0
fedavg-mnist-dirichlet-a01-20-20261004,6,3,output,l1,2.3512819915777072,0
fedavg-mnist-dirichlet-a01-20-20261004,6,3,output,l2,0.1309587947997453,0
fedavg-mnist-dirichlet-a01-20-20261004,6,3,output,max_abs,0.02442176640033722,0
fedavg-mnist-dirichlet-a01-20-20261004,6,3,output,sparsity,0.015384615384615385,0
fedavg-mnist-dirichlet-a01-20-20261004,6,3,output,skewness,1.2607423526506047,0
fedavg-mnist-dirichlet-a01-20-20261004,6,3,output,kurtosis,2.1381951055264397,0
fedavg-mnist-dirichlet-a01-20-20261004,6,4,conv1,mean,0.0011425627817516215,0
fedavg-mnist-dirichlet-a01-20-20261004,6,4,conv1,std,0.0017784864735839083,0
fedavg-mnist-dirichlet-a01-20-20261004,6,4,conv1,median,0.00039623677730560303,0
fedavg-mnist-dirichlet-a01-20-20261004,6,4,conv1,min,-0.0009148716926574707,0
fedavg-mnist-dirichlet-a01-20-20261004,6,4,conv1,max,0.007465958595275879,0
fedavg-mnist-dirichlet-a01-20-20261004,6,4,conv1,l1,0.20710572670213878,0
fedavg-mnist-dirichlet-a01-20-20261004,6,4,conv1,l2,0.026738627779195938,0
fedavg-mnist-dirichlet-a01-20-20261004,6,4,conv1,max_abs,0.007465958595275879,0
fedavg-mnist-dirichlet-a01-20-20261004,6,4,conv1,sparsity,0.0,0
fedavg-mnist-dirichlet-a01-20-20261004,6,4,conv1,skewness,1.5157389902435248,0
fedavg-mnist-dirichlet-a01-20-20261004,6,4,conv1,kurtosis,1.583261161314578,0
fedavg-mnist-dirichlet-a01-20-20261004,6,4,conv2,mean,0.00013180250717313951,0
fedavg-mnist-dirichlet-a01-20-20261004,6,4,conv2,std,0.0006681387612648576,0
fedavg-mnist-dirichlet-a01-20-20261004,6,4,conv2,median,3.071967512369156e-05,0
fedavg-mnist-dirichlet-a01-20-20261004,6,4,conv2,min,-0.0031847693026065826,0
fedavg-mnist-dirichlet-a01-20-20261004,6,4,conv2,max,0.005238741636276245,0
fedavg-mnist-dirichlet-a01-20-20261004,6,4,conv2,l1,1.7430704474827508,0
fedavg-mnist-dirichlet-a01-20-20261004,6,4,conv2,l2,0.04638906397132539,0
fedavg-mnist-dirichlet-a01-20-20261004,6,4,conv2,max_abs,0.005238741636276245,0
fedavg-mnist-dirichlet-a01-20-20261004,6,4,conv2,sparsity,0.0,0
fedavg-mnist-dirichlet-a01-20-20261004,6,4,conv2,skewness,2.128484503184333,0
fedavg-mnist-dirichlet-a01-20-20261004,6,4,conv2,kurtosis,11.036587658263771,0
fedavg-mnist-dirichlet-a01-20-20261004,6,4,fc1,mean,-1.0275540114417781e-05,0
fedavg-mnist-dirichlet-a01-20-20261004,6,4,fc1,std,0.0007808754522036467,0
fedavg-mnist-dirichlet-a01-20-20261004,6,4,fc1,median,0.0,0
fedavg-mnist-dirichlet-a01-20-20261004,6,4,fc1,min,-0.011060668155550957,0
fedavg-mnist-dirichlet-a01-20-20261004,6,4,fc1,max,0.01306307315826416,0
fedavg-mnist-dirichlet-a01-20-20261004,6,4,fc1,l1,36.35039100221138,0
fedavg-mnist-dirichlet-a01-20-20261004,6,4,fc1,l2,0.2474690134830179,0
fedavg-mnist-dirichlet-a01-20-20261004,6,4,fc1,max_abs,0.01306307315826416,0
fedavg-mnist-dirichlet-a01-20-20261004,6,4,fc1,sparsity,0.08815328234544295,0
fedavg-mnist-dirichlet-a01-20-20261004,6,4,fc1,skewness,0.14817631505094558,0
fedavg-mnist-dirichlet-a01-20-20261004,6,4,fc1,kurtosis,26.923691494747633,0
fedavg-mnist-dirichlet-a01-20-20261004,6,4,output,mean,4.1246844025758596e-10,0
fedavg-mnist-dirichlet-a01-20-20261004,6,4,output,std,0.004648227233400493,0
fedavg-mnist-dirichlet-a01-20-20261004,6,4,output,median,-0.0010076360777020454,0
fedavg-mnist-dirichlet-a01-20-20261004,6,4,output,min,-0.016648396849632263,0
fedavg-mnist-dirichlet-a01-20-20261004,6,4,output,max,0.02650541067123413,0
fedavg-mnist-dirichlet-a01-20-20261004,6,4,output,l1,2.088526532286778,0
fedavg-mnist-dirichlet-a01-20-20261004,6,4,output,l2,0.11850700683361305,0
fedavg-mnist-dirichlet-a01-20-20261004,6,4,output,max_abs,0.02650541067123413,0
fedavg-mnist-dirichlet-a01-20-20261004,6,4,output,sparsity,0.06769230769230769,0
fedavg-mnist-dirichlet-a01-20-20261004,6,4,output,skewness,1.566534754759721,0
fedavg-mnist-dirichlet-a01-20-20261004,6,4,output,kurtosis,4.587662761150235,0
fedavg-mnist-dirichlet-a01-20-20261004,7,0,conv1,mean,0.0007135126492357813,0
fedavg-mnist-dirichlet-a01-20-20261004,7,0,conv1,std,0.0010949818221688797,0
fedavg-mnist-dirichlet-a01-20-20261004,7,0,conv1,median,0.00019832863472402096,0
fedavg-mnist-dirichlet-a01-20-20261004,7,0,conv1,min,-0.0003803372383117676,0
fedavg-mnist-dirichlet-a01-20-20261004,7,0,conv1,max,0.0041685402393341064,0
fedavg-mnist-dirichlet-a01-20-20261004,7,0,conv1,l1,0.12480353959836066,0
fedavg-mnist-dirichlet-a01-20-20261004,7,0,conv1,l2,0.016531596373005206,0
fedavg-mnist-dirichlet-a01-20-20261004,7,0,conv1,max_abs,0.0041685402393341064,0
fedavg-mnist-dirichlet-a01-20-20261004,7,0,conv1,sparsity,0.0,0
fedavg-mnist-dirichlet-a01-20-20261004,7,0,conv1,skewness,1.5574631015282825,0
fedavg-mnist-dirichlet-a01-20-20261004,7,0,conv1,kurtosis,1.4039748775340337,0
fedavg-mnist-dirichlet-a01-20-20261004,7,0,conv2,mean,0.00013798530312042516,0
fedavg-mnist-dirichlet-a01-20-20261004,7,0,conv2,std,0.00037949180502958534,0
fedavg-mnist-dirichlet-a01-20-20261004,7,0,conv2,median,3.111734986305237e-05,0
fedavg-mnist-dirichlet-a01-20-20261004,7,0,conv2,min,-0.0008244388736784458,0
fedavg-mnist-dirichlet-a01-20-20261004,7,0,conv2,max,0.0034109652042388916,0
fedavg-mnist-dirichlet-a01-20-20261004,7,0,conv2,l1,0.9832025787691236,0
fedavg-mnist-dirichlet-a01-20-20261004,7,0,conv2,l2,0.02750582554992627,0
fedavg-mnist-dirichlet-a01-20-20261004,7,0,conv2,max_abs,0.0034109652042388916,0
fedavg-mnist-dirichlet-a01-20-20261004,7,0,conv2,sparsity,0.0004310344827586207,0
fedavg-mnist-dirichlet-a01-20-20261004,7,0,conv2,skewness,2.9285927083714527,0
fedavg-mnist-dirichlet-a01-20-20261004,7,0,conv2,kurtosis,13.239955726324684,0
fedavg-mnist-dirichlet-a01-20-20261004,7,0,fc1,mean,-1.5561274525885096e-05,0
fedavg-mnist-dirichlet-a01-20-20261004,7,0,fc1,std,0.0006236018811052681,0
fedavg-mnist-dirichlet-a01-20-20261004,7,0,fc1,median,0.0,0
fedavg-mnist-dirichlet-a01-20-20261004,7,0,fc1,min,-0.011590812355279922,0
fedavg-mnist-dirichlet-a01-20-20261004,7,0,fc1,max,0.011541004292666912,0
fedavg-mnist-dirichlet-a01-20-20261004,7,0,fc1,l1,27.51932211892631,0
fedavg-mnist-dirichlet-a01-20-20261004,7,0,fc1,l2,0.19767149634024925,0
fedavg-mnist-dirichlet-a01-20-20261004,7,0,fc1,max_abs,0.011590812355279922,0
fedavg-mnist-dirichlet-a01-20-20261004,7,0,fc1,sparsity,0.1021649936265137,0
fedavg-mnist-dirichlet-a01-20-20261004,7,0,fc1,skewness,-0.2173589550685072,0
fedavg-mnist-dirichlet-a01-20-20261004,7,0,fc1,kurtosis,36.73280623642222,0
fedavg-mnist-dirichlet-a01-20-20261004,7,0,output,mean,1.7229467630386352e-10,0
fedavg-mnist-dirichlet-a01-20-20261004,7,0,output,std,0.004766850419527968,0
fedavg-mnist-dirichlet-a01-20-20261004,7,0,output,median,-0.0012774337083101273,0
fedavg-mnist-dirichlet-a01-20-20261004,7,0,output,min,-0.007087908685207367,0
fedavg-mnist-dirichlet-a01-20-20261004,7,0,output,max,0.029188424348831177,0
fedavg-mnist-dirichlet-a01-20-20261004,7,0,output,l1,1.9054623523261398,0
fedavg-mnist-dirichlet-a01-20-20261004,7,0,output,l2,0.1215313165377554,0
fedavg-mnist-dirichlet-a01-20-20261004,7,0,output,max_abs,0.029188424348831177,0
fedavg-mnist-dirichlet-a01-20-20261004,7,0,output,sparsity,0.07692307692307693,0
fedavg-mnist-dirichlet-a01-20-20261004,7,0,output,skewness,2.5119282638896485,0
fedavg-mnist-dirichlet-a01-20-20261004,7,0,output,kurtosis,6.974832065405199,0
fedavg-mnist-dirichlet-a01-20-20261004,7,1,conv1,mean,0.0021380404476076366,0
fedavg-mnist-dirichlet-a01-20-20261004,7,1,conv1,std,0.0033284770492803518,0
fedavg-mnist-dirichlet-a01-20-20261004,7,1,conv1,median,0.00030224560759961605,0
fedavg-mnist-dirichlet-a01-20-20261004,7,1,conv1,min,-0.0015557706356048584,0
fedavg-mnist-dirichlet-a01-20-20261004,7,1,conv1,max,0.011744201183319092,0
fedavg-mnist-dirichlet-a01-20-20261004,7,1,conv1,l1,0.3631392465904355,0
fedavg-mnist-dirichlet-a01-20-20261004,7,1,conv1,l2,0.05003994632002284,0
fedavg-mnist-dirichlet-a01-20-20261004,7,1,conv1,max_abs,0.011744201183319092,0
fedavg-mnist-dirichlet-a01-20-20261004,7,1,conv1,sparsity,0.0,0
fedavg-mnist-dirichlet-a01-20-20261004,7,1,conv1,skewness,1.4635975926133542,0
fedavg-mnist-dirichlet-a01-20-20261004,7,1,conv1,kurtosis,0.930975777269472,0
fedavg-mnist-dirichlet-a01-20-20261004,7,1,conv2,mean,0.00014421328580973406,0
fedavg-mnist-dirichlet-a01-20-20261004,7,1,conv2,std,0.0009457816716355773,0
fedavg-mnist-dirichlet-a01-20-20261004,7,1,conv2,median,7.655471563339233e-07,0
fedavg-mnist-dirichlet-a01-20-20261004,7,1,conv2,min,-0.0036593936383724213,0
fedavg-mnist-dirichlet-a01-20-20261004,7,1,conv2,max,0.011014580726623535,0
fedavg-mnist-dirichlet-a01-20-20261004,7,1,conv2,l1,2.0322995978349354,0
fedavg-mnist-dirichlet-a01-20-20261004,7,1,conv2,l2,0.06516896540405591,0
fedavg-mnist-dirichlet-a01-20-20261004,7,1,conv2,max_abs,0.011014580726623535,0
fedavg-mnist-dirichlet-a01-20-20261004,7,1,conv2,sparsity,0.0,0
fedavg-mnist-dirichlet-a01-20-20261004,7,1,conv2,skewness,4.252041018377924,0
fedavg-mnist-dirichlet-a01-20-20261004,7,1,conv2,kurtosis,32.867080277668336,0
fedavg-mnist-dirichlet-a01-20-20261004,7,1,fc1,mean,4.701161659826013e-06,0
fedavg-mnist-dirichlet-a01-20-20261004,7,1,fc1,std,0.0005671285831741188,0
fedavg-mnist-dirichlet-a01-20-20261004,7,1,fc1,median,0.0,0
fedavg-mnist-dirichlet-a01-20-20261004,7,1,fc1,min,-0.011294461786746979,0
fedavg-mnist-dirichlet-a01-20-20261004,7,1,fc1,max,0.008889421820640564,0
fedavg-mnist-dirichlet-a01-20-20261004,7,1,fc1,l1,24.53630588549686,0
fedavg-mnist-dirichlet-a01-20-20261004,7,1,fc1,l2,0.1797206230809517,0
fedavg-mnist-dirichlet-a01-20-20261004,7,1,fc1,max_abs,0.011294461786746979,0
fedavg-mnist-dirichlet-a01-20-20261004,7,1,fc1,sparsity,0.08492670490758444,0
fedavg-mnist-dirichlet-a01-20-20261004,7,1,fc1,skewness,0.06990798676490038,0
fedavg-mnist-dirichlet-a01-20-20261004,7,1,fc1,kurtosis,36.92242582792007,0
fedavg-mnist-dirichlet-a01-20-20261004,7,1,output,mean,9.940077479069049e-11,0
fedavg-mnist-dirichlet-a01-20-20261004,7,1,output,std,0.0039310641787332875,0
fedavg-mnist-dirichlet-a01-20-20261004,7,1,output,median,-0.0007364340126514435,0
fedavg-mnist-dirichlet-a01-20-20261004,7,1,output,min,-0.00898357480764389,0
fedavg-mnist-dirichlet-a01-20-20261004,7,1,output,max,0.020491376519203186,0
fedavg-mnist-dirichlet-a01-20-20261004,7,1,output,l1,1.7731203808216378,0
fedavg-mnist-dirichlet-a01-20-20261004,7,1,output,l2,0.10022286478273316,0
fedavg-mnist-dirichlet-a01-20-20261004,7,1,output,max_abs,0.020491376519203186,0
fedavg-mnist-dirichlet-a01-20-20261004,7,1,output,sparsity,0.046153846153846156,0
fedavg-mnist-dirichlet-a01-20-20261004,7,1,output,skewness,1.4835843492511802,0
fedavg-mnist-dirichlet-a01-20-20261004,7,1,output,kurtosis,3.4674897349919203,0
fedavg-mnist-dirichlet-a01-20-20261004,7,2,conv1,mean,0.001128010984393768,0
fedavg-mnist-dirichlet-a01-20-20261004,7,2,conv1,std,0.0016670511990746993,0
fedavg-mnist-dirichlet-a01-20-20261004,7,2,conv1,median,0.0002872049808502197,0
fedavg-mnist-dirichlet-a01-20-20261004,7,2,conv1,min,-0.0008490681648254395,0
fedavg-mnist-dirichlet-a01-20-20261004,7,2,conv1,max,0.006478548049926758,0
fedavg-mnist-dirichlet-a01-20-20261004,7,2,conv1,l1,0.19557420583441854,0
fedavg-mnist-dirichlet-a01-20-20261004,7,2,conv1,l2,0.025460458695787523,0
fedavg-mnist-dirichlet-a01-20-20261004,7,2,conv1,max_abs,0.006478548049926758,0
fedavg-mnist-dirichlet-a01-20-20261004,7,2,conv1,sparsity,0.0,0
fedavg-mnist-dirichlet-a01-20-20261004,7,2,conv1,skewness,1.3792537465554757,0
fedavg-mnist-dirichlet-a01-20-20261004,7,2,conv1,kurtosis,0.7989658997118902,0
fedavg-mnist-dirichlet-a01-20-20261004,7,2,conv2,mean,6.16670040456264e-05,0
fedavg-mnist-dirichlet-a01-20-20261004,7,2,conv2,std,0.0005642456903968838,0
fedavg-mnist-dirichlet-a01-20-20261004,7,2,conv2,median,-7.204711437225342e-06,0
fedavg-mnist-dirichlet-a01-20-20261004,7,2,conv2,min,-0.002380106598138809,0
fedavg-mnist-dirichlet-a01-20-20261004,7,2,conv2,max,0.005736485123634338,0
fedavg-mnist-dirichlet-a01-20-20261004,7,2,conv2,l1,1.376295249989198,0
fedavg-mnist-dirichlet-a01-20-20261004,7,2,conv2,l2,0.038663894345113574,0
fedavg-mnist-dirichlet-a01-20-20261004,7,2,conv2,max_abs,0.005736485123634338,0
fedavg-mnist-dirichlet-a01-20-20261004,7,2,conv2,sparsity,0.0,0
fedavg-mnist-dirichlet-a01-20-20261004,7,2,conv2,skewness,2.7964608905615944,0
fedavg-mnist-dirichlet-a01-20-20261004,7,2,conv2,kurtosis,16.109151111773524,0
fedavg-mnist-dirichlet-a01-20-20261004,7,2,fc1,mean,-8.370751839658464e-06,0
fedavg-mnist-dirichlet-a01-20-20261004,7,2,fc1,std,0.0006321497596894668,0
fedavg-mnist-dirichlet-a01-20-20261004,7,2,fc1,median,0.0,0
fedavg-mnist-dirichlet-a01-20-20261004,7,2,fc1,min,-0.011738326400518417,0
fedavg-mnist-dirichlet-a01-20-20261004,7,2,fc1,max,0.013158787041902542,0
fedavg-mnist-dirichlet-a01-20-20261004,7,2,fc1,l1,26.181943533235653,0
fedavg-mnist-dirichlet-a01-20-20261004,7,2,fc1,l2,0.2003362351289863,0
fedavg-mnist-dirichlet-a01-20-20261004,7,2,fc1,max_abs,0.013158787041902542,0
fedavg-mnist-dirichlet-a01-20-20261004,7,2,fc1,sparsity,0.11701322498406629,0
fedavg-mnist-dirichlet-a01-20-20261004,7,2,fc1,skewness,0.7249495912659971,0
fedavg-mnist-dirichlet-a01-20-20261004,7,2,fc1,kurtosis,47.5837078980118,0
fedavg-mnist-dirichlet-a01-20-20261004,7,2,output,mean,4.2876658531335685e-10,0
fedavg-mnist-dirichlet-a01-20-20261004,7,2,output,std,0.004398975209324309,0
fedavg-mnist-dirichlet-a01-20-20261004,7,2,output,median,-0.0007965564727783203,0
fedavg-mnist-dirichlet-a01-20-20261004,7,2,output,min,-0.010460421442985535,0
fedavg-mnist-dirichlet-a01-20-20261004,7,2,output,max,0.020496360957622528,0
fedavg-mnist-dirichlet-a01-20-20261004,7,2,output,l1,1.9552241833880544,0
fedavg-mnist-dirichlet-a01-20-20261004,7,2,output,l2,0.1121523021607783,0
fedavg-mnist-dirichlet-a01-20-20261004,7,2,output,max_abs,0.020496360957622528,0
fedavg-mnist-dirichlet-a01-20-20261004,7,2,output,sparsity,0.09230769230769231,0
fedavg-mnist-dirichlet-a01-20-20261004,7,2,output,skewness,1.4652145125406197,0
fedavg-mnist-dirichlet-a01-20-20261004,7,2,output,kurtosis,3.358954187312742,0
fedavg-mnist-dirichlet-a01-20-20261004,7,3,conv1,mean,0.0038275738479569554,0
fedavg-mnist-dirichlet-a01-20-20261004,7,3,conv1,std,0.0057530106941293836,0
fedavg-mnist-dirichlet-a01-20-20261004,7,3,conv1,median,0.0007218681275844574,0
fedavg-mnist-dirichlet-a01-20-20261004,7,3,conv1,min,-0.0009248852729797363,0
fedavg-mnist-dirichlet-a01-20-20261004,7,3,conv1,max,0.019966203719377518,0
fedavg-mnist-dirichlet-a01-20-20261004,7,3,conv1,l1,0.6364598413929343,0
fedavg-mnist-dirichlet-a01-20-20261004,7,3,conv1,l2,0.08740476289844261,0
fedavg-mnist-dirichlet-a01-20-20261004,7,3,conv1,max_abs,0.019966203719377518,0
fedavg-mnist-dirichlet-a01-20-20261004,7,3,conv1,sparsity,0.0,0
fedavg-mnist-dirichlet-a01-20-20261004,7,3,conv1,skewness,1.423549746560365,0
fedavg-mnist-dirichlet-a01-20-20261004,7,3,conv1,kurtosis,0.7210411199952107,0
fedavg-mnist-dirichlet-a01-20-20261004,7,3,conv2,mean,0.0004587361574710391,0
fedavg-mnist-dirichlet-a01-20-20261004,7,3,conv2,std,0.0014838752234959261,0
fedavg-mnist-dirichlet-a01-20-20261004,7,3,conv2,median,8.746981620788574e-05,0
fedavg-mnist-dirichlet-a01-20-20261004,7,3,conv2,min,-0.004402440041303635,0
fedavg-mnist-dirichlet-a01-20-20261004,7,3,conv2,max,0.01659214496612549,0
fedavg-mnist-dirichlet-a01-20-20261004,7,3,conv2,l1,3.1971002969658002,0
fedavg-mnist-dirichlet-a01-20-20261004,7,3,conv2,l2,0.10579785380901825,0
fedavg-mnist-dirichlet-a01-20-20261004,7,3,conv2,max_abs,0.01659214496612549,0
fedavg-mnist-dirichlet-a01-20-20261004,7,3,conv2,sparsity,0.0,0
fedavg-mnist-dirichlet-a01-20-20261004,7,3,conv2,skewness,4.225726992344122,0
fedavg-mnist-dirichlet-a01-20-20261004,7,3,conv2,kurtosis,27.602962707134147,0
fedavg-mnist-dirichlet-a01-20-20261004,7,3,fc1,mean,1.3968071946947614e-05,0
fedavg-mnist-dirichlet-a01-20-20261004,7,3,fc1,std,0.0006600980389699979,0
fedavg-mnist-dirichlet-a01-20-20261004,7,3,fc1,median,0.0,0
fedavg-mnist-dirichlet-a01-20-20261004,7,3,fc1,min,-0.011186042800545692,0
fedavg-mnist-dirichlet-a01-20-20261004,7,3,fc1,max,0.013488192111253738,0
fedavg-mnist-dirichlet-a01-20-20261004,7,3,fc1,l1,30.54169025258102,0
fedavg-mnist-dirichlet-a01-20-20261004,7,3,fc1,l2,0.20922188559584046,0
fedavg-mnist-dirichlet-a01-20-20261004,7,3,fc1,max_abs,0.013488192111253738,0
fedavg-mnist-dirichlet-a01-20-20261004,7,3,fc1,sparsity,0.04310070108349267,0
fedavg-mnist-dirichlet-a01-20-20261004,7,3,fc1,skewness,0.8207992950138313,0
fedavg-mnist-dirichlet-a01-20-20261004,7,3,fc1,kurtosis,31.312347767564077,0
fedavg-mnist-dirichlet-a01-20-20261004,7,3,output,mean,-7.502519740508153e-10,0
fedavg-mnist-dirichlet-a01-20-20261004,7,3,output,std,0.004441612670490895,0
fedavg-mnist-dirichlet-a01-20-20261004,7,3,output,median,-0.0008256537839770317,0
fedavg-mnist-dirichlet-a01-20-20261004,7,3,output,min,-0.010478019714355469,0
fedavg-mnist-dirichlet-a01-20-20261004,7,3,output,max,0.020758599042892456,0
fedavg-mnist-dirichlet-a01-20-20261004,7,3,output,l1,2.0627525687450543,0
fedavg-mnist-dirichlet-a01-20-20261004,7,3,output,l2,0.11323934839327178,0
fedavg-mnist-dirichlet-a01-20-20261004,7,3,output,max_abs,0.020758599042892456,0
fedavg-mnist-dirichlet-a01-20-20261004,7,3,output,sparsity,0.015384615384615385,0
fedavg-mnist-dirichlet-a01-20-20261004,7,3,output,skewness,1.1942064447663077,0
fedavg-mnist-dirichlet-a01-20-20261004,7,3,output,kurtosis,1.886144271365783,0
fedavg-mnist-dirichlet-a01-20-20261004,7,4,conv1,mean,0.0007484455141820945,0
fedavg-mnist-dirichlet-a01-20-20261004,7,4,conv1,std,0.001240943359113254,0
fedavg-mnist-dirichlet-a01-20-20261004,7,4,conv1,median,0.0003220457583665848,0
fedavg-mnist-dirichlet-a01-20-20261004,7,4,conv1,min,-0.001403212547302246,0
fedavg-mnist-dirichlet-a01-20-20261004,7,4,conv1,max,0.0053535401821136475,0
fedavg-mnist-dirichlet-a01-20-20261004,7,4,conv1,l1,0.14840068318881094,0
fedavg-mnist-dirichlet-a01-20-20261004,7,4,conv1,l2,0.018330787689465333,0
fedavg-mnist-dirichlet-a01-20-20261004,7,4,conv1,max_abs,0.0053535401821136475,0
fedavg-mnist-dirichlet-a01-20-20261004,7,4,conv1,sparsity,0.0,0
fedavg-mnist-dirichlet-a01-20-20261004,7,4,conv1,skewness,1.4126416064321858,0
fedavg-mnist-dirichlet-a01-20-20261004,7,4,conv1,kurtosis,1.798419113467581,0
fedavg-mnist-dirichlet-a01-20-20261004,7,4,conv2,mean,1.4138700241566203e-05,0
fedavg-mnist-dirichlet-a01-20-20261004,7,4,conv2,std,0.000596494269216563,0
fedavg-mnist-dirichlet-a01-20-20261004,7,4,conv2,median,2.1187588572502136e-07,0
fedavg-mnist-dirichlet-a01-20-20261004,7,4,conv2,min,-0.0037816762924194336,0
fedavg-mnist-dirichlet-a01-20-20261004,7,4,conv2,max,0.004541970789432526,0
fedavg-mnist-dirichlet-a01-20-20261004,7,4,conv2,l1,1.6197327716217842,0
fedavg-mnist-dirichlet-a01-20-20261004,7,4,conv2,l2,0.04064313799997033,0
fedavg-mnist-dirichlet-a01-20-20261004,7,4,conv2,max_abs,0.004541970789432526,0
fedavg-mnist-dirichlet-a01-20-20261004,7,4,conv2,sparsity,0.0,0
fedavg-mnist-dirichlet-a01-20-20261004,7,4,conv2,skewness,0.8533343099864864,0
fedavg-mnist-dirichlet-a01-20-20261004,7,4,conv2,kurtosis,8.358094776523393,0
fedavg-mnist-dirichlet-a01-20-20261004,7,4,fc1,mean,-3.211090431535672e-05,0
fedavg-mnist-dirichlet-a01-20-20261004,7,4,fc1,std,0.0007564245048397209,0
fedavg-mnist-dirichlet-a01-20-20261004,7,4,fc1,median,0.0,0
fedavg-mnist-dirichlet-a01-20-20261004,7,4,fc1,min,-0.01178734190762043,0
fedavg-mnist-dirichlet-a01-20-20261004,7,4,fc1,max,0.01281038485467434,0
fedavg-mnist-dirichlet-a01-20-20261004,7,4,fc1,l1,34.87833228957538,0
fedavg-mnist-dirichlet-a01-20-20261004,7,4,fc1,l2,0.23991533751042898,0
fedavg-mnist-dirichlet-a01-20-20261004,7,4,fc1,max_abs,0.01281038485467434,0
fedavg-mnist-dirichlet-a01-20-20261004,7,4,fc1,sparsity,0.11132688017845761,0
fedavg-mnist-dirichlet-a01-20-20261004,7,4,fc1,skewness,-0.32913747215313993,0
fedavg-mnist-dirichlet-a01-20-20261004,7,4,fc1,kurtosis,28.112299981121833,0
fedavg-mnist-dirichlet-a01-20-20261004,7,4,output,mean,2.2795015516189428e-10,0
fedavg-mnist-dirichlet-a01-20-20261004,7,4,output,std,0.0046236472442844085,0
fedavg-mnist-dirichlet-a01-20-20261004,7,4,output,median,-0.0009991182014346123,0
fedavg-mnist-dirichlet-a01-20-20261004,7,4,output,min,-0.016421549022197723,0
fedavg-mnist-dirichlet-a01-20-20261004,7,4,output,max,0.029561787843704224,0
fedavg-mnist-dirichlet-a01-20-20261004,7,4,output,l1,2.0299611200171057,0
fedavg-mnist-dirichlet-a01-20-20261004,7,4,output,l2,0.11788033761287867,0
fedavg-mnist-dirichlet-a01-20-20261004,7,4,output,max_abs,0.029561787843704224,0
fedavg-mnist-dirichlet-a01-20-20261004,7,4,output,sparsity,0.09230769230769231,0
fedavg-mnist-dirichlet-a01-20-20261004,7,4,output,skewness,1.8803993853292953,0
fedavg-mnist-dirichlet-a01-20-20261004,7,4,output,kurtosis,6.556683796808457,0
fedavg-mnist-dirichlet-a01-20-20261004,8,0,conv1,mean,0.0004620216292096302,0
fedavg-mnist-dirichlet-a01-20-20261004,8,0,conv1,std,0.0007261955300359765,0
fedavg-mnist-dirichlet-a01-20-20261004,8,0,conv1,median,0.00017745047807693481,0
fedavg-mnist-dirichlet-a01-20-20261004,8,0,conv1,min,-0.0003803074359893799,0
fedavg-mnist-dirichlet-a01-20-20261004,8,0,conv1,max,0.002825915813446045,0
fedavg-mnist-dirichlet-a01-20-20261004,8,0,conv1,l1,0.08289267541840672,0
fedavg-mnist-dirichlet-a01-20-20261004,8,0,conv1,l2,0.01088723240278633,0
fedavg-mnist-dirichlet-a01-20-20261004,8,0,conv1,max_abs,0.002825915813446045,0
fedavg-mnist-dirichlet-a01-20-20261004,8,0,conv1,sparsity,0.0,0
fedavg-mnist-dirichlet-a01-20-20261004,8,0,conv1,skewness,1.672011900495637,0
fedavg-mnist-dirichlet-a01-20-20261004,8,0,conv1,kurtosis,1.9912477119822274,0
fedavg-mnist-dirichlet-a01-20-20261004,8,0,conv2,mean,7.92992875631171e-05,0
fedavg-mnist-dirichlet-a01-20-20261004,8,0,conv2,std,0.0002981787010524527,0
fedavg-mnist-dirichlet-a01-20-20261004,8,0,conv2,median,1.5469267964363098e-05,0
fedavg-mnist-dirichlet-a01-20-20261004,8,0,conv2,min,-0.0009096496505662799,0
fedavg-mnist-dirichlet-a01-20-20261004,8,0,conv2,max,0.002291172742843628,0
fedavg-mnist-dirichlet-a01-20-20261004,8,0,conv2,l1,0.7802875056295306,0
fedavg-mnist-dirichlet-a01-20-20261004,8,0,conv2,l2,0.02101720639213892,0
fedavg-mnist-dirichlet-a01-20-20261004,8,0,conv2,max_abs,0.002291172742843628,0
fedavg-mnist-dirichlet-a01-20-20261004,8,0,conv2,sparsity,0.00021551724137931034,0
fedavg-mnist-dirichlet-a01-20-20261004,8,0,conv2,skewness,2.4295417090990528,0
fedavg-mnist-dirichlet-a01-20-20261004,8,0,conv2,kurtosis,11.432104016166457,0
fedavg-mnist-dirichlet-a01-20-20261004,8,0,fc1,mean,-2.318006702757023e-05,0
fedavg-mnist-dirichlet-a01-20-20261004,8,0,fc1,std,0.0005919182907433074,0
fedavg-mnist-dirichlet-a01-20-20261004,8,0,fc1,median,0.0,0
fedavg-mnist-dirichlet-a01-20-20261004,8,0,fc1,min,-0.011248186230659485,0
fedavg-mnist-dirichlet-a01-20-20261004,8,0,fc1,max,0.010771575383841991,0
fedavg-mnist-dirichlet-a01-20-20261004,8,0,fc1,l1,25.64635583815607,0
fedavg-mnist-dirichlet-a01-20-20261004,8,0,fc1,l2,0.18771370260855352,0
fedavg-mnist-dirichlet-a01-20-20261004,8,0,fc1,max_abs,0.011248186230659485,0
fedavg-mnist-dirichlet-a01-20-20261004,8,0,fc1,sparsity,0.10214507648183556,0
fedavg-mnist-dirichlet-a01-20-20261004,8,0,fc1,skewness,-0.6573859744175325,0
fedavg-mnist-dirichlet-a01-20-20261004,8,0,fc1,kurtosis,38.95603426350848,0
fedavg-mnist-dirichlet-a01-20-20261004,8,0,output,mean,-4.4596023284471954e-11,0
fedavg-mnist-dirichlet-a01-20-20261004,8,0,output,std,0.004402289339069319,0
fedavg-mnist-dirichlet-a01-20-20261004,8,0,output,median,-0.001058925874531269,0
fedavg-mnist-dirichlet-a01-20-20261004,8,0,output,min,-0.006756991147994995,0
fedavg-mnist-dirichlet-a01-20-20261004,8,0,output,max,0.027134358882904053,0
fedavg-mnist-dirichlet-a01-20-20261004,8,0,output,l1,1.7479912369744852,0
fedavg-mnist-dirichlet-a01-20-20261004,8,0,output,l2,0.1122367962219797,0
fedavg-mnist-dirichlet-a01-20-20261004,8,0,output,max_abs,0.027134358882904053,0
fedavg-mnist-dirichlet-a01-20-20261004,8,0,output,sparsity,0.07692307692307693,0
fedavg-mnist-dirichlet-a01-20-20261004,8,0,output,skewness,2.5227324438282923,0
fedavg-mnist-dirichlet-a01-20-20261004,8,0,output,kurtosis,7.175479925699053,0
fedavg-mnist-dirichlet-a01-20-20261004,8,1,conv1,mean,0.0017243924041395076,0
fedavg-mnist-dirichlet-a01-20-20261004,8,1,conv1,std,0.0026807597936753438,0
fedavg-mnist-dirichlet-a01-20-20261004,8,1,conv1,median,0.00026132911443710327,0
fedavg-mnist-dirichlet-a01-20-20261004,8,1,conv1,min,-0.0019722282886505127,0
fedavg-mnist-dirichlet-a01-20-20261004,8,1,conv1,max,0.00958368182182312,0
fedavg-mnist-dirichlet-a01-20-20261004,8,1,conv1,l1,0.2965571947861463,0
fedavg-mnist-dirichlet-a01-20-20261004,8,1,conv1,l2,0.040318734573079655,0
fedavg-mnist-dirichlet-a01-20-20261004,8,1,conv1,max_abs,0.00958368182182312,0
fedavg-mnist-dirichlet-a01-20-20261004,8,1,conv1,sparsity,0.0,0
fedavg-mnist-dirichlet-a01-20-20261004,8,1,conv1,skewness,1.4274838719651282,0
fedavg-mnist-dirichlet-a01-20-20261004,8,1,conv1,kurtosis,0.8654842664759794,0
fedavg-mnist-dirichlet-a01-20-20261004,8,1,conv2,mean,8.022512136778522e-05,0
fedavg-mnist-dirichlet-a01-20-20261004,8,1,conv2,std,0.0007713197552934326,0
fedavg-mnist-dirichlet-a01-20-20261004,8,1,conv2,median,-3.4123659133911133e-06,0
fedavg-mnist-dirichlet-a01-20-20261004,8,1,conv2,min,-0.0034376010298728943,0
fedavg-mnist-dirichlet-a01-20-20261004,8,1,conv2,max,0.008634835481643677,0
fedavg-mnist-dirichlet-a01-20-20261004,8,1,conv2,l1,1.7191690711588308,0
fedavg-mnist-dirichlet-a01-20-20261004,8,1,conv2,l2,0.05282383827800097,0
fedavg-mnist-dirichlet-a01-20-20261004,8,1,conv2,max_abs,0.008634835481643677,0
fedavg-mnist-dirichlet-a01-20-20261004,8,1,conv2,sparsity,0.0,0
fedavg-mnist-dirichlet-a01-20-20261004,8,1,conv2,skewness,3.708185924748539,0
fedavg-mnist-dirichlet-a01-20-20261004,8,1,conv2,kurtosis,29.06651015232344,0
fedavg-mnist-dirichlet-a01-20-20261004,8,1,fc1,mean,8.267871528531462e-07,0
fedavg-mnist-dirichlet-a01-20-20261004,8,1,fc1,std,0.0005099421527100628,0
fedavg-mnist-dirichlet-a01-20-20261004,8,1,fc1,median,0.0,0
fedavg-mnist-dirichlet-a01-20-20261004,8,1,fc1,min,-0.010277003981173038,0
fedavg-mnist-dirichlet-a01-20-20261004,8,1,fc1,max,0.007933277636766434,0
fedavg-mnist-dirichlet-a01-20-20261004,8,1,fc1,l1,22.048542006610205,0
fedavg-mnist-dirichlet-a01-20-20261004,8,1,fc1,l2,0.1615931483966908,0
fedavg-mnist-dirichlet-a01-20-20261004,8,1,fc1,max_abs,0.010277003981173038,0
fedavg-mnist-dirichlet-a01-20-20261004,8,1,fc1,sparsity,0.07977812300828553,0
fedavg-mnist-dirichlet-a01-20-20261004,8,1,fc1,skewness,-0.2884844711231284,0
fedavg-mnist-dirichlet-a01-20-20261004,8,1,fc1,kurtosis,36.180797539675005,0
fedavg-mnist-dirichlet-a01-20-20261004,8,1,output,mean,-3.406939168389027e-10,0
fedavg-mnist-dirichlet-a01-20-20261004,8,1,output,std,0.0035291694932137003,0
fedavg-mnist-dirichlet-a01-20-20261004,8,1,output,median,-0.0005724914371967316,0
fedavg-mnist-dirichlet-a01-20-20261004,8,1,output,min,-0.008457250893115997,0
fedavg-mnist-dirichlet-a01-20-20261004,8,1,output,max,0.017909005284309387,0
fedavg-mnist-dirichlet-a01-20-20261004,8,1,output,l1,1.5924335145682562,0
fedavg-mnist-dirichlet-a01-20-20261004,8,1,output,l2,0.08997652056336551,0
fedavg-mnist-dirichlet-a01-20-20261004,8,1,output,max_abs,0.017909005284309387,0
fedavg-mnist-dirichlet-a01-20-20261004,8,1,output,sparsity,0.046153846153846156,0
fedavg-mnist-dirichlet-a01-20-20261004,8,1,output,skewness,1.4526737579601638,0
fedavg-mnist-dirichlet-a01-20-20261004,8,1,output,kurtosis,3.0763346233839552,0
fedavg-mnist-dirichlet-a01-20-20261004,8,2,conv1,mean,0.0008851153441355563,0
fedavg-mnist-dirichlet-a01-20-20261004,8,2,conv1,std,0.001309790192003902,0
fedavg-mnist-dirichlet-a01-20-20261004,8,2,conv1,median,0.0002581067383289337,0
fedavg-mnist-dirichlet-a01-20-20261004,8,2,conv1,min,-0.0009479224681854248,0
fedavg-mnist-dirichlet-a01-20-20261004,8,2,conv1,max,0.005281299352645874,0
fedavg-mnist-dirichlet-a01-20-20261004,8,2,conv1,l1,0.15453940513543785,0
fedavg-mnist-dirichlet-a01-20-20261004,8,2,conv1,l2,0.01999591766133807,0
fedavg-mnist-dirichlet-a01-20-20261004,8,2,conv1,max_abs,0.005281299352645874,0
fedavg-mnist-dirichlet-a01-20-20261004,8,2,conv1,sparsity,0.0,0
fedavg-mnist-dirichlet-a01-20-20261004,8,2,conv1,skewness,1.3795267696206395,0
fedavg-mnist-dirichlet-a01-20-20261004,8,2,conv1,kurtosis,0.8965655402128929,0
fedavg-mnist-dirichlet-a01-20-20261004,8,2,conv2,mean,2.7551888269013504e-05,0
fedavg-mnist-dirichlet-a01-20-20261004,8,2,conv2,std,0.00046714451095310265,0
fedavg-mnist-dirichlet-a01-20-20261004,8,2,conv2,median,-1.043267548084259e-05,0
fedavg-mnist-dirichlet-a01-20-20261004,8,2,conv2,min,-0.0022429712116718292,0
fedavg-mnist-dirichlet-a01-20-20261004,8,2,conv2,max,0.004609227180480957,0
fedavg-mnist-dirichlet-a01-20-20261004,8,2,conv2,l1,1.1651943637334625,0
fedavg-mnist-dirichlet-a01-20-20261004,8,2,conv2,l2,0.03187603468228317,0
fedavg-mnist-dirichlet-a01-20-20261004,8,2,conv2,max_abs,0.004609227180480957,0
fedavg-mnist-dirichlet-a01-20-20261004,8,2,conv2,sparsity,0.0,0
fedavg-mnist-dirichlet-a01-20-20261004,8,2,conv2,skewness,2.437993218837586,0
fedavg-mnist-dirichlet-a01-20-20261004,8,2,conv2,kurtosis,14.76858456295238,0
fedavg-mnist-dirichlet-a01-20-20261004,8,2,fc1,mean,-1.4313186516945775e-05,0
fedavg-mnist-dirichlet-a01-20-20261004,8,2,fc1,std,0.0005788545844780021,0
fedavg-mnist-dirichlet-a01-20-20261004,8,2,fc1,median,0.0,0
fedavg-mnist-dirichlet-a01-20-20261004,8,2,fc1,min,-0.010090278461575508,0
fedavg-mnist-dirichlet-a01-20-20261004,8,2,fc1,max,0.01198948547244072,0
fedavg-mnist-dirichlet-a01-20-20261004,8,2,fc1,l1,23.85176057218149,0
fedavg-mnist-dirichlet-a01-20-20261004,8,2,fc1,l2,0.18348630784561337,0
fedavg-mnist-dirichlet-a01-20-20261004,8,2,fc1,max_abs,0.01198948547244072,0
fedavg-mnist-dirichlet-a01-20-20261004,8,2,fc1,sparsity,0.11488209050350542,0
fedavg-mnist-dirichlet-a01-20-20261004,8,2,fc1,skewness,0.7083544556541244,0
fedavg-mnist-dirichlet-a01-20-20261004,8,2,fc1,kurtosis,47.93172247713797,0
fedavg-mnist-dirichlet-a01-20-20261004,8,2,output,mean,-1.2537034658285287e-10,0
fedavg-mnist-dirichlet-a01-20-20261004,8,2,output,std,0.004129837532337574,0
fedavg-mnist-dirichlet-a01-20-20261004,8,2,output,median,-0.0007470017299056053,0
fedavg-mnist-dirichlet-a01-20-20261004,8,2,output,min,-0.010729499161243439,0
fedavg-mnist-dirichlet-a01-20-20261004,8,2,output,max,0.018398359417915344,0
fedavg-mnist-dirichlet-a01-20-20261004,8,2,output,l1,1.8487985322717577,0
fedavg-mnist-dirichlet-a01-20-20261004,8,2,output,l2,0.10529061082678587,0
fedavg-mnist-dirichlet-a01-20-20261004,8,2,output,max_abs,0.018398359417915344,0
fedavg-mnist-dirichlet-a01-20-20261004,8,2,output,sparsity,0.09230769230769231,0
fedavg-mnist-dirichlet-a01-20-20261004,8,2,output,skewness,1.3144469856962153,0
fedavg-mnist-dirichlet-a01-20-20261004,8,2,output,kurtosis,2.854349377424871,0
fedavg-mnist-dirichlet-a01-20-20261004,8,3,conv1,mean,0.003042754062335007,0
fedavg-mnist-dirichlet-a01-20-20261004,8,3,conv1,std,0.004588946298429967,0
fedavg-mnist-dirichlet-a01-20-20261004,8,3,conv1,median,0.0005968473851680756,0
fedavg-mnist-dirichlet-a01-20-20261004,8,3,conv1,min,-0.0007062256336212158,0
fedavg-mnist-dirichlet-a01-20-20261004,8,3,conv1,max,0.015826931223273277,0
fedavg-mnist-dirichlet-a01-20-20261004,8,3,conv1,l1,0.5080463089980185,0
fedavg-mnist-dirichlet-a01-20-20261004,8,3,conv1,l2,0.06964685826508504,0
fedavg-mnist-dirichlet-a01-20-20261004,8,3,conv1,max_abs,0.015826931223273277,0
fedavg-mnist-dirichlet-a01-20-20261004,8,3,conv1,sparsity,0.0,0
fedavg-mnist-dirichlet-a01-20-20261004,8,3,conv1,skewness,1.4216522035554793,0
fedavg-mnist-dirichlet-a01-20-20261004,8,3,conv1,kurtosis,0.7177040167410289,0
fedavg-mnist-dirichlet-a01-20-20261004,8,3,conv2,mean,0.00035935202751935665,0
fedavg-mnist-dirichlet-a01-20-20261004,8,3,conv2,std,0.0011769934675326067,0
fedavg-mnist-dirichlet-a01-20-20261004,8,3,conv2,median,6.829958874732256e-05,0
fedavg-mnist-dirichlet-a01-20-20261004,8,3,conv2,min,-0.0035997051745653152,0
fedavg-mnist-dirichlet-a01-20-20261004,8,3,conv2,max,0.012717708945274353,0
fedavg-mnist-dirichlet-a01-20-20261004,8,3,conv2,l1,2.5568868362970534,0
fedavg-mnist-dirichlet-a01-20-20261004,8,3,conv2,l2,0.0838274203984394,0
fedavg-mnist-dirichlet-a01-20-20261004,8,3,conv2,max_abs,0.012717708945274353,0
fedavg-mnist-dirichlet-a01-20-20261004,8,3,conv2,sparsity,0.00021551724137931034,0
fedavg-mnist-dirichlet-a01-20-20261004,8,3,conv2,skewness,4.086307385896817,0
fedavg-mnist-dirichlet-a01-20-20261004,8,3,conv2,kurtosis,25.790270359812173,0
fedavg-mnist-dirichlet-a01-20-20261004,8,3,fc1,mean,1.2849212013775558e-05,0
fedavg-mnist-dirichlet-a01-20-20261004,8,3,fc1,std,0.0005685680822215717,0
fedavg-mnist-dirichlet-a01-20-20261004,8,3,fc1,median,0.0,0
fedavg-mnist-dirichlet-a01-20-20261004,8,3,fc1,min,-0.009475387632846832,0
fedavg-mnist-dirichlet-a01-20-20261004,8,3,fc1,max,0.011648688465356827,0
fedavg-mnist-dirichlet-a01-20-20261004,8,3,fc1,l1,26.196948547386057,0
fedavg-mnist-dirichlet-a01-20-20261004,8,3,fc1,l2,0.1802166071699809,0
fedavg-mnist-dirichlet-a01-20-20261004,8,3,fc1,max_abs,0.011648688465356827,0
fedavg-mnist-dirichlet-a01-20-20261004,8,3,fc1,sparsity,0.04078035372848948,0
fedavg-mnist-dirichlet-a01-20-20261004,8,3,fc1,skewness,0.9642007255617527,0
fedavg-mnist-dirichlet-a01-20-20261004,8,3,fc1,kurtosis,32.20483757597492,0
fedavg-mnist-dirichlet-a01-20-20261004,8,3,output,mean,-3.768722168528117e-10,0
fedavg-mnist-dirichlet-a01-20-20261004,8,3,output,std,0.0038740038866067294,0
fedavg-mnist-dirichlet-a01-20-20261004,8,3,output,median,-0.0006575584411621094,0
fedavg-mnist-dirichlet-a01-20-20261004,8,3,output,min,-0.009102284908294678,0
fedavg-mnist-dirichlet-a01-20-20261004,8,3,output,max,0.017540663480758667,0
fedavg-mnist-dirichlet-a01-20-20261004,8,3,output,l1,1.8241063696623314,0
fedavg-mnist-dirichlet-a01-20-20261004,8,3,output,l2,0.09876810706771048,0
fedavg-mnist-dirichlet-a01-20-20261004,8,3,output,max_abs,0.017540663480758667,0
fedavg-mnist-dirichlet-a01-20-20261004,8,3,output,sparsity,0.015384615384615385,0
fedavg-mnist-dirichlet-a01-20-20261004,8,3,output,skewness,1.126165655920277,0
fedavg-mnist-dirichlet-a01-20-20261004,8,3,output,kurtosis,1.6547715112006545,0
fedavg-mnist-dirichlet-a01-20-20261004,8,4,conv1,mean,0.00044581050315173343,0
fedavg-mnist-dirichlet-a01-20-20261004,8,4,conv1,std,0.0008950570469436038,0
fedavg-mnist-dirichlet-a01-20-20261004,8,4,conv1,median,0.00022052042186260223,0
fedavg-mnist-dirichlet-a01-20-20261004,8,4,conv1,min,-0.00237274169921875,0
fedavg-mnist-dirichlet-a01-20-20261004,8,4,conv1,max,0.0037259459495544434,0
fedavg-mnist-dirichlet-a01-20-20261004,8,4,conv1,l1,0.10716714081354439,0
fedavg-mnist-dirichlet-a01-20-20261004,8,4,conv1,l2,0.012648314493267828,0
fedavg-mnist-dirichlet-a01-20-20261004,8,4,conv1,max_abs,0.0037259459495544434,0
fedavg-mnist-dirichlet-a01-20-20261004,8,4,conv1,sparsity,0.0,0
fedavg-mnist-dirichlet-a01-20-20261004,8,4,conv1,skewness,0.867643081631274,0
fedavg-mnist-dirichlet-a01-20-20261004,8,4,conv1,kurtosis,1.8784448259923483,0
fedavg-mnist-dirichlet-a01-20-20261004,8,4,conv2,mean,-6.409405003633483e-05,0
fedavg-mnist-dirichlet-a01-20-20261004,8,4,conv2,std,0.0005680592204374888,0
fedavg-mnist-dirichlet-a01-20-20261004,8,4,conv2,median,-1.7974525690078735e-05,0
fedavg-mnist-dirichlet-a01-20-20261004,8,4,conv2,min,-0.0040062591433525085,0
fedavg-mnist-dirichlet-a01-20-20261004,8,4,conv2,max,0.004017312079668045,0
fedavg-mnist-dirichlet-a01-20-20261004,8,4,conv2,l1,1.577809999420424,0
fedavg-mnist-dirichlet-a01-20-20261004,8,4,conv2,l2,0.03894032445688992,0
fedavg-mnist-dirichlet-a01-20-20261004,8,4,conv2,max_abs,0.004017312079668045,0
fedavg-mnist-dirichlet-a01-20-20261004,8,4,conv2,sparsity,0.0,0
fedavg-mnist-dirichlet-a01-20-20261004,8,4,conv2,skewness,-0.15966484803710077,0
fedavg-mnist-dirichlet-a01-20-20261004,8,4,conv2,kurtosis,7.6693554966296595,0
fedavg-mnist-dirichlet-a01-20-20261004,8,4,fc1,mean,-4.21715796008629e-05,0
fedavg-mnist-dirichlet-a01-20-20261004,8,4,fc1,std,0.0007161894159611977,0
fedavg-mnist-dirichlet-a01-20-20261004,8,4,fc1,median,0.0,0
fedavg-mnist-dirichlet-a01-20-20261004,8,4,fc1,min,-0.01162039116024971,0
fedavg-mnist-dirichlet-a01-20-20261004,8,4,fc1,max,0.012204764410853386,0
fedavg-mnist-dirichlet-a01-20-20261004,8,4,fc1,l1,32.83446512059095,0
fedavg-mnist-dirichlet-a01-20-20261004,8,4,fc1,l2,0.2273426703157554,0
fedavg-mnist-dirichlet-a01-20-20261004,8,4,fc1,max_abs,0.012204764410853386,0
fedavg-mnist-dirichlet-a01-20-20261004,8,4,fc1,sparsity,0.09863965901848311,0
fedavg-mnist-dirichlet-a01-20-20261004,8,4,fc1,skewness,-0.571044545204004,0
fedavg-mnist-dirichlet-a01-20-20261004,8,4,fc1,kurtosis,29.02587114174915,0
fedavg-mnist-dirichlet-a01-20-20261004,8,4,output,mean,-4.607360236919843e-11,0
fedavg-mnist-dirichlet-a01-20-20261004,8,4,output,std,0.004514860518013986,0
fedavg-mnist-dirichlet-a01-20-20261004,8,4,output,median,-0.0010558851063251495,0
fedavg-mnist-dirichlet-a01-20-20261004,8,4,output,min,-0.015412978827953339,0
fedavg-mnist-dirichlet-a01-20-20261004,8,4,output,max,0.030093401670455933,0
fedavg-mnist-dirichlet-a01-20-20261004,8,4,output,l1,1.9535349870857317,0
fedavg-mnist-dirichlet-a01-20-20261004,8,4,output,l2,0.11510680941251471,0
fedavg-mnist-dirichlet-a01-20-20261004,8,4,output,max_abs,0.030093401670455933,0
fedavg-mnist-dirichlet-a01-20-20261004,8,4,output,sparsity,0.07692307692307693,0
fedavg-mnist-dirichlet-a01-20-20261004,8,4,output,skewness,2.053299793526011,0
fedavg-mnist-dirichlet-a01-20-20261004,8,4,output,kurtosis,7.5127745445825,0
fedavg-mnist-dirichlet-a01-20-20261004,9,0,conv1,mean,0.0003320340751088224,0
fedavg-mnist-dirichlet-a01-20-20261004,9,0,conv1,std,0.0005412009998288417,0
fedavg-mnist-dirichlet-a01-20-20261004,9,0,conv1,median,0.00015206262469291687,0
fedavg-mnist-dirichlet-a01-20-20261004,9,0,conv1,min,-0.0003756284713745117,0
fedavg-mnist-dirichlet-a01-20-20261004,9,0,conv1,max,0.002114802598953247,0
fedavg-mnist-dirichlet-a01-20-20261004,9,0,conv1,l1,0.06140222982503474,0
fedavg-mnist-dirichlet-a01-20-20261004,9,0,conv1,l2,0.00803138990958959,0
fedavg-mnist-dirichlet-a01-20-20261004,9,0,conv1,max_abs,0.002114802598953247,0
fedavg-mnist-dirichlet-a01-20-20261004,9,0,conv1,sparsity,0.0,0
fedavg-mnist-dirichlet-a01-20-20261004,9,0,conv1,skewness,1.721286018086034,0
fedavg-mnist-dirichlet-a01-20-20261004,9,0,conv1,kurtosis,2.344270219172259,0
fedavg-mnist-dirichlet-a01-20-20261004,9,0,conv2,mean,5.193956277127717e-05,0
fedavg-mnist-dirichlet-a01-20-20261004,9,0,conv2,std,0.00025871157388312983,0
fedavg-mnist-dirichlet-a01-20-20261004,9,0,conv2,median,9.220093488693237e-06,0
fedavg-mnist-dirichlet-a01-20-20261004,9,0,conv2,min,-0.0009343167766928673,0
fedavg-mnist-dirichlet-a01-20-20261004,9,0,conv2,max,0.002013169229030609,0
fedavg-mnist-dirichlet-a01-20-20261004,9,0,conv2,l1,0.683222257248417,0
fedavg-mnist-dirichlet-a01-20-20261004,9,0,conv2,l2,0.01797443741591606,0
fedavg-mnist-dirichlet-a01-20-20261004,9,0,conv2,max_abs,0.002013169229030609,0
fedavg-mnist-dirichlet-a01-20-20261004,9,0,conv2,sparsity,0.00021551724137931034,0
fedavg-mnist-dirichlet-a01-20-20261004,9,0,conv2,skewness,2.0097987909143664,0
fedavg-mnist-dirichlet-a01-20-20261004,9,0,conv2,kurtosis,10.41006997937869,0
fedavg-mnist-dirichlet-a01-20-20261004,9,0,fc1,mean,-2.6356425128094108e-05,0
fedavg-mnist-dirichlet-a01-20-20261004,9,0,fc1,std,0.0005664194877211468,0
fedavg-mnist-dirichlet-a01-20-20261004,9,0,fc1,median,0.0,0
fedavg-mnist-dirichlet-a01-20-20261004,9,0,fc1,min,-0.010970693081617355,0
fedavg-mnist-dirichlet-a01-20-20261004,9,0,fc1,max,0.01023415382951498,0
fedavg-mnist-dirichlet-a01-20-20261004,9,0,fc1,l1,24.19600698618615,0
fedavg-mnist-dirichlet-a01-20-20261004,9,0,fc1,l2,0.17968395702350193,0
fedavg-mnist-dirichlet-a01-20-20261004,9,0,fc1,max_abs,0.010970693081617355,0
fedavg-mnist-dirichlet-a01-20-20261004,9,0,fc1,sparsity,0.10212515933715742,0
fedavg-mnist-dirichlet-a01-20-20261004,9,0,fc1,skewness,-0.8950478412088972,0
fedavg-mnist-dirichlet-a01-20-20261004,9,0,fc1,kurtosis,41.0512465490138,0
fedavg-mnist-dirichlet-a01-20-20261004,9,0,output,mean,-2.3126351432158397e-10,0
fedavg-mnist-dirichlet-a01-20-20261004,9,0,output,std,0.00411031811360921,0
fedavg-mnist-dirichlet-a01-20-20261004,9,0,output,median,-0.0009537995792925358,0
fedavg-mnist-dirichlet-a01-20-20261004,9,0,output,min,-0.0065265074372291565,0
fedavg-mnist-dirichlet-a01-20-20261004,9,0,output,max,0.025562092661857605,0
fedavg-mnist-dirichlet-a01-20-20261004,9,0,output,l1,1.618686424480984,0
fedavg-mnist-dirichlet-a01-20-20261004,9,0,output,l2,0.10479296134183638,0
fedavg-mnist-dirichlet-a01-20-20261004,9,0,output,max_abs,0.025562092661857605,0
fedavg-mnist-dirichlet-a01-20-20261004,9,0,output,sparsity,0.07692307692307693,0
fedavg-mnist-dirichlet-a01-20-20261004,9,0,output,skewness,2.543335553979257,0
fedavg-mnist-dirichlet-a01-20-20261004,9,0,output,kurtosis,7.494159270749346,0
fedavg-mnist-dirichlet-a01-20-20261004,9,1,conv1,mean,0.0014767300250241532,0
fedavg-mnist-dirichlet-a01-20-20261004,9,1,conv1,std,0.002290466133267812,0
fedavg-mnist-dirichlet-a01-20-20261004,9,1,conv1,median,0.00023742765188217163,0
fedavg-mnist-dirichlet-a01-20-20261004,9,1,conv1,min,-0.0019390583038330078,0
fedavg-mnist-dirichlet-a01-20-20261004,9,1,conv1,max,0.00829419493675232,0
fedavg-mnist-dirichlet-a01-20-20261004,9,1,conv1,l1,0.25493357004597783,0
fedavg-mnist-dirichlet-a01-20-20261004,9,1,conv1,l2,0.03447194029805607,0
fedavg-mnist-dirichlet-a01-20-20261004,9,1,conv1,max_abs,0.00829419493675232,0
fedavg-mnist-dirichlet-a01-20-20261004,9,1,conv1,sparsity,0.0,0
fedavg-mnist-dirichlet-a01-20-20261004,9,1,conv1,skewness,1.4007720608679637,0
fedavg-mnist-dirichlet-a01-20-20261004,9,1,conv1,kurtosis,0.8049754794233639,0
fedavg-mnist-dirichlet-a01-20-20261004,9,1,conv2,mean,5.6285657756391096e-05,0
fedavg-mnist-dirichlet-a01-20-20261004,9,1,conv2,std,0.0006583759430202474,0
fedavg-mnist-dirichlet-a01-20-20261004,9,1,conv2,median,-4.3762847781181335e-06,0
fedavg-mnist-dirichlet-a01-20-20261004,9,1,conv2,min,-0.002966020256280899,0
fedavg-mnist-dirichlet-a01-20-20261004,9,1,conv2,max,0.007144562900066376,0
fedavg-mnist-dirichlet-a01-20-20261004,9,1,conv2,l1,1.4953212937361968,0
fedavg-mnist-dirichlet-a01-20-20261004,9,1,conv2,l2,0.04501054413514987,0
fedavg-mnist-dirichlet-a01-20-20261004,9,1,conv2,max_abs,0.007144562900066376,0
fedavg-mnist-dirichlet-a01-20-20261004,9,1,conv2,sparsity,0.0,0
fedavg-mnist-dirichlet-a01-20-20261004,9,1,conv2,skewness,3.440565407788467,0
fedavg-mnist-dirichlet-a01-20-20261004,9,1,conv2,kurtosis,27.093079316334773,0
fedavg-mnist-dirichlet-a01-20-20261004,9,1,fc1,mean,2.110945476231477e-06,0
fedavg-mnist-dirichlet-a01-20-20261004,9,1,fc1,std,0.00046889371154389863,0
fedavg-mnist-dirichlet-a01-20-20261004,9,1,fc1,median,0.0,0
fedavg-mnist-dirichlet-a01-20-20261004,9,1,fc1,min,-0.009165920317173004,0
fedavg-mnist-dirichlet-a01-20-20261004,9,1,fc1,max,0.007185865193605423,0
fedavg-mnist-dirichlet-a01-20-20261004,9,1,fc1,l1,20.381717302892866,0
fedavg-mnist-dirichlet-a01-20-20261004,9,1,fc1,l2,0.14858681314790081,0
fedavg-mnist-dirichlet-a01-20-20261004,9,1,fc1,max_abs,0.009165920317173004,0
fedavg-mnist-dirichlet-a01-20-20261004,9,1,fc1,sparsity,0.06635396749521988,0
fedavg-mnist-dirichlet-a01-20-20261004,9,1,fc1,skewness,-0.43396535783056206,0
fedavg-mnist-dirichlet-a01-20-20261004,9,1,fc1,kurtosis,34.913303091742364,0
fedavg-mnist-dirichlet-a01-20-20261004,9,1,output,mean,1.9217483126200162e-10,0
fedavg-mnist-dirichlet-a01-20-20261004,9,1,output,std,0.0031807210089924197,0
fedavg-mnist-dirichlet-a01-20-20261004,9,1,output,median,-0.0004676179960370064,0
fedavg-mnist-dirichlet-a01-20-20261004,9,1,output,min,-0.00720582902431488,0
fedavg-mnist-dirichlet-a01-20-20261004,9,1,output,max,0.015663355588912964,0
fedavg-mnist-dirichlet-a01-20-20261004,9,1,output,l1,1.4419827308738604,0
fedavg-mnist-dirichlet-a01-20-20261004,9,1,output,l2,0.08109279246073456,0
fedavg-mnist-dirichlet-a01-20-20261004,9,1,output,max_abs,0.015663355588912964,0
fedavg-mnist-dirichlet-a01-20-20261004,9,1,output,sparsity,0.03076923076923077,0
fedavg-mnist-dirichlet-a01-20-20261004,9,1,output,skewness,1.4156556954995159,0
fedavg-mnist-dirichlet-a01-20-20261004,9,1,output,kurtosis,2.770026789511604,0
fedavg-mnist-dirichlet-a01-20-20261004,9,2,conv1,mean,0.0007553262388682924,0
fedavg-mnist-dirichlet-a01-20-20261004,9,2,conv1,std,0.0011238413980276432,0
fedavg-mnist-dirichlet-a01-20-20261004,9,2,conv1,median,0.00021685659885406494,0
fedavg-mnist-dirichlet-a01-20-20261004,9,2,conv1,min,-0.0007303059101104736,0
fedavg-mnist-dirichlet-a01-20-20261004,9,2,conv1,max,0.004663825035095215,0
fedavg-mnist-dirichlet-a01-20-20261004,9,2,conv1,l1,0.13182965223677456,0
fedavg-mnist-dirichlet-a01-20-20261004,9,2,conv1,l2,0.017127929075255528,0
fedavg-mnist-dirichlet-a01-20-20261004,9,2,conv1,max_abs,0.004663825035095215,0
fedavg-mnist-dirichlet-a01-20-20261004,9,2,conv1,sparsity,0.0,0
fedavg-mnist-dirichlet-a01-20-20261004,9,2,conv1,skewness,1.418657332110921,0
fedavg-mnist-dirichlet-a01-20-20261004,9,2,conv1,kurtosis,1.0766763073253784,0
fedavg-mnist-dirichlet-a01-20-20261004,9,2,conv2,mean,2.345115259262896e-05,0
fedavg-mnist-dirichlet-a01-20-20261004,9,2,conv2,std,0.00040335190792174363,0
fedavg-mnist-dirichlet-a01-20-20261004,9,2,conv2,median,-9.748851880431175e-06,0
fedavg-mnist-dirichlet-a01-20-20261004,9,2,conv2,min,-0.001947656273841858,0
fedavg-mnist-dirichlet-a01-20-20261004,9,2,conv2,max,0.003962799906730652,0
fedavg-mnist-dirichlet-a01-20-20261004,9,2,conv2,l1,1.0065744411476771,0
fedavg-mnist-dirichlet-a01-20-20261004,9,2,conv2,l2,0.027521740721920835,0
fedavg-mnist-dirichlet-a01-20-20261004,9,2,conv2,max_abs,0.003962799906730652,0
fedavg-mnist-dirichlet-a01-20-20261004,9,2,conv2,sparsity,0.0,0
fedavg-mnist-dirichlet-a01-20-20261004,9,2,conv2,skewness,2.4285977839865858,0
fedavg-mnist-dirichlet-a01-20-20261004,9,2,conv2,kurtosis,14.901401745712882,0
fedavg-mnist-dirichlet-a01-20-20261004,9,2,fc1,mean,-1.4654718031033188e-05,0
fedavg-mnist-dirichlet-a01-20-20261004,9,2,fc1,std,0.0005390365127701274,0
fedavg-mnist-dirichlet-a01-20-20261004,9,2,fc1,median,0.0,0
fedavg-mnist-dirichlet-a01-20-20261004,9,2,fc1,min,-0.008908182382583618,0
fedavg-mnist-dirichlet-a01-20-20261004,9,2,fc1,max,0.011012043803930283,0
fedavg-mnist-dirichlet-a01-20-20261004,9,2,fc1,l1,22.132782788843315,0
fedavg-mnist-dirichlet-a01-20-20261004,9,2,fc1,l2,0.17087561188509204,0
fedavg-mnist-dirichlet-a01-20-20261004,9,2,fc1,max_abs,0.011012043803930283,0
fedavg-mnist-dirichlet-a01-20-20261004,9,2,fc1,sparsity,0.11469287762906309,0
fedavg-mnist-dirichlet-a01-20-20261004,9,2,fc1,skewness,0.8448269045699415,0
fedavg-mnist-dirichlet-a01-20-20261004,9,2,fc1,kurtosis,48.41408577235994,0
fedavg-mnist-dirichlet-a01-20-20261004,9,2,output,mean,2.1080128275431119e-10,0
fedavg-mnist-dirichlet-a01-20-20261004,9,2,output,std,0.003938001012732182,0
fedavg-mnist-dirichlet-a01-20-20261004,9,2,output,median,-0.0006359093822538853,0
fedavg-mnist-dirichlet-a01-20-20261004,9,2,output,min,-0.011076688766479492,0
fedavg-mnist-dirichlet-a01-20-20261004,9,2,output,max,0.017069637775421143,0
fedavg-mnist-dirichlet-a01-20-20261004,9,2,output,l1,1.7550800739554688,0
fedavg-mnist-dirichlet-a01-20-20261004,9,2,output,l2,0.10039972004234786,0
fedavg-mnist-dirichlet-a01-20-20261004,9,2,output,max_abs,0.017069637775421143,0
fedavg-mnist-dirichlet-a01-20-20261004,9,2,output,sparsity,0.09230769230769231,0
fedavg-mnist-dirichlet-a01-20-20261004,9,2,output,skewness,1.2171808673785611,0
fedavg-mnist-dirichlet-a01-20-20261004,9,2,output,kurtosis,2.715035775831483,0
fedavg-mnist-dirichlet-a01-20-20261004,9,3,conv1,mean,0.0024383261086768472,0
fedavg-mnist-dirichlet-a01-20-20261004,9,3,conv1,std,0.003703503142640741,0
fedavg-mnist-dirichlet-a01-20-20261004,9,3,conv1,median,0.0004722326993942261,0
fedavg-mnist-dirichlet-a01-20-20261004,9,3,conv1,min,-0.0005569756031036377,0
fedavg-mnist-dirichlet-a01-20-20261004,9,3,conv1,max,0.01271987333893776,0
fedavg-mnist-dirichlet-a01-20-20261004,9,3,conv1,l1,0.40990295889787376,0
fedavg-mnist-dirichlet-a01-20-20261004,9,3,conv1,l2,0.05608760253718109,0
fedavg-mnist-dirichlet-a01-20-20261004,9,3,conv1,max_abs,0.01271987333893776,0
fedavg-mnist-dirichlet-a01-20-20261004,9,3,conv1,sparsity,0.0,0
fedavg-mnist-dirichlet-a01-20-20261004,9,3,conv1,skewness,1.41987073627272,0
fedavg-mnist-dirichlet-a01-20-20261004,9,3,conv1,kurtosis,0.7128120166340772,0
fedavg-mnist-dirichlet-a01-20-20261004,9,3,conv2,mean,0.0002886546529492174,0
fedavg-mnist-dirichlet-a01-20-20261004,9,3,conv2,std,0.0009514724598629633,0
fedavg-mnist-dirichlet-a01-20-20261004,9,3,conv2,median,5.5421143770217896e-05,0
fedavg-mnist-dirichlet-a01-20-20261004,9,3,conv2,min,-0.003053426742553711,0
fedavg-mnist-dirichlet-a01-20-20261004,9,3,conv2,max,0.00976976752281189,0
fedavg-mnist-dirichlet-a01-20-20261004,9,3,conv2,l1,2.0949872482087812,0
fedavg-mnist-dirichlet-a01-20-20261004,9,3,conv2,l2,0.06772889388243153,0
fedavg-mnist-dirichlet-a01-20-20261004,9,3,conv2,max_abs,0.00976976752281189,0
fedavg-mnist-dirichlet-a01-20-20261004,9,3,conv2,sparsity,0.0,0
fedavg-mnist-dirichlet-a01-20-20261004,9,3,conv2,skewness,3.909272945368402,0
fedavg-mnist-dirichlet-a01-20-20261004,9,3,conv2,kurtosis,23.68148531387867,0
fedavg-mnist-dirichlet-a01-20-20261004,9,3,fc1,mean,1.4590540869206025e-05,0
fedavg-mnist-dirichlet-a01-20-20261004,9,3,fc1,std,0.0005070485043292327,0
fedavg-mnist-dirichlet-a01-20-20261004,9,3,fc1,median,0.0,0
fedavg-mnist-dirichlet-a01-20-20261004,9,3,fc1,min,-0.008115217089653015,0
fedavg-mnist-dirichlet-a01-20-20261004,9,3,fc1,max,0.010209280997514725,0
fedavg-mnist-dirichlet-a01-20-20261004,9,3,fc1,l1,23.229591279972055,0
fedavg-mnist-dirichlet-a01-20-20261004,9,3,fc1,l2,0.16074249085882966,0
fedavg-mnist-dirichlet-a01-20-20261004,9,3,fc1,max_abs,0.010209280997514725,0
fedavg-mnist-dirichlet-a01-20-20261004,9,3,fc1,sparsity,0.040391969407265776,0
fedavg-mnist-dirichlet-a01-20-20261004,9,3,fc1,skewness,1.143854221233303,0
fedavg-mnist-dirichlet-a01-20-20261004,9,3,fc1,kurtosis,33.063447737736404,0
fedavg-mnist-dirichlet-a01-20-20261004,9,3,output,mean,2.420990942762448e-10,0
fedavg-mnist-dirichlet-a01-20-20261004,9,3,output,std,0.0034517957666371285,0
fedavg-mnist-dirichlet-a01-20-20261004,9,3,output,median,-0.0005790572613477707,0
fedavg-mnist-dirichlet-a01-20-20261004,9,3,output,min,-0.008534066379070282,0
fedavg-mnist-dirichlet-a01-20-20261004,9,3,output,max,0.014814436435699463,0
fedavg-mnist-dirichlet-a01-20-20261004,9,3,output,l1,1.641323291725712,0
fedavg-mnist-dirichlet-a01-20-20261004,9,3,output,l2,0.08800386985509863,0
fedavg-mnist-dirichlet-a01-20-20261004,9,3,output,max_abs,0.014814436435699463,0
fedavg-mnist-dirichlet-a01-20-20261004,9,3,output,sparsity,0.015384615384615385,0
fedavg-mnist-dirichlet-a01-20-20261004,9,3,output,skewness,1.0518427092728468,0
fedavg-mnist-dirichlet-a01-20-20261004,9,3,output,kurtosis,1.4426863502968894,0
fedavg-mnist-dirichlet-a01-20-20261004,9,4,conv1,mean,0.0002438825773424469,0
fedavg-mnist-dirichlet-a01-20-20261004,9,4,conv1,std,0.0007307961713004183,0
fedavg-mnist-dirichlet-a01-20-20261004,9,4,conv1,median,0.00014238059520721436,0
fedavg-mnist-dirichlet-a01-20-20261004,9,4,conv1,min,-0.0030273497104644775,0
fedavg-mnist-dirichlet-a01-20-20261004,9,4,conv1,max,0.0026449859142303467,0
fedavg-mnist-dirichlet-a01-20-20261004,9,4,conv1,l1,0.08456163830123842,0
fedavg-mnist-dirichlet-a01-20-20261004,9,4,conv1,l2,0.009745084960274444,0
fedavg-mnist-dirichlet-a01-20-20261004,9,4,conv1,max_abs,0.0030273497104644775,0
fedavg-mnist-dirichlet-a01-20-20261004,9,4,conv1,sparsity,0.0,0
fedavg-mnist-dirichlet-a01-20-20261004,9,4,conv1,skewness,-0.15290595173310298,0
fedavg-mnist-dirichlet-a01-20-20261004,9,4,conv1,kurtosis,3.1684502419777445,0
fedavg-mnist-dirichlet-a01-20-20261004,9,4,conv2,mean,-0.0001126266374928397,0
fedavg-mnist-dirichlet-a01-20-20261004,9,4,conv2,std,0.000557947927669967,0
fedavg-mnist-dirichlet-a01-20-20261004,9,4,conv2,median,-3.138836473226547e-05,0
fedavg-mnist-dirichlet-a01-20-20261004,9,4,conv2,min,-0.004230299964547157,0
fedavg-mnist-dirichlet-a01-20-20261004,9,4,conv2,max,0.0036027170717716217,0
fedavg-mnist-dirichlet-a01-20-20261004,9,4,conv2,l1,1.561394835342071,0
fedavg-mnist-dirichlet-a01-20-20261004,9,4,conv2,l2,0.038772627116480975,0
fedavg-mnist-dirichlet-a01-20-20261004,9,4,conv2,max_abs,0.004230299964547157,0
fedavg-mnist-dirichlet-a01-20-20261004,9,4,conv2,sparsity,0.0,0
fedavg-mnist-dirichlet-a01-20-20261004,9,4,conv2,skewness,-0.8725181508538686,0
fedavg-mnist-dirichlet-a01-20-20261004,9,4,conv2,kurtosis,8.031249596070891,0
fedavg-mnist-dirichlet-a01-20-20261004,9,4,fc1,mean,-4.908531497028519e-05,0
fedavg-mnist-dirichlet-a01-20-20261004,9,4,fc1,std,0.0006783149062861053,0
fedavg-mnist-dirichlet-a01-20-20261004,9,4,fc1,median,-6.686896085739136e-07,0
fedavg-mnist-dirichlet-a01-20-20261004,9,4,fc1,min,-0.011098835617303848,0
fedavg-mnist-dirichlet-a01-20-20261004,9,4,fc1,max,0.011593315750360489,0
fedavg-mnist-dirichlet-a01-20-20261004,9,4,fc1,l1,30.92981533278339,0
fedavg-mnist-dirichlet-a01-20-20261004,9,4,fc1,l2,0.2155097597403515,0
fedavg-mnist-dirichlet-a01-20-20261004,9,4,fc1,max_abs,0.011593315750360489,0
fedavg-mnist-dirichlet-a01-20-20261004,9,4,fc1,sparsity,0.09677740599107712,0
fedavg-mnist-dirichlet-a01-20-20261004,9,4,fc1,skewness,-0.7896317685935875,0
fedavg-mnist-dirichlet-a01-20-20261004,9,4,fc1,kurtosis,29.902097152436795,0
fedavg-mnist-dirichlet-a01-20-20261004,9,4,output,mean,-1.2102715957623262e-10,0
fedavg-mnist-dirichlet-a01-20-20261004,9,4,output,std,0.0043613972358792245,0
fedavg-mnist-dirichlet-a01-20-20261004,9,4,output,median,-0.0009928606450557709,0
fedavg-mnist-dirichlet-a01-20-20261004,9,4,output,min,-0.013874292373657227,0
fedavg-mnist-dirichlet-a01-20-20261004,9,4,output,max,0.029322504997253418,0
fedavg-mnist-dirichlet-a01-20-20261004,9,4,output,l1,1.8705647927417886,0
fedavg-mnist-dirichlet-a01-20-20261004,9,4,output,l2,0.11119424806138904,0
fedavg-mnist-dirichlet-a01-20-20261004,9,4,output,max_abs,0.029322504997253418,0
fedavg-mnist-dirichlet-a01-20-20261004,9,4,output,sparsity,0.07846153846153846,0
fedavg-mnist-dirichlet-a01-20-20261004,9,4,output,skewness,2.119771105445998,0
fedavg-mnist-dirichlet-a01-20-20261004,9,4,output,kurtosis,7.687471340662562,0
fedavg-mnist-dirichlet-a01-20-20261004,10,0,conv1,mean,0.00026882977836066856,0
fedavg-mnist-dirichlet-a01-20-20261004,10,0,conv1,std,0.00045469796035583126,0
fedavg-mnist-dirichlet-a01-20-20261004,10,0,conv1,median,0.00012952089309692383,0
fedavg-mnist-dirichlet-a01-20-20261004,10,0,conv1,min,-0.0003833472728729248,0
fedavg-mnist-dirichlet-a01-20-20261004,10,0,conv1,max,0.0017671287059783936,0
fedavg-mnist-dirichlet-a01-20-20261004,10,0,conv1,l1,0.05132931447587907,0
fedavg-mnist-dirichlet-a01-20-20261004,10,0,conv1,l2,0.006681552931888805,0
fedavg-mnist-dirichlet-a01-20-20261004,10,0,conv1,max_abs,0.0017671287059783936,0
fedavg-mnist-dirichlet-a01-20-20261004,10,0,conv1,sparsity,0.0,0
fedavg-mnist-dirichlet-a01-20-20261004,10,0,conv1,skewness,1.7154233066007913,0
fedavg-mnist-dirichlet-a01-20-20261004,10,0,conv1,kurtosis,2.4724888803832084,0
fedavg-mnist-dirichlet-a01-20-20261004,10,0,conv2,mean,4.212866108602988e-05,0
fedavg-mnist-dirichlet-a01-20-20261004,10,0,conv2,std,0.00023419519517902477,0
fedavg-mnist-dirichlet-a01-20-20261004,10,0,conv2,median,6.450805813074112e-06,0
fedavg-mnist-dirichlet-a01-20-20261004,10,0,conv2,min,-0.0009233523160219193,0
fedavg-mnist-dirichlet-a01-20-20261004,10,0,conv2,max,0.0018202587962150574,0
fedavg-mnist-dirichlet-a01-20-20261004,10,0,conv2,l1,0.617141341597744,0
fedavg-mnist-dirichlet-a01-20-20261004,10,0,conv2,l2,0.016208857787594778,0
fedavg-mnist-dirichlet-a01-20-20261004,10,0,conv2,max_abs,0.0018202587962150574,0
fedavg-mnist-dirichlet-a01-20-20261004,10,0,conv2,sparsity,0.0,0
fedavg-mnist-dirichlet-a01-20-20261004,10,0,conv2,skewness,1.8760572316031736,0
fedavg-mnist-dirichlet-a01-20-20261004,10,0,conv2,kurtosis,10.393109727770312,0
fedavg-mnist-dirichlet-a01-20-20261004,10,0,fc1,mean,-2.4568239350303055e-05,0
fedavg-mnist-dirichlet-a01-20-20261004,10,0,fc1,std,0.000540085574370759,0
fedavg-mnist-dirichlet-a01-20-20261004,10,0,fc1,median,0.0,0
fedavg-mnist-dirichlet-a01-20-20261004,10,0,fc1,min,-0.010696768760681152,0
fedavg-mnist-dirichlet-a01-20-20261004,10,0,fc1,max,0.009802225977182388,0
fedavg-mnist-dirichlet-a01-20-20261004,10,0,fc1,l1,22.74045697880092,0
fedavg-mnist-dirichlet-a01-20-20261004,10,0,fc1,l2,0.17132191263712987,0
fedavg-mnist-dirichlet-a01-20-20261004,10,0,fc1,max_abs,0.010696768760681152,0
fedavg-mnist-dirichlet-a01-20-20261004,10,0,fc1,sparsity,0.0879740280433397,0
fedavg-mnist-dirichlet-a01-20-20261004,10,0,fc1,skewness,-1.0383629438031174,0
fedavg-mnist-dirichlet-a01-20-20261004,10,0,fc1,kurtosis,43.61247071608935,0
fedavg-mnist-dirichlet-a01-20-20261004,10,0,output,mean,-1.9611504215460557e-10,0
fedavg-mnist-dirichlet-a01-20-20261004,10,0,output,std,0.0038264288965156393,0
fedavg-mnist-dirichlet-a01-20-20261004,10,0,output,median,-0.0008462518453598022,0
fedavg-mnist-dirichlet-a01-20-20261004,10,0,output,min,-0.006270937621593475,0
fedavg-mnist-dirichlet-a01-20-20261004,10,0,output,max,0.02393670380115509,0
fedavg-mnist-dirichlet-a01-20-20261004,10,0,output,l1,1.501425119000487,0
fedavg-mnist-dirichlet-a01-20-20261004,10,0,output,l2,0.09755517805354288,0
fedavg-mnist-dirichlet-a01-20-20261004,10,0,output,max_abs,0.02393670380115509,0
fedavg-mnist-dirichlet-a01-20-20261004,10,0,output,sparsity,0.06461538461538462,0
fedavg-mnist-dirichlet-a01-20-20261004,10,0,output,skewness,2.550830165688169,0
fedavg-mnist-dirichlet-a01-20-20261004,10,0,output,kurtosis,7.745816287621512,0
fedavg-mnist-dirichlet-a01-20-20261004,10,1,conv1,mean,0.0013276820973260328,0
fedavg-mnist-dirichlet-a01-20-20261004,10,1,conv1,std,0.0020499272885773,0
fedavg-mnist-dirichlet-a01-20-20261004,10,1,conv1,median,0.0002020224928855896,0
fedavg-mnist-dirichlet-a01-20-20261004,10,1,conv1,min,-0.0017606616020202637,0
fedavg-mnist-dirichlet-a01-20-20261004,10,1,conv1,max,0.007501959800720215,0
fedavg-mnist-dirichlet-a01-20-20261004,10,1,conv1,l1,0.22900668298825622,0
fedavg-mnist-dirichlet-a01-20-20261004,10,1,conv1,l2,0.030893213856804044,0
fedavg-mnist-dirichlet-a01-20-20261004,10,1,conv1,max_abs,0.007501959800720215,0
fedavg-mnist-dirichlet-a01-20-20261004,10,1,conv1,sparsity,0.0,0
fedavg-mnist-dirichlet-a01-20-20261004,10,1,conv1,skewness,1.3783178399441232,0
fedavg-mnist-dirichlet-a01-20-20261004,10,1,conv1,kurtosis,0.7317095909966982,0
fedavg-mnist-dirichlet-a01-20-20261004,10,1,conv2,mean,5.0077079396848195e-05,0
fedavg-mnist-dirichlet-a01-20-20261004,10,1,conv2,std,0.0005848166114340766,0
fedavg-mnist-dirichlet-a01-20-20261004,10,1,conv2,median,-2.1224841475486755e-06,0
fedavg-mnist-dirichlet-a01-20-20261004,10,1,conv2,min,-0.00247332826256752,0
fedavg-mnist-dirichlet-a01-20-20261004,10,1,conv2,max,0.006433859467506409,0
fedavg-mnist-dirichlet-a01-20-20261004,10,1,conv2,l1,1.3359759518098144,0
fedavg-mnist-dirichlet-a01-20-20261004,10,1,conv2,l2,0.039982050580358114,0
fedavg-mnist-dirichlet-a01-20-20261004,10,1,conv2,max_abs,0.006433859467506409,0
fedavg-mnist-dirichlet-a01-20-20261004,10,1,conv2,sparsity,0.0004310344827586207,0
fedavg-mnist-dirichlet-a01-20-20261004,10,1,conv2,skewness,3.378343855319833,0
fedavg-mnist-dirichlet-a01-20-20261004,10,1,conv2,kurtosis,26.702235528941035,0
fedavg-mnist-dirichlet-a01-20-20261004,10,1,fc1,mean,5.522308665793828e-06,0
fedavg-mnist-dirichlet-a01-20-20261004,10,1,fc1,std,0.00043474055294305915,0
fedavg-mnist-dirichlet-a01-20-20261004,10,1,fc1,median,0.0,0
fedavg-mnist-dirichlet-a01-20-20261004,10,1,fc1,min,-0.008012974634766579,0
fedavg-mnist-dirichlet-a01-20-20261004,10,1,fc1,max,0.006663620471954346,0
fedavg-mnist-dirichlet-a01-20-20261004,10,1,fc1,l1,18.976945954695452,0
fedavg-mnist-dirichlet-a01-20-20261004,10,1,fc1,l2,0.137773803176941,0
fedavg-mnist-dirichlet-a01-20-20261004,10,1,fc1,max_abs,0.008012974634766579,0
fedavg-mnist-dirichlet-a01-20-20261004,10,1,fc1,sparsity,0.06430250159337157,0
fedavg-mnist-dirichlet-a01-20-20261004,10,1,fc1,skewness,-0.3858691775206541,0
fedavg-mnist-dirichlet-a01-20-20261004,10,1,fc1,kurtosis,33.53551732716488,0
fedavg-mnist-dirichlet-a01-20-20261004,10,1,output,mean,5.708828281897765e-11,0
fedavg-mnist-dirichlet-a01-20-20261004,10,1,output,std,0.0028865874314038726,0
fedavg-mnist-dirichlet-a01-20-20261004,10,1,output,median,-0.0004309471696615219,0
fedavg-mnist-dirichlet-a01-20-20261004,10,1,output,min,-0.0058271437883377075,0
fedavg-mnist-dirichlet-a01-20-20261004,10,1,output,max,0.013679027557373047,0
fedavg-mnist-dirichlet-a01-20-20261004,10,1,output,l1,1.3192591216939036,0
fedavg-mnist-dirichlet-a01-20-20261004,10,1,output,l2,0.07359382820210011,0
fedavg-mnist-dirichlet-a01-20-20261004,10,1,output,max_abs,0.013679027557373047,0
fedavg-mnist-dirichlet-a01-20-20261004,10,1,output,sparsity,0.033846153846153845,0
fedavg-mnist-dirichlet-a01-20-20261004,10,1,output,skewness,1.3617037652003687,0
fedavg-mnist-dirichlet-a01-20-20261004,10,1,output,kurtosis,2.4212571979541737,0
fedavg-mnist-dirichlet-a01-20-20261004,10,2,conv1,mean,0.0006687737215543166,0
fedavg-mnist-dirichlet-a01-20-20261004,10,2,conv1,std,0.0009956884877247167,0
fedavg-mnist-dirichlet-a01-20-20261004,10,2,conv1,median,0.0001712404191493988,0
fedavg-mnist-dirichlet-a01-20-20261004,10,2,conv1,min,-0.0005221366882324219,0
fedavg-mnist-dirichlet-a01-20-20261004,10,2,conv1,max,0.004189252853393555,0
fedavg-mnist-dirichlet-a01-20-20261004,10,2,conv1,l1,0.11679855408146977,0
fedavg-mnist-dirichlet-a01-20-20261004,10,2,conv1,l2,0.015171836304042535,0
fedavg-mnist-dirichlet-a01-20-20261004,10,2,conv1,max_abs,0.004189252853393555,0
fedavg-mnist-dirichlet-a01-20-20261004,10,2,conv1,sparsity,0.0,0
fedavg-mnist-dirichlet-a01-20-20261004,10,2,conv1,skewness,1.4439314429964443,0
fedavg-mnist-dirichlet-a01-20-20261004,10,2,conv1,kurtosis,1.2089850881432707,0
fedavg-mnist-dirichlet-a01-20-20261004,10,2,conv2,mean,1.9815226655031565e-05,0
fedavg-mnist-dirichlet-a01-20-20261004,10,2,conv2,std,0.00035911510027348886,0
fedavg-mnist-dirichlet-a01-20-20261004,10,2,conv2,median,-1.0107643902301788e-05,0
fedavg-mnist-dirichlet-a01-20-20261004,10,2,conv2,min,-0.0016669556498527527,0
fedavg-mnist-dirichlet-a01-20-20261004,10,2,conv2,max,0.0034968554973602295,0
fedavg-mnist-dirichlet-a01-20-20261004,10,2,conv2,l1,0.8914641778846999,0
fedavg-mnist-dirichlet-a01-20-20261004,10,2,conv2,l2,0.02449924947455499,0
fedavg-mnist-dirichlet-a01-20-20261004,10,2,conv2,max_abs,0.0034968554973602295,0
fedavg-mnist-dirichlet-a01-20-20261004,10,2,conv2,sparsity,0.00021551724137931034,0
fedavg-mnist-dirichlet-a01-20-20261004,10,2,conv2,skewness,2.458074781111948,0
fedavg-mnist-dirichlet-a01-20-20261004,10,2,conv2,kurtosis,15.252841113913355,0
fedavg-mnist-dirichlet-a01-20-20261004,10,2,fc1,mean,-1.2661803203555039e-05,0
fedavg-mnist-dirichlet-a01-20-20261004,10,2,fc1,std,0.0005128253397314763,0
fedavg-mnist-dirichlet-a01-20-20261004,10,2,fc1,median,0.0,0
fedavg-mnist-dirichlet-a01-20-20261004,10,2,fc1,min,-0.008826587349176407,0
fedavg-mnist-dirichlet-a01-20-20261004,10,2,fc1,max,0.010352473706007004,0
fedavg-mnist-dirichlet-a01-20-20261004,10,2,fc1,l1,20.98773045935195,0
fedavg-mnist-dirichlet-a01-20-20261004,10,2,fc1,l2,0.16255609953380612,0
fedavg-mnist-dirichlet-a01-20-20261004,10,2,fc1,max_abs,0.010352473706007004,0
fedavg-mnist-dirichlet-a01-20-20261004,10,2,fc1,sparsity,0.11420490758444869,0
fedavg-mnist-dirichlet-a01-20-20261004,10,2,fc1,skewness,0.9563409264803495,0
fedavg-mnist-dirichlet-a01-20-20261004,10,2,fc1,kurtosis,49.65813641283982,0
fedavg-mnist-dirichlet-a01-20-20261004,10,2,output,mean,-1.3199706490223226e-10,0
fedavg-mnist-dirichlet-a01-20-20261004,10,2,output,std,0.0037896159481470323,0
fedavg-mnist-dirichlet-a01-20-20261004,10,2,output,median,-0.000585455447435379,0
fedavg-mnist-dirichlet-a01-20-20261004,10,2,output,min,-0.011408664286136627,0
fedavg-mnist-dirichlet-a01-20-20261004,10,2,output,max,0.016247157007455826,0
fedavg-mnist-dirichlet-a01-20-20261004,10,2,output,l1,1.6757639817660674,0
fedavg-mnist-dirichlet-a01-20-20261004,10,2,output,l2,0.09661662834312076,0
fedavg-mnist-dirichlet-a01-20-20261004,10,2,output,max_abs,0.016247157007455826,0
fedavg-mnist-dirichlet-a01-20-20261004,10,2,output,sparsity,0.09230769230769231,0
fedavg-mnist-dirichlet-a01-20-20261004,10,2,output,skewness,1.1349899396685594,0
fedavg-mnist-dirichlet-a01-20-20261004,10,2,output,kurtosis,2.69954800523322,0
fedavg-mnist-dirichlet-a01-20-20261004,10,3,conv1,mean,0.0019821009424049406,0
fedavg-mnist-dirichlet-a01-20-20261004,10,3,conv1,std,0.0030368906425927104,0
fedavg-mnist-dirichlet-a01-20-20261004,10,3,conv1,median,0.00035600364208221436,0
fedavg-mnist-dirichlet-a01-20-20261004,10,3,conv1,min,-0.0004510730504989624,0
fedavg-mnist-dirichlet-a01-20-20261004,10,3,conv1,max,0.010371409356594086,0
fedavg-mnist-dirichlet-a01-20-20261004,10,3,conv1,l1,0.33634024765342474,0
fedavg-mnist-dirichlet-a01-20-20261004,10,3,conv1,l2,0.04587187185358752,0
fedavg-mnist-dirichlet-a01-20-20261004,10,3,conv1,max_abs,0.010371409356594086,0
fedavg-mnist-dirichlet-a01-20-20261004,10,3,conv1,sparsity,0.0,0
fedavg-mnist-dirichlet-a01-20-20261004,10,3,conv1,skewness,1.4196943595159326,0
fedavg-mnist-dirichlet-a01-20-20261004,10,3,conv1,kurtosis,0.7182640382556409,0
fedavg-mnist-dirichlet-a01-20-20261004,10,3,conv2,mean,0.00023353683925428226,0
fedavg-mnist-dirichlet-a01-20-20261004,10,3,conv2,std,0.000787658758506986,0
fedavg-mnist-dirichlet-a01-20-20261004,10,3,conv2,median,4.402920603752136e-05,0
fedavg-mnist-dirichlet-a01-20-20261004,10,3,conv2,min,-0.002713726833462715,0
fedavg-mnist-dirichlet-a01-20-20261004,10,3,conv2,max,0.00792558491230011,0
fedavg-mnist-dirichlet-a01-20-20261004,10,3,conv2,l1,1.7520024911136716,0
fedavg-mnist-dirichlet-a01-20-20261004,10,3,conv2,l2,0.055962026380906194,0
fedavg-mnist-dirichlet-a01-20-20261004,10,3,conv2,max_abs,0.00792558491230011,0
fedavg-mnist-dirichlet-a01-20-20261004,10,3,conv2,sparsity,0.00021551724137931034,0
fedavg-mnist-dirichlet-a01-20-20261004,10,3,conv2,skewness,3.7142404235093087,0
fedavg-mnist-dirichlet-a01-20-20261004,10,3,conv2,kurtosis,21.674479911255425,0
fedavg-mnist-dirichlet-a01-20-20261004,10,3,fc1,mean,1.3696088831791912e-05,0
fedavg-mnist-dirichlet-a01-20-20261004,10,3,fc1,std,0.0004717291730725939,0
fedavg-mnist-dirichlet-a01-20-20261004,10,3,fc1,median,-6.05359673500061e-08,0
fedavg-mnist-dirichlet-a01-20-20261004,10,3,fc1,min,-0.007296521216630936,0
fedavg-mnist-dirichlet-a01-20-20261004,10,3,fc1,max,0.009299516677856445,0
fedavg-mnist-dirichlet-a01-20-20261004,10,3,fc1,l1,21.52056963957955,0
fedavg-mnist-dirichlet-a01-20-20261004,10,3,fc1,l2,0.14954681344603837,0
fedavg-mnist-dirichlet-a01-20-20261004,10,3,fc1,max_abs,0.009299516677856445,0
fedavg-mnist-dirichlet-a01-20-20261004,10,3,fc1,sparsity,0.03926665073295092,0
fedavg-mnist-dirichlet-a01-20-20261004,10,3,fc1,skewness,1.1218967203010193,0
fedavg-mnist-dirichlet-a01-20-20261004,10,3,fc1,kurtosis,33.487651447062895,0
fedavg-mnist-dirichlet-a01-20-20261004,10,3,output,mean,1.6142775376255695e-09,0
fedavg-mnist-dirichlet-a01-20-20261004,10,3,output,std,0.0031387573300048714,0
fedavg-mnist-dirichlet-a01-20-20261004,10,3,output,median,-0.00048404186964035034,0
fedavg-mnist-dirichlet-a01-20-20261004,10,3,output,min,-0.008042208850383759,0
fedavg-mnist-dirichlet-a01-20-20261004,10,3,output,max,0.013465620577335358,0
fedavg-mnist-dirichlet-a01-20-20261004,10,3,output,l1,1.500905872642761,0
fedavg-mnist-dirichlet-a01-20-20261004,10,3,output,l2,0.08002292437064672,0
fedavg-mnist-dirichlet-a01-20-20261004,10,3,output,max_abs,0.013465620577335358,0
fedavg-mnist-dirichlet-a01-20-20261004,10,3,output,sparsity,0.015384615384615385,0
fedavg-mnist-dirichlet-a01-20-20261004,10,3,output,skewness,0.9708024521750623,0
fedavg-mnist-dirichlet-a01-20-20261004,10,3,output,kurtosis,1.2692635698572623,0
fedavg-mnist-dirichlet-a01-20-20261004,10,4,conv1,mean,0.00013942313817096874,0
fedavg-mnist-dirichlet-a01-20-20261004,10,4,conv1,std,0.0006763196720616661,0
fedavg-mnist-dirichlet-a01-20-20261004,10,4,conv1,median,0.0001125633716583252,0
fedavg-mnist-dirichlet-a01-20-20261004,10,4,conv1,min,-0.0032916665077209473,0
fedavg-mnist-dirichlet-a01-20-20261004,10,4,conv1,max,0.0020731687545776367,0
fedavg-mnist-dirichlet-a01-20-20261004,10,4,conv1,l1,0.07560951518826187,0
fedavg-mnist-dirichlet-a01-20-20261004,10,4,conv1,l2,0.008734731687007134,0
fedavg-mnist-dirichlet-a01-20-20261004,10,4,conv1,max_abs,0.0032916665077209473,0
fedavg-mnist-dirichlet-a01-20-20261004,10,4,conv1,sparsity,0.0,0
fedavg-mnist-dirichlet-a01-20-20261004,10,4,conv1,skewness,-0.8274343069849598,0
fedavg-mnist-dirichlet-a01-20-20261004,10,4,conv1,kurtosis,4.704454991228923,0
fedavg-mnist-dirichlet-a01-20-20261004,10,4,conv2,mean,-0.0001371903484415929,0
fedavg-mnist-dirichlet-a01-20-20261004,10,4,conv2,std,0.0005482972804284306,0
fedavg-mnist-dirichlet-a01-20-20261004,10,4,conv2,median,-3.6772340536117554e-05,0
fedavg-mnist-dirichlet-a01-20-20261004,10,4,conv2,min,-0.004643223248422146,0
fedavg-mnist-dirichlet-a01-20-20261004,10,4,conv2,max,0.00333273783326149,0
fedavg-mnist-dirichlet-a01-20-20261004,10,4,conv2,l1,1.5349805110054149,0
fedavg-mnist-dirichlet-a01-20-20261004,10,4,conv2,l2,0.03850004027736371,0
fedavg-mnist-dirichlet-a01-20-20261004,10,4,conv2,max_abs,0.004643223248422146,0
fedavg-mnist-dirichlet-a01-20-20261004,10,4,conv2,sparsity,0.0,0
fedavg-mnist-dirichlet-a01-20-20261004,10,4,conv2,skewness,-1.2682735959139941,0
fedavg-mnist-dirichlet-a01-20-20261004,10,4,conv2,kurtosis,8.708893371991845,0
fedavg-mnist-dirichlet-a01-20-20261004,10,4,fc1,mean,-5.336584149747477e-05,0
fedavg-mnist-dirichlet-a01-20-20261004,10,4,fc1,std,0.0006477239919148484,0
fedavg-mnist-dirichlet-a01-20-20261004,10,4,fc1,median,-3.9907172322273254e-07,0
fedavg-mnist-dirichlet-a01-20-20261004,10,4,fc1,min,-0.010283835232257843,0
fedavg-mnist-dirichlet-a01-20-20261004,10,4,fc1,max,0.011071544140577316,0
fedavg-mnist-dirichlet-a01-20-20261004,10,4,fc1,l1,29.389267251909587,0
fedavg-mnist-dirichlet-a01-20-20261004,10,4,fc1,l2,0.20594937313743933,0
fedavg-mnist-dirichlet-a01-20-20261004,10,4,fc1,max_abs,0.011071544140577316,0
fedavg-mnist-dirichlet-a01-20-20261004,10,4,fc1,sparsity,0.08385117909496495,0
fedavg-mnist-dirichlet-a01-20-20261004,10,4,fc1,skewness,-1.0004011699954896,0
fedavg-mnist-dirichlet-a01-20-20261004,10,4,fc1,kurtosis,30.500737600706202,0
fedavg-mnist-dirichlet-a01-20-20261004,10,4,output,mean,1.5313092332619888e-11,0
fedavg-mnist-dirichlet-a01-20-20261004,10,4,output,std,0.004191959975093939,0
fedavg-mnist-dirichlet-a01-20-20261004,10,4,output,median,-0.0009278189390897751,0
fedavg-mnist-dirichlet-a01-20-20261004,10,4,output,min,-0.012084856629371643,0
fedavg-mnist-dirichlet-a01-20-20261004,10,4,output,max,0.028427928686141968,0
fedavg-mnist-dirichlet-a01-20-20261004,10,4,output,l1,1.789931423321832,0
fedavg-mnist-dirichlet-a01-20-20261004,10,4,output,l2,0.10687442856601961,0
fedavg-mnist-dirichlet-a01-20-20261004,10,4,output,max_abs,0.028427928686141968,0
fedavg-mnist-dirichlet-a01-20-20261004,10,4,output,sparsity,0.06615384615384616,0
fedavg-mnist-dirichlet-a01-20-20261004,10,4,output,skewness,2.149331171872585,0
fedavg-mnist-dirichlet-a01-20-20261004,10,4,output,kurtosis,7.704366242526085,0
fedavg-mnist-dirichlet-a01-20-20261004,11,0,conv1,mean,0.0002416343064396642,0
fedavg-mnist-dirichlet-a01-20-20261004,11,0,conv1,std,0.000418471024357385,0
fedavg-mnist-dirichlet-a01-20-20261004,11,0,conv1,median,0.00010468438267707825,0
fedavg-mnist-dirichlet-a01-20-20261004,11,0,conv1,min,-0.00036009401082992554,0
fedavg-mnist-dirichlet-a01-20-20261004,11,0,conv1,max,0.0016158521175384521,0
fedavg-mnist-dirichlet-a01-20-20261004,11,0,conv1,l1,0.046931543736718595,0
fedavg-mnist-dirichlet-a01-20-20261004,11,0,conv1,l2,0.006112349941229433,0
fedavg-mnist-dirichlet-a01-20-20261004,11,0,conv1,max_abs,0.0016158521175384521,0
fedavg-mnist-dirichlet-a01-20-20261004,11,0,conv1,sparsity,0.0,0
fedavg-mnist-dirichlet-a01-20-20261004,11,0,conv1,skewness,1.7288433868038624,0
fedavg-mnist-dirichlet-a01-20-20261004,11,0,conv1,kurtosis,2.505901132845054,0
fedavg-mnist-dirichlet-a01-20-20261004,11,0,conv2,mean,4.2718992625427275e-05,0
fedavg-mnist-dirichlet-a01-20-20261004,11,0,conv2,std,0.00021542881307542002,0
fedavg-mnist-dirichlet-a01-20-20261004,11,0,conv2,median,7.1534886956214905e-06,0
fedavg-mnist-dirichlet-a01-20-20261004,11,0,conv2,min,-0.0008618396241217852,0
fedavg-mnist-dirichlet-a01-20-20261004,11,0,conv2,max,0.001672998070716858,0
fedavg-mnist-dirichlet-a01-20-20261004,11,0,conv2,l1,0.5693376536273718,0
fedavg-mnist-dirichlet-a01-20-20261004,11,0,conv2,l2,0.014960214379140167,0
fedavg-mnist-dirichlet-a01-20-20261004,11,0,conv2,max_abs,0.001672998070716858,0
fedavg-mnist-dirichlet-a01-20-20261004,11,0,conv2,sparsity,0.0,0
fedavg-mnist-dirichlet-a01-20-20261004,11,0,conv2,skewness,1.902342852265037,0
fedavg-mnist-dirichlet-a01-20-20261004,11,0,conv2,kurtosis,10.57922880215179,0
fedavg-mnist-dirichlet-a01-20-20261004,11,0,fc1,mean,-2.177480899442616e-05,0
fedavg-mnist-dirichlet-a01-20-20261004,11,0,fc1,std,0.0005116202416079561,0
fedavg-mnist-dirichlet-a01-20-20261004,11,0,fc1,median,0.0,0
fedavg-mnist-dirichlet-a01-20-20261004,11,0,fc1,min,-0.01030280813574791,0
fedavg-mnist-dirichlet-a01-20-20261004,11,0,fc1,max,0.009474514983594418,0
fedavg-mnist-dirichlet-a01-20-20261004,11,0,fc1,l1,21.337528561676663,0
fedavg-mnist-dirichlet-a01-20-20261004,11,0,fc1,l2,0.16227146646643545,0
fedavg-mnist-dirichlet-a01-20-20261004,11,0,fc1,max_abs,0.01030280813574791,0
fedavg-mnist-dirichlet-a01-20-20261004,11,0,fc1,sparsity,0.0878445666029318,0
fedavg-mnist-dirichlet-a01-20-20261004,11,0,fc1,skewness,-1.0189648040206656,0
fedavg-mnist-dirichlet-a01-20-20261004,11,0,fc1,kurtosis,45.53459607821182,0
fedavg-mnist-dirichlet-a01-20-20261004,11,0,output,mean,-9.850527231509869e-13,0
fedavg-mnist-dirichlet-a01-20-20261004,11,0,output,std,0.003562860123445028,0
fedavg-mnist-dirichlet-a01-20-20261004,11,0,output,median,-0.0007770508527755737,0
fedavg-mnist-dirichlet-a01-20-20261004,11,0,output,min,-0.006047733128070831,0
fedavg-mnist-dirichlet-a01-20-20261004,11,0,output,max,0.02241659164428711,0
fedavg-mnist-dirichlet-a01-20-20261004,11,0,output,l1,1.398541487462353,0
fedavg-mnist-dirichlet-a01-20-20261004,11,0,output,l2,0.09083546646823898,0
fedavg-mnist-dirichlet-a01-20-20261004,11,0,output,max_abs,0.02241659164428711,0
fedavg-mnist-dirichlet-a01-20-20261004,11,0,output,sparsity,0.06461538461538462,0
fedavg-mnist-dirichlet-a01-20-20261004,11,0,output,skewness,2.5545006602678697,0
fedavg-mnist-dirichlet-a01-20-20261004,11,0,output,kurtosis,7.945811046162186,0
fedavg-mnist-dirichlet-a01-20-20261004,11,1,conv1,mean,0.0012189108761958777,0
fedavg-mnist-dirichlet-a01-20-20261004,11,1,conv1,std,0.0018790150517404808,0
fedavg-mnist-dirichlet-a01-20-20261004,11,1,conv1,median,0.00018025189638137817,0
fedavg-mnist-dirichlet-a01-20-20261004,11,1,conv1,min,-0.0015133917331695557,0
fedavg-mnist-dirichlet-a01-20-20261004,11,1,conv1,max,0.006942152976989746,0
fedavg-mnist-dirichlet-a01-20-20261004,11,1,conv1,l1,0.20982922334223986,0
fedavg-mnist-dirichlet-a01-20-20261004,11,1,conv1,l2,0.028330736068873,0
fedavg-mnist-dirichlet-a01-20-20261004,11,1,conv1,max_abs,0.006942152976989746,0
fedavg-mnist-dirichlet-a01-20-20261004,11,1,conv1,sparsity,0.0,0
fedavg-mnist-dirichlet-a01-20-20261004,11,1,conv1,skewness,1.3732062360128185,0
fedavg-mnist-dirichlet-a01-20-20261004,11,1,conv1,kurtosis,0.7059169852199538,0
fedavg-mnist-dirichlet-a01-20-20261004,11,1,conv2,mean,4.98099132747829e-05,0
fedavg-mnist-dirichlet-a01-20-20261004,11,1,conv2,std,0.0005297877547518798,0
fedavg-mnist-dirichlet-a01-20-20261004,11,1,conv2,median,-1.6870326362550259e-06,0
fedavg-mnist-dirichlet-a01-20-20261004,11,1,conv2,min,-0.0022733882069587708,0
fedavg-mnist-dirichlet-a01-20-20261004,11,1,conv2,max,0.005959346890449524,0
fedavg-mnist-dirichlet-a01-20-20261004,11,1,conv2,l1,1.2083787229057634,0
fedavg-mnist-dirichlet-a01-20-20261004,11,1,conv2,l2,0.036246989797927,0
fedavg-mnist-dirichlet-a01-20-20261004,11,1,conv2,max_abs,0.005959346890449524,0
fedavg-mnist-dirichlet-a01-20-20261004,11,1,conv2,sparsity,0.0,0
fedavg-mnist-dirichlet-a01-20-20261004,11,1,conv2,skewness,3.436201778475371,0
fedavg-mnist-dirichlet-a01-20-20261004,11,1,conv2,kurtosis,27.006133174745568,0
fedavg-mnist-dirichlet-a01-20-20261004,11,1,fc1,mean,7.732077597457078e-06,0
fedavg-mnist-dirichlet-a01-20-20261004,11,1,fc1,std,0.00040742911852341234,0
fedavg-mnist-dirichlet-a01-20-20261004,11,1,fc1,median,0.0,0
fedavg-mnist-dirichlet-a01-20-20261004,11,1,fc1,min,-0.007060494273900986,0
fedavg-mnist-dirichlet-a01-20-20261004,11,1,fc1,max,0.006345365196466446,0
fedavg-mnist-dirichlet-a01-20-20261004,11,1,fc1,l1,17.86457722609771,0
fedavg-mnist-dirichlet-a01-20-20261004,11,1,fc1,l2,0.12913135717353083,0
fedavg-mnist-dirichlet-a01-20-20261004,11,1,fc1,max_abs,0.007060494273900986,0
fedavg-mnist-dirichlet-a01-20-20261004,11,1,fc1,sparsity,0.07445028680688337,0
fedavg-mnist-dirichlet-a01-20-20261004,11,1,fc1,skewness,-0.26417946298416956,0
fedavg-mnist-dirichlet-a01-20-20261004,11,1,fc1,kurtosis,32.69731572214078,0
fedavg-mnist-dirichlet-a01-20-20261004,11,1,output,mean,2.546809040583097e-10,0
fedavg-mnist-dirichlet-a01-20-20261004,11,1,output,std,0.002643662730588791,0
fedavg-mnist-dirichlet-a01-20-20261004,11,1,output,median,-0.0003614509478211403,0
fedavg-mnist-dirichlet-a01-20-20261004,11,1,output,min,-0.005222989246249199,0
fedavg-mnist-dirichlet-a01-20-20261004,11,1,output,max,0.012073397636413574,0
fedavg-mnist-dirichlet-a01-20-20261004,11,1,output,l1,1.2168230924289674,0
fedavg-mnist-dirichlet-a01-20-20261004,11,1,output,l2,0.06740043925315146,0
fedavg-mnist-dirichlet-a01-20-20261004,11,1,output,max_abs,0.012073397636413574,0
fedavg-mnist-dirichlet-a01-20-20261004,11,1,output,sparsity,0.046153846153846156,0
fedavg-mnist-dirichlet-a01-20-20261004,11,1,output,skewness,1.3061703903771875,0
fedavg-mnist-dirichlet-a01-20-20261004,11,1,output,kurtosis,2.1159981583185896,0
fedavg-mnist-dirichlet-a01-20-20261004,11,2,conv1,mean,0.0006147443877125624,0
fedavg-mnist-dirichlet-a01-20-20261004,11,2,conv1,std,0.0009157734479643845,0
fedavg-mnist-dirichlet-a01-20-20261004,11,2,conv1,median,0.0001719258725643158,0
fedavg-mnist-dirichlet-a01-20-20261004,11,2,conv1,min,-0.0003275871276855469,0
fedavg-mnist-dirichlet-a01-20-20261004,11,2,conv1,max,0.0038617849349975586,0
fedavg-mnist-dirichlet-a01-20-20261004,11,2,conv1,l1,0.10772513377014548,0
fedavg-mnist-dirichlet-a01-20-20261004,11,2,conv1,l2,0.013951640306261745,0
fedavg-mnist-dirichlet-a01-20-20261004,11,2,conv1,max_abs,0.0038617849349975586,0
fedavg-mnist-dirichlet-a01-20-20261004,11,2,conv1,sparsity,0.0,0
fedavg-mnist-dirichlet-a01-20-20261004,11,2,conv1,skewness,1.4565338911558408,0
fedavg-mnist-dirichlet-a01-20-20261004,11,2,conv1,kurtosis,1.2780417437129774,0
fedavg-mnist-dirichlet-a01-20-20261004,11,2,conv2,mean,1.9199759648715592e-05,0
fedavg-mnist-dirichlet-a01-20-20261004,11,2,conv2,std,0.0003320135473014302,0
fedavg-mnist-dirichlet-a01-20-20261004,11,2,conv2,median,-8.8568776845932e-06,0
fedavg-mnist-dirichlet-a01-20-20261004,11,2,conv2,min,-0.0015018284320831299,0
fedavg-mnist-dirichlet-a01-20-20261004,11,2,conv2,max,0.003140747547149658,0
fedavg-mnist-dirichlet-a01-20-20261004,11,2,conv2,l1,0.8158619713130975,0
fedavg-mnist-dirichlet-a01-20-20261004,11,2,conv2,l2,0.022653731399502997,0
fedavg-mnist-dirichlet-a01-20-20261004,11,2,conv2,max_abs,0.003140747547149658,0
fedavg-mnist-dirichlet-a01-20-20261004,11,2,conv2,sparsity,0.0,0
fedavg-mnist-dirichlet-a01-20-20261004,11,2,conv2,skewness,2.4396231590600768,0
fedavg-mnist-dirichlet-a01-20-20261004,11,2,conv2,kurtosis,15.348689831542316,0
fedavg-mnist-dirichlet-a01-20-20261004,11,2,fc1,mean,-1.1361161448676016e-05,0
fedavg-mnist-dirichlet-a01-20-20261004,11,2,fc1,std,0.0004948936866130066,0
fedavg-mnist-dirichlet-a01-20-20261004,11,2,fc1,median,0.0,0
fedavg-mnist-dirichlet-a01-20-20261004,11,2,fc1,min,-0.008910324424505234,0
fedavg-mnist-dirichlet-a01-20-20261004,11,2,fc1,max,0.009764047339558601,0
fedavg-mnist-dirichlet-a01-20-20261004,11,2,fc1,l1,20.15826876213214,0
fedavg-mnist-dirichlet-a01-20-20261004,11,2,fc1,l2,0.15686562408665494,0
fedavg-mnist-dirichlet-a01-20-20261004,11,2,fc1,max_abs,0.009764047339558601,0
fedavg-mnist-dirichlet-a01-20-20261004,11,2,fc1,sparsity,0.10096996494582537,0
fedavg-mnist-dirichlet-a01-20-20261004,11,2,fc1,skewness,0.8838717981005496,0
fedavg-mnist-dirichlet-a01-20-20261004,11,2,fc1,kurtosis,50.61635203459842,0
fedavg-mnist-dirichlet-a01-20-20261004,11,2,output,mean,2.3103963870268602e-10,0
fedavg-mnist-dirichlet-a01-20-20261004,11,2,output,std,0.003636842493965874,0
fedavg-mnist-dirichlet-a01-20-20261004,11,2,output,median,-0.0005017602816224098,0
fedavg-mnist-dirichlet-a01-20-20261004,11,2,output,min,-0.01150127500295639,0
fedavg-mnist-dirichlet-a01-20-20261004,11,2,output,max,0.01558569073677063,0
fedavg-mnist-dirichlet-a01-20-20261004,11,2,output,l1,1.5959652469027787,0
fedavg-mnist-dirichlet-a01-20-20261004,11,2,output,l2,0.09272165422297739,0
fedavg-mnist-dirichlet-a01-20-20261004,11,2,output,max_abs,0.01558569073677063,0
fedavg-mnist-dirichlet-a01-20-20261004,11,2,output,sparsity,0.08,0
fedavg-mnist-dirichlet-a01-20-20261004,11,2,output,skewness,1.0564723318668678,0
fedavg-mnist-dirichlet-a01-20-20261004,11,2,output,kurtosis,2.6782476139522675,0
fedavg-mnist-dirichlet-a01-20-20261004,11,3,conv1,mean,0.001633581540954765,0
fedavg-mnist-dirichlet-a01-20-20261004,11,3,conv1,std,0.0025296213749069654,0
fedavg-mnist-dirichlet-a01-20-20261004,11,3,conv1,median,0.000311240553855896,0
fedavg-mnist-dirichlet-a01-20-20261004,11,3,conv1,min,-0.0004128068685531616,0
fedavg-mnist-dirichlet-a01-20-20261004,11,3,conv1,max,0.008617185056209564,0
fedavg-mnist-dirichlet-a01-20-20261004,11,3,conv1,l1,0.2796690312679857,0
fedavg-mnist-dirichlet-a01-20-20261004,11,3,conv1,l2,0.03808952181655076,0
fedavg-mnist-dirichlet-a01-20-20261004,11,3,conv1,max_abs,0.008617185056209564,0
fedavg-mnist-dirichlet-a01-20-20261004,11,3,conv1,sparsity,0.0,0
fedavg-mnist-dirichlet-a01-20-20261004,11,3,conv1,skewness,1.4223650082220183,0
fedavg-mnist-dirichlet-a01-20-20261004,11,3,conv1,kurtosis,0.7323106791295038,0
fedavg-mnist-dirichlet-a01-20-20261004,11,3,conv2,mean,0.00019572312471531216,0
fedavg-mnist-dirichlet-a01-20-20261004,11,3,conv2,std,0.0006640221201799384,0
fedavg-mnist-dirichlet-a01-20-20261004,11,3,conv2,median,3.7107616662979126e-05,0
fedavg-mnist-dirichlet-a01-20-20261004,11,3,conv2,min,-0.002363249659538269,0
fedavg-mnist-dirichlet-a01-20-20261004,11,3,conv2,max,0.006416656076908112,0
fedavg-mnist-dirichlet-a01-20-20261004,11,3,conv2,l1,1.5038183298420336,0
fedavg-mnist-dirichlet-a01-20-20261004,11,3,conv2,l2,0.04715549530896436,0
fedavg-mnist-dirichlet-a01-20-20261004,11,3,conv2,max_abs,0.006416656076908112,0
fedavg-mnist-dirichlet-a01-20-20261004,11,3,conv2,sparsity,0.0,0
fedavg-mnist-dirichlet-a01-20-20261004,11,3,conv2,skewness,3.4828071539473835,0
fedavg-mnist-dirichlet-a01-20-20261004,11,3,conv2,kurtosis,19.351588893166426,0
fedavg-mnist-dirichlet-a01-20-20261004,11,3,fc1,mean,1.6289883508081022e-05,0
fedavg-mnist-dirichlet-a01-20-20261004,11,3,fc1,std,0.00044809034470973065,0
fedavg-mnist-dirichlet-a01-20-20261004,11,3,fc1,median,0.0,0
fedavg-mnist-dirichlet-a01-20-20261004,11,3,fc1,min,-0.006448250263929367,0
fedavg-mnist-dirichlet-a01-20-20261004,11,3,fc1,max,0.008821148425340652,0
fedavg-mnist-dirichlet-a01-20-20261004,11,3,fc1,l1,20.404260405625223,0
fedavg-mnist-dirichlet-a01-20-20261004,11,3,fc1,l2,0.14208683494499819,0
fedavg-mnist-dirichlet-a01-20-20261004,11,3,fc1,max_abs,0.008821148425340652,0
fedavg-mnist-dirichlet-a01-20-20261004,11,3,fc1,sparsity,0.0391770235818993,0
fedavg-mnist-dirichlet-a01-20-20261004,11,3,fc1,skewness,1.2470156812027153,0
fedavg-mnist-dirichlet-a01-20-20261004,11,3,fc1,kurtosis,33.44183545108395,0
fedavg-mnist-dirichlet-a01-20-20261004,11,3,output,mean,-5.117796648007173e-11,0
fedavg-mnist-dirichlet-a01-20-20261004,11,3,output,std,0.002911126226467327,0
fedavg-mnist-dirichlet-a01-20-20261004,11,3,output,median,-0.0004830658435821533,0
fedavg-mnist-dirichlet-a01-20-20261004,11,3,output,min,-0.007554098963737488,0
fedavg-mnist-dirichlet-a01-20-20261004,11,3,output,max,0.012545250356197357,0
fedavg-mnist-dirichlet-a01-20-20261004,11,3,output,l1,1.399217871221481,0
fedavg-mnist-dirichlet-a01-20-20261004,11,3,output,l2,0.07421944717644316,0
fedavg-mnist-dirichlet-a01-20-20261004,11,3,output,max_abs,0.012545250356197357,0
fedavg-mnist-dirichlet-a01-20-20261004,11,3,output,sparsity,0.015384615384615385,0
fedavg-mnist-dirichlet-a01-20-20261004,11,3,output,skewness,0.9077694723371248,0
fedavg-mnist-dirichlet-a01-20-20261004,11,3,output,kurtosis,1.1260078273308407,0
fedavg-mnist-dirichlet-a01-20-20261004,11,4,conv1,mean,0.00011304653926345055,0
fedavg-mnist-dirichlet-a01-20-20261004,11,4,conv1,std,0.0006574218742475903,0
fedavg-mnist-dirichlet-a01-20-20261004,11,4,conv1,median,9.4585120677948e-05,0
fedavg-mnist-dirichlet-a01-20-20261004,11,4,conv1,min,-0.003345191478729248,0
fedavg-mnist-dirichlet-a01-20-20261004,11,4,conv1,max,0.0019276142120361328,0
fedavg-mnist-dirichlet-a01-20-20261004,11,4,conv1,l1,0.07237639563390985,0
fedavg-mnist-dirichlet-a01-20-20261004,11,4,conv1,l2,0.008437848453520908,0
fedavg-mnist-dirichlet-a01-20-20261004,11,4,conv1,max_abs,0.003345191478729248,0
fedavg-mnist-dirichlet-a01-20-20261004,11,4,conv1,sparsity,0.0,0
fedavg-mnist-dirichlet-a01-20-20261004,11,4,conv1,skewness,-1.0069151111335604,0
fedavg-mnist-dirichlet-a01-20-20261004,11,4,conv1,kurtosis,5.3022276660033505,0
fedavg-mnist-dirichlet-a01-20-20261004,11,4,conv2,mean,-0.00014275789793561576,0
fedavg-mnist-dirichlet-a01-20-20261004,11,4,conv2,std,0.0005345928752173806,0
fedavg-mnist-dirichlet-a01-20-20261004,11,4,conv2,median,-3.7676189094781876e-05,0
fedavg-mnist-dirichlet-a01-20-20261004,11,4,conv2,min,-0.004825635813176632,0
fedavg-mnist-dirichlet-a01-20-20261004,11,4,conv2,max,0.0032177381217479706,0
fedavg-mnist-dirichlet-a01-20-20261004,11,4,conv2,l1,1.4867007787652256,0
fedavg-mnist-dirichlet-a01-20-20261004,11,4,conv2,l2,0.03769119033414416,0
fedavg-mnist-dirichlet-a01-20-20261004,11,4,conv2,max_abs,0.004825635813176632,0
fedavg-mnist-dirichlet-a01-20-20261004,11,4,conv2,sparsity,0.0,0
fedavg-mnist-dirichlet-a01-20-20261004,11,4,conv2,skewness,-1.470934205234082,0
fedavg-mnist-dirichlet-a01-20-20261004,11,4,conv2,kurtosis,9.513277924740185,0
fedavg-mnist-dirichlet-a01-20-20261004,11,4,fc1,mean,-5.700100272280847e-05,0
fedavg-mnist-dirichlet-a01-20-20261004,11,4,fc1,std,0.0006186434711444542,0
fedavg-mnist-dirichlet-a01-20-20261004,11,4,fc1,median,-4.246830940246582e-07,0
fedavg-mnist-dirichlet-a01-20-20261004,11,4,fc1,min,-0.009657088667154312,0
fedavg-mnist-dirichlet-a01-20-20261004,11,4,fc1,max,0.010653454810380936,0
fedavg-mnist-dirichlet-a01-20-20261004,11,4,fc1,l1,28.090227709923965,0
fedavg-mnist-dirichlet-a01-20-20261004,11,4,fc1,l2,0.19686911620497033,0
fedavg-mnist-dirichlet-a01-20-20261004,11,4,fc1,max_abs,0.010653454810380936,0
fedavg-mnist-dirichlet-a01-20-20261004,11,4,fc1,sparsity,0.08130178457616316,0
fedavg-mnist-dirichlet-a01-20-20261004,11,4,fc1,skewness,-1.1812820726460966,0
fedavg-mnist-dirichlet-a01-20-20261004,11,4,fc1,kurtosis,30.730801074086884,0
fedavg-mnist-dirichlet-a01-20-20261004,11,4,output,mean,1.2375844212678762e-10,0
fedavg-mnist-dirichlet-a01-20-20261004,11,4,output,std,0.004018267993778783,0
fedavg-mnist-dirichlet-a01-20-20261004,11,4,output,median,-0.0008867979049682617,0
fedavg-mnist-dirichlet-a01-20-20261004,11,4,output,min,-0.01036592572927475,0
fedavg-mnist-dirichlet-a01-20-20261004,11,4,output,max,0.02749599516391754,0
fedavg-mnist-dirichlet-a01-20-20261004,11,4,output,l1,1.7122594761895016,0
fedavg-mnist-dirichlet-a01-20-20261004,11,4,output,l2,0.10244613455561677,0
fedavg-mnist-dirichlet-a01-20-20261004,11,4,output,max_abs,0.02749599516391754,0
fedavg-mnist-dirichlet-a01-20-20261004,11,4,output,sparsity,0.06307692307692307,0
fedavg-mnist-dirichlet-a01-20-20261004,11,4,output,skewness,2.160043412148964,0
fedavg-mnist-dirichlet-a01-20-20261004,11,4,output,kurtosis,7.72730780611996,0
fedavg-mnist-dirichlet-a01-20-20261004,12,0,conv1,mean,0.00022362516247085296,0
fedavg-mnist-dirichlet-a01-20-20261004,12,0,conv1,std,0.0003924837798049215,0
fedavg-mnist-dirichlet-a01-20-20261004,12,0,conv1,median,0.0001000482589006424,0
fedavg-mnist-dirichlet-a01-20-20261004,12,0,conv1,min,-0.0002924427390098572,0
fedavg-mnist-dirichlet-a01-20-20261004,12,0,conv1,max,0.0014925897121429443,0
fedavg-mnist-dirichlet-a01-20-20261004,12,0,conv1,l1,0.0439896039897576,0
fedavg-mnist-dirichlet-a01-20-20261004,12,0,conv1,l2,0.0057138670716084874,0
fedavg-mnist-dirichlet-a01-20-20261004,12,0,conv1,max_abs,0.0014925897121429443,0
fedavg-mnist-dirichlet-a01-20-20261004,12,0,conv1,sparsity,0.0,0
fedavg-mnist-dirichlet-a01-20-20261004,12,0,conv1,skewness,1.726078700166312,0
fedavg-mnist-dirichlet-a01-20-20261004,12,0,conv1,kurtosis,2.458537458189615,0
fedavg-mnist-dirichlet-a01-20-20261004,12,0,conv2,mean,4.458806131424353e-05,0
fedavg-mnist-dirichlet-a01-20-20261004,12,0,conv2,std,0.0002002713438358366,0
fedavg-mnist-dirichlet-a01-20-20261004,12,0,conv2,median,8.588656783103943e-06,0
fedavg-mnist-dirichlet-a01-20-20261004,12,0,conv2,min,-0.0008087423630058765,0
fedavg-mnist-dirichlet-a01-20-20261004,12,0,conv2,max,0.0015733614563941956,0
fedavg-mnist-dirichlet-a01-20-20261004,12,0,conv2,l1,0.5289092211569368,0
fedavg-mnist-dirichlet-a01-20-20261004,12,0,conv2,l2,0.013976005064874092,0
fedavg-mnist-dirichlet-a01-20-20261004,12,0,conv2,max_abs,0.0015733614563941956,0
fedavg-mnist-dirichlet-a01-20-20261004,12,0,conv2,sparsity,0.0,0
fedavg-mnist-dirichlet-a01-20-20261004,12,0,conv2,skewness,2.0003230775361627,0
fedavg-mnist-dirichlet-a01-20-20261004,12,0,conv2,kurtosis,11.066772530796827,0
fedavg-mnist-dirichlet-a01-20-20261004,12,0,fc1,mean,-1.7116471167086483e-05,0
fedavg-mnist-dirichlet-a01-20-20261004,12,0,fc1,std,0.0004849115028375416,0
fedavg-mnist-dirichlet-a01-20-20261004,12,0,fc1,median,0.0,0
fedavg-mnist-dirichlet-a01-20-20261004,12,0,fc1,min,-0.00984179601073265,0
fedavg-mnist-dirichlet-a01-20-20261004,12,0,fc1,max,0.009181912988424301,0
fedavg-mnist-dirichlet-a01-20-20261004,12,0,fc1,l1,20.051021400136506,0
fedavg-mnist-dirichlet-a01-20-20261004,12,0,fc1,l2,0.15375680045719,0
fedavg-mnist-dirichlet-a01-20-20261004,12,0,fc1,max_abs,0.00984179601073265,0
fedavg-mnist-dirichlet-a01-20-20261004,12,0,fc1,sparsity,0.08730680369662205,0
fedavg-mnist-dirichlet-a01-20-20261004,12,0,fc1,skewness,-0.9173854245403095,0
fedavg-mnist-dirichlet-a01-20-20261004,12,0,fc1,kurtosis,47.306314033148695,0
fedavg-mnist-dirichlet-a01-20-20261004,12,0,output,mean,-3.447236779790658e-10,0
fedavg-mnist-dirichlet-a01-20-20261004,12,0,output,std,0.003330104836935308,0
fedavg-mnist-dirichlet-a01-20-20261004,12,0,output,median,-0.0007246124441735446,0
fedavg-mnist-dirichlet-a01-20-20261004,12,0,output,min,-0.0058945417404174805,0
fedavg-mnist-dirichlet-a01-20-20261004,12,0,output,max,0.021061033010482788,0
fedavg-mnist-dirichlet-a01-20-20261004,12,0,output,l1,1.3107782309816685,0
fedavg-mnist-dirichlet-a01-20-20261004,12,0,output,l2,0.08490134772921472,0
fedavg-mnist-dirichlet-a01-20-20261004,12,0,output,max_abs,0.021061033010482788,0
fedavg-mnist-dirichlet-a01-20-20261004,12,0,output,sparsity,0.06923076923076923,0
fedavg-mnist-dirichlet-a01-20-20261004,12,0,output,skewness,2.545861373828577,0
fedavg-mnist-dirichlet-a01-20-20261004,12,0,output,kurtosis,8.051492725540465,0
fedavg-mnist-dirichlet-a01-20-20261004,12,1,conv1,mean,0.0011368270716047846,0
fedavg-mnist-dirichlet-a01-20-20261004,12,1,conv1,std,0.001751706174969068,0
fedavg-mnist-dirichlet-a01-20-20261004,12,1,conv1,median,0.00015595927834510803,0
fedavg-mnist-dirichlet-a01-20-20261004,12,1,conv1,min,-0.0012531578540802002,0
fedavg-mnist-dirichlet-a01-20-20261004,12,1,conv1,max,0.006495952606201172,0
fedavg-mnist-dirichlet-a01-20-20261004,12,1,conv1,l1,0.19530324800871313,0
fedavg-mnist-dirichlet-a01-20-20261004,12,1,conv1,l2,0.02641469383251155,0
fedavg-mnist-dirichlet-a01-20-20261004,12,1,conv1,max_abs,0.006495952606201172,0
fedavg-mnist-dirichlet-a01-20-20261004,12,1,conv1,sparsity,0.0,0
fedavg-mnist-dirichlet-a01-20-20261004,12,1,conv1,skewness,1.3616972651003705,0
fedavg-mnist-dirichlet-a01-20-20261004,12,1,conv1,kurtosis,0.639130882467227,0
fedavg-mnist-dirichlet-a01-20-20261004,12,1,conv2,mean,5.18776146095504e-05,0
fedavg-mnist-dirichlet-a01-20-20261004,12,1,conv2,std,0.0004889776345394464,0
fedavg-mnist-dirichlet-a01-20-20261004,12,1,conv2,median,5.075708031654358e-08,0
fedavg-mnist-dirichlet-a01-20-20261004,12,1,conv2,min,-0.002203509211540222,0
fedavg-mnist-dirichlet-a01-20-20261004,12,1,conv2,max,0.005552999675273895,0
fedavg-mnist-dirichlet-a01-20-20261004,12,1,conv2,l1,1.1161273942925618,0
fedavg-mnist-dirichlet-a01-20-20261004,12,1,conv2,l2,0.03349488798092918,0
fedavg-mnist-dirichlet-a01-20-20261004,12,1,conv2,max_abs,0.005552999675273895,0
fedavg-mnist-dirichlet-a01-20-20261004,12,1,conv2,sparsity,0.0,0
fedavg-mnist-dirichlet-a01-20-20261004,12,1,conv2,skewness,3.4532832868875163,0
fedavg-mnist-dirichlet-a01-20-20261004,12,1,conv2,kurtosis,26.702702668074586,0
fedavg-mnist-dirichlet-a01-20-20261004,12,1,fc1,mean,1.4206784130914262e-05,0
fedavg-mnist-dirichlet-a01-20-20261004,12,1,fc1,std,0.00038757094113767854,0
fedavg-mnist-dirichlet-a01-20-20261004,12,1,fc1,median,0.0,0
fedavg-mnist-dirichlet-a01-20-20261004,12,1,fc1,min,-0.006326619535684586,0
fedavg-mnist-dirichlet-a01-20-20261004,12,1,fc1,max,0.0062295421957969666,0
fedavg-mnist-dirichlet-a01-20-20261004,12,1,fc1,l1,17.07512138934908,0
fedavg-mnist-dirichlet-a01-20-20261004,12,1,fc1,l2,0.12289783785280674,0
fedavg-mnist-dirichlet-a01-20-20261004,12,1,fc1,max_abs,0.006326619535684586,0
fedavg-mnist-dirichlet-a01-20-20261004,12,1,fc1,sparsity,0.07271749521988528,0
fedavg-mnist-dirichlet-a01-20-20261004,12,1,fc1,skewness,-0.021919596765771533,0
fedavg-mnist-dirichlet-a01-20-20261004,12,1,fc1,kurtosis,32.183723468483144,0
fedavg-mnist-dirichlet-a01-20-20261004,12,1,output,mean,1.4395202295138286e-10,0
fedavg-mnist-dirichlet-a01-20-20261004,12,1,output,std,0.002475084220576275,0
fedavg-mnist-dirichlet-a01-20-20261004,12,1,output,median,-0.0003551170229911804,0
fedavg-mnist-dirichlet-a01-20-20261004,12,1,output,min,-0.0049195922911167145,0
fedavg-mnist-dirichlet-a01-20-20261004,12,1,output,max,0.0109882652759552,0
fedavg-mnist-dirichlet-a01-20-20261004,12,1,output,l1,1.1509423622919712,0
fedavg-mnist-dirichlet-a01-20-20261004,12,1,output,l2,0.06310251369252018,0
fedavg-mnist-dirichlet-a01-20-20261004,12,1,output,max_abs,0.0109882652759552,0
fedavg-mnist-dirichlet-a01-20-20261004,12,1,output,sparsity,0.05076923076923077,0
fedavg-mnist-dirichlet-a01-20-20261004,12,1,output,skewness,1.25815886869633,0
fedavg-mnist-dirichlet-a01-20-20261004,12,1,output,kurtosis,1.8726129169028463,0
fedavg-mnist-dirichlet-a01-20-20261004,12,2,conv1,mean,0.0005684699863195419,0
fedavg-mnist-dirichlet-a01-20-20261004,12,2,conv1,std,0.0008524270946439893,0
fedavg-mnist-dirichlet-a01-20-20261004,12,2,conv1,median,0.00015990808606147766,0
fedavg-mnist-dirichlet-a01-20-20261004,12,2,conv1,min,-0.00030538439750671387,0
fedavg-mnist-dirichlet-a01-20-20261004,12,2,conv1,max,0.003574937582015991,0
fedavg-mnist-dirichlet-a01-20-20261004,12,2,conv1,l1,0.09994775522500277,0
fedavg-mnist-dirichlet-a01-20-20261004,12,2,conv1,l2,0.012960185659345055,0
fedavg-mnist-dirichlet-a01-20-20261004,12,2,conv1,max_abs,0.003574937582015991,0
fedavg-mnist-dirichlet-a01-20-20261004,12,2,conv1,sparsity,0.0,0
fedavg-mnist-dirichlet-a01-20-20261004,12,2,conv1,skewness,1.464288557738124,0
fedavg-mnist-dirichlet-a01-20-20261004,12,2,conv1,kurtosis,1.304050877280722,0
fedavg-mnist-dirichlet-a01-20-20261004,12,2,conv2,mean,2.0069256494684067e-05,0
fedavg-mnist-dirichlet-a01-20-20261004,12,2,conv2,std,0.0003101052421018927,0
fedavg-mnist-dirichlet-a01-20-20261004,12,2,conv2,median,-8.24127346277237e-06,0
fedavg-mnist-dirichlet-a01-20-20261004,12,2,conv2,min,-0.0013208873569965363,0
fedavg-mnist-dirichlet-a01-20-20261004,12,2,conv2,max,0.002871587872505188,0
fedavg-mnist-dirichlet-a01-20-20261004,12,2,conv2,l1,0.7546862577764841,0
fedavg-mnist-dirichlet-a01-20-20261004,12,2,conv2,l2,0.02116779837706081,0
fedavg-mnist-dirichlet-a01-20-20261004,12,2,conv2,max_abs,0.002871587872505188,0
fedavg-mnist-dirichlet-a01-20-20261004,12,2,conv2,sparsity,0.0,0
fedavg-mnist-dirichlet-a01-20-20261004,12,2,conv2,skewness,2.4735521710761272,0
fedavg-mnist-dirichlet-a01-20-20261004,12,2,conv2,kurtosis,15.537229731919012,0
fedavg-mnist-dirichlet-a01-20-20261004,12,2,fc1,mean,-1.0519713802818314e-05,0
fedavg-mnist-dirichlet-a01-20-20261004,12,2,fc1,std,0.0004798892738786055,0
fedavg-mnist-dirichlet-a01-20-20261004,12,2,fc1,median,0.0,0
fedavg-mnist-dirichlet-a01-20-20261004,12,2,fc1,min,-0.00855867937207222,0
fedavg-mnist-dirichlet-a01-20-20261004,12,2,fc1,max,0.009608299471437931,0
fedavg-mnist-dirichlet-a01-20-20261004,12,2,fc1,l1,19.468442612847298,0
fedavg-mnist-dirichlet-a01-20-20261004,12,2,fc1,l2,0.15210616745589486,0
fedavg-mnist-dirichlet-a01-20-20261004,12,2,fc1,max_abs,0.009608299471437931,0
fedavg-mnist-dirichlet-a01-20-20261004,12,2,fc1,sparsity,0.10055170490758444,0
fedavg-mnist-dirichlet-a01-20-20261004,12,2,fc1,skewness,0.9701470239511413,0
fedavg-mnist-dirichlet-a01-20-20261004,12,2,fc1,kurtosis,51.035081785192475,0
fedavg-mnist-dirichlet-a01-20-20261004,12,2,output,mean,-4.946755675169138e-10,0
fedavg-mnist-dirichlet-a01-20-20261004,12,2,output,std,0.0035167263774785493,0
fedavg-mnist-dirichlet-a01-20-20261004,12,2,output,median,-0.00044456054456532,0
fedavg-mnist-dirichlet-a01-20-20261004,12,2,output,min,-0.0116124227643013,0
fedavg-mnist-dirichlet-a01-20-20261004,12,2,output,max,0.015178408473730087,0
fedavg-mnist-dirichlet-a01-20-20261004,12,2,output,l1,1.5308434849139303,0
fedavg-mnist-dirichlet-a01-20-20261004,12,2,output,l2,0.08965928211364882,0
fedavg-mnist-dirichlet-a01-20-20261004,12,2,output,max_abs,0.015178408473730087,0
fedavg-mnist-dirichlet-a01-20-20261004,12,2,output,sparsity,0.07692307692307693,0
fedavg-mnist-dirichlet-a01-20-20261004,12,2,output,skewness,0.9887216625564919,0
fedavg-mnist-dirichlet-a01-20-20261004,12,2,output,kurtosis,2.724473829967611,0
fedavg-mnist-dirichlet-a01-20-20261004,12,3,conv1,mean,0.0013648000924149529,0
fedavg-mnist-dirichlet-a01-20-20261004,12,3,conv1,std,0.0021397150186169486,0
fedavg-mnist-dirichlet-a01-20-20261004,12,3,conv1,median,0.0002745389938354492,0
fedavg-mnist-dirichlet-a01-20-20261004,12,3,conv1,min,-0.0004293173551559448,0
fedavg-mnist-dirichlet-a01-20-20261004,12,3,conv1,max,0.007282678037881851,0
fedavg-mnist-dirichlet-a01-20-20261004,12,3,conv1,l1,0.23627147963270545,0
fedavg-mnist-dirichlet-a01-20-20261004,12,3,conv1,l2,0.032102485020697805,0
fedavg-mnist-dirichlet-a01-20-20261004,12,3,conv1,max_abs,0.007282678037881851,0
fedavg-mnist-dirichlet-a01-20-20261004,12,3,conv1,sparsity,0.0,0
fedavg-mnist-dirichlet-a01-20-20261004,12,3,conv1,skewness,1.4269957769523467,0
fedavg-mnist-dirichlet-a01-20-20261004,12,3,conv1,kurtosis,0.7590956583934783,0
fedavg-mnist-dirichlet-a01-20-20261004,12,3,conv2,mean,0.00016300844446865586,0
fedavg-mnist-dirichlet-a01-20-20261004,12,3,conv2,std,0.0005715047027287381,0
fedavg-mnist-dirichlet-a01-20-20261004,12,3,conv2,median,3.05958092212677e-05,0
fedavg-mnist-dirichlet-a01-20-20261004,12,3,conv2,min,-0.0021076053380966187,0
fedavg-mnist-dirichlet-a01-20-20261004,12,3,conv2,max,0.005241505801677704,0
fedavg-mnist-dirichlet-a01-20-20261004,12,3,conv2,l1,1.311844161937188,0
fedavg-mnist-dirichlet-a01-20-20261004,12,3,conv2,l2,0.04048207893488766,0
fedavg-mnist-dirichlet-a01-20-20261004,12,3,conv2,max_abs,0.005241505801677704,0
fedavg-mnist-dirichlet-a01-20-20261004,12,3,conv2,sparsity,0.0,0
fedavg-mnist-dirichlet-a01-20-20261004,12,3,conv2,skewness,3.2402867833161277,0
fedavg-mnist-dirichlet-a01-20-20261004,12,3,conv2,kurtosis,17.170175583506467,0
fedavg-mnist-dirichlet-a01-20-20261004,12,3,fc1,mean,1.774549427989656e-05,0
fedavg-mnist-dirichlet-a01-20-20261004,12,3,fc1,std,0.00042980431378806595,0
fedavg-mnist-dirichlet-a01-20-20261004,12,3,fc1,median,0.0,0
fedavg-mnist-dirichlet-a01-20-20261004,12,3,fc1,min,-0.005737293511629105,0
fedavg-mnist-dirichlet-a01-20-20261004,12,3,fc1,max,0.008434917777776718,0
fedavg-mnist-dirichlet-a01-20-20261004,12,3,fc1,l1,19.681595277722636,0
fedavg-mnist-dirichlet-a01-20-20261004,12,3,fc1,l2,0.13631450575234288,0
fedavg-mnist-dirichlet-a01-20-20261004,12,3,fc1,max_abs,0.008434917777776718,0
fedavg-mnist-dirichlet-a01-20-20261004,12,3,fc1,sparsity,0.03781269917144678,0
fedavg-mnist-dirichlet-a01-20-20261004,12,3,fc1,skewness,1.2956911486443212,0
fedavg-mnist-dirichlet-a01-20-20261004,12,3,fc1,kurtosis,33.06358369393654,0
fedavg-mnist-dirichlet-a01-20-20261004,12,3,output,mean,2.3600967744222056e-10,0
fedavg-mnist-dirichlet-a01-20-20261004,12,3,output,std,0.0027339587535104098,0
fedavg-mnist-dirichlet-a01-20-20261004,12,3,output,median,-0.00036084745079278946,0
fedavg-mnist-dirichlet-a01-20-20261004,12,3,output,min,-0.007139727473258972,0
fedavg-mnist-dirichlet-a01-20-20261004,12,3,output,max,0.011809825897216797,0
fedavg-mnist-dirichlet-a01-20-20261004,12,3,output,l1,1.3193432628468145,0
fedavg-mnist-dirichlet-a01-20-20261004,12,3,output,l2,0.06970254516753718,0
fedavg-mnist-dirichlet-a01-20-20261004,12,3,output,max_abs,0.011809825897216797,0
fedavg-mnist-dirichlet-a01-20-20261004,12,3,output,sparsity,0.015384615384615385,0
fedavg-mnist-dirichlet-a01-20-20261004,12,3,output,skewness,0.8398957652510413,0
fedavg-mnist-dirichlet-a01-20-20261004,12,3,output,kurtosis,1.0050155162083616,0
fedavg-mnist-dirichlet-a01-20-20261004,12,4,conv1,mean,0.0001298086492170114,0
fedavg-mnist-dirichlet-a01-20-20261004,12,4,conv1,std,0.0006474139712423924,0
fedavg-mnist-dirichlet-a01-20-20261004,12,4,conv1,median,0.00010859034955501556,0
fedavg-mnist-dirichlet-a01-20-20261004,12,4,conv1,min,-0.003250330686569214,0
fedavg-mnist-dirichlet-a01-20-20261004,12,4,conv1,max,0.001972675323486328,0
fedavg-mnist-dirichlet-a01-20-20261004,12,4,conv1,l1,0.07172667875420302,0
fedavg-mnist-dirichlet-a01-20-20261004,12,4,conv1,l2,0.008352198614222633,0
fedavg-mnist-dirichlet-a01-20-20261004,12,4,conv1,max_abs,0.003250330686569214,0
fedavg-mnist-dirichlet-a01-20-20261004,12,4,conv1,sparsity,0.0,0
fedavg-mnist-dirichlet-a01-20-20261004,12,4,conv1,skewness,-0.8574804486030873,0
fedavg-mnist-dirichlet-a01-20-20261004,12,4,conv1,kurtosis,5.027060555614494,0
fedavg-mnist-dirichlet-a01-20-20261004,12,4,conv2,mean,-0.00013477553318744898,0
fedavg-mnist-dirichlet-a01-20-20261004,12,4,conv2,std,0.0005133501973396599,0
fedavg-mnist-dirichlet-a01-20-20261004,12,4,conv2,median,-3.3721327781677246e-05,0
fedavg-mnist-dirichlet-a01-20-20261004,12,4,conv2,min,-0.004854843020439148,0
fedavg-mnist-dirichlet-a01-20-20261004,12,4,conv2,max,0.003032207489013672,0
fedavg-mnist-dirichlet-a01-20-20261004,12,4,conv2,l1,1.4160044017044129,0
fedavg-mnist-dirichlet-a01-20-20261004,12,4,conv2,l2,0.036153214438960725,0
fedavg-mnist-dirichlet-a01-20-20261004,12,4,conv2,max_abs,0.004854843020439148,0
fedavg-mnist-dirichlet-a01-20-20261004,12,4,conv2,sparsity,0.0,0
fedavg-mnist-dirichlet-a01-20-20261004,12,4,conv2,skewness,-1.5620190684936404,0
fedavg-mnist-dirichlet-a01-20-20261004,12,4,conv2,kurtosis,10.332358497854596,0
fedavg-mnist-dirichlet-a01-20-20261004,12,4,fc1,mean,-5.606258229440806e-05,0
fedavg-mnist-dirichlet-a01-20-20261004,12,4,fc1,std,0.0005856902158550919,0
fedavg-mnist-dirichlet-a01-20-20261004,12,4,fc1,median,-9.220093488693237e-07,0
fedavg-mnist-dirichlet-a01-20-20261004,12,4,fc1,min,-0.00900949165225029,0
fedavg-mnist-dirichlet-a01-20-20261004,12,4,fc1,max,0.01029372587800026,0
fedavg-mnist-dirichlet-a01-20-20261004,12,4,fc1,l1,26.50619356143875,0
fedavg-mnist-dirichlet-a01-20-20261004,12,4,fc1,l2,0.18644466589767647,0
fedavg-mnist-dirichlet-a01-20-20261004,12,4,fc1,max_abs,0.01029372587800026,0
fedavg-mnist-dirichlet-a01-20-20261004,12,4,fc1,sparsity,0.08072418738049714,0
fedavg-mnist-dirichlet-a01-20-20261004,12,4,fc1,skewness,-1.2372404222790006,0
fedavg-mnist-dirichlet-a01-20-20261004,12,4,fc1,kurtosis,31.41768673700132,0
fedavg-mnist-dirichlet-a01-20-20261004,12,4,output,mean,4.31587418111471e-10,0
fedavg-mnist-dirichlet-a01-20-20261004,12,4,output,std,0.003829225847617029,0
fedavg-mnist-dirichlet-a01-20-20261004,12,4,output,median,-0.0008106627501547337,0
fedavg-mnist-dirichlet-a01-20-20261004,12,4,output,min,-0.009261459112167358,0
fedavg-mnist-dirichlet-a01-20-20261004,12,4,output,max,0.026043877005577087,0
fedavg-mnist-dirichlet-a01-20-20261004,12,4,output,l1,1.6323957199056167,0
fedavg-mnist-dirichlet-a01-20-20261004,12,4,output,l2,0.09762648659476612,0
fedavg-mnist-dirichlet-a01-20-20261004,12,4,output,max_abs,0.026043877005577087,0
fedavg-mnist-dirichlet-a01-20-20261004,12,4,output,sparsity,0.06307692307692307,0
fedavg-mnist-dirichlet-a01-20-20261004,12,4,output,skewness,2.121285176863937,0
fedavg-mnist-dirichlet-a01-20-20261004,12,4,output,kurtosis,7.470122588150462,0
fedavg-mnist-dirichlet-a01-20-20261004,13,0,conv1,mean,0.00020579864940373227,0
fedavg-mnist-dirichlet-a01-20-20261004,13,0,conv1,std,0.0003680182520442809,0
fedavg-mnist-dirichlet-a01-20-20261004,13,0,conv1,median,8.625723421573639e-05,0
fedavg-mnist-dirichlet-a01-20-20261004,13,0,conv1,min,-0.00026673078536987305,0
fedavg-mnist-dirichlet-a01-20-20261004,13,0,conv1,max,0.0014177262783050537,0
fedavg-mnist-dirichlet-a01-20-20261004,13,0,conv1,l1,0.041250434471294284,0
fedavg-mnist-dirichlet-a01-20-20261004,13,0,conv1,l2,0.005333524432254952,0
fedavg-mnist-dirichlet-a01-20-20261004,13,0,conv1,max_abs,0.0014177262783050537,0
fedavg-mnist-dirichlet-a01-20-20261004,13,0,conv1,sparsity,0.0,0
fedavg-mnist-dirichlet-a01-20-20261004,13,0,conv1,skewness,1.7096745531446655,0
fedavg-mnist-dirichlet-a01-20-20261004,13,0,conv1,kurtosis,2.4139589733450553,0
fedavg-mnist-dirichlet-a01-20-20261004,13,0,conv2,mean,4.589080499734901e-05,0
fedavg-mnist-dirichlet-a01-20-20261004,13,0,conv2,std,0.00018693883555411756,0
fedavg-mnist-dirichlet-a01-20-20261004,13,0,conv2,median,9.749084711074829e-06,0
fedavg-mnist-dirichlet-a01-20-20261004,13,0,conv2,min,-0.0007515698671340942,0
fedavg-mnist-dirichlet-a01-20-20261004,13,0,conv2,max,0.0015041753649711609,0
fedavg-mnist-dirichlet-a01-20-20261004,13,0,conv2,l1,0.4950450728101714,0
fedavg-mnist-dirichlet-a01-20-20261004,13,0,conv2,l2,0.013111892204727063,0
fedavg-mnist-dirichlet-a01-20-20261004,13,0,conv2,max_abs,0.0015041753649711609,0
fedavg-mnist-dirichlet-a01-20-20261004,13,0,conv2,sparsity,0.0,0
fedavg-mnist-dirichlet-a01-20-20261004,13,0,conv2,skewness,2.0671593797127934,0
fedavg-mnist-dirichlet-a01-20-20261004,13,0,conv2,kurtosis,11.542811448594856,0
fedavg-mnist-dirichlet-a01-20-20261004,13,0,fc1,mean,-1.348250491862515e-05,0
fedavg-mnist-dirichlet-a01-20-20261004,13,0,fc1,std,0.0004624382863467264,0
fedavg-mnist-dirichlet-a01-20-20261004,13,0,fc1,median,0.0,0
fedavg-mnist-dirichlet-a01-20-20261004,13,0,fc1,min,-0.009337015450000763,0
fedavg-mnist-dirichlet-a01-20-20261004,13,0,fc1,max,0.00887856725603342,0
fedavg-mnist-dirichlet-a01-20-20261004,13,0,fc1,l1,18.99585271822366,0
fedavg-mnist-dirichlet-a01-20-20261004,13,0,fc1,l2,0.1466019492899427,0
fedavg-mnist-dirichlet-a01-20-20261004,13,0,fc1,max_abs,0.009337015450000763,0
fedavg-mnist-dirichlet-a01-20-20261004,13,0,fc1,sparsity,0.08802382090503505,0
fedavg-mnist-dirichlet-a01-20-20261004,13,0,fc1,skewness,-0.780930869766263,0
fedavg-mnist-dirichlet-a01-20-20261004,13,0,fc1,kurtosis,48.50847229744055,0
fedavg-mnist-dirichlet-a01-20-20261004,13,0,output,mean,-6.640150856513243e-11,0
fedavg-mnist-dirichlet-a01-20-20261004,13,0,output,std,0.003126510692869963,0
fedavg-mnist-dirichlet-a01-20-20261004,13,0,output,median,-0.0006932405231054872,0
fedavg-mnist-dirichlet-a01-20-20261004,13,0,output,min,-0.00565444678068161,0
fedavg-mnist-dirichlet-a01-20-20261004,13,0,output,max,0.019780650734901428,0
fedavg-mnist-dirichlet-a01-20-20261004,13,0,output,l1,1.2363589059968945,0
fedavg-mnist-dirichlet-a01-20-20261004,13,0,output,l2,0.07971069516200222,0
fedavg-mnist-dirichlet-a01-20-20261004,13,0,output,max_abs,0.019780650734901428,0
fedavg-mnist-dirichlet-a01-20-20261004,13,0,output,sparsity,0.07384615384615385,0
fedavg-mnist-dirichlet-a01-20-20261004,13,0,output,skewness,2.535128495699665,0
fedavg-mnist-dirichlet-a01-20-20261004,13,0,output,kurtosis,8.086568631802399,0
fedavg-mnist-dirichlet-a01-20-20261004,13,1,conv1,mean,0.0010727089989813975,0
fedavg-mnist-dirichlet-a01-20-20261004,13,1,conv1,std,0.0016538643718782041,0
fedavg-mnist-dirichlet-a01-20-20261004,13,1,conv1,median,0.00015346333384513855,0
fedavg-mnist-dirichlet-a01-20-20261004,13,1,conv1,min,-0.0010392367839813232,0
fedavg-mnist-dirichlet-a01-20-20261004,13,1,conv1,max,0.006170511245727539,0
fedavg-mnist-dirichlet-a01-20-20261004,13,1,conv1,l1,0.1841425800230354,0
fedavg-mnist-dirichlet-a01-20-20261004,13,1,conv1,l2,0.02493502582974803,0
fedavg-mnist-dirichlet-a01-20-20261004,13,1,conv1,max_abs,0.006170511245727539,0
fedavg-mnist-dirichlet-a01-20-20261004,13,1,conv1,sparsity,0.0,0
fedavg-mnist-dirichlet-a01-20-20261004,13,1,conv1,skewness,1.359211575208923,0
fedavg-mnist-dirichlet-a01-20-20261004,13,1,conv1,kurtosis,0.617270812660605,0
fedavg-mnist-dirichlet-a01-20-20261004,13,1,conv2,mean,5.440217916719999e-05,0
fedavg-mnist-dirichlet-a01-20-20261004,13,1,conv2,std,0.00045781748273260965,0
fedavg-mnist-dirichlet-a01-20-20261004,13,1,conv2,median,1.2735254131257534e-06,0
fedavg-mnist-dirichlet-a01-20-20261004,13,1,conv2,min,-0.002116255462169647,0
fedavg-mnist-dirichlet-a01-20-20261004,13,1,conv2,max,0.005239143967628479,0
fedavg-mnist-dirichlet-a01-20-20261004,13,1,conv2,l1,1.0409692831672146,0
fedavg-mnist-dirichlet-a01-20-20261004,13,1,conv2,l2,0.031404807003308624,0
fedavg-mnist-dirichlet-a01-20-20261004,13,1,conv2,max_abs,0.005239143967628479,0
fedavg-mnist-dirichlet-a01-20-20261004,13,1,conv2,sparsity,0.00021551724137931034,0
fedavg-mnist-dirichlet-a01-20-20261004,13,1,conv2,skewness,3.5094969650299612,0
fedavg-mnist-dirichlet-a01-20-20261004,13,1,conv2,kurtosis,26.772743567883456,0
fedavg-mnist-dirichlet-a01-20-20261004,13,1,fc1,mean,1.5569166581152734e-05,0
fedavg-mnist-dirichlet-a01-20-20261004,13,1,fc1,std,0.00037044221526984347,0
fedavg-mnist-dirichlet-a01-20-20261004,13,1,fc1,median,0.0,0
fedavg-mnist-dirichlet-a01-20-20261004,13,1,fc1,min,-0.005792081356048584,0
fedavg-mnist-dirichlet-a01-20-20261004,13,1,fc1,max,0.006053507328033447,0
fedavg-mnist-dirichlet-a01-20-20261004,13,1,fc1,l1,16.328966155776243,0
fedavg-mnist-dirichlet-a01-20-20261004,13,1,fc1,l2,0.11749115213950254,0
fedavg-mnist-dirichlet-a01-20-20261004,13,1,fc1,max_abs,0.006053507328033447,0
fedavg-mnist-dirichlet-a01-20-20261004,13,1,fc1,sparsity,0.08280552899936265,0
fedavg-mnist-dirichlet-a01-20-20261004,13,1,fc1,skewness,0.16986184945525776,0
fedavg-mnist-dirichlet-a01-20-20261004,13,1,fc1,kurtosis,32.11534297817284,0
fedavg-mnist-dirichlet-a01-20-20261004,13,1,output,mean,-2.6041211990209725e-10,0
fedavg-mnist-dirichlet-a01-20-20261004,13,1,output,std,0.0023296183089935637,0
fedavg-mnist-dirichlet-a01-20-20261004,13,1,output,median,-0.00032241828739643097,0
fedavg-mnist-dirichlet-a01-20-20261004,13,1,output,min,-0.004638964310288429,0
fedavg-mnist-dirichlet-a01-20-20261004,13,1,output,max,0.009922698140144348,0
fedavg-mnist-dirichlet-a01-20-20261004,13,1,output,l1,1.092937332810834,0
fedavg-mnist-dirichlet-a01-20-20261004,13,1,output,l2,0.0593938460839064,0
fedavg-mnist-dirichlet-a01-20-20261004,13,1,output,max_abs,0.009922698140144348,0
fedavg-mnist-dirichlet-a01-20-20261004,13,1,output,sparsity,0.06153846153846154,0
fedavg-mnist-dirichlet-a01-20-20261004,13,1,output,skewness,1.1973705459757105,0
fedavg-mnist-dirichlet-a01-20-20261004,13,1,output,kurtosis,1.5932261086919093,0
fedavg-mnist-dirichlet-a01-20-20261004,13,2,conv1,mean,0.0005287557265546639,0
fedavg-mnist-dirichlet-a01-20-20261004,13,2,conv1,std,0.0007948451327627655,0
fedavg-mnist-dirichlet-a01-20-20261004,13,2,conv1,median,0.00013872981071472168,0
fedavg-mnist-dirichlet-a01-20-20261004,13,2,conv1,min,-0.0002884715795516968,0
fedavg-mnist-dirichlet-a01-20-20261004,13,2,conv1,max,0.0033269524574279785,0
fedavg-mnist-dirichlet-a01-20-20261004,13,2,conv1,l1,0.09318111522588879,0
fedavg-mnist-dirichlet-a01-20-20261004,13,2,conv1,l2,0.01207550514680696,0
fedavg-mnist-dirichlet-a01-20-20261004,13,2,conv1,max_abs,0.0033269524574279785,0
fedavg-mnist-dirichlet-a01-20-20261004,13,2,conv1,sparsity,0.0,0
fedavg-mnist-dirichlet-a01-20-20261004,13,2,conv1,skewness,1.4673377718826492,0
fedavg-mnist-dirichlet-a01-20-20261004,13,2,conv1,kurtosis,1.3265320986803806,0
fedavg-mnist-dirichlet-a01-20-20261004,13,2,conv2,mean,2.0867644875109142e-05,0
fedavg-mnist-dirichlet-a01-20-20261004,13,2,conv2,std,0.00029115942891229135,0
fedavg-mnist-dirichlet-a01-20-20261004,13,2,conv2,median,-6.866641342639923e-06,0
fedavg-mnist-dirichlet-a01-20-20261004,13,2,conv2,min,-0.0012252852320671082,0
fedavg-mnist-dirichlet-a01-20-20261004,13,2,conv2,max,0.0026320815086364746,0
fedavg-mnist-dirichlet-a01-20-20261004,13,2,conv2,l1,0.7055060672064428,0
fedavg-mnist-dirichlet-a01-20-20261004,13,2,conv2,l2,0.01988393875576082,0
fedavg-mnist-dirichlet-a01-20-20261004,13,2,conv2,max_abs,0.0026320815086364746,0
fedavg-mnist-dirichlet-a01-20-20261004,13,2,conv2,sparsity,0.0004310344827586207,0
fedavg-mnist-dirichlet-a01-20-20261004,13,2,conv2,skewness,2.429376961992669,0
fedavg-mnist-dirichlet-a01-20-20261004,13,2,conv2,kurtosis,15.201190239879296,0
fedavg-mnist-dirichlet-a01-20-20261004,13,2,fc1,mean,-8.291170747425595e-06,0
fedavg-mnist-dirichlet-a01-20-20261004,13,2,fc1,std,0.0004664610613243097,0
fedavg-mnist-dirichlet-a01-20-20261004,13,2,fc1,median,0.0,0
fedavg-mnist-dirichlet-a01-20-20261004,13,2,fc1,min,-0.008324753493070602,0
fedavg-mnist-dirichlet-a01-20-20261004,13,2,fc1,max,0.009495875798165798,0
fedavg-mnist-dirichlet-a01-20-20261004,13,2,fc1,l1,18.800217609159745,0
fedavg-mnist-dirichlet-a01-20-20261004,13,2,fc1,l2,0.14783778564750627,0
fedavg-mnist-dirichlet-a01-20-20261004,13,2,fc1,max_abs,0.009495875798165798,0
fedavg-mnist-dirichlet-a01-20-20261004,13,2,fc1,sparsity,0.09937659337157426,0
fedavg-mnist-dirichlet-a01-20-20261004,13,2,fc1,skewness,1.0869807727573586,0
fedavg-mnist-dirichlet-a01-20-20261004,13,2,fc1,kurtosis,52.11567687110215,0
fedavg-mnist-dirichlet-a01-20-20261004,13,2,output,mean,5.3371947545271655e-11,0
fedavg-mnist-dirichlet-a01-20-20261004,13,2,output,std,0.0034194354335500754,0
fedavg-mnist-dirichlet-a01-20-20261004,13,2,output,median,-0.0004351446405053139,0
fedavg-mnist-dirichlet-a01-20-20261004,13,2,output,min,-0.011590562760829926,0
fedavg-mnist-dirichlet-a01-20-20261004,13,2,output,max,0.014741841703653336,0
fedavg-mnist-dirichlet-a01-20-20261004,13,2,output,l1,1.4786697749514133,0
fedavg-mnist-dirichlet-a01-20-20261004,13,2,output,l2,0.08717884000571222,0
fedavg-mnist-dirichlet-a01-20-20261004,13,2,output,max_abs,0.014741841703653336,0
fedavg-mnist-dirichlet-a01-20-20261004,13,2,output,sparsity,0.07692307692307693,0
fedavg-mnist-dirichlet-a01-20-20261004,13,2,output,skewness,0.9452461485714653,0
fedavg-mnist-dirichlet-a01-20-20261004,13,2,output,kurtosis,2.7829025508002188,0
fedavg-mnist-dirichlet-a01-20-20261004,13,3,conv1,mean,0.00115029463195242,0
fedavg-mnist-dirichlet-a01-20-20261004,13,3,conv1,std,0.0018266139271271799,0
fedavg-mnist-dirichlet-a01-20-20261004,13,3,conv1,median,0.00026032328605651855,0
fedavg-mnist-dirichlet-a01-20-20261004,13,3,conv1,min,-0.0004383102059364319,0
fedavg-mnist-dirichlet-a01-20-20261004,13,3,conv1,max,0.006286323070526123,0
fedavg-mnist-dirichlet-a01-20-20261004,13,3,conv1,l1,0.20217013265937567,0
fedavg-mnist-dirichlet-a01-20-20261004,13,3,conv1,l2,0.027304786918263345,0
fedavg-mnist-dirichlet-a01-20-20261004,13,3,conv1,max_abs,0.006286323070526123,0
fedavg-mnist-dirichlet-a01-20-20261004,13,3,conv1,sparsity,0.0,0
fedavg-mnist-dirichlet-a01-20-20261004,13,3,conv1,skewness,1.4297434628201078,0
fedavg-mnist-dirichlet-a01-20-20261004,13,3,conv1,kurtosis,0.788506764226697,0
fedavg-mnist-dirichlet-a01-20-20261004,13,3,conv2,mean,0.00013855742492743393,0
fedavg-mnist-dirichlet-a01-20-20261004,13,3,conv2,std,0.0004980154747891268,0
fedavg-mnist-dirichlet-a01-20-20261004,13,3,conv2,median,2.527981996536255e-05,0
fedavg-mnist-dirichlet-a01-20-20261004,13,3,conv2,min,-0.0019800886511802673,0
fedavg-mnist-dirichlet-a01-20-20261004,13,3,conv2,max,0.004309512674808502,0
fedavg-mnist-dirichlet-a01-20-20261004,13,3,conv2,l1,1.172121916351898,0
fedavg-mnist-dirichlet-a01-20-20261004,13,3,conv2,l2,0.035212065252300924,0
fedavg-mnist-dirichlet-a01-20-20261004,13,3,conv2,max_abs,0.004309512674808502,0
fedavg-mnist-dirichlet-a01-20-20261004,13,3,conv2,sparsity,0.0,0
fedavg-mnist-dirichlet-a01-20-20261004,13,3,conv2,skewness,2.944848333712693,0
fedavg-mnist-dirichlet-a01-20-20261004,13,3,conv2,kurtosis,15.134492683174525,0
fedavg-mnist-dirichlet-a01-20-20261004,13,3,fc1,mean,1.952424868218436e-05,0
fedavg-mnist-dirichlet-a01-20-20261004,13,3,fc1,std,0.00041782301388689185,0
fedavg-mnist-dirichlet-a01-20-20261004,13,3,fc1,median,0.0,0
fedavg-mnist-dirichlet-a01-20-20261004,13,3,fc1,min,-0.00588127039372921,0
fedavg-mnist-dirichlet-a01-20-20261004,13,3,fc1,max,0.008073564618825912,0
fedavg-mnist-dirichlet-a01-20-20261004,13,3,fc1,l1,19.15825076672104,0
fedavg-mnist-dirichlet-a01-20-20261004,13,3,fc1,l2,0.13254625209781126,0
fedavg-mnist-dirichlet-a01-20-20261004,13,3,fc1,max_abs,0.008073564618825912,0
fedavg-mnist-dirichlet-a01-20-20261004,13,3,fc1,sparsity,0.03745419056724028,0
fedavg-mnist-dirichlet-a01-20-20261004,13,3,fc1,skewness,1.2608226713495738,0
fedavg-mnist-dirichlet-a01-20-20261004,13,3,fc1,kurtosis,32.99264649172078,0
fedavg-mnist-dirichlet-a01-20-20261004,13,3,output,mean,1.4041478817279522e-10,0
fedavg-mnist-dirichlet-a01-20-20261004,13,3,output,std,0.0025987774149921375,0
fedavg-mnist-dirichlet-a01-20-20261004,13,3,output,median,-0.0003430582582950592,0
fedavg-mnist-dirichlet-a01-20-20261004,13,3,output,min,-0.006757043302059174,0
fedavg-mnist-dirichlet-a01-20-20261004,13,3,output,max,0.011242508888244629,0
fedavg-mnist-dirichlet-a01-20-20261004,13,3,output,l1,1.259501552209258,0
fedavg-mnist-dirichlet-a01-20-20261004,13,3,output,l2,0.06625608375264572,0
fedavg-mnist-dirichlet-a01-20-20261004,13,3,output,max_abs,0.011242508888244629,0
fedavg-mnist-dirichlet-a01-20-20261004,13,3,output,sparsity,0.015384615384615385,0
fedavg-mnist-dirichlet-a01-20-20261004,13,3,output,skewness,0.792192366626577,0
fedavg-mnist-dirichlet-a01-20-20261004,13,3,output,kurtosis,0.9132855913994806,0
fedavg-mnist-dirichlet-a01-20-20261004,13,4,conv1,mean,0.00018734064942691476,0
fedavg-mnist-dirichlet-a01-20-20261004,13,4,conv1,std,0.0006506735326039871,0
fedavg-mnist-dirichlet-a01-20-20261004,13,4,conv1,median,0.00011515244841575623,0
fedavg-mnist-dirichlet-a01-20-20261004,13,4,conv1,min,-0.0029168128967285156,0
fedavg-mnist-dirichlet-a01-20-20261004,13,4,conv1,max,0.002255767583847046,0
fedavg-mnist-dirichlet-a01-20-20261004,13,4,conv1,l1,0.07343732984736562,0
fedavg-mnist-dirichlet-a01-20-20261004,13,4,conv1,l2,0.008564788987094079,0
fedavg-mnist-dirichlet-a01-20-20261004,13,4,conv1,max_abs,0.0029168128967285156,0
fedavg-mnist-dirichlet-a01-20-20261004,13,4,conv1,sparsity,0.0,0
fedavg-mnist-dirichlet-a01-20-20261004,13,4,conv1,skewness,-0.2341122295954321,0
fedavg-mnist-dirichlet-a01-20-20261004,13,4,conv1,kurtosis,3.568381958781252,0
fedavg-mnist-dirichlet-a01-20-20261004,13,4,conv2,mean,-0.00011277996844408586,0
fedavg-mnist-dirichlet-a01-20-20261004,13,4,conv2,std,0.00047990092487106066,0
fedavg-mnist-dirichlet-a01-20-20261004,13,4,conv2,median,-2.872571349143982e-05,0
fedavg-mnist-dirichlet-a01-20-20261004,13,4,conv2,min,-0.00459611602127552,0
fedavg-mnist-dirichlet-a01-20-20261004,13,4,conv2,max,0.0029076486825942993,0
fedavg-mnist-dirichlet-a01-20-20261004,13,4,conv2,l1,1.31195371888316,0
fedavg-mnist-dirichlet-a01-20-20261004,13,4,conv2,l2,0.03358023787945786,0
fedavg-mnist-dirichlet-a01-20-20261004,13,4,conv2,max_abs,0.00459611602127552,0
fedavg-mnist-dirichlet-a01-20-20261004,13,4,conv2,sparsity,0.0,0
fedavg-mnist-dirichlet-a01-20-20261004,13,4,conv2,skewness,-1.5044430784365577,0
fedavg-mnist-dirichlet-a01-20-20261004,13,4,conv2,kurtosis,10.883716036324698,0
fedavg-mnist-dirichlet-a01-20-20261004,13,4,fc1,mean,-5.5976883068464754e-05,0
fedavg-mnist-dirichlet-a01-20-20261004,13,4,fc1,std,0.0005564006460839707,0
fedavg-mnist-dirichlet-a01-20-20261004,13,4,fc1,median,-1.2326054275035858e-06,0
fedavg-mnist-dirichlet-a01-20-20261004,13,4,fc1,min,-0.008418237790465355,0
fedavg-mnist-dirichlet-a01-20-20261004,13,4,fc1,max,0.009987562894821167,0
fedavg-mnist-dirichlet-a01-20-20261004,13,4,fc1,l1,25.28005893807017,0
fedavg-mnist-dirichlet-a01-20-20261004,13,4,fc1,l2,0.17720496188786236,0
fedavg-mnist-dirichlet-a01-20-20261004,13,4,fc1,max_abs,0.009987562894821167,0
fedavg-mnist-dirichlet-a01-20-20261004,13,4,fc1,sparsity,0.07959886870618228,0
fedavg-mnist-dirichlet-a01-20-20261004,13,4,fc1,skewness,-1.410826034657123,0
fedavg-mnist-dirichlet-a01-20-20261004,13,4,fc1,kurtosis,32.0225490610622,0
fedavg-mnist-dirichlet-a01-20-20261004,13,4,output,mean,3.0903790432673234e-10,0
fedavg-mnist-dirichlet-a01-20-20261004,13,4,output,std,0.003641017629352977,0
fedavg-mnist-dirichlet-a01-20-20261004,13,4,output,median,-0.0007255342788994312,0
fedavg-mnist-dirichlet-a01-20-20261004,13,4,output,min,-0.010091908276081085,0
fedavg-mnist-dirichlet-a01-20-20261004,13,4,output,max,0.02444666624069214,0
fedavg-mnist-dirichlet-a01-20-20261004,13,4,output,l1,1.5574890010175295,0
fedavg-mnist-dirichlet-a01-20-20261004,13,4,output,l2,0.0928280997070312,0
fedavg-mnist-dirichlet-a01-20-20261004,13,4,output,max_abs,0.02444666624069214,0
fedavg-mnist-dirichlet-a01-20-20261004,13,4,output,sparsity,0.06615384615384616,0
fedavg-mnist-dirichlet-a01-20-20261004,13,4,output,skewness,2.0412933419913784,0
fedavg-mnist-dirichlet-a01-20-20261004,13,4,output,kurtosis,7.124145229097394,0
fedavg-mnist-dirichlet-a01-20-20261004,14,0,conv1,mean,0.000188792579137953,0
fedavg-mnist-dirichlet-a01-20-20261004,14,0,conv1,std,0.0003452417779891865,0
fedavg-mnist-dirichlet-a01-20-20261004,14,0,conv1,median,7.317960262298584e-05,0
fedavg-mnist-dirichlet-a01-20-20261004,14,0,conv1,min,-0.0002620816230773926,0
fedavg-mnist-dirichlet-a01-20-20261004,14,0,conv1,max,0.001330345869064331,0
fedavg-mnist-dirichlet-a01-20-20261004,14,0,conv1,l1,0.038798110210336745,0
fedavg-mnist-dirichlet-a01-20-20261004,14,0,conv1,l2,0.004977300846148563,0
fedavg-mnist-dirichlet-a01-20-20261004,14,0,conv1,max_abs,0.001330345869064331,0
fedavg-mnist-dirichlet-a01-20-20261004,14,0,conv1,sparsity,0.0,0
fedavg-mnist-dirichlet-a01-20-20261004,14,0,conv1,skewness,1.6840462010506303,0
fedavg-mnist-dirichlet-a01-20-20261004,14,0,conv1,kurtosis,2.35510383805558,0
fedavg-mnist-dirichlet-a01-20-20261004,14,0,conv2,mean,4.572378339099518e-05,0
fedavg-mnist-dirichlet-a01-20-20261004,14,0,conv2,std,0.0001758821786154794,0
fedavg-mnist-dirichlet-a01-20-20261004,14,0,conv2,median,9.899958968162537e-06,0
fedavg-mnist-dirichlet-a01-20-20261004,14,0,conv2,min,-0.000694572925567627,0
fedavg-mnist-dirichlet-a01-20-20261004,14,0,conv2,max,0.0014429911971092224,0
fedavg-mnist-dirichlet-a01-20-20261004,14,0,conv2,l1,0.46574477149624727,0
fedavg-mnist-dirichlet-a01-20-20261004,14,0,conv2,l2,0.012378891378738615,0
fedavg-mnist-dirichlet-a01-20-20261004,14,0,conv2,max_abs,0.0014429911971092224,0
fedavg-mnist-dirichlet-a01-20-20261004,14,0,conv2,sparsity,0.0,0
fedavg-mnist-dirichlet-a01-20-20261004,14,0,conv2,skewness,2.1410307745541064,0
fedavg-mnist-dirichlet-a01-20-20261004,14,0,conv2,kurtosis,12.005078366682046,0
fedavg-mnist-dirichlet-a01-20-20261004,14,0,fc1,mean,-1.1276218489278448e-05,0
fedavg-mnist-dirichlet-a01-20-20261004,14,0,fc1,std,0.0004418816889230563,0
fedavg-mnist-dirichlet-a01-20-20261004,14,0,fc1,median,0.0,0
fedavg-mnist-dirichlet-a01-20-20261004,14,0,fc1,min,-0.008799571543931961,0
fedavg-mnist-dirichlet-a01-20-20261004,14,0,fc1,max,0.008600973524153233,0
fedavg-mnist-dirichlet-a01-20-20261004,14,0,fc1,l1,18.096903546289013,0
fedavg-mnist-dirichlet-a01-20-20261004,14,0,fc1,l2,0.1400711919996984,0
fedavg-mnist-dirichlet-a01-20-20261004,14,0,fc1,max_abs,0.008799571543931961,0
fedavg-mnist-dirichlet-a01-20-20261004,14,0,fc1,sparsity,0.08427939770554493,0
fedavg-mnist-dirichlet-a01-20-20261004,14,0,fc1,skewness,-0.6470831218071476,0
fedavg-mnist-dirichlet-a01-20-20261004,14,0,fc1,kurtosis,48.86026551588363,0
fedavg-mnist-dirichlet-a01-20-20261004,14,0,output,mean,3.955882185926804e-10,0
fedavg-mnist-dirichlet-a01-20-20261004,14,0,output,std,0.0029520323164039376,0
fedavg-mnist-dirichlet-a01-20-20261004,14,0,output,median,-0.000657208263874054,0
fedavg-mnist-dirichlet-a01-20-20261004,14,0,output,min,-0.005453348159790039,0
fedavg-mnist-dirichlet-a01-20-20261004,14,0,output,max,0.018652603030204773,0
fedavg-mnist-dirichlet-a01-20-20261004,14,0,output,l1,1.1744660762196872,0
fedavg-mnist-dirichlet-a01-20-20261004,14,0,output,l2,0.07526235193050161,0
fedavg-mnist-dirichlet-a01-20-20261004,14,0,output,max_abs,0.018652603030204773,0
fedavg-mnist-dirichlet-a01-20-20261004,14,0,output,sparsity,0.06461538461538462,0
fedavg-mnist-dirichlet-a01-20-20261004,14,0,output,skewness,2.5177418178360296,0
fedavg-mnist-dirichlet-a01-20-20261004,14,0,output,kurtosis,8.032283916088108,0
fedavg-mnist-dirichlet-a01-20-20261004,14,1,conv1,mean,0.0010001733171520755,0
fedavg-mnist-dirichlet-a01-20-20261004,14,1,conv1,std,0.001542350000895739,0
fedavg-mnist-dirichlet-a01-20-20261004,14,1,conv1,median,0.00013254955410957336,0
fedavg-mnist-dirichlet-a01-20-20261004,14,1,conv1,min,-0.000892937183380127,0
fedavg-mnist-dirichlet-a01-20-20261004,14,1,conv1,max,0.005779385566711426,0
fedavg-mnist-dirichlet-a01-20-20261004,14,1,conv1,l1,0.17170286225154996,0
fedavg-mnist-dirichlet-a01-20-20261004,14,1,conv1,l2,0.0232523209666685,0
fedavg-mnist-dirichlet-a01-20-20261004,14,1,conv1,max_abs,0.005779385566711426,0
fedavg-mnist-dirichlet-a01-20-20261004,14,1,conv1,sparsity,0.0,0
fedavg-mnist-dirichlet-a01-20-20261004,14,1,conv1,skewness,1.3565251676324899,0
fedavg-mnist-dirichlet-a01-20-20261004,14,1,conv1,kurtosis,0.6105568546539932,0
fedavg-mnist-dirichlet-a01-20-20261004,14,1,conv2,mean,5.148240877901869e-05,0
fedavg-mnist-dirichlet-a01-20-20261004,14,1,conv2,std,0.0004256793283803535,0
fedavg-mnist-dirichlet-a01-20-20261004,14,1,conv2,median,6.742775440216064e-07,0
fedavg-mnist-dirichlet-a01-20-20261004,14,1,conv2,min,-0.0019714534282684326,0
fedavg-mnist-dirichlet-a01-20-20261004,14,1,conv2,max,0.00490434467792511,0
fedavg-mnist-dirichlet-a01-20-20261004,14,1,conv2,l1,0.9664461344837036,0
fedavg-mnist-dirichlet-a01-20-20261004,14,1,conv2,l2,0.029207523802464663,0
fedavg-mnist-dirichlet-a01-20-20261004,14,1,conv2,max_abs,0.00490434467792511,0
fedavg-mnist-dirichlet-a01-20-20261004,14,1,conv2,sparsity,0.00021551724137931034,0
fedavg-mnist-dirichlet-a01-20-20261004,14,1,conv2,skewness,3.503077853526982,0
fedavg-mnist-dirichlet-a01-20-20261004,14,1,conv2,kurtosis,26.61750847602402,0
fedavg-mnist-dirichlet-a01-20-20261004,14,1,fc1,mean,1.4903369631663535e-05,0
fedavg-mnist-dirichlet-a01-20-20261004,14,1,fc1,std,0.00035199030560146937,0
fedavg-mnist-dirichlet-a01-20-20261004,14,1,fc1,median,0.0,0
fedavg-mnist-dirichlet-a01-20-20261004,14,1,fc1,min,-0.005218831822276115,0
fedavg-mnist-dirichlet-a01-20-20261004,14,1,fc1,max,0.005801361054182053,0
fedavg-mnist-dirichlet-a01-20-20261004,14,1,fc1,l1,15.504156504214052,0
fedavg-mnist-dirichlet-a01-20-20261004,14,1,fc1,l2,0.11164032510350155,0
fedavg-mnist-dirichlet-a01-20-20261004,14,1,fc1,max_abs,0.005801361054182053,0
fedavg-mnist-dirichlet-a01-20-20261004,14,1,fc1,sparsity,0.08121215742511154,0
fedavg-mnist-dirichlet-a01-20-20261004,14,1,fc1,skewness,0.25676989948771856,0
fedavg-mnist-dirichlet-a01-20-20261004,14,1,fc1,kurtosis,32.33524048023549,0
fedavg-mnist-dirichlet-a01-20-20261004,14,1,output,mean,1.6924996788685138e-10,0
fedavg-mnist-dirichlet-a01-20-20261004,14,1,output,std,0.0021930947122574367,0
fedavg-mnist-dirichlet-a01-20-20261004,14,1,output,median,-0.0002753064036369324,0
fedavg-mnist-dirichlet-a01-20-20261004,14,1,output,min,-0.004485733807086945,0
fedavg-mnist-dirichlet-a01-20-20261004,14,1,output,max,0.009004518389701843,0
fedavg-mnist-dirichlet-a01-20-20261004,14,1,output,l1,1.0311106416629627,0
fedavg-mnist-dirichlet-a01-20-20261004,14,1,output,l2,0.05591316366478928,0
fedavg-mnist-dirichlet-a01-20-20261004,14,1,output,max_abs,0.009004518389701843,0
fedavg-mnist-dirichlet-a01-20-20261004,14,1,output,sparsity,0.06153846153846154,0
fedavg-mnist-dirichlet-a01-20-20261004,14,1,output,skewness,1.1496836068481988,0
fedavg-mnist-dirichlet-a01-20-20261004,14,1,output,kurtosis,1.3980592142283665,0
fedavg-mnist-dirichlet-a01-20-20261004,14,2,conv1,mean,0.0004901875407085754,0
fedavg-mnist-dirichlet-a01-20-20261004,14,2,conv1,std,0.0007420667044142813,0
fedavg-mnist-dirichlet-a01-20-20261004,14,2,conv1,median,0.0001344345510005951,0
fedavg-mnist-dirichlet-a01-20-20261004,14,2,conv1,min,-0.00027942657470703125,0
fedavg-mnist-dirichlet-a01-20-20261004,14,2,conv1,max,0.003129035234451294,0
fedavg-mnist-dirichlet-a01-20-20261004,14,2,conv1,l1,0.0867661654483527,0
fedavg-mnist-dirichlet-a01-20-20261004,14,2,conv1,l2,0.01124951070129679,0
fedavg-mnist-dirichlet-a01-20-20261004,14,2,conv1,max_abs,0.003129035234451294,0
fedavg-mnist-dirichlet-a01-20-20261004,14,2,conv1,sparsity,0.0,0
fedavg-mnist-dirichlet-a01-20-20261004,14,2,conv1,skewness,1.4897412181724317,0
fedavg-mnist-dirichlet-a01-20-20261004,14,2,conv1,kurtosis,1.4634089631889289,0
fedavg-mnist-dirichlet-a01-20-20261004,14,2,conv2,mean,1.9105075352854328e-05,0
fedavg-mnist-dirichlet-a01-20-20261004,14,2,conv2,std,0.00027733508512310233,0
fedavg-mnist-dirichlet-a01-20-20261004,14,2,conv2,median,-5.9390440583229065e-06,0
fedavg-mnist-dirichlet-a01-20-20261004,14,2,conv2,min,-0.0011556781828403473,0
fedavg-mnist-dirichlet-a01-20-20261004,14,2,conv2,max,0.0023807883262634277,0
fedavg-mnist-dirichlet-a01-20-20261004,14,2,conv2,l1,0.6722321574779926,0
fedavg-mnist-dirichlet-a01-20-20261004,14,2,conv2,l2,0.018936157358830003,0
fedavg-mnist-dirichlet-a01-20-20261004,14,2,conv2,max_abs,0.0023807883262634277,0
fedavg-mnist-dirichlet-a01-20-20261004,14,2,conv2,sparsity,0.00021551724137931034,0
fedavg-mnist-dirichlet-a01-20-20261004,14,2,conv2,skewness,2.328444910484357,0
fedavg-mnist-dirichlet-a01-20-20261004,14,2,conv2,kurtosis,14.639254472644083,0
fedavg-mnist-dirichlet-a01-20-20261004,14,2,fc1,mean,-6.184235894958662e-06,0
fedavg-mnist-dirichlet-a01-20-20261004,14,2,fc1,std,0.0004587319069364307,0
fedavg-mnist-dirichlet-a01-20-20261004,14,2,fc1,median,0.0,0
fedavg-mnist-dirichlet-a01-20-20261004,14,2,fc1,min,-0.008309990167617798,0
fedavg-mnist-dirichlet-a01-20-20261004,14,2,fc1,max,0.00944146141409874,0
fedavg-mnist-dirichlet-a01-20-20261004,14,2,fc1,l1,18.39816784661184,0
fedavg-mnist-dirichlet-a01-20-20261004,14,2,fc1,l2,0.14537839445982115,0
fedavg-mnist-dirichlet-a01-20-20261004,14,2,fc1,max_abs,0.00944146141409874,0
fedavg-mnist-dirichlet-a01-20-20261004,14,2,fc1,sparsity,0.09693674314850223,0
fedavg-mnist-dirichlet-a01-20-20261004,14,2,fc1,skewness,1.0872063860562573,0
fedavg-mnist-dirichlet-a01-20-20261004,14,2,fc1,kurtosis,53.26473634733712,0
fedavg-mnist-dirichlet-a01-20-20261004,14,2,output,mean,-2.786803704041701e-10,0
fedavg-mnist-dirichlet-a01-20-20261004,14,2,output,std,0.0033485666430670717,0
fedavg-mnist-dirichlet-a01-20-20261004,14,2,output,median,-0.00039217621088027954,0
fedavg-mnist-dirichlet-a01-20-20261004,14,2,output,min,-0.011631645262241364,0
fedavg-mnist-dirichlet-a01-20-20261004,14,2,output,max,0.014466628432273865,0
fedavg-mnist-dirichlet-a01-20-20261004,14,2,output,l1,1.4362689428962767,0
fedavg-mnist-dirichlet-a01-20-20261004,14,2,output,l2,0.08537203327782471,0
fedavg-mnist-dirichlet-a01-20-20261004,14,2,output,max_abs,0.014466628432273865,0
fedavg-mnist-dirichlet-a01-20-20261004,14,2,output,sparsity,0.07692307692307693,0
fedavg-mnist-dirichlet-a01-20-20261004,14,2,output,skewness,0.9129299368218052,0
fedavg-mnist-dirichlet-a01-20-20261004,14,2,output,kurtosis,2.898333657488112,0
fedavg-mnist-dirichlet-a01-20-20261004,14,3,conv1,mean,0.00098128994286526,0
fedavg-mnist-dirichlet-a01-20-20261004,14,3,conv1,std,0.0015769767623127376,0
fedavg-mnist-dirichlet-a01-20-20261004,14,3,conv1,median,0.0002208128571510315,0
fedavg-mnist-dirichlet-a01-20-20261004,14,3,conv1,min,-0.00048319995403289795,0
fedavg-mnist-dirichlet-a01-20-20261004,14,3,conv1,max,0.005510777235031128,0
fedavg-mnist-dirichlet-a01-20-20261004,14,3,conv1,l1,0.17472106264904141,0
fedavg-mnist-dirichlet-a01-20-20261004,14,3,conv1,l2,0.023493950407176292,0
fedavg-mnist-dirichlet-a01-20-20261004,14,3,conv1,max_abs,0.005510777235031128,0
fedavg-mnist-dirichlet-a01-20-20261004,14,3,conv1,sparsity,0.0,0
fedavg-mnist-dirichlet-a01-20-20261004,14,3,conv1,skewness,1.435856679053282,0
fedavg-mnist-dirichlet-a01-20-20261004,14,3,conv1,kurtosis,0.832572908599269,0
fedavg-mnist-dirichlet-a01-20-20261004,14,3,conv2,mean,0.00011920997199326691,0
fedavg-mnist-dirichlet-a01-20-20261004,14,3,conv2,std,0.00044251011886686185,0
fedavg-mnist-dirichlet-a01-20-20261004,14,3,conv2,median,2.240017056465149e-05,0
fedavg-mnist-dirichlet-a01-20-20261004,14,3,conv2,min,-0.0018153749406337738,0
fedavg-mnist-dirichlet-a01-20-20261004,14,3,conv2,max,0.003565944731235504,0
fedavg-mnist-dirichlet-a01-20-20261004,14,3,conv2,l1,1.0589231902486063,0
fedavg-mnist-dirichlet-a01-20-20261004,14,3,conv2,l2,0.03121732969731727,0
fedavg-mnist-dirichlet-a01-20-20261004,14,3,conv2,max_abs,0.003565944731235504,0
fedavg-mnist-dirichlet-a01-20-20261004,14,3,conv2,sparsity,0.0,0
fedavg-mnist-dirichlet-a01-20-20261004,14,3,conv2,skewness,2.6936439188819494,0
fedavg-mnist-dirichlet-a01-20-20261004,14,3,conv2,kurtosis,13.536272470223693,0
fedavg-mnist-dirichlet-a01-20-20261004,14,3,fc1,mean,1.8391455009200325e-05,0
fedavg-mnist-dirichlet-a01-20-20261004,14,3,fc1,std,0.0004096094802790532,0
fedavg-mnist-dirichlet-a01-20-20261004,14,3,fc1,median,0.0,0
fedavg-mnist-dirichlet-a01-20-20261004,14,3,fc1,min,-0.005674155429005623,0
fedavg-mnist-dirichlet-a01-20-20261004,14,3,fc1,max,0.007783763110637665,0
fedavg-mnist-dirichlet-a01-20-20261004,14,3,fc1,l1,18.734582201773605,0
fedavg-mnist-dirichlet-a01-20-20261004,14,3,fc1,l2,0.12992980549017655,0
fedavg-mnist-dirichlet-a01-20-20261004,14,3,fc1,max_abs,0.007783763110637665,0
fedavg-mnist-dirichlet-a01-20-20261004,14,3,fc1,sparsity,0.03688655194391332,0
fedavg-mnist-dirichlet-a01-20-20261004,14,3,fc1,skewness,1.2179008213015925,0
fedavg-mnist-dirichlet-a01-20-20261004,14,3,fc1,kurtosis,32.609177397603766,0
fedavg-mnist-dirichlet-a01-20-20261004,14,3,output,mean,-2.795758728797619e-10,0
fedavg-mnist-dirichlet-a01-20-20261004,14,3,output,std,0.0024903719917540004,0
fedavg-mnist-dirichlet-a01-20-20261004,14,3,output,median,-0.0002784011885523796,0
fedavg-mnist-dirichlet-a01-20-20261004,14,3,output,min,-0.006447538733482361,0
fedavg-mnist-dirichlet-a01-20-20261004,14,3,output,max,0.010684475302696228,0
fedavg-mnist-dirichlet-a01-20-20261004,14,3,output,l1,1.2118762416066602,0
fedavg-mnist-dirichlet-a01-20-20261004,14,3,output,l2,0.06349227691029329,0
fedavg-mnist-dirichlet-a01-20-20261004,14,3,output,max_abs,0.010684475302696228,0
fedavg-mnist-dirichlet-a01-20-20261004,14,3,output,sparsity,0.015384615384615385,0
fedavg-mnist-dirichlet-a01-20-20261004,14,3,output,skewness,0.7366310549746177,0
fedavg-mnist-dirichlet-a01-20-20261004,14,3,output,kurtosis,0.8078243793794018,0
fedavg-mnist-dirichlet-a01-20-20261004,14,4,conv1,mean,0.00020548364554997533,0
fedavg-mnist-dirichlet-a01-20-20261004,14,4,conv1,std,0.0006393423835414259,0
fedavg-mnist-dirichlet-a01-20-20261004,14,4,conv1,median,0.00010225921869277954,0
fedavg-mnist-dirichlet-a01-20-20261004,14,4,conv1,min,-0.002656489610671997,0
fedavg-mnist-dirichlet-a01-20-20261004,14,4,conv1,max,0.002287536859512329,0
fedavg-mnist-dirichlet-a01-20-20261004,14,4,conv1,l1,0.07253852346912026,0
fedavg-mnist-dirichlet-a01-20-20261004,14,4,conv1,l2,0.008494536709965432,0
fedavg-mnist-dirichlet-a01-20-20261004,14,4,conv1,max_abs,0.002656489610671997,0
fedavg-mnist-dirichlet-a01-20-20261004,14,4,conv1,sparsity,0.0,0
fedavg-mnist-dirichlet-a01-20-20261004,14,4,conv1,skewness,0.060099449052811796,0
fedavg-mnist-dirichlet-a01-20-20261004,14,4,conv1,kurtosis,2.9113328427756375,0
fedavg-mnist-dirichlet-a01-20-20261004,14,4,conv2,mean,-9.899317190674679e-05,0
fedavg-mnist-dirichlet-a01-20-20261004,14,4,conv2,std,0.00045144778364408696,0
fedavg-mnist-dirichlet-a01-20-20261004,14,4,conv2,median,-2.41156667470932e-05,0
fedavg-mnist-dirichlet-a01-20-20261004,14,4,conv2,min,-0.004317845217883587,0
fedavg-mnist-dirichlet-a01-20-20261004,14,4,conv2,max,0.0027496814727783203,0
fedavg-mnist-dirichlet-a01-20-20261004,14,4,conv2,l1,1.227696601406933,0
fedavg-mnist-dirichlet-a01-20-20261004,14,4,conv2,l2,0.03148215426885065,0
fedavg-mnist-dirichlet-a01-20-20261004,14,4,conv2,max_abs,0.004317845217883587,0
fedavg-mnist-dirichlet-a01-20-20261004,14,4,conv2,sparsity,0.0,0
fedavg-mnist-dirichlet-a01-20-20261004,14,4,conv2,skewness,-1.458703997497675,0
fedavg-mnist-dirichlet-a01-20-20261004,14,4,conv2,kurtosis,11.040461777235183,0
fedavg-mnist-dirichlet-a01-20-20261004,14,4,fc1,mean,-5.442378025814755e-05,0
fedavg-mnist-dirichlet-a01-20-20261004,14,4,fc1,std,0.0005255845694275929,0
fedavg-mnist-dirichlet-a01-20-20261004,14,4,fc1,median,-1.605600118637085e-06,0
fedavg-mnist-dirichlet-a01-20-20261004,14,4,fc1,min,-0.007947692647576332,0
fedavg-mnist-dirichlet-a01-20-20261004,14,4,fc1,max,0.009696237742900848,0
fedavg-mnist-dirichlet-a01-20-20261004,14,4,fc1,l1,23.8084971066437,0
fedavg-mnist-dirichlet-a01-20-20261004,14,4,fc1,l2,0.16744030697591417,0
fedavg-mnist-dirichlet-a01-20-20261004,14,4,fc1,max_abs,0.009696237742900848,0
fedavg-mnist-dirichlet-a01-20-20261004,14,4,fc1,sparsity,0.07935986297004462,0
fedavg-mnist-dirichlet-a01-20-20261004,14,4,fc1,skewness,-1.5197953904825183,0
fedavg-mnist-dirichlet-a01-20-20261004,14,4,fc1,kurtosis,33.24958447354912,0
fedavg-mnist-dirichlet-a01-20-20261004,14,4,output,mean,2.5633758363815456e-10,0
fedavg-mnist-dirichlet-a01-20-20261004,14,4,output,std,0.0034946951687297397,0
fedavg-mnist-dirichlet-a01-20-20261004,14,4,output,median,-0.000660039484500885,0
fedavg-mnist-dirichlet-a01-20-20261004,14,4,output,min,-0.01064455509185791,0
fedavg-mnist-dirichlet-a01-20-20261004,14,4,output,max,0.022880971431732178,0
fedavg-mnist-dirichlet-a01-20-20261004,14,4,output,l1,1.503234870819142,0
fedavg-mnist-dirichlet-a01-20-20261004,14,4,output,l2,0.0890975942970571,0
fedavg-mnist-dirichlet-a01-20-20261004,14,4,output,max_abs,0.022880971431732178,0
fedavg-mnist-dirichlet-a01-20-20261004,14,4,output,sparsity,0.06769230769230769,0
fedavg-mnist-dirichlet-a01-20-20261004,14,4,output,skewness,1.9442723990488966,0
fedavg-mnist-dirichlet-a01-20-20261004,14,4,output,kurtosis,6.624148340956355,0
fedavg-mnist-dirichlet-a01-20-20261004,15,0,conv1,mean,0.00017027313879225403,0
fedavg-mnist-dirichlet-a01-20-20261004,15,0,conv1,std,0.00032315711178801615,0
fedavg-mnist-dirichlet-a01-20-20261004,15,0,conv1,median,6.570667028427124e-05,0
fedavg-mnist-dirichlet-a01-20-20261004,15,0,conv1,min,-0.00030738115310668945,0
fedavg-mnist-dirichlet-a01-20-20261004,15,0,conv1,max,0.0012420415878295898,0
fedavg-mnist-dirichlet-a01-20-20261004,15,0,conv1,l1,0.03636638820171356,0
fedavg-mnist-dirichlet-a01-20-20261004,15,0,conv1,l2,0.00462036294147269,0
fedavg-mnist-dirichlet-a01-20-20261004,15,0,conv1,max_abs,0.0012420415878295898,0
fedavg-mnist-dirichlet-a01-20-20261004,15,0,conv1,sparsity,0.0,0
fedavg-mnist-dirichlet-a01-20-20261004,15,0,conv1,skewness,1.638852527947997,0
fedavg-mnist-dirichlet-a01-20-20261004,15,0,conv1,kurtosis,2.302401183222022,0
fedavg-mnist-dirichlet-a01-20-20261004,15,0,conv2,mean,4.47758223495792e-05,0
fedavg-mnist-dirichlet-a01-20-20261004,15,0,conv2,std,0.0001668637203112519,0
fedavg-mnist-dirichlet-a01-20-20261004,15,0,conv2,median,9.879469871520996e-06,0
fedavg-mnist-dirichlet-a01-20-20261004,15,0,conv2,min,-0.0006515122950077057,0
fedavg-mnist-dirichlet-a01-20-20261004,15,0,conv2,max,0.001376330852508545,0
fedavg-mnist-dirichlet-a01-20-20261004,15,0,conv2,l1,0.4412731433812951,0
fedavg-mnist-dirichlet-a01-20-20261004,15,0,conv2,l2,0.011768451978217628,0
fedavg-mnist-dirichlet-a01-20-20261004,15,0,conv2,max_abs,0.001376330852508545,0
fedavg-mnist-dirichlet-a01-20-20261004,15,0,conv2,sparsity,0.0004310344827586207,0
fedavg-mnist-dirichlet-a01-20-20261004,15,0,conv2,skewness,2.1488913321492658,0
fedavg-mnist-dirichlet-a01-20-20261004,15,0,conv2,kurtosis,12.119000760096775,0
fedavg-mnist-dirichlet-a01-20-20261004,15,0,fc1,mean,-1.044060508916784e-05,0
fedavg-mnist-dirichlet-a01-20-20261004,15,0,fc1,std,0.0004270468609291447,0
fedavg-mnist-dirichlet-a01-20-20261004,15,0,fc1,median,0.0,0
fedavg-mnist-dirichlet-a01-20-20261004,15,0,fc1,min,-0.008552417159080505,0
fedavg-mnist-dirichlet-a01-20-20261004,15,0,fc1,max,0.008390022441744804,0
fedavg-mnist-dirichlet-a01-20-20261004,15,0,fc1,l1,17.5068044717259,0
fedavg-mnist-dirichlet-a01-20-20261004,15,0,fc1,l2,0.1353651122923284,0
fedavg-mnist-dirichlet-a01-20-20261004,15,0,fc1,max_abs,0.008552417159080505,0
fedavg-mnist-dirichlet-a01-20-20261004,15,0,fc1,sparsity,0.08313416188655194,0
fedavg-mnist-dirichlet-a01-20-20261004,15,0,fc1,skewness,-0.5396930864397568,0
fedavg-mnist-dirichlet-a01-20-20261004,15,0,fc1,kurtosis,49.34391367850873,0
fedavg-mnist-dirichlet-a01-20-20261004,15,0,output,mean,-8.377425659161348e-11,0
fedavg-mnist-dirichlet-a01-20-20261004,15,0,output,std,0.0028198912181026693,0
fedavg-mnist-dirichlet-a01-20-20261004,15,0,output,median,-0.0005978010594844818,0
fedavg-mnist-dirichlet-a01-20-20261004,15,0,output,min,-0.005281507968902588,0
fedavg-mnist-dirichlet-a01-20-20261004,15,0,output,max,0.017814025282859802,0
fedavg-mnist-dirichlet-a01-20-20261004,15,0,output,l1,1.1261482699483167,0
fedavg-mnist-dirichlet-a01-20-20261004,15,0,output,l2,0.07189340173657223,0
fedavg-mnist-dirichlet-a01-20-20261004,15,0,output,max_abs,0.017814025282859802,0
fedavg-mnist-dirichlet-a01-20-20261004,15,0,output,sparsity,0.06153846153846154,0
fedavg-mnist-dirichlet-a01-20-20261004,15,0,output,skewness,2.504400031215738,0
fedavg-mnist-dirichlet-a01-20-20261004,15,0,output,kurtosis,8.003214165598012,0
fedavg-mnist-dirichlet-a01-20-20261004,15,1,conv1,mean,0.0009462471818551422,0
fedavg-mnist-dirichlet-a01-20-20261004,15,1,conv1,std,0.00145614951798021,0
fedavg-mnist-dirichlet-a01-20-20261004,15,1,conv1,median,0.0001230575144290924,0
fedavg-mnist-dirichlet-a01-20-20261004,15,1,conv1,min,-0.000761866569519043,0
fedavg-mnist-dirichlet-a01-20-20261004,15,1,conv1,max,0.0054624974727630615,0
fedavg-mnist-dirichlet-a01-20-20261004,15,1,conv1,l1,0.16218753810971975,0
fedavg-mnist-dirichlet-a01-20-20261004,15,1,conv1,l2,0.021966356631477314,0
fedavg-mnist-dirichlet-a01-20-20261004,15,1,conv1,max_abs,0.0054624974727630615,0
fedavg-mnist-dirichlet-a01-20-20261004,15,1,conv1,sparsity,0.0,0
fedavg-mnist-dirichlet-a01-20-20261004,15,1,conv1,skewness,1.3518754726173479,0
fedavg-mnist-dirichlet-a01-20-20261004,15,1,conv1,kurtosis,0.5878311596357122,0
fedavg-mnist-dirichlet-a01-20-20261004,15,1,conv2,mean,5.0807048438432034e-05,0
fedavg-mnist-dirichlet-a01-20-20261004,15,1,conv2,std,0.00040180903119789864,0
fedavg-mnist-dirichlet-a01-20-20261004,15,1,conv2,median,1.0365620255470276e-06,0
fedavg-mnist-dirichlet-a01-20-20261004,15,1,conv2,min,-0.0018685460090637207,0
fedavg-mnist-dirichlet-a01-20-20261004,15,1,conv2,max,0.0046286433935165405,0
fedavg-mnist-dirichlet-a01-20-20261004,15,1,conv2,l1,0.914066783778253,0
fedavg-mnist-dirichlet-a01-20-20261004,15,1,conv2,l2,0.02758818227567261,0
fedavg-mnist-dirichlet-a01-20-20261004,15,1,conv2,max_abs,0.0046286433935165405,0
fedavg-mnist-dirichlet-a01-20-20261004,15,1,conv2,sparsity,0.0,0
fedavg-mnist-dirichlet-a01-20-20261004,15,1,conv2,skewness,3.4937041322256164,0
fedavg-mnist-dirichlet-a01-20-20261004,15,1,conv2,kurtosis,26.088041755986858,0
fedavg-mnist-dirichlet-a01-20-20261004,15,1,fc1,mean,1.6364667305949008e-05,0
fedavg-mnist-dirichlet-a01-20-20261004,15,1,fc1,std,0.0003407132095350064,0
fedavg-mnist-dirichlet-a01-20-20261004,15,1,fc1,median,0.0,0
fedavg-mnist-dirichlet-a01-20-20261004,15,1,fc1,min,-0.0048736389726400375,0
fedavg-mnist-dirichlet-a01-20-20261004,15,1,fc1,max,0.005791855975985527,0
fedavg-mnist-dirichlet-a01-20-20261004,15,1,fc1,l1,15.008831142812141,0
fedavg-mnist-dirichlet-a01-20-20261004,15,1,fc1,l2,0.10809131472444412,0
fedavg-mnist-dirichlet-a01-20-20261004,15,1,fc1,max_abs,0.005791855975985527,0
fedavg-mnist-dirichlet-a01-20-20261004,15,1,fc1,sparsity,0.08039555449330783,0
fedavg-mnist-dirichlet-a01-20-20261004,15,1,fc1,skewness,0.43730184248336995,0
fedavg-mnist-dirichlet-a01-20-20261004,15,1,fc1,kurtosis,32.41114194693883,0
fedavg-mnist-dirichlet-a01-20-20261004,15,1,output,mean,2.843220360003985e-10,0
fedavg-mnist-dirichlet-a01-20-20261004,15,1,output,std,0.0021035347971448547,0
fedavg-mnist-dirichlet-a01-20-20261004,15,1,output,median,-0.000284319743514061,0
fedavg-mnist-dirichlet-a01-20-20261004,15,1,output,min,-0.0044684335589408875,0
fedavg-mnist-dirichlet-a01-20-20261004,15,1,output,max,0.008305162191390991,0
fedavg-mnist-dirichlet-a01-20-20261004,15,1,output,l1,0.9971260055317543,0
fedavg-mnist-dirichlet-a01-20-20261004,15,1,output,l2,0.05362982489081577,0
fedavg-mnist-dirichlet-a01-20-20261004,15,1,output,max_abs,0.008305162191390991,0
fedavg-mnist-dirichlet-a01-20-20261004,15,1,output,sparsity,0.06153846153846154,0
fedavg-mnist-dirichlet-a01-20-20261004,15,1,output,skewness,1.087397223416919,0
fedavg-mnist-dirichlet-a01-20-20261004,15,1,output,kurtosis,1.1854977218855431,0
fedavg-mnist-dirichlet-a01-20-20261004,15,2,conv1,mean,0.0004562518159218598,0
fedavg-mnist-dirichlet-a01-20-20261004,15,2,conv1,std,0.0006991849415525205,0
fedavg-mnist-dirichlet-a01-20-20261004,15,2,conv1,median,0.00012039393186569214,0
fedavg-mnist-dirichlet-a01-20-20261004,15,2,conv1,min,-0.0002727508544921875,0
fedavg-mnist-dirichlet-a01-20-20261004,15,2,conv1,max,0.002931654453277588,0
fedavg-mnist-dirichlet-a01-20-20261004,15,2,conv1,l1,0.08108728390652686,0
fedavg-mnist-dirichlet-a01-20-20261004,15,2,conv1,l2,0.010560494700729098,0
fedavg-mnist-dirichlet-a01-20-20261004,15,2,conv1,max_abs,0.002931654453277588,0
fedavg-mnist-dirichlet-a01-20-20261004,15,2,conv1,sparsity,0.0,0
fedavg-mnist-dirichlet-a01-20-20261004,15,2,conv1,skewness,1.5204726616374815,0
fedavg-mnist-dirichlet-a01-20-20261004,15,2,conv1,kurtosis,1.5913550729401518,0
fedavg-mnist-dirichlet-a01-20-20261004,15,2,conv2,mean,1.6077832843809026e-05,0
fedavg-mnist-dirichlet-a01-20-20261004,15,2,conv2,std,0.00026482709876562597,0
fedavg-mnist-dirichlet-a01-20-20261004,15,2,conv2,median,-6.757793016731739e-06,0
fedavg-mnist-dirichlet-a01-20-20261004,15,2,conv2,min,-0.0011089518666267395,0
fedavg-mnist-dirichlet-a01-20-20261004,15,2,conv2,max,0.00222700834274292,0
fedavg-mnist-dirichlet-a01-20-20261004,15,2,conv2,l1,0.641177235494979,0
fedavg-mnist-dirichlet-a01-20-20261004,15,2,conv2,l2,0.01807258599996178,0
fedavg-mnist-dirichlet-a01-20-20261004,15,2,conv2,max_abs,0.00222700834274292,0
fedavg-mnist-dirichlet-a01-20-20261004,15,2,conv2,sparsity,0.0,0
fedavg-mnist-dirichlet-a01-20-20261004,15,2,conv2,skewness,2.3050536262187573,0
fedavg-mnist-dirichlet-a01-20-20261004,15,2,conv2,kurtosis,14.732080116133822,0
fedavg-mnist-dirichlet-a01-20-20261004,15,2,fc1,mean,-6.10224133667588e-06,0
fedavg-mnist-dirichlet-a01-20-20261004,15,2,fc1,std,0.00045318466094172066,0
fedavg-mnist-dirichlet-a01-20-20261004,15,2,fc1,median,0.0,0
fedavg-mnist-dirichlet-a01-20-20261004,15,2,fc1,min,-0.008258037269115448,0
fedavg-mnist-dirichlet-a01-20-20261004,15,2,fc1,max,0.009288613684475422,0
fedavg-mnist-dirichlet-a01-20-20261004,15,2,fc1,l1,18.24173412228265,0
fedavg-mnist-dirichlet-a01-20-20261004,15,2,fc1,l2,0.14362036580204218,0
fedavg-mnist-dirichlet-a01-20-20261004,15,2,fc1,max_abs,0.009288613684475422,0
fedavg-mnist-dirichlet-a01-20-20261004,15,2,fc1,sparsity,0.09599067877629062,0
fedavg-mnist-dirichlet-a01-20-20261004,15,2,fc1,skewness,0.9934954970520845,0
fedavg-mnist-dirichlet-a01-20-20261004,15,2,fc1,kurtosis,52.64556311114803,0
fedavg-mnist-dirichlet-a01-20-20261004,15,2,output,mean,-5.152721244555253e-10,0
fedavg-mnist-dirichlet-a01-20-20261004,15,2,output,std,0.003264501241069556,0
fedavg-mnist-dirichlet-a01-20-20261004,15,2,output,median,-0.00037579890340566635,0
fedavg-mnist-dirichlet-a01-20-20261004,15,2,output,min,-0.011561557650566101,0
fedavg-mnist-dirichlet-a01-20-20261004,15,2,output,max,0.014083683490753174,0
fedavg-mnist-dirichlet-a01-20-20261004,15,2,output,l1,1.393699673586525,0
fedavg-mnist-dirichlet-a01-20-20261004,15,2,output,l2,0.0832287776518087,0
fedavg-mnist-dirichlet-a01-20-20261004,15,2,output,max_abs,0.014083683490753174,0
fedavg-mnist-dirichlet-a01-20-20261004,15,2,output,sparsity,0.07692307692307693,0
fedavg-mnist-dirichlet-a01-20-20261004,15,2,output,skewness,0.8745671998420772,0
fedavg-mnist-dirichlet-a01-20-20261004,15,2,output,kurtosis,2.9655088929817612,0
fedavg-mnist-dirichlet-a01-20-20261004,15,3,conv1,mean,0.0008411110524320975,0
fedavg-mnist-dirichlet-a01-20-20261004,15,3,conv1,std,0.0013769143969917007,0
fedavg-mnist-dirichlet-a01-20-20261004,15,3,conv1,median,0.00015975534915924072,0
fedavg-mnist-dirichlet-a01-20-20261004,15,3,conv1,min,-0.0005293339490890503,0
fedavg-mnist-dirichlet-a01-20-20261004,15,3,conv1,max,0.004879266023635864,0
fedavg-mnist-dirichlet-a01-20-20261004,15,3,conv1,l1,0.15224249986931682,0
fedavg-mnist-dirichlet-a01-20-20261004,15,3,conv1,l2,0.02040925695527968,0
fedavg-mnist-dirichlet-a01-20-20261004,15,3,conv1,max_abs,0.004879266023635864,0
fedavg-mnist-dirichlet-a01-20-20261004,15,3,conv1,sparsity,0.0,0
fedavg-mnist-dirichlet-a01-20-20261004,15,3,conv1,skewness,1.4427903903027839,0
fedavg-mnist-dirichlet-a01-20-20261004,15,3,conv1,kurtosis,0.8801879702340805,0
fedavg-mnist-dirichlet-a01-20-20261004,15,3,conv2,mean,0.00010283565963210752,0
fedavg-mnist-dirichlet-a01-20-20261004,15,3,conv2,std,0.0003977177648692478,0
fedavg-mnist-dirichlet-a01-20-20261004,15,3,conv2,median,1.9212253391742706e-05,0
fedavg-mnist-dirichlet-a01-20-20261004,15,3,conv2,min,-0.001723024994134903,0
fedavg-mnist-dirichlet-a01-20-20261004,15,3,conv2,max,0.0030677318572998047,0
fedavg-mnist-dirichlet-a01-20-20261004,15,3,conv2,l1,0.9674903894556337,0
fedavg-mnist-dirichlet-a01-20-20261004,15,3,conv2,l2,0.027982517994354313,0
fedavg-mnist-dirichlet-a01-20-20261004,15,3,conv2,max_abs,0.0030677318572998047,0
fedavg-mnist-dirichlet-a01-20-20261004,15,3,conv2,sparsity,0.0,0
fedavg-mnist-dirichlet-a01-20-20261004,15,3,conv2,skewness,2.447492479032043,0
fedavg-mnist-dirichlet-a01-20-20261004,15,3,conv2,kurtosis,12.40803506809649,0
fedavg-mnist-dirichlet-a01-20-20261004,15,3,fc1,mean,1.956982106705377e-05,0
fedavg-mnist-dirichlet-a01-20-20261004,15,3,fc1,std,0.00040253492054989344,0
fedavg-mnist-dirichlet-a01-20-20261004,15,3,fc1,median,0.0,0
fedavg-mnist-dirichlet-a01-20-20261004,15,3,fc1,min,-0.00545899011194706,0
fedavg-mnist-dirichlet-a01-20-20261004,15,3,fc1,max,0.007574908435344696,0
fedavg-mnist-dirichlet-a01-20-20261004,15,3,fc1,l1,18.5405698154499,0
fedavg-mnist-dirichlet-a01-20-20261004,15,3,fc1,l2,0.12770786831427644,0
fedavg-mnist-dirichlet-a01-20-20261004,15,3,fc1,max_abs,0.007574908435344696,0
fedavg-mnist-dirichlet-a01-20-20261004,15,3,fc1,sparsity,0.03574131612492033,0
fedavg-mnist-dirichlet-a01-20-20261004,15,3,fc1,skewness,1.2489838362127959,0
fedavg-mnist-dirichlet-a01-20-20261004,15,3,fc1,kurtosis,31.917844388669863,0
fedavg-mnist-dirichlet-a01-20-20261004,15,3,output,mean,3.179481539588708e-10,0
fedavg-mnist-dirichlet-a01-20-20261004,15,3,output,std,0.002403623188668932,0
fedavg-mnist-dirichlet-a01-20-20261004,15,3,output,median,-0.0002610646188259125,0
fedavg-mnist-dirichlet-a01-20-20261004,15,3,output,min,-0.006162270903587341,0
fedavg-mnist-dirichlet-a01-20-20261004,15,3,output,max,0.010255992412567139,0
fedavg-mnist-dirichlet-a01-20-20261004,15,3,output,l1,1.1772415901941713,0
fedavg-mnist-dirichlet-a01-20-20261004,15,3,output,l2,0.06128060771173552,0
fedavg-mnist-dirichlet-a01-20-20261004,15,3,output,max_abs,0.010255992412567139,0
fedavg-mnist-dirichlet-a01-20-20261004,15,3,output,sparsity,0.015384615384615385,0
fedavg-mnist-dirichlet-a01-20-20261004,15,3,output,skewness,0.709952072140931,0
fedavg-mnist-dirichlet-a01-20-20261004,15,3,output,kurtosis,0.7297884892916047,0
fedavg-mnist-dirichlet-a01-20-20261004,15,4,conv1,mean,0.00024797133082756775,0
fedavg-mnist-dirichlet-a01-20-20261004,15,4,conv1,std,0.0006512948454567989,0
fedavg-mnist-dirichlet-a01-20-20261004,15,4,conv1,median,8.705258369445801e-05,0
fedavg-mnist-dirichlet-a01-20-20261004,15,4,conv1,min,-0.002350419759750366,0
fedavg-mnist-dirichlet-a01-20-20261004,15,4,conv1,max,0.0024524033069610596,0
fedavg-mnist-dirichlet-a01-20-20261004,15,4,conv1,l1,0.07391000795178115,0
fedavg-mnist-dirichlet-a01-20-20261004,15,4,conv1,l2,0.008815211912424938,0
fedavg-mnist-dirichlet-a01-20-20261004,15,4,conv1,max_abs,0.0024524033069610596,0
fedavg-mnist-dirichlet-a01-20-20261004,15,4,conv1,sparsity,0.0,0
fedavg-mnist-dirichlet-a01-20-20261004,15,4,conv1,skewness,0.5050256853800882,0
fedavg-mnist-dirichlet-a01-20-20261004,15,4,conv1,kurtosis,2.20347975594669,0
fedavg-mnist-dirichlet-a01-20-20261004,15,4,conv2,mean,-8.402327820641435e-05,0
fedavg-mnist-dirichlet-a01-20-20261004,15,4,conv2,std,0.00042062335191765356,0
fedavg-mnist-dirichlet-a01-20-20261004,15,4,conv2,median,-2.097245305776596e-05,0
fedavg-mnist-dirichlet-a01-20-20261004,15,4,conv2,min,-0.003947422839701176,0
fedavg-mnist-dirichlet-a01-20-20261004,15,4,conv2,max,0.0026422590017318726,0
fedavg-mnist-dirichlet-a01-20-20261004,15,4,conv2,l1,1.14005385098244,0
fedavg-mnist-dirichlet-a01-20-20261004,15,4,conv2,l2,0.029217894649165528,0
fedavg-mnist-dirichlet-a01-20-20261004,15,4,conv2,max_abs,0.003947422839701176,0
fedavg-mnist-dirichlet-a01-20-20261004,15,4,conv2,sparsity,0.0,0
fedavg-mnist-dirichlet-a01-20-20261004,15,4,conv2,skewness,-1.317525506653933,0
fedavg-mnist-dirichlet-a01-20-20261004,15,4,conv2,kurtosis,10.93908695279116,0
fedavg-mnist-dirichlet-a01-20-20261004,15,4,fc1,mean,-5.134827371864034e-05,0
fedavg-mnist-dirichlet-a01-20-20261004,15,4,fc1,std,0.000496197442575557,0
fedavg-mnist-dirichlet-a01-20-20261004,15,4,fc1,median,-1.244945451617241e-06,0
fedavg-mnist-dirichlet-a01-20-20261004,15,4,fc1,min,-0.007481092121452093,0
fedavg-mnist-dirichlet-a01-20-20261004,15,4,fc1,max,0.009392600506544113,0
fedavg-mnist-dirichlet-a01-20-20261004,15,4,fc1,l1,22.37267220814033,0
fedavg-mnist-dirichlet-a01-20-20261004,15,4,fc1,l2,0.15807711952996056,0
fedavg-mnist-dirichlet-a01-20-20261004,15,4,fc1,max_abs,0.009392600506544113,0
fedavg-mnist-dirichlet-a01-20-20261004,15,4,fc1,sparsity,0.09082217973231357,0
fedavg-mnist-dirichlet-a01-20-20261004,15,4,fc1,skewness,-1.5757045165269543,0
fedavg-mnist-dirichlet-a01-20-20261004,15,4,fc1,kurtosis,34.641757726826526,0
fedavg-mnist-dirichlet-a01-20-20261004,15,4,output,mean,-1.5133991837501526e-10,0
fedavg-mnist-dirichlet-a01-20-20261004,15,4,output,std,0.0033337213758203974,0
fedavg-mnist-dirichlet-a01-20-20261004,15,4,output,median,-0.0006361566483974457,0
fedavg-mnist-dirichlet-a01-20-20261004,15,4,output,min,-0.010736361145973206,0
fedavg-mnist-dirichlet-a01-20-20261004,15,4,output,max,0.021021217107772827,0
fedavg-mnist-dirichlet-a01-20-20261004,15,4,output,l1,1.4489879651227966,0
fedavg-mnist-dirichlet-a01-20-20261004,15,4,output,l2,0.08499355174094804,0
fedavg-mnist-dirichlet-a01-20-20261004,15,4,output,max_abs,0.021021217107772827,0
fedavg-mnist-dirichlet-a01-20-20261004,15,4,output,sparsity,0.07692307692307693,0
fedavg-mnist-dirichlet-a01-20-20261004,15,4,output,skewness,1.8226632445509046,0
fedavg-mnist-dirichlet-a01-20-20261004,15,4,output,kurtosis,6.018126561923047,0
fedavg-mnist-dirichlet-a01-20-20261004,16,0,conv1,mean,0.00015079496515681967,0
fedavg-mnist-dirichlet-a01-20-20261004,16,0,conv1,std,0.00029933442371878223,0
fedavg-mnist-dirichlet-a01-20-20261004,16,0,conv1,median,5.939602851867676e-05,0
fedavg-mnist-dirichlet-a01-20-20261004,16,0,conv1,min,-0.0003415793180465698,0
fedavg-mnist-dirichlet-a01-20-20261004,16,0,conv1,max,0.0011338889598846436,0
fedavg-mnist-dirichlet-a01-20-20261004,16,0,conv1,l1,0.03384556877426803,0
fedavg-mnist-dirichlet-a01-20-20261004,16,0,conv1,l2,0.004239626752245097,0
fedavg-mnist-dirichlet-a01-20-20261004,16,0,conv1,max_abs,0.0011338889598846436,0
fedavg-mnist-dirichlet-a01-20-20261004,16,0,conv1,sparsity,0.0,0
fedavg-mnist-dirichlet-a01-20-20261004,16,0,conv1,skewness,1.5643884021453434,0
fedavg-mnist-dirichlet-a01-20-20261004,16,0,conv1,kurtosis,2.221092292777521,0
fedavg-mnist-dirichlet-a01-20-20261004,16,0,conv2,mean,4.318474636483157e-05,0
fedavg-mnist-dirichlet-a01-20-20261004,16,0,conv2,std,0.00016051854868414498,0
fedavg-mnist-dirichlet-a01-20-20261004,16,0,conv2,median,9.698793292045593e-06,0
fedavg-mnist-dirichlet-a01-20-20261004,16,0,conv2,min,-0.0006698817014694214,0
fedavg-mnist-dirichlet-a01-20-20261004,16,0,conv2,max,0.0013498365879058838,0
fedavg-mnist-dirichlet-a01-20-20261004,16,0,conv2,l1,0.4238153226469876,0
fedavg-mnist-dirichlet-a01-20-20261004,16,0,conv2,l2,0.011322916069052266,0
fedavg-mnist-dirichlet-a01-20-20261004,16,0,conv2,max_abs,0.0013498365879058838,0
fedavg-mnist-dirichlet-a01-20-20261004,16,0,conv2,sparsity,0.0,0
fedavg-mnist-dirichlet-a01-20-20261004,16,0,conv2,skewness,2.1203171137431402,0
fedavg-mnist-dirichlet-a01-20-20261004,16,0,conv2,kurtosis,12.341195190150893,0
fedavg-mnist-dirichlet-a01-20-20261004,16,0,fc1,mean,-1.0156207066966818e-05,0
fedavg-mnist-dirichlet-a01-20-20261004,16,0,fc1,std,0.0004179050554102304,0
fedavg-mnist-dirichlet-a01-20-20261004,16,0,fc1,median,0.0,0
fedavg-mnist-dirichlet-a01-20-20261004,16,0,fc1,min,-0.008276190608739853,0
fedavg-mnist-dirichlet-a01-20-20261004,16,0,fc1,max,0.008211622014641762,0
fedavg-mnist-dirichlet-a01-20-20261004,16,0,fc1,l1,17.07467300633016,0
fedavg-mnist-dirichlet-a01-20-20261004,16,0,fc1,l2,0.13246687686374778,0
fedavg-mnist-dirichlet-a01-20-20261004,16,0,fc1,max_abs,0.008276190608739853,0
fedavg-mnist-dirichlet-a01-20-20261004,16,0,fc1,sparsity,0.08231755895474825,0
fedavg-mnist-dirichlet-a01-20-20261004,16,0,fc1,skewness,-0.43769781928036083,0
fedavg-mnist-dirichlet-a01-20-20261004,16,0,fc1,kurtosis,49.64688988595564,0
fedavg-mnist-dirichlet-a01-20-20261004,16,0,output,mean,-2.2038315924314352e-10,0
fedavg-mnist-dirichlet-a01-20-20261004,16,0,output,std,0.00271350110765121,0
fedavg-mnist-dirichlet-a01-20-20261004,16,0,output,median,-0.0005544573068618774,0
fedavg-mnist-dirichlet-a01-20-20261004,16,0,output,min,-0.005133397877216339,0
fedavg-mnist-dirichlet-a01-20-20261004,16,0,output,max,0.017050087451934814,0
fedavg-mnist-dirichlet-a01-20-20261004,16,0,output,l1,1.0879745165002532,0
fedavg-mnist-dirichlet-a01-20-20261004,16,0,output,l2,0.069180975490346,0
fedavg-mnist-dirichlet-a01-20-20261004,16,0,output,max_abs,0.017050087451934814,0
fedavg-mnist-dirichlet-a01-20-20261004,16,0,output,sparsity,0.06153846153846154,0
fedavg-mnist-dirichlet-a01-20-20261004,16,0,output,skewness,2.482172387296125,0
fedavg-mnist-dirichlet-a01-20-20261004,16,0,output,kurtosis,7.90708580787814,0
fedavg-mnist-dirichlet-a01-20-20261004,16,1,conv1,mean,0.0008958149788668379,0
fedavg-mnist-dirichlet-a01-20-20261004,16,1,conv1,std,0.0013768210650441659,0
fedavg-mnist-dirichlet-a01-20-20261004,16,1,conv1,median,0.00012851879000663757,0
fedavg-mnist-dirichlet-a01-20-20261004,16,1,conv1,min,-0.000673830509185791,0
fedavg-mnist-dirichlet-a01-20-20261004,16,1,conv1,max,0.005173057317733765,0
fedavg-mnist-dirichlet-a01-20-20261004,16,1,conv1,l1,0.15359722776338458,0
fedavg-mnist-dirichlet-a01-20-20261004,16,1,conv1,l2,0.020777375085458873,0
fedavg-mnist-dirichlet-a01-20-20261004,16,1,conv1,max_abs,0.005173057317733765,0
fedavg-mnist-dirichlet-a01-20-20261004,16,1,conv1,sparsity,0.0,0
fedavg-mnist-dirichlet-a01-20-20261004,16,1,conv1,skewness,1.3500475920370578,0
fedavg-mnist-dirichlet-a01-20-20261004,16,1,conv1,kurtosis,0.585591041887521,0
fedavg-mnist-dirichlet-a01-20-20261004,16,1,conv2,mean,4.869402260377181e-05,0
fedavg-mnist-dirichlet-a01-20-20261004,16,1,conv2,std,0.0003812424445849263,0
fedavg-mnist-dirichlet-a01-20-20261004,16,1,conv2,median,6.537884473800659e-07,0
fedavg-mnist-dirichlet-a01-20-20261004,16,1,conv2,min,-0.0018595382571220398,0
fedavg-mnist-dirichlet-a01-20-20261004,16,1,conv2,max,0.0043768733739852905,0
fedavg-mnist-dirichlet-a01-20-20261004,16,1,conv2,l1,0.8681030516563624,0
fedavg-mnist-dirichlet-a01-20-20261004,16,1,conv2,l2,0.02618026851603288,0
fedavg-mnist-dirichlet-a01-20-20261004,16,1,conv2,max_abs,0.0043768733739852905,0
fedavg-mnist-dirichlet-a01-20-20261004,16,1,conv2,sparsity,0.0,0
fedavg-mnist-dirichlet-a01-20-20261004,16,1,conv2,skewness,3.4518120575476807,0
fedavg-mnist-dirichlet-a01-20-20261004,16,1,conv2,kurtosis,25.460685717860024,0
fedavg-mnist-dirichlet-a01-20-20261004,16,1,fc1,mean,1.5531903879478105e-05,0
fedavg-mnist-dirichlet-a01-20-20261004,16,1,fc1,std,0.00032893742014224913,0
fedavg-mnist-dirichlet-a01-20-20261004,16,1,fc1,median,0.0,0
fedavg-mnist-dirichlet-a01-20-20261004,16,1,fc1,min,-0.004712461959570646,0
fedavg-mnist-dirichlet-a01-20-20261004,16,1,fc1,max,0.005686210468411446,0
fedavg-mnist-dirichlet-a01-20-20261004,16,1,fc1,l1,14.535073016531896,0
fedavg-mnist-dirichlet-a01-20-20261004,16,1,fc1,l2,0.10435141649456271,0
fedavg-mnist-dirichlet-a01-20-20261004,16,1,fc1,max_abs,0.005686210468411446,0
fedavg-mnist-dirichlet-a01-20-20261004,16,1,fc1,sparsity,0.07981795729764181,0
fedavg-mnist-dirichlet-a01-20-20261004,16,1,fc1,skewness,0.5039604258158771,0
fedavg-mnist-dirichlet-a01-20-20261004,16,1,fc1,kurtosis,32.395789744588185,0
fedavg-mnist-dirichlet-a01-20-20261004,16,1,output,mean,2.6193447411060333e-10,0
fedavg-mnist-dirichlet-a01-20-20261004,16,1,output,std,0.002003160989730783,0
fedavg-mnist-dirichlet-a01-20-20261004,16,1,output,median,-0.0002665235660970211,0
fedavg-mnist-dirichlet-a01-20-20261004,16,1,output,min,-0.004379540681838989,0
fedavg-mnist-dirichlet-a01-20-20261004,16,1,output,max,0.0076535046100616455,0
fedavg-mnist-dirichlet-a01-20-20261004,16,1,output,l1,0.953570666082669,0
fedavg-mnist-dirichlet-a01-20-20261004,16,1,output,l2,0.051070784877525935,0
fedavg-mnist-dirichlet-a01-20-20261004,16,1,output,max_abs,0.0076535046100616455,0
fedavg-mnist-dirichlet-a01-20-20261004,16,1,output,sparsity,0.06153846153846154,0
fedavg-mnist-dirichlet-a01-20-20261004,16,1,output,skewness,1.0412778632193167,0
fedavg-mnist-dirichlet-a01-20-20261004,16,1,output,kurtosis,1.0353073363853067,0
fedavg-mnist-dirichlet-a01-20-20261004,16,2,conv1,mean,0.0004250178128131665,0
fedavg-mnist-dirichlet-a01-20-20261004,16,2,conv1,std,0.0006568882804835211,0
fedavg-mnist-dirichlet-a01-20-20261004,16,2,conv1,median,0.00011565536260604858,0
fedavg-mnist-dirichlet-a01-20-20261004,16,2,conv1,min,-0.00026929378509521484,0
fedavg-mnist-dirichlet-a01-20-20261004,16,2,conv1,max,0.002747446298599243,0
fedavg-mnist-dirichlet-a01-20-20261004,16,2,conv1,l1,0.07578030996955931,0
fedavg-mnist-dirichlet-a01-20-20261004,16,2,conv1,l2,0.00989660430042616,0
fedavg-mnist-dirichlet-a01-20-20261004,16,2,conv1,max_abs,0.002747446298599243,0
fedavg-mnist-dirichlet-a01-20-20261004,16,2,conv1,sparsity,0.0,0
fedavg-mnist-dirichlet-a01-20-20261004,16,2,conv1,skewness,1.550683549331702,0
fedavg-mnist-dirichlet-a01-20-20261004,16,2,conv1,kurtosis,1.722238435876572,0
fedavg-mnist-dirichlet-a01-20-20261004,16,2,conv2,mean,1.3650734749246803e-05,0
fedavg-mnist-dirichlet-a01-20-20261004,16,2,conv2,std,0.0002532606176454101,0
fedavg-mnist-dirichlet-a01-20-20261004,16,2,conv2,median,-6.425194442272186e-06,0
fedavg-mnist-dirichlet-a01-20-20261004,16,2,conv2,min,-0.001051284372806549,0
fedavg-mnist-dirichlet-a01-20-20261004,16,2,conv2,max,0.0021500997245311737,0
fedavg-mnist-dirichlet-a01-20-20261004,16,2,conv2,l1,0.6125200013775611,0
fedavg-mnist-dirichlet-a01-20-20261004,16,2,conv2,l2,0.01727653301919358,0
fedavg-mnist-dirichlet-a01-20-20261004,16,2,conv2,max_abs,0.0021500997245311737,0
fedavg-mnist-dirichlet-a01-20-20261004,16,2,conv2,sparsity,0.0,0
fedavg-mnist-dirichlet-a01-20-20261004,16,2,conv2,skewness,2.1938070318710263,0
fedavg-mnist-dirichlet-a01-20-20261004,16,2,conv2,kurtosis,14.548521691438012,0
fedavg-mnist-dirichlet-a01-20-20261004,16,2,fc1,mean,-5.107858834648129e-06,0
fedavg-mnist-dirichlet-a01-20-20261004,16,2,fc1,std,0.00044526705146825084,0
fedavg-mnist-dirichlet-a01-20-20261004,16,2,fc1,median,0.0,0
fedavg-mnist-dirichlet-a01-20-20261004,16,2,fc1,min,-0.008288733661174774,0
fedavg-mnist-dirichlet-a01-20-20261004,16,2,fc1,max,0.009158113971352577,0
fedavg-mnist-dirichlet-a01-20-20261004,16,2,fc1,l1,17.86144365333621,0
fedavg-mnist-dirichlet-a01-20-20261004,16,2,fc1,l2,0.14110766063841473,0
fedavg-mnist-dirichlet-a01-20-20261004,16,2,fc1,max_abs,0.009158113971352577,0
fedavg-mnist-dirichlet-a01-20-20261004,16,2,fc1,sparsity,0.09604047163798597,0
fedavg-mnist-dirichlet-a01-20-20261004,16,2,fc1,skewness,0.9951560473158092,0
fedavg-mnist-dirichlet-a01-20-20261004,16,2,fc1,kurtosis,53.26955282734556,0
fedavg-mnist-dirichlet-a01-20-20261004,16,2,output,mean,-2.745610590164478e-10,0
fedavg-mnist-dirichlet-a01-20-20261004,16,2,output,std,0.0031951852294211424,0
fedavg-mnist-dirichlet-a01-20-20261004,16,2,output,median,-0.0003593564033508301,0
fedavg-mnist-dirichlet-a01-20-20261004,16,2,output,min,-0.011404834687709808,0
fedavg-mnist-dirichlet-a01-20-20261004,16,2,output,max,0.013705924153327942,0
fedavg-mnist-dirichlet-a01-20-20261004,16,2,output,l1,1.3586758325109258,0
fedavg-mnist-dirichlet-a01-20-20261004,16,2,output,l2,0.08146155917180951,0
fedavg-mnist-dirichlet-a01-20-20261004,16,2,output,max_abs,0.013705924153327942,0
fedavg-mnist-dirichlet-a01-20-20261004,16,2,output,sparsity,0.07692307692307693,0
fedavg-mnist-dirichlet-a01-20-20261004,16,2,output,skewness,0.8631485676752808,0
fedavg-mnist-dirichlet-a01-20-20261004,16,2,output,kurtosis,3.052770000759163,0
fedavg-mnist-dirichlet-a01-20-20261004,16,3,conv1,mean,0.0007250021706568077,0
fedavg-mnist-dirichlet-a01-20-20261004,16,3,conv1,std,0.0012061492070971343,0
fedavg-mnist-dirichlet-a01-20-20261004,16,3,conv1,median,0.0001505836844444275,0
fedavg-mnist-dirichlet-a01-20-20261004,16,3,conv1,min,-0.0006133876740932465,0
fedavg-mnist-dirichlet-a01-20-20261004,16,3,conv1,max,0.004312306642532349,0
fedavg-mnist-dirichlet-a01-20-20261004,16,3,conv1,l1,0.1334404475055635,0
fedavg-mnist-dirichlet-a01-20-20261004,16,3,conv1,l2,0.01780078226253275,0
fedavg-mnist-dirichlet-a01-20-20261004,16,3,conv1,max_abs,0.004312306642532349,0
fedavg-mnist-dirichlet-a01-20-20261004,16,3,conv1,sparsity,0.0,0
fedavg-mnist-dirichlet-a01-20-20261004,16,3,conv1,skewness,1.4409607650573035,0
fedavg-mnist-dirichlet-a01-20-20261004,16,3,conv1,kurtosis,0.9053397917032613,0
fedavg-mnist-dirichlet-a01-20-20261004,16,3,conv2,mean,8.783496024346371e-05,0
fedavg-mnist-dirichlet-a01-20-20261004,16,3,conv2,std,0.0003611471264082646,0
fedavg-mnist-dirichlet-a01-20-20261004,16,3,conv2,median,1.5487894415855408e-05,0
fedavg-mnist-dirichlet-a01-20-20261004,16,3,conv2,min,-0.001698952168226242,0
fedavg-mnist-dirichlet-a01-20-20261004,16,3,conv2,max,0.0027438849210739136,0
fedavg-mnist-dirichlet-a01-20-20261004,16,3,conv2,l1,0.8897561838275578,0
fedavg-mnist-dirichlet-a01-20-20261004,16,3,conv2,l2,0.02531758151945361,0
fedavg-mnist-dirichlet-a01-20-20261004,16,3,conv2,max_abs,0.0027438849210739136,0
fedavg-mnist-dirichlet-a01-20-20261004,16,3,conv2,sparsity,0.0,0
fedavg-mnist-dirichlet-a01-20-20261004,16,3,conv2,skewness,2.2056559125535764,0
fedavg-mnist-dirichlet-a01-20-20261004,16,3,conv2,kurtosis,11.40552170019571,0
fedavg-mnist-dirichlet-a01-20-20261004,16,3,fc1,mean,1.945516488573901e-05,0
fedavg-mnist-dirichlet-a01-20-20261004,16,3,fc1,std,0.0003946581181606969,0
fedavg-mnist-dirichlet-a01-20-20261004,16,3,fc1,median,0.0,0
fedavg-mnist-dirichlet-a01-20-20261004,16,3,fc1,min,-0.0054673198610544205,0
fedavg-mnist-dirichlet-a01-20-20261004,16,3,fc1,max,0.007321920245885849,0
fedavg-mnist-dirichlet-a01-20-20261004,16,3,fc1,l1,18.156128174001424,0
fedavg-mnist-dirichlet-a01-20-20261004,16,3,fc1,l2,0.12521303812740298,0
fedavg-mnist-dirichlet-a01-20-20261004,16,3,fc1,max_abs,0.007321920245885849,0
fedavg-mnist-dirichlet-a01-20-20261004,16,3,fc1,sparsity,0.03600023900573614,0
fedavg-mnist-dirichlet-a01-20-20261004,16,3,fc1,skewness,1.2285972831635061,0
fedavg-mnist-dirichlet-a01-20-20261004,16,3,fc1,kurtosis,31.83505728530173,0
fedavg-mnist-dirichlet-a01-20-20261004,16,3,output,mean,-1.2006449441497143e-09,0
fedavg-mnist-dirichlet-a01-20-20261004,16,3,output,std,0.002307081674755785,0
fedavg-mnist-dirichlet-a01-20-20261004,16,3,output,median,-0.00022529670968651772,0
fedavg-mnist-dirichlet-a01-20-20261004,16,3,output,min,-0.005785003304481506,0
fedavg-mnist-dirichlet-a01-20-20261004,16,3,output,max,0.0098276287317276,0
fedavg-mnist-dirichlet-a01-20-20261004,16,3,output,l1,1.1377354161522817,0
fedavg-mnist-dirichlet-a01-20-20261004,16,3,output,l2,0.05881927239516831,0
fedavg-mnist-dirichlet-a01-20-20261004,16,3,output,max_abs,0.0098276287317276,0
fedavg-mnist-dirichlet-a01-20-20261004,16,3,output,sparsity,0.023076923076923078,0
fedavg-mnist-dirichlet-a01-20-20261004,16,3,output,skewness,0.6810461375294451,0
fedavg-mnist-dirichlet-a01-20-20261004,16,3,output,kurtosis,0.665014183413577,0
fedavg-mnist-dirichlet-a01-20-20261004,16,4,conv1,mean,0.00023224305041367189,0
fedavg-mnist-dirichlet-a01-20-20261004,16,4,conv1,std,0.0006225340744736602,0
fedavg-mnist-dirichlet-a01-20-20261004,16,4,conv1,median,8.304277434945107e-05,0
fedavg-mnist-dirichlet-a01-20-20261004,16,4,conv1,min,-0.002195030450820923,0
fedavg-mnist-dirichlet-a01-20-20261004,16,4,conv1,max,0.00233381986618042,0
fedavg-mnist-dirichlet-a01-20-20261004,16,4,conv1,l1,0.07061826600693166,0
fedavg-mnist-dirichlet-a01-20-20261004,16,4,conv1,l2,0.00840462261707186,0
fedavg-mnist-dirichlet-a01-20-20261004,16,4,conv1,max_abs,0.00233381986618042,0
fedavg-mnist-dirichlet-a01-20-20261004,16,4,conv1,sparsity,0.0,0
fedavg-mnist-dirichlet-a01-20-20261004,16,4,conv1,skewness,0.5632493255564509,0
fedavg-mnist-dirichlet-a01-20-20261004,16,4,conv1,kurtosis,2.0840235179654645,0
fedavg-mnist-dirichlet-a01-20-20261004,16,4,conv2,mean,-7.876880471532536e-05,0
fedavg-mnist-dirichlet-a01-20-20261004,16,4,conv2,std,0.0004003720565187978,0
fedavg-mnist-dirichlet-a01-20-20261004,16,4,conv2,median,-2.031587064266205e-05,0
fedavg-mnist-dirichlet-a01-20-20261004,16,4,conv2,min,-0.003785202279686928,0
fedavg-mnist-dirichlet-a01-20-20261004,16,4,conv2,max,0.00249345600605011,0
fedavg-mnist-dirichlet-a01-20-20261004,16,4,conv2,l1,1.0839467807782057,0
fedavg-mnist-dirichlet-a01-20-20261004,16,4,conv2,l2,0.02779515623667923,0
fedavg-mnist-dirichlet-a01-20-20261004,16,4,conv2,max_abs,0.003785202279686928,0
fedavg-mnist-dirichlet-a01-20-20261004,16,4,conv2,sparsity,0.0,0
fedavg-mnist-dirichlet-a01-20-20261004,16,4,conv2,skewness,-1.3416650157220436,0
fedavg-mnist-dirichlet-a01-20-20261004,16,4,conv2,kurtosis,11.16493816301635,0
fedavg-mnist-dirichlet-a01-20-20261004,16,4,fc1,mean,-5.013376880512406e-05,0
fedavg-mnist-dirichlet-a01-20-20261004,16,4,fc1,std,0.00047732529205481345,0
fedavg-mnist-dirichlet-a01-20-20261004,16,4,fc1,median,-1.1641532182693481e-06,0
fedavg-mnist-dirichlet-a01-20-20261004,16,4,fc1,min,-0.0072675482369959354,0
fedavg-mnist-dirichlet-a01-20-20261004,16,4,fc1,max,0.00907118245959282,0
fedavg-mnist-dirichlet-a01-20-20261004,16,4,fc1,l1,21.52444154435932,0
fedavg-mnist-dirichlet-a01-20-20261004,16,4,fc1,l2,0.15208915049382432,0
fedavg-mnist-dirichlet-a01-20-20261004,16,4,fc1,max_abs,0.00907118245959282,0
fedavg-mnist-dirichlet-a01-20-20261004,16,4,fc1,sparsity,0.09034416826003824,0
fedavg-mnist-dirichlet-a01-20-20261004,16,4,fc1,skewness,-1.6793473482698857,0
fedavg-mnist-dirichlet-a01-20-20261004,16,4,fc1,kurtosis,35.576992621839715,0
fedavg-mnist-dirichlet-a01-20-20261004,16,4,output,mean,-1.1999733172930203e-10,0
fedavg-mnist-dirichlet-a01-20-20261004,16,4,output,std,0.003207453923131607,0
fedavg-mnist-dirichlet-a01-20-20261004,16,4,output,median,-0.0006161928176879883,0
fedavg-mnist-dirichlet-a01-20-20261004,16,4,output,min,-0.010603494942188263,0
fedavg-mnist-dirichlet-a01-20-20261004,16,4,output,max,0.019416525959968567,0
fedavg-mnist-dirichlet-a01-20-20261004,16,4,output,l1,1.4038109534885734,0
fedavg-mnist-dirichlet-a01-20-20261004,16,4,output,l2,0.08177435071498904,0
fedavg-mnist-dirichlet-a01-20-20261004,16,4,output,max_abs,0.019416525959968567,0
fedavg-mnist-dirichlet-a01-20-20261004,16,4,output,sparsity,0.07692307692307693,0
fedavg-mnist-dirichlet-a01-20-20261004,16,4,output,skewness,1.7390809678276322,0
fedavg-mnist-dirichlet-a01-20-20261004,16,4,output,kurtosis,5.538658124520278,0
fedavg-mnist-dirichlet-a01-20-20261004,17,0,conv1,mean,0.00013553409662563353,0
fedavg-mnist-dirichlet-a01-20-20261004,17,0,conv1,std,0.0002834536818293368,0
fedavg-mnist-dirichlet-a01-20-20261004,17,0,conv1,median,5.6918710470199585e-05,0
fedavg-mnist-dirichlet-a01-20-20261004,17,0,conv1,min,-0.00038686394691467285,0
fedavg-mnist-dirichlet-a01-20-20261004,17,0,conv1,max,0.001092284917831421,0
fedavg-mnist-dirichlet-a01-20-20261004,17,0,conv1,l1,0.03204983053728938,0
fedavg-mnist-dirichlet-a01-20-20261004,17,0,conv1,l2,0.003974226588220324,0
fedavg-mnist-dirichlet-a01-20-20261004,17,0,conv1,max_abs,0.001092284917831421,0
fedavg-mnist-dirichlet-a01-20-20261004,17,0,conv1,sparsity,0.0,0
fedavg-mnist-dirichlet-a01-20-20261004,17,0,conv1,skewness,1.4631868501841436,0
fedavg-mnist-dirichlet-a01-20-20261004,17,0,conv1,kurtosis,2.1422527937165734,0
fedavg-mnist-dirichlet-a01-20-20261004,17,0,conv2,mean,4.239330622363797e-05,0
fedavg-mnist-dirichlet-a01-20-20261004,17,0,conv2,std,0.00015633256648530449,0
fedavg-mnist-dirichlet-a01-20-20261004,17,0,conv2,median,9.260140359401703e-06,0
fedavg-mnist-dirichlet-a01-20-20261004,17,0,conv2,min,-0.000741228461265564,0
fedavg-mnist-dirichlet-a01-20-20261004,17,0,conv2,max,0.0013104453682899475,0
fedavg-mnist-dirichlet-a01-20-20261004,17,0,conv2,l1,0.41296213380701374,0
fedavg-mnist-dirichlet-a01-20-20261004,17,0,conv2,l2,0.0110335839975025,0
fedavg-mnist-dirichlet-a01-20-20261004,17,0,conv2,max_abs,0.0013104453682899475,0
fedavg-mnist-dirichlet-a01-20-20261004,17,0,conv2,sparsity,0.00021551724137931034,0
fedavg-mnist-dirichlet-a01-20-20261004,17,0,conv2,skewness,2.0668287837560846,0
fedavg-mnist-dirichlet-a01-20-20261004,17,0,conv2,kurtosis,12.233848617597806,0
fedavg-mnist-dirichlet-a01-20-20261004,17,0,fc1,mean,-8.929102511063396e-06,0
fedavg-mnist-dirichlet-a01-20-20261004,17,0,fc1,std,0.0004060188917993302,0
fedavg-mnist-dirichlet-a01-20-20261004,17,0,fc1,median,0.0,0
fedavg-mnist-dirichlet-a01-20-20261004,17,0,fc1,min,-0.007932409644126892,0
fedavg-mnist-dirichlet-a01-20-20261004,17,0,fc1,max,0.008027015253901482,0
fedavg-mnist-dirichlet-a01-20-20261004,17,0,fc1,l1,16.671835551288495,0
fedavg-mnist-dirichlet-a01-20-20261004,17,0,fc1,l2,0.12869233956152434,0
fedavg-mnist-dirichlet-a01-20-20261004,17,0,fc1,max_abs,0.008027015253901482,0
fedavg-mnist-dirichlet-a01-20-20261004,17,0,fc1,sparsity,0.0814511631612492,0
fedavg-mnist-dirichlet-a01-20-20261004,17,0,fc1,skewness,-0.2836472820136942,0
fedavg-mnist-dirichlet-a01-20-20261004,17,0,fc1,kurtosis,49.061162142527195,0
fedavg-mnist-dirichlet-a01-20-20261004,17,0,output,mean,-1.1798245115922047e-10,0
fedavg-mnist-dirichlet-a01-20-20261004,17,0,output,std,0.0026155039542499797,0
fedavg-mnist-dirichlet-a01-20-20261004,17,0,output,median,-0.0005270987749099731,0
fedavg-mnist-dirichlet-a01-20-20261004,17,0,output,min,-0.005006276071071625,0
fedavg-mnist-dirichlet-a01-20-20261004,17,0,output,max,0.016345679759979248,0
fedavg-mnist-dirichlet-a01-20-20261004,17,0,output,l1,1.0543667742458638,0
fedavg-mnist-dirichlet-a01-20-20261004,17,0,output,l2,0.06668252850299876,0
fedavg-mnist-dirichlet-a01-20-20261004,17,0,output,max_abs,0.016345679759979248,0
fedavg-mnist-dirichlet-a01-20-20261004,17,0,output,sparsity,0.06153846153846154,0
fedavg-mnist-dirichlet-a01-20-20261004,17,0,output,skewness,2.45534657956184,0
fedavg-mnist-dirichlet-a01-20-20261004,17,0,output,kurtosis,7.742090038446145,0
fedavg-mnist-dirichlet-a01-20-20261004,17,1,conv1,mean,0.0008533664717106148,0
fedavg-mnist-dirichlet-a01-20-20261004,17,1,conv1,std,0.001308997985515041,0
fedavg-mnist-dirichlet-a01-20-20261004,17,1,conv1,median,0.00012466683983802795,0
fedavg-mnist-dirichlet-a01-20-20261004,17,1,conv1,min,-0.0005950927734375,0
fedavg-mnist-dirichlet-a01-20-20261004,17,1,conv1,max,0.004912763833999634,0
fedavg-mnist-dirichlet-a01-20-20261004,17,1,conv1,l1,0.14616357861086726,0
fedavg-mnist-dirichlet-a01-20-20261004,17,1,conv1,l2,0.019765465078756976,0
fedavg-mnist-dirichlet-a01-20-20261004,17,1,conv1,max_abs,0.004912763833999634,0
fedavg-mnist-dirichlet-a01-20-20261004,17,1,conv1,sparsity,0.0,0
fedavg-mnist-dirichlet-a01-20-20261004,17,1,conv1,skewness,1.3477568172904153,0
fedavg-mnist-dirichlet-a01-20-20261004,17,1,conv1,kurtosis,0.5734561697815956,0
fedavg-mnist-dirichlet-a01-20-20261004,17,1,conv2,mean,4.631226183376165e-05,0
fedavg-mnist-dirichlet-a01-20-20261004,17,1,conv2,std,0.00036352501651756104,0
fedavg-mnist-dirichlet-a01-20-20261004,17,1,conv2,median,5.51808625459671e-07,0
fedavg-mnist-dirichlet-a01-20-20261004,17,1,conv2,min,-0.001770704984664917,0
fedavg-mnist-dirichlet-a01-20-20261004,17,1,conv2,max,0.0042025744915008545,0
fedavg-mnist-dirichlet-a01-20-20261004,17,1,conv2,l1,0.828876354113163,0
fedavg-mnist-dirichlet-a01-20-20261004,17,1,conv2,l2,0.02496257241127943,0
fedavg-mnist-dirichlet-a01-20-20261004,17,1,conv2,max_abs,0.0042025744915008545,0
fedavg-mnist-dirichlet-a01-20-20261004,17,1,conv2,sparsity,0.0,0
fedavg-mnist-dirichlet-a01-20-20261004,17,1,conv2,skewness,3.417027047184139,0
fedavg-mnist-dirichlet-a01-20-20261004,17,1,conv2,kurtosis,25.264521842506976,0
fedavg-mnist-dirichlet-a01-20-20261004,17,1,fc1,mean,1.6012241859939474e-05,0
fedavg-mnist-dirichlet-a01-20-20261004,17,1,fc1,std,0.0003187725624148233,0
fedavg-mnist-dirichlet-a01-20-20261004,17,1,fc1,median,0.0,0
fedavg-mnist-dirichlet-a01-20-20261004,17,1,fc1,min,-0.0045385099947452545,0
fedavg-mnist-dirichlet-a01-20-20261004,17,1,fc1,max,0.005663519725203514,0
fedavg-mnist-dirichlet-a01-20-20261004,17,1,fc1,l1,14.031806369323931,0
fedavg-mnist-dirichlet-a01-20-20261004,17,1,fc1,l2,0.10114154802344842,0
fedavg-mnist-dirichlet-a01-20-20261004,17,1,fc1,max_abs,0.005663519725203514,0
fedavg-mnist-dirichlet-a01-20-20261004,17,1,fc1,sparsity,0.07981795729764181,0
fedavg-mnist-dirichlet-a01-20-20261004,17,1,fc1,skewness,0.6727140471271353,0
fedavg-mnist-dirichlet-a01-20-20261004,17,1,fc1,kurtosis,32.91888043787739,0
fedavg-mnist-dirichlet-a01-20-20261004,17,1,output,mean,-5.301374655503493e-11,0
fedavg-mnist-dirichlet-a01-20-20261004,17,1,output,std,0.001954159747956522,0
fedavg-mnist-dirichlet-a01-20-20261004,17,1,output,median,-0.00027159787714481354,0
fedavg-mnist-dirichlet-a01-20-20261004,17,1,output,min,-0.004346594214439392,0
fedavg-mnist-dirichlet-a01-20-20261004,17,1,output,max,0.007140606641769409,0
fedavg-mnist-dirichlet-a01-20-20261004,17,1,output,l1,0.9325423282571137,0
fedavg-mnist-dirichlet-a01-20-20261004,17,1,output,l2,0.04982149343753933,0
fedavg-mnist-dirichlet-a01-20-20261004,17,1,output,max_abs,0.007140606641769409,0
fedavg-mnist-dirichlet-a01-20-20261004,17,1,output,sparsity,0.06153846153846154,0
fedavg-mnist-dirichlet-a01-20-20261004,17,1,output,skewness,1.0088379671955057,0
fedavg-mnist-dirichlet-a01-20-20261004,17,1,output,kurtosis,0.9050669881256623,0
fedavg-mnist-dirichlet-a01-20-20261004,17,2,conv1,mean,0.00039561416633659974,0
fedavg-mnist-dirichlet-a01-20-20261004,17,2,conv1,std,0.0006161388136840078,0
fedavg-mnist-dirichlet-a01-20-20261004,17,2,conv1,median,0.0001124795526266098,0
fedavg-mnist-dirichlet-a01-20-20261004,17,2,conv1,min,-0.0002877265214920044,0
fedavg-mnist-dirichlet-a01-20-20261004,17,2,conv1,max,0.002552598714828491,0
fedavg-mnist-dirichlet-a01-20-20261004,17,2,conv1,l1,0.07103961915709078,0
fedavg-mnist-dirichlet-a01-20-20261004,17,2,conv1,l2,0.00926185818361857,0
fedavg-mnist-dirichlet-a01-20-20261004,17,2,conv1,max_abs,0.002552598714828491,0
fedavg-mnist-dirichlet-a01-20-20261004,17,2,conv1,sparsity,0.0,0
fedavg-mnist-dirichlet-a01-20-20261004,17,2,conv1,skewness,1.5537747086140274,0
fedavg-mnist-dirichlet-a01-20-20261004,17,2,conv1,kurtosis,1.7637050760446193,0
fedavg-mnist-dirichlet-a01-20-20261004,17,2,conv2,mean,1.0844846954976924e-05,0
fedavg-mnist-dirichlet-a01-20-20261004,17,2,conv2,std,0.00024434839496084997,0
fedavg-mnist-dirichlet-a01-20-20261004,17,2,conv2,median,-6.962567567825317e-06,0
fedavg-mnist-dirichlet-a01-20-20261004,17,2,conv2,min,-0.0010473951697349548,0
fedavg-mnist-dirichlet-a01-20-20261004,17,2,conv2,max,0.0021424181759357452,0
fedavg-mnist-dirichlet-a01-20-20261004,17,2,conv2,l1,0.5916537321791111,0
fedavg-mnist-dirichlet-a01-20-20261004,17,2,conv2,l2,0.016660798136642514,0
fedavg-mnist-dirichlet-a01-20-20261004,17,2,conv2,max_abs,0.0021424181759357452,0
fedavg-mnist-dirichlet-a01-20-20261004,17,2,conv2,sparsity,0.0,0
fedavg-mnist-dirichlet-a01-20-20261004,17,2,conv2,skewness,2.24949981024496,0
fedavg-mnist-dirichlet-a01-20-20261004,17,2,conv2,kurtosis,15.267306370013472,0
fedavg-mnist-dirichlet-a01-20-20261004,17,2,fc1,mean,-9.11191662241539e-06,0
fedavg-mnist-dirichlet-a01-20-20261004,17,2,fc1,std,0.00044268919538203283,0
fedavg-mnist-dirichlet-a01-20-20261004,17,2,fc1,median,0.0,0
fedavg-mnist-dirichlet-a01-20-20261004,17,2,fc1,min,-0.00822577252984047,0
fedavg-mnist-dirichlet-a01-20-20261004,17,2,fc1,max,0.009077878668904305,0
fedavg-mnist-dirichlet-a01-20-20261004,17,2,fc1,l1,17.84378678212704,0
fedavg-mnist-dirichlet-a01-20-20261004,17,2,fc1,l2,0.14031120654301735,0
fedavg-mnist-dirichlet-a01-20-20261004,17,2,fc1,max_abs,0.009077878668904305,0
fedavg-mnist-dirichlet-a01-20-20261004,17,2,fc1,sparsity,0.09623964308476737,0
fedavg-mnist-dirichlet-a01-20-20261004,17,2,fc1,skewness,0.9294181262211522,0
fedavg-mnist-dirichlet-a01-20-20261004,17,2,fc1,kurtosis,52.34230449703757,0
fedavg-mnist-dirichlet-a01-20-20261004,17,2,output,mean,2.9050100308198194e-10,0
fedavg-mnist-dirichlet-a01-20-20261004,17,2,output,std,0.003136981454547959,0
fedavg-mnist-dirichlet-a01-20-20261004,17,2,output,median,-0.0003395751118659973,0
fedavg-mnist-dirichlet-a01-20-20261004,17,2,output,min,-0.01131574809551239,0
fedavg-mnist-dirichlet-a01-20-20261004,17,2,output,max,0.013486742973327637,0
fedavg-mnist-dirichlet-a01-20-20261004,17,2,output,l1,1.3312699117232114,0
fedavg-mnist-dirichlet-a01-20-20261004,17,2,output,l2,0.07997764825259394,0
fedavg-mnist-dirichlet-a01-20-20261004,17,2,output,max_abs,0.013486742973327637,0
fedavg-mnist-dirichlet-a01-20-20261004,17,2,output,sparsity,0.07692307692307693,0
fedavg-mnist-dirichlet-a01-20-20261004,17,2,output,skewness,0.8370896180736186,0
fedavg-mnist-dirichlet-a01-20-20261004,17,2,output,kurtosis,3.074193742934053,0
fedavg-mnist-dirichlet-a01-20-20261004,17,3,conv1,mean,0.0006354107987135649,0
fedavg-mnist-dirichlet-a01-20-20261004,17,3,conv1,std,0.0010782500110333739,0
fedavg-mnist-dirichlet-a01-20-20261004,17,3,conv1,median,0.00012763962149620056,0
fedavg-mnist-dirichlet-a01-20-20261004,17,3,conv1,min,-0.0006383918225765228,0
fedavg-mnist-dirichlet-a01-20-20261004,17,3,conv1,max,0.0038792788982391357,0
fedavg-mnist-dirichlet-a01-20-20261004,17,3,conv1,l1,0.11896518804132938,0
fedavg-mnist-dirichlet-a01-20-20261004,17,3,conv1,l2,0.015830956860103086,0
fedavg-mnist-dirichlet-a01-20-20261004,17,3,conv1,max_abs,0.0038792788982391357,0
fedavg-mnist-dirichlet-a01-20-20261004,17,3,conv1,sparsity,0.0,0
fedavg-mnist-dirichlet-a01-20-20261004,17,3,conv1,skewness,1.4490606092954859,0
fedavg-mnist-dirichlet-a01-20-20261004,17,3,conv1,kurtosis,0.9644565292443215,0
fedavg-mnist-dirichlet-a01-20-20261004,17,3,conv2,mean,7.68754732101523e-05,0
fedavg-mnist-dirichlet-a01-20-20261004,17,3,conv2,std,0.00033421064062128577,0
fedavg-mnist-dirichlet-a01-20-20261004,17,3,conv2,median,1.2898817658424377e-05,0
fedavg-mnist-dirichlet-a01-20-20261004,17,3,conv2,min,-0.001608770340681076,0
fedavg-mnist-dirichlet-a01-20-20261004,17,3,conv2,max,0.0025675296783447266,0
fedavg-mnist-dirichlet-a01-20-20261004,17,3,conv2,l1,0.832611497859034,0
fedavg-mnist-dirichlet-a01-20-20261004,17,3,conv2,l2,0.02336010660896042,0
fedavg-mnist-dirichlet-a01-20-20261004,17,3,conv2,max_abs,0.0025675296783447266,0
fedavg-mnist-dirichlet-a01-20-20261004,17,3,conv2,sparsity,0.00021551724137931034,0
fedavg-mnist-dirichlet-a01-20-20261004,17,3,conv2,skewness,1.987923742507868,0
fedavg-mnist-dirichlet-a01-20-20261004,17,3,conv2,kurtosis,10.837677486272831,0
fedavg-mnist-dirichlet-a01-20-20261004,17,3,fc1,mean,1.7515630234012765e-05,0
fedavg-mnist-dirichlet-a01-20-20261004,17,3,fc1,std,0.0003875267590854087,0
fedavg-mnist-dirichlet-a01-20-20261004,17,3,fc1,median,0.0,0
fedavg-mnist-dirichlet-a01-20-20261004,17,3,fc1,min,-0.0053026676177978516,0
fedavg-mnist-dirichlet-a01-20-20261004,17,3,fc1,max,0.007093112915754318,0
fedavg-mnist-dirichlet-a01-20-20261004,17,3,fc1,l1,17.832112153866547,0
fedavg-mnist-dirichlet-a01-20-20261004,17,3,fc1,l2,0.12292672567866746,0
fedavg-mnist-dirichlet-a01-20-20261004,17,3,fc1,max_abs,0.007093112915754318,0
fedavg-mnist-dirichlet-a01-20-20261004,17,3,fc1,sparsity,0.04701442001274697,0
fedavg-mnist-dirichlet-a01-20-20261004,17,3,fc1,skewness,1.1580794285374527,0
fedavg-mnist-dirichlet-a01-20-20261004,17,3,fc1,kurtosis,31.09102222930366,0
fedavg-mnist-dirichlet-a01-20-20261004,17,3,output,mean,3.5291752563073085e-10,0
fedavg-mnist-dirichlet-a01-20-20261004,17,3,output,std,0.0022336897419831816,0
fedavg-mnist-dirichlet-a01-20-20261004,17,3,output,median,-0.00019827671349048615,0
fedavg-mnist-dirichlet-a01-20-20261004,17,3,output,min,-0.005499266088008881,0
fedavg-mnist-dirichlet-a01-20-20261004,17,3,output,max,0.009413838386535645,0
fedavg-mnist-dirichlet-a01-20-20261004,17,3,output,l1,1.1072264551767148,0
fedavg-mnist-dirichlet-a01-20-20261004,17,3,output,l2,0.05694813790842208,0
fedavg-mnist-dirichlet-a01-20-20261004,17,3,output,max_abs,0.009413838386535645,0
fedavg-mnist-dirichlet-a01-20-20261004,17,3,output,sparsity,0.03076923076923077,0
fedavg-mnist-dirichlet-a01-20-20261004,17,3,output,skewness,0.647789763163913,0
fedavg-mnist-dirichlet-a01-20-20261004,17,3,output,kurtosis,0.5792557712755917,0
fedavg-mnist-dirichlet-a01-20-20261004,17,4,conv1,mean,0.00023193046799860895,0
fedavg-mnist-dirichlet-a01-20-20261004,17,4,conv1,std,0.000607095214686708,0
fedavg-mnist-dirichlet-a01-20-20261004,17,4,conv1,median,7.383525371551514e-05,0
fedavg-mnist-dirichlet-a01-20-20261004,17,4,conv1,min,-0.0020294487476348877,0
fedavg-mnist-dirichlet-a01-20-20261004,17,4,conv1,max,0.002284526824951172,0
fedavg-mnist-dirichlet-a01-20-20261004,17,4,conv1,l1,0.0687317131087184,0
fedavg-mnist-dirichlet-a01-20-20261004,17,4,conv1,l2,0.008220523989932066,0
fedavg-mnist-dirichlet-a01-20-20261004,17,4,conv1,max_abs,0.002284526824951172,0
fedavg-mnist-dirichlet-a01-20-20261004,17,4,conv1,sparsity,0.0,0
fedavg-mnist-dirichlet-a01-20-20261004,17,4,conv1,skewness,0.7081789372878396,0
fedavg-mnist-dirichlet-a01-20-20261004,17,4,conv1,kurtosis,1.966158753763131,0
fedavg-mnist-dirichlet-a01-20-20261004,17,4,conv2,mean,-7.351890535652462e-05,0
fedavg-mnist-dirichlet-a01-20-20261004,17,4,conv2,std,0.0003830824687141256,0
fedavg-mnist-dirichlet-a01-20-20261004,17,4,conv2,median,-2.032611519098282e-05,0
fedavg-mnist-dirichlet-a01-20-20261004,17,4,conv2,min,-0.003639157861471176,0
fedavg-mnist-dirichlet-a01-20-20261004,17,4,conv2,max,0.002385951578617096,0
fedavg-mnist-dirichlet-a01-20-20261004,17,4,conv2,l1,1.037412878289615,0
fedavg-mnist-dirichlet-a01-20-20261004,17,4,conv2,l2,0.02657083818368397,0
fedavg-mnist-dirichlet-a01-20-20261004,17,4,conv2,max_abs,0.003639157861471176,0
fedavg-mnist-dirichlet-a01-20-20261004,17,4,conv2,sparsity,0.0,0
fedavg-mnist-dirichlet-a01-20-20261004,17,4,conv2,skewness,-1.327919419720263,0
fedavg-mnist-dirichlet-a01-20-20261004,17,4,conv2,kurtosis,11.334966572299205,0
fedavg-mnist-dirichlet-a01-20-20261004,17,4,fc1,mean,-4.977624815100781e-05,0
fedavg-mnist-dirichlet-a01-20-20261004,17,4,fc1,std,0.0004580812190203192,0
fedavg-mnist-dirichlet-a01-20-20261004,17,4,fc1,median,-1.6951235011219978e-06,0
fedavg-mnist-dirichlet-a01-20-20261004,17,4,fc1,min,-0.006995709612965584,0
fedavg-mnist-dirichlet-a01-20-20261004,17,4,fc1,max,0.00879153236746788,0
fedavg-mnist-dirichlet-a01-20-20261004,17,4,fc1,l1,20.662573908983518,0
fedavg-mnist-dirichlet-a01-20-20261004,17,4,fc1,l2,0.146013462729991,0
fedavg-mnist-dirichlet-a01-20-20261004,17,4,fc1,max_abs,0.00879153236746788,0
fedavg-mnist-dirichlet-a01-20-20261004,17,4,fc1,sparsity,0.090164913957935,0
fedavg-mnist-dirichlet-a01-20-20261004,17,4,fc1,skewness,-1.6735728798727798,0
fedavg-mnist-dirichlet-a01-20-20261004,17,4,fc1,kurtosis,35.85566274571859,0
fedavg-mnist-dirichlet-a01-20-20261004,17,4,output,mean,3.2238089121305027e-12,0
fedavg-mnist-dirichlet-a01-20-20261004,17,4,output,std,0.0030795407706561495,0
fedavg-mnist-dirichlet-a01-20-20261004,17,4,output,median,-0.000601690262556076,0
fedavg-mnist-dirichlet-a01-20-20261004,17,4,output,min,-0.010133013129234314,0
fedavg-mnist-dirichlet-a01-20-20261004,17,4,output,max,0.017965570092201233,0
fedavg-mnist-dirichlet-a01-20-20261004,17,4,output,l1,1.3618651914875954,0
fedavg-mnist-dirichlet-a01-20-20261004,17,4,output,l2,0.07851319241240136,0
fedavg-mnist-dirichlet-a01-20-20261004,17,4,output,max_abs,0.017965570092201233,0
fedavg-mnist-dirichlet-a01-20-20261004,17,4,output,sparsity,0.07692307692307693,0
fedavg-mnist-dirichlet-a01-20-20261004,17,4,output,skewness,1.6715226688098566,0
fedavg-mnist-dirichlet-a01-20-20261004,17,4,output,kurtosis,5.142940279348391,0
fedavg-mnist-dirichlet-a01-20-20261004,18,0,conv1,mean,0.00012130651448387653,0
fedavg-mnist-dirichlet-a01-20-20261004,18,0,conv1,std,0.00026729825229164007,0
fedavg-mnist-dirichlet-a01-20-20261004,18,0,conv1,median,5.2988529205322266e-05,0
fedavg-mnist-dirichlet-a01-20-20261004,18,0,conv1,min,-0.000431939959526062,0
fedavg-mnist-dirichlet-a01-20-20261004,18,0,conv1,max,0.001035839319229126,0
fedavg-mnist-dirichlet-a01-20-20261004,18,0,conv1,l1,0.03015804337337613,0
fedavg-mnist-dirichlet-a01-20-20261004,18,0,conv1,l2,0.0037129745732367675,0
fedavg-mnist-dirichlet-a01-20-20261004,18,0,conv1,max_abs,0.001035839319229126,0
fedavg-mnist-dirichlet-a01-20-20261004,18,0,conv1,sparsity,0.0,0
fedavg-mnist-dirichlet-a01-20-20261004,18,0,conv1,skewness,1.338974246944515,0
fedavg-mnist-dirichlet-a01-20-20261004,18,0,conv1,kurtosis,2.1031647799874253,0
fedavg-mnist-dirichlet-a01-20-20261004,18,0,conv2,mean,4.105013454920544e-05,0
fedavg-mnist-dirichlet-a01-20-20261004,18,0,conv2,std,0.00015292365074259537,0
fedavg-mnist-dirichlet-a01-20-20261004,18,0,conv2,median,9.279698133468628e-06,0
fedavg-mnist-dirichlet-a01-20-20261004,18,0,conv2,min,-0.0008084774017333984,0
fedavg-mnist-dirichlet-a01-20-20261004,18,0,conv2,max,0.0013133436441421509,0
fedavg-mnist-dirichlet-a01-20-20261004,18,0,conv2,l1,0.40378590306499973,0
fedavg-mnist-dirichlet-a01-20-20261004,18,0,conv2,l2,0.010785560262392187,0
fedavg-mnist-dirichlet-a01-20-20261004,18,0,conv2,max_abs,0.0013133436441421509,0
fedavg-mnist-dirichlet-a01-20-20261004,18,0,conv2,sparsity,0.0,0
fedavg-mnist-dirichlet-a01-20-20261004,18,0,conv2,skewness,1.9666378070377362,0
fedavg-mnist-dirichlet-a01-20-20261004,18,0,conv2,kurtosis,12.359834278630911,0
fedavg-mnist-dirichlet-a01-20-20261004,18,0,fc1,mean,-7.988576104503904e-06,0
fedavg-mnist-dirichlet-a01-20-20261004,18,0,fc1,std,0.00040017379355617946,0
fedavg-mnist-dirichlet-a01-20-20261004,18,0,fc1,median,0.0,0
fedavg-mnist-dirichlet-a01-20-20261004,18,0,fc1,min,-0.007772628217935562,0
fedavg-mnist-dirichlet-a01-20-20261004,18,0,fc1,max,0.007902474142611027,0
fedavg-mnist-dirichlet-a01-20-20261004,18,0,fc1,l1,16.42012166730899,0
fedavg-mnist-dirichlet-a01-20-20261004,18,0,fc1,l2,0.12683427233523833,0
fedavg-mnist-dirichlet-a01-20-20261004,18,0,fc1,max_abs,0.007902474142611027,0
fedavg-mnist-dirichlet-a01-20-20261004,18,0,fc1,sparsity,0.08135157743785851,0
fedavg-mnist-dirichlet-a01-20-20261004,18,0,fc1,skewness,-0.2606535639564401,0
fedavg-mnist-dirichlet-a01-20-20261004,18,0,fc1,kurtosis,48.975839557157926,0
fedavg-mnist-dirichlet-a01-20-20261004,18,0,output,mean,4.839295378098121e-10,0
fedavg-mnist-dirichlet-a01-20-20261004,18,0,output,std,0.002543862069246101,0
fedavg-mnist-dirichlet-a01-20-20261004,18,0,output,median,-0.0005203038454055786,0
fedavg-mnist-dirichlet-a01-20-20261004,18,0,output,min,-0.004887320101261139,0
fedavg-mnist-dirichlet-a01-20-20261004,18,0,output,max,0.015801578760147095,0
fedavg-mnist-dirichlet-a01-20-20261004,18,0,output,l1,1.0291700472589582,0
fedavg-mnist-dirichlet-a01-20-20261004,18,0,output,l2,0.06485601165487313,0
fedavg-mnist-dirichlet-a01-20-20261004,18,0,output,max_abs,0.015801578760147095,0
fedavg-mnist-dirichlet-a01-20-20261004,18,0,output,sparsity,0.06153846153846154,0
fedavg-mnist-dirichlet-a01-20-20261004,18,0,output,skewness,2.4408625672313553,0
fedavg-mnist-dirichlet-a01-20-20261004,18,0,output,kurtosis,7.6667842018770145,0
fedavg-mnist-dirichlet-a01-20-20261004,18,1,conv1,mean,0.0008196734081138857,0
fedavg-mnist-dirichlet-a01-20-20261004,18,1,conv1,std,0.0012583749184793905,0
fedavg-mnist-dirichlet-a01-20-20261004,18,1,conv1,median,0.00011669844388961792,0
fedavg-mnist-dirichlet-a01-20-20261004,18,1,conv1,min,-0.0005202591419219971,0
fedavg-mnist-dirichlet-a01-20-20261004,18,1,conv1,max,0.004709422588348389,0
fedavg-mnist-dirichlet-a01-20-20261004,18,1,conv1,l1,0.14035287336446345,0
fedavg-mnist-dirichlet-a01-20-20261004,18,1,conv1,l2,0.01899630250939185,0
fedavg-mnist-dirichlet-a01-20-20261004,18,1,conv1,max_abs,0.004709422588348389,0
fedavg-mnist-dirichlet-a01-20-20261004,18,1,conv1,sparsity,0.0,0
fedavg-mnist-dirichlet-a01-20-20261004,18,1,conv1,skewness,1.3469643580194381,0
fedavg-mnist-dirichlet-a01-20-20261004,18,1,conv1,kurtosis,0.5658098116015378,0
fedavg-mnist-dirichlet-a01-20-20261004,18,1,conv2,mean,4.6104356641958944e-05,0
fedavg-mnist-dirichlet-a01-20-20261004,18,1,conv2,std,0.00034930047902049903,0
fedavg-mnist-dirichlet-a01-20-20261004,18,1,conv2,median,6.943009793758392e-07,0
fedavg-mnist-dirichlet-a01-20-20261004,18,1,conv2,min,-0.0017229542136192322,0
fedavg-mnist-dirichlet-a01-20-20261004,18,1,conv2,max,0.004040777683258057,0
fedavg-mnist-dirichlet-a01-20-20261004,18,1,conv2,l1,0.7937762809087872,0
fedavg-mnist-dirichlet-a01-20-20261004,18,1,conv2,l2,0.023999855512945915,0
fedavg-mnist-dirichlet-a01-20-20261004,18,1,conv2,max_abs,0.004040777683258057,0
fedavg-mnist-dirichlet-a01-20-20261004,18,1,conv2,sparsity,0.00021551724137931034,0
fedavg-mnist-dirichlet-a01-20-20261004,18,1,conv2,skewness,3.438679435834327,0
fedavg-mnist-dirichlet-a01-20-20261004,18,1,conv2,kurtosis,25.22147092603415,0
fedavg-mnist-dirichlet-a01-20-20261004,18,1,fc1,mean,1.5173013609305569e-05,0
fedavg-mnist-dirichlet-a01-20-20261004,18,1,fc1,std,0.00030938662988128963,0
fedavg-mnist-dirichlet-a01-20-20261004,18,1,fc1,median,0.0,0
fedavg-mnist-dirichlet-a01-20-20261004,18,1,fc1,min,-0.0044275689870119095,0
fedavg-mnist-dirichlet-a01-20-20261004,18,1,fc1,max,0.005617842078208923,0
fedavg-mnist-dirichlet-a01-20-20261004,18,1,fc1,l1,13.565259980581232,0
fedavg-mnist-dirichlet-a01-20-20261004,18,1,fc1,l2,0.09815776096101114,0
fedavg-mnist-dirichlet-a01-20-20261004,18,1,fc1,max_abs,0.005617842078208923,0
fedavg-mnist-dirichlet-a01-20-20261004,18,1,fc1,sparsity,0.07993746016571064,0
fedavg-mnist-dirichlet-a01-20-20261004,18,1,fc1,skewness,0.7692647416394242,0
fedavg-mnist-dirichlet-a01-20-20261004,18,1,fc1,kurtosis,33.224232971058214,0
fedavg-mnist-dirichlet-a01-20-20261004,18,1,output,mean,2.0296563609288288e-10,0
fedavg-mnist-dirichlet-a01-20-20261004,18,1,output,std,0.0018900922946412824,0
fedavg-mnist-dirichlet-a01-20-20261004,18,1,output,median,-0.0002744607627391815,0
fedavg-mnist-dirichlet-a01-20-20261004,18,1,output,min,-0.004314810037612915,0
fedavg-mnist-dirichlet-a01-20-20261004,18,1,output,max,0.006756231188774109,0
fedavg-mnist-dirichlet-a01-20-20261004,18,1,output,l1,0.9039826699590776,0
fedavg-mnist-dirichlet-a01-20-20261004,18,1,output,l2,0.048188087464336594,0
fedavg-mnist-dirichlet-a01-20-20261004,18,1,output,max_abs,0.006756231188774109,0
fedavg-mnist-dirichlet-a01-20-20261004,18,1,output,sparsity,0.06153846153846154,0
fedavg-mnist-dirichlet-a01-20-20261004,18,1,output,skewness,0.9788694219643216,0
fedavg-mnist-dirichlet-a01-20-20261004,18,1,output,kurtosis,0.8321064102953715,0
fedavg-mnist-dirichlet-a01-20-20261004,18,2,conv1,mean,0.0003773231539526023,0
fedavg-mnist-dirichlet-a01-20-20261004,18,2,conv1,std,0.0005919497585820637,0
fedavg-mnist-dirichlet-a01-20-20261004,18,2,conv1,median,0.00011136755347251892,0
fedavg-mnist-dirichlet-a01-20-20261004,18,2,conv1,min,-0.0002960711717605591,0
fedavg-mnist-dirichlet-a01-20-20261004,18,2,conv1,max,0.0024364590644836426,0
fedavg-mnist-dirichlet-a01-20-20261004,18,2,conv1,l1,0.06793951313011348,0
fedavg-mnist-dirichlet-a01-20-20261004,18,2,conv1,l2,0.008879434929715766,0
fedavg-mnist-dirichlet-a01-20-20261004,18,2,conv1,max_abs,0.0024364590644836426,0
fedavg-mnist-dirichlet-a01-20-20261004,18,2,conv1,sparsity,0.0,0
fedavg-mnist-dirichlet-a01-20-20261004,18,2,conv1,skewness,1.5597874777784586,0
fedavg-mnist-dirichlet-a01-20-20261004,18,2,conv1,kurtosis,1.7830659085402187,0
fedavg-mnist-dirichlet-a01-20-20261004,18,2,conv2,mean,1.1131694390283443e-05,0
fedavg-mnist-dirichlet-a01-20-20261004,18,2,conv2,std,0.00023560400983805676,0
fedavg-mnist-dirichlet-a01-20-20261004,18,2,conv2,median,-6.20819628238678e-06,0
fedavg-mnist-dirichlet-a01-20-20261004,18,2,conv2,min,-0.001036226749420166,0
fedavg-mnist-dirichlet-a01-20-20261004,18,2,conv2,max,0.0020697228610515594,0
fedavg-mnist-dirichlet-a01-20-20261004,18,2,conv2,l1,0.5687801174426568,0
fedavg-mnist-dirichlet-a01-20-20261004,18,2,conv2,l2,0.016066669888094794,0
fedavg-mnist-dirichlet-a01-20-20261004,18,2,conv2,max_abs,0.0020697228610515594,0
fedavg-mnist-dirichlet-a01-20-20261004,18,2,conv2,sparsity,0.0,0
fedavg-mnist-dirichlet-a01-20-20261004,18,2,conv2,skewness,2.266024848704948,0
fedavg-mnist-dirichlet-a01-20-20261004,18,2,conv2,kurtosis,15.399671761961155,0
fedavg-mnist-dirichlet-a01-20-20261004,18,2,fc1,mean,-9.07288405624446e-06,0
fedavg-mnist-dirichlet-a01-20-20261004,18,2,fc1,std,0.0004327884962908246,0
fedavg-mnist-dirichlet-a01-20-20261004,18,2,fc1,median,0.0,0
fedavg-mnist-dirichlet-a01-20-20261004,18,2,fc1,min,-0.008056476712226868,0
fedavg-mnist-dirichlet-a01-20-20261004,18,2,fc1,max,0.008868539705872536,0
fedavg-mnist-dirichlet-a01-20-20261004,18,2,fc1,l1,17.434474052480596,0
fedavg-mnist-dirichlet-a01-20-20261004,18,2,fc1,l2,0.13717424490687663,0
fedavg-mnist-dirichlet-a01-20-20261004,18,2,fc1,max_abs,0.008868539705872536,0
fedavg-mnist-dirichlet-a01-20-20261004,18,2,fc1,sparsity,0.09618985022307203,0
fedavg-mnist-dirichlet-a01-20-20261004,18,2,fc1,skewness,0.9132889413510348,0
fedavg-mnist-dirichlet-a01-20-20261004,18,2,fc1,kurtosis,52.12157051549537,0
fedavg-mnist-dirichlet-a01-20-20261004,18,2,output,mean,-1.9074202730105473e-10,0
fedavg-mnist-dirichlet-a01-20-20261004,18,2,output,std,0.003040793350926783,0
fedavg-mnist-dirichlet-a01-20-20261004,18,2,output,median,-0.0003268048167228699,0
fedavg-mnist-dirichlet-a01-20-20261004,18,2,output,min,-0.010892845690250397,0
fedavg-mnist-dirichlet-a01-20-20261004,18,2,output,max,0.013191908597946167,0
fedavg-mnist-dirichlet-a01-20-20261004,18,2,output,l1,1.291622561053373,0
fedavg-mnist-dirichlet-a01-20-20261004,18,2,output,l2,0.07752532316589443,0
fedavg-mnist-dirichlet-a01-20-20261004,18,2,output,max_abs,0.013191908597946167,0
fedavg-mnist-dirichlet-a01-20-20261004,18,2,output,sparsity,0.07692307692307693,0
fedavg-mnist-dirichlet-a01-20-20261004,18,2,output,skewness,0.8404068241173205,0
fedavg-mnist-dirichlet-a01-20-20261004,18,2,output,kurtosis,3.0694663124814605,0
fedavg-mnist-dirichlet-a01-20-20261004,18,3,conv1,mean,0.0005597751936875284,0
fedavg-mnist-dirichlet-a01-20-20261004,18,3,conv1,std,0.0009711218835057823,0
fedavg-mnist-dirichlet-a01-20-20261004,18,3,conv1,median,0.00010129809379577637,0
fedavg-mnist-dirichlet-a01-20-20261004,18,3,conv1,min,-0.0006616786122322083,0
fedavg-mnist-dirichlet-a01-20-20261004,18,3,conv1,max,0.0035391151905059814,0
fedavg-mnist-dirichlet-a01-20-20261004,18,3,conv1,l1,0.10657986998558044,0
fedavg-mnist-dirichlet-a01-20-20261004,18,3,conv1,l2,0.014178439858273424,0
fedavg-mnist-dirichlet-a01-20-20261004,18,3,conv1,max_abs,0.0035391151905059814,0
fedavg-mnist-dirichlet-a01-20-20261004,18,3,conv1,sparsity,0.0,0
fedavg-mnist-dirichlet-a01-20-20261004,18,3,conv1,skewness,1.457885835289559,0
fedavg-mnist-dirichlet-a01-20-20261004,18,3,conv1,kurtosis,1.0282319249009788,0
fedavg-mnist-dirichlet-a01-20-20261004,18,3,conv2,mean,6.802922438635442e-05,0
fedavg-mnist-dirichlet-a01-20-20261004,18,3,conv2,std,0.00031187234407127043,0
fedavg-mnist-dirichlet-a01-20-20261004,18,3,conv2,median,1.1740252375602722e-05,0
fedavg-mnist-dirichlet-a01-20-20261004,18,3,conv2,min,-0.001567389816045761,0
fedavg-mnist-dirichlet-a01-20-20261004,18,3,conv2,max,0.002381056547164917,0
fedavg-mnist-dirichlet-a01-20-20261004,18,3,conv2,l1,0.7840533855342073,0
fedavg-mnist-dirichlet-a01-20-20261004,18,3,conv2,l2,0.02174351469894936,0
fedavg-mnist-dirichlet-a01-20-20261004,18,3,conv2,max_abs,0.002381056547164917,0
fedavg-mnist-dirichlet-a01-20-20261004,18,3,conv2,sparsity,0.0,0
fedavg-mnist-dirichlet-a01-20-20261004,18,3,conv2,skewness,1.8104786499036383,0
fedavg-mnist-dirichlet-a01-20-20261004,18,3,conv2,kurtosis,10.465597863617468,0
fedavg-mnist-dirichlet-a01-20-20261004,18,3,fc1,mean,1.728292609196845e-05,0
fedavg-mnist-dirichlet-a01-20-20261004,18,3,fc1,std,0.0003827956529763926,0
fedavg-mnist-dirichlet-a01-20-20261004,18,3,fc1,median,0.0,0
fedavg-mnist-dirichlet-a01-20-20261004,18,3,fc1,min,-0.005277059972286224,0
fedavg-mnist-dirichlet-a01-20-20261004,18,3,fc1,max,0.006929289549589157,0
fedavg-mnist-dirichlet-a01-20-20261004,18,3,fc1,l1,17.543081243166398,0
fedavg-mnist-dirichlet-a01-20-20261004,18,3,fc1,l2,0.12142570951476728,0
fedavg-mnist-dirichlet-a01-20-20261004,18,3,fc1,max_abs,0.006929289549589157,0
fedavg-mnist-dirichlet-a01-20-20261004,18,3,fc1,sparsity,0.0472335086042065,0
fedavg-mnist-dirichlet-a01-20-20261004,18,3,fc1,skewness,1.1139448828421523,0
fedavg-mnist-dirichlet-a01-20-20261004,18,3,fc1,kurtosis,31.298859782131863,0
fedavg-mnist-dirichlet-a01-20-20261004,18,3,output,mean,-1.3754918025090146e-10,0
fedavg-mnist-dirichlet-a01-20-20261004,18,3,output,std,0.0021864358775220646,0
fedavg-mnist-dirichlet-a01-20-20261004,18,3,output,median,-0.0001798570156097412,0
fedavg-mnist-dirichlet-a01-20-20261004,18,3,output,min,-0.005330391228199005,0
fedavg-mnist-dirichlet-a01-20-20261004,18,3,output,max,0.00917157530784607,0
fedavg-mnist-dirichlet-a01-20-20261004,18,3,output,l1,1.0849759730044752,0
fedavg-mnist-dirichlet-a01-20-20261004,18,3,output,l2,0.05574339602352197,0
fedavg-mnist-dirichlet-a01-20-20261004,18,3,output,max_abs,0.00917157530784607,0
fedavg-mnist-dirichlet-a01-20-20261004,18,3,output,sparsity,0.03076923076923077,0
fedavg-mnist-dirichlet-a01-20-20261004,18,3,output,skewness,0.6229087881719895,0
fedavg-mnist-dirichlet-a01-20-20261004,18,3,output,kurtosis,0.5520527897054732,0
fedavg-mnist-dirichlet-a01-20-20261004,18,4,conv1,mean,0.00021547983924392612,0
fedavg-mnist-dirichlet-a01-20-20261004,18,4,conv1,std,0.0005795927367583406,0
fedavg-mnist-dirichlet-a01-20-20261004,18,4,conv1,median,6.864219903945923e-05,0
fedavg-mnist-dirichlet-a01-20-20261004,18,4,conv1,min,-0.0018275976181030273,0
fedavg-mnist-dirichlet-a01-20-20261004,18,4,conv1,max,0.0021656453609466553,0
fedavg-mnist-dirichlet-a01-20-20261004,18,4,conv1,l1,0.06521088862791657,0
fedavg-mnist-dirichlet-a01-20-20261004,18,4,conv1,l2,0.007821603944190592,0
fedavg-mnist-dirichlet-a01-20-20261004,18,4,conv1,max_abs,0.0021656453609466553,0
fedavg-mnist-dirichlet-a01-20-20261004,18,4,conv1,sparsity,0.0,0
fedavg-mnist-dirichlet-a01-20-20261004,18,4,conv1,skewness,0.8034703112465752,0
fedavg-mnist-dirichlet-a01-20-20261004,18,4,conv1,kurtosis,1.8391065455774802,0
fedavg-mnist-dirichlet-a01-20-20261004,18,4,conv2,mean,-6.901592397721759e-05,0
fedavg-mnist-dirichlet-a01-20-20261004,18,4,conv2,std,0.00036825461911110254,0
fedavg-mnist-dirichlet-a01-20-20261004,18,4,conv2,median,-1.8953345715999603e-05,0
fedavg-mnist-dirichlet-a01-20-20261004,18,4,conv2,min,-0.003598812036216259,0
fedavg-mnist-dirichlet-a01-20-20261004,18,4,conv2,max,0.002234645187854767,0
fedavg-mnist-dirichlet-a01-20-20261004,18,4,conv2,l1,0.9933194715304126,0
fedavg-mnist-dirichlet-a01-20-20261004,18,4,conv2,l2,0.02552133289783643,0
fedavg-mnist-dirichlet-a01-20-20261004,18,4,conv2,max_abs,0.003598812036216259,0
fedavg-mnist-dirichlet-a01-20-20261004,18,4,conv2,sparsity,0.0,0
fedavg-mnist-dirichlet-a01-20-20261004,18,4,conv2,skewness,-1.404199856788985,0
fedavg-mnist-dirichlet-a01-20-20261004,18,4,conv2,kurtosis,12.013531046218635,0
fedavg-mnist-dirichlet-a01-20-20261004,18,4,fc1,mean,-4.731788948576871e-05,0
fedavg-mnist-dirichlet-a01-20-20261004,18,4,fc1,std,0.0004437408246489179,0
fedavg-mnist-dirichlet-a01-20-20261004,18,4,fc1,median,-1.3136304914951324e-06,0
fedavg-mnist-dirichlet-a01-20-20261004,18,4,fc1,min,-0.0067208209075033665,0
fedavg-mnist-dirichlet-a01-20-20261004,18,4,fc1,max,0.008542042225599289,0
fedavg-mnist-dirichlet-a01-20-20261004,18,4,fc1,l1,19.988015361437533,0
fedavg-mnist-dirichlet-a01-20-20261004,18,4,fc1,l2,0.14141193192879134,0
fedavg-mnist-dirichlet-a01-20-20261004,18,4,fc1,max_abs,0.008542042225599289,0
fedavg-mnist-dirichlet-a01-20-20261004,18,4,fc1,sparsity,0.09011512109623965,0
fedavg-mnist-dirichlet-a01-20-20261004,18,4,fc1,skewness,-1.6682604867153943,0
fedavg-mnist-dirichlet-a01-20-20261004,18,4,fc1,kurtosis,36.18225201688775,0
fedavg-mnist-dirichlet-a01-20-20261004,18,4,output,mean,2.624717755959584e-10,0
fedavg-mnist-dirichlet-a01-20-20261004,18,4,output,std,0.002976015987861866,0
fedavg-mnist-dirichlet-a01-20-20261004,18,4,output,median,-0.0005647353827953339,0
fedavg-mnist-dirichlet-a01-20-20261004,18,4,output,min,-0.00978178158402443,0
fedavg-mnist-dirichlet-a01-20-20261004,18,4,output,max,0.016562923789024353,0
fedavg-mnist-dirichlet-a01-20-20261004,18,4,output,l1,1.325938522873912,0
fedavg-mnist-dirichlet-a01-20-20261004,18,4,output,l2,0.0758738179743591,0
fedavg-mnist-dirichlet-a01-20-20261004,18,4,output,max_abs,0.016562923789024353,0
fedavg-mnist-dirichlet-a01-20-20261004,18,4,output,sparsity,0.07692307692307693,0
fedavg-mnist-dirichlet-a01-20-20261004,18,4,output,skewness,1.6018554993654488,0
fedavg-mnist-dirichlet-a01-20-20261004,18,4,output,kurtosis,4.7260104334181765,0
fedavg-mnist-dirichlet-a01-20-20261004,19,0,conv1,mean,0.00010838971356861294,0
fedavg-mnist-dirichlet-a01-20-20261004,19,0,conv1,std,0.00025537079118163235,0
fedavg-mnist-dirichlet-a01-20-20261004,19,0,conv1,median,5.081295967102051e-05,0
fedavg-mnist-dirichlet-a01-20-20261004,19,0,conv1,min,-0.00046938657760620117,0
fedavg-mnist-dirichlet-a01-20-20261004,19,0,conv1,max,0.000987231731414795,0
fedavg-mnist-dirichlet-a01-20-20261004,19,0,conv1,l1,0.028593053109943867,0
fedavg-mnist-dirichlet-a01-20-20261004,19,0,conv1,l2,0.0035091325650928335,0
fedavg-mnist-dirichlet-a01-20-20261004,19,0,conv1,max_abs,0.000987231731414795,0
fedavg-mnist-dirichlet-a01-20-20261004,19,0,conv1,sparsity,0.0,0
fedavg-mnist-dirichlet-a01-20-20261004,19,0,conv1,skewness,1.22168343881136,0
fedavg-mnist-dirichlet-a01-20-20261004,19,0,conv1,kurtosis,2.0989262517089715,0
fedavg-mnist-dirichlet-a01-20-20261004,19,0,conv2,mean,3.9958762896464486e-05,0
fedavg-mnist-dirichlet-a01-20-20261004,19,0,conv2,std,0.00014943104618298636,0
fedavg-mnist-dirichlet-a01-20-20261004,19,0,conv2,median,8.915551006793976e-06,0
fedavg-mnist-dirichlet-a01-20-20261004,19,0,conv2,min,-0.0008423030376434326,0
fedavg-mnist-dirichlet-a01-20-20261004,19,0,conv2,max,0.0012874603271484375,0
fedavg-mnist-dirichlet-a01-20-20261004,19,0,conv2,l1,0.39403391302766977,0
fedavg-mnist-dirichlet-a01-20-20261004,19,0,conv2,l2,0.010536518351494842,0
fedavg-mnist-dirichlet-a01-20-20261004,19,0,conv2,max_abs,0.0012874603271484375,0
fedavg-mnist-dirichlet-a01-20-20261004,19,0,conv2,sparsity,0.0,0
fedavg-mnist-dirichlet-a01-20-20261004,19,0,conv2,skewness,1.9454358937224974,0
fedavg-mnist-dirichlet-a01-20-20261004,19,0,conv2,kurtosis,12.529926069879009,0
fedavg-mnist-dirichlet-a01-20-20261004,19,0,fc1,mean,-7.55975596593108e-06,0
fedavg-mnist-dirichlet-a01-20-20261004,19,0,fc1,std,0.00039391537945951443,0
fedavg-mnist-dirichlet-a01-20-20261004,19,0,fc1,median,0.0,0
fedavg-mnist-dirichlet-a01-20-20261004,19,0,fc1,min,-0.007607404142618179,0
fedavg-mnist-dirichlet-a01-20-20261004,19,0,fc1,max,0.0077878208830952644,0
fedavg-mnist-dirichlet-a01-20-20261004,19,0,fc1,l1,16.150737553812178,0
fedavg-mnist-dirichlet-a01-20-20261004,19,0,fc1,l2,0.12484879583941179,0
fedavg-mnist-dirichlet-a01-20-20261004,19,0,fc1,max_abs,0.0077878208830952644,0
fedavg-mnist-dirichlet-a01-20-20261004,19,0,fc1,sparsity,0.08138145315487572,0
fedavg-mnist-dirichlet-a01-20-20261004,19,0,fc1,skewness,-0.22188500696873004,0
fedavg-mnist-dirichlet-a01-20-20261004,19,0,fc1,kurtosis,48.88760221477165,0
fedavg-mnist-dirichlet-a01-20-20261004,19,0,output,mean,4.256771017725651e-10,0
fedavg-mnist-dirichlet-a01-20-20261004,19,0,output,std,0.0024844807529245333,0
fedavg-mnist-dirichlet-a01-20-20261004,19,0,output,median,-0.0005083195865154266,0
fedavg-mnist-dirichlet-a01-20-20261004,19,0,output,min,-0.004844166338443756,0
fedavg-mnist-dirichlet-a01-20-20261004,19,0,output,max,0.015365466475486755,0
fedavg-mnist-dirichlet-a01-20-20261004,19,0,output,l1,1.0073761291860137,0
fedavg-mnist-dirichlet-a01-20-20261004,19,0,output,l2,0.06334207920154036,0
fedavg-mnist-dirichlet-a01-20-20261004,19,0,output,max_abs,0.015365466475486755,0
fedavg-mnist-dirichlet-a01-20-20261004,19,0,output,sparsity,0.06153846153846154,0
fedavg-mnist-dirichlet-a01-20-20261004,19,0,output,skewness,2.4242600502707017,0
fedavg-mnist-dirichlet-a01-20-20261004,19,0,output,kurtosis,7.5934289919993745,0
fedavg-mnist-dirichlet-a01-20-20261004,19,1,conv1,mean,0.0007866880579967984,0
fedavg-mnist-dirichlet-a01-20-20261004,19,1,conv1,std,0.0012070007297036835,0
fedavg-mnist-dirichlet-a01-20-20261004,19,1,conv1,median,0.00011380761861801147,0
fedavg-mnist-dirichlet-a01-20-20261004,19,1,conv1,min,-0.0003992915153503418,0
fedavg-mnist-dirichlet-a01-20-20261004,19,1,conv1,max,0.004543036222457886,0
fedavg-mnist-dirichlet-a01-20-20261004,19,1,conv1,l1,0.13443687674589455,0
fedavg-mnist-dirichlet-a01-20-20261004,19,1,conv1,l2,0.01822406699768193,0
fedavg-mnist-dirichlet-a01-20-20261004,19,1,conv1,max_abs,0.004543036222457886,0
fedavg-mnist-dirichlet-a01-20-20261004,19,1,conv1,sparsity,0.0,0
fedavg-mnist-dirichlet-a01-20-20261004,19,1,conv1,skewness,1.3562355518407447,0
fedavg-mnist-dirichlet-a01-20-20261004,19,1,conv1,kurtosis,0.5973354109747255,0
fedavg-mnist-dirichlet-a01-20-20261004,19,1,conv2,mean,4.603152706373482e-05,0
fedavg-mnist-dirichlet-a01-20-20261004,19,1,conv2,std,0.00033541008458132205,0
fedavg-mnist-dirichlet-a01-20-20261004,19,1,conv2,median,7.82310962677002e-07,0
fedavg-mnist-dirichlet-a01-20-20261004,19,1,conv2,min,-0.0016359463334083557,0
fedavg-mnist-dirichlet-a01-20-20261004,19,1,conv2,max,0.0038957446813583374,0
fedavg-mnist-dirichlet-a01-20-20261004,19,1,conv2,l1,0.7591840163040615,0
fedavg-mnist-dirichlet-a01-20-20261004,19,1,conv2,l2,0.02306146903684117,0
fedavg-mnist-dirichlet-a01-20-20261004,19,1,conv2,max_abs,0.0038957446813583374,0
fedavg-mnist-dirichlet-a01-20-20261004,19,1,conv2,sparsity,0.00021551724137931034,0
fedavg-mnist-dirichlet-a01-20-20261004,19,1,conv2,skewness,3.455935265731986,0
fedavg-mnist-dirichlet-a01-20-20261004,19,1,conv2,kurtosis,25.310758600169393,0
fedavg-mnist-dirichlet-a01-20-20261004,19,1,fc1,mean,1.5391381844772322e-05,0
fedavg-mnist-dirichlet-a01-20-20261004,19,1,fc1,std,0.00030226704421276306,0
fedavg-mnist-dirichlet-a01-20-20261004,19,1,fc1,median,0.0,0
fedavg-mnist-dirichlet-a01-20-20261004,19,1,fc1,min,-0.0043643321841955185,0
fedavg-mnist-dirichlet-a01-20-20261004,19,1,fc1,max,0.005576141178607941,0
fedavg-mnist-dirichlet-a01-20-20261004,19,1,fc1,l1,13.22698171159118,0
fedavg-mnist-dirichlet-a01-20-20261004,19,1,fc1,l2,0.09590793817850804,0
fedavg-mnist-dirichlet-a01-20-20261004,19,1,fc1,max_abs,0.005576141178607941,0
fedavg-mnist-dirichlet-a01-20-20261004,19,1,fc1,sparsity,0.07992750159337157,0
fedavg-mnist-dirichlet-a01-20-20261004,19,1,fc1,skewness,0.8201919834750806,0
fedavg-mnist-dirichlet-a01-20-20261004,19,1,fc1,kurtosis,33.438984379667225,0
fedavg-mnist-dirichlet-a01-20-20261004,19,1,output,mean,-1.1856452776835516e-10,0
fedavg-mnist-dirichlet-a01-20-20261004,19,1,output,std,0.001839930790162257,0
fedavg-mnist-dirichlet-a01-20-20261004,19,1,output,median,-0.0002766363322734833,0
fedavg-mnist-dirichlet-a01-20-20261004,19,1,output,min,-0.004291065037250519,0
fedavg-mnist-dirichlet-a01-20-20261004,19,1,output,max,0.006395086646080017,0
fedavg-mnist-dirichlet-a01-20-20261004,19,1,output,l1,0.8824118534103036,0
fedavg-mnist-dirichlet-a01-20-20261004,19,1,output,l2,0.0469092150134878,0
fedavg-mnist-dirichlet-a01-20-20261004,19,1,output,max_abs,0.006395086646080017,0
fedavg-mnist-dirichlet-a01-20-20261004,19,1,output,sparsity,0.06153846153846154,0
fedavg-mnist-dirichlet-a01-20-20261004,19,1,output,skewness,0.9488015641813636,0
fedavg-mnist-dirichlet-a01-20-20261004,19,1,output,kurtosis,0.7638468684679167,0
fedavg-mnist-dirichlet-a01-20-20261004,19,2,conv1,mean,0.00035917895002057776,0
fedavg-mnist-dirichlet-a01-20-20261004,19,2,conv1,std,0.0005645318426552387,0
fedavg-mnist-dirichlet-a01-20-20261004,19,2,conv1,median,0.00010493211448192596,0
fedavg-mnist-dirichlet-a01-20-20261004,19,2,conv1,min,-0.00032241642475128174,0
fedavg-mnist-dirichlet-a01-20-20261004,19,2,conv1,max,0.002325206995010376,0
fedavg-mnist-dirichlet-a01-20-20261004,19,2,conv1,l1,0.0646130929235369,0
fedavg-mnist-dirichlet-a01-20-20261004,19,2,conv1,l2,0.008463623049352838,0
fedavg-mnist-dirichlet-a01-20-20261004,19,2,conv1,max_abs,0.002325206995010376,0
fedavg-mnist-dirichlet-a01-20-20261004,19,2,conv1,sparsity,0.0,0
fedavg-mnist-dirichlet-a01-20-20261004,19,2,conv1,skewness,1.58301041316489,0
fedavg-mnist-dirichlet-a01-20-20261004,19,2,conv1,kurtosis,1.9024145105251096,0
fedavg-mnist-dirichlet-a01-20-20261004,19,2,conv2,mean,7.968876046749661e-06,0
fedavg-mnist-dirichlet-a01-20-20261004,19,2,conv2,std,0.00022739639635502802,0
fedavg-mnist-dirichlet-a01-20-20261004,19,2,conv2,median,-7.035210728645325e-06,0
fedavg-mnist-dirichlet-a01-20-20261004,19,2,conv2,min,-0.0010387822985649109,0
fedavg-mnist-dirichlet-a01-20-20261004,19,2,conv2,max,0.0020115897059440613,0
fedavg-mnist-dirichlet-a01-20-20261004,19,2,conv2,l1,0.5509713268202177,0
fedavg-mnist-dirichlet-a01-20-20261004,19,2,conv2,l2,0.015499192741612537,0
fedavg-mnist-dirichlet-a01-20-20261004,19,2,conv2,max_abs,0.0020115897059440613,0
fedavg-mnist-dirichlet-a01-20-20261004,19,2,conv2,sparsity,0.0,0
fedavg-mnist-dirichlet-a01-20-20261004,19,2,conv2,skewness,2.1895783735252152,0
fedavg-mnist-dirichlet-a01-20-20261004,19,2,conv2,kurtosis,15.299711641178519,0
fedavg-mnist-dirichlet-a01-20-20261004,19,2,fc1,mean,-9.163208355086616e-06,0
fedavg-mnist-dirichlet-a01-20-20261004,19,2,fc1,std,0.00042618119793389186,0
fedavg-mnist-dirichlet-a01-20-20261004,19,2,fc1,median,0.0,0
fedavg-mnist-dirichlet-a01-20-20261004,19,2,fc1,min,-0.007866136729717255,0
fedavg-mnist-dirichlet-a01-20-20261004,19,2,fc1,max,0.008736629039049149,0
fedavg-mnist-dirichlet-a01-20-20261004,19,2,fc1,l1,17.179687446462594,0
fedavg-mnist-dirichlet-a01-20-20261004,19,2,fc1,l2,0.13508157153054678,0
fedavg-mnist-dirichlet-a01-20-20261004,19,2,fc1,max_abs,0.008736629039049149,0
fedavg-mnist-dirichlet-a01-20-20261004,19,2,fc1,sparsity,0.09617989165073296,0
fedavg-mnist-dirichlet-a01-20-20261004,19,2,fc1,skewness,0.9646886199953638,0
fedavg-mnist-dirichlet-a01-20-20261004,19,2,fc1,kurtosis,51.807165995363945,0
fedavg-mnist-dirichlet-a01-20-20261004,19,2,output,mean,-5.364059828794919e-10,0
fedavg-mnist-dirichlet-a01-20-20261004,19,2,output,std,0.0029829811127011384,0
fedavg-mnist-dirichlet-a01-20-20261004,19,2,output,median,-0.00032424554228782654,0
fedavg-mnist-dirichlet-a01-20-20261004,19,2,output,min,-0.010733425617218018,0
fedavg-mnist-dirichlet-a01-20-20261004,19,2,output,max,0.013096600770950317,0
fedavg-mnist-dirichlet-a01-20-20261004,19,2,output,l1,1.26569602440577,0
fedavg-mnist-dirichlet-a01-20-20261004,19,2,output,l2,0.07605139451171035,0
fedavg-mnist-dirichlet-a01-20-20261004,19,2,output,max_abs,0.013096600770950317,0
fedavg-mnist-dirichlet-a01-20-20261004,19,2,output,sparsity,0.07692307692307693,0
fedavg-mnist-dirichlet-a01-20-20261004,19,2,output,skewness,0.8266738944150415,0
fedavg-mnist-dirichlet-a01-20-20261004,19,2,output,kurtosis,3.119818868605911,0
fedavg-mnist-dirichlet-a01-20-20261004,19,3,conv1,mean,0.0005005185710615478,0
fedavg-mnist-dirichlet-a01-20-20261004,19,3,conv1,std,0.0008887971340423861,0
fedavg-mnist-dirichlet-a01-20-20261004,19,3,conv1,median,7.677078247070312e-05,0
fedavg-mnist-dirichlet-a01-20-20261004,19,3,conv1,min,-0.0007044486701488495,0
fedavg-mnist-dirichlet-a01-20-20261004,19,3,conv1,max,0.003258258104324341,0
fedavg-mnist-dirichlet-a01-20-20261004,19,3,conv1,l1,0.09722430794499815,0
fedavg-mnist-dirichlet-a01-20-20261004,19,3,conv1,l2,0.012902583837104586,0
fedavg-mnist-dirichlet-a01-20-20261004,19,3,conv1,max_abs,0.003258258104324341,0
fedavg-mnist-dirichlet-a01-20-20261004,19,3,conv1,sparsity,0.0,0
fedavg-mnist-dirichlet-a01-20-20261004,19,3,conv1,skewness,1.4577763696132746,0
fedavg-mnist-dirichlet-a01-20-20261004,19,3,conv1,kurtosis,1.0687119190599486,0
fedavg-mnist-dirichlet-a01-20-20261004,19,3,conv2,mean,6.078519894768321e-05,0
fedavg-mnist-dirichlet-a01-20-20261004,19,3,conv2,std,0.0002950536882016582,0
fedavg-mnist-dirichlet-a01-20-20261004,19,3,conv2,median,1.0405667126178741e-05,0
fedavg-mnist-dirichlet-a01-20-20261004,19,3,conv2,min,-0.0015034116804599762,0
fedavg-mnist-dirichlet-a01-20-20261004,19,3,conv2,max,0.002271100878715515,0
fedavg-mnist-dirichlet-a01-20-20261004,19,3,conv2,l1,0.7444023566422402,0
fedavg-mnist-dirichlet-a01-20-20261004,19,3,conv2,l2,0.020520405690503535,0
fedavg-mnist-dirichlet-a01-20-20261004,19,3,conv2,max_abs,0.002271100878715515,0
fedavg-mnist-dirichlet-a01-20-20261004,19,3,conv2,sparsity,0.0,0
fedavg-mnist-dirichlet-a01-20-20261004,19,3,conv2,skewness,1.68957123679389,0
fedavg-mnist-dirichlet-a01-20-20261004,19,3,conv2,kurtosis,10.35427818287456,0
fedavg-mnist-dirichlet-a01-20-20261004,19,3,fc1,mean,1.4765028162464541e-05,0
fedavg-mnist-dirichlet-a01-20-20261004,19,3,fc1,std,0.00037768487040980764,0
fedavg-mnist-dirichlet-a01-20-20261004,19,3,fc1,median,0.0,0
fedavg-mnist-dirichlet-a01-20-20261004,19,3,fc1,min,-0.005099598318338394,0
fedavg-mnist-dirichlet-a01-20-20261004,19,3,fc1,max,0.00672786682844162,0
fedavg-mnist-dirichlet-a01-20-20261004,19,3,fc1,l1,17.281421411190422,0
fedavg-mnist-dirichlet-a01-20-20261004,19,3,fc1,l2,0.11977402935589455,0
fedavg-mnist-dirichlet-a01-20-20261004,19,3,fc1,max_abs,0.00672786682844162,0
fedavg-mnist-dirichlet-a01-20-20261004,19,3,fc1,sparsity,0.047114005736137665,0
fedavg-mnist-dirichlet-a01-20-20261004,19,3,fc1,skewness,1.032514995489958,0
fedavg-mnist-dirichlet-a01-20-20261004,19,3,fc1,kurtosis,31.11839500960675,0
fedavg-mnist-dirichlet-a01-20-20261004,19,3,output,mean,5.477788643195079e-10,0
fedavg-mnist-dirichlet-a01-20-20261004,19,3,output,std,0.0021395894210091988,0
fedavg-mnist-dirichlet-a01-20-20261004,19,3,output,median,-0.00014013797044754028,0
fedavg-mnist-dirichlet-a01-20-20261004,19,3,output,min,-0.005199961364269257,0
fedavg-mnist-dirichlet-a01-20-20261004,19,3,output,max,0.008948959410190582,0
fedavg-mnist-dirichlet-a01-20-20261004,19,3,output,l1,1.0627688875538297,0
fedavg-mnist-dirichlet-a01-20-20261004,19,3,output,l2,0.05454904104401475,0
fedavg-mnist-dirichlet-a01-20-20261004,19,3,output,max_abs,0.008948959410190582,0
fedavg-mnist-dirichlet-a01-20-20261004,19,3,output,sparsity,0.03076923076923077,0
fedavg-mnist-dirichlet-a01-20-20261004,19,3,output,skewness,0.6014593504632061,0
fedavg-mnist-dirichlet-a01-20-20261004,19,3,output,kurtosis,0.5322788105131311,0
fedavg-mnist-dirichlet-a01-20-20261004,19,4,conv1,mean,0.00021424162550829351,0
fedavg-mnist-dirichlet-a01-20-20261004,19,4,conv1,std,0.0005700715295848621,0
fedavg-mnist-dirichlet-a01-20-20261004,19,4,conv1,median,6.172806024551392e-05,0
fedavg-mnist-dirichlet-a01-20-20261004,19,4,conv1,min,-0.0016877055168151855,0
fedavg-mnist-dirichlet-a01-20-20261004,19,4,conv1,max,0.002129077911376953,0
fedavg-mnist-dirichlet-a01-20-20261004,19,4,conv1,l1,0.06358030159026384,0
fedavg-mnist-dirichlet-a01-20-20261004,19,4,conv1,l2,0.007703308618443482,0
fedavg-mnist-dirichlet-a01-20-20261004,19,4,conv1,max_abs,0.002129077911376953,0
fedavg-mnist-dirichlet-a01-20-20261004,19,4,conv1,sparsity,0.0,0
fedavg-mnist-dirichlet-a01-20-20261004,19,4,conv1,skewness,0.9177889860923341,0
fedavg-mnist-dirichlet-a01-20-20261004,19,4,conv1,kurtosis,1.7798516731782161,0
fedavg-mnist-dirichlet-a01-20-20261004,19,4,conv2,mean,-6.2855660888184e-05,0
fedavg-mnist-dirichlet-a01-20-20261004,19,4,conv2,std,0.00035426521427270004,0
fedavg-mnist-dirichlet-a01-20-20261004,19,4,conv2,median,-1.735566183924675e-05,0
fedavg-mnist-dirichlet-a01-20-20261004,19,4,conv2,min,-0.0034762811847031116,0
fedavg-mnist-dirichlet-a01-20-20261004,19,4,conv2,max,0.002131141722202301,0
fedavg-mnist-dirichlet-a01-20-20261004,19,4,conv2,l1,0.9532741658658779,0
fedavg-mnist-dirichlet-a01-20-20261004,19,4,conv2,l2,0.024508563755003848,0
fedavg-mnist-dirichlet-a01-20-20261004,19,4,conv2,max_abs,0.0034762811847031116,0
fedavg-mnist-dirichlet-a01-20-20261004,19,4,conv2,sparsity,0.0,0
fedavg-mnist-dirichlet-a01-20-20261004,19,4,conv2,skewness,-1.361697480046866,0
fedavg-mnist-dirichlet-a01-20-20261004,19,4,conv2,kurtosis,12.075090893372217,0
fedavg-mnist-dirichlet-a01-20-20261004,19,4,fc1,mean,-4.492878342288664e-05,0
fedavg-mnist-dirichlet-a01-20-20261004,19,4,fc1,std,0.0004295932233992993,0
fedavg-mnist-dirichlet-a01-20-20261004,19,4,fc1,median,-1.2575183063745499e-06,0
fedavg-mnist-dirichlet-a01-20-20261004,19,4,fc1,min,-0.006514749024063349,0
fedavg-mnist-dirichlet-a01-20-20261004,19,4,fc1,max,0.008325554430484772,0
fedavg-mnist-dirichlet-a01-20-20261004,19,4,fc1,l1,19.350916509540355,0
fedavg-mnist-dirichlet-a01-20-20261004,19,4,fc1,l2,0.13687405157021182,0
fedavg-mnist-dirichlet-a01-20-20261004,19,4,fc1,max_abs,0.008325554430484772,0
fedavg-mnist-dirichlet-a01-20-20261004,19,4,fc1,sparsity,0.09011512109623965,0
fedavg-mnist-dirichlet-a01-20-20261004,19,4,fc1,skewness,-1.5880280230660895,0
fedavg-mnist-dirichlet-a01-20-20261004,19,4,fc1,kurtosis,36.219714579392566,0
fedavg-mnist-dirichlet-a01-20-20261004,19,4,output,mean,6.05359673500061e-11,0
fedavg-mnist-dirichlet-a01-20-20261004,19,4,output,std,0.002876074801050158,0
fedavg-mnist-dirichlet-a01-20-20261004,19,4,output,median,-0.0005194656550884247,0
fedavg-mnist-dirichlet-a01-20-20261004,19,4,output,min,-0.009217441082000732,0
fedavg-mnist-dirichlet-a01-20-20261004,19,4,output,max,0.015619531273841858,0
fedavg-mnist-dirichlet-a01-20-20261004,19,4,output,l1,1.2892877380363643,0
fedavg-mnist-dirichlet-a01-20-20261004,19,4,output,l2,0.07332580766553622,0
fedavg-mnist-dirichlet-a01-20-20261004,19,4,output,max_abs,0.015619531273841858,0
fedavg-mnist-dirichlet-a01-20-20261004,19,4,output,sparsity,0.07692307692307693,0
fedavg-mnist-dirichlet-a01-20-20261004,19,4,output,skewness,1.5712224001661683,0
fedavg-mnist-dirichlet-a01-20-20261004,19,4,output,kurtosis,4.502824470183863,0
fedavg-mnist-dirichlet-a01-20-20261004,20,0,conv1,mean,9.713490726426244e-05,0
fedavg-mnist-dirichlet-a01-20-20261004,20,0,conv1,std,0.00024483660234308834,0
fedavg-mnist-dirichlet-a01-20-20261004,20,0,conv1,median,4.9367547035217285e-05,0
fedavg-mnist-dirichlet-a01-20-20261004,20,0,conv1,min,-0.0005094707012176514,0
fedavg-mnist-dirichlet-a01-20-20261004,20,0,conv1,max,0.0009453296661376953,0
fedavg-mnist-dirichlet-a01-20-20261004,20,0,conv1,l1,0.027299593202769756,0
fedavg-mnist-dirichlet-a01-20-20261004,20,0,conv1,l2,0.0033317899587133504,0
fedavg-mnist-dirichlet-a01-20-20261004,20,0,conv1,max_abs,0.0009453296661376953,0
fedavg-mnist-dirichlet-a01-20-20261004,20,0,conv1,sparsity,0.0,0
fedavg-mnist-dirichlet-a01-20-20261004,20,0,conv1,skewness,1.0691116611168066,0
fedavg-mnist-dirichlet-a01-20-20261004,20,0,conv1,kurtosis,2.124947741446788,0
fedavg-mnist-dirichlet-a01-20-20261004,20,0,conv2,mean,3.934051380446331e-05,0
fedavg-mnist-dirichlet-a01-20-20261004,20,0,conv2,std,0.00014800378687480028,0
fedavg-mnist-dirichlet-a01-20-20261004,20,0,conv2,median,9.411945939064026e-06,0
fedavg-mnist-dirichlet-a01-20-20261004,20,0,conv2,min,-0.000896841287612915,0
fedavg-mnist-dirichlet-a01-20-20261004,20,0,conv2,max,0.0012782365083694458,0
fedavg-mnist-dirichlet-a01-20-20261004,20,0,conv2,l1,0.39085356736177346,0
fedavg-mnist-dirichlet-a01-20-20261004,20,0,conv2,l2,0.010431729380805341,0
fedavg-mnist-dirichlet-a01-20-20261004,20,0,conv2,max_abs,0.0012782365083694458,0
fedavg-mnist-dirichlet-a01-20-20261004,20,0,conv2,sparsity,0.0004310344827586207,0
fedavg-mnist-dirichlet-a01-20-20261004,20,0,conv2,skewness,1.8254415521669713,0
fedavg-mnist-dirichlet-a01-20-20261004,20,0,conv2,kurtosis,12.575779560324648,0
fedavg-mnist-dirichlet-a01-20-20261004,20,0,fc1,mean,-7.265056651140347e-06,0
fedavg-mnist-dirichlet-a01-20-20261004,20,0,fc1,std,0.00039045926738221626,0
fedavg-mnist-dirichlet-a01-20-20261004,20,0,fc1,median,0.0,0
fedavg-mnist-dirichlet-a01-20-20261004,20,0,fc1,min,-0.007526196539402008,0
fedavg-mnist-dirichlet-a01-20-20261004,20,0,fc1,max,0.0077164326794445515,0
fedavg-mnist-dirichlet-a01-20-20261004,20,0,fc1,l1,15.976437980298215,0
fedavg-mnist-dirichlet-a01-20-20261004,20,0,fc1,l2,0.12375203723988458,0
fedavg-mnist-dirichlet-a01-20-20261004,20,0,fc1,max_abs,0.0077164326794445515,0
fedavg-mnist-dirichlet-a01-20-20261004,20,0,fc1,sparsity,0.08150095602294455,0
fedavg-mnist-dirichlet-a01-20-20261004,20,0,fc1,skewness,-0.21513526202751126,0
fedavg-mnist-dirichlet-a01-20-20261004,20,0,fc1,kurtosis,48.90931244511049,0
fedavg-mnist-dirichlet-a01-20-20261004,20,0,output,mean,-8.484885956232364e-11,0
fedavg-mnist-dirichlet-a01-20-20261004,20,0,output,std,0.002440468663235232,0
fedavg-mnist-dirichlet-a01-20-20261004,20,0,output,median,-0.0004976377822458744,0
fedavg-mnist-dirichlet-a01-20-20261004,20,0,output,min,-0.004851840436458588,0
fedavg-mnist-dirichlet-a01-20-20261004,20,0,output,max,0.015044927597045898,0
fedavg-mnist-dirichlet-a01-20-20261004,20,0,output,l1,0.9904858872469049,0
fedavg-mnist-dirichlet-a01-20-20261004,20,0,output,l2,0.06221998668074077,0
fedavg-mnist-dirichlet-a01-20-20261004,20,0,output,max_abs,0.015044927597045898,0
fedavg-mnist-dirichlet-a01-20-20261004,20,0,output,sparsity,0.06307692307692307,0
fedavg-mnist-dirichlet-a01-20-20261004,20,0,output,skewness,2.411890788356527,0
fedavg-mnist-dirichlet-a01-20-20261004,20,0,output,kurtosis,7.559916684195967,0
fedavg-mnist-dirichlet-a01-20-20261004,20,1,conv1,mean,0.0007586999170598574,0
fedavg-mnist-dirichlet-a01-20-20261004,20,1,conv1,std,0.0011638128253181324,0
fedavg-mnist-dirichlet-a01-20-20261004,20,1,conv1,median,0.0001010596752166748,0
fedavg-mnist-dirichlet-a01-20-20261004,20,1,conv1,min,-0.00029671192169189453,0
fedavg-mnist-dirichlet-a01-20-20261004,20,1,conv1,max,0.004390507936477661,0
fedavg-mnist-dirichlet-a01-20-20261004,20,1,conv1,l1,0.12948711053468287,0
fedavg-mnist-dirichlet-a01-20-20261004,20,1,conv1,l2,0.017573096967906862,0
fedavg-mnist-dirichlet-a01-20-20261004,20,1,conv1,max_abs,0.004390507936477661,0
fedavg-mnist-dirichlet-a01-20-20261004,20,1,conv1,sparsity,0.0,0
fedavg-mnist-dirichlet-a01-20-20261004,20,1,conv1,skewness,1.3586060578351389,0
fedavg-mnist-dirichlet-a01-20-20261004,20,1,conv1,kurtosis,0.6046562382694018,0
fedavg-mnist-dirichlet-a01-20-20261004,20,1,conv2,mean,4.592434770215889e-05,0
fedavg-mnist-dirichlet-a01-20-20261004,20,1,conv2,std,0.00032347084851778746,0
fedavg-mnist-dirichlet-a01-20-20261004,20,1,conv2,median,6.351619958877563e-07,0
fedavg-mnist-dirichlet-a01-20-20261004,20,1,conv2,min,-0.0015758872032165527,0
fedavg-mnist-dirichlet-a01-20-20261004,20,1,conv2,max,0.003786727786064148,0
fedavg-mnist-dirichlet-a01-20-20261004,20,1,conv2,l1,0.7281449532310944,0
fedavg-mnist-dirichlet-a01-20-20261004,20,1,conv2,l2,0.022254997213310628,0
fedavg-mnist-dirichlet-a01-20-20261004,20,1,conv2,max_abs,0.003786727786064148,0
fedavg-mnist-dirichlet-a01-20-20261004,20,1,conv2,sparsity,0.0,0
fedavg-mnist-dirichlet-a01-20-20261004,20,1,conv2,skewness,3.532765963301623,0
fedavg-mnist-dirichlet-a01-20-20261004,20,1,conv2,kurtosis,25.83716535708828,0
fedavg-mnist-dirichlet-a01-20-20261004,20,1,fc1,mean,1.64223901634248e-05,0
fedavg-mnist-dirichlet-a01-20-20261004,20,1,fc1,std,0.00029430210699982656,0
fedavg-mnist-dirichlet-a01-20-20261004,20,1,fc1,median,0.0,0
fedavg-mnist-dirichlet-a01-20-20261004,20,1,fc1,min,-0.004273716360330582,0
fedavg-mnist-dirichlet-a01-20-20261004,20,1,fc1,max,0.005578288808465004,0
fedavg-mnist-dirichlet-a01-20-20261004,20,1,fc1,l1,12.812725529174031,0
fedavg-mnist-dirichlet-a01-20-20261004,20,1,fc1,l2,0.09340495711233067,0
fedavg-mnist-dirichlet-a01-20-20261004,20,1,fc1,max_abs,0.005578288808465004,0
fedavg-mnist-dirichlet-a01-20-20261004,20,1,fc1,sparsity,0.08007688017845761,0
fedavg-mnist-dirichlet-a01-20-20261004,20,1,fc1,skewness,0.9896216223618123,0
fedavg-mnist-dirichlet-a01-20-20261004,20,1,fc1,kurtosis,34.370554334844684,0
fedavg-mnist-dirichlet-a01-20-20261004,20,1,output,mean,3.6446950756586516e-11,0
fedavg-mnist-dirichlet-a01-20-20261004,20,1,output,std,0.001801463473665206,0
fedavg-mnist-dirichlet-a01-20-20261004,20,1,output,median,-0.00027071405202150345,0
fedavg-mnist-dirichlet-a01-20-20261004,20,1,output,min,-0.004253998398780823,0
fedavg-mnist-dirichlet-a01-20-20261004,20,1,output,max,0.006123140454292297,0
fedavg-mnist-dirichlet-a01-20-20261004,20,1,output,l1,0.866164927079808,0
fedavg-mnist-dirichlet-a01-20-20261004,20,1,output,l2,0.04592848702621764,0
fedavg-mnist-dirichlet-a01-20-20261004,20,1,output,max_abs,0.006123140454292297,0
fedavg-mnist-dirichlet-a01-20-20261004,20,1,output,sparsity,0.06153846153846154,0
fedavg-mnist-dirichlet-a01-20-20261004,20,1,output,skewness,0.9277962963809662,0
fedavg-mnist-dirichlet-a01-20-20261004,20,1,output,kurtosis,0.7177775019726211,0
fedavg-mnist-dirichlet-a01-20-20261004,20,2,conv1,mean,0.00034145618410548196,0
fedavg-mnist-dirichlet-a01-20-20261004,20,2,conv1,std,0.0005402693969595929,0
fedavg-mnist-dirichlet-a01-20-20261004,20,2,conv1,median,0.00010225176811218262,0
fedavg-mnist-dirichlet-a01-20-20261004,20,2,conv1,min,-0.000338822603225708,0
fedavg-mnist-dirichlet-a01-20-20261004,20,2,conv1,max,0.0022178590297698975,0
fedavg-mnist-dirichlet-a01-20-20261004,20,2,conv1,l1,0.061634619953110814,0
fedavg-mnist-dirichlet-a01-20-20261004,20,2,conv1,l2,0.008084388382109894,0
fedavg-mnist-dirichlet-a01-20-20261004,20,2,conv1,max_abs,0.0022178590297698975,0
fedavg-mnist-dirichlet-a01-20-20261004,20,2,conv1,sparsity,0.0,0
fedavg-mnist-dirichlet-a01-20-20261004,20,2,conv1,skewness,1.5927105225122924,0
fedavg-mnist-dirichlet-a01-20-20261004,20,2,conv1,kurtosis,1.9597573678273017,0
fedavg-mnist-dirichlet-a01-20-20261004,20,2,conv2,mean,5.957277281156386e-06,0
fedavg-mnist-dirichlet-a01-20-20261004,20,2,conv2,std,0.0002213191511961769,0
fedavg-mnist-dirichlet-a01-20-20261004,20,2,conv2,median,-6.556510925292969e-06,0
fedavg-mnist-dirichlet-a01-20-20261004,20,2,conv2,min,-0.0010559558868408203,0
fedavg-mnist-dirichlet-a01-20-20261004,20,2,conv2,max,0.001983337104320526,0
fedavg-mnist-dirichlet-a01-20-20261004,20,2,conv2,l1,0.5362034350655449,0
fedavg-mnist-dirichlet-a01-20-20261004,20,2,conv2,l2,0.015081177775360772,0
fedavg-mnist-dirichlet-a01-20-20261004,20,2,conv2,max_abs,0.001983337104320526,0
fedavg-mnist-dirichlet-a01-20-20261004,20,2,conv2,sparsity,0.0,0
fedavg-mnist-dirichlet-a01-20-20261004,20,2,conv2,skewness,2.1288744827122947,0
fedavg-mnist-dirichlet-a01-20-20261004,20,2,conv2,kurtosis,15.341324456750627,0
fedavg-mnist-dirichlet-a01-20-20261004,20,2,fc1,mean,-9.832139272682158e-06,0
fedavg-mnist-dirichlet-a01-20-20261004,20,2,fc1,std,0.0004213005411694701,0
fedavg-mnist-dirichlet-a01-20-20261004,20,2,fc1,median,0.0,0
fedavg-mnist-dirichlet-a01-20-20261004,20,2,fc1,min,-0.007594659924507141,0
fedavg-mnist-dirichlet-a01-20-20261004,20,2,fc1,max,0.008621232584118843,0
fedavg-mnist-dirichlet-a01-20-20261004,20,2,fc1,l1,16.997568003334436,0
fedavg-mnist-dirichlet-a01-20-20261004,20,2,fc1,l2,0.13354010436976887,0
fedavg-mnist-dirichlet-a01-20-20261004,20,2,fc1,max_abs,0.008621232584118843,0
fedavg-mnist-dirichlet-a01-20-20261004,20,2,fc1,sparsity,0.09581142447418738,0
fedavg-mnist-dirichlet-a01-20-20261004,20,2,fc1,skewness,0.9454765196512549,0
fedavg-mnist-dirichlet-a01-20-20261004,20,2,fc1,kurtosis,51.05409216134644,0
fedavg-mnist-dirichlet-a01-20-20261004,20,2,output,mean,-4.3019938927430374e-10,0
fedavg-mnist-dirichlet-a01-20-20261004,20,2,output,std,0.002928138329797502,0
fedavg-mnist-dirichlet-a01-20-20261004,20,2,output,median,-0.00031896308064460754,0
fedavg-mnist-dirichlet-a01-20-20261004,20,2,output,min,-0.010558687150478363,0
fedavg-mnist-dirichlet-a01-20-20261004,20,2,output,max,0.012906551361083984,0
fedavg-mnist-dirichlet-a01-20-20261004,20,2,output,l1,1.2406756954733282,0
fedavg-mnist-dirichlet-a01-20-20261004,20,2,output,l2,0.07465317241068306,0
fedavg-mnist-dirichlet-a01-20-20261004,20,2,output,max_abs,0.012906551361083984,0
fedavg-mnist-dirichlet-a01-20-20261004,20,2,output,sparsity,0.07692307692307693,0
fedavg-mnist-dirichlet-a01-20-20261004,20,2,output,skewness,0.8171202898546612,0
fedavg-mnist-dirichlet-a01-20-20261004,20,2,output,kurtosis,3.1527440207080746,0
fedavg-mnist-dirichlet-a01-20-20261004,20,3,conv1,mean,0.00044540874660015106,0
fedavg-mnist-dirichlet-a01-20-20261004,20,3,conv1,std,0.0008134001892594979,0
fedavg-mnist-dirichlet-a01-20-20261004,20,3,conv1,median,8.425116539001465e-05,0
fedavg-mnist-dirichlet-a01-20-20261004,20,3,conv1,min,-0.0007287636399269104,0
fedavg-mnist-dirichlet-a01-20-20261004,20,3,conv1,max,0.0029997527599334717,0
fedavg-mnist-dirichlet-a01-20-20261004,20,3,conv1,l1,0.0888739051297307,0
fedavg-mnist-dirichlet-a01-20-20261004,20,3,conv1,l2,0.011730362786787487,0
fedavg-mnist-dirichlet-a01-20-20261004,20,3,conv1,max_abs,0.0029997527599334717,0
fedavg-mnist-dirichlet-a01-20-20261004,20,3,conv1,sparsity,0.0,0
fedavg-mnist-dirichlet-a01-20-20261004,20,3,conv1,skewness,1.46665364063162,0
fedavg-mnist-dirichlet-a01-20-20261004,20,3,conv1,kurtosis,1.143002213954178,0
fedavg-mnist-dirichlet-a01-20-20261004,20,3,conv2,mean,5.599593708736926e-05,0
fedavg-mnist-dirichlet-a01-20-20261004,20,3,conv2,std,0.0002793264352598853,0
fedavg-mnist-dirichlet-a01-20-20261004,20,3,conv2,median,1.0814517736434937e-05,0
fedavg-mnist-dirichlet-a01-20-20261004,20,3,conv2,min,-0.0014457842335104942,0
fedavg-mnist-dirichlet-a01-20-20261004,20,3,conv2,max,0.0021404922008514404,0
fedavg-mnist-dirichlet-a01-20-20261004,20,3,conv2,l1,0.7055747202048224,0
fedavg-mnist-dirichlet-a01-20-20261004,20,3,conv2,l2,0.019405587936481956,0
fedavg-mnist-dirichlet-a01-20-20261004,20,3,conv2,max_abs,0.0021404922008514404,0
fedavg-mnist-dirichlet-a01-20-20261004,20,3,conv2,sparsity,0.0,0
fedavg-mnist-dirichlet-a01-20-20261004,20,3,conv2,skewness,1.5645301314041498,0
fedavg-mnist-dirichlet-a01-20-20261004,20,3,conv2,kurtosis,10.38778414198459,0
fedavg-mnist-dirichlet-a01-20-20261004,20,3,fc1,mean,1.4088067110506286e-05,0
fedavg-mnist-dirichlet-a01-20-20261004,20,3,fc1,std,0.00037255650688982315,0
fedavg-mnist-dirichlet-a01-20-20261004,20,3,fc1,median,0.0,0
fedavg-mnist-dirichlet-a01-20-20261004,20,3,fc1,min,-0.005015697330236435,0
fedavg-mnist-dirichlet-a01-20-20261004,20,3,fc1,max,0.006581880152225494,0
fedavg-mnist-dirichlet-a01-20-20261004,20,3,fc1,l1,17.024824259897287,0
fedavg-mnist-dirichlet-a01-20-20261004,20,3,fc1,l2,0.1181418855658797,0
fedavg-mnist-dirichlet-a01-20-20261004,20,3,fc1,max_abs,0.006581880152225494,0
fedavg-mnist-dirichlet-a01-20-20261004,20,3,fc1,sparsity,0.04646669853409815,0
fedavg-mnist-dirichlet-a01-20-20261004,20,3,fc1,skewness,1.0219211170305758,0
fedavg-mnist-dirichlet-a01-20-20261004,20,3,fc1,kurtosis,31.12360267139303,0
fedavg-mnist-dirichlet-a01-20-20261004,20,3,output,mean,3.1790337883509123e-10,0
fedavg-mnist-dirichlet-a01-20-20261004,20,3,output,std,0.002098543322100456,0
fedavg-mnist-dirichlet-a01-20-20261004,20,3,output,median,-0.00013505015522241592,0
fedavg-mnist-dirichlet-a01-20-20261004,20,3,output,min,-0.005078032612800598,0
fedavg-mnist-dirichlet-a01-20-20261004,20,3,output,max,0.00871245563030243,0
fedavg-mnist-dirichlet-a01-20-20261004,20,3,output,l1,1.0433979943627492,0
fedavg-mnist-dirichlet-a01-20-20261004,20,3,output,l2,0.05350256674755089,0
fedavg-mnist-dirichlet-a01-20-20261004,20,3,output,max_abs,0.00871245563030243,0
fedavg-mnist-dirichlet-a01-20-20261004,20,3,output,sparsity,0.03230769230769231,0
fedavg-mnist-dirichlet-a01-20-20261004,20,3,output,skewness,0.5842146383332584,0
fedavg-mnist-dirichlet-a01-20-20261004,20,3,output,kurtosis,0.4982508429974404,0
fedavg-mnist-dirichlet-a01-20-20261004,20,4,conv1,mean,0.00020569957268889993,0
fedavg-mnist-dirichlet-a01-20-20261004,20,4,conv1,std,0.0005558339169421401,0
fedavg-mnist-dirichlet-a01-20-20261004,20,4,conv1,median,5.048513412475586e-05,0
fedavg-mnist-dirichlet-a01-20-20261004,20,4,conv1,min,-0.0015725195407867432,0
fedavg-mnist-dirichlet-a01-20-20261004,20,4,conv1,max,0.0020818114280700684,0
fedavg-mnist-dirichlet-a01-20-20261004,20,4,conv1,l1,0.06170910084620118,0
fedavg-mnist-dirichlet-a01-20-20261004,20,4,conv1,l2,0.007496811668197494,0
fedavg-mnist-dirichlet-a01-20-20261004,20,4,conv1,max_abs,0.0020818114280700684,0
fedavg-mnist-dirichlet-a01-20-20261004,20,4,conv1,sparsity,0.0,0
fedavg-mnist-dirichlet-a01-20-20261004,20,4,conv1,skewness,0.964450523806191,0
fedavg-mnist-dirichlet-a01-20-20261004,20,4,conv1,kurtosis,1.7582138850865299,0
fedavg-mnist-dirichlet-a01-20-20261004,20,4,conv2,mean,-5.88425357583564e-05,0
fedavg-mnist-dirichlet-a01-20-20261004,20,4,conv2,std,0.0003449567561717975,0
fedavg-mnist-dirichlet-a01-20-20261004,20,4,conv2,median,-1.6557052731513977e-05,0
fedavg-mnist-dirichlet-a01-20-20261004,20,4,conv2,min,-0.0034068706445395947,0
fedavg-mnist-dirichlet-a01-20-20261004,20,4,conv2,max,0.002048574388027191,0
fedavg-mnist-dirichlet-a01-20-20261004,20,4,conv2,l1,0.9257573295981274,0
fedavg-mnist-dirichlet-a01-20-20261004,20,4,conv2,l2,0.023837015322051472,0
fedavg-mnist-dirichlet-a01-20-20261004,20,4,conv2,max_abs,0.0034068706445395947,0
fedavg-mnist-dirichlet-a01-20-20261004,20,4,conv2,sparsity,0.0,0
fedavg-mnist-dirichlet-a01-20-20261004,20,4,conv2,skewness,-1.3819272288612696,0
fedavg-mnist-dirichlet-a01-20-20261004,20,4,conv2,kurtosis,12.28211624705571,0
fedavg-mnist-dirichlet-a01-20-20261004,20,4,fc1,mean,-4.420226348526121e-05,0
fedavg-mnist-dirichlet-a01-20-20261004,20,4,fc1,std,0.0004203678066307336,0
fedavg-mnist-dirichlet-a01-20-20261004,20,4,fc1,median,-1.3248063623905182e-06,0
fedavg-mnist-dirichlet-a01-20-20261004,20,4,fc1,min,-0.006392769515514374,0
fedavg-mnist-dirichlet-a01-20-20261004,20,4,fc1,max,0.008119441568851471,0
fedavg-mnist-dirichlet-a01-20-20261004,20,4,fc1,l1,18.931641764847484,0
fedavg-mnist-dirichlet-a01-20-20261004,20,4,fc1,l2,0.13394258872734285,0
fedavg-mnist-dirichlet-a01-20-20261004,20,4,fc1,max_abs,0.008119441568851471,0
fedavg-mnist-dirichlet-a01-20-20261004,20,4,fc1,sparsity,0.09007528680688337,0
fedavg-mnist-dirichlet-a01-20-20261004,20,4,fc1,skewness,-1.603512866803682,0
fedavg-mnist-dirichlet-a01-20-20261004,20,4,fc1,kurtosis,36.273051565710055,0
fedavg-mnist-dirichlet-a01-20-20261004,20,4,output,mean,1.1372881440015939e-10,0
fedavg-mnist-dirichlet-a01-20-20261004,20,4,output,std,0.0027799812678202893,0
fedavg-mnist-dirichlet-a01-20-20261004,20,4,output,median,-0.0005001910030841827,0
fedavg-mnist-dirichlet-a01-20-20261004,20,4,output,min,-0.008773956447839737,0
fedavg-mnist-dirichlet-a01-20-20261004,20,4,output,max,0.015021637082099915,0
fedavg-mnist-dirichlet-a01-20-20261004,20,4,output,l1,1.251810856279917,0
fedavg-mnist-dirichlet-a01-20-20261004,20,4,output,l2,0.07087589366019038,0
fedavg-mnist-dirichlet-a01-20-20261004,20,4,output,max_abs,0.015021637082099915,0
fedavg-mnist-dirichlet-a01-20-20261004,20,4,output,sparsity,0.07692307692307693,0
fedavg-mnist-dirichlet-a01-20-20261004,20,4,output,skewness,1.5357238989723618,0
fedavg-mnist-dirichlet-a01-20-20261004,20,4,output,kurtosis,4.287315841267741,0
