experiment_id,round,client_id,layer_name,feature_name,feature_value,ground_truth
lsa-multi-krum-late20-seed42-20261004,1,0,conv1,mean,4.151941757299937e-05,0
lsa-multi-krum-late20-seed42-20261004,1,0,conv1,std,0.00027914022261447166,0
lsa-multi-krum-late20-seed42-20261004,1,0,conv1,median,4.201754927635193e-05,0
lsa-multi-krum-late20-seed42-20261004,1,0,conv1,min,-0.0008986219763755798,0
lsa-multi-krum-late20-seed42-20261004,1,0,conv1,max,0.0006838142871856689,0
lsa-multi-krum-late20-seed42-20261004,1,0,conv1,l1,0.0360428603598848,0
lsa-multi-krum-late20-seed42-20261004,1,0,conv1,l2,0.003569719897512585,0
lsa-multi-krum-late20-seed42-20261004,1,0,conv1,max_abs,0.0008986219763755798,0
lsa-multi-krum-late20-seed42-20261004,1,0,conv1,sparsity,0.0,0
lsa-multi-krum-late20-seed42-20261004,1,0,conv1,skewness,-0.23052493097823007,0
lsa-multi-krum-late20-seed42-20261004,1,0,conv1,kurtosis,0.02722703391171155,0
lsa-multi-krum-late20-seed42-20261004,1,0,conv2,mean,-1.3647540874350445e-05,0
lsa-multi-krum-late20-seed42-20261004,1,0,conv2,std,0.0002643862209839288,0
lsa-multi-krum-late20-seed42-20261004,1,0,conv2,median,-3.3295946195721626e-06,0
lsa-multi-krum-late20-seed42-20261004,1,0,conv2,min,-0.0018937662243843079,0
lsa-multi-krum-late20-seed42-20261004,1,0,conv2,max,0.001486453227698803,0
lsa-multi-krum-late20-seed42-20261004,1,0,conv2,l1,0.7745902568822203,0
lsa-multi-krum-late20-seed42-20261004,1,0,conv2,l2,0.018033318262923512,0
lsa-multi-krum-late20-seed42-20261004,1,0,conv2,max_abs,0.0018937662243843079,0
lsa-multi-krum-late20-seed42-20261004,1,0,conv2,sparsity,0.0,0
lsa-multi-krum-late20-seed42-20261004,1,0,conv2,skewness,-0.057841841301949706,0
lsa-multi-krum-late20-seed42-20261004,1,0,conv2,kurtosis,6.19883485982222,0
lsa-multi-krum-late20-seed42-20261004,1,0,fc1,mean,7.213677504298892e-07,0
lsa-multi-krum-late20-seed42-20261004,1,0,fc1,std,0.00021164001470348154,0
lsa-multi-krum-late20-seed42-20261004,1,0,fc1,median,0.0,0
lsa-multi-krum-late20-seed42-20261004,1,0,fc1,min,-0.0033375322818756104,0
lsa-multi-krum-late20-seed42-20261004,1,0,fc1,max,0.003186635673046112,0
lsa-multi-krum-late20-seed42-20261004,1,0,fc1,l1,10.554920883585055,0
lsa-multi-krum-late20-seed42-20261004,1,0,fc1,l2,0.0670659011588549,0
lsa-multi-krum-late20-seed42-20261004,1,0,fc1,max_abs,0.0033375322818756104,0
lsa-multi-krum-late20-seed42-20261004,1,0,fc1,sparsity,0.07050669216061185,0
lsa-multi-krum-late20-seed42-20261004,1,0,fc1,skewness,-0.04178242982455223,0
lsa-multi-krum-late20-seed42-20261004,1,0,fc1,kurtosis,23.609287214253502,0
lsa-multi-krum-late20-seed42-20261004,1,0,output,mean,-1.1372881440015939e-10,0
lsa-multi-krum-late20-seed42-20261004,1,0,output,std,0.0005533890100076923,0
lsa-multi-krum-late20-seed42-20261004,1,0,output,median,-1.4808028936386108e-05,0
lsa-multi-krum-late20-seed42-20261004,1,0,output,min,-0.004226048476994038,0
lsa-multi-krum-late20-seed42-20261004,1,0,output,max,0.002539863809943199,0
lsa-multi-krum-late20-seed42-20261004,1,0,output,l1,0.2203636891208589,0
lsa-multi-krum-late20-seed42-20261004,1,0,output,l2,0.014108706803185378,0
lsa-multi-krum-late20-seed42-20261004,1,0,output,max_abs,0.004226048476994038,0
lsa-multi-krum-late20-seed42-20261004,1,0,output,sparsity,0.015384615384615385,0
lsa-multi-krum-late20-seed42-20261004,1,0,output,skewness,-0.33203336684522716,0
lsa-multi-krum-late20-seed42-20261004,1,0,output,kurtosis,9.8709137320078,0
lsa-multi-krum-late20-seed42-20261004,1,1,conv1,mean,-8.055896614678204e-07,0
lsa-multi-krum-late20-seed42-20261004,1,1,conv1,std,0.0002949839723382335,0
lsa-multi-krum-late20-seed42-20261004,1,1,conv1,median,-5.334615707397461e-06,0
lsa-multi-krum-late20-seed42-20261004,1,1,conv1,min,-0.001190289855003357,0
lsa-multi-krum-late20-seed42-20261004,1,1,conv1,max,0.0006835758686065674,0
lsa-multi-krum-late20-seed42-20261004,1,1,conv1,l1,0.03509795921854675,0
lsa-multi-krum-late20-seed42-20261004,1,1,conv1,l2,0.003731298817541074,0
lsa-multi-krum-late20-seed42-20261004,1,1,conv1,max_abs,0.001190289855003357,0
lsa-multi-krum-late20-seed42-20261004,1,1,conv1,sparsity,0.0,0
lsa-multi-krum-late20-seed42-20261004,1,1,conv1,skewness,-0.45513940150364596,0
lsa-multi-krum-late20-seed42-20261004,1,1,conv1,kurtosis,1.1292712018373416,0
lsa-multi-krum-late20-seed42-20261004,1,1,conv2,mean,-2.7316334545495355e-05,0
lsa-multi-krum-late20-seed42-20261004,1,1,conv2,std,0.0002730370276184307,0
lsa-multi-krum-late20-seed42-20261004,1,1,conv2,median,-7.764436304569244e-06,0
lsa-multi-krum-late20-seed42-20261004,1,1,conv2,min,-0.001914922147989273,0
lsa-multi-krum-late20-seed42-20261004,1,1,conv2,max,0.0013894103467464447,0
lsa-multi-krum-late20-seed42-20261004,1,1,conv2,l1,0.790629804197124,0
lsa-multi-krum-late20-seed42-20261004,1,1,conv2,l2,0.01869145951252631,0
lsa-multi-krum-late20-seed42-20261004,1,1,conv2,max_abs,0.001914922147989273,0
lsa-multi-krum-late20-seed42-20261004,1,1,conv2,sparsity,0.0010775862068965517,0
lsa-multi-krum-late20-seed42-20261004,1,1,conv2,skewness,-0.7423884196329884,0
lsa-multi-krum-late20-seed42-20261004,1,1,conv2,kurtosis,6.933389853563689,0
lsa-multi-krum-late20-seed42-20261004,1,1,fc1,mean,-1.585303208761331e-05,0
lsa-multi-krum-late20-seed42-20261004,1,1,fc1,std,0.00020182494031405245,0
lsa-multi-krum-late20-seed42-20261004,1,1,fc1,median,-3.3527612686157227e-08,0
lsa-multi-krum-late20-seed42-20261004,1,1,fc1,min,-0.00328721571713686,0
lsa-multi-krum-late20-seed42-20261004,1,1,fc1,max,0.00281609408557415,0
lsa-multi-krum-late20-seed42-20261004,1,1,fc1,l1,10.372035141087622,0
lsa-multi-krum-late20-seed42-20261004,1,1,fc1,l2,0.06415225732568088,0
lsa-multi-krum-late20-seed42-20261004,1,1,fc1,max_abs,0.00328721571713686,0
lsa-multi-krum-late20-seed42-20261004,1,1,fc1,sparsity,0.07188097514340344,0
lsa-multi-krum-late20-seed42-20261004,1,1,fc1,skewness,-0.6179254011299808,0
lsa-multi-krum-late20-seed42-20261004,1,1,fc1,kurtosis,22.061189105155403,0
lsa-multi-krum-late20-seed42-20261004,1,1,output,mean,-4.696910484479024e-11,0
lsa-multi-krum-late20-seed42-20261004,1,1,output,std,0.0005855359837015951,0
lsa-multi-krum-late20-seed42-20261004,1,1,output,median,-1.9069761037826538e-05,0
lsa-multi-krum-late20-seed42-20261004,1,1,output,min,-0.004067808389663696,0
lsa-multi-krum-late20-seed42-20261004,1,1,output,max,0.003130272962152958,0
lsa-multi-krum-late20-seed42-20261004,1,1,output,l1,0.2213062328810338,0
lsa-multi-krum-late20-seed42-20261004,1,1,output,l2,0.014928297034025949,0
lsa-multi-krum-late20-seed42-20261004,1,1,output,max_abs,0.004067808389663696,0
lsa-multi-krum-late20-seed42-20261004,1,1,output,sparsity,0.015384615384615385,0
lsa-multi-krum-late20-seed42-20261004,1,1,output,skewness,0.7994850988575968,0
lsa-multi-krum-late20-seed42-20261004,1,1,output,kurtosis,10.037406730674155,0
lsa-multi-krum-late20-seed42-20261004,1,2,conv1,mean,2.3818090267013758e-05,0
lsa-multi-krum-late20-seed42-20261004,1,2,conv1,std,0.00031637021673088016,0
lsa-multi-krum-late20-seed42-20261004,1,2,conv1,median,2.1502375602722168e-05,0
lsa-multi-krum-late20-seed42-20261004,1,2,conv1,min,-0.0007715299725532532,0
lsa-multi-krum-late20-seed42-20261004,1,2,conv1,max,0.0009686648845672607,0
lsa-multi-krum-late20-seed42-20261004,1,2,conv1,l1,0.038662457605823874,0
lsa-multi-krum-late20-seed42-20261004,1,2,conv1,l2,0.004013126770154398,0
lsa-multi-krum-late20-seed42-20261004,1,2,conv1,max_abs,0.0009686648845672607,0
lsa-multi-krum-late20-seed42-20261004,1,2,conv1,sparsity,0.0,0
lsa-multi-krum-late20-seed42-20261004,1,2,conv1,skewness,0.06228515505590396,0
lsa-multi-krum-late20-seed42-20261004,1,2,conv1,kurtosis,0.7231752746903295,0
lsa-multi-krum-late20-seed42-20261004,1,2,conv2,mean,-1.7638969481187562e-05,0
lsa-multi-krum-late20-seed42-20261004,1,2,conv2,std,0.0002542640454454004,0
lsa-multi-krum-late20-seed42-20261004,1,2,conv2,median,-3.5017728805541992e-06,0
lsa-multi-krum-late20-seed42-20261004,1,2,conv2,min,-0.0018912442028522491,0
lsa-multi-krum-late20-seed42-20261004,1,2,conv2,max,0.0013666749000549316,0
lsa-multi-krum-late20-seed42-20261004,1,2,conv2,l1,0.7266025004209951,0
lsa-multi-krum-late20-seed42-20261004,1,2,conv2,l2,0.017361469078245415,0
lsa-multi-krum-late20-seed42-20261004,1,2,conv2,max_abs,0.0018912442028522491,0
lsa-multi-krum-late20-seed42-20261004,1,2,conv2,sparsity,0.0,0
lsa-multi-krum-late20-seed42-20261004,1,2,conv2,skewness,-0.5527870332222491,0
lsa-multi-krum-late20-seed42-20261004,1,2,conv2,kurtosis,7.641638071916576,0
lsa-multi-krum-late20-seed42-20261004,1,2,fc1,mean,-9.868122902346945e-06,0
lsa-multi-krum-late20-seed42-20261004,1,2,fc1,std,0.00020348810536794827,0
lsa-multi-krum-late20-seed42-20261004,1,2,fc1,median,0.0,0
lsa-multi-krum-late20-seed42-20261004,1,2,fc1,min,-0.003322632983326912,0
lsa-multi-krum-late20-seed42-20261004,1,2,fc1,max,0.002904338762164116,0
lsa-multi-krum-late20-seed42-20261004,1,2,fc1,l1,10.128629579973222,0
lsa-multi-krum-late20-seed42-20261004,1,2,fc1,l2,0.06455807369924894,0
lsa-multi-krum-late20-seed42-20261004,1,2,fc1,max_abs,0.003322632983326912,0
lsa-multi-krum-late20-seed42-20261004,1,2,fc1,sparsity,0.07152246653919694,0
lsa-multi-krum-late20-seed42-20261004,1,2,fc1,skewness,-0.4204363838188252,0
lsa-multi-krum-late20-seed42-20261004,1,2,fc1,kurtosis,24.17955154333067,0
lsa-multi-krum-late20-seed42-20261004,1,2,output,mean,2.3224856704473497e-10,0
lsa-multi-krum-late20-seed42-20261004,1,2,output,std,0.0005247936438559501,0
lsa-multi-krum-late20-seed42-20261004,1,2,output,median,-8.955597877502441e-06,0
lsa-multi-krum-late20-seed42-20261004,1,2,output,min,-0.0034222789108753204,0
lsa-multi-krum-late20-seed42-20261004,1,2,output,max,0.0032806023955345154,0
lsa-multi-krum-late20-seed42-20261004,1,2,output,l1,0.20497157881618477,0
lsa-multi-krum-late20-seed42-20261004,1,2,output,l2,0.013379665153156067,0
lsa-multi-krum-late20-seed42-20261004,1,2,output,max_abs,0.0034222789108753204,0
lsa-multi-krum-late20-seed42-20261004,1,2,output,sparsity,0.015384615384615385,0
lsa-multi-krum-late20-seed42-20261004,1,2,output,skewness,0.9196533977163629,0
lsa-multi-krum-late20-seed42-20261004,1,2,output,kurtosis,9.339100983451917,0
lsa-multi-krum-late20-seed42-20261004,1,3,conv1,mean,2.425586062599905e-05,0
lsa-multi-krum-late20-seed42-20261004,1,3,conv1,std,0.00035180680790366646,0
lsa-multi-krum-late20-seed42-20261004,1,3,conv1,median,2.218782901763916e-05,0
lsa-multi-krum-late20-seed42-20261004,1,3,conv1,min,-0.0011418238282203674,0
lsa-multi-krum-late20-seed42-20261004,1,3,conv1,max,0.001037880778312683,0
lsa-multi-krum-late20-seed42-20261004,1,3,conv1,l1,0.04323259100783616,0
lsa-multi-krum-late20-seed42-20261004,1,3,conv1,l2,0.004460607615329107,0
lsa-multi-krum-late20-seed42-20261004,1,3,conv1,max_abs,0.0011418238282203674,0
lsa-multi-krum-late20-seed42-20261004,1,3,conv1,sparsity,0.0,0
lsa-multi-krum-late20-seed42-20261004,1,3,conv1,skewness,-0.16707594830375036,0
lsa-multi-krum-late20-seed42-20261004,1,3,conv1,kurtosis,0.6790252888538157,0
lsa-multi-krum-late20-seed42-20261004,1,3,conv2,mean,-3.119772510876044e-06,0
lsa-multi-krum-late20-seed42-20261004,1,3,conv2,std,0.00028521172289894926,0
lsa-multi-krum-late20-seed42-20261004,1,3,conv2,median,1.3150274753570557e-06,0
lsa-multi-krum-late20-seed42-20261004,1,3,conv2,min,-0.002059768885374069,0
lsa-multi-krum-late20-seed42-20261004,1,3,conv2,max,0.0016230624169111252,0
lsa-multi-krum-late20-seed42-20261004,1,3,conv2,l1,0.8138502521760529,0
lsa-multi-krum-late20-seed42-20261004,1,3,conv2,l2,0.019429084737787077,0
lsa-multi-krum-late20-seed42-20261004,1,3,conv2,max_abs,0.002059768885374069,0
lsa-multi-krum-late20-seed42-20261004,1,3,conv2,sparsity,0.0004310344827586207,0
lsa-multi-krum-late20-seed42-20261004,1,3,conv2,skewness,-0.3373083727580279,0
lsa-multi-krum-late20-seed42-20261004,1,3,conv2,kurtosis,6.739710429099587,0
lsa-multi-krum-late20-seed42-20261004,1,3,fc1,mean,-1.0702770929699685e-05,0
lsa-multi-krum-late20-seed42-20261004,1,3,fc1,std,0.00022547220846059267,0
lsa-multi-krum-late20-seed42-20261004,1,3,fc1,median,0.0,0
lsa-multi-krum-late20-seed42-20261004,1,3,fc1,min,-0.004460759460926056,0
lsa-multi-krum-late20-seed42-20261004,1,3,fc1,max,0.003436736762523651,0
lsa-multi-krum-late20-seed42-20261004,1,3,fc1,l1,11.172941725238445,0
lsa-multi-krum-late20-seed42-20261004,1,3,fc1,l2,0.07152917413239178,0
lsa-multi-krum-late20-seed42-20261004,1,3,fc1,max_abs,0.004460759460926056,0
lsa-multi-krum-late20-seed42-20261004,1,3,fc1,sparsity,0.06973988209050351,0
lsa-multi-krum-late20-seed42-20261004,1,3,fc1,skewness,-0.7127050578813999,0
lsa-multi-krum-late20-seed42-20261004,1,3,fc1,kurtosis,27.747097781114462,0
lsa-multi-krum-late20-seed42-20261004,1,3,output,mean,-5.587935447692871e-11,0
lsa-multi-krum-late20-seed42-20261004,1,3,output,std,0.0006376014151706946,0
lsa-multi-krum-late20-seed42-20261004,1,3,output,median,-1.54152512550354e-05,0
lsa-multi-krum-late20-seed42-20261004,1,3,output,min,-0.0044699907302856445,0
lsa-multi-krum-late20-seed42-20261004,1,3,output,max,0.004620589315891266,0
lsa-multi-krum-late20-seed42-20261004,1,3,output,l1,0.23771252087317407,0
lsa-multi-krum-late20-seed42-20261004,1,3,output,l2,0.016255710289248795,0
lsa-multi-krum-late20-seed42-20261004,1,3,output,max_abs,0.004620589315891266,0
lsa-multi-krum-late20-seed42-20261004,1,3,output,sparsity,0.015384615384615385,0
lsa-multi-krum-late20-seed42-20261004,1,3,output,skewness,1.0724898932118978,0
lsa-multi-krum-late20-seed42-20261004,1,3,output,kurtosis,13.901468599178322,0
lsa-multi-krum-late20-seed42-20261004,1,4,conv1,mean,4.1149296885123475e-05,0
lsa-multi-krum-late20-seed42-20261004,1,4,conv1,std,0.0003216528865647625,0
lsa-multi-krum-late20-seed42-20261004,1,4,conv1,median,2.7254223823547363e-05,0
lsa-multi-krum-late20-seed42-20261004,1,4,conv1,min,-0.0009411126375198364,0
lsa-multi-krum-late20-seed42-20261004,1,4,conv1,max,0.0007703900337219238,0
lsa-multi-krum-late20-seed42-20261004,1,4,conv1,l1,0.040983368060551584,0
lsa-multi-krum-late20-seed42-20261004,1,4,conv1,l2,0.004101781936077713,0
lsa-multi-krum-late20-seed42-20261004,1,4,conv1,max_abs,0.0009411126375198364,0
lsa-multi-krum-late20-seed42-20261004,1,4,conv1,sparsity,0.0,0
lsa-multi-krum-late20-seed42-20261004,1,4,conv1,skewness,-0.3362194321979605,0
lsa-multi-krum-late20-seed42-20261004,1,4,conv1,kurtosis,-0.1272080246794185,0
lsa-multi-krum-late20-seed42-20261004,1,4,conv2,mean,-3.0127175327167824e-05,0
lsa-multi-krum-late20-seed42-20261004,1,4,conv2,std,0.00027884118608908473,0
lsa-multi-krum-late20-seed42-20261004,1,4,conv2,median,-6.757676601409912e-06,0
lsa-multi-krum-late20-seed42-20261004,1,4,conv2,min,-0.0016993694007396698,0
lsa-multi-krum-late20-seed42-20261004,1,4,conv2,max,0.0016294419765472412,0
lsa-multi-krum-late20-seed42-20261004,1,4,conv2,l1,0.8147833389293737,0
lsa-multi-krum-late20-seed42-20261004,1,4,conv2,l2,0.01910451908352611,0
lsa-multi-krum-late20-seed42-20261004,1,4,conv2,max_abs,0.0016993694007396698,0
lsa-multi-krum-late20-seed42-20261004,1,4,conv2,sparsity,0.00021551724137931034,0
lsa-multi-krum-late20-seed42-20261004,1,4,conv2,skewness,-0.5180403870435583,0
lsa-multi-krum-late20-seed42-20261004,1,4,conv2,kurtosis,4.8977957484207995,0
lsa-multi-krum-late20-seed42-20261004,1,4,fc1,mean,-1.4939423251076193e-05,0
lsa-multi-krum-late20-seed42-20261004,1,4,fc1,std,0.00021938232239003338,0
lsa-multi-krum-late20-seed42-20261004,1,4,fc1,median,0.0,0
lsa-multi-krum-late20-seed42-20261004,1,4,fc1,min,-0.004616023972630501,0
lsa-multi-krum-late20-seed42-20261004,1,4,fc1,max,0.0033089350908994675,0
lsa-multi-krum-late20-seed42-20261004,1,4,fc1,l1,10.878039785283818,0
lsa-multi-krum-late20-seed42-20261004,1,4,fc1,l2,0.06967993483755254,0
lsa-multi-krum-late20-seed42-20261004,1,4,fc1,max_abs,0.004616023972630501,0
lsa-multi-krum-late20-seed42-20261004,1,4,fc1,sparsity,0.06847514340344169,0
lsa-multi-krum-late20-seed42-20261004,1,4,fc1,skewness,-0.7368360102072176,0
lsa-multi-krum-late20-seed42-20261004,1,4,fc1,kurtosis,26.449595295491726,0
lsa-multi-krum-late20-seed42-20261004,1,4,output,mean,-6.013299123598979e-11,0
lsa-multi-krum-late20-seed42-20261004,1,4,output,std,0.0006654675201176899,0
lsa-multi-krum-late20-seed42-20261004,1,4,output,median,-1.5556812286376953e-05,0
lsa-multi-krum-late20-seed42-20261004,1,4,output,min,-0.0047114938497543335,0
lsa-multi-krum-late20-seed42-20261004,1,4,output,max,0.006074748933315277,0
lsa-multi-krum-late20-seed42-20261004,1,4,output,l1,0.24233111130888574,0
lsa-multi-krum-late20-seed42-20261004,1,4,output,l2,0.016966159353711572,0
lsa-multi-krum-late20-seed42-20261004,1,4,output,max_abs,0.006074748933315277,0
lsa-multi-krum-late20-seed42-20261004,1,4,output,sparsity,0.015384615384615385,0
lsa-multi-krum-late20-seed42-20261004,1,4,output,skewness,1.2134714642949742,0
lsa-multi-krum-late20-seed42-20261004,1,4,output,kurtosis,19.051727729935045,0
lsa-multi-krum-late20-seed42-20261004,2,0,conv1,mean,0.00024860300836735403,0
lsa-multi-krum-late20-seed42-20261004,2,0,conv1,std,0.0005347206255788093,0
lsa-multi-krum-late20-seed42-20261004,2,0,conv1,median,9.289383888244629e-05,0
lsa-multi-krum-late20-seed42-20261004,2,0,conv1,min,-0.0006046444177627563,0
lsa-multi-krum-late20-seed42-20261004,2,0,conv1,max,0.001993924379348755,0
lsa-multi-krum-late20-seed42-20261004,2,0,conv1,l1,0.064411616534926,0
lsa-multi-krum-late20-seed42-20261004,2,0,conv1,l2,0.007459003721020033,0
lsa-multi-krum-late20-seed42-20261004,2,0,conv1,max_abs,0.001993924379348755,0
lsa-multi-krum-late20-seed42-20261004,2,0,conv1,sparsity,0.0,0
lsa-multi-krum-late20-seed42-20261004,2,0,conv1,skewness,1.1125192412628122,0
lsa-multi-krum-late20-seed42-20261004,2,0,conv1,kurtosis,0.8429867320701372,0
lsa-multi-krum-late20-seed42-20261004,2,0,conv2,mean,7.249948002936435e-05,0
lsa-multi-krum-late20-seed42-20261004,2,0,conv2,std,0.0003254945044547761,0
lsa-multi-krum-late20-seed42-20261004,2,0,conv2,median,1.7917249351739883e-05,0
lsa-multi-krum-late20-seed42-20261004,2,0,conv2,min,-0.002199135720729828,0
lsa-multi-krum-late20-seed42-20261004,2,0,conv2,max,0.0025914981961250305,0
lsa-multi-krum-late20-seed42-20261004,2,0,conv2,l1,0.8888952412671642,0
lsa-multi-krum-late20-seed42-20261004,2,0,conv2,l2,0.022715219792936597,0
lsa-multi-krum-late20-seed42-20261004,2,0,conv2,max_abs,0.0025914981961250305,0
lsa-multi-krum-late20-seed42-20261004,2,0,conv2,sparsity,0.00021551724137931034,0
lsa-multi-krum-late20-seed42-20261004,2,0,conv2,skewness,1.5493236822239855,0
lsa-multi-krum-late20-seed42-20261004,2,0,conv2,kurtosis,10.622253657665146,0
lsa-multi-krum-late20-seed42-20261004,2,0,fc1,mean,1.6934454441416654e-05,0
lsa-multi-krum-late20-seed42-20261004,2,0,fc1,std,0.00021087655102867576,0
lsa-multi-krum-late20-seed42-20261004,2,0,fc1,median,0.0,0
lsa-multi-krum-late20-seed42-20261004,2,0,fc1,min,-0.0033466266468167305,0
lsa-multi-krum-late20-seed42-20261004,2,0,fc1,max,0.0036937054246664047,0
lsa-multi-krum-late20-seed42-20261004,2,0,fc1,l1,10.261002106799879,0
lsa-multi-krum-late20-seed42-20261004,2,0,fc1,l2,0.06703870465212271,0
lsa-multi-krum-late20-seed42-20261004,2,0,fc1,max_abs,0.0036937054246664047,0
lsa-multi-krum-late20-seed42-20261004,2,0,fc1,sparsity,0.0730361695347355,0
lsa-multi-krum-late20-seed42-20261004,2,0,fc1,skewness,1.2515992239752236,0
lsa-multi-krum-late20-seed42-20261004,2,0,fc1,kurtosis,25.825086756845298,0
lsa-multi-krum-late20-seed42-20261004,2,0,output,mean,-2.014880570081564e-11,0
lsa-multi-krum-late20-seed42-20261004,2,0,output,std,0.0005710130388933477,0
lsa-multi-krum-late20-seed42-20261004,2,0,output,median,-9.24849882721901e-06,0
lsa-multi-krum-late20-seed42-20261004,2,0,output,min,-0.003416375257074833,0
lsa-multi-krum-late20-seed42-20261004,2,0,output,max,0.002459786832332611,0
lsa-multi-krum-late20-seed42-20261004,2,0,output,l1,0.23651352553861216,0
lsa-multi-krum-late20-seed42-20261004,2,0,output,l2,0.014558033139165488,0
lsa-multi-krum-late20-seed42-20261004,2,0,output,max_abs,0.003416375257074833,0
lsa-multi-krum-late20-seed42-20261004,2,0,output,sparsity,0.015384615384615385,0
lsa-multi-krum-late20-seed42-20261004,2,0,output,skewness,0.04071559820751997,0
lsa-multi-krum-late20-seed42-20261004,2,0,output,kurtosis,5.273028907291925,0
lsa-multi-krum-late20-seed42-20261004,2,1,conv1,mean,0.00020918753652949819,0
lsa-multi-krum-late20-seed42-20261004,2,1,conv1,std,0.0004792894552340758,0
lsa-multi-krum-late20-seed42-20261004,2,1,conv1,median,7.872097194194794e-05,0
lsa-multi-krum-late20-seed42-20261004,2,1,conv1,min,-0.0006812810897827148,0
lsa-multi-krum-late20-seed42-20261004,2,1,conv1,max,0.0016974210739135742,0
lsa-multi-krum-late20-seed42-20261004,2,1,conv1,l1,0.05869786359835416,0
lsa-multi-krum-late20-seed42-20261004,2,1,conv1,l2,0.0066148657714315846,0
lsa-multi-krum-late20-seed42-20261004,2,1,conv1,max_abs,0.0016974210739135742,0
lsa-multi-krum-late20-seed42-20261004,2,1,conv1,sparsity,0.0,0
lsa-multi-krum-late20-seed42-20261004,2,1,conv1,skewness,0.8906734689004112,0
lsa-multi-krum-late20-seed42-20261004,2,1,conv1,kurtosis,0.6276991465631232,0
lsa-multi-krum-late20-seed42-20261004,2,1,conv2,mean,5.740700458451603e-05,0
lsa-multi-krum-late20-seed42-20261004,2,1,conv2,std,0.00029518021976143266,0
lsa-multi-krum-late20-seed42-20261004,2,1,conv2,median,1.6676262021064758e-05,0
lsa-multi-krum-late20-seed42-20261004,2,1,conv2,min,-0.001961551606655121,0
lsa-multi-krum-late20-seed42-20261004,2,1,conv2,max,0.0021233782172203064,0
lsa-multi-krum-late20-seed42-20261004,2,1,conv2,l1,0.8161513751565508,0
lsa-multi-krum-late20-seed42-20261004,2,1,conv2,l2,0.02048367491677001,0
lsa-multi-krum-late20-seed42-20261004,2,1,conv2,max_abs,0.0021233782172203064,0
lsa-multi-krum-late20-seed42-20261004,2,1,conv2,sparsity,0.0010775862068965517,0
lsa-multi-krum-late20-seed42-20261004,2,1,conv2,skewness,1.2930032236965592,0
lsa-multi-krum-late20-seed42-20261004,2,1,conv2,kurtosis,9.896767594141798,0
lsa-multi-krum-late20-seed42-20261004,2,1,fc1,mean,7.310199404441278e-06,0
lsa-multi-krum-late20-seed42-20261004,2,1,fc1,std,0.00019847456081032418,0
lsa-multi-krum-late20-seed42-20261004,2,1,fc1,median,0.0,0
lsa-multi-krum-late20-seed42-20261004,2,1,fc1,min,-0.003387225791811943,0
lsa-multi-krum-late20-seed42-20261004,2,1,fc1,max,0.0034372620284557343,0
lsa-multi-krum-late20-seed42-20261004,2,1,fc1,l1,9.850415300368695,0
lsa-multi-krum-late20-seed42-20261004,2,1,fc1,l2,0.0629362248310535,0
lsa-multi-krum-late20-seed42-20261004,2,1,fc1,max_abs,0.0034372620284557343,0
lsa-multi-krum-late20-seed42-20261004,2,1,fc1,sparsity,0.07440049394518802,0
lsa-multi-krum-late20-seed42-20261004,2,1,fc1,skewness,0.7831287157828543,0
lsa-multi-krum-late20-seed42-20261004,2,1,fc1,kurtosis,24.483679674970894,0
lsa-multi-krum-late20-seed42-20261004,2,1,output,mean,-4.47437811929446e-10,0
lsa-multi-krum-late20-seed42-20261004,2,1,output,std,0.0005899397534049431,0
lsa-multi-krum-late20-seed42-20261004,2,1,output,median,-1.1265277862548828e-05,0
lsa-multi-krum-late20-seed42-20261004,2,1,output,min,-0.0037808194756507874,0
lsa-multi-krum-late20-seed42-20261004,2,1,output,max,0.00306282052770257,0
lsa-multi-krum-late20-seed42-20261004,2,1,output,l1,0.23431547687505372,0
lsa-multi-krum-late20-seed42-20261004,2,1,output,l2,0.01504057157228393,0
lsa-multi-krum-late20-seed42-20261004,2,1,output,max_abs,0.0037808194756507874,0
lsa-multi-krum-late20-seed42-20261004,2,1,output,sparsity,0.015384615384615385,0
lsa-multi-krum-late20-seed42-20261004,2,1,output,skewness,0.7875992932382933,0
lsa-multi-krum-late20-seed42-20261004,2,1,output,kurtosis,6.808205457334836,0
lsa-multi-krum-late20-seed42-20261004,2,2,conv1,mean,0.00022706928430125118,0
lsa-multi-krum-late20-seed42-20261004,2,2,conv1,std,0.0005365098098172502,0
lsa-multi-krum-late20-seed42-20261004,2,2,conv1,median,6.815046072006226e-05,0
lsa-multi-krum-late20-seed42-20261004,2,2,conv1,min,-0.000835031270980835,0
lsa-multi-krum-late20-seed42-20261004,2,2,conv1,max,0.0019305050373077393,0
lsa-multi-krum-late20-seed42-20261004,2,2,conv1,l1,0.060807942412793636,0
lsa-multi-krum-late20-seed42-20261004,2,2,conv1,l2,0.007369159907649983,0
lsa-multi-krum-late20-seed42-20261004,2,2,conv1,max_abs,0.0019305050373077393,0
lsa-multi-krum-late20-seed42-20261004,2,2,conv1,sparsity,0.0,0
lsa-multi-krum-late20-seed42-20261004,2,2,conv1,skewness,1.1102072685817104,0
lsa-multi-krum-late20-seed42-20261004,2,2,conv1,kurtosis,0.8155552226747531,0
lsa-multi-krum-late20-seed42-20261004,2,2,conv2,mean,6.271975173211981e-05,0
lsa-multi-krum-late20-seed42-20261004,2,2,conv2,std,0.0003171249658231386,0
lsa-multi-krum-late20-seed42-20261004,2,2,conv2,median,1.290254294872284e-05,0
lsa-multi-krum-late20-seed42-20261004,2,2,conv2,min,-0.002043299376964569,0
lsa-multi-krum-late20-seed42-20261004,2,2,conv2,max,0.0023585930466651917,0
lsa-multi-krum-late20-seed42-20261004,2,2,conv2,l1,0.8328875584993511,0
lsa-multi-krum-late20-seed42-20261004,2,2,conv2,l2,0.02202020281455846,0
lsa-multi-krum-late20-seed42-20261004,2,2,conv2,max_abs,0.0023585930466651917,0
lsa-multi-krum-late20-seed42-20261004,2,2,conv2,sparsity,0.0,0
lsa-multi-krum-late20-seed42-20261004,2,2,conv2,skewness,1.7347926778761533,0
lsa-multi-krum-late20-seed42-20261004,2,2,conv2,kurtosis,12.01558458506978,0
lsa-multi-krum-late20-seed42-20261004,2,2,fc1,mean,1.7728640854379848e-05,0
lsa-multi-krum-late20-seed42-20261004,2,2,fc1,std,0.0002038909694224405,0
lsa-multi-krum-late20-seed42-20261004,2,2,fc1,median,0.0,0
lsa-multi-krum-late20-seed42-20261004,2,2,fc1,min,-0.003399256616830826,0
lsa-multi-krum-late20-seed42-20261004,2,2,fc1,max,0.003628489561378956,0
lsa-multi-krum-late20-seed42-20261004,2,2,fc1,l1,9.975536101092644,0
lsa-multi-krum-late20-seed42-20261004,2,2,fc1,l2,0.06485374097165049,0
lsa-multi-krum-late20-seed42-20261004,2,2,fc1,max_abs,0.003628489561378956,0
lsa-multi-krum-late20-seed42-20261004,2,2,fc1,sparsity,0.07041706500956023,0
lsa-multi-krum-late20-seed42-20261004,2,2,fc1,skewness,1.3624353010521237,0
lsa-multi-krum-late20-seed42-20261004,2,2,fc1,kurtosis,25.42804382619644,0
lsa-multi-krum-late20-seed42-20261004,2,2,output,mean,1.3531042406192192e-10,0
lsa-multi-krum-late20-seed42-20261004,2,2,output,std,0.0005385408354506044,0
lsa-multi-krum-late20-seed42-20261004,2,2,output,median,-6.604124791920185e-06,0
lsa-multi-krum-late20-seed42-20261004,2,2,output,min,-0.003045491874217987,0
lsa-multi-krum-late20-seed42-20261004,2,2,output,max,0.003171449527144432,0
lsa-multi-krum-late20-seed42-20261004,2,2,output,l1,0.21998159732902423,0
lsa-multi-krum-late20-seed42-20261004,2,2,output,l2,0.0137301511441464,0
lsa-multi-krum-late20-seed42-20261004,2,2,output,max_abs,0.003171449527144432,0
lsa-multi-krum-late20-seed42-20261004,2,2,output,sparsity,0.015384615384615385,0
lsa-multi-krum-late20-seed42-20261004,2,2,output,skewness,0.6309268507141336,0
lsa-multi-krum-late20-seed42-20261004,2,2,output,kurtosis,5.451834679654009,0
lsa-multi-krum-late20-seed42-20261004,2,3,conv1,mean,0.000269076568656601,0
lsa-multi-krum-late20-seed42-20261004,2,3,conv1,std,0.0005749998352111465,0
lsa-multi-krum-late20-seed42-20261004,2,3,conv1,median,9.598582983016968e-05,0
lsa-multi-krum-late20-seed42-20261004,2,3,conv1,min,-0.0007044076919555664,0
lsa-multi-krum-late20-seed42-20261004,2,3,conv1,max,0.002075880765914917,0
lsa-multi-krum-late20-seed42-20261004,2,3,conv1,l1,0.06840362260118127,0
lsa-multi-krum-late20-seed42-20261004,2,3,conv1,l2,0.008030213051149827,0
lsa-multi-krum-late20-seed42-20261004,2,3,conv1,max_abs,0.002075880765914917,0
lsa-multi-krum-late20-seed42-20261004,2,3,conv1,sparsity,0.0,0
lsa-multi-krum-late20-seed42-20261004,2,3,conv1,skewness,1.1262423701553506,0
lsa-multi-krum-late20-seed42-20261004,2,3,conv1,kurtosis,0.8649574870888062,0
lsa-multi-krum-late20-seed42-20261004,2,3,conv2,mean,8.263145570457835e-05,0
lsa-multi-krum-late20-seed42-20261004,2,3,conv2,std,0.00033229109116061136,0
lsa-multi-krum-late20-seed42-20261004,2,3,conv2,median,1.964322291314602e-05,0
lsa-multi-krum-late20-seed42-20261004,2,3,conv2,min,-0.0020339656621217728,0
lsa-multi-krum-late20-seed42-20261004,2,3,conv2,max,0.0024014394730329514,0
lsa-multi-krum-late20-seed42-20261004,2,3,conv2,l1,0.8978271516607492,0
lsa-multi-krum-late20-seed42-20261004,2,3,conv2,l2,0.023324200223323262,0
lsa-multi-krum-late20-seed42-20261004,2,3,conv2,max_abs,0.0024014394730329514,0
lsa-multi-krum-late20-seed42-20261004,2,3,conv2,sparsity,0.0004310344827586207,0
lsa-multi-krum-late20-seed42-20261004,2,3,conv2,skewness,1.787618657883588,0
lsa-multi-krum-late20-seed42-20261004,2,3,conv2,kurtosis,9.689454605835834,0
lsa-multi-krum-late20-seed42-20261004,2,3,fc1,mean,1.38376682365906e-05,0
lsa-multi-krum-late20-seed42-20261004,2,3,fc1,std,0.00021353636395321602,0
lsa-multi-krum-late20-seed42-20261004,2,3,fc1,median,0.0,0
lsa-multi-krum-late20-seed42-20261004,2,3,fc1,min,-0.0035539083182811737,0
lsa-multi-krum-late20-seed42-20261004,2,3,fc1,max,0.0038043446838855743,0
lsa-multi-krum-late20-seed42-20261004,2,3,fc1,l1,10.417213413237903,0
lsa-multi-krum-late20-seed42-20261004,2,3,fc1,l2,0.0678083646118408,0
lsa-multi-krum-late20-seed42-20261004,2,3,fc1,max_abs,0.0038043446838855743,0
lsa-multi-krum-late20-seed42-20261004,2,3,fc1,sparsity,0.071960643722116,0
lsa-multi-krum-late20-seed42-20261004,2,3,fc1,skewness,1.1939587140803867,0
lsa-multi-krum-late20-seed42-20261004,2,3,fc1,kurtosis,26.008071195774487,0
lsa-multi-krum-late20-seed42-20261004,2,3,output,mean,-2.2450247063086583e-10,0
lsa-multi-krum-late20-seed42-20261004,2,3,output,std,0.0006359011470567731,0
lsa-multi-krum-late20-seed42-20261004,2,3,output,median,-1.3113021850585938e-05,0
lsa-multi-krum-late20-seed42-20261004,2,3,output,min,-0.003775195684283972,0
lsa-multi-krum-late20-seed42-20261004,2,3,output,max,0.0036703702062368393,0
lsa-multi-krum-late20-seed42-20261004,2,3,output,l1,0.2491146273096092,0
lsa-multi-krum-late20-seed42-20261004,2,3,output,l2,0.016212361787793617,0
lsa-multi-krum-late20-seed42-20261004,2,3,output,max_abs,0.003775195684283972,0
lsa-multi-krum-late20-seed42-20261004,2,3,output,sparsity,0.015384615384615385,0
lsa-multi-krum-late20-seed42-20261004,2,3,output,skewness,0.9156033945731314,0
lsa-multi-krum-late20-seed42-20261004,2,3,output,kurtosis,7.930672460609593,0
lsa-multi-krum-late20-seed42-20261004,2,4,conv1,mean,0.0002581859764177352,0
lsa-multi-krum-late20-seed42-20261004,2,4,conv1,std,0.0005452530581465439,0
lsa-multi-krum-late20-seed42-20261004,2,4,conv1,median,8.752197027206421e-05,0
lsa-multi-krum-late20-seed42-20261004,2,4,conv1,min,-0.0008386224508285522,0
lsa-multi-krum-late20-seed42-20261004,2,4,conv1,max,0.001960285007953644,0
lsa-multi-krum-late20-seed42-20261004,2,4,conv1,l1,0.06226879730820656,0
lsa-multi-krum-late20-seed42-20261004,2,4,conv1,l2,0.007631103677313658,0
lsa-multi-krum-late20-seed42-20261004,2,4,conv1,max_abs,0.001960285007953644,0
lsa-multi-krum-late20-seed42-20261004,2,4,conv1,sparsity,0.00625,0
lsa-multi-krum-late20-seed42-20261004,2,4,conv1,skewness,1.294272277510743,0
lsa-multi-krum-late20-seed42-20261004,2,4,conv1,kurtosis,1.5298369871172088,0
lsa-multi-krum-late20-seed42-20261004,2,4,conv2,mean,6.56589547482891e-05,0
lsa-multi-krum-late20-seed42-20261004,2,4,conv2,std,0.0003247179973889544,0
lsa-multi-krum-late20-seed42-20261004,2,4,conv2,median,1.4724675565958023e-05,0
lsa-multi-krum-late20-seed42-20261004,2,4,conv2,min,-0.0016277432441711426,0
lsa-multi-krum-late20-seed42-20261004,2,4,conv2,max,0.0026066210120916367,0
lsa-multi-krum-late20-seed42-20261004,2,4,conv2,l1,0.8831968821887131,0
lsa-multi-krum-late20-seed42-20261004,2,4,conv2,l2,0.02256664231591752,0
lsa-multi-krum-late20-seed42-20261004,2,4,conv2,max_abs,0.0026066210120916367,0
lsa-multi-krum-late20-seed42-20261004,2,4,conv2,sparsity,0.00021551724137931034,0
lsa-multi-krum-late20-seed42-20261004,2,4,conv2,skewness,1.86575966571972,0
lsa-multi-krum-late20-seed42-20261004,2,4,conv2,kurtosis,10.578846103795888,0
lsa-multi-krum-late20-seed42-20261004,2,4,fc1,mean,1.4663004538129578e-05,0
lsa-multi-krum-late20-seed42-20261004,2,4,fc1,std,0.0002105842914165574,0
lsa-multi-krum-late20-seed42-20261004,2,4,fc1,median,0.0,0
lsa-multi-krum-late20-seed42-20261004,2,4,fc1,min,-0.0030183494091033936,0
lsa-multi-krum-late20-seed42-20261004,2,4,fc1,max,0.0037973355501890182,0
lsa-multi-krum-late20-seed42-20261004,2,4,fc1,l1,10.196811425782471,0
lsa-multi-krum-late20-seed42-20261004,2,4,fc1,l2,0.0668925408420638,0
lsa-multi-krum-late20-seed42-20261004,2,4,fc1,max_abs,0.0037973355501890182,0
lsa-multi-krum-late20-seed42-20261004,2,4,fc1,sparsity,0.07000876354365838,0
lsa-multi-krum-late20-seed42-20261004,2,4,fc1,skewness,1.4086665862289403,0
lsa-multi-krum-late20-seed42-20261004,2,4,fc1,kurtosis,27.111025465270465,0
lsa-multi-krum-late20-seed42-20261004,2,4,output,mean,1.7171259969472886e-10,0
lsa-multi-krum-late20-seed42-20261004,2,4,output,std,0.0006712095100955898,0
lsa-multi-krum-late20-seed42-20261004,2,4,output,median,-1.2274831533432007e-05,0
lsa-multi-krum-late20-seed42-20261004,2,4,output,min,-0.004493817687034607,0
lsa-multi-krum-late20-seed42-20261004,2,4,output,max,0.005410283803939819,0
lsa-multi-krum-late20-seed42-20261004,2,4,output,l1,0.25620912402519025,0
lsa-multi-krum-late20-seed42-20261004,2,4,output,l2,0.017112551948432888,0
lsa-multi-krum-late20-seed42-20261004,2,4,output,max_abs,0.005410283803939819,0
lsa-multi-krum-late20-seed42-20261004,2,4,output,sparsity,0.015384615384615385,0
lsa-multi-krum-late20-seed42-20261004,2,4,output,skewness,1.0948167174022436,0
lsa-multi-krum-late20-seed42-20261004,2,4,output,kurtosis,12.743380556721338,0
lsa-multi-krum-late20-seed42-20261004,3,0,conv1,mean,0.00046592913568019865,0
lsa-multi-krum-late20-seed42-20261004,3,0,conv1,std,0.0008939791101202703,0
lsa-multi-krum-late20-seed42-20261004,3,0,conv1,median,8.236616849899292e-05,0
lsa-multi-krum-late20-seed42-20261004,3,0,conv1,min,-0.000995039939880371,0
lsa-multi-krum-late20-seed42-20261004,3,0,conv1,max,0.003416001796722412,0
lsa-multi-krum-late20-seed42-20261004,3,0,conv1,l1,0.09721178002655506,0
lsa-multi-krum-late20-seed42-20261004,3,0,conv1,l2,0.012751712724537845,0
lsa-multi-krum-late20-seed42-20261004,3,0,conv1,max_abs,0.003416001796722412,0
lsa-multi-krum-late20-seed42-20261004,3,0,conv1,sparsity,0.0,0
lsa-multi-krum-late20-seed42-20261004,3,0,conv1,skewness,1.4701632750975935,0
lsa-multi-krum-late20-seed42-20261004,3,0,conv1,kurtosis,1.4726317724871096,0
lsa-multi-krum-late20-seed42-20261004,3,0,conv2,mean,0.00013647555342686247,0
lsa-multi-krum-late20-seed42-20261004,3,0,conv2,std,0.0004138109707026789,0
lsa-multi-krum-late20-seed42-20261004,3,0,conv2,median,3.2118987292051315e-05,0
lsa-multi-krum-late20-seed42-20261004,3,0,conv2,min,-0.0016188975423574448,0
lsa-multi-krum-late20-seed42-20261004,3,0,conv2,max,0.004048921167850494,0
lsa-multi-krum-late20-seed42-20261004,3,0,conv2,l1,1.0708253148623044,0
lsa-multi-krum-late20-seed42-20261004,3,0,conv2,l2,0.02968120695269595,0
lsa-multi-krum-late20-seed42-20261004,3,0,conv2,max_abs,0.004048921167850494,0
lsa-multi-krum-late20-seed42-20261004,3,0,conv2,sparsity,0.0,0
lsa-multi-krum-late20-seed42-20261004,3,0,conv2,skewness,3.019969515643475,0
lsa-multi-krum-late20-seed42-20261004,3,0,conv2,kurtosis,16.82520699651409,0
lsa-multi-krum-late20-seed42-20261004,3,0,fc1,mean,2.724508892156812e-05,0
lsa-multi-krum-late20-seed42-20261004,3,0,fc1,std,0.00021212773643451238,0
lsa-multi-krum-late20-seed42-20261004,3,0,fc1,median,0.0,0
lsa-multi-krum-late20-seed42-20261004,3,0,fc1,min,-0.0033785731066018343,0
lsa-multi-krum-late20-seed42-20261004,3,0,fc1,max,0.0039325375109910965,0
lsa-multi-krum-late20-seed42-20261004,3,0,fc1,l1,10.058809633804913,0
lsa-multi-krum-late20-seed42-20261004,3,0,fc1,l2,0.06777223015095817,0
lsa-multi-krum-late20-seed42-20261004,3,0,fc1,max_abs,0.0039325375109910965,0
lsa-multi-krum-late20-seed42-20261004,3,0,fc1,sparsity,0.08606198215423837,0
lsa-multi-krum-late20-seed42-20261004,3,0,fc1,skewness,1.7342954921548461,0
lsa-multi-krum-late20-seed42-20261004,3,0,fc1,kurtosis,28.2132907734636,0
lsa-multi-krum-late20-seed42-20261004,3,0,output,mean,1.8295115576340602e-10,0
lsa-multi-krum-late20-seed42-20261004,3,0,output,std,0.0006838759965339363,0
lsa-multi-krum-late20-seed42-20261004,3,0,output,median,-4.14624810218811e-06,0
lsa-multi-krum-late20-seed42-20261004,3,0,output,min,-0.0034183708485215902,0
lsa-multi-krum-late20-seed42-20261004,3,0,output,max,0.002630271017551422,0
lsa-multi-krum-late20-seed42-20261004,3,0,output,l1,0.2849928457872011,0
lsa-multi-krum-late20-seed42-20261004,3,0,output,l2,0.01743548525602189,0
lsa-multi-krum-late20-seed42-20261004,3,0,output,max_abs,0.0034183708485215902,0
lsa-multi-krum-late20-seed42-20261004,3,0,output,sparsity,0.03076923076923077,0
lsa-multi-krum-late20-seed42-20261004,3,0,output,skewness,0.12669750524244278,0
lsa-multi-krum-late20-seed42-20261004,3,0,output,kurtosis,3.1297925300024048,0
lsa-multi-krum-late20-seed42-20261004,3,1,conv1,mean,0.0004232052706356626,0
lsa-multi-krum-late20-seed42-20261004,3,1,conv1,std,0.0008499948675043478,0
lsa-multi-krum-late20-seed42-20261004,3,1,conv1,median,7.641315460205078e-05,0
lsa-multi-krum-late20-seed42-20261004,3,1,conv1,min,-0.0009580254554748535,0
lsa-multi-krum-late20-seed42-20261004,3,1,conv1,max,0.003169506788253784,0
lsa-multi-krum-late20-seed42-20261004,3,1,conv1,l1,0.09353926300536841,0
lsa-multi-krum-late20-seed42-20261004,3,1,conv1,l2,0.01201062180490278,0
lsa-multi-krum-late20-seed42-20261004,3,1,conv1,max_abs,0.003169506788253784,0
lsa-multi-krum-late20-seed42-20261004,3,1,conv1,sparsity,0.0,0
lsa-multi-krum-late20-seed42-20261004,3,1,conv1,skewness,1.3783488588528707,0
lsa-multi-krum-late20-seed42-20261004,3,1,conv1,kurtosis,1.251593959254457,0
lsa-multi-krum-late20-seed42-20261004,3,1,conv2,mean,0.00012930832245054827,0
lsa-multi-krum-late20-seed42-20261004,3,1,conv2,std,0.0003800288838621108,0
lsa-multi-krum-late20-seed42-20261004,3,1,conv2,median,3.8078054785728455e-05,0
lsa-multi-krum-late20-seed42-20261004,3,1,conv2,min,-0.0013432186096906662,0
lsa-multi-krum-late20-seed42-20261004,3,1,conv2,max,0.003688335418701172,0
lsa-multi-krum-late20-seed42-20261004,3,1,conv2,l1,1.0108251102828945,0
lsa-multi-krum-late20-seed42-20261004,3,1,conv2,l2,0.02734413355704435,0
lsa-multi-krum-late20-seed42-20261004,3,1,conv2,max_abs,0.003688335418701172,0
lsa-multi-krum-late20-seed42-20261004,3,1,conv2,sparsity,0.0010775862068965517,0
lsa-multi-krum-late20-seed42-20261004,3,1,conv2,skewness,2.8623120334371266,0
lsa-multi-krum-late20-seed42-20261004,3,1,conv2,kurtosis,15.427974454685192,0
lsa-multi-krum-late20-seed42-20261004,3,1,fc1,mean,1.7776242983129203e-05,0
lsa-multi-krum-late20-seed42-20261004,3,1,fc1,std,0.0001991339943352211,0
lsa-multi-krum-late20-seed42-20261004,3,1,fc1,median,0.0,0
lsa-multi-krum-late20-seed42-20261004,3,1,fc1,min,-0.0031480067409574986,0
lsa-multi-krum-late20-seed42-20261004,3,1,fc1,max,0.0032285768538713455,0
lsa-multi-krum-late20-seed42-20261004,3,1,fc1,l1,9.60306342616667,0
lsa-multi-krum-late20-seed42-20261004,3,1,fc1,l2,0.06335346804978825,0
lsa-multi-krum-late20-seed42-20261004,3,1,fc1,max_abs,0.0032285768538713455,0
lsa-multi-krum-late20-seed42-20261004,3,1,fc1,sparsity,0.07446024537922244,0
lsa-multi-krum-late20-seed42-20261004,3,1,fc1,skewness,1.3638150530009823,0
lsa-multi-krum-late20-seed42-20261004,3,1,fc1,kurtosis,26.590963741362895,0
lsa-multi-krum-late20-seed42-20261004,3,1,output,mean,4.741685608258614e-11,0
lsa-multi-krum-late20-seed42-20261004,3,1,output,std,0.0006901119552380564,0
lsa-multi-krum-late20-seed42-20261004,3,1,output,median,-5.813315510749817e-06,0
lsa-multi-krum-late20-seed42-20261004,3,1,output,min,-0.0037569552659988403,0
lsa-multi-krum-late20-seed42-20261004,3,1,output,max,0.003330642357468605,0
lsa-multi-krum-late20-seed42-20261004,3,1,output,l1,0.2804647713492159,0
lsa-multi-krum-late20-seed42-20261004,3,1,output,l2,0.01759447163161264,0
lsa-multi-krum-late20-seed42-20261004,3,1,output,max_abs,0.0037569552659988403,0
lsa-multi-krum-late20-seed42-20261004,3,1,output,sparsity,0.015384615384615385,0
lsa-multi-krum-late20-seed42-20261004,3,1,output,skewness,0.716525042948157,0
lsa-multi-krum-late20-seed42-20261004,3,1,output,kurtosis,4.6452092061955925,0
lsa-multi-krum-late20-seed42-20261004,3,2,conv1,mean,0.000437027385487454,0
lsa-multi-krum-late20-seed42-20261004,3,2,conv1,std,0.0008912985239755724,0
lsa-multi-krum-late20-seed42-20261004,3,2,conv1,median,4.270672798156738e-05,0
lsa-multi-krum-late20-seed42-20261004,3,2,conv1,min,-0.0011739134788513184,0
lsa-multi-krum-late20-seed42-20261004,3,2,conv1,max,0.003430604934692383,0
lsa-multi-krum-late20-seed42-20261004,3,2,conv1,l1,0.09503340430092067,0
lsa-multi-krum-late20-seed42-20261004,3,2,conv1,l2,0.01255647080676435,0
lsa-multi-krum-late20-seed42-20261004,3,2,conv1,max_abs,0.003430604934692383,0
lsa-multi-krum-late20-seed42-20261004,3,2,conv1,sparsity,0.0,0
lsa-multi-krum-late20-seed42-20261004,3,2,conv1,skewness,1.3834187035362122,0
lsa-multi-krum-late20-seed42-20261004,3,2,conv1,kurtosis,1.200488213568753,0
lsa-multi-krum-late20-seed42-20261004,3,2,conv2,mean,0.0001282848308478449,0
lsa-multi-krum-late20-seed42-20261004,3,2,conv2,std,0.00039788609953367586,0
lsa-multi-krum-late20-seed42-20261004,3,2,conv2,median,3.124028444290161e-05,0
lsa-multi-krum-late20-seed42-20261004,3,2,conv2,min,-0.001459963619709015,0
lsa-multi-krum-late20-seed42-20261004,3,2,conv2,max,0.003982719033956528,0
lsa-multi-krum-late20-seed42-20261004,3,2,conv2,l1,1.007100130627805,0
lsa-multi-krum-late20-seed42-20261004,3,2,conv2,l2,0.02847691004250479,0
lsa-multi-krum-late20-seed42-20261004,3,2,conv2,max_abs,0.003982719033956528,0
lsa-multi-krum-late20-seed42-20261004,3,2,conv2,sparsity,0.00021551724137931034,0
lsa-multi-krum-late20-seed42-20261004,3,2,conv2,skewness,3.1443237561167736,0
lsa-multi-krum-late20-seed42-20261004,3,2,conv2,kurtosis,18.099864046538496,0
lsa-multi-krum-late20-seed42-20261004,3,2,fc1,mean,2.9669429281452494e-05,0
lsa-multi-krum-late20-seed42-20261004,3,2,fc1,std,0.00020420285889140858,0
lsa-multi-krum-late20-seed42-20261004,3,2,fc1,median,0.0,0
lsa-multi-krum-late20-seed42-20261004,3,2,fc1,min,-0.0028273025527596474,0
lsa-multi-krum-late20-seed42-20261004,3,2,fc1,max,0.0029958393424749374,0
lsa-multi-krum-late20-seed42-20261004,3,2,fc1,l1,9.8786761533147,0
lsa-multi-krum-late20-seed42-20261004,3,2,fc1,l2,0.06538823410750821,0
lsa-multi-krum-late20-seed42-20261004,3,2,fc1,max_abs,0.0029958393424749374,0
lsa-multi-krum-late20-seed42-20261004,3,2,fc1,sparsity,0.07155234225621415,0
lsa-multi-krum-late20-seed42-20261004,3,2,fc1,skewness,1.874867484267293,0
lsa-multi-krum-late20-seed42-20261004,3,2,fc1,kurtosis,24.41263748195169,0
lsa-multi-krum-late20-seed42-20261004,3,2,output,mean,2.3372614612946143e-10,0
lsa-multi-krum-late20-seed42-20261004,3,2,output,std,0.0006491344015862261,0
lsa-multi-krum-late20-seed42-20261004,3,2,output,median,-4.7050416469573975e-06,0
lsa-multi-krum-late20-seed42-20261004,3,2,output,min,-0.0029127709567546844,0
lsa-multi-krum-late20-seed42-20261004,3,2,output,max,0.003456221893429756,0
lsa-multi-krum-late20-seed42-20261004,3,2,output,l1,0.26614276214968413,0
lsa-multi-krum-late20-seed42-20261004,3,2,output,l2,0.016549744903163785,0
lsa-multi-krum-late20-seed42-20261004,3,2,output,max_abs,0.003456221893429756,0
lsa-multi-krum-late20-seed42-20261004,3,2,output,sparsity,0.015384615384615385,0
lsa-multi-krum-late20-seed42-20261004,3,2,output,skewness,0.5312880116718095,0
lsa-multi-krum-late20-seed42-20261004,3,2,output,kurtosis,4.1224419332743985,0
lsa-multi-krum-late20-seed42-20261004,3,3,conv1,mean,0.0005013732574298046,0
lsa-multi-krum-late20-seed42-20261004,3,3,conv1,std,0.0009716062466937124,0
lsa-multi-krum-late20-seed42-20261004,3,3,conv1,median,8.019804954528809e-05,0
lsa-multi-krum-late20-seed42-20261004,3,3,conv1,min,-0.0010364949703216553,0
lsa-multi-krum-late20-seed42-20261004,3,3,conv1,max,0.003695935010910034,0
lsa-multi-krum-late20-seed42-20261004,3,3,conv1,l1,0.10448400373570621,0
lsa-multi-krum-late20-seed42-20261004,3,3,conv1,l2,0.013829787225434908,0
lsa-multi-krum-late20-seed42-20261004,3,3,conv1,max_abs,0.003695935010910034,0
lsa-multi-krum-late20-seed42-20261004,3,3,conv1,sparsity,0.0,0
lsa-multi-krum-late20-seed42-20261004,3,3,conv1,skewness,1.459726808659252,0
lsa-multi-krum-late20-seed42-20261004,3,3,conv1,kurtosis,1.4608597310855291,0
lsa-multi-krum-late20-seed42-20261004,3,3,conv2,mean,0.00015916878786701374,0
lsa-multi-krum-late20-seed42-20261004,3,3,conv2,std,0.000429927360138534,0
lsa-multi-krum-late20-seed42-20261004,3,3,conv2,median,4.341639578342438e-05,0
lsa-multi-krum-late20-seed42-20261004,3,3,conv2,min,-0.0014814715832471848,0
lsa-multi-krum-late20-seed42-20261004,3,3,conv2,max,0.003913777880370617,0
lsa-multi-krum-late20-seed42-20261004,3,3,conv2,l1,1.1049058617245464,0
lsa-multi-krum-late20-seed42-20261004,3,3,conv2,l2,0.031228179332841166,0
lsa-multi-krum-late20-seed42-20261004,3,3,conv2,max_abs,0.003913777880370617,0
lsa-multi-krum-late20-seed42-20261004,3,3,conv2,sparsity,0.0004310344827586207,0
lsa-multi-krum-late20-seed42-20261004,3,3,conv2,skewness,3.1270861612602014,0
lsa-multi-krum-late20-seed42-20261004,3,3,conv2,kurtosis,15.418212278903141,0
lsa-multi-krum-late20-seed42-20261004,3,3,fc1,mean,3.2324943693647915e-05,0
lsa-multi-krum-late20-seed42-20261004,3,3,fc1,std,0.0002118177490584182,0
lsa-multi-krum-late20-seed42-20261004,3,3,fc1,median,1.5459954738616943e-07,0
lsa-multi-krum-late20-seed42-20261004,3,3,fc1,min,-0.0028606089763343334,0
lsa-multi-krum-late20-seed42-20261004,3,3,fc1,max,0.003452284261584282,0
lsa-multi-krum-late20-seed42-20261004,3,3,fc1,l1,10.036832341428891,0
lsa-multi-krum-late20-seed42-20261004,3,3,fc1,l2,0.06789893468229422,0
lsa-multi-krum-late20-seed42-20261004,3,3,fc1,max_abs,0.003452284261584282,0
lsa-multi-krum-late20-seed42-20261004,3,3,fc1,sparsity,0.0727772466539197,0
lsa-multi-krum-late20-seed42-20261004,3,3,fc1,skewness,2.1668530021202153,0
lsa-multi-krum-late20-seed42-20261004,3,3,fc1,kurtosis,27.246380860191056,0
lsa-multi-krum-late20-seed42-20261004,3,3,output,mean,1.1708694868362867e-10,0
lsa-multi-krum-late20-seed42-20261004,3,3,output,std,0.000744641285214099,0
lsa-multi-krum-late20-seed42-20261004,3,3,output,median,-9.002164006233215e-06,0
lsa-multi-krum-late20-seed42-20261004,3,3,output,min,-0.003747600596398115,0
lsa-multi-krum-late20-seed42-20261004,3,3,output,max,0.003990216180682182,0
lsa-multi-krum-late20-seed42-20261004,3,3,output,l1,0.29928281091270037,0
lsa-multi-krum-late20-seed42-20261004,3,3,output,l2,0.01898470221966774,0
lsa-multi-krum-late20-seed42-20261004,3,3,output,max_abs,0.003990216180682182,0
lsa-multi-krum-late20-seed42-20261004,3,3,output,sparsity,0.015384615384615385,0
lsa-multi-krum-late20-seed42-20261004,3,3,output,skewness,0.840379310509636,0
lsa-multi-krum-late20-seed42-20261004,3,3,output,kurtosis,5.126054014683277,0
lsa-multi-krum-late20-seed42-20261004,3,4,conv1,mean,0.0004756395086587872,0
lsa-multi-krum-late20-seed42-20261004,3,4,conv1,std,0.0009306053869137035,0
lsa-multi-krum-late20-seed42-20261004,3,4,conv1,median,6.633251905441284e-05,0
lsa-multi-krum-late20-seed42-20261004,3,4,conv1,min,-0.0011308342218399048,0
lsa-multi-krum-late20-seed42-20261004,3,4,conv1,max,0.0035223960876464844,0
lsa-multi-krum-late20-seed42-20261004,3,4,conv1,l1,0.09734580048825592,0
lsa-multi-krum-late20-seed42-20261004,3,4,conv1,l2,0.013219738746888919,0
lsa-multi-krum-late20-seed42-20261004,3,4,conv1,max_abs,0.0035223960876464844,0
lsa-multi-krum-late20-seed42-20261004,3,4,conv1,sparsity,0.0,0
lsa-multi-krum-late20-seed42-20261004,3,4,conv1,skewness,1.55001518891007,0
lsa-multi-krum-late20-seed42-20261004,3,4,conv1,kurtosis,1.8116194803610188,0
lsa-multi-krum-late20-seed42-20261004,3,4,conv2,mean,0.00013540313956237414,0
lsa-multi-krum-late20-seed42-20261004,3,4,conv2,std,0.00043009445570705874,0
lsa-multi-krum-late20-seed42-20261004,3,4,conv2,median,3.049895167350769e-05,0
lsa-multi-krum-late20-seed42-20261004,3,4,conv2,min,-0.00131255853921175,0
lsa-multi-krum-late20-seed42-20261004,3,4,conv2,max,0.004401329904794693,0
lsa-multi-krum-late20-seed42-20261004,3,4,conv2,l1,1.0915054723445792,0
lsa-multi-krum-late20-seed42-20261004,3,4,conv2,l2,0.030714536701609334,0
lsa-multi-krum-late20-seed42-20261004,3,4,conv2,max_abs,0.004401329904794693,0
lsa-multi-krum-late20-seed42-20261004,3,4,conv2,sparsity,0.00021551724137931034,0
lsa-multi-krum-late20-seed42-20261004,3,4,conv2,skewness,3.2419814040885884,0
lsa-multi-krum-late20-seed42-20261004,3,4,conv2,kurtosis,18.652820602126578,0
lsa-multi-krum-late20-seed42-20261004,3,4,fc1,mean,2.7819651648390185e-05,0
lsa-multi-krum-late20-seed42-20261004,3,4,fc1,std,0.0002159392434027278,0
lsa-multi-krum-late20-seed42-20261004,3,4,fc1,median,0.0,0
lsa-multi-krum-late20-seed42-20261004,3,4,fc1,min,-0.0028291400521993637,0
lsa-multi-krum-late20-seed42-20261004,3,4,fc1,max,0.003530982881784439,0
lsa-multi-krum-late20-seed42-20261004,3,4,fc1,l1,10.231911140559987,0
lsa-multi-krum-late20-seed42-20261004,3,4,fc1,l2,0.06899339766165635,0
lsa-multi-krum-late20-seed42-20261004,3,4,fc1,max_abs,0.003530982881784439,0
lsa-multi-krum-late20-seed42-20261004,3,4,fc1,sparsity,0.08297482472912683,0
lsa-multi-krum-late20-seed42-20261004,3,4,fc1,skewness,1.8911794146538288,0
lsa-multi-krum-late20-seed42-20261004,3,4,fc1,kurtosis,28.831130724339452,0
lsa-multi-krum-late20-seed42-20261004,3,4,output,mean,8.843086946469086e-11,0
lsa-multi-krum-late20-seed42-20261004,3,4,output,std,0.0007846209030936754,0
lsa-multi-krum-late20-seed42-20261004,3,4,output,median,-9.387731552124023e-06,0
lsa-multi-krum-late20-seed42-20261004,3,4,output,min,-0.004544876515865326,0
lsa-multi-krum-late20-seed42-20261004,3,4,output,max,0.005245201289653778,0
lsa-multi-krum-late20-seed42-20261004,3,4,output,l1,0.3097849574696738,0
lsa-multi-krum-late20-seed42-20261004,3,4,output,l2,0.020003986478237347,0
lsa-multi-krum-late20-seed42-20261004,3,4,output,max_abs,0.005245201289653778,0
lsa-multi-krum-late20-seed42-20261004,3,4,output,sparsity,0.03076923076923077,0
lsa-multi-krum-late20-seed42-20261004,3,4,output,skewness,0.9978507467589322,0
lsa-multi-krum-late20-seed42-20261004,3,4,output,kurtosis,7.760181034657933,0
lsa-multi-krum-late20-seed42-20261004,4,0,conv1,mean,0.0007426703858072869,0
lsa-multi-krum-late20-seed42-20261004,4,0,conv1,std,0.0013477427545471557,0
lsa-multi-krum-late20-seed42-20261004,4,0,conv1,median,0.00010015629231929779,0
lsa-multi-krum-late20-seed42-20261004,4,0,conv1,min,-0.001416042447090149,0
lsa-multi-krum-late20-seed42-20261004,4,0,conv1,max,0.005149722099304199,0
lsa-multi-krum-late20-seed42-20261004,4,0,conv1,l1,0.14311056002043188,0
lsa-multi-krum-late20-seed42-20261004,4,0,conv1,l2,0.019464716116664015,0
lsa-multi-krum-late20-seed42-20261004,4,0,conv1,max_abs,0.005149722099304199,0
lsa-multi-krum-late20-seed42-20261004,4,0,conv1,sparsity,0.0,0
lsa-multi-krum-late20-seed42-20261004,4,0,conv1,skewness,1.4836521562090221,0
lsa-multi-krum-late20-seed42-20261004,4,0,conv1,kurtosis,1.3930565596775226,0
lsa-multi-krum-late20-seed42-20261004,4,0,conv2,mean,0.000195255841247766,0
lsa-multi-krum-late20-seed42-20261004,4,0,conv2,std,0.0005467438080991908,0
lsa-multi-krum-late20-seed42-20261004,4,0,conv2,median,4.6535395085811615e-05,0
lsa-multi-krum-late20-seed42-20261004,4,0,conv2,min,-0.0014795465394854546,0
lsa-multi-krum-late20-seed42-20261004,4,0,conv2,max,0.005579903721809387,0
lsa-multi-krum-late20-seed42-20261004,4,0,conv2,l1,1.3782034187970567,0
lsa-multi-krum-late20-seed42-20261004,4,0,conv2,l2,0.03954654052500502,0
lsa-multi-krum-late20-seed42-20261004,4,0,conv2,max_abs,0.005579903721809387,0
lsa-multi-krum-late20-seed42-20261004,4,0,conv2,sparsity,0.0,0
lsa-multi-krum-late20-seed42-20261004,4,0,conv2,skewness,3.378790456833042,0
lsa-multi-krum-late20-seed42-20261004,4,0,conv2,kurtosis,18.992229107139977,0
lsa-multi-krum-late20-seed42-20261004,4,0,fc1,mean,2.8481288461413492e-05,0
lsa-multi-krum-late20-seed42-20261004,4,0,fc1,std,0.00024281147385109788,0
lsa-multi-krum-late20-seed42-20261004,4,0,fc1,median,0.0,0
lsa-multi-krum-late20-seed42-20261004,4,0,fc1,min,-0.0039564697071909904,0
lsa-multi-krum-late20-seed42-20261004,4,0,fc1,max,0.004435466602444649,0
lsa-multi-krum-late20-seed42-20261004,4,0,fc1,l1,11.158258386612033,0
lsa-multi-krum-late20-seed42-20261004,4,0,fc1,l2,0.07747078996884534,0
lsa-multi-krum-late20-seed42-20261004,4,0,fc1,max_abs,0.004435466602444649,0
lsa-multi-krum-late20-seed42-20261004,4,0,fc1,sparsity,0.07570506692160611,0
lsa-multi-krum-late20-seed42-20261004,4,0,fc1,skewness,1.8081668138963176,0
lsa-multi-krum-late20-seed42-20261004,4,0,fc1,kurtosis,32.81133687841183,0
lsa-multi-krum-late20-seed42-20261004,4,0,output,mean,-3.042469660823162e-10,0
lsa-multi-krum-late20-seed42-20261004,4,0,output,std,0.0008699763808437576,0
lsa-multi-krum-late20-seed42-20261004,4,0,output,median,-2.4847686290740967e-06,0
lsa-multi-krum-late20-seed42-20261004,4,0,output,min,-0.0036109667271375656,0
lsa-multi-krum-late20-seed42-20261004,4,0,output,max,0.0034472495317459106,0
lsa-multi-krum-late20-seed42-20261004,4,0,output,l1,0.3641676429833751,0
lsa-multi-krum-late20-seed42-20261004,4,0,output,l2,0.022180132711437095,0
lsa-multi-krum-late20-seed42-20261004,4,0,output,max_abs,0.0036109667271375656,0
lsa-multi-krum-late20-seed42-20261004,4,0,output,sparsity,0.015384615384615385,0
lsa-multi-krum-late20-seed42-20261004,4,0,output,skewness,0.1460496966215703,0
lsa-multi-krum-late20-seed42-20261004,4,0,output,kurtosis,2.3738927835728934,0
lsa-multi-krum-late20-seed42-20261004,4,1,conv1,mean,0.0006890414624649566,0
lsa-multi-krum-late20-seed42-20261004,4,1,conv1,std,0.0012825353885378586,0
lsa-multi-krum-late20-seed42-20261004,4,1,conv1,median,0.00011309981346130371,0
lsa-multi-krum-late20-seed42-20261004,4,1,conv1,min,-0.001273423433303833,0
lsa-multi-krum-late20-seed42-20261004,4,1,conv1,max,0.004914671182632446,0
lsa-multi-krum-late20-seed42-20261004,4,1,conv1,l1,0.13772958412300795,0
lsa-multi-krum-late20-seed42-20261004,4,1,conv1,l2,0.018415972023644266,0
lsa-multi-krum-late20-seed42-20261004,4,1,conv1,max_abs,0.004914671182632446,0
lsa-multi-krum-late20-seed42-20261004,4,1,conv1,sparsity,0.0,0
lsa-multi-krum-late20-seed42-20261004,4,1,conv1,skewness,1.4510976734103151,0
lsa-multi-krum-late20-seed42-20261004,4,1,conv1,kurtosis,1.2559320828834828,0
lsa-multi-krum-late20-seed42-20261004,4,1,conv2,mean,0.00018127885847238288,0
lsa-multi-krum-late20-seed42-20261004,4,1,conv2,std,0.0005127531887200669,0
lsa-multi-krum-late20-seed42-20261004,4,1,conv2,median,4.8216432332992554e-05,0
lsa-multi-krum-late20-seed42-20261004,4,1,conv2,min,-0.0012810975313186646,0
lsa-multi-krum-late20-seed42-20261004,4,1,conv2,max,0.005305381491780281,0
lsa-multi-krum-late20-seed42-20261004,4,1,conv2,l1,1.3085561783300363,0
lsa-multi-krum-late20-seed42-20261004,4,1,conv2,l2,0.03704604239068515,0
lsa-multi-krum-late20-seed42-20261004,4,1,conv2,max_abs,0.005305381491780281,0
lsa-multi-krum-late20-seed42-20261004,4,1,conv2,sparsity,0.0010775862068965517,0
lsa-multi-krum-late20-seed42-20261004,4,1,conv2,skewness,3.3715423234847077,0
lsa-multi-krum-late20-seed42-20261004,4,1,conv2,kurtosis,19.351424266461358,0
lsa-multi-krum-late20-seed42-20261004,4,1,fc1,mean,1.6522539824564815e-05,0
lsa-multi-krum-late20-seed42-20261004,4,1,fc1,std,0.00022795086671701626,0
lsa-multi-krum-late20-seed42-20261004,4,1,fc1,median,0.0,0
lsa-multi-krum-late20-seed42-20261004,4,1,fc1,min,-0.003573969006538391,0
lsa-multi-krum-late20-seed42-20261004,4,1,fc1,max,0.0037394019309431314,0
lsa-multi-krum-late20-seed42-20261004,4,1,fc1,l1,10.815687812308738,0
lsa-multi-krum-late20-seed42-20261004,4,1,fc1,l2,0.07242367559151075,0
lsa-multi-krum-late20-seed42-20261004,4,1,fc1,max_abs,0.0037394019309431314,0
lsa-multi-krum-late20-seed42-20261004,4,1,fc1,sparsity,0.07497809114085405,0
lsa-multi-krum-late20-seed42-20261004,4,1,fc1,skewness,1.4958140249556546,0
lsa-multi-krum-late20-seed42-20261004,4,1,fc1,kurtosis,27.974385879036735,0
lsa-multi-krum-late20-seed42-20261004,4,1,output,mean,4.826758343439836e-11,0
lsa-multi-krum-late20-seed42-20261004,4,1,output,std,0.0008766276542083148,0
lsa-multi-krum-late20-seed42-20261004,4,1,output,median,-3.940891474485397e-06,0
lsa-multi-krum-late20-seed42-20261004,4,1,output,min,-0.004096239805221558,0
lsa-multi-krum-late20-seed42-20261004,4,1,output,max,0.003940260037779808,0
lsa-multi-krum-late20-seed42-20261004,4,1,output,l1,0.35460407560458407,0
lsa-multi-krum-late20-seed42-20261004,4,1,output,l2,0.02234970757481636,0
lsa-multi-krum-late20-seed42-20261004,4,1,output,max_abs,0.004096239805221558,0
lsa-multi-krum-late20-seed42-20261004,4,1,output,sparsity,0.015384615384615385,0
lsa-multi-krum-late20-seed42-20261004,4,1,output,skewness,0.7321026135673953,0
lsa-multi-krum-late20-seed42-20261004,4,1,output,kurtosis,3.9430644355432065,0
lsa-multi-krum-late20-seed42-20261004,4,2,conv1,mean,0.0007203698893135879,0
lsa-multi-krum-late20-seed42-20261004,4,2,conv1,std,0.0013349091053188923,0
lsa-multi-krum-late20-seed42-20261004,4,2,conv1,median,8.3141028881073e-05,0
lsa-multi-krum-late20-seed42-20261004,4,2,conv1,min,-0.0015081465244293213,0
lsa-multi-krum-late20-seed42-20261004,4,2,conv1,max,0.005205303430557251,0
lsa-multi-krum-late20-seed42-20261004,4,2,conv1,l1,0.14094056596513838,0
lsa-multi-krum-late20-seed42-20261004,4,2,conv1,l2,0.019187141931587232,0
lsa-multi-krum-late20-seed42-20261004,4,2,conv1,max_abs,0.005205303430557251,0
lsa-multi-krum-late20-seed42-20261004,4,2,conv1,sparsity,0.0,0
lsa-multi-krum-late20-seed42-20261004,4,2,conv1,skewness,1.47012275671335,0
lsa-multi-krum-late20-seed42-20261004,4,2,conv1,kurtosis,1.3570424080153671,0
lsa-multi-krum-late20-seed42-20261004,4,2,conv2,mean,0.00018914401024285952,0
lsa-multi-krum-late20-seed42-20261004,4,2,conv2,std,0.0005265680596387604,0
lsa-multi-krum-late20-seed42-20261004,4,2,conv2,median,4.426218947628513e-05,0
lsa-multi-krum-late20-seed42-20261004,4,2,conv2,min,-0.001499272882938385,0
lsa-multi-krum-late20-seed42-20261004,4,2,conv2,max,0.005615847185254097,0
lsa-multi-krum-late20-seed42-20261004,4,2,conv2,l1,1.2888675322756171,0
lsa-multi-krum-late20-seed42-20261004,4,2,conv2,l2,0.03811232233959389,0
lsa-multi-krum-late20-seed42-20261004,4,2,conv2,max_abs,0.005615847185254097,0
lsa-multi-krum-late20-seed42-20261004,4,2,conv2,sparsity,0.0,0
lsa-multi-krum-late20-seed42-20261004,4,2,conv2,skewness,3.5705513514558946,0
lsa-multi-krum-late20-seed42-20261004,4,2,conv2,kurtosis,21.08679417240911,0
lsa-multi-krum-late20-seed42-20261004,4,2,fc1,mean,3.3782747940616115e-05,0
lsa-multi-krum-late20-seed42-20261004,4,2,fc1,std,0.00021919511472557246,0
lsa-multi-krum-late20-seed42-20261004,4,2,fc1,median,1.0617077350616455e-07,0
lsa-multi-krum-late20-seed42-20261004,4,2,fc1,min,-0.003092707134783268,0
lsa-multi-krum-late20-seed42-20261004,4,2,fc1,max,0.003537878394126892,0
lsa-multi-krum-late20-seed42-20261004,4,2,fc1,l1,10.54468722629258,0
lsa-multi-krum-late20-seed42-20261004,4,2,fc1,l2,0.07027972219002325,0
lsa-multi-krum-late20-seed42-20261004,4,2,fc1,max_abs,0.003537878394126892,0
lsa-multi-krum-late20-seed42-20261004,4,2,fc1,sparsity,0.07353409815168897,0
lsa-multi-krum-late20-seed42-20261004,4,2,fc1,skewness,1.8101278428822996,0
lsa-multi-krum-late20-seed42-20261004,4,2,fc1,kurtosis,24.710575466248986,0
lsa-multi-krum-late20-seed42-20261004,4,2,output,mean,-1.8765254376026301e-10,0
lsa-multi-krum-late20-seed42-20261004,4,2,output,std,0.0008225359003215403,0
lsa-multi-krum-late20-seed42-20261004,4,2,output,median,-4.366040229797363e-06,0
lsa-multi-krum-late20-seed42-20261004,4,2,output,min,-0.0033415257930755615,0
lsa-multi-krum-late20-seed42-20261004,4,2,output,max,0.004085008054971695,0
lsa-multi-krum-late20-seed42-20261004,4,2,output,l1,0.33303917266312055,0
lsa-multi-krum-late20-seed42-20261004,4,2,output,l2,0.020970633031851264,0
lsa-multi-krum-late20-seed42-20261004,4,2,output,max_abs,0.004085008054971695,0
lsa-multi-krum-late20-seed42-20261004,4,2,output,sparsity,0.015384615384615385,0
lsa-multi-krum-late20-seed42-20261004,4,2,output,skewness,0.6148567528292879,0
lsa-multi-krum-late20-seed42-20261004,4,2,output,kurtosis,4.020752347871865,0
lsa-multi-krum-late20-seed42-20261004,4,3,conv1,mean,0.0007993062827154063,0
lsa-multi-krum-late20-seed42-20261004,4,3,conv1,std,0.0014760719598538707,0
lsa-multi-krum-late20-seed42-20261004,4,3,conv1,median,8.916854858398438e-05,0
lsa-multi-krum-late20-seed42-20261004,4,3,conv1,min,-0.0015535056591033936,0
lsa-multi-krum-late20-seed42-20261004,4,3,conv1,max,0.005760461091995239,0
lsa-multi-krum-late20-seed42-20261004,4,3,conv1,l1,0.15450832690112293,0
lsa-multi-krum-late20-seed42-20261004,4,3,conv1,l2,0.021232725549981256,0
lsa-multi-krum-late20-seed42-20261004,4,3,conv1,max_abs,0.005760461091995239,0
lsa-multi-krum-late20-seed42-20261004,4,3,conv1,sparsity,0.0,0
lsa-multi-krum-late20-seed42-20261004,4,3,conv1,skewness,1.5007441379053816,0
lsa-multi-krum-late20-seed42-20261004,4,3,conv1,kurtosis,1.4851771504300242,0
lsa-multi-krum-late20-seed42-20261004,4,3,conv2,mean,0.00022566001966408983,0
lsa-multi-krum-late20-seed42-20261004,4,3,conv2,std,0.0005692076556357919,0
lsa-multi-krum-late20-seed42-20261004,4,3,conv2,median,6.172060966491699e-05,0
lsa-multi-krum-late20-seed42-20261004,4,3,conv2,min,-0.0015994636341929436,0
lsa-multi-krum-late20-seed42-20261004,4,3,conv2,max,0.005687229335308075,0
lsa-multi-krum-late20-seed42-20261004,4,3,conv2,l1,1.424838701277622,0
lsa-multi-krum-late20-seed42-20261004,4,3,conv2,l2,0.04170884643155034,0
lsa-multi-krum-late20-seed42-20261004,4,3,conv2,max_abs,0.005687229335308075,0
lsa-multi-krum-late20-seed42-20261004,4,3,conv2,sparsity,0.0004310344827586207,0
lsa-multi-krum-late20-seed42-20261004,4,3,conv2,skewness,3.4369260571135145,0
lsa-multi-krum-late20-seed42-20261004,4,3,conv2,kurtosis,18.276381817286044,0
lsa-multi-krum-late20-seed42-20261004,4,3,fc1,mean,3.077086421170335e-05,0
lsa-multi-krum-late20-seed42-20261004,4,3,fc1,std,0.00023151631863600855,0
lsa-multi-krum-late20-seed42-20261004,4,3,fc1,median,0.0,0
lsa-multi-krum-late20-seed42-20261004,4,3,fc1,min,-0.0031642019748687744,0
lsa-multi-krum-late20-seed42-20261004,4,3,fc1,max,0.003679506480693817,0
lsa-multi-krum-late20-seed42-20261004,4,3,fc1,l1,10.780937571307845,0
lsa-multi-krum-late20-seed42-20261004,4,3,fc1,l2,0.07400916561543038,0
lsa-multi-krum-late20-seed42-20261004,4,3,fc1,max_abs,0.003679506480693817,0
lsa-multi-krum-late20-seed42-20261004,4,3,fc1,sparsity,0.08244702039515615,0
lsa-multi-krum-late20-seed42-20261004,4,3,fc1,skewness,2.0712648687729147,0
lsa-multi-krum-late20-seed42-20261004,4,3,fc1,kurtosis,28.489727252109407,0
lsa-multi-krum-late20-seed42-20261004,4,3,output,mean,-1.0969905325999627e-11,0
lsa-multi-krum-late20-seed42-20261004,4,3,output,std,0.0009374272585604172,0
lsa-multi-krum-late20-seed42-20261004,4,3,output,median,-5.963258445262909e-06,0
lsa-multi-krum-late20-seed42-20261004,4,3,output,min,-0.0038669020868837833,0
lsa-multi-krum-late20-seed42-20261004,4,3,output,max,0.0047518666833639145,0
lsa-multi-krum-late20-seed42-20261004,4,3,output,l1,0.37795533720054664,0
lsa-multi-krum-late20-seed42-20261004,4,3,output,l2,0.023899799419866783,0
lsa-multi-krum-late20-seed42-20261004,4,3,output,max_abs,0.0047518666833639145,0
lsa-multi-krum-late20-seed42-20261004,4,3,output,sparsity,0.03076923076923077,0
lsa-multi-krum-late20-seed42-20261004,4,3,output,skewness,0.9208853488217748,0
lsa-multi-krum-late20-seed42-20261004,4,3,output,kurtosis,4.625738065520601,0
lsa-multi-krum-late20-seed42-20261004,4,4,conv1,mean,0.0007563402963569388,0
lsa-multi-krum-late20-seed42-20261004,4,4,conv1,std,0.0014184120189598517,0
lsa-multi-krum-late20-seed42-20261004,4,4,conv1,median,8.163228631019592e-05,0
lsa-multi-krum-late20-seed42-20261004,4,4,conv1,min,-0.0014898031949996948,0
lsa-multi-krum-late20-seed42-20261004,4,4,conv1,max,0.005526304244995117,0
lsa-multi-krum-late20-seed42-20261004,4,4,conv1,l1,0.14621546724811196,0
lsa-multi-krum-late20-seed42-20261004,4,4,conv1,l2,0.020333000956762146,0
lsa-multi-krum-late20-seed42-20261004,4,4,conv1,max_abs,0.005526304244995117,0
lsa-multi-krum-late20-seed42-20261004,4,4,conv1,sparsity,0.0,0
lsa-multi-krum-late20-seed42-20261004,4,4,conv1,skewness,1.565407982508663,0
lsa-multi-krum-late20-seed42-20261004,4,4,conv1,kurtosis,1.65398926095712,0
lsa-multi-krum-late20-seed42-20261004,4,4,conv2,mean,0.00019724500003607756,0
lsa-multi-krum-late20-seed42-20261004,4,4,conv2,std,0.0005716479729269338,0
lsa-multi-krum-late20-seed42-20261004,4,4,conv2,median,4.3511390686035156e-05,0
lsa-multi-krum-late20-seed42-20261004,4,4,conv2,min,-0.0014966651797294617,0
lsa-multi-krum-late20-seed42-20261004,4,4,conv2,max,0.006253449246287346,0
lsa-multi-krum-late20-seed42-20261004,4,4,conv2,l1,1.3885614776154398,0
lsa-multi-krum-late20-seed42-20261004,4,4,conv2,l2,0.04119208245229743,0
lsa-multi-krum-late20-seed42-20261004,4,4,conv2,max_abs,0.006253449246287346,0
lsa-multi-krum-late20-seed42-20261004,4,4,conv2,sparsity,0.0004310344827586207,0
lsa-multi-krum-late20-seed42-20261004,4,4,conv2,skewness,3.7004250222640915,0
lsa-multi-krum-late20-seed42-20261004,4,4,conv2,kurtosis,22.791216168564013,0
lsa-multi-krum-late20-seed42-20261004,4,4,fc1,mean,2.8915871131053608e-05,0
lsa-multi-krum-late20-seed42-20261004,4,4,fc1,std,0.00024077694183790704,0
lsa-multi-krum-late20-seed42-20261004,4,4,fc1,median,0.0,0
lsa-multi-krum-late20-seed42-20261004,4,4,fc1,min,-0.003083959221839905,0
lsa-multi-krum-late20-seed42-20261004,4,4,fc1,max,0.004239823669195175,0
lsa-multi-krum-late20-seed42-20261004,4,4,fc1,l1,11.233567627690263,0
lsa-multi-krum-late20-seed42-20261004,4,4,fc1,l2,0.07684680313683241,0
lsa-multi-krum-late20-seed42-20261004,4,4,fc1,max_abs,0.004239823669195175,0
lsa-multi-krum-late20-seed42-20261004,4,4,fc1,sparsity,0.08199888463989802,0
lsa-multi-krum-late20-seed42-20261004,4,4,fc1,skewness,2.151704275199402,0
lsa-multi-krum-late20-seed42-20261004,4,4,fc1,kurtosis,30.87311643168806,0
lsa-multi-krum-late20-seed42-20261004,4,4,output,mean,3.1085129683980576e-10,0
lsa-multi-krum-late20-seed42-20261004,4,4,output,std,0.000972936570549629,0
lsa-multi-krum-late20-seed42-20261004,4,4,output,median,-5.541369318962097e-06,0
lsa-multi-krum-late20-seed42-20261004,4,4,output,min,-0.004815392196178436,0
lsa-multi-krum-late20-seed42-20261004,4,4,output,max,0.005300551652908325,0
lsa-multi-krum-late20-seed42-20261004,4,4,output,l1,0.38912498885474633,0
lsa-multi-krum-late20-seed42-20261004,4,4,output,l2,0.024805112793604273,0
lsa-multi-krum-late20-seed42-20261004,4,4,output,max_abs,0.005300551652908325,0
lsa-multi-krum-late20-seed42-20261004,4,4,output,sparsity,0.03076923076923077,0
lsa-multi-krum-late20-seed42-20261004,4,4,output,skewness,1.0121836724671536,0
lsa-multi-krum-late20-seed42-20261004,4,4,output,kurtosis,5.517706184770423,0
lsa-multi-krum-late20-seed42-20261004,5,0,conv1,mean,0.001134647360595409,0
lsa-multi-krum-late20-seed42-20261004,5,0,conv1,std,0.0019707834270724055,0
lsa-multi-krum-late20-seed42-20261004,5,0,conv1,median,0.00020431727170944214,0
lsa-multi-krum-late20-seed42-20261004,5,0,conv1,min,-0.0018023252487182617,0
lsa-multi-krum-late20-seed42-20261004,5,0,conv1,max,0.0073261559009552,0
lsa-multi-krum-late20-seed42-20261004,5,0,conv1,l1,0.20985466032288969,0
lsa-multi-krum-late20-seed42-20261004,5,0,conv1,l2,0.02876501193972812,0
lsa-multi-krum-late20-seed42-20261004,5,0,conv1,max_abs,0.0073261559009552,0
lsa-multi-krum-late20-seed42-20261004,5,0,conv1,sparsity,0.0,0
lsa-multi-krum-late20-seed42-20261004,5,0,conv1,skewness,1.4653986062460607,0
lsa-multi-krum-late20-seed42-20261004,5,0,conv1,kurtosis,1.1502401773260198,0
lsa-multi-krum-late20-seed42-20261004,5,0,conv2,mean,0.0002663167655445532,0
lsa-multi-krum-late20-seed42-20261004,5,0,conv2,std,0.0007082995100803821,0
lsa-multi-krum-late20-seed42-20261004,5,0,conv2,median,6.497185677289963e-05,0
lsa-multi-krum-late20-seed42-20261004,5,0,conv2,min,-0.0017160549759864807,0
lsa-multi-krum-late20-seed42-20261004,5,0,conv2,max,0.007538728415966034,0
lsa-multi-krum-late20-seed42-20261004,5,0,conv2,l1,1.7379231651866576,0
lsa-multi-krum-late20-seed42-20261004,5,0,conv2,l2,0.051545353469916455,0
lsa-multi-krum-late20-seed42-20261004,5,0,conv2,max_abs,0.007538728415966034,0
lsa-multi-krum-late20-seed42-20261004,5,0,conv2,sparsity,0.0,0
lsa-multi-krum-late20-seed42-20261004,5,0,conv2,skewness,3.6410230013777336,0
lsa-multi-krum-late20-seed42-20261004,5,0,conv2,kurtosis,21.033455914157262,0
lsa-multi-krum-late20-seed42-20261004,5,0,fc1,mean,3.762674999280422e-05,0
lsa-multi-krum-late20-seed42-20261004,5,0,fc1,std,0.00028169189697965335,0
lsa-multi-krum-late20-seed42-20261004,5,0,fc1,median,0.0,0
lsa-multi-krum-late20-seed42-20261004,5,0,fc1,min,-0.00454302504658699,0
lsa-multi-krum-late20-seed42-20261004,5,0,fc1,max,0.0049346331506967545,0
lsa-multi-krum-late20-seed42-20261004,5,0,fc1,l1,12.998409414874004,0
lsa-multi-krum-late20-seed42-20261004,5,0,fc1,l2,0.09005669553293355,0
lsa-multi-krum-late20-seed42-20261004,5,0,fc1,max_abs,0.0049346331506967545,0
lsa-multi-krum-late20-seed42-20261004,5,0,fc1,sparsity,0.07310587954110899,0
lsa-multi-krum-late20-seed42-20261004,5,0,fc1,skewness,1.750184176543128,0
lsa-multi-krum-late20-seed42-20261004,5,0,fc1,kurtosis,31.786739399057552,0
lsa-multi-krum-late20-seed42-20261004,5,0,output,mean,1.3978793643988096e-10,0
lsa-multi-krum-late20-seed42-20261004,5,0,output,std,0.0011341696581293249,0
lsa-multi-krum-late20-seed42-20261004,5,0,output,median,-3.0780211091041565e-06,0
lsa-multi-krum-late20-seed42-20261004,5,0,output,min,-0.004559475928544998,0
lsa-multi-krum-late20-seed42-20261004,5,0,output,max,0.004377022385597229,0
lsa-multi-krum-late20-seed42-20261004,5,0,output,l1,0.4803724709781818,0
lsa-multi-krum-late20-seed42-20261004,5,0,output,l2,0.028915766092631644,0
lsa-multi-krum-late20-seed42-20261004,5,0,output,max_abs,0.004559475928544998,0
lsa-multi-krum-late20-seed42-20261004,5,0,output,sparsity,0.015384615384615385,0
lsa-multi-krum-late20-seed42-20261004,5,0,output,skewness,0.1405983211361915,0
lsa-multi-krum-late20-seed42-20261004,5,0,output,kurtosis,2.0464901440750394,0
lsa-multi-krum-late20-seed42-20261004,5,1,conv1,mean,0.0010688999405829235,0
lsa-multi-krum-late20-seed42-20261004,5,1,conv1,std,0.0018920101573467346,0
lsa-multi-krum-late20-seed42-20261004,5,1,conv1,median,0.00018351152539253235,0
lsa-multi-krum-late20-seed42-20261004,5,1,conv1,min,-0.0016277432441711426,0
lsa-multi-krum-late20-seed42-20261004,5,1,conv1,max,0.007124572992324829,0
lsa-multi-krum-late20-seed42-20261004,5,1,conv1,l1,0.20120270131155849,0
lsa-multi-krum-late20-seed42-20261004,5,1,conv1,l2,0.027487450281119617,0
lsa-multi-krum-late20-seed42-20261004,5,1,conv1,max_abs,0.007124572992324829,0
lsa-multi-krum-late20-seed42-20261004,5,1,conv1,sparsity,0.0,0
lsa-multi-krum-late20-seed42-20261004,5,1,conv1,skewness,1.4704758219148755,0
lsa-multi-krum-late20-seed42-20261004,5,1,conv1,kurtosis,1.183886156331499,0
lsa-multi-krum-late20-seed42-20261004,5,1,conv2,mean,0.00024720228971796915,0
lsa-multi-krum-late20-seed42-20261004,5,1,conv2,std,0.0006802128022758939,0
lsa-multi-krum-late20-seed42-20261004,5,1,conv2,median,6.100069731473923e-05,0
lsa-multi-krum-late20-seed42-20261004,5,1,conv2,min,-0.0017525404691696167,0
lsa-multi-krum-late20-seed42-20261004,5,1,conv2,max,0.007102340459823608,0
lsa-multi-krum-late20-seed42-20261004,5,1,conv2,l1,1.672232655921107,0
lsa-multi-krum-late20-seed42-20261004,5,1,conv2,l2,0.04929933780363886,0
lsa-multi-krum-late20-seed42-20261004,5,1,conv2,max_abs,0.007102340459823608,0
lsa-multi-krum-late20-seed42-20261004,5,1,conv2,sparsity,0.000646551724137931,0
lsa-multi-krum-late20-seed42-20261004,5,1,conv2,skewness,3.647742921856571,0
lsa-multi-krum-late20-seed42-20261004,5,1,conv2,kurtosis,21.271213252649677,0
lsa-multi-krum-late20-seed42-20261004,5,1,fc1,mean,2.033378840333344e-05,0
lsa-multi-krum-late20-seed42-20261004,5,1,fc1,std,0.0002627379197434961,0
lsa-multi-krum-late20-seed42-20261004,5,1,fc1,median,0.0,0
lsa-multi-krum-late20-seed42-20261004,5,1,fc1,min,-0.004259113222360611,0
lsa-multi-krum-late20-seed42-20261004,5,1,fc1,max,0.004262358881533146,0
lsa-multi-krum-late20-seed42-20261004,5,1,fc1,l1,12.38084473009144,0
lsa-multi-krum-late20-seed42-20261004,5,1,fc1,l2,0.08350662685083544,0
lsa-multi-krum-late20-seed42-20261004,5,1,fc1,max_abs,0.004262358881533146,0
lsa-multi-krum-late20-seed42-20261004,5,1,fc1,sparsity,0.07176147227533461,0
lsa-multi-krum-late20-seed42-20261004,5,1,fc1,skewness,1.4859701355960544,0
lsa-multi-krum-late20-seed42-20261004,5,1,fc1,kurtosis,27.852376703217384,0
lsa-multi-krum-late20-seed42-20261004,5,1,output,mean,-1.1243033581055128e-10,0
lsa-multi-krum-late20-seed42-20261004,5,1,output,std,0.001147287134327233,0
lsa-multi-krum-late20-seed42-20261004,5,1,output,median,-3.4123659133911133e-06,0
lsa-multi-krum-late20-seed42-20261004,5,1,output,min,-0.004202738404273987,0
lsa-multi-krum-late20-seed42-20261004,5,1,output,max,0.004861723631620407,0
lsa-multi-krum-late20-seed42-20261004,5,1,output,l1,0.46762951332493685,0
lsa-multi-krum-late20-seed42-20261004,5,1,output,l2,0.02925019742814268,0
lsa-multi-krum-late20-seed42-20261004,5,1,output,max_abs,0.004861723631620407,0
lsa-multi-krum-late20-seed42-20261004,5,1,output,sparsity,0.015384615384615385,0
lsa-multi-krum-late20-seed42-20261004,5,1,output,skewness,0.7325389682471748,0
lsa-multi-krum-late20-seed42-20261004,5,1,output,kurtosis,3.4234798763826477,0
lsa-multi-krum-late20-seed42-20261004,5,2,conv1,mean,0.001102274019649485,0
lsa-multi-krum-late20-seed42-20261004,5,2,conv1,std,0.0019237667828654018,0
lsa-multi-krum-late20-seed42-20261004,5,2,conv1,median,0.00016535073518753052,0
lsa-multi-krum-late20-seed42-20261004,5,2,conv1,min,-0.0017465651035308838,0
lsa-multi-krum-late20-seed42-20261004,5,2,conv1,max,0.0073341429233551025,0
lsa-multi-krum-late20-seed42-20261004,5,2,conv1,l1,0.20374979206826538,0
lsa-multi-krum-late20-seed42-20261004,5,2,conv1,l2,0.028045353695043414,0
lsa-multi-krum-late20-seed42-20261004,5,2,conv1,max_abs,0.0073341429233551025,0
lsa-multi-krum-late20-seed42-20261004,5,2,conv1,sparsity,0.0,0
lsa-multi-krum-late20-seed42-20261004,5,2,conv1,skewness,1.4731401117908816,0
lsa-multi-krum-late20-seed42-20261004,5,2,conv1,kurtosis,1.162562831235567,0
lsa-multi-krum-late20-seed42-20261004,5,2,conv2,mean,0.0002631494393787354,0
lsa-multi-krum-late20-seed42-20261004,5,2,conv2,std,0.0006914635974573747,0
lsa-multi-krum-late20-seed42-20261004,5,2,conv2,median,6.26780092716217e-05,0
lsa-multi-krum-late20-seed42-20261004,5,2,conv2,min,-0.0017861276865005493,0
lsa-multi-krum-late20-seed42-20261004,5,2,conv2,max,0.007348410785198212,0
lsa-multi-krum-late20-seed42-20261004,5,2,conv2,l1,1.6675676180966548,0
lsa-multi-krum-late20-seed42-20261004,5,2,conv2,l2,0.050396375246745,0
lsa-multi-krum-late20-seed42-20261004,5,2,conv2,max_abs,0.007348410785198212,0
lsa-multi-krum-late20-seed42-20261004,5,2,conv2,sparsity,0.0,0
lsa-multi-krum-late20-seed42-20261004,5,2,conv2,skewness,3.7266870114626514,0
lsa-multi-krum-late20-seed42-20261004,5,2,conv2,kurtosis,21.688926612895106,0
lsa-multi-krum-late20-seed42-20261004,5,2,fc1,mean,4.5557350202398254e-05,0
lsa-multi-krum-late20-seed42-20261004,5,2,fc1,std,0.00025708172508888454,0
lsa-multi-krum-late20-seed42-20261004,5,2,fc1,median,7.515773177146912e-07,0
lsa-multi-krum-late20-seed42-20261004,5,2,fc1,min,-0.004170071799308062,0
lsa-multi-krum-late20-seed42-20261004,5,2,fc1,max,0.003979263827204704,0
lsa-multi-krum-late20-seed42-20261004,5,2,fc1,l1,12.390380051925831,0
lsa-multi-krum-late20-seed42-20261004,5,2,fc1,l2,0.08273455028702004,0
lsa-multi-krum-late20-seed42-20261004,5,2,fc1,max_abs,0.004170071799308062,0
lsa-multi-krum-late20-seed42-20261004,5,2,fc1,sparsity,0.07246853091140854,0
lsa-multi-krum-late20-seed42-20261004,5,2,fc1,skewness,1.7147276846516197,0
lsa-multi-krum-late20-seed42-20261004,5,2,fc1,kurtosis,23.90481496922268,0
lsa-multi-krum-late20-seed42-20261004,5,2,output,mean,8.754879952623294e-10,0
lsa-multi-krum-late20-seed42-20261004,5,2,output,std,0.0010792373074014667,0
lsa-multi-krum-late20-seed42-20261004,5,2,output,median,-3.162771463394165e-06,0
lsa-multi-krum-late20-seed42-20261004,5,2,output,min,-0.004571791738271713,0
lsa-multi-krum-late20-seed42-20261004,5,2,output,max,0.004908669739961624,0
lsa-multi-krum-late20-seed42-20261004,5,2,output,l1,0.436416302312864,0
lsa-multi-krum-late20-seed42-20261004,5,2,output,l2,0.027515260451196122,0
lsa-multi-krum-late20-seed42-20261004,5,2,output,max_abs,0.004908669739961624,0
lsa-multi-krum-late20-seed42-20261004,5,2,output,sparsity,0.015384615384615385,0
lsa-multi-krum-late20-seed42-20261004,5,2,output,skewness,0.4722000361070323,0
lsa-multi-krum-late20-seed42-20261004,5,2,output,kurtosis,3.908715661445865,0
lsa-multi-krum-late20-seed42-20261004,5,3,conv1,mean,0.001216532110265689,0
lsa-multi-krum-late20-seed42-20261004,5,3,conv1,std,0.002139091466412844,0
lsa-multi-krum-late20-seed42-20261004,5,3,conv1,median,0.00016047805547714233,0
lsa-multi-krum-late20-seed42-20261004,5,3,conv1,min,-0.0017432421445846558,0
lsa-multi-krum-late20-seed42-20261004,5,3,conv1,max,0.008230745792388916,0
lsa-multi-krum-late20-seed42-20261004,5,3,conv1,l1,0.22187139943707734,0
lsa-multi-krum-late20-seed42-20261004,5,3,conv1,l2,0.03112725539327293,0
lsa-multi-krum-late20-seed42-20261004,5,3,conv1,max_abs,0.008230745792388916,0
lsa-multi-krum-late20-seed42-20261004,5,3,conv1,sparsity,0.0,0
lsa-multi-krum-late20-seed42-20261004,5,3,conv1,skewness,1.5309265442476874,0
lsa-multi-krum-late20-seed42-20261004,5,3,conv1,kurtosis,1.3601986275448468,0
lsa-multi-krum-late20-seed42-20261004,5,3,conv2,mean,0.00030245579273861073,0
lsa-multi-krum-late20-seed42-20261004,5,3,conv2,std,0.000748724106938732,0
lsa-multi-krum-late20-seed42-20261004,5,3,conv2,median,7.644295692443848e-05,0
lsa-multi-krum-late20-seed42-20261004,5,3,conv2,min,-0.001739203929901123,0
lsa-multi-krum-late20-seed42-20261004,5,3,conv2,max,0.007647177204489708,0
lsa-multi-krum-late20-seed42-20261004,5,3,conv2,l1,1.8246360102966719,0
lsa-multi-krum-late20-seed42-20261004,5,3,conv2,l2,0.05500538381111137,0
lsa-multi-krum-late20-seed42-20261004,5,3,conv2,max_abs,0.007647177204489708,0
lsa-multi-krum-late20-seed42-20261004,5,3,conv2,sparsity,0.000646551724137931,0
lsa-multi-krum-late20-seed42-20261004,5,3,conv2,skewness,3.6776582964168303,0
lsa-multi-krum-late20-seed42-20261004,5,3,conv2,kurtosis,20.3071629591459,0
lsa-multi-krum-late20-seed42-20261004,5,3,fc1,mean,3.94533503863686e-05,0
lsa-multi-krum-late20-seed42-20261004,5,3,fc1,std,0.0002640422532904611,0
lsa-multi-krum-late20-seed42-20261004,5,3,fc1,median,2.1653249859809875e-07,0
lsa-multi-krum-late20-seed42-20261004,5,3,fc1,min,-0.0035088639706373215,0
lsa-multi-krum-late20-seed42-20261004,5,3,fc1,max,0.004358714446425438,0
lsa-multi-krum-late20-seed42-20261004,5,3,fc1,l1,12.298670445952041,0
lsa-multi-krum-late20-seed42-20261004,5,3,fc1,l2,0.08459987108351404,0
lsa-multi-krum-late20-seed42-20261004,5,3,fc1,max_abs,0.004358714446425438,0
lsa-multi-krum-late20-seed42-20261004,5,3,fc1,sparsity,0.08120219885277247,0
lsa-multi-krum-late20-seed42-20261004,5,3,fc1,skewness,2.0794479379043413,0
lsa-multi-krum-late20-seed42-20261004,5,3,fc1,kurtosis,28.018471747615337,0
lsa-multi-krum-late20-seed42-20261004,5,3,output,mean,9.863959768643746e-11,0
lsa-multi-krum-late20-seed42-20261004,5,3,output,std,0.0012059330189553563,0
lsa-multi-krum-late20-seed42-20261004,5,3,output,median,-3.851950168609619e-06,0
lsa-multi-krum-late20-seed42-20261004,5,3,output,min,-0.004614103585481644,0
lsa-multi-krum-late20-seed42-20261004,5,3,output,max,0.005741618573665619,0
lsa-multi-krum-late20-seed42-20261004,5,3,output,l1,0.4906385854410473,0
lsa-multi-krum-late20-seed42-20261004,5,3,output,l2,0.0307453799786962,0
lsa-multi-krum-late20-seed42-20261004,5,3,output,max_abs,0.005741618573665619,0
lsa-multi-krum-late20-seed42-20261004,5,3,output,sparsity,0.03076923076923077,0
lsa-multi-krum-late20-seed42-20261004,5,3,output,skewness,0.8827258142073127,0
lsa-multi-krum-late20-seed42-20261004,5,3,output,kurtosis,4.333640734675577,0
lsa-multi-krum-late20-seed42-20261004,5,4,conv1,mean,0.0012036622218147385,0
lsa-multi-krum-late20-seed42-20261004,5,4,conv1,std,0.002074923208502478,0
lsa-multi-krum-late20-seed42-20261004,5,4,conv1,median,0.00021420419216156006,0
lsa-multi-krum-late20-seed42-20261004,5,4,conv1,min,-0.0017841905355453491,0
lsa-multi-krum-late20-seed42-20261004,5,4,conv1,max,0.0079745352268219,0
lsa-multi-krum-late20-seed42-20261004,5,4,conv1,l1,0.21808573498856276,0
lsa-multi-krum-late20-seed42-20261004,5,4,conv1,l2,0.030342337590650362,0
lsa-multi-krum-late20-seed42-20261004,5,4,conv1,max_abs,0.0079745352268219,0
lsa-multi-krum-late20-seed42-20261004,5,4,conv1,sparsity,0.0,0
lsa-multi-krum-late20-seed42-20261004,5,4,conv1,skewness,1.541838940423612,0
lsa-multi-krum-late20-seed42-20261004,5,4,conv1,kurtosis,1.4073942324808497,0
lsa-multi-krum-late20-seed42-20261004,5,4,conv2,mean,0.00027845290090555924,0
lsa-multi-krum-late20-seed42-20261004,5,4,conv2,std,0.0007526461540336425,0
lsa-multi-krum-late20-seed42-20261004,5,4,conv2,median,6.0169026255607605e-05,0
lsa-multi-krum-late20-seed42-20261004,5,4,conv2,min,-0.0018369480967521667,0
lsa-multi-krum-late20-seed42-20261004,5,4,conv2,max,0.008347444236278534,0
lsa-multi-krum-late20-seed42-20261004,5,4,conv2,l1,1.761834778724733,0
lsa-multi-krum-late20-seed42-20261004,5,4,conv2,l2,0.054664584930174,0
lsa-multi-krum-late20-seed42-20261004,5,4,conv2,max_abs,0.008347444236278534,0
lsa-multi-krum-late20-seed42-20261004,5,4,conv2,sparsity,0.0004310344827586207,0
lsa-multi-krum-late20-seed42-20261004,5,4,conv2,skewness,3.9649070477104105,0
lsa-multi-krum-late20-seed42-20261004,5,4,conv2,kurtosis,24.601106573811975,0
lsa-multi-krum-late20-seed42-20261004,5,4,fc1,mean,4.3866345114781394e-05,0
lsa-multi-krum-late20-seed42-20261004,5,4,fc1,std,0.00026954847534606745,0
lsa-multi-krum-late20-seed42-20261004,5,4,fc1,median,2.2631138563156128e-07,0
lsa-multi-krum-late20-seed42-20261004,5,4,fc1,min,-0.003607414662837982,0
lsa-multi-krum-late20-seed42-20261004,5,4,fc1,max,0.0049893781542778015,0
lsa-multi-krum-late20-seed42-20261004,5,4,fc1,l1,12.67452155164824,0
lsa-multi-krum-late20-seed42-20261004,5,4,fc1,l2,0.08653952405934894,0
lsa-multi-krum-late20-seed42-20261004,5,4,fc1,max_abs,0.0049893781542778015,0
lsa-multi-krum-late20-seed42-20261004,5,4,fc1,sparsity,0.08054493307839389,0
lsa-multi-krum-late20-seed42-20261004,5,4,fc1,skewness,2.3511292162977586,0
lsa-multi-krum-late20-seed42-20261004,5,4,fc1,kurtosis,30.79673487684917,0
lsa-multi-krum-late20-seed42-20261004,5,4,output,mean,2.478303101200324e-10,0
lsa-multi-krum-late20-seed42-20261004,5,4,output,std,0.0012327444019380788,0
lsa-multi-krum-late20-seed42-20261004,5,4,output,median,-4.4014304876327515e-06,0
lsa-multi-krum-late20-seed42-20261004,5,4,output,min,-0.004469238221645355,0
lsa-multi-krum-late20-seed42-20261004,5,4,output,max,0.006317004561424255,0
lsa-multi-krum-late20-seed42-20261004,5,4,output,l1,0.4959712709824089,0
lsa-multi-krum-late20-seed42-20261004,5,4,output,l2,0.031428938803773294,0
lsa-multi-krum-late20-seed42-20261004,5,4,output,max_abs,0.006317004561424255,0
lsa-multi-krum-late20-seed42-20261004,5,4,output,sparsity,0.03076923076923077,0
lsa-multi-krum-late20-seed42-20261004,5,4,output,skewness,0.9933263473140077,0
lsa-multi-krum-late20-seed42-20261004,5,4,output,kurtosis,4.331027505370716,0
lsa-multi-krum-late20-seed42-20261004,6,0,conv1,mean,0.0016609027814411092,0
lsa-multi-krum-late20-seed42-20261004,6,0,conv1,std,0.002790395761666416,0
lsa-multi-krum-late20-seed42-20261004,6,0,conv1,median,0.00034962035715579987,0
lsa-multi-krum-late20-seed42-20261004,6,0,conv1,min,-0.0022131353616714478,0
lsa-multi-krum-late20-seed42-20261004,6,0,conv1,max,0.010275155305862427,0
lsa-multi-krum-late20-seed42-20261004,6,0,conv1,l1,0.2983711975393817,0
lsa-multi-krum-late20-seed42-20261004,6,0,conv1,l2,0.04107535817226617,0
lsa-multi-krum-late20-seed42-20261004,6,0,conv1,max_abs,0.010275155305862427,0
lsa-multi-krum-late20-seed42-20261004,6,0,conv1,sparsity,0.0,0
lsa-multi-krum-late20-seed42-20261004,6,0,conv1,skewness,1.467799620682417,0
lsa-multi-krum-late20-seed42-20261004,6,0,conv1,kurtosis,1.0538236771987153,0
lsa-multi-krum-late20-seed42-20261004,6,0,conv2,mean,0.000345608039816821,0
lsa-multi-krum-late20-seed42-20261004,6,0,conv2,std,0.0009091358428047899,0
lsa-multi-krum-late20-seed42-20261004,6,0,conv2,median,8.931098273023963e-05,0
lsa-multi-krum-late20-seed42-20261004,6,0,conv2,min,-0.0023322999477386475,0
lsa-multi-krum-late20-seed42-20261004,6,0,conv2,max,0.009934164583683014,0
lsa-multi-krum-late20-seed42-20261004,6,0,conv2,l1,2.213055808138961,0
lsa-multi-krum-late20-seed42-20261004,6,0,conv2,l2,0.066251899943043,0
lsa-multi-krum-late20-seed42-20261004,6,0,conv2,max_abs,0.009934164583683014,0
lsa-multi-krum-late20-seed42-20261004,6,0,conv2,sparsity,0.00021551724137931034,0
lsa-multi-krum-late20-seed42-20261004,6,0,conv2,skewness,3.686964060840407,0
lsa-multi-krum-late20-seed42-20261004,6,0,conv2,kurtosis,21.746750659576854,0
lsa-multi-krum-late20-seed42-20261004,6,0,fc1,mean,3.832485206707899e-05,0
lsa-multi-krum-late20-seed42-20261004,6,0,fc1,std,0.00033471733933371613,0
lsa-multi-krum-late20-seed42-20261004,6,0,fc1,median,0.0,0
lsa-multi-krum-late20-seed42-20261004,6,0,fc1,min,-0.005475305020809174,0
lsa-multi-krum-late20-seed42-20261004,6,0,fc1,max,0.006045430898666382,0
lsa-multi-krum-late20-seed42-20261004,6,0,fc1,l1,15.437825854369521,0
lsa-multi-krum-late20-seed42-20261004,6,0,fc1,l2,0.10675985679149154,0
lsa-multi-krum-late20-seed42-20261004,6,0,fc1,max_abs,0.006045430898666382,0
lsa-multi-krum-late20-seed42-20261004,6,0,fc1,sparsity,0.07052660930528999,0
lsa-multi-krum-late20-seed42-20261004,6,0,fc1,skewness,1.429574709439421,0
lsa-multi-krum-late20-seed42-20261004,6,0,fc1,kurtosis,32.0000160711868,0
lsa-multi-krum-late20-seed42-20261004,6,0,output,mean,-3.263658772294338e-10,0
lsa-multi-krum-late20-seed42-20261004,6,0,output,std,0.0015390646065303688,0
lsa-multi-krum-late20-seed42-20261004,6,0,output,median,-2.616085112094879e-06,0
lsa-multi-krum-late20-seed42-20261004,6,0,output,min,-0.006263330578804016,0
lsa-multi-krum-late20-seed42-20261004,6,0,output,max,0.005564674735069275,0
lsa-multi-krum-late20-seed42-20261004,6,0,output,l1,0.6576339085295331,0
lsa-multi-krum-late20-seed42-20261004,6,0,output,l2,0.03923860230689264,0
lsa-multi-krum-late20-seed42-20261004,6,0,output,max_abs,0.006263330578804016,0
lsa-multi-krum-late20-seed42-20261004,6,0,output,sparsity,0.015384615384615385,0
lsa-multi-krum-late20-seed42-20261004,6,0,output,skewness,0.10492493376094048,0
lsa-multi-krum-late20-seed42-20261004,6,0,output,kurtosis,2.1168681846068536,0
lsa-multi-krum-late20-seed42-20261004,6,1,conv1,mean,0.0016068265766080003,0
lsa-multi-krum-late20-seed42-20261004,6,1,conv1,std,0.002735021542426682,0
lsa-multi-krum-late20-seed42-20261004,6,1,conv1,median,0.000361122190952301,0
lsa-multi-krum-late20-seed42-20261004,6,1,conv1,min,-0.0019195973873138428,0
lsa-multi-krum-late20-seed42-20261004,6,1,conv1,max,0.010036230087280273,0
lsa-multi-krum-late20-seed42-20261004,6,1,conv1,l1,0.29176777496468276,0
lsa-multi-krum-late20-seed42-20261004,6,1,conv1,l2,0.040124275913380546,0
lsa-multi-krum-late20-seed42-20261004,6,1,conv1,max_abs,0.010036230087280273,0
lsa-multi-krum-late20-seed42-20261004,6,1,conv1,sparsity,0.0,0
lsa-multi-krum-late20-seed42-20261004,6,1,conv1,skewness,1.4673184040180465,0
lsa-multi-krum-late20-seed42-20261004,6,1,conv1,kurtosis,1.0222038778830829,0
lsa-multi-krum-late20-seed42-20261004,6,1,conv2,mean,0.00033517771022114424,0
lsa-multi-krum-late20-seed42-20261004,6,1,conv2,std,0.0008977355842176555,0
lsa-multi-krum-late20-seed42-20261004,6,1,conv2,median,7.925834506750107e-05,0
lsa-multi-krum-late20-seed42-20261004,6,1,conv2,min,-0.002341754734516144,0
lsa-multi-krum-late20-seed42-20261004,6,1,conv2,max,0.00947524607181549,0
lsa-multi-krum-late20-seed42-20261004,6,1,conv2,l1,2.1702545705520606,0
lsa-multi-krum-late20-seed42-20261004,6,1,conv2,l2,0.06527471182182752,0
lsa-multi-krum-late20-seed42-20261004,6,1,conv2,max_abs,0.00947524607181549,0
lsa-multi-krum-late20-seed42-20261004,6,1,conv2,sparsity,0.0004310344827586207,0
lsa-multi-krum-late20-seed42-20261004,6,1,conv2,skewness,3.6793025545691664,0
lsa-multi-krum-late20-seed42-20261004,6,1,conv2,kurtosis,21.293354201857188,0
lsa-multi-krum-late20-seed42-20261004,6,1,fc1,mean,2.8650774956659366e-05,0
lsa-multi-krum-late20-seed42-20261004,6,1,fc1,std,0.0003161058985042424,0
lsa-multi-krum-late20-seed42-20261004,6,1,fc1,median,0.0,0
lsa-multi-krum-late20-seed42-20261004,6,1,fc1,min,-0.005249110981822014,0
lsa-multi-krum-late20-seed42-20261004,6,1,fc1,max,0.005012378096580505,0
lsa-multi-krum-late20-seed42-20261004,6,1,fc1,l1,15.01896413215104,0
lsa-multi-krum-late20-seed42-20261004,6,1,fc1,l2,0.10057976944080091,0
lsa-multi-krum-late20-seed42-20261004,6,1,fc1,max_abs,0.005249110981822014,0
lsa-multi-krum-late20-seed42-20261004,6,1,fc1,sparsity,0.07343451242829828,0
lsa-multi-krum-late20-seed42-20261004,6,1,fc1,skewness,1.4051067536298179,0
lsa-multi-krum-late20-seed42-20261004,6,1,fc1,kurtosis,26.798192699307027,0
lsa-multi-krum-late20-seed42-20261004,6,1,output,mean,1.8039897370796937e-10,0
lsa-multi-krum-late20-seed42-20261004,6,1,output,std,0.0015532748088769234,0
lsa-multi-krum-late20-seed42-20261004,6,1,output,median,-2.0228326320648193e-06,0
lsa-multi-krum-late20-seed42-20261004,6,1,output,min,-0.005655728280544281,0
lsa-multi-krum-late20-seed42-20261004,6,1,output,max,0.006558693945407867,0
lsa-multi-krum-late20-seed42-20261004,6,1,output,l1,0.6443803239089902,0
lsa-multi-krum-late20-seed42-20261004,6,1,output,l2,0.03960089280217795,0
lsa-multi-krum-late20-seed42-20261004,6,1,output,max_abs,0.006558693945407867,0
lsa-multi-krum-late20-seed42-20261004,6,1,output,sparsity,0.015384615384615385,0
lsa-multi-krum-late20-seed42-20261004,6,1,output,skewness,0.6315817136285873,0
lsa-multi-krum-late20-seed42-20261004,6,1,output,kurtosis,2.926706921142637,0
lsa-multi-krum-late20-seed42-20261004,6,2,conv1,mean,0.0016000126612198073,0
lsa-multi-krum-late20-seed42-20261004,6,2,conv1,std,0.0027252144340070153,0
lsa-multi-krum-late20-seed42-20261004,6,2,conv1,median,0.0003467351198196411,0
lsa-multi-krum-late20-seed42-20261004,6,2,conv1,min,-0.0020112693309783936,0
lsa-multi-krum-late20-seed42-20261004,6,2,conv1,max,0.010212808847427368,0
lsa-multi-krum-late20-seed42-20261004,6,2,conv1,l1,0.2887526823906228,0
lsa-multi-krum-late20-seed42-20261004,6,2,conv1,l2,0.0399736597821793,0
lsa-multi-krum-late20-seed42-20261004,6,2,conv1,max_abs,0.010212808847427368,0
lsa-multi-krum-late20-seed42-20261004,6,2,conv1,sparsity,0.0,0
lsa-multi-krum-late20-seed42-20261004,6,2,conv1,skewness,1.4792084925992786,0
lsa-multi-krum-late20-seed42-20261004,6,2,conv1,kurtosis,1.0803568169711601,0
lsa-multi-krum-late20-seed42-20261004,6,2,conv2,mean,0.00033785575910926505,0
lsa-multi-krum-late20-seed42-20261004,6,2,conv2,std,0.0008889841705394338,0
lsa-multi-krum-late20-seed42-20261004,6,2,conv2,median,7.52375926822424e-05,0
lsa-multi-krum-late20-seed42-20261004,6,2,conv2,min,-0.002249106764793396,0
lsa-multi-krum-late20-seed42-20261004,6,2,conv2,max,0.009499706327915192,0
lsa-multi-krum-late20-seed42-20261004,6,2,conv2,l1,2.1175170851347502,0
lsa-multi-krum-late20-seed42-20261004,6,2,conv2,l2,0.06478115987051358,0
lsa-multi-krum-late20-seed42-20261004,6,2,conv2,max_abs,0.009499706327915192,0
lsa-multi-krum-late20-seed42-20261004,6,2,conv2,sparsity,0.0,0
lsa-multi-krum-late20-seed42-20261004,6,2,conv2,skewness,3.7970698098073923,0
lsa-multi-krum-late20-seed42-20261004,6,2,conv2,kurtosis,22.45931833014138,0
lsa-multi-krum-late20-seed42-20261004,6,2,fc1,mean,5.2569377796534526e-05,0
lsa-multi-krum-late20-seed42-20261004,6,2,fc1,std,0.00030781336064875537,0
lsa-multi-krum-late20-seed42-20261004,6,2,fc1,median,6.137415766716003e-07,0
lsa-multi-krum-late20-seed42-20261004,6,2,fc1,min,-0.005222629755735397,0
lsa-multi-krum-late20-seed42-20261004,6,2,fc1,max,0.005092274397611618,0
lsa-multi-krum-late20-seed42-20261004,6,2,fc1,l1,14.857873457732921,0
lsa-multi-krum-late20-seed42-20261004,6,2,fc1,l2,0.09895365425814996,0
lsa-multi-krum-late20-seed42-20261004,6,2,fc1,max_abs,0.005222629755735397,0
lsa-multi-krum-late20-seed42-20261004,6,2,fc1,sparsity,0.06931166347992351,0
lsa-multi-krum-late20-seed42-20261004,6,2,fc1,skewness,1.5482033645903117,0
lsa-multi-krum-late20-seed42-20261004,6,2,fc1,kurtosis,23.516851693883616,0
lsa-multi-krum-late20-seed42-20261004,6,2,output,mean,-3.351418014902335e-10,0
lsa-multi-krum-late20-seed42-20261004,6,2,output,std,0.001441270227328661,0
lsa-multi-krum-late20-seed42-20261004,6,2,output,median,-2.1904706954956055e-06,0
lsa-multi-krum-late20-seed42-20261004,6,2,output,min,-0.006166879087686539,0
lsa-multi-krum-late20-seed42-20261004,6,2,output,max,0.006176844239234924,0
lsa-multi-krum-late20-seed42-20261004,6,2,output,l1,0.5949134481197689,0
lsa-multi-krum-late20-seed42-20261004,6,2,output,l2,0.03674532506754675,0
lsa-multi-krum-late20-seed42-20261004,6,2,output,max_abs,0.006176844239234924,0
lsa-multi-krum-late20-seed42-20261004,6,2,output,sparsity,0.015384615384615385,0
lsa-multi-krum-late20-seed42-20261004,6,2,output,skewness,0.2376063177743006,0
lsa-multi-krum-late20-seed42-20261004,6,2,output,kurtosis,3.392589603683054,0
lsa-multi-krum-late20-seed42-20261004,6,3,conv1,mean,0.0017806503965402953,0
lsa-multi-krum-late20-seed42-20261004,6,3,conv1,std,0.0030249565961935673,0
lsa-multi-krum-late20-seed42-20261004,6,3,conv1,median,0.0003203153610229492,0
lsa-multi-krum-late20-seed42-20261004,6,3,conv1,min,-0.002089664340019226,0
lsa-multi-krum-late20-seed42-20261004,6,3,conv1,max,0.011326074600219727,0
lsa-multi-krum-late20-seed42-20261004,6,3,conv1,l1,0.3162202045787126,0
lsa-multi-krum-late20-seed42-20261004,6,3,conv1,l2,0.0444001409791529,0
lsa-multi-krum-late20-seed42-20261004,6,3,conv1,max_abs,0.011326074600219727,0
lsa-multi-krum-late20-seed42-20261004,6,3,conv1,sparsity,0.0,0
lsa-multi-krum-late20-seed42-20261004,6,3,conv1,skewness,1.513633909900538,0
lsa-multi-krum-late20-seed42-20261004,6,3,conv1,kurtosis,1.1760671740460928,0
lsa-multi-krum-late20-seed42-20261004,6,3,conv2,mean,0.0003861660558931331,0
lsa-multi-krum-late20-seed42-20261004,6,3,conv2,std,0.0009691382168875105,0
lsa-multi-krum-late20-seed42-20261004,6,3,conv2,median,9.86224040389061e-05,0
lsa-multi-krum-late20-seed42-20261004,6,3,conv2,min,-0.0023302212357521057,0
lsa-multi-krum-late20-seed42-20261004,6,3,conv2,max,0.010238103568553925,0
lsa-multi-krum-late20-seed42-20261004,6,3,conv2,l1,2.3138533127494156,0
lsa-multi-krum-late20-seed42-20261004,6,3,conv2,l2,0.07106305940897607,0
lsa-multi-krum-late20-seed42-20261004,6,3,conv2,max_abs,0.010238103568553925,0
lsa-multi-krum-late20-seed42-20261004,6,3,conv2,sparsity,0.0,0
lsa-multi-krum-late20-seed42-20261004,6,3,conv2,skewness,3.809389365317432,0
lsa-multi-krum-late20-seed42-20261004,6,3,conv2,kurtosis,22.053878619450415,0
lsa-multi-krum-late20-seed42-20261004,6,3,fc1,mean,4.164814844449786e-05,0
lsa-multi-krum-late20-seed42-20261004,6,3,fc1,std,0.0003108125437341677,0
lsa-multi-krum-late20-seed42-20261004,6,3,fc1,median,1.1827796697616577e-07,0
lsa-multi-krum-late20-seed42-20261004,6,3,fc1,min,-0.0042725056409835815,0
lsa-multi-krum-late20-seed42-20261004,6,3,fc1,max,0.0053400443866848946,0
lsa-multi-krum-late20-seed42-20261004,6,3,fc1,l1,14.46011692673801,0
lsa-multi-krum-late20-seed42-20261004,6,3,fc1,l2,0.09937207649772752,0
lsa-multi-krum-late20-seed42-20261004,6,3,fc1,max_abs,0.0053400443866848946,0
lsa-multi-krum-late20-seed42-20261004,6,3,fc1,sparsity,0.077407982791587,0
lsa-multi-krum-late20-seed42-20261004,6,3,fc1,skewness,1.86661300655406,0
lsa-multi-krum-late20-seed42-20261004,6,3,fc1,kurtosis,27.58904319829715,0
lsa-multi-krum-late20-seed42-20261004,6,3,output,mean,2.515018702699588e-10,0
lsa-multi-krum-late20-seed42-20261004,6,3,output,std,0.001599825622117962,0
lsa-multi-krum-late20-seed42-20261004,6,3,output,median,-2.6151537895202637e-06,0
lsa-multi-krum-late20-seed42-20261004,6,3,output,min,-0.006297580897808075,0
lsa-multi-krum-late20-seed42-20261004,6,3,output,max,0.007226802408695221,0
lsa-multi-krum-late20-seed42-20261004,6,3,output,l1,0.6662486619025003,0
lsa-multi-krum-late20-seed42-20261004,6,3,output,l2,0.04078771032762653,0
lsa-multi-krum-late20-seed42-20261004,6,3,output,max_abs,0.007226802408695221,0
lsa-multi-krum-late20-seed42-20261004,6,3,output,sparsity,0.03076923076923077,0
lsa-multi-krum-late20-seed42-20261004,6,3,output,skewness,0.6779304987636748,0
lsa-multi-krum-late20-seed42-20261004,6,3,output,kurtosis,3.594065103370408,0
lsa-multi-krum-late20-seed42-20261004,6,4,conv1,mean,0.0017783543204132,0
lsa-multi-krum-late20-seed42-20261004,6,4,conv1,std,0.0029990865918553106,0
lsa-multi-krum-late20-seed42-20261004,6,4,conv1,median,0.00031425803899765015,0
lsa-multi-krum-late20-seed42-20261004,6,4,conv1,min,-0.002250760793685913,0
lsa-multi-krum-late20-seed42-20261004,6,4,conv1,max,0.011271834373474121,0
lsa-multi-krum-late20-seed42-20261004,6,4,conv1,l1,0.3157935581402853,0
lsa-multi-krum-late20-seed42-20261004,6,4,conv1,l2,0.04410363155002744,0
lsa-multi-krum-late20-seed42-20261004,6,4,conv1,max_abs,0.011271834373474121,0
lsa-multi-krum-late20-seed42-20261004,6,4,conv1,sparsity,0.0,0
lsa-multi-krum-late20-seed42-20261004,6,4,conv1,skewness,1.5186090423993563,0
lsa-multi-krum-late20-seed42-20261004,6,4,conv1,kurtosis,1.2134294283037894,0
lsa-multi-krum-late20-seed42-20261004,6,4,conv2,mean,0.0003608115457648731,0
lsa-multi-krum-late20-seed42-20261004,6,4,conv2,std,0.000980386147833511,0
lsa-multi-krum-late20-seed42-20261004,6,4,conv2,median,7.837079465389252e-05,0
lsa-multi-krum-late20-seed42-20261004,6,4,conv2,min,-0.002294890582561493,0
lsa-multi-krum-late20-seed42-20261004,6,4,conv2,max,0.010956741869449615,0
lsa-multi-krum-late20-seed42-20261004,6,4,conv2,l1,2.2622033347834076,0
lsa-multi-krum-late20-seed42-20261004,6,4,conv2,l2,0.07116057014073,0
lsa-multi-krum-late20-seed42-20261004,6,4,conv2,max_abs,0.010956741869449615,0
lsa-multi-krum-late20-seed42-20261004,6,4,conv2,sparsity,0.00021551724137931034,0
lsa-multi-krum-late20-seed42-20261004,6,4,conv2,skewness,4.006543223240862,0
lsa-multi-krum-late20-seed42-20261004,6,4,conv2,kurtosis,24.896171489246406,0
lsa-multi-krum-late20-seed42-20261004,6,4,fc1,mean,4.4715102862676847e-05,0
lsa-multi-krum-late20-seed42-20261004,6,4,fc1,std,0.000313282658671363,0
lsa-multi-krum-late20-seed42-20261004,6,4,fc1,median,2.7936039259657264e-07,0
lsa-multi-krum-late20-seed42-20261004,6,4,fc1,min,-0.004393195733428001,0
lsa-multi-krum-late20-seed42-20261004,6,4,fc1,max,0.005858544260263443,0
lsa-multi-krum-late20-seed42-20261004,6,4,fc1,l1,14.749271463800369,0
lsa-multi-krum-late20-seed42-20261004,6,4,fc1,l2,0.10028064109346035,0
lsa-multi-krum-late20-seed42-20261004,6,4,fc1,max_abs,0.005858544260263443,0
lsa-multi-krum-late20-seed42-20261004,6,4,fc1,sparsity,0.06777804333970681,0
lsa-multi-krum-late20-seed42-20261004,6,4,fc1,skewness,2.016020139427925,0
lsa-multi-krum-late20-seed42-20261004,6,4,fc1,kurtosis,29.898603442251797,0
lsa-multi-krum-late20-seed42-20261004,6,4,output,mean,-1.5872781379864767e-10,0
lsa-multi-krum-late20-seed42-20261004,6,4,output,std,0.0016164663252372744,0
lsa-multi-krum-late20-seed42-20261004,6,4,output,median,-1.7564743757247925e-06,0
lsa-multi-krum-late20-seed42-20261004,6,4,output,min,-0.005546052008867264,0
lsa-multi-krum-late20-seed42-20261004,6,4,output,max,0.008045993745326996,0
lsa-multi-krum-late20-seed42-20261004,6,4,output,l1,0.6632792714808602,0
lsa-multi-krum-late20-seed42-20261004,6,4,output,l2,0.04121196667725262,0
lsa-multi-krum-late20-seed42-20261004,6,4,output,max_abs,0.008045993745326996,0
lsa-multi-krum-late20-seed42-20261004,6,4,output,sparsity,0.015384615384615385,0
lsa-multi-krum-late20-seed42-20261004,6,4,output,skewness,0.8553922330070567,0
lsa-multi-krum-late20-seed42-20261004,6,4,output,kurtosis,3.7079718314358256,0
lsa-multi-krum-late20-seed42-20261004,7,0,conv1,mean,0.002316702737880405,0
lsa-multi-krum-late20-seed42-20261004,7,0,conv1,std,0.0038202435409073685,0
lsa-multi-krum-late20-seed42-20261004,7,0,conv1,median,0.0004849657416343689,0
lsa-multi-krum-late20-seed42-20261004,7,0,conv1,min,-0.0024078786373138428,0
lsa-multi-krum-late20-seed42-20261004,7,0,conv1,max,0.013944000005722046,0
lsa-multi-krum-late20-seed42-20261004,7,0,conv1,l1,0.4103715003002435,0
lsa-multi-krum-late20-seed42-20261004,7,0,conv1,l2,0.05651388825773293,0
lsa-multi-krum-late20-seed42-20261004,7,0,conv1,max_abs,0.013944000005722046,0
lsa-multi-krum-late20-seed42-20261004,7,0,conv1,sparsity,0.0,0
lsa-multi-krum-late20-seed42-20261004,7,0,conv1,skewness,1.4825913885743136,0
lsa-multi-krum-late20-seed42-20261004,7,0,conv1,kurtosis,1.0189576177349915,0
lsa-multi-krum-late20-seed42-20261004,7,0,conv2,mean,0.00042193982403346286,0
lsa-multi-krum-late20-seed42-20261004,7,0,conv2,std,0.0011476151875052314,0
lsa-multi-krum-late20-seed42-20261004,7,0,conv2,median,0.0001009991392493248,0
lsa-multi-krum-late20-seed42-20261004,7,0,conv2,min,-0.003013908863067627,0
lsa-multi-krum-late20-seed42-20261004,7,0,conv2,max,0.012743644416332245,0
lsa-multi-krum-late20-seed42-20261004,7,0,conv2,l1,2.732267204526579,0
lsa-multi-krum-late20-seed42-20261004,7,0,conv2,l2,0.08328895357944524,0
lsa-multi-krum-late20-seed42-20261004,7,0,conv2,max_abs,0.012743644416332245,0
lsa-multi-krum-late20-seed42-20261004,7,0,conv2,sparsity,0.0,0
lsa-multi-krum-late20-seed42-20261004,7,0,conv2,skewness,3.7956890058172186,0
lsa-multi-krum-late20-seed42-20261004,7,0,conv2,kurtosis,23.00211630127663,0
lsa-multi-krum-late20-seed42-20261004,7,0,fc1,mean,4.333711675135325e-05,0
lsa-multi-krum-late20-seed42-20261004,7,0,fc1,std,0.0004113537857283944,0
lsa-multi-krum-late20-seed42-20261004,7,0,fc1,median,0.0,0
lsa-multi-krum-late20-seed42-20261004,7,0,fc1,min,-0.006892849691212177,0
lsa-multi-krum-late20-seed42-20261004,7,0,fc1,max,0.0072669461369514465,0
lsa-multi-krum-late20-seed42-20261004,7,0,fc1,l1,18.876673684920092,0
lsa-multi-krum-late20-seed42-20261004,7,0,fc1,l2,0.13107317700396343,0
lsa-multi-krum-late20-seed42-20261004,7,0,fc1,max_abs,0.0072669461369514465,0
lsa-multi-krum-late20-seed42-20261004,7,0,fc1,sparsity,0.06788758763543658,0
lsa-multi-krum-late20-seed42-20261004,7,0,fc1,skewness,1.1918357203979115,0
lsa-multi-krum-late20-seed42-20261004,7,0,fc1,kurtosis,31.242100723254296,0
lsa-multi-krum-late20-seed42-20261004,7,0,output,mean,-2.9847097511474903e-10,0
lsa-multi-krum-late20-seed42-20261004,7,0,output,std,0.0021086597480151265,0
lsa-multi-krum-late20-seed42-20261004,7,0,output,median,-2.430751919746399e-06,0
lsa-multi-krum-late20-seed42-20261004,7,0,output,min,-0.008391618728637695,0
lsa-multi-krum-late20-seed42-20261004,7,0,output,max,0.009351380169391632,0
lsa-multi-krum-late20-seed42-20261004,7,0,output,l1,0.9000534873339348,0
lsa-multi-krum-late20-seed42-20261004,7,0,output,l2,0.05376048601328442,0
lsa-multi-krum-late20-seed42-20261004,7,0,output,max_abs,0.009351380169391632,0
lsa-multi-krum-late20-seed42-20261004,7,0,output,sparsity,0.015384615384615385,0
lsa-multi-krum-late20-seed42-20261004,7,0,output,skewness,0.15610401594765302,0
lsa-multi-krum-late20-seed42-20261004,7,0,output,kurtosis,2.4426868180079593,0
lsa-multi-krum-late20-seed42-20261004,7,1,conv1,mean,0.002302661573048681,0
lsa-multi-krum-late20-seed42-20261004,7,1,conv1,std,0.0038116950118717544,0
lsa-multi-krum-late20-seed42-20261004,7,1,conv1,median,0.0005235336720943451,0
lsa-multi-krum-late20-seed42-20261004,7,1,conv1,min,-0.0020238906145095825,0
lsa-multi-krum-late20-seed42-20261004,7,1,conv1,max,0.01373937726020813,0
lsa-multi-krum-late20-seed42-20261004,7,1,conv1,l1,0.40996487019583583,0
lsa-multi-krum-late20-seed42-20261004,7,1,conv1,l2,0.056329415666804904,0
lsa-multi-krum-late20-seed42-20261004,7,1,conv1,max_abs,0.01373937726020813,0
lsa-multi-krum-late20-seed42-20261004,7,1,conv1,sparsity,0.0,0
lsa-multi-krum-late20-seed42-20261004,7,1,conv1,skewness,1.4728475541968378,0
lsa-multi-krum-late20-seed42-20261004,7,1,conv1,kurtosis,0.9546731712379466,0
lsa-multi-krum-late20-seed42-20261004,7,1,conv2,mean,0.00042298547393117806,0
lsa-multi-krum-late20-seed42-20261004,7,1,conv2,std,0.0011516838154380974,0
lsa-multi-krum-late20-seed42-20261004,7,1,conv2,median,9.349547326564789e-05,0
lsa-multi-krum-late20-seed42-20261004,7,1,conv2,min,-0.00288575142621994,0
lsa-multi-krum-late20-seed42-20261004,7,1,conv2,max,0.012552760541439056,0
lsa-multi-krum-late20-seed42-20261004,7,1,conv2,l1,2.689224983651002,0
lsa-multi-krum-late20-seed42-20261004,7,1,conv2,l2,0.08357365837158622,0
lsa-multi-krum-late20-seed42-20261004,7,1,conv2,max_abs,0.012552760541439056,0
lsa-multi-krum-late20-seed42-20261004,7,1,conv2,sparsity,0.0004310344827586207,0
lsa-multi-krum-late20-seed42-20261004,7,1,conv2,skewness,3.8937779230469913,0
lsa-multi-krum-late20-seed42-20261004,7,1,conv2,kurtosis,23.576508923052934,0
lsa-multi-krum-late20-seed42-20261004,7,1,fc1,mean,3.839638176962985e-05,0
lsa-multi-krum-late20-seed42-20261004,7,1,fc1,std,0.0003807848126731355,0
lsa-multi-krum-late20-seed42-20261004,7,1,fc1,median,0.0,0
lsa-multi-krum-late20-seed42-20261004,7,1,fc1,min,-0.006088506430387497,0
lsa-multi-krum-late20-seed42-20261004,7,1,fc1,max,0.0059820786118507385,0
lsa-multi-krum-late20-seed42-20261004,7,1,fc1,l1,17.981355515389453,0
lsa-multi-krum-late20-seed42-20261004,7,1,fc1,l2,0.12127682240857375,0
lsa-multi-krum-late20-seed42-20261004,7,1,fc1,max_abs,0.006088506430387497,0
lsa-multi-krum-late20-seed42-20261004,7,1,fc1,sparsity,0.06826601338432123,0
lsa-multi-krum-late20-seed42-20261004,7,1,fc1,skewness,1.6094574817294238,0
lsa-multi-krum-late20-seed42-20261004,7,1,fc1,kurtosis,26.738502345303942,0
lsa-multi-krum-late20-seed42-20261004,7,1,output,mean,-2.3166649043560028e-10,0
lsa-multi-krum-late20-seed42-20261004,7,1,output,std,0.0020878613800552003,0
lsa-multi-krum-late20-seed42-20261004,7,1,output,median,-2.1569430828094482e-06,0
lsa-multi-krum-late20-seed42-20261004,7,1,output,min,-0.007421739399433136,0
lsa-multi-krum-late20-seed42-20261004,7,1,output,max,0.008123375475406647,0
lsa-multi-krum-late20-seed42-20261004,7,1,output,l1,0.8831971249892376,0
lsa-multi-krum-late20-seed42-20261004,7,1,output,l2,0.05323022959289147,0
lsa-multi-krum-late20-seed42-20261004,7,1,output,max_abs,0.008123375475406647,0
lsa-multi-krum-late20-seed42-20261004,7,1,output,sparsity,0.015384615384615385,0
lsa-multi-krum-late20-seed42-20261004,7,1,output,skewness,0.4910502805882524,0
lsa-multi-krum-late20-seed42-20261004,7,1,output,kurtosis,2.2935777741733157,0
lsa-multi-krum-late20-seed42-20261004,7,2,conv1,mean,0.002238777065940667,0
lsa-multi-krum-late20-seed42-20261004,7,2,conv1,std,0.003730787996141913,0
lsa-multi-krum-late20-seed42-20261004,7,2,conv1,median,0.00043739378452301025,0
lsa-multi-krum-late20-seed42-20261004,7,2,conv1,min,-0.0022180527448654175,0
lsa-multi-krum-late20-seed42-20261004,7,2,conv1,max,0.0137692391872406,0
lsa-multi-krum-late20-seed42-20261004,7,2,conv1,l1,0.3984360152389854,0
lsa-multi-krum-late20-seed42-20261004,7,2,conv1,l2,0.05503584551637378,0
lsa-multi-krum-late20-seed42-20261004,7,2,conv1,max_abs,0.0137692391872406,0
lsa-multi-krum-late20-seed42-20261004,7,2,conv1,sparsity,0.0,0
lsa-multi-krum-late20-seed42-20261004,7,2,conv1,skewness,1.4745130527560977,0
lsa-multi-krum-late20-seed42-20261004,7,2,conv1,kurtosis,0.9914487783933308,0
lsa-multi-krum-late20-seed42-20261004,7,2,conv2,mean,0.0004154617062905063,0
lsa-multi-krum-late20-seed42-20261004,7,2,conv2,std,0.0011184646967166072,0
lsa-multi-krum-late20-seed42-20261004,7,2,conv2,median,8.962396532297134e-05,0
lsa-multi-krum-late20-seed42-20261004,7,2,conv2,min,-0.00273016095161438,0
lsa-multi-krum-late20-seed42-20261004,7,2,conv2,max,0.012263894081115723,0
lsa-multi-krum-late20-seed42-20261004,7,2,conv2,l1,2.596408548648469,0
lsa-multi-krum-late20-seed42-20261004,7,2,conv2,l2,0.08127344413389706,0
lsa-multi-krum-late20-seed42-20261004,7,2,conv2,max_abs,0.012263894081115723,0
lsa-multi-krum-late20-seed42-20261004,7,2,conv2,sparsity,0.0,0
lsa-multi-krum-late20-seed42-20261004,7,2,conv2,skewness,3.9524382029667433,0
lsa-multi-krum-late20-seed42-20261004,7,2,conv2,kurtosis,24.082693916489532,0
lsa-multi-krum-late20-seed42-20261004,7,2,fc1,mean,6.079026107107008e-05,0
lsa-multi-krum-late20-seed42-20261004,7,2,fc1,std,0.00036428988631723993,0
lsa-multi-krum-late20-seed42-20261004,7,2,fc1,median,8.634233381599188e-07,0
lsa-multi-krum-late20-seed42-20261004,7,2,fc1,min,-0.006615388207137585,0
lsa-multi-krum-late20-seed42-20261004,7,2,fc1,max,0.005921974778175354,0
lsa-multi-krum-late20-seed42-20261004,7,2,fc1,l1,17.568170326926747,0
lsa-multi-krum-late20-seed42-20261004,7,2,fc1,l2,0.1170341880968596,0
lsa-multi-krum-late20-seed42-20261004,7,2,fc1,max_abs,0.006615388207137585,0
lsa-multi-krum-late20-seed42-20261004,7,2,fc1,sparsity,0.06573653601019758,0
lsa-multi-krum-late20-seed42-20261004,7,2,fc1,skewness,1.4045204468043242,0
lsa-multi-krum-late20-seed42-20261004,7,2,fc1,kurtosis,23.757520783649397,0
lsa-multi-krum-late20-seed42-20261004,7,2,output,mean,3.886032992830643e-10,0
lsa-multi-krum-late20-seed42-20261004,7,2,output,std,0.0018990056440903967,0
lsa-multi-krum-late20-seed42-20261004,7,2,output,median,-7.543712854385376e-07,0
lsa-multi-krum-late20-seed42-20261004,7,2,output,min,-0.008146725594997406,0
lsa-multi-krum-late20-seed42-20261004,7,2,output,max,0.007257290184497833,0
lsa-multi-krum-late20-seed42-20261004,7,2,output,l1,0.8074762280739378,0
lsa-multi-krum-late20-seed42-20261004,7,2,output,l2,0.04841533417819985,0
lsa-multi-krum-late20-seed42-20261004,7,2,output,max_abs,0.008146725594997406,0
lsa-multi-krum-late20-seed42-20261004,7,2,output,sparsity,0.015384615384615385,0
lsa-multi-krum-late20-seed42-20261004,7,2,output,skewness,-0.12902038091710682,0
lsa-multi-krum-late20-seed42-20261004,7,2,output,kurtosis,2.4722592772689627,0
lsa-multi-krum-late20-seed42-20261004,7,3,conv1,mean,0.0024818759557092562,0
lsa-multi-krum-late20-seed42-20261004,7,3,conv1,std,0.004127733404751919,0
lsa-multi-krum-late20-seed42-20261004,7,3,conv1,median,0.00045606866478919983,0
lsa-multi-krum-late20-seed42-20261004,7,3,conv1,min,-0.0024575889110565186,0
lsa-multi-krum-late20-seed42-20261004,7,3,conv1,max,0.015295624732971191,0
lsa-multi-krum-late20-seed42-20261004,7,3,conv1,l1,0.4363638856448233,0
lsa-multi-krum-late20-seed42-20261004,7,3,conv1,l2,0.060923415951809674,0
lsa-multi-krum-late20-seed42-20261004,7,3,conv1,max_abs,0.015295624732971191,0
lsa-multi-krum-late20-seed42-20261004,7,3,conv1,sparsity,0.0,0
lsa-multi-krum-late20-seed42-20261004,7,3,conv1,skewness,1.5084347664042133,0
lsa-multi-krum-late20-seed42-20261004,7,3,conv1,kurtosis,1.1055159688400273,0
lsa-multi-krum-late20-seed42-20261004,7,3,conv2,mean,0.00047027036256512756,0
lsa-multi-krum-late20-seed42-20261004,7,3,conv2,std,0.0012254679063258042,0
lsa-multi-krum-late20-seed42-20261004,7,3,conv2,median,0.00010539963841438293,0
lsa-multi-krum-late20-seed42-20261004,7,3,conv2,min,-0.0029038339853286743,0
lsa-multi-krum-late20-seed42-20261004,7,3,conv2,max,0.013438515365123749,0
lsa-multi-krum-late20-seed42-20261004,7,3,conv2,l1,2.835871293766104,0
lsa-multi-krum-late20-seed42-20261004,7,3,conv2,l2,0.0894112729330336,0
lsa-multi-krum-late20-seed42-20261004,7,3,conv2,max_abs,0.013438515365123749,0
lsa-multi-krum-late20-seed42-20261004,7,3,conv2,sparsity,0.0,0
lsa-multi-krum-late20-seed42-20261004,7,3,conv2,skewness,3.979225086952586,0
lsa-multi-krum-late20-seed42-20261004,7,3,conv2,kurtosis,24.22940788451214,0
lsa-multi-krum-late20-seed42-20261004,7,3,fc1,mean,5.03798705369593e-05,0
lsa-multi-krum-late20-seed42-20261004,7,3,fc1,std,0.00036809339599572064,0
lsa-multi-krum-late20-seed42-20261004,7,3,fc1,median,0.0,0
lsa-multi-krum-late20-seed42-20261004,7,3,fc1,min,-0.0045871734619140625,0
lsa-multi-krum-late20-seed42-20261004,7,3,fc1,max,0.006613838020712137,0
lsa-multi-krum-late20-seed42-20261004,7,3,fc1,l1,17.244662651532508,0
lsa-multi-krum-late20-seed42-20261004,7,3,fc1,l2,0.11773066210203356,0
lsa-multi-krum-late20-seed42-20261004,7,3,fc1,max_abs,0.006613838020712137,0
lsa-multi-krum-late20-seed42-20261004,7,3,fc1,sparsity,0.07555568833652007,0
lsa-multi-krum-late20-seed42-20261004,7,3,fc1,skewness,1.8757524535255559,0
lsa-multi-krum-late20-seed42-20261004,7,3,fc1,kurtosis,26.7793012810458,0
lsa-multi-krum-late20-seed42-20261004,7,3,output,mean,-3.02187310388455e-10,0
lsa-multi-krum-late20-seed42-20261004,7,3,output,std,0.002094516739963284,0
lsa-multi-krum-late20-seed42-20261004,7,3,output,median,-1.5124678611755371e-06,0
lsa-multi-krum-late20-seed42-20261004,7,3,output,min,-0.00842602550983429,0
lsa-multi-krum-late20-seed42-20261004,7,3,output,max,0.008543811738491058,0
lsa-multi-krum-late20-seed42-20261004,7,3,output,l1,0.8943962573830504,0
lsa-multi-krum-late20-seed42-20261004,7,3,output,l2,0.05339990864309821,0
lsa-multi-krum-late20-seed42-20261004,7,3,output,max_abs,0.008543811738491058,0
lsa-multi-krum-late20-seed42-20261004,7,3,output,sparsity,0.03076923076923077,0
lsa-multi-krum-late20-seed42-20261004,7,3,output,skewness,0.3542328407684413,0
lsa-multi-krum-late20-seed42-20261004,7,3,output,kurtosis,2.5405989588657665,0
lsa-multi-krum-late20-seed42-20261004,7,4,conv1,mean,0.00251251455192687,0
lsa-multi-krum-late20-seed42-20261004,7,4,conv1,std,0.004135218084006658,0
lsa-multi-krum-late20-seed42-20261004,7,4,conv1,median,0.0004358366131782532,0
lsa-multi-krum-late20-seed42-20261004,7,4,conv1,min,-0.0026092976331710815,0
lsa-multi-krum-late20-seed42-20261004,7,4,conv1,max,0.015313953161239624,0
lsa-multi-krum-late20-seed42-20261004,7,4,conv1,l1,0.43922070623375475,0
lsa-multi-krum-late20-seed42-20261004,7,4,conv1,l2,0.061204912189712316,0
lsa-multi-krum-late20-seed42-20261004,7,4,conv1,max_abs,0.015313953161239624,0
lsa-multi-krum-late20-seed42-20261004,7,4,conv1,sparsity,0.0,0
lsa-multi-krum-late20-seed42-20261004,7,4,conv1,skewness,1.5029074430009284,0
lsa-multi-krum-late20-seed42-20261004,7,4,conv1,kurtosis,1.0752898477332256,0
lsa-multi-krum-late20-seed42-20261004,7,4,conv2,mean,0.0004448917904134195,0
lsa-multi-krum-late20-seed42-20261004,7,4,conv2,std,0.001243826619634302,0
lsa-multi-krum-late20-seed42-20261004,7,4,conv2,median,9.065167978405952e-05,0
lsa-multi-krum-late20-seed42-20261004,7,4,conv2,min,-0.0029444172978401184,0
lsa-multi-krum-late20-seed42-20261004,7,4,conv2,max,0.014274902641773224,0
lsa-multi-krum-late20-seed42-20261004,7,4,conv2,l1,2.794392688314474,0
lsa-multi-krum-late20-seed42-20261004,7,4,conv2,l2,0.08998308070454704,0
lsa-multi-krum-late20-seed42-20261004,7,4,conv2,max_abs,0.014274902641773224,0
lsa-multi-krum-late20-seed42-20261004,7,4,conv2,sparsity,0.0,0
lsa-multi-krum-late20-seed42-20261004,7,4,conv2,skewness,4.170471679152862,0
lsa-multi-krum-late20-seed42-20261004,7,4,conv2,kurtosis,26.900969230142984,0
lsa-multi-krum-late20-seed42-20261004,7,4,fc1,mean,5.0767884467900026e-05,0
lsa-multi-krum-late20-seed42-20261004,7,4,fc1,std,0.000370908287093254,0
lsa-multi-krum-late20-seed42-20261004,7,4,fc1,median,0.0,0
lsa-multi-krum-late20-seed42-20261004,7,4,fc1,min,-0.005199134349822998,0
lsa-multi-krum-late20-seed42-20261004,7,4,fc1,max,0.006812918931245804,0
lsa-multi-krum-late20-seed42-20261004,7,4,fc1,l1,17.40413306005746,0
lsa-multi-krum-late20-seed42-20261004,7,4,fc1,l2,0.11863109243515942,0
lsa-multi-krum-late20-seed42-20261004,7,4,fc1,max_abs,0.006812918931245804,0
lsa-multi-krum-late20-seed42-20261004,7,4,fc1,sparsity,0.06695148183556406,0
lsa-multi-krum-late20-seed42-20261004,7,4,fc1,skewness,1.9111581288354873,0
lsa-multi-krum-late20-seed42-20261004,7,4,fc1,kurtosis,29.28662212024045,0
lsa-multi-krum-late20-seed42-20261004,7,4,output,mean,1.5492192827738247e-11,0
lsa-multi-krum-late20-seed42-20261004,7,4,output,std,0.0021003392849721107,0
lsa-multi-krum-late20-seed42-20261004,7,4,output,median,-8.381903171539307e-07,0
lsa-multi-krum-late20-seed42-20261004,7,4,output,min,-0.0074441879987716675,0
lsa-multi-krum-late20-seed42-20261004,7,4,output,max,0.009972743690013885,0
lsa-multi-krum-late20-seed42-20261004,7,4,output,l1,0.8893712647841312,0
lsa-multi-krum-late20-seed42-20261004,7,4,output,l2,0.053548354996191545,0
lsa-multi-krum-late20-seed42-20261004,7,4,output,max_abs,0.009972743690013885,0
lsa-multi-krum-late20-seed42-20261004,7,4,output,sparsity,0.015384615384615385,0
lsa-multi-krum-late20-seed42-20261004,7,4,output,skewness,0.5702688886956245,0
lsa-multi-krum-late20-seed42-20261004,7,4,output,kurtosis,2.901256290043264,0
lsa-multi-krum-late20-seed42-20261004,8,0,conv1,mean,0.0030079395946813747,0
lsa-multi-krum-late20-seed42-20261004,8,0,conv1,std,0.00486421078481064,0
lsa-multi-krum-late20-seed42-20261004,8,0,conv1,median,0.0007165297865867615,0
lsa-multi-krum-late20-seed42-20261004,8,0,conv1,min,-0.002421081066131592,0
lsa-multi-krum-late20-seed42-20261004,8,0,conv1,max,0.017843127250671387,0
lsa-multi-krum-late20-seed42-20261004,8,0,conv1,l1,0.5252168271690607,0
lsa-multi-krum-late20-seed42-20261004,8,0,conv1,l2,0.07234168608963448,0
lsa-multi-krum-late20-seed42-20261004,8,0,conv1,max_abs,0.017843127250671387,0
lsa-multi-krum-late20-seed42-20261004,8,0,conv1,sparsity,0.0,0
lsa-multi-krum-late20-seed42-20261004,8,0,conv1,skewness,1.4797933277163675,0
lsa-multi-krum-late20-seed42-20261004,8,0,conv1,kurtosis,0.980235050376745,0
lsa-multi-krum-late20-seed42-20261004,8,0,conv2,mean,0.00048600362459120367,0
lsa-multi-krum-late20-seed42-20261004,8,0,conv2,std,0.001357949894270396,0
lsa-multi-krum-late20-seed42-20261004,8,0,conv2,median,0.00010616349754855037,0
lsa-multi-krum-late20-seed42-20261004,8,0,conv2,min,-0.003354668617248535,0
lsa-multi-krum-late20-seed42-20261004,8,0,conv2,max,0.01551029086112976,0
lsa-multi-krum-late20-seed42-20261004,8,0,conv2,l1,3.135588960314635,0
lsa-multi-krum-late20-seed42-20261004,8,0,conv2,l2,0.09824589209975407,0
lsa-multi-krum-late20-seed42-20261004,8,0,conv2,max_abs,0.01551029086112976,0
lsa-multi-krum-late20-seed42-20261004,8,0,conv2,sparsity,0.00021551724137931034,0
lsa-multi-krum-late20-seed42-20261004,8,0,conv2,skewness,4.008570750403204,0
lsa-multi-krum-late20-seed42-20261004,8,0,conv2,kurtosis,25.29486254600943,0
lsa-multi-krum-late20-seed42-20261004,8,0,fc1,mean,4.687243291713074e-05,0
lsa-multi-krum-late20-seed42-20261004,8,0,fc1,std,0.0004888987722515394,0
lsa-multi-krum-late20-seed42-20261004,8,0,fc1,median,0.0,0
lsa-multi-krum-late20-seed42-20261004,8,0,fc1,min,-0.008848318830132484,0
lsa-multi-krum-late20-seed42-20261004,8,0,fc1,max,0.008299988694489002,0
lsa-multi-krum-late20-seed42-20261004,8,0,fc1,l1,22.244823727612243,0
lsa-multi-krum-late20-seed42-20261004,8,0,fc1,l2,0.15563499145759488,0
lsa-multi-krum-late20-seed42-20261004,8,0,fc1,max_abs,0.008848318830132484,0
lsa-multi-krum-late20-seed42-20261004,8,0,fc1,sparsity,0.07497809114085405,0
lsa-multi-krum-late20-seed42-20261004,8,0,fc1,skewness,1.0834364989717873,0
lsa-multi-krum-late20-seed42-20261004,8,0,fc1,kurtosis,30.819873535396297,0
lsa-multi-krum-late20-seed42-20261004,8,0,output,mean,-3.720588910465057e-10,0
lsa-multi-krum-late20-seed42-20261004,8,0,output,std,0.002812469472513269,0
lsa-multi-krum-late20-seed42-20261004,8,0,output,median,-2.857297658920288e-06,0
lsa-multi-krum-late20-seed42-20261004,8,0,output,min,-0.010472163558006287,0
lsa-multi-krum-late20-seed42-20261004,8,0,output,max,0.01501137763261795,0
lsa-multi-krum-late20-seed42-20261004,8,0,output,l1,1.1947612147923792,0
lsa-multi-krum-late20-seed42-20261004,8,0,output,l2,0.07170418360864644,0
lsa-multi-krum-late20-seed42-20261004,8,0,output,max_abs,0.01501137763261795,0
lsa-multi-krum-late20-seed42-20261004,8,0,output,sparsity,0.03076923076923077,0
lsa-multi-krum-late20-seed42-20261004,8,0,output,skewness,0.42792271861193965,0
lsa-multi-krum-late20-seed42-20261004,8,0,output,kurtosis,3.0643329908021775,0
lsa-multi-krum-late20-seed42-20261004,8,1,conv1,mean,0.0030285505185020157,0
lsa-multi-krum-late20-seed42-20261004,8,1,conv1,std,0.0049204108524825135,0
lsa-multi-krum-late20-seed42-20261004,8,1,conv1,median,0.0006863400340080261,0
lsa-multi-krum-late20-seed42-20261004,8,1,conv1,min,-0.0023053139448165894,0
lsa-multi-krum-late20-seed42-20261004,8,1,conv1,max,0.017710834741592407,0
lsa-multi-krum-late20-seed42-20261004,8,1,conv1,l1,0.5323457967024297,0
lsa-multi-krum-late20-seed42-20261004,8,1,conv1,l2,0.07308358086503045,0
lsa-multi-krum-late20-seed42-20261004,8,1,conv1,max_abs,0.017710834741592407,0
lsa-multi-krum-late20-seed42-20261004,8,1,conv1,sparsity,0.0,0
lsa-multi-krum-late20-seed42-20261004,8,1,conv1,skewness,1.4726003427986505,0
lsa-multi-krum-late20-seed42-20261004,8,1,conv1,kurtosis,0.9260822649838221,0
lsa-multi-krum-late20-seed42-20261004,8,1,conv2,mean,0.000498456338317706,0
lsa-multi-krum-late20-seed42-20261004,8,1,conv2,std,0.0013711295573330823,0
lsa-multi-krum-late20-seed42-20261004,8,1,conv2,median,0.00010447762906551361,0
lsa-multi-krum-late20-seed42-20261004,8,1,conv2,min,-0.003289252519607544,0
lsa-multi-krum-late20-seed42-20261004,8,1,conv2,max,0.015362337231636047,0
lsa-multi-krum-late20-seed42-20261004,8,1,conv2,l1,3.100250129798951,0
lsa-multi-krum-late20-seed42-20261004,8,1,conv2,l2,0.0993782225977855,0
lsa-multi-krum-late20-seed42-20261004,8,1,conv2,max_abs,0.015362337231636047,0
lsa-multi-krum-late20-seed42-20261004,8,1,conv2,sparsity,0.0,0
lsa-multi-krum-late20-seed42-20261004,8,1,conv2,skewness,4.127094554097672,0
lsa-multi-krum-late20-seed42-20261004,8,1,conv2,kurtosis,25.959805564505107,0
lsa-multi-krum-late20-seed42-20261004,8,1,fc1,mean,4.356801671785112e-05,0
lsa-multi-krum-late20-seed42-20261004,8,1,fc1,std,0.0004308149408015706,0
lsa-multi-krum-late20-seed42-20261004,8,1,fc1,median,0.0,0
lsa-multi-krum-late20-seed42-20261004,8,1,fc1,min,-0.005837883800268173,0
lsa-multi-krum-late20-seed42-20261004,8,1,fc1,max,0.006725866347551346,0
lsa-multi-krum-late20-seed42-20261004,8,1,fc1,l1,20.34139291273459,0
lsa-multi-krum-late20-seed42-20261004,8,1,fc1,l2,0.13721504436082432,0
lsa-multi-krum-late20-seed42-20261004,8,1,fc1,max_abs,0.006725866347551346,0
lsa-multi-krum-late20-seed42-20261004,8,1,fc1,sparsity,0.0776370299553856,0
lsa-multi-krum-late20-seed42-20261004,8,1,fc1,skewness,1.6930923625338532,0
lsa-multi-krum-late20-seed42-20261004,8,1,fc1,kurtosis,27.08204458401591,0
lsa-multi-krum-late20-seed42-20261004,8,1,output,mean,-5.816288578968782e-11,0
lsa-multi-krum-late20-seed42-20261004,8,1,output,std,0.0026896591983496657,0
lsa-multi-krum-late20-seed42-20261004,8,1,output,median,-1.5795230865478516e-06,0
lsa-multi-krum-late20-seed42-20261004,8,1,output,min,-0.009182430803775787,0
lsa-multi-krum-late20-seed42-20261004,8,1,output,max,0.010542675852775574,0
lsa-multi-krum-late20-seed42-20261004,8,1,output,l1,1.162165610207012,0
lsa-multi-krum-late20-seed42-20261004,8,1,output,l2,0.06857312368649637,0
lsa-multi-krum-late20-seed42-20261004,8,1,output,max_abs,0.010542675852775574,0
lsa-multi-krum-late20-seed42-20261004,8,1,output,sparsity,0.03076923076923077,0
lsa-multi-krum-late20-seed42-20261004,8,1,output,skewness,0.43895235732452115,0
lsa-multi-krum-late20-seed42-20261004,8,1,output,kurtosis,1.988432766583614,0
lsa-multi-krum-late20-seed42-20261004,8,2,conv1,mean,0.0028564362786710263,0
lsa-multi-krum-late20-seed42-20261004,8,2,conv1,std,0.0046728928138747156,0
lsa-multi-krum-late20-seed42-20261004,8,2,conv1,median,0.0006086882203817368,0
lsa-multi-krum-late20-seed42-20261004,8,2,conv1,min,-0.0021136850118637085,0
lsa-multi-krum-late20-seed42-20261004,8,2,conv1,max,0.017262697219848633,0
lsa-multi-krum-late20-seed42-20261004,8,2,conv1,l1,0.500494028441608,0
lsa-multi-krum-late20-seed42-20261004,8,2,conv1,l2,0.06927643808865458,0
lsa-multi-krum-late20-seed42-20261004,8,2,conv1,max_abs,0.017262697219848633,0
lsa-multi-krum-late20-seed42-20261004,8,2,conv1,sparsity,0.0,0
lsa-multi-krum-late20-seed42-20261004,8,2,conv1,skewness,1.4945587530922984,0
lsa-multi-krum-late20-seed42-20261004,8,2,conv1,kurtosis,1.0193473618760738,0
lsa-multi-krum-late20-seed42-20261004,8,2,conv2,mean,0.0004705650226163737,0
lsa-multi-krum-late20-seed42-20261004,8,2,conv2,std,0.0013030081596257892,0
lsa-multi-krum-late20-seed42-20261004,8,2,conv2,median,9.370595216751099e-05,0
lsa-multi-krum-late20-seed42-20261004,8,2,conv2,min,-0.0029997453093528748,0
lsa-multi-krum-late20-seed42-20261004,8,2,conv2,max,0.014807716012001038,0
lsa-multi-krum-late20-seed42-20261004,8,2,conv2,l1,2.939601814003254,0
lsa-multi-krum-late20-seed42-20261004,8,2,conv2,l2,0.09436829080345045,0
lsa-multi-krum-late20-seed42-20261004,8,2,conv2,max_abs,0.014807716012001038,0
lsa-multi-krum-late20-seed42-20261004,8,2,conv2,sparsity,0.0,0
lsa-multi-krum-late20-seed42-20261004,8,2,conv2,skewness,4.1277536803963155,0
lsa-multi-krum-late20-seed42-20261004,8,2,conv2,kurtosis,26.06215937321717,0
lsa-multi-krum-late20-seed42-20261004,8,2,fc1,mean,6.168223237562295e-05,0
lsa-multi-krum-late20-seed42-20261004,8,2,fc1,std,0.00041427930416883165,0
lsa-multi-krum-late20-seed42-20261004,8,2,fc1,median,1.5715340850874782e-07,0
lsa-multi-krum-late20-seed42-20261004,8,2,fc1,min,-0.007852928712964058,0
lsa-multi-krum-late20-seed42-20261004,8,2,fc1,max,0.007085744291543961,0
lsa-multi-krum-late20-seed42-20261004,8,2,fc1,l1,19.756832977540967,0
lsa-multi-krum-late20-seed42-20261004,8,2,fc1,l2,0.13272597219022733,0
lsa-multi-krum-late20-seed42-20261004,8,2,fc1,max_abs,0.007852928712964058,0
lsa-multi-krum-late20-seed42-20261004,8,2,fc1,sparsity,0.06433237731038878,0
lsa-multi-krum-late20-seed42-20261004,8,2,fc1,skewness,1.2402471019652193,0
lsa-multi-krum-late20-seed42-20261004,8,2,fc1,kurtosis,24.44635386010836,0
lsa-multi-krum-late20-seed42-20261004,8,2,output,mean,3.984986016383538e-12,0
lsa-multi-krum-late20-seed42-20261004,8,2,output,std,0.00242224719458266,0
lsa-multi-krum-late20-seed42-20261004,8,2,output,median,-2.384185791015625e-07,0
lsa-multi-krum-late20-seed42-20261004,8,2,output,min,-0.010263979434967041,0
lsa-multi-krum-late20-seed42-20261004,8,2,output,max,0.007875308394432068,0
lsa-multi-krum-late20-seed42-20261004,8,2,output,l1,1.0665227427089121,0
lsa-multi-krum-late20-seed42-20261004,8,2,output,l2,0.061755428559611816,0
lsa-multi-krum-late20-seed42-20261004,8,2,output,max_abs,0.010263979434967041,0
lsa-multi-krum-late20-seed42-20261004,8,2,output,sparsity,0.015384615384615385,0
lsa-multi-krum-late20-seed42-20261004,8,2,output,skewness,-0.34773989850529957,0
lsa-multi-krum-late20-seed42-20261004,8,2,output,kurtosis,1.7520563679586907,0
lsa-multi-krum-late20-seed42-20261004,8,3,conv1,mean,0.00318187908778782,0
lsa-multi-krum-late20-seed42-20261004,8,3,conv1,std,0.00518544002063578,0
lsa-multi-krum-late20-seed42-20261004,8,3,conv1,median,0.0006595924496650696,0
lsa-multi-krum-late20-seed42-20261004,8,3,conv1,min,-0.00257912278175354,0
lsa-multi-krum-late20-seed42-20261004,8,3,conv1,max,0.019131779670715332,0
lsa-multi-krum-late20-seed42-20261004,8,3,conv1,l1,0.5530065066413954,0
lsa-multi-krum-late20-seed42-20261004,8,3,conv1,l2,0.07695520020054541,0
lsa-multi-krum-late20-seed42-20261004,8,3,conv1,max_abs,0.019131779670715332,0
lsa-multi-krum-late20-seed42-20261004,8,3,conv1,sparsity,0.0,0
lsa-multi-krum-late20-seed42-20261004,8,3,conv1,skewness,1.4989471049133756,0
lsa-multi-krum-late20-seed42-20261004,8,3,conv1,kurtosis,1.0300220922501016,0
lsa-multi-krum-late20-seed42-20261004,8,3,conv2,mean,0.0005309815426628496,0
lsa-multi-krum-late20-seed42-20261004,8,3,conv2,std,0.0014343133049986672,0
lsa-multi-krum-late20-seed42-20261004,8,3,conv2,median,0.0001099463552236557,0
lsa-multi-krum-late20-seed42-20261004,8,3,conv2,min,-0.0032309889793395996,0
lsa-multi-krum-late20-seed42-20261004,8,3,conv2,max,0.016111105680465698,0
lsa-multi-krum-late20-seed42-20261004,8,3,conv2,l1,3.236487488156854,0
lsa-multi-krum-late20-seed42-20261004,8,3,conv2,l2,0.10418190676757631,0
lsa-multi-krum-late20-seed42-20261004,8,3,conv2,max_abs,0.016111105680465698,0
lsa-multi-krum-late20-seed42-20261004,8,3,conv2,sparsity,0.0,0
lsa-multi-krum-late20-seed42-20261004,8,3,conv2,skewness,4.137333788695661,0
lsa-multi-krum-late20-seed42-20261004,8,3,conv2,kurtosis,25.999259702178577,0
lsa-multi-krum-late20-seed42-20261004,8,3,fc1,mean,5.0986130317390345e-05,0
lsa-multi-krum-late20-seed42-20261004,8,3,fc1,std,0.0004151747864889315,0
lsa-multi-krum-late20-seed42-20261004,8,3,fc1,median,0.0,0
lsa-multi-krum-late20-seed42-20261004,8,3,fc1,min,-0.005906328558921814,0
lsa-multi-krum-late20-seed42-20261004,8,3,fc1,max,0.007802209351211786,0
lsa-multi-krum-late20-seed42-20261004,8,3,fc1,l1,19.390142739089924,0
lsa-multi-krum-late20-seed42-20261004,8,3,fc1,l2,0.13255095726790003,0
lsa-multi-krum-late20-seed42-20261004,8,3,fc1,max_abs,0.007802209351211786,0
lsa-multi-krum-late20-seed42-20261004,8,3,fc1,sparsity,0.06286846717654557,0
lsa-multi-krum-late20-seed42-20261004,8,3,fc1,skewness,1.6407571593492611,0
lsa-multi-krum-late20-seed42-20261004,8,3,fc1,kurtosis,26.593113366484765,0
lsa-multi-krum-late20-seed42-20261004,8,3,output,mean,-1.6978726937220647e-10,0
lsa-multi-krum-late20-seed42-20261004,8,3,output,std,0.002626480834607777,0
lsa-multi-krum-late20-seed42-20261004,8,3,output,median,-4.731118679046631e-07,0
lsa-multi-krum-late20-seed42-20261004,8,3,output,min,-0.010484732687473297,0
lsa-multi-krum-late20-seed42-20261004,8,3,output,max,0.00945986807346344,0
lsa-multi-krum-late20-seed42-20261004,8,3,output,l1,1.1387485503219068,0
lsa-multi-krum-late20-seed42-20261004,8,3,output,l2,0.06696238513871274,0
lsa-multi-krum-late20-seed42-20261004,8,3,output,max_abs,0.010484732687473297,0
lsa-multi-krum-late20-seed42-20261004,8,3,output,sparsity,0.015384615384615385,0
lsa-multi-krum-late20-seed42-20261004,8,3,output,skewness,0.1691801614222645,0
lsa-multi-krum-late20-seed42-20261004,8,3,output,kurtosis,1.8800438477405557,0
lsa-multi-krum-late20-seed42-20261004,8,4,conv1,mean,0.0032178357480006524,0
lsa-multi-krum-late20-seed42-20261004,8,4,conv1,std,0.0051979646145946905,0
lsa-multi-krum-late20-seed42-20261004,8,4,conv1,median,0.0006298385560512543,0
lsa-multi-krum-late20-seed42-20261004,8,4,conv1,min,-0.002639085054397583,0
lsa-multi-krum-late20-seed42-20261004,8,4,conv1,max,0.019111335277557373,0
lsa-multi-krum-late20-seed42-20261004,8,4,conv1,l1,0.5571148399612866,0
lsa-multi-krum-late20-seed42-20261004,8,4,conv1,l2,0.077328704151242,0
lsa-multi-krum-late20-seed42-20261004,8,4,conv1,max_abs,0.019111335277557373,0
lsa-multi-krum-late20-seed42-20261004,8,4,conv1,sparsity,0.0,0
lsa-multi-krum-late20-seed42-20261004,8,4,conv1,skewness,1.4920361482276527,0
lsa-multi-krum-late20-seed42-20261004,8,4,conv1,kurtosis,0.9951142813551033,0
lsa-multi-krum-late20-seed42-20261004,8,4,conv2,mean,0.0004984431707255461,0
lsa-multi-krum-late20-seed42-20261004,8,4,conv2,std,0.001450500361643904,0
lsa-multi-krum-late20-seed42-20261004,8,4,conv2,median,9.279884397983551e-05,0
lsa-multi-krum-late20-seed42-20261004,8,4,conv2,min,-0.00340135395526886,0
lsa-multi-krum-late20-seed42-20261004,8,4,conv2,max,0.01705414056777954,0
lsa-multi-krum-late20-seed42-20261004,8,4,conv2,l1,3.1727761829461087,0
lsa-multi-krum-late20-seed42-20261004,8,4,conv2,l2,0.10447545925323434,0
lsa-multi-krum-late20-seed42-20261004,8,4,conv2,max_abs,0.01705414056777954,0
lsa-multi-krum-late20-seed42-20261004,8,4,conv2,sparsity,0.0,0
lsa-multi-krum-late20-seed42-20261004,8,4,conv2,skewness,4.339782198033621,0
lsa-multi-krum-late20-seed42-20261004,8,4,conv2,kurtosis,28.73220095143025,0
lsa-multi-krum-late20-seed42-20261004,8,4,fc1,mean,5.111947544653156e-05,0
lsa-multi-krum-late20-seed42-20261004,8,4,fc1,std,0.0004139267940319817,0
lsa-multi-krum-late20-seed42-20261004,8,4,fc1,median,0.0,0
lsa-multi-krum-late20-seed42-20261004,8,4,fc1,min,-0.006096687167882919,0
lsa-multi-krum-late20-seed42-20261004,8,4,fc1,max,0.00806686282157898,0
lsa-multi-krum-late20-seed42-20261004,8,4,fc1,l1,19.328265033820003,0
lsa-multi-krum-late20-seed42-20261004,8,4,fc1,l2,0.1321636174325322,0
lsa-multi-krum-late20-seed42-20261004,8,4,fc1,max_abs,0.00806686282157898,0
lsa-multi-krum-late20-seed42-20261004,8,4,fc1,sparsity,0.065079270235819,0
lsa-multi-krum-late20-seed42-20261004,8,4,fc1,skewness,1.6027325162431612,0
lsa-multi-krum-late20-seed42-20261004,8,4,fc1,kurtosis,29.08003548815612,0
lsa-multi-krum-late20-seed42-20261004,8,4,output,mean,-1.5478760290604372e-10,0
lsa-multi-krum-late20-seed42-20261004,8,4,output,std,0.002577124535736236,0
lsa-multi-krum-late20-seed42-20261004,8,4,output,median,-7.181515684351325e-07,0
lsa-multi-krum-late20-seed42-20261004,8,4,output,min,-0.009299464523792267,0
lsa-multi-krum-late20-seed42-20261004,8,4,output,max,0.011045724153518677,0
lsa-multi-krum-late20-seed42-20261004,8,4,output,l1,1.132220515894005,0
lsa-multi-krum-late20-seed42-20261004,8,4,output,l2,0.06570404148338918,0
lsa-multi-krum-late20-seed42-20261004,8,4,output,max_abs,0.011045724153518677,0
lsa-multi-krum-late20-seed42-20261004,8,4,output,sparsity,0.015384615384615385,0
lsa-multi-krum-late20-seed42-20261004,8,4,output,skewness,0.21467154917305264,0
lsa-multi-krum-late20-seed42-20261004,8,4,output,kurtosis,1.926757681266368,0
lsa-multi-krum-late20-seed42-20261004,9,0,conv1,mean,0.0033951730772969315,0
lsa-multi-krum-late20-seed42-20261004,9,0,conv1,std,0.005438750443218379,0
lsa-multi-krum-late20-seed42-20261004,9,0,conv1,median,0.0006895661354064941,0
lsa-multi-krum-late20-seed42-20261004,9,0,conv1,min,-0.002222299575805664,0
lsa-multi-krum-late20-seed42-20261004,9,0,conv1,max,0.020120710134506226,0
lsa-multi-krum-late20-seed42-20261004,9,0,conv1,l1,0.5863725326489657,0
lsa-multi-krum-late20-seed42-20261004,9,0,conv1,l2,0.08109964893478641,0
lsa-multi-krum-late20-seed42-20261004,9,0,conv1,max_abs,0.020120710134506226,0
lsa-multi-krum-late20-seed42-20261004,9,0,conv1,sparsity,0.0,0
lsa-multi-krum-late20-seed42-20261004,9,0,conv1,skewness,1.4987513605066487,0
lsa-multi-krum-late20-seed42-20261004,9,0,conv1,kurtosis,1.0308590426246989,0
lsa-multi-krum-late20-seed42-20261004,9,0,conv2,mean,0.0005099581939099341,0
lsa-multi-krum-late20-seed42-20261004,9,0,conv2,std,0.0014398020123610493,0
lsa-multi-krum-late20-seed42-20261004,9,0,conv2,median,0.00010246969759464264,0
lsa-multi-krum-late20-seed42-20261004,9,0,conv2,min,-0.003329664468765259,0
lsa-multi-krum-late20-seed42-20261004,9,0,conv2,max,0.016450822353363037,0
lsa-multi-krum-late20-seed42-20261004,9,0,conv2,l1,3.2785768443463894,0
lsa-multi-krum-late20-seed42-20261004,9,0,conv2,l2,0.10404578118171594,0
lsa-multi-krum-late20-seed42-20261004,9,0,conv2,max_abs,0.016450822353363037,0
lsa-multi-krum-late20-seed42-20261004,9,0,conv2,sparsity,0.0,0
lsa-multi-krum-late20-seed42-20261004,9,0,conv2,skewness,4.020435107025241,0
lsa-multi-krum-late20-seed42-20261004,9,0,conv2,kurtosis,25.080201851613324,0
lsa-multi-krum-late20-seed42-20261004,9,0,fc1,mean,5.3691148218714935e-05,0
lsa-multi-krum-late20-seed42-20261004,9,0,fc1,std,0.0005403484462475703,0
lsa-multi-krum-late20-seed42-20261004,9,0,fc1,median,0.0,0
lsa-multi-krum-late20-seed42-20261004,9,0,fc1,min,-0.00941656157374382,0
lsa-multi-krum-late20-seed42-20261004,9,0,fc1,max,0.009243682958185673,0
lsa-multi-krum-late20-seed42-20261004,9,0,fc1,l1,24.45116499377275,0
lsa-multi-krum-late20-seed42-20261004,9,0,fc1,l2,0.17207143776916775,0
lsa-multi-krum-late20-seed42-20261004,9,0,fc1,max_abs,0.00941656157374382,0
lsa-multi-krum-late20-seed42-20261004,9,0,fc1,sparsity,0.0839009719566603,0
lsa-multi-krum-late20-seed42-20261004,9,0,fc1,skewness,1.1369946285979207,0
lsa-multi-krum-late20-seed42-20261004,9,0,fc1,kurtosis,29.596793044014987,0
lsa-multi-krum-late20-seed42-20261004,9,0,output,mean,3.8756227765518887e-10,0
lsa-multi-krum-late20-seed42-20261004,9,0,output,std,0.0033907282163669126,0
lsa-multi-krum-late20-seed42-20261004,9,0,output,median,-2.7157366275787354e-06,0
lsa-multi-krum-late20-seed42-20261004,9,0,output,min,-0.011017166078090668,0
lsa-multi-krum-late20-seed42-20261004,9,0,output,max,0.020199216902256012,0
lsa-multi-krum-late20-seed42-20261004,9,0,output,l1,1.4366631636003149,0
lsa-multi-krum-late20-seed42-20261004,9,0,output,l2,0.08644694670272329,0
lsa-multi-krum-late20-seed42-20261004,9,0,output,max_abs,0.020199216902256012,0
lsa-multi-krum-late20-seed42-20261004,9,0,output,sparsity,0.046153846153846156,0
lsa-multi-krum-late20-seed42-20261004,9,0,output,skewness,0.8653711894117267,0
lsa-multi-krum-late20-seed42-20261004,9,0,output,kurtosis,3.840034367758472,0
lsa-multi-krum-late20-seed42-20261004,9,1,conv1,mean,0.0034602771665959153,0
lsa-multi-krum-late20-seed42-20261004,9,1,conv1,std,0.005574424851971799,0
lsa-multi-krum-late20-seed42-20261004,9,1,conv1,median,0.0008025616407394409,0
lsa-multi-krum-late20-seed42-20261004,9,1,conv1,min,-0.0021100789308547974,0
lsa-multi-krum-late20-seed42-20261004,9,1,conv1,max,0.020196497440338135,0
lsa-multi-krum-late20-seed42-20261004,9,1,conv1,l1,0.5985320595791563,0
lsa-multi-krum-late20-seed42-20261004,9,1,conv1,l2,0.08299178802743884,0
lsa-multi-krum-late20-seed42-20261004,9,1,conv1,max_abs,0.020196497440338135,0
lsa-multi-krum-late20-seed42-20261004,9,1,conv1,sparsity,0.0,0
lsa-multi-krum-late20-seed42-20261004,9,1,conv1,skewness,1.5009465893375855,0
lsa-multi-krum-late20-seed42-20261004,9,1,conv1,kurtosis,1.0027110744876655,0
lsa-multi-krum-late20-seed42-20261004,9,1,conv2,mean,0.0005222645516416127,0
lsa-multi-krum-late20-seed42-20261004,9,1,conv2,std,0.0014716232131516637,0
lsa-multi-krum-late20-seed42-20261004,9,1,conv2,median,9.736535139381886e-05,0
lsa-multi-krum-late20-seed42-20261004,9,1,conv2,min,-0.00330488383769989,0
lsa-multi-krum-late20-seed42-20261004,9,1,conv2,max,0.016544058918952942,0
lsa-multi-krum-late20-seed42-20261004,9,1,conv2,l1,3.251912880114105,0
lsa-multi-krum-late20-seed42-20261004,9,1,conv2,l2,0.10636888203474472,0
lsa-multi-krum-late20-seed42-20261004,9,1,conv2,max_abs,0.016544058918952942,0
lsa-multi-krum-late20-seed42-20261004,9,1,conv2,sparsity,0.0,0
lsa-multi-krum-late20-seed42-20261004,9,1,conv2,skewness,4.203319333588738,0
lsa-multi-krum-late20-seed42-20261004,9,1,conv2,kurtosis,26.38188065844755,0
lsa-multi-krum-late20-seed42-20261004,9,1,fc1,mean,4.871998715828411e-05,0
lsa-multi-krum-late20-seed42-20261004,9,1,fc1,std,0.00045631775404692514,0
lsa-multi-krum-late20-seed42-20261004,9,1,fc1,median,0.0,0
lsa-multi-krum-late20-seed42-20261004,9,1,fc1,min,-0.005603671073913574,0
lsa-multi-krum-late20-seed42-20261004,9,1,fc1,max,0.007573582697659731,0
lsa-multi-krum-late20-seed42-20261004,9,1,fc1,l1,21.516700984660474,0
lsa-multi-krum-late20-seed42-20261004,9,1,fc1,l2,0.14542201478838446,0
lsa-multi-krum-late20-seed42-20261004,9,1,fc1,max_abs,0.007573582697659731,0
lsa-multi-krum-late20-seed42-20261004,9,1,fc1,sparsity,0.08461798916507329,0
lsa-multi-krum-late20-seed42-20261004,9,1,fc1,skewness,1.7869190870428773,0
lsa-multi-krum-late20-seed42-20261004,9,1,fc1,kurtosis,26.888823295459147,0
lsa-multi-krum-late20-seed42-20261004,9,1,output,mean,1.6929474301063097e-10,0
lsa-multi-krum-late20-seed42-20261004,9,1,output,std,0.0031024848576246006,0
lsa-multi-krum-late20-seed42-20261004,9,1,output,median,-1.6205012798309326e-07,0
lsa-multi-krum-late20-seed42-20261004,9,1,output,min,-0.009696267545223236,0
lsa-multi-krum-late20-seed42-20261004,9,1,output,max,0.014698147773742676,0
lsa-multi-krum-late20-seed42-20261004,9,1,output,l1,1.3655745874566492,0
lsa-multi-krum-late20-seed42-20261004,9,1,output,l2,0.07909815414826998,0
lsa-multi-krum-late20-seed42-20261004,9,1,output,max_abs,0.014698147773742676,0
lsa-multi-krum-late20-seed42-20261004,9,1,output,sparsity,0.046153846153846156,0
lsa-multi-krum-late20-seed42-20261004,9,1,output,skewness,0.5527233519475045,0
lsa-multi-krum-late20-seed42-20261004,9,1,output,kurtosis,2.30517812097436,0
lsa-multi-krum-late20-seed42-20261004,9,2,conv1,mean,0.003205455482020625,0
lsa-multi-krum-late20-seed42-20261004,9,2,conv1,std,0.005172782242844379,0
lsa-multi-krum-late20-seed42-20261004,9,2,conv1,median,0.0006084293127059937,0
lsa-multi-krum-late20-seed42-20261004,9,2,conv1,min,-0.0018756240606307983,0
lsa-multi-krum-late20-seed42-20261004,9,2,conv1,max,0.01907971501350403,0
lsa-multi-krum-late20-seed42-20261004,9,2,conv1,l1,0.5543893644935451,0
lsa-multi-krum-late20-seed42-20261004,9,2,conv1,l2,0.07697544645311484,0
lsa-multi-krum-late20-seed42-20261004,9,2,conv1,max_abs,0.01907971501350403,0
lsa-multi-krum-late20-seed42-20261004,9,2,conv1,sparsity,0.0,0
lsa-multi-krum-late20-seed42-20261004,9,2,conv1,skewness,1.5095307387166783,0
lsa-multi-krum-late20-seed42-20261004,9,2,conv1,kurtosis,1.0481301878696643,0
lsa-multi-krum-late20-seed42-20261004,9,2,conv2,mean,0.00048205242417930877,0
lsa-multi-krum-late20-seed42-20261004,9,2,conv2,std,0.0013700977700884102,0
lsa-multi-krum-late20-seed42-20261004,9,2,conv2,median,9.117927402257919e-05,0
lsa-multi-krum-late20-seed42-20261004,9,2,conv2,min,-0.002924107015132904,0
lsa-multi-krum-late20-seed42-20261004,9,2,conv2,max,0.015729039907455444,0
lsa-multi-krum-late20-seed42-20261004,9,2,conv2,l1,3.0239332267228747,0
lsa-multi-krum-late20-seed42-20261004,9,2,conv2,l2,0.09893572114337114,0
lsa-multi-krum-late20-seed42-20261004,9,2,conv2,max_abs,0.015729039907455444,0
lsa-multi-krum-late20-seed42-20261004,9,2,conv2,sparsity,0.0,0
lsa-multi-krum-late20-seed42-20261004,9,2,conv2,skewness,4.195219415822847,0
lsa-multi-krum-late20-seed42-20261004,9,2,conv2,kurtosis,26.542668468093805,0
lsa-multi-krum-late20-seed42-20261004,9,2,fc1,mean,5.954122717031153e-05,0
lsa-multi-krum-late20-seed42-20261004,9,2,fc1,std,0.0004444581485650996,0
lsa-multi-krum-late20-seed42-20261004,9,2,fc1,median,0.0,0
lsa-multi-krum-late20-seed42-20261004,9,2,fc1,min,-0.008281178772449493,0
lsa-multi-krum-late20-seed42-20261004,9,2,fc1,max,0.008105862885713577,0
lsa-multi-krum-late20-seed42-20261004,9,2,fc1,l1,20.998719863841416,0
lsa-multi-krum-late20-seed42-20261004,9,2,fc1,l2,0.14210022184559307,0
lsa-multi-krum-late20-seed42-20261004,9,2,fc1,max_abs,0.008281178772449493,0
lsa-multi-krum-late20-seed42-20261004,9,2,fc1,sparsity,0.0857931007010835,0
lsa-multi-krum-late20-seed42-20261004,9,2,fc1,skewness,1.2320319979085415,0
lsa-multi-krum-late20-seed42-20261004,9,2,fc1,kurtosis,24.770918503706866,0
lsa-multi-krum-late20-seed42-20261004,9,2,output,mean,-1.6544408236558621e-10,0
lsa-multi-krum-late20-seed42-20261004,9,2,output,std,0.0028750292109558572,0
lsa-multi-krum-late20-seed42-20261004,9,2,output,median,-3.3527612686157227e-08,0
lsa-multi-krum-late20-seed42-20261004,9,2,output,min,-0.01108480989933014,0
lsa-multi-krum-late20-seed42-20261004,9,2,output,max,0.010630004107952118,0
lsa-multi-krum-late20-seed42-20261004,9,2,output,l1,1.2985061506915372,0
lsa-multi-krum-late20-seed42-20261004,9,2,output,l2,0.07329915024406604,0
lsa-multi-krum-late20-seed42-20261004,9,2,output,max_abs,0.01108480989933014,0
lsa-multi-krum-late20-seed42-20261004,9,2,output,sparsity,0.046153846153846156,0
lsa-multi-krum-late20-seed42-20261004,9,2,output,skewness,-0.10670551218324507,0
lsa-multi-krum-late20-seed42-20261004,9,2,output,kurtosis,1.3118792897883118,0
lsa-multi-krum-late20-seed42-20261004,9,3,conv1,mean,0.003532200063636992,0
lsa-multi-krum-late20-seed42-20261004,9,3,conv1,std,0.005682478983509004,0
lsa-multi-krum-late20-seed42-20261004,9,3,conv1,median,0.0007484778761863708,0
lsa-multi-krum-late20-seed42-20261004,9,3,conv1,min,-0.0023088306188583374,0
lsa-multi-krum-late20-seed42-20261004,9,3,conv1,max,0.020995795726776123,0
lsa-multi-krum-late20-seed42-20261004,9,3,conv1,l1,0.6070139377843589,0
lsa-multi-krum-late20-seed42-20261004,9,3,conv1,l2,0.08463285857167174,0
lsa-multi-krum-late20-seed42-20261004,9,3,conv1,max_abs,0.020995795726776123,0
lsa-multi-krum-late20-seed42-20261004,9,3,conv1,sparsity,0.0,0
lsa-multi-krum-late20-seed42-20261004,9,3,conv1,skewness,1.5109262448307847,0
lsa-multi-krum-late20-seed42-20261004,9,3,conv1,kurtosis,1.0553432980398778,0
lsa-multi-krum-late20-seed42-20261004,9,3,conv2,mean,0.0005368717819206284,0
lsa-multi-krum-late20-seed42-20261004,9,3,conv2,std,0.0014915031781398108,0
lsa-multi-krum-late20-seed42-20261004,9,3,conv2,median,0.00010417774319648743,0
lsa-multi-krum-late20-seed42-20261004,9,3,conv2,min,-0.00319594144821167,0
lsa-multi-krum-late20-seed42-20261004,9,3,conv2,max,0.017065659165382385,0
lsa-multi-krum-late20-seed42-20261004,9,3,conv2,l1,3.306582448138215,0
lsa-multi-krum-late20-seed42-20261004,9,3,conv2,l2,0.10797894474616043,0
lsa-multi-krum-late20-seed42-20261004,9,3,conv2,max_abs,0.017065659165382385,0
lsa-multi-krum-late20-seed42-20261004,9,3,conv2,sparsity,0.00021551724137931034,0
lsa-multi-krum-late20-seed42-20261004,9,3,conv2,skewness,4.198948159430725,0
lsa-multi-krum-late20-seed42-20261004,9,3,conv2,kurtosis,26.660913817939722,0
lsa-multi-krum-late20-seed42-20261004,9,3,fc1,mean,5.353190997045574e-05,0
lsa-multi-krum-late20-seed42-20261004,9,3,fc1,std,0.00043043371007911457,0
lsa-multi-krum-late20-seed42-20261004,9,3,fc1,median,0.0,0
lsa-multi-krum-late20-seed42-20261004,9,3,fc1,min,-0.005915692076086998,0
lsa-multi-krum-late20-seed42-20261004,9,3,fc1,max,0.007939073257148266,0
lsa-multi-krum-late20-seed42-20261004,9,3,fc1,l1,20.115840140634873,0
lsa-multi-krum-late20-seed42-20261004,9,3,fc1,l2,0.13744871834588043,0
lsa-multi-krum-late20-seed42-20261004,9,3,fc1,max_abs,0.007939073257148266,0
lsa-multi-krum-late20-seed42-20261004,9,3,fc1,sparsity,0.06286846717654557,0
lsa-multi-krum-late20-seed42-20261004,9,3,fc1,skewness,1.7143641315686113,0
lsa-multi-krum-late20-seed42-20261004,9,3,fc1,kurtosis,25.934238085882523,0
lsa-multi-krum-late20-seed42-20261004,9,3,output,mean,1.076841726899147e-11,0
lsa-multi-krum-late20-seed42-20261004,9,3,output,std,0.002960456292212448,0
lsa-multi-krum-late20-seed42-20261004,9,3,output,median,-3.4365803003311157e-07,0
lsa-multi-krum-late20-seed42-20261004,9,3,output,min,-0.010933533310890198,0
lsa-multi-krum-late20-seed42-20261004,9,3,output,max,0.011075466871261597,0
lsa-multi-krum-late20-seed42-20261004,9,3,output,l1,1.2990157723106677,0
lsa-multi-krum-late20-seed42-20261004,9,3,output,l2,0.07547712201564909,0
lsa-multi-krum-late20-seed42-20261004,9,3,output,max_abs,0.011075466871261597,0
lsa-multi-krum-late20-seed42-20261004,9,3,output,sparsity,0.015384615384615385,0
lsa-multi-krum-late20-seed42-20261004,9,3,output,skewness,0.24867429398975333,0
lsa-multi-krum-late20-seed42-20261004,9,3,output,kurtosis,1.6178924855021117,0
lsa-multi-krum-late20-seed42-20261004,9,4,conv1,mean,0.0035610751630883895,0
lsa-multi-krum-late20-seed42-20261004,9,4,conv1,std,0.00570626273592398,0
lsa-multi-krum-late20-seed42-20261004,9,4,conv1,median,0.000652216374874115,0
lsa-multi-krum-late20-seed42-20261004,9,4,conv1,min,-0.002279147505760193,0
lsa-multi-krum-late20-seed42-20261004,9,4,conv1,max,0.021080821752548218,0
lsa-multi-krum-late20-seed42-20261004,9,4,conv1,l1,0.6115860873251222,0
lsa-multi-krum-late20-seed42-20261004,9,4,conv1,l2,0.08508131708295036,0
lsa-multi-krum-late20-seed42-20261004,9,4,conv1,max_abs,0.021080821752548218,0
lsa-multi-krum-late20-seed42-20261004,9,4,conv1,sparsity,0.0,0
lsa-multi-krum-late20-seed42-20261004,9,4,conv1,skewness,1.5053440627067338,0
lsa-multi-krum-late20-seed42-20261004,9,4,conv1,kurtosis,1.0240919435955362,0
lsa-multi-krum-late20-seed42-20261004,9,4,conv2,mean,0.0005032064628659131,0
lsa-multi-krum-late20-seed42-20261004,9,4,conv2,std,0.0015072299840445571,0
lsa-multi-krum-late20-seed42-20261004,9,4,conv2,median,8.479505777359009e-05,0
lsa-multi-krum-late20-seed42-20261004,9,4,conv2,min,-0.003337860107421875,0
lsa-multi-krum-late20-seed42-20261004,9,4,conv2,max,0.01802806556224823,0
lsa-multi-krum-late20-seed42-20261004,9,4,conv2,l1,3.233778733992949,0
lsa-multi-krum-late20-seed42-20261004,9,4,conv2,l2,0.10823959357138509,0
lsa-multi-krum-late20-seed42-20261004,9,4,conv2,max_abs,0.01802806556224823,0
lsa-multi-krum-late20-seed42-20261004,9,4,conv2,sparsity,0.0,0
lsa-multi-krum-late20-seed42-20261004,9,4,conv2,skewness,4.414451393716999,0
lsa-multi-krum-late20-seed42-20261004,9,4,conv2,kurtosis,29.445580171814214,0
lsa-multi-krum-late20-seed42-20261004,9,4,fc1,mean,5.3735157005072436e-05,0
lsa-multi-krum-late20-seed42-20261004,9,4,fc1,std,0.00042984412361913763,0
lsa-multi-krum-late20-seed42-20261004,9,4,fc1,median,0.0,0
lsa-multi-krum-late20-seed42-20261004,9,4,fc1,min,-0.006602916866540909,0
lsa-multi-krum-late20-seed42-20261004,9,4,fc1,max,0.00825907289981842,0
lsa-multi-krum-late20-seed42-20261004,9,4,fc1,l1,20.289820593955255,0
lsa-multi-krum-late20-seed42-20261004,9,4,fc1,l2,0.13727129197655663,0
lsa-multi-krum-late20-seed42-20261004,9,4,fc1,max_abs,0.00825907289981842,0
lsa-multi-krum-late20-seed42-20261004,9,4,fc1,sparsity,0.0737531867431485,0
lsa-multi-krum-late20-seed42-20261004,9,4,fc1,skewness,1.5028284785532282,0
lsa-multi-krum-late20-seed42-20261004,9,4,fc1,kurtosis,27.381113724370636,0
lsa-multi-krum-late20-seed42-20261004,9,4,output,mean,-7.562518406372804e-11,0
lsa-multi-krum-late20-seed42-20261004,9,4,output,std,0.0028868569123740497,0
lsa-multi-krum-late20-seed42-20261004,9,4,output,median,-4.544854164123535e-07,0
lsa-multi-krum-late20-seed42-20261004,9,4,output,min,-0.009645611047744751,0
lsa-multi-krum-late20-seed42-20261004,9,4,output,max,0.011075779795646667,0
lsa-multi-krum-late20-seed42-20261004,9,4,output,l1,1.3159181622613687,0
lsa-multi-krum-late20-seed42-20261004,9,4,output,l2,0.0736006986457275,0
lsa-multi-krum-late20-seed42-20261004,9,4,output,max_abs,0.011075779795646667,0
lsa-multi-krum-late20-seed42-20261004,9,4,output,sparsity,0.03076923076923077,0
lsa-multi-krum-late20-seed42-20261004,9,4,output,skewness,0.10397120596228272,0
lsa-multi-krum-late20-seed42-20261004,9,4,output,kurtosis,1.164947618592512,0
lsa-multi-krum-late20-seed42-20261004,10,0,conv1,mean,0.0033437095591580144,0
lsa-multi-krum-late20-seed42-20261004,10,0,conv1,std,0.005286633744805584,0
lsa-multi-krum-late20-seed42-20261004,10,0,conv1,median,0.000611133873462677,0
lsa-multi-krum-late20-seed42-20261004,10,0,conv1,min,-0.001773446798324585,0
lsa-multi-krum-late20-seed42-20261004,10,0,conv1,max,0.01959577202796936,0
lsa-multi-krum-late20-seed42-20261004,10,0,conv1,l1,0.5727127830905374,0
lsa-multi-krum-late20-seed42-20261004,10,0,conv1,l2,0.07912409490689601,0
lsa-multi-krum-late20-seed42-20261004,10,0,conv1,max_abs,0.01959577202796936,0
lsa-multi-krum-late20-seed42-20261004,10,0,conv1,sparsity,0.0,0
lsa-multi-krum-late20-seed42-20261004,10,0,conv1,skewness,1.4880501104987753,0
lsa-multi-krum-late20-seed42-20261004,10,0,conv1,kurtosis,0.9842889408008801,0
lsa-multi-krum-late20-seed42-20261004,10,0,conv2,mean,0.0004562441522411659,0
lsa-multi-krum-late20-seed42-20261004,10,0,conv2,std,0.0013517748348053985,0
lsa-multi-krum-late20-seed42-20261004,10,0,conv2,median,8.300266927108169e-05,0
lsa-multi-krum-late20-seed42-20261004,10,0,conv2,min,-0.00317942351102829,0
lsa-multi-krum-late20-seed42-20261004,10,0,conv2,max,0.015352398157119751,0
lsa-multi-krum-late20-seed42-20261004,10,0,conv2,l1,3.0153869242531073,0
lsa-multi-krum-late20-seed42-20261004,10,0,conv2,l2,0.09718284950220815,0
lsa-multi-krum-late20-seed42-20261004,10,0,conv2,max_abs,0.015352398157119751,0
lsa-multi-krum-late20-seed42-20261004,10,0,conv2,sparsity,0.00021551724137931034,0
lsa-multi-krum-late20-seed42-20261004,10,0,conv2,skewness,4.0302494375726985,0
lsa-multi-krum-late20-seed42-20261004,10,0,conv2,kurtosis,24.82273042887522,0
lsa-multi-krum-late20-seed42-20261004,10,0,fc1,mean,5.10181615904555e-05,0
lsa-multi-krum-late20-seed42-20261004,10,0,fc1,std,0.0005189354837542847,0
lsa-multi-krum-late20-seed42-20261004,10,0,fc1,median,0.0,0
lsa-multi-krum-late20-seed42-20261004,10,0,fc1,min,-0.008465845137834549,0
lsa-multi-krum-late20-seed42-20261004,10,0,fc1,max,0.009208926931023598,0
lsa-multi-krum-late20-seed42-20261004,10,0,fc1,l1,23.532177534836592,0
lsa-multi-krum-late20-seed42-20261004,10,0,fc1,l2,0.16523558338628716,0
lsa-multi-krum-late20-seed42-20261004,10,0,fc1,max_abs,0.009208926931023598,0
lsa-multi-krum-late20-seed42-20261004,10,0,fc1,sparsity,0.0819391332058636,0
lsa-multi-krum-late20-seed42-20261004,10,0,fc1,skewness,1.0975944889503197,0
lsa-multi-krum-late20-seed42-20261004,10,0,fc1,kurtosis,29.0431577591577,0
lsa-multi-krum-late20-seed42-20261004,10,0,output,mean,1.0007240164738436e-10,0
lsa-multi-krum-late20-seed42-20261004,10,0,output,std,0.0033473620352162557,0
lsa-multi-krum-late20-seed42-20261004,10,0,output,median,-1.8104910850524902e-06,0
lsa-multi-krum-late20-seed42-20261004,10,0,output,min,-0.009458363056182861,0
lsa-multi-krum-late20-seed42-20261004,10,0,output,max,0.020220696926116943,0
lsa-multi-krum-late20-seed42-20261004,10,0,output,l1,1.444198560231598,0
lsa-multi-krum-late20-seed42-20261004,10,0,output,l2,0.08534132168313677,0
lsa-multi-krum-late20-seed42-20261004,10,0,output,max_abs,0.020220696926116943,0
lsa-multi-krum-late20-seed42-20261004,10,0,output,sparsity,0.046153846153846156,0
lsa-multi-krum-late20-seed42-20261004,10,0,output,skewness,0.9379173483832377,0
lsa-multi-krum-late20-seed42-20261004,10,0,output,kurtosis,3.7185364185123895,0
lsa-multi-krum-late20-seed42-20261004,10,1,conv1,mean,0.0034093594606019904,0
lsa-multi-krum-late20-seed42-20261004,10,1,conv1,std,0.0054412054347860546,0
lsa-multi-krum-late20-seed42-20261004,10,1,conv1,median,0.0007056631147861481,0
lsa-multi-krum-late20-seed42-20261004,10,1,conv1,min,-0.0017309486865997314,0
lsa-multi-krum-late20-seed42-20261004,10,1,conv1,max,0.01984652876853943,0
lsa-multi-krum-late20-seed42-20261004,10,1,conv1,l1,0.584612811129773,0
lsa-multi-krum-late20-seed42-20261004,10,1,conv1,l2,0.08122112879308349,0
lsa-multi-krum-late20-seed42-20261004,10,1,conv1,max_abs,0.01984652876853943,0
lsa-multi-krum-late20-seed42-20261004,10,1,conv1,sparsity,0.0,0
lsa-multi-krum-late20-seed42-20261004,10,1,conv1,skewness,1.4959580999889432,0
lsa-multi-krum-late20-seed42-20261004,10,1,conv1,kurtosis,0.9778630191921147,0
lsa-multi-krum-late20-seed42-20261004,10,1,conv2,mean,0.0004671200802625929,0
lsa-multi-krum-late20-seed42-20261004,10,1,conv2,std,0.0013781189189602861,0
lsa-multi-krum-late20-seed42-20261004,10,1,conv2,median,7.970258593559265e-05,0
lsa-multi-krum-late20-seed42-20261004,10,1,conv2,min,-0.0028585121035575867,0
lsa-multi-krum-late20-seed42-20261004,10,1,conv2,max,0.015783503651618958,0
lsa-multi-krum-late20-seed42-20261004,10,1,conv2,l1,2.9592053244305134,0
lsa-multi-krum-late20-seed42-20261004,10,1,conv2,l2,0.09912010879836093,0
lsa-multi-krum-late20-seed42-20261004,10,1,conv2,max_abs,0.015783503651618958,0
lsa-multi-krum-late20-seed42-20261004,10,1,conv2,sparsity,0.0,0
lsa-multi-krum-late20-seed42-20261004,10,1,conv2,skewness,4.317764851654168,0
lsa-multi-krum-late20-seed42-20261004,10,1,conv2,kurtosis,27.594782512349287,0
lsa-multi-krum-late20-seed42-20261004,10,1,fc1,mean,4.6797021520901115e-05,0
lsa-multi-krum-late20-seed42-20261004,10,1,fc1,std,0.00040760088484614995,0
lsa-multi-krum-late20-seed42-20261004,10,1,fc1,median,0.0,0
lsa-multi-krum-late20-seed42-20261004,10,1,fc1,min,-0.005370516330003738,0
lsa-multi-krum-late20-seed42-20261004,10,1,fc1,max,0.007222708314657211,0
lsa-multi-krum-late20-seed42-20261004,10,1,fc1,l1,19.58257255931801,0
lsa-multi-krum-late20-seed42-20261004,10,1,fc1,l2,0.13001103371314396,0
lsa-multi-krum-late20-seed42-20261004,10,1,fc1,max_abs,0.007222708314657211,0
lsa-multi-krum-late20-seed42-20261004,10,1,fc1,sparsity,0.09311265137029956,0
lsa-multi-krum-late20-seed42-20261004,10,1,fc1,skewness,1.4285481532335975,0
lsa-multi-krum-late20-seed42-20261004,10,1,fc1,kurtosis,23.991572114825104,0
lsa-multi-krum-late20-seed42-20261004,10,1,output,mean,2.1227886183903768e-10,0
lsa-multi-krum-late20-seed42-20261004,10,1,output,std,0.0028690240774430745,0
lsa-multi-krum-late20-seed42-20261004,10,1,output,median,0.0,0
lsa-multi-krum-late20-seed42-20261004,10,1,output,min,-0.008771896362304688,0
lsa-multi-krum-late20-seed42-20261004,10,1,output,max,0.013493523001670837,0
lsa-multi-krum-late20-seed42-20261004,10,1,output,l1,1.3009955872257706,0
lsa-multi-krum-late20-seed42-20261004,10,1,output,l2,0.07314604877924906,0
lsa-multi-krum-late20-seed42-20261004,10,1,output,max_abs,0.013493523001670837,0
lsa-multi-krum-late20-seed42-20261004,10,1,output,sparsity,0.06153846153846154,0
lsa-multi-krum-late20-seed42-20261004,10,1,output,skewness,0.36057858561771355,0
lsa-multi-krum-late20-seed42-20261004,10,1,output,kurtosis,1.8995766490010766,0
lsa-multi-krum-late20-seed42-20261004,10,2,conv1,mean,0.003146523927716771,0
lsa-multi-krum-late20-seed42-20261004,10,2,conv1,std,0.005023549975937846,0
lsa-multi-krum-late20-seed42-20261004,10,2,conv1,median,0.0005371198058128357,0
lsa-multi-krum-late20-seed42-20261004,10,2,conv1,min,-0.0014544129371643066,0
lsa-multi-krum-late20-seed42-20261004,10,2,conv1,max,0.018703371286392212,0
lsa-multi-krum-late20-seed42-20261004,10,2,conv1,l1,0.540402032318525,0
lsa-multi-krum-late20-seed42-20261004,10,2,conv1,l2,0.07497910875804199,0
lsa-multi-krum-late20-seed42-20261004,10,2,conv1,max_abs,0.018703371286392212,0
lsa-multi-krum-late20-seed42-20261004,10,2,conv1,sparsity,0.0,0
lsa-multi-krum-late20-seed42-20261004,10,2,conv1,skewness,1.5109639042386984,0
lsa-multi-krum-late20-seed42-20261004,10,2,conv1,kurtosis,1.05633589650588,0
lsa-multi-krum-late20-seed42-20261004,10,2,conv2,mean,0.0004309902288257255,0
lsa-multi-krum-late20-seed42-20261004,10,2,conv2,std,0.0012855758457576611,0
lsa-multi-krum-late20-seed42-20261004,10,2,conv2,median,7.184222340583801e-05,0
lsa-multi-krum-late20-seed42-20261004,10,2,conv2,min,-0.003010150045156479,0
lsa-multi-krum-late20-seed42-20261004,10,2,conv2,max,0.014864102005958557,0
lsa-multi-krum-late20-seed42-20261004,10,2,conv2,l1,2.7805234512634343,0
lsa-multi-krum-late20-seed42-20261004,10,2,conv2,l2,0.09236040462763209,0
lsa-multi-krum-late20-seed42-20261004,10,2,conv2,max_abs,0.014864102005958557,0
lsa-multi-krum-late20-seed42-20261004,10,2,conv2,sparsity,0.0,0
lsa-multi-krum-late20-seed42-20261004,10,2,conv2,skewness,4.246609523692723,0
lsa-multi-krum-late20-seed42-20261004,10,2,conv2,kurtosis,27.06088564829973,0
lsa-multi-krum-late20-seed42-20261004,10,2,fc1,mean,5.509280102180584e-05,0
lsa-multi-krum-late20-seed42-20261004,10,2,fc1,std,0.0004674285966798282,0
lsa-multi-krum-late20-seed42-20261004,10,2,fc1,median,0.0,0
lsa-multi-krum-late20-seed42-20261004,10,2,fc1,min,-0.008068317547440529,0
lsa-multi-krum-late20-seed42-20261004,10,2,fc1,max,0.008045447990298271,0
lsa-multi-krum-late20-seed42-20261004,10,2,fc1,l1,21.861852427925328,0
lsa-multi-krum-late20-seed42-20261004,10,2,fc1,l2,0.1491463216143565,0
lsa-multi-krum-late20-seed42-20261004,10,2,fc1,max_abs,0.008068317547440529,0
lsa-multi-krum-late20-seed42-20261004,10,2,fc1,sparsity,0.08433914913957935,0
lsa-multi-krum-late20-seed42-20261004,10,2,fc1,skewness,1.103349258618115,0
lsa-multi-krum-late20-seed42-20261004,10,2,fc1,kurtosis,26.015784238309305,0
lsa-multi-krum-late20-seed42-20261004,10,2,output,mean,-2.2432337013574747e-11,0
lsa-multi-krum-late20-seed42-20261004,10,2,output,std,0.0031087176889309995,0
lsa-multi-krum-late20-seed42-20261004,10,2,output,median,-6.6061329562217e-07,0
lsa-multi-krum-late20-seed42-20261004,10,2,output,min,-0.009970270097255707,0
lsa-multi-krum-late20-seed42-20261004,10,2,output,max,0.011771678924560547,0
lsa-multi-krum-late20-seed42-20261004,10,2,output,l1,1.442166900873417,0
lsa-multi-krum-late20-seed42-20261004,10,2,output,l2,0.07925706079055116,0
lsa-multi-krum-late20-seed42-20261004,10,2,output,max_abs,0.011771678924560547,0
lsa-multi-krum-late20-seed42-20261004,10,2,output,sparsity,0.047692307692307694,0
lsa-multi-krum-late20-seed42-20261004,10,2,output,skewness,0.19758578067766597,0
lsa-multi-krum-late20-seed42-20261004,10,2,output,kurtosis,0.6612404873649931,0
lsa-multi-krum-late20-seed42-20261004,10,3,conv1,mean,0.0033989438750722913,0
lsa-multi-krum-late20-seed42-20261004,10,3,conv1,std,0.005414489694433362,0
lsa-multi-krum-late20-seed42-20261004,10,3,conv1,median,0.000652797520160675,0
lsa-multi-krum-late20-seed42-20261004,10,3,conv1,min,-0.0018981099128723145,0
lsa-multi-krum-late20-seed42-20261004,10,3,conv1,max,0.020069241523742676,0
lsa-multi-krum-late20-seed42-20261004,10,3,conv1,l1,0.5794828069629148,0
lsa-multi-krum-late20-seed42-20261004,10,3,conv1,l2,0.08086484340380956,0
lsa-multi-krum-late20-seed42-20261004,10,3,conv1,max_abs,0.020069241523742676,0
lsa-multi-krum-late20-seed42-20261004,10,3,conv1,sparsity,0.0,0
lsa-multi-krum-late20-seed42-20261004,10,3,conv1,skewness,1.5040648156292749,0
lsa-multi-krum-late20-seed42-20261004,10,3,conv1,kurtosis,1.025829131099056,0
lsa-multi-krum-late20-seed42-20261004,10,3,conv2,mean,0.0004661357011306383,0
lsa-multi-krum-late20-seed42-20261004,10,3,conv2,std,0.0013712385936816684,0
lsa-multi-krum-late20-seed42-20261004,10,3,conv2,median,7.99223780632019e-05,0
lsa-multi-krum-late20-seed42-20261004,10,3,conv2,min,-0.0030630677938461304,0
lsa-multi-krum-late20-seed42-20261004,10,3,conv2,max,0.015737906098365784,0
lsa-multi-krum-late20-seed42-20261004,10,3,conv2,l1,2.9684266387812386,0
lsa-multi-krum-late20-seed42-20261004,10,3,conv2,l2,0.09865475591775458,0
lsa-multi-krum-late20-seed42-20261004,10,3,conv2,max_abs,0.015737906098365784,0
lsa-multi-krum-late20-seed42-20261004,10,3,conv2,sparsity,0.0,0
lsa-multi-krum-late20-seed42-20261004,10,3,conv2,skewness,4.236073518131725,0
lsa-multi-krum-late20-seed42-20261004,10,3,conv2,kurtosis,26.931343830885453,0
lsa-multi-krum-late20-seed42-20261004,10,3,fc1,mean,5.0338053499717255e-05,0
lsa-multi-krum-late20-seed42-20261004,10,3,fc1,std,0.00039699793234080765,0
lsa-multi-krum-late20-seed42-20261004,10,3,fc1,median,0.0,0
lsa-multi-krum-late20-seed42-20261004,10,3,fc1,min,-0.005777726881206036,0
lsa-multi-krum-late20-seed42-20261004,10,3,fc1,max,0.007061190903186798,0
lsa-multi-krum-late20-seed42-20261004,10,3,fc1,l1,18.80718920121285,0
lsa-multi-krum-late20-seed42-20261004,10,3,fc1,l2,0.12680988353796993,0
lsa-multi-krum-late20-seed42-20261004,10,3,fc1,max_abs,0.007061190903186798,0
lsa-multi-krum-late20-seed42-20261004,10,3,fc1,sparsity,0.0731357552581262,0
lsa-multi-krum-late20-seed42-20261004,10,3,fc1,skewness,1.4641014830884351,0
lsa-multi-krum-late20-seed42-20261004,10,3,fc1,kurtosis,24.983712752574657,0
lsa-multi-krum-late20-seed42-20261004,10,3,output,mean,-5.929569642131145e-10,0
lsa-multi-krum-late20-seed42-20261004,10,3,output,std,0.002763017783421339,0
lsa-multi-krum-late20-seed42-20261004,10,3,output,median,-3.110617399215698e-07,0
lsa-multi-krum-late20-seed42-20261004,10,3,output,min,-0.009157530963420868,0
lsa-multi-krum-late20-seed42-20261004,10,3,output,max,0.011581569910049438,0
lsa-multi-krum-late20-seed42-20261004,10,3,output,l1,1.214648656285135,0
lsa-multi-krum-late20-seed42-20261004,10,3,output,l2,0.07044340797034808,0
lsa-multi-krum-late20-seed42-20261004,10,3,output,max_abs,0.011581569910049438,0
lsa-multi-krum-late20-seed42-20261004,10,3,output,sparsity,0.03076923076923077,0
lsa-multi-krum-late20-seed42-20261004,10,3,output,skewness,0.17985906148512312,0
lsa-multi-krum-late20-seed42-20261004,10,3,output,kurtosis,1.538528443196566,0
lsa-multi-krum-late20-seed42-20261004,10,4,conv1,mean,0.003433957087872841,0
lsa-multi-krum-late20-seed42-20261004,10,4,conv1,std,0.0054387299480730565,0
lsa-multi-krum-late20-seed42-20261004,10,4,conv1,median,0.000643417239189148,0
lsa-multi-krum-late20-seed42-20261004,10,4,conv1,min,-0.0017858445644378662,0
lsa-multi-krum-late20-seed42-20261004,10,4,conv1,max,0.020259618759155273,0
lsa-multi-krum-late20-seed42-20261004,10,4,conv1,l1,0.5847320556349587,0
lsa-multi-krum-late20-seed42-20261004,10,4,conv1,l2,0.08136027996944836,0
lsa-multi-krum-late20-seed42-20261004,10,4,conv1,max_abs,0.020259618759155273,0
lsa-multi-krum-late20-seed42-20261004,10,4,conv1,sparsity,0.0,0
lsa-multi-krum-late20-seed42-20261004,10,4,conv1,skewness,1.504643327949821,0
lsa-multi-krum-late20-seed42-20261004,10,4,conv1,kurtosis,1.0234166036180161,0
lsa-multi-krum-late20-seed42-20261004,10,4,conv2,mean,0.0004331221375352847,0
lsa-multi-krum-late20-seed42-20261004,10,4,conv2,std,0.0013879595417144728,0
lsa-multi-krum-late20-seed42-20261004,10,4,conv2,median,6.1009544879198074e-05,0
lsa-multi-krum-late20-seed42-20261004,10,4,conv2,min,-0.00289994478225708,0
lsa-multi-krum-late20-seed42-20261004,10,4,conv2,max,0.01681356132030487,0
lsa-multi-krum-late20-seed42-20261004,10,4,conv2,l1,2.9053855505990214,0
lsa-multi-krum-late20-seed42-20261004,10,4,conv2,l2,0.09904081404214901,0
lsa-multi-krum-late20-seed42-20261004,10,4,conv2,max_abs,0.01681356132030487,0
lsa-multi-krum-late20-seed42-20261004,10,4,conv2,sparsity,0.0,0
lsa-multi-krum-late20-seed42-20261004,10,4,conv2,skewness,4.470235228332212,0
lsa-multi-krum-late20-seed42-20261004,10,4,conv2,kurtosis,29.993540045852022,0
lsa-multi-krum-late20-seed42-20261004,10,4,fc1,mean,5.0088811466565396e-05,0
lsa-multi-krum-late20-seed42-20261004,10,4,fc1,std,0.00043543444248279466,0
lsa-multi-krum-late20-seed42-20261004,10,4,fc1,median,0.0,0
lsa-multi-krum-late20-seed42-20261004,10,4,fc1,min,-0.007540296763181686,0
lsa-multi-krum-late20-seed42-20261004,10,4,fc1,max,0.007847804576158524,0
lsa-multi-krum-late20-seed42-20261004,10,4,fc1,l1,20.34966519103091,0
lsa-multi-krum-late20-seed42-20261004,10,4,fc1,l2,0.13889248677743898,0
lsa-multi-krum-late20-seed42-20261004,10,4,fc1,max_abs,0.007847804576158524,0
lsa-multi-krum-late20-seed42-20261004,10,4,fc1,sparsity,0.0829847833014659,0
lsa-multi-krum-late20-seed42-20261004,10,4,fc1,skewness,1.3551968948415098,0
lsa-multi-krum-late20-seed42-20261004,10,4,fc1,kurtosis,29.455054700643856,0
lsa-multi-krum-late20-seed42-20261004,10,4,output,mean,-1.5832483768463136e-10,0
lsa-multi-krum-late20-seed42-20261004,10,4,output,std,0.003087015986777012,0
lsa-multi-krum-late20-seed42-20261004,10,4,output,median,-3.2782554626464844e-07,0
lsa-multi-krum-late20-seed42-20261004,10,4,output,min,-0.008687064051628113,0
lsa-multi-krum-late20-seed42-20261004,10,4,output,max,0.011471837759017944,0
lsa-multi-krum-late20-seed42-20261004,10,4,output,l1,1.4391358569264412,0
lsa-multi-krum-late20-seed42-20261004,10,4,output,l2,0.07870377377674445,0
lsa-multi-krum-late20-seed42-20261004,10,4,output,max_abs,0.011471837759017944,0
lsa-multi-krum-late20-seed42-20261004,10,4,output,sparsity,0.046153846153846156,0
lsa-multi-krum-late20-seed42-20261004,10,4,output,skewness,0.26058269390698546,0
lsa-multi-krum-late20-seed42-20261004,10,4,output,kurtosis,0.6367479403480694,0
lsa-multi-krum-late20-seed42-20261004,11,0,conv1,mean,0.002868512173881754,0
lsa-multi-krum-late20-seed42-20261004,11,0,conv1,std,0.004516306948845794,0
lsa-multi-krum-late20-seed42-20261004,11,0,conv1,median,0.0005068238824605942,0
lsa-multi-krum-late20-seed42-20261004,11,0,conv1,min,-0.001407623291015625,0
lsa-multi-krum-late20-seed42-20261004,11,0,conv1,max,0.016935527324676514,0
lsa-multi-krum-late20-seed42-20261004,11,0,conv1,l1,0.4908200716599822,0
lsa-multi-krum-late20-seed42-20261004,11,0,conv1,l2,0.06767615893107484,0
lsa-multi-krum-late20-seed42-20261004,11,0,conv1,max_abs,0.016935527324676514,0
lsa-multi-krum-late20-seed42-20261004,11,0,conv1,sparsity,0.0,0
lsa-multi-krum-late20-seed42-20261004,11,0,conv1,skewness,1.4841357253877459,0
lsa-multi-krum-late20-seed42-20261004,11,0,conv1,kurtosis,0.9901842341822724,0
lsa-multi-krum-late20-seed42-20261004,11,0,conv2,mean,0.00036577036752187894,0
lsa-multi-krum-late20-seed42-20261004,11,0,conv2,std,0.0011298675406221912,0
lsa-multi-krum-late20-seed42-20261004,11,0,conv2,median,6.373785436153412e-05,0
lsa-multi-krum-late20-seed42-20261004,11,0,conv2,min,-0.0030669234693050385,0
lsa-multi-krum-late20-seed42-20261004,11,0,conv2,max,0.012550875544548035,0
lsa-multi-krum-late20-seed42-20261004,11,0,conv2,l1,2.536876232479699,0
lsa-multi-krum-late20-seed42-20261004,11,0,conv2,l2,0.08089624961606381,0
lsa-multi-krum-late20-seed42-20261004,11,0,conv2,max_abs,0.012550875544548035,0
lsa-multi-krum-late20-seed42-20261004,11,0,conv2,sparsity,0.00021551724137931034,0
lsa-multi-krum-late20-seed42-20261004,11,0,conv2,skewness,3.849091969297844,0
lsa-multi-krum-late20-seed42-20261004,11,0,conv2,kurtosis,22.985008862618592,0
lsa-multi-krum-late20-seed42-20261004,11,0,fc1,mean,3.7040215864208715e-05,0
lsa-multi-krum-late20-seed42-20261004,11,0,fc1,std,0.00048690279378302173,0
lsa-multi-krum-late20-seed42-20261004,11,0,fc1,median,0.0,0
lsa-multi-krum-late20-seed42-20261004,11,0,fc1,min,-0.008348040282726288,0
lsa-multi-krum-late20-seed42-20261004,11,0,fc1,max,0.00799478217959404,0
lsa-multi-krum-late20-seed42-20261004,11,0,fc1,l1,21.914439653446948,0
lsa-multi-krum-late20-seed42-20261004,11,0,fc1,l2,0.15473792192834582,0
lsa-multi-krum-late20-seed42-20261004,11,0,fc1,max_abs,0.008348040282726288,0
lsa-multi-krum-late20-seed42-20261004,11,0,fc1,sparsity,0.0816802103250478,0
lsa-multi-krum-late20-seed42-20261004,11,0,fc1,skewness,0.8286271733820327,0
lsa-multi-krum-late20-seed42-20261004,11,0,fc1,kurtosis,29.20207021628311,0
lsa-multi-krum-late20-seed42-20261004,11,0,output,mean,-1.1041545524046971e-10,0
lsa-multi-krum-late20-seed42-20261004,11,0,output,std,0.0031401033963471036,0
lsa-multi-krum-late20-seed42-20261004,11,0,output,median,-2.1457672119140625e-06,0
lsa-multi-krum-late20-seed42-20261004,11,0,output,min,-0.0070815980434417725,0
lsa-multi-krum-late20-seed42-20261004,11,0,output,max,0.020310387015342712,0
lsa-multi-krum-late20-seed42-20261004,11,0,output,l1,1.3468011615914293,0
lsa-multi-krum-late20-seed42-20261004,11,0,output,l2,0.08005724246336433,0
lsa-multi-krum-late20-seed42-20261004,11,0,output,max_abs,0.020310387015342712,0
lsa-multi-krum-late20-seed42-20261004,11,0,output,sparsity,0.047692307692307694,0
lsa-multi-krum-late20-seed42-20261004,11,0,output,skewness,1.2876437760966537,0
lsa-multi-krum-late20-seed42-20261004,11,0,output,kurtosis,4.889743817375405,0
lsa-multi-krum-late20-seed42-20261004,11,1,conv1,mean,0.0029120871922714286,0
lsa-multi-krum-late20-seed42-20261004,11,1,conv1,std,0.004631351276395141,0
lsa-multi-krum-late20-seed42-20261004,11,1,conv1,median,0.0005731917917728424,0
lsa-multi-krum-late20-seed42-20261004,11,1,conv1,min,-0.0013850480318069458,0
lsa-multi-krum-late20-seed42-20261004,11,1,conv1,max,0.017052650451660156,0
lsa-multi-krum-late20-seed42-20261004,11,1,conv1,l1,0.4984715728496667,0
lsa-multi-krum-late20-seed42-20261004,11,1,conv1,l2,0.06920077047057577,0
lsa-multi-krum-late20-seed42-20261004,11,1,conv1,max_abs,0.017052650451660156,0
lsa-multi-krum-late20-seed42-20261004,11,1,conv1,sparsity,0.0,0
lsa-multi-krum-late20-seed42-20261004,11,1,conv1,skewness,1.4923087785875533,0
lsa-multi-krum-late20-seed42-20261004,11,1,conv1,kurtosis,0.9752799704339399,0
lsa-multi-krum-late20-seed42-20261004,11,1,conv2,mean,0.00036621146073073386,0
lsa-multi-krum-late20-seed42-20261004,11,1,conv2,std,0.0011422747399288673,0
lsa-multi-krum-late20-seed42-20261004,11,1,conv2,median,5.906820297241211e-05,0
lsa-multi-krum-late20-seed42-20261004,11,1,conv2,min,-0.002658762037754059,0
lsa-multi-krum-late20-seed42-20261004,11,1,conv2,max,0.012886568903923035,0
lsa-multi-krum-late20-seed42-20261004,11,1,conv2,l1,2.456748002929089,0
lsa-multi-krum-late20-seed42-20261004,11,1,conv2,l2,0.08170989663246712,0
lsa-multi-krum-late20-seed42-20261004,11,1,conv2,max_abs,0.012886568903923035,0
lsa-multi-krum-late20-seed42-20261004,11,1,conv2,sparsity,0.0,0
lsa-multi-krum-late20-seed42-20261004,11,1,conv2,skewness,4.186590053501534,0
lsa-multi-krum-late20-seed42-20261004,11,1,conv2,kurtosis,26.194559400465568,0
lsa-multi-krum-late20-seed42-20261004,11,1,fc1,mean,2.753935062173193e-05,0
lsa-multi-krum-late20-seed42-20261004,11,1,fc1,std,0.00035502377614291187,0
lsa-multi-krum-late20-seed42-20261004,11,1,fc1,median,0.0,0
lsa-multi-krum-late20-seed42-20261004,11,1,fc1,min,-0.0049470290541648865,0
lsa-multi-krum-late20-seed42-20261004,11,1,fc1,max,0.0062895528972148895,0
lsa-multi-krum-late20-seed42-20261004,11,1,fc1,l1,17.102519957082336,0
lsa-multi-krum-late20-seed42-20261004,11,1,fc1,l2,0.11283961480653429,0
lsa-multi-krum-late20-seed42-20261004,11,1,fc1,max_abs,0.0062895528972148895,0
lsa-multi-krum-late20-seed42-20261004,11,1,fc1,sparsity,0.09124043977055449,0
lsa-multi-krum-late20-seed42-20261004,11,1,fc1,skewness,0.9490670843867067,0
lsa-multi-krum-late20-seed42-20261004,11,1,fc1,kurtosis,23.264433326211844,0
lsa-multi-krum-late20-seed42-20261004,11,1,output,mean,2.023835594837482e-11,0
lsa-multi-krum-late20-seed42-20261004,11,1,output,std,0.0024814523199319137,0
lsa-multi-krum-late20-seed42-20261004,11,1,output,median,-2.942979335784912e-07,0
lsa-multi-krum-late20-seed42-20261004,11,1,output,min,-0.0084877610206604,0
lsa-multi-krum-late20-seed42-20261004,11,1,output,max,0.01088707149028778,0
lsa-multi-krum-late20-seed42-20261004,11,1,output,l1,1.1408128988696262,0
lsa-multi-krum-late20-seed42-20261004,11,1,output,l2,0.06326486900691457,0
lsa-multi-krum-late20-seed42-20261004,11,1,output,max_abs,0.01088707149028778,0
lsa-multi-krum-late20-seed42-20261004,11,1,output,sparsity,0.06153846153846154,0
lsa-multi-krum-late20-seed42-20261004,11,1,output,skewness,0.2980579475115205,0
lsa-multi-krum-late20-seed42-20261004,11,1,output,kurtosis,1.3654923814301831,0
lsa-multi-krum-late20-seed42-20261004,11,2,conv1,mean,0.0026943852924887325,0
lsa-multi-krum-late20-seed42-20261004,11,2,conv1,std,0.0043029133560151195,0
lsa-multi-krum-late20-seed42-20261004,11,2,conv1,median,0.0005097091197967529,0
lsa-multi-krum-late20-seed42-20261004,11,2,conv1,min,-0.0010867565870285034,0
lsa-multi-krum-late20-seed42-20261004,11,2,conv1,max,0.016096949577331543,0
lsa-multi-krum-late20-seed42-20261004,11,2,conv1,l1,0.46225238166516647,0
lsa-multi-krum-late20-seed42-20261004,11,2,conv1,l2,0.06421809770306547,0
lsa-multi-krum-late20-seed42-20261004,11,2,conv1,max_abs,0.016096949577331543,0
lsa-multi-krum-late20-seed42-20261004,11,2,conv1,sparsity,0.0,0
lsa-multi-krum-late20-seed42-20261004,11,2,conv1,skewness,1.5133003323065302,0
lsa-multi-krum-late20-seed42-20261004,11,2,conv1,kurtosis,1.071004568080311,0
lsa-multi-krum-late20-seed42-20261004,11,2,conv2,mean,0.00034148222148595435,0
lsa-multi-krum-late20-seed42-20261004,11,2,conv2,std,0.0010788376905079581,0
lsa-multi-krum-late20-seed42-20261004,11,2,conv2,median,5.241483449935913e-05,0
lsa-multi-krum-late20-seed42-20261004,11,2,conv2,min,-0.0032007284462451935,0
lsa-multi-krum-late20-seed42-20261004,11,2,conv2,max,0.0122508704662323,0
lsa-multi-krum-late20-seed42-20261004,11,2,conv2,l1,2.340364140120073,0
lsa-multi-krum-late20-seed42-20261004,11,2,conv2,l2,0.07708128201476079,0
lsa-multi-krum-late20-seed42-20261004,11,2,conv2,max_abs,0.0122508704662323,0
lsa-multi-krum-late20-seed42-20261004,11,2,conv2,sparsity,0.0,0
lsa-multi-krum-late20-seed42-20261004,11,2,conv2,skewness,4.071138949999165,0
lsa-multi-krum-late20-seed42-20261004,11,2,conv2,kurtosis,25.267908147658332,0
lsa-multi-krum-late20-seed42-20261004,11,2,fc1,mean,4.3239556942331565e-05,0
lsa-multi-krum-late20-seed42-20261004,11,2,fc1,std,0.00044520203475871306,0
lsa-multi-krum-late20-seed42-20261004,11,2,fc1,median,0.0,0
lsa-multi-krum-late20-seed42-20261004,11,2,fc1,min,-0.008048087358474731,0
lsa-multi-krum-late20-seed42-20261004,11,2,fc1,max,0.007174361497163773,0
lsa-multi-krum-late20-seed42-20261004,11,2,fc1,l1,20.7029139882261,0
lsa-multi-krum-late20-seed42-20261004,11,2,fc1,l2,0.1417416032799774,0
lsa-multi-krum-late20-seed42-20261004,11,2,fc1,max_abs,0.008048087358474731,0
lsa-multi-krum-late20-seed42-20261004,11,2,fc1,sparsity,0.08493666347992351,0
lsa-multi-krum-late20-seed42-20261004,11,2,fc1,skewness,0.8536242258407505,0
lsa-multi-krum-late20-seed42-20261004,11,2,fc1,kurtosis,26.554957384673127,0
lsa-multi-krum-late20-seed42-20261004,11,2,output,mean,-1.3808648173625652e-10,0
lsa-multi-krum-late20-seed42-20261004,11,2,output,std,0.0030004772791168014,0
lsa-multi-krum-late20-seed42-20261004,11,2,output,median,-5.327165126800537e-07,0
lsa-multi-krum-late20-seed42-20261004,11,2,output,min,-0.008513450622558594,0
lsa-multi-krum-late20-seed42-20261004,11,2,output,max,0.011902771890163422,0
lsa-multi-krum-late20-seed42-20261004,11,2,output,l1,1.3921600204193965,0
lsa-multi-krum-late20-seed42-20261004,11,2,output,l2,0.07649746098154185,0
lsa-multi-krum-late20-seed42-20261004,11,2,output,max_abs,0.011902771890163422,0
lsa-multi-krum-late20-seed42-20261004,11,2,output,sparsity,0.05076923076923077,0
lsa-multi-krum-late20-seed42-20261004,11,2,output,skewness,0.40678705732014414,0
lsa-multi-krum-late20-seed42-20261004,11,2,output,kurtosis,0.7067347591305122,0
lsa-multi-krum-late20-seed42-20261004,11,3,conv1,mean,0.002864543846590095,0
lsa-multi-krum-late20-seed42-20261004,11,3,conv1,std,0.004532578129992299,0
lsa-multi-krum-late20-seed42-20261004,11,3,conv1,median,0.0005446188151836395,0
lsa-multi-krum-late20-seed42-20261004,11,3,conv1,min,-0.0014585256576538086,0
lsa-multi-krum-late20-seed42-20261004,11,3,conv1,max,0.01701986789703369,0
lsa-multi-krum-late20-seed42-20261004,11,3,conv1,l1,0.48750548664247617,0
lsa-multi-krum-late20-seed42-20261004,11,3,conv1,l2,0.0678231535138515,0
lsa-multi-krum-late20-seed42-20261004,11,3,conv1,max_abs,0.01701986789703369,0
lsa-multi-krum-late20-seed42-20261004,11,3,conv1,sparsity,0.0,0
lsa-multi-krum-late20-seed42-20261004,11,3,conv1,skewness,1.5060602976738722,0
lsa-multi-krum-late20-seed42-20261004,11,3,conv1,kurtosis,1.05462820294996,0
lsa-multi-krum-late20-seed42-20261004,11,3,conv2,mean,0.0003574590668849537,0
lsa-multi-krum-late20-seed42-20261004,11,3,conv2,std,0.0011271595170291757,0
lsa-multi-krum-late20-seed42-20261004,11,3,conv2,median,5.7662895414978266e-05,0
lsa-multi-krum-late20-seed42-20261004,11,3,conv2,min,-0.0030754990875720978,0
lsa-multi-krum-late20-seed42-20261004,11,3,conv2,max,0.012636050581932068,0
lsa-multi-krum-late20-seed42-20261004,11,3,conv2,l1,2.4423686681293475,0
lsa-multi-krum-late20-seed42-20261004,11,3,conv2,l2,0.08054782557313733,0
lsa-multi-krum-late20-seed42-20261004,11,3,conv2,max_abs,0.012636050581932068,0
lsa-multi-krum-late20-seed42-20261004,11,3,conv2,sparsity,0.0,0
lsa-multi-krum-late20-seed42-20261004,11,3,conv2,skewness,4.060542760455624,0
lsa-multi-krum-late20-seed42-20261004,11,3,conv2,kurtosis,25.108270440914445,0
lsa-multi-krum-late20-seed42-20261004,11,3,fc1,mean,3.4214217669575284e-05,0
lsa-multi-krum-late20-seed42-20261004,11,3,fc1,std,0.00034378308054506537,0
lsa-multi-krum-late20-seed42-20261004,11,3,fc1,median,0.0,0
lsa-multi-krum-late20-seed42-20261004,11,3,fc1,min,-0.00501094339415431,0
lsa-multi-krum-late20-seed42-20261004,11,3,fc1,max,0.005865611135959625,0
lsa-multi-krum-late20-seed42-20261004,11,3,fc1,l1,16.39415214896735,0
lsa-multi-krum-late20-seed42-20261004,11,3,fc1,l2,0.1094778269895328,0
lsa-multi-krum-late20-seed42-20261004,11,3,fc1,max_abs,0.005865611135959625,0
lsa-multi-krum-late20-seed42-20261004,11,3,fc1,sparsity,0.0839308476736775,0
lsa-multi-krum-late20-seed42-20261004,11,3,fc1,skewness,1.123636811913358,0
lsa-multi-krum-late20-seed42-20261004,11,3,fc1,kurtosis,23.854817470690506,0
lsa-multi-krum-late20-seed42-20261004,11,3,output,mean,-2.796654231273211e-10,0
lsa-multi-krum-late20-seed42-20261004,11,3,output,std,0.0023993747033158527,0
lsa-multi-krum-late20-seed42-20261004,11,3,output,median,-1.825392246246338e-07,0
lsa-multi-krum-late20-seed42-20261004,11,3,output,min,-0.008152082562446594,0
lsa-multi-krum-late20-seed42-20261004,11,3,output,max,0.009431540966033936,0
lsa-multi-krum-late20-seed42-20261004,11,3,output,l1,1.0637937253341079,0
lsa-multi-krum-late20-seed42-20261004,11,3,output,l2,0.06117229216314258,0
lsa-multi-krum-late20-seed42-20261004,11,3,output,max_abs,0.009431540966033936,0
lsa-multi-krum-late20-seed42-20261004,11,3,output,sparsity,0.046153846153846156,0
lsa-multi-krum-late20-seed42-20261004,11,3,output,skewness,0.23608092474801912,0
lsa-multi-krum-late20-seed42-20261004,11,3,output,kurtosis,1.468918188469071,0
lsa-multi-krum-late20-seed42-20261004,11,4,conv1,mean,0.0029164062692871085,0
lsa-multi-krum-late20-seed42-20261004,11,4,conv1,std,0.00461144836567381,0
lsa-multi-krum-late20-seed42-20261004,11,4,conv1,median,0.0005263239145278931,0
lsa-multi-krum-late20-seed42-20261004,11,4,conv1,min,-0.0013985931873321533,0
lsa-multi-krum-late20-seed42-20261004,11,4,conv1,max,0.017371416091918945,0
lsa-multi-krum-late20-seed42-20261004,11,4,conv1,l1,0.4958985020057298,0
lsa-multi-krum-late20-seed42-20261004,11,4,conv1,l2,0.06901696203898029,0
lsa-multi-krum-late20-seed42-20261004,11,4,conv1,max_abs,0.017371416091918945,0
lsa-multi-krum-late20-seed42-20261004,11,4,conv1,sparsity,0.0,0
lsa-multi-krum-late20-seed42-20261004,11,4,conv1,skewness,1.5080391792133414,0
lsa-multi-krum-late20-seed42-20261004,11,4,conv1,kurtosis,1.0553843560567042,0
lsa-multi-krum-late20-seed42-20261004,11,4,conv2,mean,0.00033343914533831814,0
lsa-multi-krum-late20-seed42-20261004,11,4,conv2,std,0.0011504174021759348,0
lsa-multi-krum-late20-seed42-20261004,11,4,conv2,median,4.267040640115738e-05,0
lsa-multi-krum-late20-seed42-20261004,11,4,conv2,min,-0.0027252696454524994,0
lsa-multi-krum-late20-seed42-20261004,11,4,conv2,max,0.013917505741119385,0
lsa-multi-krum-late20-seed42-20261004,11,4,conv2,l1,2.407939077253104,0
lsa-multi-krum-late20-seed42-20261004,11,4,conv2,l2,0.08158883651414287,0
lsa-multi-krum-late20-seed42-20261004,11,4,conv2,max_abs,0.013917505741119385,0
lsa-multi-krum-late20-seed42-20261004,11,4,conv2,sparsity,0.0,0
lsa-multi-krum-late20-seed42-20261004,11,4,conv2,skewness,4.370499385714838,0
lsa-multi-krum-late20-seed42-20261004,11,4,conv2,kurtosis,29.1601658307056,0
lsa-multi-krum-late20-seed42-20261004,11,4,fc1,mean,3.219459795962493e-05,0
lsa-multi-krum-late20-seed42-20261004,11,4,fc1,std,0.00039965086168225044,0
lsa-multi-krum-late20-seed42-20261004,11,4,fc1,median,0.0,0
lsa-multi-krum-late20-seed42-20261004,11,4,fc1,min,-0.007039278745651245,0
lsa-multi-krum-late20-seed42-20261004,11,4,fc1,max,0.0075226761400699615,0
lsa-multi-krum-late20-seed42-20261004,11,4,fc1,l1,18.510014562793287,0
lsa-multi-krum-late20-seed42-20261004,11,4,fc1,l2,0.12705355318259018,0
lsa-multi-krum-late20-seed42-20261004,11,4,fc1,max_abs,0.0075226761400699615,0
lsa-multi-krum-late20-seed42-20261004,11,4,fc1,sparsity,0.07977812300828553,0
lsa-multi-krum-late20-seed42-20261004,11,4,fc1,skewness,1.2219936245840826,0
lsa-multi-krum-late20-seed42-20261004,11,4,fc1,kurtosis,30.629363443843232,0
lsa-multi-krum-late20-seed42-20261004,11,4,output,mean,-5.5252502744014445e-11,0
lsa-multi-krum-late20-seed42-20261004,11,4,output,std,0.002966939448573653,0
lsa-multi-krum-late20-seed42-20261004,11,4,output,median,-4.880130290985107e-07,0
lsa-multi-krum-late20-seed42-20261004,11,4,output,min,-0.008962497115135193,0
lsa-multi-krum-late20-seed42-20261004,11,4,output,max,0.010040819644927979,0
lsa-multi-krum-late20-seed42-20261004,11,4,output,l1,1.3820271179429255,0
lsa-multi-krum-late20-seed42-20261004,11,4,output,l2,0.07564241071962638,0
lsa-multi-krum-late20-seed42-20261004,11,4,output,max_abs,0.010040819644927979,0
lsa-multi-krum-late20-seed42-20261004,11,4,output,sparsity,0.047692307692307694,0
lsa-multi-krum-late20-seed42-20261004,11,4,output,skewness,0.3380494793058439,0
lsa-multi-krum-late20-seed42-20261004,11,4,output,kurtosis,0.6209320926513913,0
lsa-multi-krum-late20-seed42-20261004,12,0,conv1,mean,0.002320105696526298,0
lsa-multi-krum-late20-seed42-20261004,12,0,conv1,std,0.0036498473707787535,0
lsa-multi-krum-late20-seed42-20261004,12,0,conv1,median,0.0004252251237630844,0
lsa-multi-krum-late20-seed42-20261004,12,0,conv1,min,-0.0011248588562011719,0
lsa-multi-krum-late20-seed42-20261004,12,0,conv1,max,0.013986021280288696,0
lsa-multi-krum-late20-seed42-20261004,12,0,conv1,l1,0.3988274078874383,0
lsa-multi-krum-late20-seed42-20261004,12,0,conv1,l2,0.05470543120829501,0
lsa-multi-krum-late20-seed42-20261004,12,0,conv1,max_abs,0.013986021280288696,0
lsa-multi-krum-late20-seed42-20261004,12,0,conv1,sparsity,0.0,0
lsa-multi-krum-late20-seed42-20261004,12,0,conv1,skewness,1.4860315262235104,0
lsa-multi-krum-late20-seed42-20261004,12,0,conv1,kurtosis,1.0298819994515043,0
lsa-multi-krum-late20-seed42-20261004,12,0,conv2,mean,0.0002804417578329713,0
lsa-multi-krum-late20-seed42-20261004,12,0,conv2,std,0.0009097277961954821,0
lsa-multi-krum-late20-seed42-20261004,12,0,conv2,median,4.786485806107521e-05,0
lsa-multi-krum-late20-seed42-20261004,12,0,conv2,min,-0.002875782549381256,0
lsa-multi-krum-late20-seed42-20261004,12,0,conv2,max,0.009863212704658508,0
lsa-multi-krum-late20-seed42-20261004,12,0,conv2,l1,2.0741669126418856,0
lsa-multi-krum-late20-seed42-20261004,12,0,conv2,l2,0.064846051584974,0
lsa-multi-krum-late20-seed42-20261004,12,0,conv2,max_abs,0.009863212704658508,0
lsa-multi-krum-late20-seed42-20261004,12,0,conv2,sparsity,0.00021551724137931034,0
lsa-multi-krum-late20-seed42-20261004,12,0,conv2,skewness,3.6281678230059318,0
lsa-multi-krum-late20-seed42-20261004,12,0,conv2,kurtosis,21.114598593442853,0
lsa-multi-krum-late20-seed42-20261004,12,0,fc1,mean,2.781428455005159e-05,0
lsa-multi-krum-late20-seed42-20261004,12,0,fc1,std,0.00043423168780424047,0
lsa-multi-krum-late20-seed42-20261004,12,0,fc1,median,0.0,0
lsa-multi-krum-late20-seed42-20261004,12,0,fc1,min,-0.005617082118988037,0
lsa-multi-krum-late20-seed42-20261004,12,0,fc1,max,0.0070006027817726135,0
lsa-multi-krum-late20-seed42-20261004,12,0,fc1,l1,19.60350023792023,0
lsa-multi-krum-late20-seed42-20261004,12,0,fc1,l2,0.1378834323686943,0
lsa-multi-krum-late20-seed42-20261004,12,0,fc1,max_abs,0.0070006027817726135,0
lsa-multi-krum-late20-seed42-20261004,12,0,fc1,sparsity,0.09079230401529637,0
lsa-multi-krum-late20-seed42-20261004,12,0,fc1,skewness,0.9175598094263805,0
lsa-multi-krum-late20-seed42-20261004,12,0,fc1,kurtosis,28.266505556898704,0
lsa-multi-krum-late20-seed42-20261004,12,0,output,mean,1.9369718547050768e-10,0
lsa-multi-krum-late20-seed42-20261004,12,0,output,std,0.0028587471464907666,0
lsa-multi-krum-late20-seed42-20261004,12,0,output,median,-1.6223639249801636e-06,0
lsa-multi-krum-late20-seed42-20261004,12,0,output,min,-0.00672091543674469,0
lsa-multi-krum-late20-seed42-20261004,12,0,output,max,0.019831791520118713,0
lsa-multi-krum-late20-seed42-20261004,12,0,output,l1,1.2050234897178598,0
lsa-multi-krum-late20-seed42-20261004,12,0,output,l2,0.07288403742192072,0
lsa-multi-krum-late20-seed42-20261004,12,0,output,max_abs,0.019831791520118713,0
lsa-multi-krum-late20-seed42-20261004,12,0,output,sparsity,0.06153846153846154,0
lsa-multi-krum-late20-seed42-20261004,12,0,output,skewness,1.6091813647788338,0
lsa-multi-krum-late20-seed42-20261004,12,0,output,kurtosis,6.467473936392185,0
lsa-multi-krum-late20-seed42-20261004,12,1,conv1,mean,0.002358277755047311,0
lsa-multi-krum-late20-seed42-20261004,12,1,conv1,std,0.00374977689558542,0
lsa-multi-krum-late20-seed42-20261004,12,1,conv1,median,0.00041824206709861755,0
lsa-multi-krum-late20-seed42-20261004,12,1,conv1,min,-0.0010912418365478516,0
lsa-multi-krum-late20-seed42-20261004,12,1,conv1,max,0.013997882604598999,0
lsa-multi-krum-late20-seed42-20261004,12,1,conv1,l1,0.40550537657691166,0
lsa-multi-krum-late20-seed42-20261004,12,1,conv1,l2,0.05603184913831377,0
lsa-multi-krum-late20-seed42-20261004,12,1,conv1,max_abs,0.013997882604598999,0
lsa-multi-krum-late20-seed42-20261004,12,1,conv1,sparsity,0.0,0
lsa-multi-krum-late20-seed42-20261004,12,1,conv1,skewness,1.4877638298006044,0
lsa-multi-krum-late20-seed42-20261004,12,1,conv1,kurtosis,0.987491738498798,0
lsa-multi-krum-late20-seed42-20261004,12,1,conv2,mean,0.00027133170807591624,0
lsa-multi-krum-late20-seed42-20261004,12,1,conv2,std,0.0009144169673499334,0
lsa-multi-krum-late20-seed42-20261004,12,1,conv2,median,4.173442721366882e-05,0
lsa-multi-krum-late20-seed42-20261004,12,1,conv2,min,-0.0027803517878055573,0
lsa-multi-krum-late20-seed42-20261004,12,1,conv2,max,0.010074526071548462,0
lsa-multi-krum-late20-seed42-20261004,12,1,conv2,l1,1.9884672752086772,0
lsa-multi-krum-late20-seed42-20261004,12,1,conv2,l2,0.06497211622665275,0
lsa-multi-krum-late20-seed42-20261004,12,1,conv2,max_abs,0.010074526071548462,0
lsa-multi-krum-late20-seed42-20261004,12,1,conv2,sparsity,0.0,0
lsa-multi-krum-late20-seed42-20261004,12,1,conv2,skewness,3.9665542920364456,0
lsa-multi-krum-late20-seed42-20261004,12,1,conv2,kurtosis,24.339334610877614,0
lsa-multi-krum-late20-seed42-20261004,12,1,fc1,mean,1.7146918905501012e-05,0
lsa-multi-krum-late20-seed42-20261004,12,1,fc1,std,0.00030896556077573224,0
lsa-multi-krum-late20-seed42-20261004,12,1,fc1,median,0.0,0
lsa-multi-krum-late20-seed42-20261004,12,1,fc1,min,-0.004207529127597809,0
lsa-multi-krum-late20-seed42-20261004,12,1,fc1,max,0.005187418311834335,0
lsa-multi-krum-late20-seed42-20261004,12,1,fc1,l1,14.928679363600054,0
lsa-multi-krum-late20-seed42-20261004,12,1,fc1,l2,0.09805716195629971,0
lsa-multi-krum-late20-seed42-20261004,12,1,fc1,max_abs,0.005187418311834335,0
lsa-multi-krum-late20-seed42-20261004,12,1,fc1,sparsity,0.0906528840025494,0
lsa-multi-krum-late20-seed42-20261004,12,1,fc1,skewness,0.6414941787411452,0
lsa-multi-krum-late20-seed42-20261004,12,1,fc1,kurtosis,22.482769993819087,0
lsa-multi-krum-late20-seed42-20261004,12,1,output,mean,-4.440349025221971e-10,0
lsa-multi-krum-late20-seed42-20261004,12,1,output,std,0.0021052437740758084,0
lsa-multi-krum-late20-seed42-20261004,12,1,output,median,-1.1548399925231934e-07,0
lsa-multi-krum-late20-seed42-20261004,12,1,output,min,-0.008642062544822693,0
lsa-multi-krum-late20-seed42-20261004,12,1,output,max,0.008326530456542969,0
lsa-multi-krum-late20-seed42-20261004,12,1,output,l1,0.9783653850026894,0
lsa-multi-krum-late20-seed42-20261004,12,1,output,l2,0.053673395424412525,0
lsa-multi-krum-late20-seed42-20261004,12,1,output,max_abs,0.008642062544822693,0
lsa-multi-krum-late20-seed42-20261004,12,1,output,sparsity,0.06307692307692307,0
lsa-multi-krum-late20-seed42-20261004,12,1,output,skewness,0.25584854247206407,0
lsa-multi-krum-late20-seed42-20261004,12,1,output,kurtosis,1.1079461115121907,0
lsa-multi-krum-late20-seed42-20261004,12,2,conv1,mean,0.0021691834588636995,0
lsa-multi-krum-late20-seed42-20261004,12,2,conv1,std,0.003483050492331956,0
lsa-multi-krum-late20-seed42-20261004,12,2,conv1,median,0.0004168301820755005,0
lsa-multi-krum-late20-seed42-20261004,12,2,conv1,min,-0.000872001051902771,0
lsa-multi-krum-late20-seed42-20261004,12,2,conv1,max,0.013164877891540527,0
lsa-multi-krum-late20-seed42-20261004,12,2,conv1,l1,0.37419634629623033,0
lsa-multi-krum-late20-seed42-20261004,12,2,conv1,l2,0.051902982743332604,0
lsa-multi-krum-late20-seed42-20261004,12,2,conv1,max_abs,0.013164877891540527,0
lsa-multi-krum-late20-seed42-20261004,12,2,conv1,sparsity,0.0,0
lsa-multi-krum-late20-seed42-20261004,12,2,conv1,skewness,1.5228048177032467,0
lsa-multi-krum-late20-seed42-20261004,12,2,conv1,kurtosis,1.1286120281409495,0
lsa-multi-krum-late20-seed42-20261004,12,2,conv2,mean,0.00025538618822259915,0
lsa-multi-krum-late20-seed42-20261004,12,2,conv2,std,0.0008723708797007906,0
lsa-multi-krum-late20-seed42-20261004,12,2,conv2,median,4.022079519927502e-05,0
lsa-multi-krum-late20-seed42-20261004,12,2,conv2,min,-0.003213983029127121,0
lsa-multi-krum-late20-seed42-20261004,12,2,conv2,max,0.00965261459350586,0
lsa-multi-krum-late20-seed42-20261004,12,2,conv2,l1,1.9239134102972457,0
lsa-multi-krum-late20-seed42-20261004,12,2,conv2,l2,0.061917801833927144,0
lsa-multi-krum-late20-seed42-20261004,12,2,conv2,max_abs,0.00965261459350586,0
lsa-multi-krum-late20-seed42-20261004,12,2,conv2,sparsity,0.0,0
lsa-multi-krum-late20-seed42-20261004,12,2,conv2,skewness,3.783518375063176,0
lsa-multi-krum-late20-seed42-20261004,12,2,conv2,kurtosis,23.246248237922458,0
lsa-multi-krum-late20-seed42-20261004,12,2,fc1,mean,3.285389213405241e-05,0
lsa-multi-krum-late20-seed42-20261004,12,2,fc1,std,0.0004236035544756013,0
lsa-multi-krum-late20-seed42-20261004,12,2,fc1,median,0.0,0
lsa-multi-krum-late20-seed42-20261004,12,2,fc1,min,-0.008344031870365143,0
lsa-multi-krum-late20-seed42-20261004,12,2,fc1,max,0.00640801340341568,0
lsa-multi-krum-late20-seed42-20261004,12,2,fc1,l1,19.653437606031957,0
lsa-multi-krum-late20-seed42-20261004,12,2,fc1,l2,0.1346366629440233,0
lsa-multi-krum-late20-seed42-20261004,12,2,fc1,max_abs,0.008344031870365143,0
lsa-multi-krum-late20-seed42-20261004,12,2,fc1,sparsity,0.09373008285532186,0
lsa-multi-krum-late20-seed42-20261004,12,2,fc1,skewness,0.5290048059044316,0
lsa-multi-krum-late20-seed42-20261004,12,2,fc1,kurtosis,26.92272365862254,0
lsa-multi-krum-late20-seed42-20261004,12,2,output,mean,1.5214587060304788e-10,0
lsa-multi-krum-late20-seed42-20261004,12,2,output,std,0.0028137198507278997,0
lsa-multi-krum-late20-seed42-20261004,12,2,output,median,-8.940696716308594e-07,0
lsa-multi-krum-late20-seed42-20261004,12,2,output,min,-0.00856618583202362,0
lsa-multi-krum-late20-seed42-20261004,12,2,output,max,0.011314235627651215,0
lsa-multi-krum-late20-seed42-20261004,12,2,output,l1,1.28663681197213,0
lsa-multi-krum-late20-seed42-20261004,12,2,output,l2,0.07173606212322478,0
lsa-multi-krum-late20-seed42-20261004,12,2,output,max_abs,0.011314235627651215,0
lsa-multi-krum-late20-seed42-20261004,12,2,output,sparsity,0.06461538461538462,0
lsa-multi-krum-late20-seed42-20261004,12,2,output,skewness,0.47230756540670016,0
lsa-multi-krum-late20-seed42-20261004,12,2,output,kurtosis,1.0246377036800318,0
lsa-multi-krum-late20-seed42-20261004,12,3,conv1,mean,0.0023053032913594508,0
lsa-multi-krum-late20-seed42-20261004,12,3,conv1,std,0.00362998643618192,0
lsa-multi-krum-late20-seed42-20261004,12,3,conv1,median,0.00040145590901374817,0
lsa-multi-krum-late20-seed42-20261004,12,3,conv1,min,-0.001092180609703064,0
lsa-multi-krum-late20-seed42-20261004,12,3,conv1,max,0.013841986656188965,0
lsa-multi-krum-late20-seed42-20261004,12,3,conv1,l1,0.3934678772930056,0
lsa-multi-krum-late20-seed42-20261004,12,3,conv1,l2,0.05439297718201118,0
lsa-multi-krum-late20-seed42-20261004,12,3,conv1,max_abs,0.013841986656188965,0
lsa-multi-krum-late20-seed42-20261004,12,3,conv1,sparsity,0.0,0
lsa-multi-krum-late20-seed42-20261004,12,3,conv1,skewness,1.50310112982491,0
lsa-multi-krum-late20-seed42-20261004,12,3,conv1,kurtosis,1.0714633340590805,0
lsa-multi-krum-late20-seed42-20261004,12,3,conv2,mean,0.00026293128086041993,0
lsa-multi-krum-late20-seed42-20261004,12,3,conv2,std,0.0008981239433748433,0
lsa-multi-krum-late20-seed42-20261004,12,3,conv2,median,4.015769809484482e-05,0
lsa-multi-krum-late20-seed42-20261004,12,3,conv2,min,-0.003088623285293579,0
lsa-multi-krum-late20-seed42-20261004,12,3,conv2,max,0.009794563055038452,0
lsa-multi-krum-late20-seed42-20261004,12,3,conv2,l1,1.9738830531350686,0
lsa-multi-krum-late20-seed42-20261004,12,3,conv2,l2,0.0637457760889919,0
lsa-multi-krum-late20-seed42-20261004,12,3,conv2,max_abs,0.009794563055038452,0
lsa-multi-krum-late20-seed42-20261004,12,3,conv2,sparsity,0.0,0
lsa-multi-krum-late20-seed42-20261004,12,3,conv2,skewness,3.791253792814637,0
lsa-multi-krum-late20-seed42-20261004,12,3,conv2,kurtosis,22.901163448386935,0
lsa-multi-krum-late20-seed42-20261004,12,3,fc1,mean,2.1845502124331435e-05,0
lsa-multi-krum-late20-seed42-20261004,12,3,fc1,std,0.0002975365359787479,0
lsa-multi-krum-late20-seed42-20261004,12,3,fc1,median,0.0,0
lsa-multi-krum-late20-seed42-20261004,12,3,fc1,min,-0.0042128232307732105,0
lsa-multi-krum-late20-seed42-20261004,12,3,fc1,max,0.004936105106025934,0
lsa-multi-krum-late20-seed42-20261004,12,3,fc1,l1,14.278966960483103,0
lsa-multi-krum-late20-seed42-20261004,12,3,fc1,l2,0.09453860476266347,0
lsa-multi-krum-late20-seed42-20261004,12,3,fc1,max_abs,0.004936105106025934,0
lsa-multi-krum-late20-seed42-20261004,12,3,fc1,sparsity,0.08304453473550032,0
lsa-multi-krum-late20-seed42-20261004,12,3,fc1,skewness,0.7770504833933384,0
lsa-multi-krum-late20-seed42-20261004,12,3,fc1,kurtosis,23.04134850778435,0
lsa-multi-krum-late20-seed42-20261004,12,3,output,mean,-1.1569891984646137e-10,0
lsa-multi-krum-late20-seed42-20261004,12,3,output,std,0.0020346598542819944,0
lsa-multi-krum-late20-seed42-20261004,12,3,output,median,-2.1047890186309814e-07,0
lsa-multi-krum-late20-seed42-20261004,12,3,output,min,-0.0079888254404068,0
lsa-multi-krum-late20-seed42-20261004,12,3,output,max,0.007738277316093445,0
lsa-multi-krum-late20-seed42-20261004,12,3,output,l1,0.905620650795754,0
lsa-multi-krum-late20-seed42-20261004,12,3,output,l2,0.051873851502538794,0
lsa-multi-krum-late20-seed42-20261004,12,3,output,max_abs,0.0079888254404068,0
lsa-multi-krum-late20-seed42-20261004,12,3,output,sparsity,0.046153846153846156,0
lsa-multi-krum-late20-seed42-20261004,12,3,output,skewness,0.25313041527651997,0
lsa-multi-krum-late20-seed42-20261004,12,3,output,kurtosis,1.461540263377323,0
lsa-multi-krum-late20-seed42-20261004,12,4,conv1,mean,0.0023632729857126834,0
lsa-multi-krum-late20-seed42-20261004,12,4,conv1,std,0.0037401918082667724,0
lsa-multi-krum-late20-seed42-20261004,12,4,conv1,median,0.00039149820804595947,0
lsa-multi-krum-late20-seed42-20261004,12,4,conv1,min,-0.0011364519596099854,0
lsa-multi-krum-late20-seed42-20261004,12,4,conv1,max,0.014248937368392944,0
lsa-multi-krum-late20-seed42-20261004,12,4,conv1,l1,0.4025872858182993,0
lsa-multi-krum-late20-seed42-20261004,12,4,conv1,l2,0.055962979145324575,0
lsa-multi-krum-late20-seed42-20261004,12,4,conv1,max_abs,0.014248937368392944,0
lsa-multi-krum-late20-seed42-20261004,12,4,conv1,sparsity,0.0,0
lsa-multi-krum-late20-seed42-20261004,12,4,conv1,skewness,1.507040603132792,0
lsa-multi-krum-late20-seed42-20261004,12,4,conv1,kurtosis,1.0725155630655765,0
lsa-multi-krum-late20-seed42-20261004,12,4,conv2,mean,0.0002418708565520664,0
lsa-multi-krum-late20-seed42-20261004,12,4,conv2,std,0.0009275410276110969,0
lsa-multi-krum-late20-seed42-20261004,12,4,conv2,median,2.6856549084186554e-05,0
lsa-multi-krum-late20-seed42-20261004,12,4,conv2,min,-0.002730894833803177,0
lsa-multi-krum-late20-seed42-20261004,12,4,conv2,max,0.011108994483947754,0
lsa-multi-krum-late20-seed42-20261004,12,4,conv2,l1,1.9561711322494375,0
lsa-multi-krum-late20-seed42-20261004,12,4,conv2,l2,0.06529463341547306,0
lsa-multi-krum-late20-seed42-20261004,12,4,conv2,max_abs,0.011108994483947754,0
lsa-multi-krum-late20-seed42-20261004,12,4,conv2,sparsity,0.0,0
lsa-multi-krum-late20-seed42-20261004,12,4,conv2,skewness,4.209721174461917,0
lsa-multi-krum-late20-seed42-20261004,12,4,conv2,kurtosis,28.23931753761576,0
lsa-multi-krum-late20-seed42-20261004,12,4,fc1,mean,2.104812636490947e-05,0
lsa-multi-krum-late20-seed42-20261004,12,4,fc1,std,0.0003717398968110592,0
lsa-multi-krum-late20-seed42-20261004,12,4,fc1,median,0.0,0
lsa-multi-krum-late20-seed42-20261004,12,4,fc1,min,-0.006342660635709763,0
lsa-multi-krum-late20-seed42-20261004,12,4,fc1,max,0.006913363933563232,0
lsa-multi-krum-late20-seed42-20261004,12,4,fc1,l1,17.102802771330516,0
lsa-multi-krum-late20-seed42-20261004,12,4,fc1,l2,0.11798741041929395,0
lsa-multi-krum-late20-seed42-20261004,12,4,fc1,max_abs,0.006913363933563232,0
lsa-multi-krum-late20-seed42-20261004,12,4,fc1,sparsity,0.08041547163798597,0
lsa-multi-krum-late20-seed42-20261004,12,4,fc1,skewness,1.07043196533488,0
lsa-multi-krum-late20-seed42-20261004,12,4,fc1,kurtosis,31.99634336946464,0
lsa-multi-krum-late20-seed42-20261004,12,4,output,mean,3.179481539588708e-10,0
lsa-multi-krum-late20-seed42-20261004,12,4,output,std,0.002814427248447862,0
lsa-multi-krum-late20-seed42-20261004,12,4,output,median,-1.2665987014770508e-07,0
lsa-multi-krum-late20-seed42-20261004,12,4,output,min,-0.008966907858848572,0
lsa-multi-krum-late20-seed42-20261004,12,4,output,max,0.010042637586593628,0
lsa-multi-krum-late20-seed42-20261004,12,4,output,l1,1.2869550819450524,0
lsa-multi-krum-late20-seed42-20261004,12,4,output,l2,0.07175409729711495,0
lsa-multi-krum-late20-seed42-20261004,12,4,output,max_abs,0.010042637586593628,0
lsa-multi-krum-late20-seed42-20261004,12,4,output,sparsity,0.05076923076923077,0
lsa-multi-krum-late20-seed42-20261004,12,4,output,skewness,0.3069461106493428,0
lsa-multi-krum-late20-seed42-20261004,12,4,output,kurtosis,0.8553679579486899,0
lsa-multi-krum-late20-seed42-20261004,13,0,conv1,mean,0.001858592815915472,0
lsa-multi-krum-late20-seed42-20261004,13,0,conv1,std,0.002938857851822135,0
lsa-multi-krum-late20-seed42-20261004,13,0,conv1,median,0.0003170296549797058,0
lsa-multi-krum-late20-seed42-20261004,13,0,conv1,min,-0.0009175091981887817,0
lsa-multi-krum-late20-seed42-20261004,13,0,conv1,max,0.011559486389160156,0
lsa-multi-krum-late20-seed42-20261004,13,0,conv1,l1,0.32150949590140954,0
lsa-multi-krum-late20-seed42-20261004,13,0,conv1,l2,0.043984092994789316,0
lsa-multi-krum-late20-seed42-20261004,13,0,conv1,max_abs,0.011559486389160156,0
lsa-multi-krum-late20-seed42-20261004,13,0,conv1,sparsity,0.0,0
lsa-multi-krum-late20-seed42-20261004,13,0,conv1,skewness,1.4952527277381151,0
lsa-multi-krum-late20-seed42-20261004,13,0,conv1,kurtosis,1.1033297122470156,0
lsa-multi-krum-late20-seed42-20261004,13,0,conv2,mean,0.00021556378980347227,0
lsa-multi-krum-late20-seed42-20261004,13,0,conv2,std,0.0007345138608848317,0
lsa-multi-krum-late20-seed42-20261004,13,0,conv2,median,3.6227283999323845e-05,0
lsa-multi-krum-late20-seed42-20261004,13,0,conv2,min,-0.00274764746427536,0
lsa-multi-krum-late20-seed42-20261004,13,0,conv2,max,0.007670462131500244,0
lsa-multi-krum-late20-seed42-20261004,13,0,conv2,l1,1.7096443802183785,0
lsa-multi-krum-late20-seed42-20261004,13,0,conv2,l2,0.05214345200676295,0
lsa-multi-krum-late20-seed42-20261004,13,0,conv2,max_abs,0.007670462131500244,0
lsa-multi-krum-late20-seed42-20261004,13,0,conv2,sparsity,0.0,0
lsa-multi-krum-late20-seed42-20261004,13,0,conv2,skewness,3.3281980723597986,0
lsa-multi-krum-late20-seed42-20261004,13,0,conv2,kurtosis,18.792944736978146,0
lsa-multi-krum-late20-seed42-20261004,13,0,fc1,mean,2.1064192849350892e-05,0
lsa-multi-krum-late20-seed42-20261004,13,0,fc1,std,0.00039359934586139054,0
lsa-multi-krum-late20-seed42-20261004,13,0,fc1,median,0.0,0
lsa-multi-krum-late20-seed42-20261004,13,0,fc1,min,-0.005087396129965782,0
lsa-multi-krum-late20-seed42-20261004,13,0,fc1,max,0.005971383303403854,0
lsa-multi-krum-late20-seed42-20261004,13,0,fc1,l1,17.79954484074574,0
lsa-multi-krum-late20-seed42-20261004,13,0,fc1,l2,0.124904147299954,0
lsa-multi-krum-late20-seed42-20261004,13,0,fc1,max_abs,0.005971383303403854,0
lsa-multi-krum-late20-seed42-20261004,13,0,fc1,sparsity,0.09030433397068197,0
lsa-multi-krum-late20-seed42-20261004,13,0,fc1,skewness,0.7702999935798832,0
lsa-multi-krum-late20-seed42-20261004,13,0,fc1,kurtosis,28.055153680690413,0
lsa-multi-krum-late20-seed42-20261004,13,0,output,mean,4.914517586047833e-10,0
lsa-multi-krum-late20-seed42-20261004,13,0,output,std,0.0025748480031148246,0
lsa-multi-krum-late20-seed42-20261004,13,0,output,median,-3.1740637496113777e-06,0
lsa-multi-krum-late20-seed42-20261004,13,0,output,min,-0.006217554211616516,0
lsa-multi-krum-late20-seed42-20261004,13,0,output,max,0.01846472918987274,0
lsa-multi-krum-late20-seed42-20261004,13,0,output,l1,1.0728249287931249,0
lsa-multi-krum-late20-seed42-20261004,13,0,output,l2,0.06564600106209072,0
lsa-multi-krum-late20-seed42-20261004,13,0,output,max_abs,0.01846472918987274,0
lsa-multi-krum-late20-seed42-20261004,13,0,output,sparsity,0.06153846153846154,0
lsa-multi-krum-late20-seed42-20261004,13,0,output,skewness,1.7458013478182213,0
lsa-multi-krum-late20-seed42-20261004,13,0,output,kurtosis,7.313496341040432,0
lsa-multi-krum-late20-seed42-20261004,13,1,conv1,mean,0.0019287470495328307,0
lsa-multi-krum-late20-seed42-20261004,13,1,conv1,std,0.0030624541959487143,0
lsa-multi-krum-late20-seed42-20261004,13,1,conv1,median,0.0003194063901901245,0
lsa-multi-krum-late20-seed42-20261004,13,1,conv1,min,-0.000909075140953064,0
lsa-multi-krum-late20-seed42-20261004,13,1,conv1,max,0.011550575494766235,0
lsa-multi-krum-late20-seed42-20261004,13,1,conv1,l1,0.3331310395151377,0
lsa-multi-krum-late20-seed42-20261004,13,1,conv1,l2,0.04577980495085664,0
lsa-multi-krum-late20-seed42-20261004,13,1,conv1,max_abs,0.011550575494766235,0
lsa-multi-krum-late20-seed42-20261004,13,1,conv1,sparsity,0.0,0
lsa-multi-krum-late20-seed42-20261004,13,1,conv1,skewness,1.4830595662650223,0
lsa-multi-krum-late20-seed42-20261004,13,1,conv1,kurtosis,0.9956861602331708,0
lsa-multi-krum-late20-seed42-20261004,13,1,conv2,mean,0.0002062061164902561,0
lsa-multi-krum-late20-seed42-20261004,13,1,conv2,std,0.0007438113829215121,0
lsa-multi-krum-late20-seed42-20261004,13,1,conv2,median,3.085192292928696e-05,0
lsa-multi-krum-late20-seed42-20261004,13,1,conv2,min,-0.0027419887483119965,0
lsa-multi-krum-late20-seed42-20261004,13,1,conv2,max,0.007942646741867065,0
lsa-multi-krum-late20-seed42-20261004,13,1,conv2,l1,1.6346379781007272,0
lsa-multi-krum-late20-seed42-20261004,13,1,conv2,l2,0.052577582659390575,0
lsa-multi-krum-late20-seed42-20261004,13,1,conv2,max_abs,0.007942646741867065,0
lsa-multi-krum-late20-seed42-20261004,13,1,conv2,sparsity,0.0,0
lsa-multi-krum-late20-seed42-20261004,13,1,conv2,skewness,3.7113399155057945,0
lsa-multi-krum-late20-seed42-20261004,13,1,conv2,kurtosis,22.4294431599836,0
lsa-multi-krum-late20-seed42-20261004,13,1,fc1,mean,1.0946922633340198e-05,0
lsa-multi-krum-late20-seed42-20261004,13,1,fc1,std,0.0002754997130288012,0
lsa-multi-krum-late20-seed42-20261004,13,1,fc1,median,0.0,0
lsa-multi-krum-late20-seed42-20261004,13,1,fc1,min,-0.0038635898381471634,0
lsa-multi-krum-late20-seed42-20261004,13,1,fc1,max,0.004182223230600357,0
lsa-multi-krum-late20-seed42-20261004,13,1,fc1,l1,13.424310261846358,0
lsa-multi-krum-late20-seed42-20261004,13,1,fc1,l2,0.08737057278648663,0
lsa-multi-krum-late20-seed42-20261004,13,1,fc1,max_abs,0.004182223230600357,0
lsa-multi-krum-late20-seed42-20261004,13,1,fc1,sparsity,0.08062460165710644,0
lsa-multi-krum-late20-seed42-20261004,13,1,fc1,skewness,0.4060281292114749,0
lsa-multi-krum-late20-seed42-20261004,13,1,fc1,kurtosis,21.58694075117549,0
lsa-multi-krum-late20-seed42-20261004,13,1,output,mean,-2.4682846672546407e-10,0
lsa-multi-krum-late20-seed42-20261004,13,1,output,std,0.001832029227514658,0
lsa-multi-krum-late20-seed42-20261004,13,1,output,median,-5.21540641784668e-08,0
lsa-multi-krum-late20-seed42-20261004,13,1,output,min,-0.00834740698337555,0
lsa-multi-krum-late20-seed42-20261004,13,1,output,max,0.006597504019737244,0
lsa-multi-krum-late20-seed42-20261004,13,1,output,l1,0.8465584082478017,0
lsa-multi-krum-late20-seed42-20261004,13,1,output,l2,0.046707763902848205,0
lsa-multi-krum-late20-seed42-20261004,13,1,output,max_abs,0.00834740698337555,0
lsa-multi-krum-late20-seed42-20261004,13,1,output,sparsity,0.052307692307692305,0
lsa-multi-krum-late20-seed42-20261004,13,1,output,skewness,0.24093118619097256,0
lsa-multi-krum-late20-seed42-20261004,13,1,output,kurtosis,1.181156431792104,0
lsa-multi-krum-late20-seed42-20261004,13,2,conv1,mean,0.0017386078128765804,0
lsa-multi-krum-late20-seed42-20261004,13,2,conv1,std,0.002810941840448583,0
lsa-multi-krum-late20-seed42-20261004,13,2,conv1,median,0.00035136938095092773,0
lsa-multi-krum-late20-seed42-20261004,13,2,conv1,min,-0.0007517337799072266,0
lsa-multi-krum-late20-seed42-20261004,13,2,conv1,max,0.010710060596466064,0
lsa-multi-krum-late20-seed42-20261004,13,2,conv1,l1,0.3020807161228731,0
lsa-multi-krum-late20-seed42-20261004,13,2,conv1,l2,0.0418074656632137,0
lsa-multi-krum-late20-seed42-20261004,13,2,conv1,max_abs,0.010710060596466064,0
lsa-multi-krum-late20-seed42-20261004,13,2,conv1,sparsity,0.0,0
lsa-multi-krum-late20-seed42-20261004,13,2,conv1,skewness,1.5362330871447614,0
lsa-multi-krum-late20-seed42-20261004,13,2,conv1,kurtosis,1.209273602084517,0
lsa-multi-krum-late20-seed42-20261004,13,2,conv2,mean,0.00018835538054378864,0
lsa-multi-krum-late20-seed42-20261004,13,2,conv2,std,0.0007140474546932623,0
lsa-multi-krum-late20-seed42-20261004,13,2,conv2,median,2.9935501515865326e-05,0
lsa-multi-krum-late20-seed42-20261004,13,2,conv2,min,-0.0032000839710235596,0
lsa-multi-krum-late20-seed42-20261004,13,2,conv2,max,0.007645651698112488,0
lsa-multi-krum-late20-seed42-20261004,13,2,conv2,l1,1.6012570408493048,0
lsa-multi-krum-late20-seed42-20261004,13,2,conv2,l2,0.05030292872758473,0
lsa-multi-krum-late20-seed42-20261004,13,2,conv2,max_abs,0.007645651698112488,0
lsa-multi-krum-late20-seed42-20261004,13,2,conv2,sparsity,0.0,0
lsa-multi-krum-late20-seed42-20261004,13,2,conv2,skewness,3.393263957377565,0
lsa-multi-krum-late20-seed42-20261004,13,2,conv2,kurtosis,21.203743464483296,0
lsa-multi-krum-late20-seed42-20261004,13,2,fc1,mean,2.3589205041804527e-05,0
lsa-multi-krum-late20-seed42-20261004,13,2,fc1,std,0.00040897282880432786,0
lsa-multi-krum-late20-seed42-20261004,13,2,fc1,median,0.0,0
lsa-multi-krum-late20-seed42-20261004,13,2,fc1,min,-0.00836591050028801,0
lsa-multi-krum-late20-seed42-20261004,13,2,fc1,max,0.006300508975982666,0
lsa-multi-krum-late20-seed42-20261004,13,2,fc1,l1,18.848105745464864,0
lsa-multi-krum-late20-seed42-20261004,13,2,fc1,l2,0.1298126868345095,0
lsa-multi-krum-late20-seed42-20261004,13,2,fc1,max_abs,0.00836591050028801,0
lsa-multi-krum-late20-seed42-20261004,13,2,fc1,sparsity,0.09125039834289356,0
lsa-multi-krum-late20-seed42-20261004,13,2,fc1,skewness,0.2134932816226581,0
lsa-multi-krum-late20-seed42-20261004,13,2,fc1,kurtosis,27.529971335155864,0
lsa-multi-krum-late20-seed42-20261004,13,2,output,mean,-5.00227682865583e-10,0
lsa-multi-krum-late20-seed42-20261004,13,2,output,std,0.002653342788739193,0
lsa-multi-krum-late20-seed42-20261004,13,2,output,median,-1.6409903764724731e-06,0
lsa-multi-krum-late20-seed42-20261004,13,2,output,min,-0.008325442671775818,0
lsa-multi-krum-late20-seed42-20261004,13,2,output,max,0.010710738599300385,0
lsa-multi-krum-late20-seed42-20261004,13,2,output,l1,1.1919563595438376,0
lsa-multi-krum-late20-seed42-20261004,13,2,output,l2,0.06764723328016041,0
lsa-multi-krum-late20-seed42-20261004,13,2,output,max_abs,0.010710738599300385,0
lsa-multi-krum-late20-seed42-20261004,13,2,output,sparsity,0.06461538461538462,0
lsa-multi-krum-late20-seed42-20261004,13,2,output,skewness,0.4777658648629945,0
lsa-multi-krum-late20-seed42-20261004,13,2,output,kurtosis,1.4873143791243981,0
lsa-multi-krum-late20-seed42-20261004,13,3,conv1,mean,0.0018601986681460402,0
lsa-multi-krum-late20-seed42-20261004,13,3,conv1,std,0.0029256884405236467,0
lsa-multi-krum-late20-seed42-20261004,13,3,conv1,median,0.0003228895366191864,0
lsa-multi-krum-late20-seed42-20261004,13,3,conv1,min,-0.0008236616849899292,0
lsa-multi-krum-late20-seed42-20261004,13,3,conv1,max,0.01130262017250061,0
lsa-multi-krum-late20-seed42-20261004,13,3,conv1,l1,0.31808033329434693,0
lsa-multi-krum-late20-seed42-20261004,13,3,conv1,l2,0.04385428952517369,0
lsa-multi-krum-late20-seed42-20261004,13,3,conv1,max_abs,0.01130262017250061,0
lsa-multi-krum-late20-seed42-20261004,13,3,conv1,sparsity,0.0,0
lsa-multi-krum-late20-seed42-20261004,13,3,conv1,skewness,1.5048680365730176,0
lsa-multi-krum-late20-seed42-20261004,13,3,conv1,kurtosis,1.1092023870153618,0
lsa-multi-krum-late20-seed42-20261004,13,3,conv2,mean,0.000194243956622327,0
lsa-multi-krum-late20-seed42-20261004,13,3,conv2,std,0.0007273188681312667,0
lsa-multi-krum-late20-seed42-20261004,13,3,conv2,median,2.8310343623161316e-05,0
lsa-multi-krum-late20-seed42-20261004,13,3,conv2,min,-0.002941533923149109,0
lsa-multi-krum-late20-seed42-20261004,13,3,conv2,max,0.007710084319114685,0
lsa-multi-krum-late20-seed42-20261004,13,3,conv2,l1,1.6205596655872796,0
lsa-multi-krum-late20-seed42-20261004,13,3,conv2,l2,0.05127959448840797,0
lsa-multi-krum-late20-seed42-20261004,13,3,conv2,max_abs,0.007710084319114685,0
lsa-multi-krum-late20-seed42-20261004,13,3,conv2,sparsity,0.00021551724137931034,0
lsa-multi-krum-late20-seed42-20261004,13,3,conv2,skewness,3.495746867337956,0
lsa-multi-krum-late20-seed42-20261004,13,3,conv2,kurtosis,20.797264608917256,0
lsa-multi-krum-late20-seed42-20261004,13,3,fc1,mean,1.6103297681193993e-05,0
lsa-multi-krum-late20-seed42-20261004,13,3,fc1,std,0.0002717659338164152,0
lsa-multi-krum-late20-seed42-20261004,13,3,fc1,median,0.0,0
lsa-multi-krum-late20-seed42-20261004,13,3,fc1,min,-0.00401223823428154,0
lsa-multi-krum-late20-seed42-20261004,13,3,fc1,max,0.004414401948451996,0
lsa-multi-krum-late20-seed42-20261004,13,3,fc1,l1,13.107127200329387,0
lsa-multi-krum-late20-seed42-20261004,13,3,fc1,l2,0.0862695552912331,0
lsa-multi-krum-late20-seed42-20261004,13,3,fc1,max_abs,0.004414401948451996,0
lsa-multi-krum-late20-seed42-20261004,13,3,fc1,sparsity,0.08176983747609942,0
lsa-multi-krum-late20-seed42-20261004,13,3,fc1,skewness,0.5277938410186247,0
lsa-multi-krum-late20-seed42-20261004,13,3,fc1,kurtosis,22.982022711848824,0
lsa-multi-krum-late20-seed42-20261004,13,3,output,mean,8.766969236043783e-11,0
lsa-multi-krum-late20-seed42-20261004,13,3,output,std,0.0017805911345297662,0
lsa-multi-krum-late20-seed42-20261004,13,3,output,median,-8.568167686462402e-08,0
lsa-multi-krum-late20-seed42-20261004,13,3,output,min,-0.007540911436080933,0
lsa-multi-krum-late20-seed42-20261004,13,3,output,max,0.0063635557889938354,0
lsa-multi-krum-late20-seed42-20261004,13,3,output,l1,0.7956900969729759,0
lsa-multi-krum-late20-seed42-20261004,13,3,output,l2,0.045396344703488016,0
lsa-multi-krum-late20-seed42-20261004,13,3,output,max_abs,0.007540911436080933,0
lsa-multi-krum-late20-seed42-20261004,13,3,output,sparsity,0.04923076923076923,0
lsa-multi-krum-late20-seed42-20261004,13,3,output,skewness,0.20721636702202273,0
lsa-multi-krum-late20-seed42-20261004,13,3,output,kurtosis,1.4755811157496366,0
lsa-multi-krum-late20-seed42-20261004,13,4,conv1,mean,0.0019220477606722852,0
lsa-multi-krum-late20-seed42-20261004,13,4,conv1,std,0.0030512768851639095,0
lsa-multi-krum-late20-seed42-20261004,13,4,conv1,median,0.00026901066303253174,0
lsa-multi-krum-late20-seed42-20261004,13,4,conv1,min,-0.0009393841028213501,0
lsa-multi-krum-late20-seed42-20261004,13,4,conv1,max,0.011824458837509155,0
lsa-multi-krum-late20-seed42-20261004,13,4,conv1,l1,0.32853964070091024,0
lsa-multi-krum-late20-seed42-20261004,13,4,conv1,l2,0.04561501195745263,0
lsa-multi-krum-late20-seed42-20261004,13,4,conv1,max_abs,0.011824458837509155,0
lsa-multi-krum-late20-seed42-20261004,13,4,conv1,sparsity,0.00625,0
lsa-multi-krum-late20-seed42-20261004,13,4,conv1,skewness,1.5126796203522113,0
lsa-multi-krum-late20-seed42-20261004,13,4,conv1,kurtosis,1.1207426712795092,0
lsa-multi-krum-late20-seed42-20261004,13,4,conv2,mean,0.00016964112912774,0
lsa-multi-krum-late20-seed42-20261004,13,4,conv2,std,0.0007598568536100899,0
lsa-multi-krum-late20-seed42-20261004,13,4,conv2,median,1.5156343579292297e-05,0
lsa-multi-krum-late20-seed42-20261004,13,4,conv2,min,-0.0027618147432804108,0
lsa-multi-krum-late20-seed42-20261004,13,4,conv2,max,0.008944302797317505,0
lsa-multi-krum-late20-seed42-20261004,13,4,conv2,l1,1.6246716844652838,0
lsa-multi-krum-late20-seed42-20261004,13,4,conv2,l2,0.05303380954738792,0
lsa-multi-krum-late20-seed42-20261004,13,4,conv2,max_abs,0.008944302797317505,0
lsa-multi-krum-late20-seed42-20261004,13,4,conv2,sparsity,0.0,0
lsa-multi-krum-late20-seed42-20261004,13,4,conv2,skewness,3.9602821549428744,0
lsa-multi-krum-late20-seed42-20261004,13,4,conv2,kurtosis,27.010546164042182,0
lsa-multi-krum-late20-seed42-20261004,13,4,fc1,mean,1.2102522227783456e-05,0
lsa-multi-krum-late20-seed42-20261004,13,4,fc1,std,0.00035497094788729136,0
lsa-multi-krum-late20-seed42-20261004,13,4,fc1,median,0.0,0
lsa-multi-krum-late20-seed42-20261004,13,4,fc1,min,-0.005955105647444725,0
lsa-multi-krum-late20-seed42-20261004,13,4,fc1,max,0.006882969290018082,0
lsa-multi-krum-late20-seed42-20261004,13,4,fc1,l1,16.204017662166166,0
lsa-multi-krum-late20-seed42-20261004,13,4,fc1,l2,0.11255026983664293,0
lsa-multi-krum-late20-seed42-20261004,13,4,fc1,max_abs,0.006882969290018082,0
lsa-multi-krum-late20-seed42-20261004,13,4,fc1,sparsity,0.08134161886551944,0
lsa-multi-krum-late20-seed42-20261004,13,4,fc1,skewness,0.8270937626126136,0
lsa-multi-krum-late20-seed42-20261004,13,4,fc1,kurtosis,32.8886783568227,0
lsa-multi-krum-late20-seed42-20261004,13,4,output,mean,-2.504720424230282e-10,0
lsa-multi-krum-late20-seed42-20261004,13,4,output,std,0.002683286729136855,0
lsa-multi-krum-late20-seed42-20261004,13,4,output,median,-8.940696716308594e-08,0
lsa-multi-krum-late20-seed42-20261004,13,4,output,min,-0.008639335632324219,0
lsa-multi-krum-late20-seed42-20261004,13,4,output,max,0.009804293513298035,0
lsa-multi-krum-late20-seed42-20261004,13,4,output,l1,1.2154749360051937,0
lsa-multi-krum-late20-seed42-20261004,13,4,output,l2,0.0684106569621672,0
lsa-multi-krum-late20-seed42-20261004,13,4,output,max_abs,0.009804293513298035,0
lsa-multi-krum-late20-seed42-20261004,13,4,output,sparsity,0.05846153846153846,0
lsa-multi-krum-late20-seed42-20261004,13,4,output,skewness,0.21409556194780413,0
lsa-multi-krum-late20-seed42-20261004,13,4,output,kurtosis,1.0438587966949147,0
lsa-multi-krum-late20-seed42-20261004,14,0,conv1,mean,0.0014989674422395184,0
lsa-multi-krum-late20-seed42-20261004,14,0,conv1,std,0.002380300980750484,0
lsa-multi-krum-late20-seed42-20261004,14,0,conv1,median,0.00025968998670578003,0
lsa-multi-krum-late20-seed42-20261004,14,0,conv1,min,-0.0007121264934539795,0
lsa-multi-krum-late20-seed42-20261004,14,0,conv1,max,0.00970575213432312,0
lsa-multi-krum-late20-seed42-20261004,14,0,conv1,l1,0.26103340956615284,0
lsa-multi-krum-late20-seed42-20261004,14,0,conv1,l2,0.035581424708644366,0
lsa-multi-krum-late20-seed42-20261004,14,0,conv1,max_abs,0.00970575213432312,0
lsa-multi-krum-late20-seed42-20261004,14,0,conv1,sparsity,0.0,0
lsa-multi-krum-late20-seed42-20261004,14,0,conv1,skewness,1.5129689801362975,0
lsa-multi-krum-late20-seed42-20261004,14,0,conv1,kurtosis,1.2278007980573165,0
lsa-multi-krum-late20-seed42-20261004,14,0,conv2,mean,0.00016625841589506434,0
lsa-multi-krum-late20-seed42-20261004,14,0,conv2,std,0.0006033234929076684,0
lsa-multi-krum-late20-seed42-20261004,14,0,conv2,median,2.9974617063999176e-05,0
lsa-multi-krum-late20-seed42-20261004,14,0,conv2,min,-0.002531185746192932,0
lsa-multi-krum-late20-seed42-20261004,14,0,conv2,max,0.00599457323551178,0
lsa-multi-krum-late20-seed42-20261004,14,0,conv2,l1,1.4347098116959387,0
lsa-multi-krum-late20-seed42-20261004,14,0,conv2,l2,0.04262880123213811,0
lsa-multi-krum-late20-seed42-20261004,14,0,conv2,max_abs,0.00599457323551178,0
lsa-multi-krum-late20-seed42-20261004,14,0,conv2,sparsity,0.0,0
lsa-multi-krum-late20-seed42-20261004,14,0,conv2,skewness,3.0344911715401235,0
lsa-multi-krum-late20-seed42-20261004,14,0,conv2,kurtosis,16.848191659442353,0
lsa-multi-krum-late20-seed42-20261004,14,0,fc1,mean,2.1163362987958847e-05,0
lsa-multi-krum-late20-seed42-20261004,14,0,fc1,std,0.0003654889051633183,0
lsa-multi-krum-late20-seed42-20261004,14,0,fc1,median,0.0,0
lsa-multi-krum-late20-seed42-20261004,14,0,fc1,min,-0.004885625094175339,0
lsa-multi-krum-late20-seed42-20261004,14,0,fc1,max,0.005425061099231243,0
lsa-multi-krum-late20-seed42-20261004,14,0,fc1,l1,16.682723047004174,0
lsa-multi-krum-late20-seed42-20261004,14,0,fc1,l2,0.11601189277216357,0
lsa-multi-krum-late20-seed42-20261004,14,0,fc1,max_abs,0.005425061099231243,0
lsa-multi-krum-late20-seed42-20261004,14,0,fc1,sparsity,0.08806365519439133,0
lsa-multi-krum-late20-seed42-20261004,14,0,fc1,skewness,0.8850910158322076,0
lsa-multi-krum-late20-seed42-20261004,14,0,fc1,kurtosis,28.069208108876694,0
lsa-multi-krum-late20-seed42-20261004,14,0,output,mean,-5.015709365789707e-10,0
lsa-multi-krum-late20-seed42-20261004,14,0,output,std,0.0023324206022056634,0
lsa-multi-krum-late20-seed42-20261004,14,0,output,median,-3.7178397178649902e-06,0
lsa-multi-krum-late20-seed42-20261004,14,0,output,min,-0.005713760852813721,0
lsa-multi-krum-late20-seed42-20261004,14,0,output,max,0.016605079174041748,0
lsa-multi-krum-late20-seed42-20261004,14,0,output,l1,0.9707152719493024,0
lsa-multi-krum-late20-seed42-20261004,14,0,output,l2,0.05946529082276394,0
lsa-multi-krum-late20-seed42-20261004,14,0,output,max_abs,0.016605079174041748,0
lsa-multi-krum-late20-seed42-20261004,14,0,output,sparsity,0.06461538461538462,0
lsa-multi-krum-late20-seed42-20261004,14,0,output,skewness,1.753220788454452,0
lsa-multi-krum-late20-seed42-20261004,14,0,output,kurtosis,7.2659512985485755,0
lsa-multi-krum-late20-seed42-20261004,14,1,conv1,mean,0.0016045929158281069,0
lsa-multi-krum-late20-seed42-20261004,14,1,conv1,std,0.0025559230763415376,0
lsa-multi-krum-late20-seed42-20261004,14,1,conv1,median,0.000257100909948349,0
lsa-multi-krum-late20-seed42-20261004,14,1,conv1,min,-0.0007973909378051758,0
lsa-multi-krum-late20-seed42-20261004,14,1,conv1,max,0.00975540280342102,0
lsa-multi-krum-late20-seed42-20261004,14,1,conv1,l1,0.2789077191846445,0
lsa-multi-krum-late20-seed42-20261004,14,1,conv1,l2,0.03817320777236503,0
lsa-multi-krum-late20-seed42-20261004,14,1,conv1,max_abs,0.00975540280342102,0
lsa-multi-krum-late20-seed42-20261004,14,1,conv1,sparsity,0.0,0
lsa-multi-krum-late20-seed42-20261004,14,1,conv1,skewness,1.4812354797957388,0
lsa-multi-krum-late20-seed42-20261004,14,1,conv1,kurtosis,1.0183219755493402,0
lsa-multi-krum-late20-seed42-20261004,14,1,conv2,mean,0.0001562467108297385,0
lsa-multi-krum-late20-seed42-20261004,14,1,conv2,std,0.0006239802495216726,0
lsa-multi-krum-late20-seed42-20261004,14,1,conv2,median,2.329424023628235e-05,0
lsa-multi-krum-late20-seed42-20261004,14,1,conv2,min,-0.0025098957121372223,0
lsa-multi-krum-late20-seed42-20261004,14,1,conv2,max,0.006455510854721069,0
lsa-multi-krum-late20-seed42-20261004,14,1,conv2,l1,1.392014661907524,0
lsa-multi-krum-late20-seed42-20261004,14,1,conv2,l2,0.043816284108461744,0
lsa-multi-krum-late20-seed42-20261004,14,1,conv2,max_abs,0.006455510854721069,0
lsa-multi-krum-late20-seed42-20261004,14,1,conv2,sparsity,0.0,0
lsa-multi-krum-late20-seed42-20261004,14,1,conv2,skewness,3.431952957510678,0
lsa-multi-krum-late20-seed42-20261004,14,1,conv2,kurtosis,20.57303421351146,0
lsa-multi-krum-late20-seed42-20261004,14,1,fc1,mean,1.0530073220789313e-05,0
lsa-multi-krum-late20-seed42-20261004,14,1,fc1,std,0.00025926152780676015,0
lsa-multi-krum-late20-seed42-20261004,14,1,fc1,median,0.0,0
lsa-multi-krum-late20-seed42-20261004,14,1,fc1,min,-0.0035670092329382896,0
lsa-multi-krum-late20-seed42-20261004,14,1,fc1,max,0.0036997124552726746,0
lsa-multi-krum-late20-seed42-20261004,14,1,fc1,l1,12.722004610390059,0
lsa-multi-krum-late20-seed42-20261004,14,1,fc1,l2,0.08222378264180043,0
lsa-multi-krum-late20-seed42-20261004,14,1,fc1,max_abs,0.0036997124552726746,0
lsa-multi-krum-late20-seed42-20261004,14,1,fc1,sparsity,0.08033580305927342,0
lsa-multi-krum-late20-seed42-20261004,14,1,fc1,skewness,0.5850568555495342,0
lsa-multi-krum-late20-seed42-20261004,14,1,fc1,kurtosis,21.311747328433906,0
lsa-multi-krum-late20-seed42-20261004,14,1,output,mean,2.7809829379503546e-10,0
lsa-multi-krum-late20-seed42-20261004,14,1,output,std,0.0016364204213009305,0
lsa-multi-krum-late20-seed42-20261004,14,1,output,median,-3.166496753692627e-08,0
lsa-multi-krum-late20-seed42-20261004,14,1,output,min,-0.00786377489566803,0
lsa-multi-krum-late20-seed42-20261004,14,1,output,max,0.006052061915397644,0
lsa-multi-krum-late20-seed42-20261004,14,1,output,l1,0.7581338353047613,0
lsa-multi-krum-late20-seed42-20261004,14,1,output,l2,0.04172069830327645,0
lsa-multi-krum-late20-seed42-20261004,14,1,output,max_abs,0.00786377489566803,0
lsa-multi-krum-late20-seed42-20261004,14,1,output,sparsity,0.055384615384615386,0
lsa-multi-krum-late20-seed42-20261004,14,1,output,skewness,0.2387411496778817,0
lsa-multi-krum-late20-seed42-20261004,14,1,output,kurtosis,1.346909776590909,0
lsa-multi-krum-late20-seed42-20261004,14,2,conv1,mean,0.0014041655937035102,0
lsa-multi-krum-late20-seed42-20261004,14,2,conv1,std,0.002303392318896333,0
lsa-multi-krum-late20-seed42-20261004,14,2,conv1,median,0.00028446316719055176,0
lsa-multi-krum-late20-seed42-20261004,14,2,conv1,min,-0.0007107853889465332,0
lsa-multi-krum-late20-seed42-20261004,14,2,conv1,max,0.008848428726196289,0
lsa-multi-krum-late20-seed42-20261004,14,2,conv1,l1,0.24758783157449216,0
lsa-multi-krum-late20-seed42-20261004,14,2,conv1,l2,0.03412283033815656,0
lsa-multi-krum-late20-seed42-20261004,14,2,conv1,max_abs,0.008848428726196289,0
lsa-multi-krum-late20-seed42-20261004,14,2,conv1,sparsity,0.0,0
lsa-multi-krum-late20-seed42-20261004,14,2,conv1,skewness,1.5551243617736428,0
lsa-multi-krum-late20-seed42-20261004,14,2,conv1,kurtosis,1.3244115276623454,0
lsa-multi-krum-late20-seed42-20261004,14,2,conv2,mean,0.00013623049688421502,0
lsa-multi-krum-late20-seed42-20261004,14,2,conv2,std,0.0005994053501261347,0
lsa-multi-krum-late20-seed42-20261004,14,2,conv2,median,1.9038096070289612e-05,0
lsa-multi-krum-late20-seed42-20261004,14,2,conv2,min,-0.003208000212907791,0
lsa-multi-krum-late20-seed42-20261004,14,2,conv2,max,0.006133079528808594,0
lsa-multi-krum-late20-seed42-20261004,14,2,conv2,l1,1.363909933323157,0
lsa-multi-krum-late20-seed42-20261004,14,2,conv2,l2,0.041871269652005494,0
lsa-multi-krum-late20-seed42-20261004,14,2,conv2,max_abs,0.006133079528808594,0
lsa-multi-krum-late20-seed42-20261004,14,2,conv2,sparsity,0.0,0
lsa-multi-krum-late20-seed42-20261004,14,2,conv2,skewness,2.8665810464910564,0
lsa-multi-krum-late20-seed42-20261004,14,2,conv2,kurtosis,19.052098734332343,0
lsa-multi-krum-late20-seed42-20261004,14,2,fc1,mean,1.5899543492834455e-05,0
lsa-multi-krum-late20-seed42-20261004,14,2,fc1,std,0.00039872631500332905,0
lsa-multi-krum-late20-seed42-20261004,14,2,fc1,median,0.0,0
lsa-multi-krum-late20-seed42-20261004,14,2,fc1,min,-0.00815742090344429,0
lsa-multi-krum-late20-seed42-20261004,14,2,fc1,max,0.0062898993492126465,0
lsa-multi-krum-late20-seed42-20261004,14,2,fc1,l1,18.353318593083713,0
lsa-multi-krum-late20-seed42-20261004,14,2,fc1,l2,0.1264507371720757,0
lsa-multi-krum-late20-seed42-20261004,14,2,fc1,max_abs,0.00815742090344429,0
lsa-multi-krum-late20-seed42-20261004,14,2,fc1,sparsity,0.09007528680688337,0
lsa-multi-krum-late20-seed42-20261004,14,2,fc1,skewness,-0.08799170026055492,0
lsa-multi-krum-late20-seed42-20261004,14,2,fc1,kurtosis,28.071154464761353,0
lsa-multi-krum-late20-seed42-20261004,14,2,output,mean,-3.5318617637340837e-10,0
lsa-multi-krum-late20-seed42-20261004,14,2,output,std,0.0025141166048825853,0
lsa-multi-krum-late20-seed42-20261004,14,2,output,median,-1.8086284399032593e-06,0
lsa-multi-krum-late20-seed42-20261004,14,2,output,min,-0.008368946611881256,0
lsa-multi-krum-late20-seed42-20261004,14,2,output,max,0.010302960872650146,0
lsa-multi-krum-late20-seed42-20261004,14,2,output,l1,1.1161411341745406,0
lsa-multi-krum-late20-seed42-20261004,14,2,output,l2,0.06409764813872035,0
lsa-multi-krum-late20-seed42-20261004,14,2,output,max_abs,0.010302960872650146,0
lsa-multi-krum-late20-seed42-20261004,14,2,output,sparsity,0.06461538461538462,0
lsa-multi-krum-late20-seed42-20261004,14,2,output,skewness,0.513477939166282,0
lsa-multi-krum-late20-seed42-20261004,14,2,output,kurtosis,1.8763879163684338,0
lsa-multi-krum-late20-seed42-20261004,14,3,conv1,mean,0.0015299292954296106,0
lsa-multi-krum-late20-seed42-20261004,14,3,conv1,std,0.0024137565850735716,0
lsa-multi-krum-late20-seed42-20261004,14,3,conv1,median,0.0002588275820016861,0
lsa-multi-krum-late20-seed42-20261004,14,3,conv1,min,-0.0006360113620758057,0
lsa-multi-krum-late20-seed42-20261004,14,3,conv1,max,0.009479820728302002,0
lsa-multi-krum-late20-seed42-20261004,14,3,conv1,l1,0.26313194300746545,0
lsa-multi-krum-late20-seed42-20261004,14,3,conv1,l2,0.03614837091986254,0
lsa-multi-krum-late20-seed42-20261004,14,3,conv1,max_abs,0.009479820728302002,0
lsa-multi-krum-late20-seed42-20261004,14,3,conv1,sparsity,0.0,0
lsa-multi-krum-late20-seed42-20261004,14,3,conv1,skewness,1.5183739290390827,0
lsa-multi-krum-late20-seed42-20261004,14,3,conv1,kurtosis,1.2001816789868656,0
lsa-multi-krum-late20-seed42-20261004,14,3,conv2,mean,0.00014810777561682825,0
lsa-multi-krum-late20-seed42-20261004,14,3,conv2,std,0.0006076270010807074,0
lsa-multi-krum-late20-seed42-20261004,14,3,conv2,median,1.9809231162071228e-05,0
lsa-multi-krum-late20-seed42-20261004,14,3,conv2,min,-0.002832256257534027,0
lsa-multi-krum-late20-seed42-20261004,14,3,conv2,max,0.00616784393787384,0
lsa-multi-krum-late20-seed42-20261004,14,3,conv2,l1,1.377299741272509,0
lsa-multi-krum-late20-seed42-20261004,14,3,conv2,l2,0.04260187429411896,0
lsa-multi-krum-late20-seed42-20261004,14,3,conv2,max_abs,0.00616784393787384,0
lsa-multi-krum-late20-seed42-20261004,14,3,conv2,sparsity,0.00021551724137931034,0
lsa-multi-krum-late20-seed42-20261004,14,3,conv2,skewness,3.1378775147958646,0
lsa-multi-krum-late20-seed42-20261004,14,3,conv2,kurtosis,18.528650833710998,0
lsa-multi-krum-late20-seed42-20261004,14,3,fc1,mean,7.517342036564192e-06,0
lsa-multi-krum-late20-seed42-20261004,14,3,fc1,std,0.00024807853228429183,0
lsa-multi-krum-late20-seed42-20261004,14,3,fc1,median,0.0,0
lsa-multi-krum-late20-seed42-20261004,14,3,fc1,min,-0.004116863012313843,0
lsa-multi-krum-late20-seed42-20261004,14,3,fc1,max,0.003894846886396408,0
lsa-multi-krum-late20-seed42-20261004,14,3,fc1,l1,11.94911847516778,0
lsa-multi-krum-late20-seed42-20261004,14,3,fc1,l2,0.07864840901191039,0
lsa-multi-krum-late20-seed42-20261004,14,3,fc1,max_abs,0.004116863012313843,0
lsa-multi-krum-late20-seed42-20261004,14,3,fc1,sparsity,0.08191921606118546,0
lsa-multi-krum-late20-seed42-20261004,14,3,fc1,skewness,0.08719438539148186,0
lsa-multi-krum-late20-seed42-20261004,14,3,fc1,kurtosis,23.89783812583738,0
lsa-multi-krum-late20-seed42-20261004,14,3,output,mean,-4.803923030312245e-10,0
lsa-multi-krum-late20-seed42-20261004,14,3,output,std,0.0016055623820007635,0
lsa-multi-krum-late20-seed42-20261004,14,3,output,median,-8.66129994392395e-08,0
lsa-multi-krum-late20-seed42-20261004,14,3,output,min,-0.0069932639598846436,0
lsa-multi-krum-late20-seed42-20261004,14,3,output,max,0.0062791891396045685,0
lsa-multi-krum-late20-seed42-20261004,14,3,output,l1,0.7212156495370436,0
lsa-multi-krum-late20-seed42-20261004,14,3,output,l2,0.04093396958056387,0
lsa-multi-krum-late20-seed42-20261004,14,3,output,max_abs,0.0069932639598846436,0
lsa-multi-krum-late20-seed42-20261004,14,3,output,sparsity,0.05076923076923077,0
lsa-multi-krum-late20-seed42-20261004,14,3,output,skewness,0.1689348433079529,0
lsa-multi-krum-late20-seed42-20261004,14,3,output,kurtosis,1.600054090712125,0
lsa-multi-krum-late20-seed42-20261004,14,4,conv1,mean,0.0015896566284936853,0
lsa-multi-krum-late20-seed42-20261004,14,4,conv1,std,0.0025397517436588613,0
lsa-multi-krum-late20-seed42-20261004,14,4,conv1,median,0.0002321004867553711,0
lsa-multi-krum-late20-seed42-20261004,14,4,conv1,min,-0.0008417367935180664,0
lsa-multi-krum-late20-seed42-20261004,14,4,conv1,max,0.00990799069404602,0
lsa-multi-krum-late20-seed42-20261004,14,4,conv1,l1,0.2735431140754372,0
lsa-multi-krum-late20-seed42-20261004,14,4,conv1,l2,0.037899545360718274,0
lsa-multi-krum-late20-seed42-20261004,14,4,conv1,max_abs,0.00990799069404602,0
lsa-multi-krum-late20-seed42-20261004,14,4,conv1,sparsity,0.0,0
lsa-multi-krum-late20-seed42-20261004,14,4,conv1,skewness,1.5207829706492513,0
lsa-multi-krum-late20-seed42-20261004,14,4,conv1,kurtosis,1.1727649322039682,0
lsa-multi-krum-late20-seed42-20261004,14,4,conv2,mean,0.0001177711458628186,0
lsa-multi-krum-late20-seed42-20261004,14,4,conv2,std,0.0006449280117819989,0
lsa-multi-krum-late20-seed42-20261004,14,4,conv2,median,6.365589797496796e-06,0
lsa-multi-krum-late20-seed42-20261004,14,4,conv2,min,-0.0027252808213233948,0
lsa-multi-krum-late20-seed42-20261004,14,4,conv2,max,0.007396593689918518,0
lsa-multi-krum-late20-seed42-20261004,14,4,conv2,l1,1.4081644265152136,0
lsa-multi-krum-late20-seed42-20261004,14,4,conv2,l2,0.044657386062668336,0
lsa-multi-krum-late20-seed42-20261004,14,4,conv2,max_abs,0.007396593689918518,0
lsa-multi-krum-late20-seed42-20261004,14,4,conv2,sparsity,0.0,0
lsa-multi-krum-late20-seed42-20261004,14,4,conv2,skewness,3.667562857138661,0
lsa-multi-krum-late20-seed42-20261004,14,4,conv2,kurtosis,25.844006596548333,0
lsa-multi-krum-late20-seed42-20261004,14,4,fc1,mean,7.518624631176821e-06,0
lsa-multi-krum-late20-seed42-20261004,14,4,fc1,std,0.0003522968753207493,0
lsa-multi-krum-late20-seed42-20261004,14,4,fc1,median,0.0,0
lsa-multi-krum-late20-seed42-20261004,14,4,fc1,min,-0.005809508264064789,0
lsa-multi-krum-late20-seed42-20261004,14,4,fc1,max,0.006913349032402039,0
lsa-multi-krum-late20-seed42-20261004,14,4,fc1,l1,16.08807900685656,0
lsa-multi-krum-late20-seed42-20261004,14,4,fc1,l2,0.11166295880385263,0
lsa-multi-krum-late20-seed42-20261004,14,4,fc1,max_abs,0.006913349032402039,0
lsa-multi-krum-late20-seed42-20261004,14,4,fc1,sparsity,0.10291188655194392,0
lsa-multi-krum-late20-seed42-20261004,14,4,fc1,skewness,0.6262138799938626,0
lsa-multi-krum-late20-seed42-20261004,14,4,fc1,kurtosis,32.831965537367395,0
lsa-multi-krum-late20-seed42-20261004,14,4,output,mean,3.9428974000307227e-10,0
lsa-multi-krum-late20-seed42-20261004,14,4,output,std,0.0026080974129954813,0
lsa-multi-krum-late20-seed42-20261004,14,4,output,median,-4.470348358154297e-08,0
lsa-multi-krum-late20-seed42-20261004,14,4,output,min,-0.008613398298621178,0
lsa-multi-krum-late20-seed42-20261004,14,4,output,max,0.009284064173698425,0
lsa-multi-krum-late20-seed42-20261004,14,4,output,l1,1.1885745812323876,0
lsa-multi-krum-late20-seed42-20261004,14,4,output,l2,0.06649369801107484,0
lsa-multi-krum-late20-seed42-20261004,14,4,output,max_abs,0.009284064173698425,0
lsa-multi-krum-late20-seed42-20261004,14,4,output,sparsity,0.07846153846153846,0
lsa-multi-krum-late20-seed42-20261004,14,4,output,skewness,0.13540827012178117,0
lsa-multi-krum-late20-seed42-20261004,14,4,output,kurtosis,1.0474649562559648,0
lsa-multi-krum-late20-seed42-20261004,15,0,conv1,mean,0.0012097137598175323,0
lsa-multi-krum-late20-seed42-20261004,15,0,conv1,std,0.0019439133649672635,0
lsa-multi-krum-late20-seed42-20261004,15,0,conv1,median,0.00022599846124649048,0
lsa-multi-krum-late20-seed42-20261004,15,0,conv1,min,-0.0006931573152542114,0
lsa-multi-krum-late20-seed42-20261004,15,0,conv1,max,0.008187174797058105,0
lsa-multi-krum-late20-seed42-20261004,15,0,conv1,l1,0.21300596097717062,0
lsa-multi-krum-late20-seed42-20261004,15,0,conv1,l2,0.02896123354055271,0
lsa-multi-krum-late20-seed42-20261004,15,0,conv1,max_abs,0.008187174797058105,0
lsa-multi-krum-late20-seed42-20261004,15,0,conv1,sparsity,0.0,0
lsa-multi-krum-late20-seed42-20261004,15,0,conv1,skewness,1.5422055767784888,0
lsa-multi-krum-late20-seed42-20261004,15,0,conv1,kurtosis,1.4049974131604888,0
lsa-multi-krum-late20-seed42-20261004,15,0,conv2,mean,0.00013211966581546473,0
lsa-multi-krum-late20-seed42-20261004,15,0,conv2,std,0.000506950018005159,0
lsa-multi-krum-late20-seed42-20261004,15,0,conv2,median,2.452172338962555e-05,0
lsa-multi-krum-late20-seed42-20261004,15,0,conv2,min,-0.0023723989725112915,0
lsa-multi-krum-late20-seed42-20261004,15,0,conv2,max,0.004566743969917297,0
lsa-multi-krum-late20-seed42-20261004,15,0,conv2,l1,1.2362376084547577,0
lsa-multi-krum-late20-seed42-20261004,15,0,conv2,l2,0.03568565847209326,0
lsa-multi-krum-late20-seed42-20261004,15,0,conv2,max_abs,0.004566743969917297,0
lsa-multi-krum-late20-seed42-20261004,15,0,conv2,sparsity,0.0,0
lsa-multi-krum-late20-seed42-20261004,15,0,conv2,skewness,2.6187244043904436,0
lsa-multi-krum-late20-seed42-20261004,15,0,conv2,kurtosis,14.222487830153078,0
lsa-multi-krum-late20-seed42-20261004,15,0,fc1,mean,1.5215407302539312e-05,0
lsa-multi-krum-late20-seed42-20261004,15,0,fc1,std,0.0003388611816664659,0
lsa-multi-krum-late20-seed42-20261004,15,0,fc1,median,0.0,0
lsa-multi-krum-late20-seed42-20261004,15,0,fc1,min,-0.004966277629137039,0
lsa-multi-krum-late20-seed42-20261004,15,0,fc1,max,0.005011171102523804,0
lsa-multi-krum-late20-seed42-20261004,15,0,fc1,l1,15.610672758721932,0
lsa-multi-krum-late20-seed42-20261004,15,0,fc1,l2,0.10748816308853011,0
lsa-multi-krum-late20-seed42-20261004,15,0,fc1,max_abs,0.005011171102523804,0
lsa-multi-krum-late20-seed42-20261004,15,0,fc1,sparsity,0.09832098470363289,0
lsa-multi-krum-late20-seed42-20261004,15,0,fc1,skewness,0.5805124430927577,0
lsa-multi-krum-late20-seed42-20261004,15,0,fc1,kurtosis,26.855616630690307,0
lsa-multi-krum-late20-seed42-20261004,15,0,output,mean,3.438729506272536e-10,0
lsa-multi-krum-late20-seed42-20261004,15,0,output,std,0.002152060302896249,0
lsa-multi-krum-late20-seed42-20261004,15,0,output,median,-4.290370270609856e-06,0
lsa-multi-krum-late20-seed42-20261004,15,0,output,min,-0.00556395947933197,0
lsa-multi-krum-late20-seed42-20261004,15,0,output,max,0.01527722179889679,0
lsa-multi-krum-late20-seed42-20261004,15,0,output,l1,0.8992488728836179,0
lsa-multi-krum-late20-seed42-20261004,15,0,output,l2,0.05486698739448256,0
lsa-multi-krum-late20-seed42-20261004,15,0,output,max_abs,0.01527722179889679,0
lsa-multi-krum-late20-seed42-20261004,15,0,output,sparsity,0.07692307692307693,0
lsa-multi-krum-late20-seed42-20261004,15,0,output,skewness,1.7631026696461747,0
lsa-multi-krum-late20-seed42-20261004,15,0,output,kurtosis,7.264607849505403,0
lsa-multi-krum-late20-seed42-20261004,15,1,conv1,mean,0.0013580288126831875,0
lsa-multi-krum-late20-seed42-20261004,15,1,conv1,std,0.0021692737950989244,0
lsa-multi-krum-late20-seed42-20261004,15,1,conv1,median,0.0002448856830596924,0
lsa-multi-krum-late20-seed42-20261004,15,1,conv1,min,-0.0006747692823410034,0
lsa-multi-krum-late20-seed42-20261004,15,1,conv1,max,0.008444517850875854,0
lsa-multi-krum-late20-seed42-20261004,15,1,conv1,l1,0.23767782328650355,0
lsa-multi-krum-late20-seed42-20261004,15,1,conv1,l2,0.03237280600548701,0
lsa-multi-krum-late20-seed42-20261004,15,1,conv1,max_abs,0.008444517850875854,0
lsa-multi-krum-late20-seed42-20261004,15,1,conv1,sparsity,0.0,0
lsa-multi-krum-late20-seed42-20261004,15,1,conv1,skewness,1.4937791805923455,0
lsa-multi-krum-late20-seed42-20261004,15,1,conv1,kurtosis,1.1016993057300395,0
lsa-multi-krum-late20-seed42-20261004,15,1,conv2,mean,0.00012572991882844406,0
lsa-multi-krum-late20-seed42-20261004,15,1,conv2,std,0.0005331803923024858,0
lsa-multi-krum-late20-seed42-20261004,15,1,conv2,median,1.8553808331489563e-05,0
lsa-multi-krum-late20-seed42-20261004,15,1,conv2,min,-0.0025107786059379578,0
lsa-multi-krum-late20-seed42-20261004,15,1,conv2,max,0.005259454250335693,0
lsa-multi-krum-late20-seed42-20261004,15,1,conv2,l1,1.2135953317956591,0
lsa-multi-krum-late20-seed42-20261004,15,1,conv2,l2,0.03731507138625626,0
lsa-multi-krum-late20-seed42-20261004,15,1,conv2,max_abs,0.005259454250335693,0
lsa-multi-krum-late20-seed42-20261004,15,1,conv2,sparsity,0.00021551724137931034,0
lsa-multi-krum-late20-seed42-20261004,15,1,conv2,skewness,3.084803302464128,0
lsa-multi-krum-late20-seed42-20261004,15,1,conv2,kurtosis,18.430952514209196,0
lsa-multi-krum-late20-seed42-20261004,15,1,fc1,mean,1.971209855441907e-06,0
lsa-multi-krum-late20-seed42-20261004,15,1,fc1,std,0.00023451580893104595,0
lsa-multi-krum-late20-seed42-20261004,15,1,fc1,median,0.0,0
lsa-multi-krum-late20-seed42-20261004,15,1,fc1,min,-0.003539016703143716,0
lsa-multi-krum-late20-seed42-20261004,15,1,fc1,max,0.0036460477858781815,0
lsa-multi-krum-late20-seed42-20261004,15,1,fc1,l1,11.593603214924997,0
lsa-multi-krum-late20-seed42-20261004,15,1,fc1,l2,0.07431712908620303,0
lsa-multi-krum-late20-seed42-20261004,15,1,fc1,max_abs,0.0036460477858781815,0
lsa-multi-krum-late20-seed42-20261004,15,1,fc1,sparsity,0.09173836838750797,0
lsa-multi-krum-late20-seed42-20261004,15,1,fc1,skewness,0.21516327270966987,0
lsa-multi-krum-late20-seed42-20261004,15,1,fc1,kurtosis,20.16706466211624,0
lsa-multi-krum-late20-seed42-20261004,15,1,output,mean,2.3551715108064504e-10,0
lsa-multi-krum-late20-seed42-20261004,15,1,output,std,0.001485104300469689,0
lsa-multi-krum-late20-seed42-20261004,15,1,output,median,-5.774199962615967e-08,0
lsa-multi-krum-late20-seed42-20261004,15,1,output,min,-0.00699971616268158,0
lsa-multi-krum-late20-seed42-20261004,15,1,output,max,0.005656734108924866,0
lsa-multi-krum-late20-seed42-20261004,15,1,output,l1,0.6859341791132465,0
lsa-multi-krum-late20-seed42-20261004,15,1,output,l2,0.037862879039078,0
lsa-multi-krum-late20-seed42-20261004,15,1,output,max_abs,0.00699971616268158,0
lsa-multi-krum-late20-seed42-20261004,15,1,output,sparsity,0.06615384615384616,0
lsa-multi-krum-late20-seed42-20261004,15,1,output,skewness,0.2542140370796731,0
lsa-multi-krum-late20-seed42-20261004,15,1,output,kurtosis,1.3646500542183695,0
lsa-multi-krum-late20-seed42-20261004,15,2,conv1,mean,0.001142358610741212,0
lsa-multi-krum-late20-seed42-20261004,15,2,conv1,std,0.0019114367693126267,0
lsa-multi-krum-late20-seed42-20261004,15,2,conv1,median,0.0002071969211101532,0
lsa-multi-krum-late20-seed42-20261004,15,2,conv1,min,-0.0006445348262786865,0
lsa-multi-krum-late20-seed42-20261004,15,2,conv1,max,0.007381647825241089,0
lsa-multi-krum-late20-seed42-20261004,15,2,conv1,l1,0.20442584162810817,0
lsa-multi-krum-late20-seed42-20261004,15,2,conv1,l2,0.028166856320476757,0
lsa-multi-krum-late20-seed42-20261004,15,2,conv1,max_abs,0.007381647825241089,0
lsa-multi-krum-late20-seed42-20261004,15,2,conv1,sparsity,0.0,0
lsa-multi-krum-late20-seed42-20261004,15,2,conv1,skewness,1.5894523892093597,0
lsa-multi-krum-late20-seed42-20261004,15,2,conv1,kurtosis,1.4916929270693373,0
lsa-multi-krum-late20-seed42-20261004,15,2,conv2,mean,9.552297763838364e-05,0
lsa-multi-krum-late20-seed42-20261004,15,2,conv2,std,0.0005182993597457836,0
lsa-multi-krum-late20-seed42-20261004,15,2,conv2,median,1.2779608368873596e-05,0
lsa-multi-krum-late20-seed42-20261004,15,2,conv2,min,-0.003235653042793274,0
lsa-multi-krum-late20-seed42-20261004,15,2,conv2,max,0.004916101694107056,0
lsa-multi-krum-late20-seed42-20261004,15,2,conv2,l1,1.2012658554758673,0
lsa-multi-krum-late20-seed42-20261004,15,2,conv2,l2,0.03589987654914479,0
lsa-multi-krum-late20-seed42-20261004,15,2,conv2,max_abs,0.004916101694107056,0
lsa-multi-krum-late20-seed42-20261004,15,2,conv2,sparsity,0.0,0
lsa-multi-krum-late20-seed42-20261004,15,2,conv2,skewness,2.203923026152292,0
lsa-multi-krum-late20-seed42-20261004,15,2,conv2,kurtosis,16.916666970133093,0
lsa-multi-krum-late20-seed42-20261004,15,2,fc1,mean,6.061500539789228e-06,0
lsa-multi-krum-late20-seed42-20261004,15,2,fc1,std,0.0003938784004780714,0
lsa-multi-krum-late20-seed42-20261004,15,2,fc1,median,0.0,0
lsa-multi-krum-late20-seed42-20261004,15,2,fc1,min,-0.007713668048381805,0
lsa-multi-krum-late20-seed42-20261004,15,2,fc1,max,0.006224311888217926,0
lsa-multi-krum-late20-seed42-20261004,15,2,fc1,l1,18.101907569248112,0
lsa-multi-krum-late20-seed42-20261004,15,2,fc1,l2,0.12482887174301865,0
lsa-multi-krum-late20-seed42-20261004,15,2,fc1,max_abs,0.007713668048381805,0
lsa-multi-krum-late20-seed42-20261004,15,2,fc1,sparsity,0.09184791268323773,0
lsa-multi-krum-late20-seed42-20261004,15,2,fc1,skewness,-0.4114338260040999,0
lsa-multi-krum-late20-seed42-20261004,15,2,fc1,kurtosis,27.685263610855227,0
lsa-multi-krum-late20-seed42-20261004,15,2,output,mean,-1.3092246193152207e-10,0
lsa-multi-krum-late20-seed42-20261004,15,2,output,std,0.002378929556727007,0
lsa-multi-krum-late20-seed42-20261004,15,2,output,median,-1.0281801223754883e-06,0
lsa-multi-krum-late20-seed42-20261004,15,2,output,min,-0.00818103551864624,0
lsa-multi-krum-late20-seed42-20261004,15,2,output,max,0.010140031576156616,0
lsa-multi-krum-late20-seed42-20261004,15,2,output,l1,1.0446318768663332,0
lsa-multi-krum-late20-seed42-20261004,15,2,output,l2,0.06065104115606831,0
lsa-multi-krum-late20-seed42-20261004,15,2,output,max_abs,0.010140031576156616,0
lsa-multi-krum-late20-seed42-20261004,15,2,output,sparsity,0.06769230769230769,0
lsa-multi-krum-late20-seed42-20261004,15,2,output,skewness,0.5659458611768879,0
lsa-multi-krum-late20-seed42-20261004,15,2,output,kurtosis,2.119353972143198,0
lsa-multi-krum-late20-seed42-20261004,15,3,conv1,mean,0.0012914831517264248,0
lsa-multi-krum-late20-seed42-20261004,15,3,conv1,std,0.002039660252270429,0
lsa-multi-krum-late20-seed42-20261004,15,3,conv1,median,0.0002277679741382599,0
lsa-multi-krum-late20-seed42-20261004,15,3,conv1,min,-0.0004994943737983704,0
lsa-multi-krum-late20-seed42-20261004,15,3,conv1,max,0.008072495460510254,0
lsa-multi-krum-late20-seed42-20261004,15,3,conv1,l1,0.22322674468159676,0
lsa-multi-krum-late20-seed42-20261004,15,3,conv1,l2,0.030536909276179445,0
lsa-multi-krum-late20-seed42-20261004,15,3,conv1,max_abs,0.008072495460510254,0
lsa-multi-krum-late20-seed42-20261004,15,3,conv1,sparsity,0.0,0
lsa-multi-krum-late20-seed42-20261004,15,3,conv1,skewness,1.5235596617502265,0
lsa-multi-krum-late20-seed42-20261004,15,3,conv1,kurtosis,1.2547847656620856,0
lsa-multi-krum-late20-seed42-20261004,15,3,conv2,mean,0.00011688097409417204,0
lsa-multi-krum-late20-seed42-20261004,15,3,conv2,std,0.0005233575583018275,0
lsa-multi-krum-late20-seed42-20261004,15,3,conv2,median,1.4262273907661438e-05,0
lsa-multi-krum-late20-seed42-20261004,15,3,conv2,min,-0.0028172656893730164,0
lsa-multi-krum-late20-seed42-20261004,15,3,conv2,max,0.005022957921028137,0
lsa-multi-krum-late20-seed42-20261004,15,3,conv2,l1,1.2010759128588688,0
lsa-multi-krum-late20-seed42-20261004,15,3,conv2,l2,0.03652804858115198,0
lsa-multi-krum-late20-seed42-20261004,15,3,conv2,max_abs,0.005022957921028137,0
lsa-multi-krum-late20-seed42-20261004,15,3,conv2,sparsity,0.0,0
lsa-multi-krum-late20-seed42-20261004,15,3,conv2,skewness,2.7405494600562483,0
lsa-multi-krum-late20-seed42-20261004,15,3,conv2,kurtosis,16.535146953573207,0
lsa-multi-krum-late20-seed42-20261004,15,3,fc1,mean,-1.5711807261698261e-06,0
lsa-multi-krum-late20-seed42-20261004,15,3,fc1,std,0.00023250464156423657,0
lsa-multi-krum-late20-seed42-20261004,15,3,fc1,median,-5.21540641784668e-08,0
lsa-multi-krum-late20-seed42-20261004,15,3,fc1,min,-0.004111282527446747,0
lsa-multi-krum-late20-seed42-20261004,15,3,fc1,max,0.003368556499481201,0
lsa-multi-krum-late20-seed42-20261004,15,3,fc1,l1,11.221387789309915,0
lsa-multi-krum-late20-seed42-20261004,15,3,fc1,l2,0.07367887770991956,0
lsa-multi-krum-late20-seed42-20261004,15,3,fc1,max_abs,0.004111282527446747,0
lsa-multi-krum-late20-seed42-20261004,15,3,fc1,sparsity,0.08164037603569152,0
lsa-multi-krum-late20-seed42-20261004,15,3,fc1,skewness,-0.2532097353336149,0
lsa-multi-krum-late20-seed42-20261004,15,3,fc1,kurtosis,24.65215666414015,0
lsa-multi-krum-late20-seed42-20261004,15,3,output,mean,2.579942632179994e-10,0
lsa-multi-krum-late20-seed42-20261004,15,3,output,std,0.0014734903339162777,0
lsa-multi-krum-late20-seed42-20261004,15,3,output,median,-3.91155481338501e-08,0
lsa-multi-krum-late20-seed42-20261004,15,3,output,min,-0.00626644492149353,0
lsa-multi-krum-late20-seed42-20261004,15,3,output,max,0.006326761096715927,0
lsa-multi-krum-late20-seed42-20261004,15,3,output,l1,0.6629479139810428,0
lsa-multi-krum-late20-seed42-20261004,15,3,output,l2,0.03756677982864782,0
lsa-multi-krum-late20-seed42-20261004,15,3,output,max_abs,0.006326761096715927,0
lsa-multi-krum-late20-seed42-20261004,15,3,output,sparsity,0.05692307692307692,0
lsa-multi-krum-late20-seed42-20261004,15,3,output,skewness,0.15404442739173,0
lsa-multi-krum-late20-seed42-20261004,15,3,output,kurtosis,1.7346869998436985,0
lsa-multi-krum-late20-seed42-20261004,15,4,conv1,mean,0.0013260061103210318,0
lsa-multi-krum-late20-seed42-20261004,15,4,conv1,std,0.0021435665406149703,0
lsa-multi-krum-late20-seed42-20261004,15,4,conv1,median,0.00020822137594223022,0
lsa-multi-krum-late20-seed42-20261004,15,4,conv1,min,-0.0008235424757003784,0
lsa-multi-krum-late20-seed42-20261004,15,4,conv1,max,0.008479595184326172,0
lsa-multi-krum-late20-seed42-20261004,15,4,conv1,l1,0.23049338848795742,0
lsa-multi-krum-late20-seed42-20261004,15,4,conv1,l2,0.0318827093419684,0
lsa-multi-krum-late20-seed42-20261004,15,4,conv1,max_abs,0.008479595184326172,0
lsa-multi-krum-late20-seed42-20261004,15,4,conv1,sparsity,0.0,0
lsa-multi-krum-late20-seed42-20261004,15,4,conv1,skewness,1.5383615283747007,0
lsa-multi-krum-late20-seed42-20261004,15,4,conv1,kurtosis,1.269718558443068,0
lsa-multi-krum-late20-seed42-20261004,15,4,conv2,mean,8.439147309139837e-05,0
lsa-multi-krum-late20-seed42-20261004,15,4,conv2,std,0.0005594561206304329,0
lsa-multi-krum-late20-seed42-20261004,15,4,conv2,median,3.041699528694153e-06,0
lsa-multi-krum-late20-seed42-20261004,15,4,conv2,min,-0.002709653228521347,0
lsa-multi-krum-late20-seed42-20261004,15,4,conv2,max,0.006286188960075378,0
lsa-multi-krum-late20-seed42-20261004,15,4,conv2,l1,1.2468356092758768,0
lsa-multi-krum-late20-seed42-20261004,15,4,conv2,l2,0.03853990986517805,0
lsa-multi-krum-late20-seed42-20261004,15,4,conv2,max_abs,0.006286188960075378,0
lsa-multi-krum-late20-seed42-20261004,15,4,conv2,sparsity,0.0,0
lsa-multi-krum-late20-seed42-20261004,15,4,conv2,skewness,3.347438082026711,0
lsa-multi-krum-late20-seed42-20261004,15,4,conv2,kurtosis,24.852035708408494,0
lsa-multi-krum-late20-seed42-20261004,15,4,fc1,mean,-3.964133370158648e-07,0
lsa-multi-krum-late20-seed42-20261004,15,4,fc1,std,0.0003502946001856669,0
lsa-multi-krum-late20-seed42-20261004,15,4,fc1,median,0.0,0
lsa-multi-krum-late20-seed42-20261004,15,4,fc1,min,-0.005834236741065979,0
lsa-multi-krum-late20-seed42-20261004,15,4,fc1,max,0.006735838949680328,0
lsa-multi-krum-late20-seed42-20261004,15,4,fc1,l1,15.968310450169156,0
lsa-multi-krum-late20-seed42-20261004,15,4,fc1,l2,0.11100311840361562,0
lsa-multi-krum-late20-seed42-20261004,15,4,fc1,max_abs,0.006735838949680328,0
lsa-multi-krum-late20-seed42-20261004,15,4,fc1,sparsity,0.10143801784576163,0
lsa-multi-krum-late20-seed42-20261004,15,4,fc1,skewness,0.42684515481833935,0
lsa-multi-krum-late20-seed42-20261004,15,4,fc1,kurtosis,32.729568395266504,0
lsa-multi-krum-late20-seed42-20261004,15,4,output,mean,1.7319017877945533e-10,0
lsa-multi-krum-late20-seed42-20261004,15,4,output,std,0.0024894798838152243,0
lsa-multi-krum-late20-seed42-20261004,15,4,output,median,-1.4901161193847656e-08,0
lsa-multi-krum-late20-seed42-20261004,15,4,output,min,-0.008393517695367336,0
lsa-multi-krum-late20-seed42-20261004,15,4,output,max,0.008528128266334534,0
lsa-multi-krum-late20-seed42-20261004,15,4,output,l1,1.1421192873967811,0
lsa-multi-krum-late20-seed42-20261004,15,4,output,l2,0.06346953253135278,0
lsa-multi-krum-late20-seed42-20261004,15,4,output,max_abs,0.008528128266334534,0
lsa-multi-krum-late20-seed42-20261004,15,4,output,sparsity,0.08,0
lsa-multi-krum-late20-seed42-20261004,15,4,output,skewness,0.09585242407197582,0
lsa-multi-krum-late20-seed42-20261004,15,4,output,kurtosis,1.0331441694560128,0
lsa-multi-krum-late20-seed42-20261004,16,0,conv1,mean,0.001098471051591332,1
lsa-multi-krum-late20-seed42-20261004,16,0,conv1,std,0.0017732526398633029,1
lsa-multi-krum-late20-seed42-20261004,16,0,conv1,median,0.00020696967840194702,1
lsa-multi-krum-late20-seed42-20261004,16,0,conv1,min,-0.0005217641592025757,1
lsa-multi-krum-late20-seed42-20261004,16,0,conv1,max,0.0070626139640808105,1
lsa-multi-krum-late20-seed42-20261004,16,0,conv1,l1,0.19165460794465616,1
lsa-multi-krum-late20-seed42-20261004,16,0,conv1,l2,0.026385036898867783,1
lsa-multi-krum-late20-seed42-20261004,16,0,conv1,max_abs,0.0070626139640808105,1
lsa-multi-krum-late20-seed42-20261004,16,0,conv1,sparsity,0.0,1
lsa-multi-krum-late20-seed42-20261004,16,0,conv1,skewness,1.5520741779853504,1
lsa-multi-krum-late20-seed42-20261004,16,0,conv1,kurtosis,1.3333216193238684,1
lsa-multi-krum-late20-seed42-20261004,16,0,conv2,mean,8.534554772738594e-05,1
lsa-multi-krum-late20-seed42-20261004,16,0,conv2,std,0.0004501600005205158,1
lsa-multi-krum-late20-seed42-20261004,16,0,conv2,median,9.150011464953423e-06,1
lsa-multi-krum-late20-seed42-20261004,16,0,conv2,min,-0.0026499107480049133,1
lsa-multi-krum-late20-seed42-20261004,16,0,conv2,max,0.004470720887184143,1
lsa-multi-krum-late20-seed42-20261004,16,0,conv2,l1,1.017465548524342,1
lsa-multi-krum-late20-seed42-20261004,16,0,conv2,l2,0.031210020875302297,1
lsa-multi-krum-late20-seed42-20261004,16,0,conv2,max_abs,0.004470720887184143,1
lsa-multi-krum-late20-seed42-20261004,16,0,conv2,sparsity,0.00021551724137931034,1
lsa-multi-krum-late20-seed42-20261004,16,0,conv2,skewness,2.6249548529498132,1
lsa-multi-krum-late20-seed42-20261004,16,0,conv2,kurtosis,18.65549528680736,1
lsa-multi-krum-late20-seed42-20261004,16,0,fc1,mean,-0.00010890650057200007,1
lsa-multi-krum-late20-seed42-20261004,16,0,fc1,std,0.0008957797588047919,1
lsa-multi-krum-late20-seed42-20261004,16,0,fc1,median,-3.5837292671203613e-06,1
lsa-multi-krum-late20-seed42-20261004,16,0,fc1,min,-0.02029900997877121,1
lsa-multi-krum-late20-seed42-20261004,16,0,fc1,max,0.013607636094093323,1
lsa-multi-krum-late20-seed42-20261004,16,0,fc1,l1,35.56902200555669,1
lsa-multi-krum-late20-seed42-20261004,16,0,fc1,l2,0.2859491939628715,1
lsa-multi-krum-late20-seed42-20261004,16,0,fc1,max_abs,0.02029900997877121,1
lsa-multi-krum-late20-seed42-20261004,16,0,fc1,sparsity,0.08708771510516253,1
lsa-multi-krum-late20-seed42-20261004,16,0,fc1,skewness,-2.1799945067474202,1
lsa-multi-krum-late20-seed42-20261004,16,0,fc1,kurtosis,54.00996168919932,1
lsa-multi-krum-late20-seed42-20261004,16,0,output,mean,-2.1886080503463744e-10,1
lsa-multi-krum-late20-seed42-20261004,16,0,output,std,0.005982576349458871,1
lsa-multi-krum-late20-seed42-20261004,16,0,output,median,-0.0002958029508590698,1
lsa-multi-krum-late20-seed42-20261004,16,0,output,min,-0.013761579990386963,1
lsa-multi-krum-late20-seed42-20261004,16,0,output,max,0.045642782002687454,1
lsa-multi-krum-late20-seed42-20261004,16,0,output,l1,1.914745517540723,1
lsa-multi-krum-late20-seed42-20261004,16,0,output,l2,0.15252636773724745,1
lsa-multi-krum-late20-seed42-20261004,16,0,output,max_abs,0.045642782002687454,1
lsa-multi-krum-late20-seed42-20261004,16,0,output,sparsity,0.06461538461538462,1
lsa-multi-krum-late20-seed42-20261004,16,0,output,skewness,3.7206190914616104,1
lsa-multi-krum-late20-seed42-20261004,16,0,output,kurtosis,18.676852378588045,1
lsa-multi-krum-late20-seed42-20261004,16,1,conv1,mean,0.0011802388737123693,0
lsa-multi-krum-late20-seed42-20261004,16,1,conv1,std,0.0018887547976297362,0
lsa-multi-krum-late20-seed42-20261004,16,1,conv1,median,0.0002301037311553955,0
lsa-multi-krum-late20-seed42-20261004,16,1,conv1,min,-0.0005495548248291016,0
lsa-multi-krum-late20-seed42-20261004,16,1,conv1,max,0.007425278425216675,0
lsa-multi-krum-late20-seed42-20261004,16,1,conv1,l1,0.20638381637400016,0
lsa-multi-krum-late20-seed42-20261004,16,1,conv1,l2,0.028171924988090357,0
lsa-multi-krum-late20-seed42-20261004,16,1,conv1,max_abs,0.007425278425216675,0
lsa-multi-krum-late20-seed42-20261004,16,1,conv1,sparsity,0.0,0
lsa-multi-krum-late20-seed42-20261004,16,1,conv1,skewness,1.517160208601641,0
lsa-multi-krum-late20-seed42-20261004,16,1,conv1,kurtosis,1.1969367432158187,0
lsa-multi-krum-late20-seed42-20261004,16,1,conv2,mean,0.00010989300343198763,0
lsa-multi-krum-late20-seed42-20261004,16,1,conv2,std,0.00046704274350780315,0
lsa-multi-krum-late20-seed42-20261004,16,1,conv2,median,1.8612714484333992e-05,0
lsa-multi-krum-late20-seed42-20261004,16,1,conv2,min,-0.002358965575695038,0
lsa-multi-krum-late20-seed42-20261004,16,1,conv2,max,0.004407763481140137,0
lsa-multi-krum-late20-seed42-20261004,16,1,conv2,l1,1.0735351630510195,0
lsa-multi-krum-late20-seed42-20261004,16,1,conv2,l2,0.03268261066079355,0
lsa-multi-krum-late20-seed42-20261004,16,1,conv2,max_abs,0.004407763481140137,0
lsa-multi-krum-late20-seed42-20261004,16,1,conv2,sparsity,0.0,0
lsa-multi-krum-late20-seed42-20261004,16,1,conv2,skewness,2.8618185413974118,0
lsa-multi-krum-late20-seed42-20261004,16,1,conv2,kurtosis,17.234048526402137,0
lsa-multi-krum-late20-seed42-20261004,16,1,fc1,mean,2.1370428679468827e-06,0
lsa-multi-krum-late20-seed42-20261004,16,1,fc1,std,0.00021749007437069865,0
lsa-multi-krum-late20-seed42-20261004,16,1,fc1,median,0.0,0
lsa-multi-krum-late20-seed42-20261004,16,1,fc1,min,-0.003268597647547722,0
lsa-multi-krum-late20-seed42-20261004,16,1,fc1,max,0.003605332225561142,0
lsa-multi-krum-late20-seed42-20261004,16,1,fc1,l1,10.774714583327295,0
lsa-multi-krum-late20-seed42-20261004,16,1,fc1,l2,0.06892263375662872,0
lsa-multi-krum-late20-seed42-20261004,16,1,fc1,max_abs,0.003605332225561142,0
lsa-multi-krum-late20-seed42-20261004,16,1,fc1,sparsity,0.09201720841300191,0
lsa-multi-krum-late20-seed42-20261004,16,1,fc1,skewness,0.20412001619524164,0
lsa-multi-krum-late20-seed42-20261004,16,1,fc1,kurtosis,19.99024791442555,0
lsa-multi-krum-late20-seed42-20261004,16,1,output,mean,1.9051815168215678e-10,0
lsa-multi-krum-late20-seed42-20261004,16,1,output,std,0.0013565477752476073,0
lsa-multi-krum-late20-seed42-20261004,16,1,output,median,-1.4901161193847656e-08,0
lsa-multi-krum-late20-seed42-20261004,16,1,output,min,-0.006330758333206177,0
lsa-multi-krum-late20-seed42-20261004,16,1,output,max,0.005116567015647888,0
lsa-multi-krum-late20-seed42-20261004,16,1,output,l1,0.6235204114636872,0
lsa-multi-krum-late20-seed42-20261004,16,1,output,l2,0.034585317885542484,0
lsa-multi-krum-late20-seed42-20261004,16,1,output,max_abs,0.006330758333206177,0
lsa-multi-krum-late20-seed42-20261004,16,1,output,sparsity,0.07230769230769231,0
lsa-multi-krum-late20-seed42-20261004,16,1,output,skewness,0.2556267217473216,0
lsa-multi-krum-late20-seed42-20261004,16,1,output,kurtosis,1.4225385242562663,0
lsa-multi-krum-late20-seed42-20261004,16,2,conv1,mean,0.000960822469642153,0
lsa-multi-krum-late20-seed42-20261004,16,2,conv1,std,0.0016272692600974685,0
lsa-multi-krum-late20-seed42-20261004,16,2,conv1,median,0.00018256157636642456,0
lsa-multi-krum-late20-seed42-20261004,16,2,conv1,min,-0.0006130114197731018,0
lsa-multi-krum-late20-seed42-20261004,16,2,conv1,max,0.00632554292678833,0
lsa-multi-krum-late20-seed42-20261004,16,2,conv1,l1,0.17392926069442183,0
lsa-multi-krum-late20-seed42-20261004,16,2,conv1,l2,0.023903757237814842,0
lsa-multi-krum-late20-seed42-20261004,16,2,conv1,max_abs,0.00632554292678833,0
lsa-multi-krum-late20-seed42-20261004,16,2,conv1,sparsity,0.0,0
lsa-multi-krum-late20-seed42-20261004,16,2,conv1,skewness,1.6105301348005823,0
lsa-multi-krum-late20-seed42-20261004,16,2,conv1,kurtosis,1.618439690374255,0
lsa-multi-krum-late20-seed42-20261004,16,2,conv2,mean,6.773246591208213e-05,0
lsa-multi-krum-late20-seed42-20261004,16,2,conv2,std,0.0004604220213667624,0
lsa-multi-krum-late20-seed42-20261004,16,2,conv2,median,8.074566721916199e-06,0
lsa-multi-krum-late20-seed42-20261004,16,2,conv2,min,-0.003064773976802826,0
lsa-multi-krum-late20-seed42-20261004,16,2,conv2,max,0.0042464882135391235,0
lsa-multi-krum-late20-seed42-20261004,16,2,conv2,l1,1.0785871107364073,0
lsa-multi-krum-late20-seed42-20261004,16,2,conv2,l2,0.031700366221838173,0
lsa-multi-krum-late20-seed42-20261004,16,2,conv2,max_abs,0.0042464882135391235,0
lsa-multi-krum-late20-seed42-20261004,16,2,conv2,sparsity,0.0,0
lsa-multi-krum-late20-seed42-20261004,16,2,conv2,skewness,1.725401082981839,0
lsa-multi-krum-late20-seed42-20261004,16,2,conv2,kurtosis,16.10659659907617,0
lsa-multi-krum-late20-seed42-20261004,16,2,fc1,mean,4.173678138598488e-06,0
lsa-multi-krum-late20-seed42-20261004,16,2,fc1,std,0.000385796295142522,0
lsa-multi-krum-late20-seed42-20261004,16,2,fc1,median,0.0,0
lsa-multi-krum-late20-seed42-20261004,16,2,fc1,min,-0.007198605686426163,0
lsa-multi-krum-late20-seed42-20261004,16,2,fc1,max,0.006779760122299194,0
lsa-multi-krum-late20-seed42-20261004,16,2,fc1,l1,17.67337297578092,0
lsa-multi-krum-late20-seed42-20261004,16,2,fc1,l2,0.12226014997978277,0
lsa-multi-krum-late20-seed42-20261004,16,2,fc1,max_abs,0.007198605686426163,0
lsa-multi-krum-late20-seed42-20261004,16,2,fc1,sparsity,0.09220642128744423,0
lsa-multi-krum-late20-seed42-20261004,16,2,fc1,skewness,-0.394027395454339,0
lsa-multi-krum-late20-seed42-20261004,16,2,fc1,kurtosis,28.280534308336467,0
lsa-multi-krum-late20-seed42-20261004,16,2,output,mean,4.4864674027149495e-10,0
lsa-multi-krum-late20-seed42-20261004,16,2,output,std,0.0022982905873493165,0
lsa-multi-krum-late20-seed42-20261004,16,2,output,median,-3.536231815814972e-06,0
lsa-multi-krum-late20-seed42-20261004,16,2,output,min,-0.00805489718914032,0
lsa-multi-krum-late20-seed42-20261004,16,2,output,max,0.009919494390487671,0
lsa-multi-krum-late20-seed42-20261004,16,2,output,l1,1.0032775903819129,0
lsa-multi-krum-late20-seed42-20261004,16,2,output,l2,0.058595142764005057,0
lsa-multi-krum-late20-seed42-20261004,16,2,output,max_abs,0.009919494390487671,0
lsa-multi-krum-late20-seed42-20261004,16,2,output,sparsity,0.07230769230769231,0
lsa-multi-krum-late20-seed42-20261004,16,2,output,skewness,0.6214787343616625,0
lsa-multi-krum-late20-seed42-20261004,16,2,output,kurtosis,2.1785854367991444,0
lsa-multi-krum-late20-seed42-20261004,16,3,conv1,mean,0.0011190460034413263,0
lsa-multi-krum-late20-seed42-20261004,16,3,conv1,std,0.001767668057289196,0
lsa-multi-krum-late20-seed42-20261004,16,3,conv1,median,0.00020197033882141113,0
lsa-multi-krum-late20-seed42-20261004,16,3,conv1,min,-0.0005090385675430298,0
lsa-multi-krum-late20-seed42-20261004,16,3,conv1,max,0.007033437490463257,0
lsa-multi-krum-late20-seed42-20261004,16,3,conv1,l1,0.19339117081835866,0
lsa-multi-krum-late20-seed42-20261004,16,3,conv1,l2,0.026463300832900088,0
lsa-multi-krum-late20-seed42-20261004,16,3,conv1,max_abs,0.007033437490463257,0
lsa-multi-krum-late20-seed42-20261004,16,3,conv1,sparsity,0.0,0
lsa-multi-krum-late20-seed42-20261004,16,3,conv1,skewness,1.5434490198797104,0
lsa-multi-krum-late20-seed42-20261004,16,3,conv1,kurtosis,1.3464315993579756,0
lsa-multi-krum-late20-seed42-20261004,16,3,conv2,mean,9.793713938804636e-05,0
lsa-multi-krum-late20-seed42-20261004,16,3,conv2,std,0.0004600988829179235,0
lsa-multi-krum-late20-seed42-20261004,16,3,conv2,median,1.015886664390564e-05,0
lsa-multi-krum-late20-seed42-20261004,16,3,conv2,min,-0.0026318728923797607,0
lsa-multi-krum-late20-seed42-20261004,16,3,conv2,max,0.004327669739723206,0
lsa-multi-krum-late20-seed42-20261004,16,3,conv2,l1,1.0578538718109485,0
lsa-multi-krum-late20-seed42-20261004,16,3,conv2,l2,0.032042964393903896,0
lsa-multi-krum-late20-seed42-20261004,16,3,conv2,max_abs,0.004327669739723206,0
lsa-multi-krum-late20-seed42-20261004,16,3,conv2,sparsity,0.00021551724137931034,0
lsa-multi-krum-late20-seed42-20261004,16,3,conv2,skewness,2.5331821743647414,0
lsa-multi-krum-late20-seed42-20261004,16,3,conv2,kurtosis,15.574691126830317,0
lsa-multi-krum-late20-seed42-20261004,16,3,fc1,mean,-2.0297756892781803e-06,0
lsa-multi-krum-late20-seed42-20261004,16,3,fc1,std,0.00021731914625372565,0
lsa-multi-krum-late20-seed42-20261004,16,3,fc1,median,-4.6566128730773926e-08,0
lsa-multi-krum-late20-seed42-20261004,16,3,fc1,min,-0.003996717743575573,0
lsa-multi-krum-late20-seed42-20261004,16,3,fc1,max,0.0030458830296993256,0
lsa-multi-krum-late20-seed42-20261004,16,3,fc1,l1,10.509853509715185,0
lsa-multi-krum-late20-seed42-20261004,16,3,fc1,l2,0.06886814598933168,0
lsa-multi-krum-late20-seed42-20261004,16,3,fc1,max_abs,0.003996717743575573,0
lsa-multi-krum-late20-seed42-20261004,16,3,fc1,sparsity,0.08413997769279796,0
lsa-multi-krum-late20-seed42-20261004,16,3,fc1,skewness,-0.28024316960817214,0
lsa-multi-krum-late20-seed42-20261004,16,3,fc1,kurtosis,24.462728593466558,0
lsa-multi-krum-late20-seed42-20261004,16,3,output,mean,-4.5052729547023774e-10,0
lsa-multi-krum-late20-seed42-20261004,16,3,output,std,0.001364027242470367,0
lsa-multi-krum-late20-seed42-20261004,16,3,output,median,-8.381903171539307e-09,0
lsa-multi-krum-late20-seed42-20261004,16,3,output,min,-0.005596324801445007,0
lsa-multi-krum-late20-seed42-20261004,16,3,output,max,0.0062005361542105675,0
lsa-multi-krum-late20-seed42-20261004,16,3,output,l1,0.6119093329180032,0
lsa-multi-krum-late20-seed42-20261004,16,3,output,l2,0.03477600763214469,0
lsa-multi-krum-late20-seed42-20261004,16,3,output,max_abs,0.0062005361542105675,0
lsa-multi-krum-late20-seed42-20261004,16,3,output,sparsity,0.05846153846153846,0
lsa-multi-krum-late20-seed42-20261004,16,3,output,skewness,0.1687861272314697,0
lsa-multi-krum-late20-seed42-20261004,16,3,output,kurtosis,1.8552355681029784,0
lsa-multi-krum-late20-seed42-20261004,16,4,conv1,mean,0.0011337769872625358,0
lsa-multi-krum-late20-seed42-20261004,16,4,conv1,std,0.0018485782647334988,0
lsa-multi-krum-late20-seed42-20261004,16,4,conv1,median,0.00019767507910728455,0
lsa-multi-krum-late20-seed42-20261004,16,4,conv1,min,-0.0007417798042297363,0
lsa-multi-krum-late20-seed42-20261004,16,4,conv1,max,0.0074661970138549805,0
lsa-multi-krum-late20-seed42-20261004,16,4,conv1,l1,0.1973985198419541,0
lsa-multi-krum-late20-seed42-20261004,16,4,conv1,l2,0.02743047023349392,0
lsa-multi-krum-late20-seed42-20261004,16,4,conv1,max_abs,0.0074661970138549805,0
lsa-multi-krum-late20-seed42-20261004,16,4,conv1,sparsity,0.0,0
lsa-multi-krum-late20-seed42-20261004,16,4,conv1,skewness,1.5814204845277675,0
lsa-multi-krum-late20-seed42-20261004,16,4,conv1,kurtosis,1.4598975934992149,0
lsa-multi-krum-late20-seed42-20261004,16,4,conv2,mean,6.581962242668444e-05,0
lsa-multi-krum-late20-seed42-20261004,16,4,conv2,std,0.0004945603528312249,0
lsa-multi-krum-late20-seed42-20261004,16,4,conv2,median,1.786043867468834e-06,0
lsa-multi-krum-late20-seed42-20261004,16,4,conv2,min,-0.0026326030492782593,0
lsa-multi-krum-late20-seed42-20261004,16,4,conv2,max,0.005586370825767517,0
lsa-multi-krum-late20-seed42-20261004,16,4,conv2,l1,1.1101927822201105,0
lsa-multi-krum-late20-seed42-20261004,16,4,conv2,l2,0.03398527397183473,0
lsa-multi-krum-late20-seed42-20261004,16,4,conv2,max_abs,0.005586370825767517,0
lsa-multi-krum-late20-seed42-20261004,16,4,conv2,sparsity,0.0,0
lsa-multi-krum-late20-seed42-20261004,16,4,conv2,skewness,3.071916913017384,0
lsa-multi-krum-late20-seed42-20261004,16,4,conv2,kurtosis,23.889743933019442,0
lsa-multi-krum-late20-seed42-20261004,16,4,fc1,mean,-8.448060284044775e-07,0
lsa-multi-krum-late20-seed42-20261004,16,4,fc1,std,0.00034990230647392493,0
lsa-multi-krum-late20-seed42-20261004,16,4,fc1,median,0.0,0
lsa-multi-krum-late20-seed42-20261004,16,4,fc1,min,-0.005656823515892029,0
lsa-multi-krum-late20-seed42-20261004,16,4,fc1,max,0.0065240152180194855,0
lsa-multi-krum-late20-seed42-20261004,16,4,fc1,l1,15.790134856181794,0
lsa-multi-krum-late20-seed42-20261004,16,4,fc1,l2,0.11087905857200167,0
lsa-multi-krum-late20-seed42-20261004,16,4,fc1,max_abs,0.0065240152180194855,0
lsa-multi-krum-late20-seed42-20261004,16,4,fc1,sparsity,0.10310109942638623,0
lsa-multi-krum-late20-seed42-20261004,16,4,fc1,skewness,0.3407619857858257,0
lsa-multi-krum-late20-seed42-20261004,16,4,fc1,kurtosis,33.673963427456265,0
lsa-multi-krum-late20-seed42-20261004,16,4,output,mean,6.754327422151199e-10,0
lsa-multi-krum-late20-seed42-20261004,16,4,output,std,0.0023786344252598843,0
lsa-multi-krum-late20-seed42-20261004,16,4,output,median,-9.313225746154785e-10,0
lsa-multi-krum-late20-seed42-20261004,16,4,output,min,-0.00811128318309784,0
lsa-multi-krum-late20-seed42-20261004,16,4,output,max,0.007702991366386414,0
lsa-multi-krum-late20-seed42-20261004,16,4,output,l1,1.0925970481184777,0
lsa-multi-krum-late20-seed42-20261004,16,4,output,l2,0.06064351675052099,0
lsa-multi-krum-late20-seed42-20261004,16,4,output,max_abs,0.00811128318309784,0
lsa-multi-krum-late20-seed42-20261004,16,4,output,sparsity,0.08,0
lsa-multi-krum-late20-seed42-20261004,16,4,output,skewness,0.10444798426554806,0
lsa-multi-krum-late20-seed42-20261004,16,4,output,kurtosis,1.0597270536838135,0
lsa-multi-krum-late20-seed42-20261004,17,0,conv1,mean,0.0009526772832032293,1
lsa-multi-krum-late20-seed42-20261004,17,0,conv1,std,0.0015480009143707934,1
lsa-multi-krum-late20-seed42-20261004,17,0,conv1,median,0.00018014013767242432,1
lsa-multi-krum-late20-seed42-20261004,17,0,conv1,min,-0.0004834681749343872,1
lsa-multi-krum-late20-seed42-20261004,17,0,conv1,max,0.006229668855667114,1
lsa-multi-krum-late20-seed42-20261004,17,0,conv1,l1,0.16702059749513865,1
lsa-multi-krum-late20-seed42-20261004,17,0,conv1,l2,0.022991827545714754,1
lsa-multi-krum-late20-seed42-20261004,17,0,conv1,max_abs,0.006229668855667114,1
lsa-multi-krum-late20-seed42-20261004,17,0,conv1,sparsity,0.0,1
lsa-multi-krum-late20-seed42-20261004,17,0,conv1,skewness,1.5675998007118712,1
lsa-multi-krum-late20-seed42-20261004,17,0,conv1,kurtosis,1.4200200629160236,1
lsa-multi-krum-late20-seed42-20261004,17,0,conv2,mean,6.62426686944698e-05,1
lsa-multi-krum-late20-seed42-20261004,17,0,conv2,std,0.0004008570454010435,1
lsa-multi-krum-late20-seed42-20261004,17,0,conv2,median,7.01146200299263e-06,1
lsa-multi-krum-late20-seed42-20261004,17,0,conv2,min,-0.0025639012455940247,1
lsa-multi-krum-late20-seed42-20261004,17,0,conv2,max,0.0038522928953170776,1
lsa-multi-krum-late20-seed42-20261004,17,0,conv2,l1,0.9163277435509372,1
lsa-multi-krum-late20-seed42-20261004,17,0,conv2,l2,0.027675720472931986,1
lsa-multi-krum-late20-seed42-20261004,17,0,conv2,max_abs,0.0038522928953170776,1
lsa-multi-krum-late20-seed42-20261004,17,0,conv2,sparsity,0.0,1
lsa-multi-krum-late20-seed42-20261004,17,0,conv2,skewness,2.237424363182583,1
lsa-multi-krum-late20-seed42-20261004,17,0,conv2,kurtosis,17.622556207401644,1
lsa-multi-krum-late20-seed42-20261004,17,0,fc1,mean,-0.0001235987599307049,1
lsa-multi-krum-late20-seed42-20261004,17,0,fc1,std,0.0008915858793699231,1
lsa-multi-krum-late20-seed42-20261004,17,0,fc1,median,-4.937872290611267e-06,1
lsa-multi-krum-late20-seed42-20261004,17,0,fc1,min,-0.02070952206850052,1
lsa-multi-krum-late20-seed42-20261004,17,0,fc1,max,0.013817212544381618,1
lsa-multi-krum-late20-seed42-20261004,17,0,fc1,l1,35.52762511180754,1
lsa-multi-krum-late20-seed42-20261004,17,0,fc1,l2,0.2852319186571937,1
lsa-multi-krum-late20-seed42-20261004,17,0,fc1,max_abs,0.02070952206850052,1
lsa-multi-krum-late20-seed42-20261004,17,0,fc1,sparsity,0.08645036647546207,1
lsa-multi-krum-late20-seed42-20261004,17,0,fc1,skewness,-2.4326454582424524,1
lsa-multi-krum-late20-seed42-20261004,17,0,fc1,kurtosis,54.74744760932315,1
lsa-multi-krum-late20-seed42-20261004,17,0,output,mean,-4.537063292585886e-10,1
lsa-multi-krum-late20-seed42-20261004,17,0,output,std,0.005865634357490866,1
lsa-multi-krum-late20-seed42-20261004,17,0,output,median,-0.00030508264899253845,1
lsa-multi-krum-late20-seed42-20261004,17,0,output,min,-0.015020057559013367,1
lsa-multi-krum-late20-seed42-20261004,17,0,output,max,0.04654320701956749,1
lsa-multi-krum-late20-seed42-20261004,17,0,output,l1,1.865880536934128,1
lsa-multi-krum-late20-seed42-20261004,17,0,output,l2,0.14954492024223143,1
lsa-multi-krum-late20-seed42-20261004,17,0,output,max_abs,0.04654320701956749,1
lsa-multi-krum-late20-seed42-20261004,17,0,output,sparsity,0.06461538461538462,1
lsa-multi-krum-late20-seed42-20261004,17,0,output,skewness,3.6960429228959075,1
lsa-multi-krum-late20-seed42-20261004,17,0,output,kurtosis,18.999103616587504,1
lsa-multi-krum-late20-seed42-20261004,17,1,conv1,mean,0.0010387698413978797,0
lsa-multi-krum-late20-seed42-20261004,17,1,conv1,std,0.0016699677155334158,0
lsa-multi-krum-late20-seed42-20261004,17,1,conv1,median,0.00017716363072395325,0
lsa-multi-krum-late20-seed42-20261004,17,1,conv1,min,-0.0005123615264892578,0
lsa-multi-krum-late20-seed42-20261004,17,1,conv1,max,0.00664106011390686,0
lsa-multi-krum-late20-seed42-20261004,17,1,conv1,l1,0.18212986283469945,0
lsa-multi-krum-late20-seed42-20261004,17,1,conv1,l2,0.024876768131963354,0
lsa-multi-krum-late20-seed42-20261004,17,1,conv1,max_abs,0.00664106011390686,0
lsa-multi-krum-late20-seed42-20261004,17,1,conv1,sparsity,0.0,0
lsa-multi-krum-late20-seed42-20261004,17,1,conv1,skewness,1.5273174335856177,0
lsa-multi-krum-late20-seed42-20261004,17,1,conv1,kurtosis,1.2610130512571018,0
lsa-multi-krum-late20-seed42-20261004,17,1,conv2,mean,9.384418399153658e-05,0
lsa-multi-krum-late20-seed42-20261004,17,1,conv2,std,0.0004174520383756381,0
lsa-multi-krum-late20-seed42-20261004,17,1,conv2,median,1.7235055565834045e-05,0
lsa-multi-krum-late20-seed42-20261004,17,1,conv2,min,-0.0022348761558532715,0
lsa-multi-krum-late20-seed42-20261004,17,1,conv2,max,0.0037544965744018555,0
lsa-multi-krum-late20-seed42-20261004,17,1,conv2,l1,0.9708393415548926,0
lsa-multi-krum-late20-seed42-20261004,17,1,conv2,l2,0.029145469963415896,0
lsa-multi-krum-late20-seed42-20261004,17,1,conv2,max_abs,0.0037544965744018555,0
lsa-multi-krum-late20-seed42-20261004,17,1,conv2,sparsity,0.0,0
lsa-multi-krum-late20-seed42-20261004,17,1,conv2,skewness,2.6043994036146305,0
lsa-multi-krum-late20-seed42-20261004,17,1,conv2,kurtosis,16.10549468089488,0
lsa-multi-krum-late20-seed42-20261004,17,1,fc1,mean,4.984710615081256e-07,0
lsa-multi-krum-late20-seed42-20261004,17,1,fc1,std,0.00020372637676701103,0
lsa-multi-krum-late20-seed42-20261004,17,1,fc1,median,0.0,0
lsa-multi-krum-late20-seed42-20261004,17,1,fc1,min,-0.002981873694807291,0
lsa-multi-krum-late20-seed42-20261004,17,1,fc1,max,0.0035024024546146393,0
lsa-multi-krum-late20-seed42-20261004,17,1,fc1,l1,10.118771986056345,0
lsa-multi-krum-late20-seed42-20261004,17,1,fc1,l2,0.06455799296282343,0
lsa-multi-krum-late20-seed42-20261004,17,1,fc1,max_abs,0.0035024024546146393,0
lsa-multi-krum-late20-seed42-20261004,17,1,fc1,sparsity,0.08130178457616316,0
lsa-multi-krum-late20-seed42-20261004,17,1,fc1,skewness,0.12065105221833063,0
lsa-multi-krum-late20-seed42-20261004,17,1,fc1,kurtosis,19.99082582756518,0
lsa-multi-krum-late20-seed42-20261004,17,1,output,mean,-2.941725632319084e-11,0
lsa-multi-krum-late20-seed42-20261004,17,1,output,std,0.0012442992443955226,0
lsa-multi-krum-late20-seed42-20261004,17,1,output,median,-7.450580596923828e-09,0
lsa-multi-krum-late20-seed42-20261004,17,1,output,min,-0.005607053637504578,0
lsa-multi-krum-late20-seed42-20261004,17,1,output,max,0.004571110010147095,0
lsa-multi-krum-late20-seed42-20261004,17,1,output,l1,0.5691837031336036,0
lsa-multi-krum-late20-seed42-20261004,17,1,output,l2,0.031723530639607644,0
lsa-multi-krum-late20-seed42-20261004,17,1,output,max_abs,0.005607053637504578,0
lsa-multi-krum-late20-seed42-20261004,17,1,output,sparsity,0.07076923076923076,0
lsa-multi-krum-late20-seed42-20261004,17,1,output,skewness,0.2554627291266738,0
lsa-multi-krum-late20-seed42-20261004,17,1,output,kurtosis,1.4130447117059761,0
lsa-multi-krum-late20-seed42-20261004,17,2,conv1,mean,0.0007997127177077346,0
lsa-multi-krum-late20-seed42-20261004,17,2,conv1,std,0.0013932643308323506,0
lsa-multi-krum-late20-seed42-20261004,17,2,conv1,median,0.00014901533722877502,0
lsa-multi-krum-late20-seed42-20261004,17,2,conv1,min,-0.0006014183163642883,0
lsa-multi-krum-late20-seed42-20261004,17,2,conv1,max,0.005437523126602173,0
lsa-multi-krum-late20-seed42-20261004,17,2,conv1,l1,0.1478400754276663,0
lsa-multi-krum-late20-seed42-20261004,17,2,conv1,l2,0.020320338290228175,0
lsa-multi-krum-late20-seed42-20261004,17,2,conv1,max_abs,0.005437523126602173,0
lsa-multi-krum-late20-seed42-20261004,17,2,conv1,sparsity,0.0,0
lsa-multi-krum-late20-seed42-20261004,17,2,conv1,skewness,1.658360860170992,0
lsa-multi-krum-late20-seed42-20261004,17,2,conv1,kurtosis,1.8651525203393806,0
lsa-multi-krum-late20-seed42-20261004,17,2,conv2,mean,4.28629635480163e-05,0
lsa-multi-krum-late20-seed42-20261004,17,2,conv2,std,0.00041712841115555156,0
lsa-multi-krum-late20-seed42-20261004,17,2,conv2,median,4.343688488006592e-06,0
lsa-multi-krum-late20-seed42-20261004,17,2,conv2,min,-0.0030085891485214233,0
lsa-multi-krum-late20-seed42-20261004,17,2,conv2,max,0.0036797672510147095,0
lsa-multi-krum-late20-seed42-20261004,17,2,conv2,l1,0.9837114797173854,0
lsa-multi-krum-late20-seed42-20261004,17,2,conv2,l2,0.02856338076931631,0
lsa-multi-krum-late20-seed42-20261004,17,2,conv2,max_abs,0.0036797672510147095,0
lsa-multi-krum-late20-seed42-20261004,17,2,conv2,sparsity,0.0,0
lsa-multi-krum-late20-seed42-20261004,17,2,conv2,skewness,1.091424041118342,0
lsa-multi-krum-late20-seed42-20261004,17,2,conv2,kurtosis,15.661888171797195,0
lsa-multi-krum-late20-seed42-20261004,17,2,fc1,mean,5.262825377986799e-07,0
lsa-multi-krum-late20-seed42-20261004,17,2,fc1,std,0.00038190534931076985,0
lsa-multi-krum-late20-seed42-20261004,17,2,fc1,median,0.0,0
lsa-multi-krum-late20-seed42-20261004,17,2,fc1,min,-0.006826510652899742,0
lsa-multi-krum-late20-seed42-20261004,17,2,fc1,max,0.006813503801822662,0
lsa-multi-krum-late20-seed42-20261004,17,2,fc1,l1,17.393756631499173,0
lsa-multi-krum-late20-seed42-20261004,17,2,fc1,l2,0.12102012932250635,0
lsa-multi-krum-late20-seed42-20261004,17,2,fc1,max_abs,0.006826510652899742,0
lsa-multi-krum-late20-seed42-20261004,17,2,fc1,sparsity,0.09214666985340982,0
lsa-multi-krum-late20-seed42-20261004,17,2,fc1,skewness,-0.5246522912179227,0
lsa-multi-krum-late20-seed42-20261004,17,2,fc1,kurtosis,28.7230244215087,0
lsa-multi-krum-late20-seed42-20261004,17,2,output,mean,3.9876725238103134e-10,0
lsa-multi-krum-late20-seed42-20261004,17,2,output,std,0.0022156490622599403,0
lsa-multi-krum-late20-seed42-20261004,17,2,output,median,-4.839152097702026e-06,0
lsa-multi-krum-late20-seed42-20261004,17,2,output,min,-0.0077168866991996765,0
lsa-multi-krum-late20-seed42-20261004,17,2,output,max,0.00966617465019226,0
lsa-multi-krum-late20-seed42-20261004,17,2,output,l1,0.9632717703352682,0
lsa-multi-krum-late20-seed42-20261004,17,2,output,l2,0.056488189018685867,0
lsa-multi-krum-late20-seed42-20261004,17,2,output,max_abs,0.00966617465019226,0
lsa-multi-krum-late20-seed42-20261004,17,2,output,sparsity,0.07230769230769231,0
lsa-multi-krum-late20-seed42-20261004,17,2,output,skewness,0.6854219201558862,0
lsa-multi-krum-late20-seed42-20261004,17,2,output,kurtosis,2.1915909688070743,0
lsa-multi-krum-late20-seed42-20261004,17,3,conv1,mean,0.000986168661620468,0
lsa-multi-krum-late20-seed42-20261004,17,3,conv1,std,0.0015550894226652476,0
lsa-multi-krum-late20-seed42-20261004,17,3,conv1,median,0.00019473955035209656,0
lsa-multi-krum-late20-seed42-20261004,17,3,conv1,min,-0.0005148127675056458,0
lsa-multi-krum-late20-seed42-20261004,17,3,conv1,max,0.006221383810043335,0
lsa-multi-krum-late20-seed42-20261004,17,3,conv1,l1,0.17081350833177567,0
lsa-multi-krum-late20-seed42-20261004,17,3,conv1,l2,0.02329233948455204,0
lsa-multi-krum-late20-seed42-20261004,17,3,conv1,max_abs,0.006221383810043335,0
lsa-multi-krum-late20-seed42-20261004,17,3,conv1,sparsity,0.0,0
lsa-multi-krum-late20-seed42-20261004,17,3,conv1,skewness,1.5553742091925031,0
lsa-multi-krum-late20-seed42-20261004,17,3,conv1,kurtosis,1.4223430023168797,0
lsa-multi-krum-late20-seed42-20261004,17,3,conv2,mean,8.344949424060266e-05,0
lsa-multi-krum-late20-seed42-20261004,17,3,conv2,std,0.0004134155094101519,0
lsa-multi-krum-late20-seed42-20261004,17,3,conv2,median,8.435919880867004e-06,0
lsa-multi-krum-late20-seed42-20261004,17,3,conv2,min,-0.002485930919647217,0
lsa-multi-krum-late20-seed42-20261004,17,3,conv2,max,0.00382937490940094,0
lsa-multi-krum-late20-seed42-20261004,17,3,conv2,l1,0.9573450991938444,0
lsa-multi-krum-late20-seed42-20261004,17,3,conv2,l2,0.028728828291557356,0
lsa-multi-krum-late20-seed42-20261004,17,3,conv2,max_abs,0.00382937490940094,0
lsa-multi-krum-late20-seed42-20261004,17,3,conv2,sparsity,0.0,0
lsa-multi-krum-late20-seed42-20261004,17,3,conv2,skewness,2.285660501189192,0
lsa-multi-krum-late20-seed42-20261004,17,3,conv2,kurtosis,14.700233034059824,0
lsa-multi-krum-late20-seed42-20261004,17,3,fc1,mean,-5.9448401387478114e-06,0
lsa-multi-krum-late20-seed42-20261004,17,3,fc1,std,0.00020654468803477953,0
lsa-multi-krum-late20-seed42-20261004,17,3,fc1,median,-8.195638656616211e-08,0
lsa-multi-krum-late20-seed42-20261004,17,3,fc1,min,-0.003893584944307804,0
lsa-multi-krum-late20-seed42-20261004,17,3,fc1,max,0.002941824495792389,0
lsa-multi-krum-late20-seed42-20261004,17,3,fc1,l1,10.008417075161674,0
lsa-multi-krum-late20-seed42-20261004,17,3,fc1,l2,0.06547798473125381,0
lsa-multi-krum-late20-seed42-20261004,17,3,fc1,max_abs,0.003893584944307804,0
lsa-multi-krum-late20-seed42-20261004,17,3,fc1,sparsity,0.08312420331421287,0
lsa-multi-krum-late20-seed42-20261004,17,3,fc1,skewness,-0.545348164390631,0
lsa-multi-krum-late20-seed42-20261004,17,3,fc1,kurtosis,24.691562816686908,0
lsa-multi-krum-late20-seed42-20261004,17,3,output,mean,-1.7592146133001033e-10,0
lsa-multi-krum-late20-seed42-20261004,17,3,output,std,0.0012662054821726174,0
lsa-multi-krum-late20-seed42-20261004,17,3,output,median,-7.450580596923828e-09,0
lsa-multi-krum-late20-seed42-20261004,17,3,output,min,-0.004964321851730347,0
lsa-multi-krum-late20-seed42-20261004,17,3,output,max,0.0058267079293727875,0
lsa-multi-krum-late20-seed42-20261004,17,3,output,l1,0.5685368930280674,0
lsa-multi-krum-late20-seed42-20261004,17,3,output,l2,0.032282032309082005,0
lsa-multi-krum-late20-seed42-20261004,17,3,output,max_abs,0.0058267079293727875,0
lsa-multi-krum-late20-seed42-20261004,17,3,output,sparsity,0.06769230769230769,0
lsa-multi-krum-late20-seed42-20261004,17,3,output,skewness,0.15722168422057556,0
lsa-multi-krum-late20-seed42-20261004,17,3,output,kurtosis,1.8173914353400296,0
lsa-multi-krum-late20-seed42-20261004,17,4,conv1,mean,0.0009860598176601343,0
lsa-multi-krum-late20-seed42-20261004,17,4,conv1,std,0.0016221947782126818,0
lsa-multi-krum-late20-seed42-20261004,17,4,conv1,median,0.00015578418970108032,0
lsa-multi-krum-late20-seed42-20261004,17,4,conv1,min,-0.000737413763999939,0
lsa-multi-krum-late20-seed42-20261004,17,4,conv1,max,0.006618678569793701,0
lsa-multi-krum-late20-seed42-20261004,17,4,conv1,l1,0.17318155546672642,0
lsa-multi-krum-late20-seed42-20261004,17,4,conv1,l2,0.02401276281468479,0
lsa-multi-krum-late20-seed42-20261004,17,4,conv1,max_abs,0.006618678569793701,0
lsa-multi-krum-late20-seed42-20261004,17,4,conv1,sparsity,0.0,0
lsa-multi-krum-late20-seed42-20261004,17,4,conv1,skewness,1.5939831118534662,0
lsa-multi-krum-late20-seed42-20261004,17,4,conv1,kurtosis,1.542169690564302,0
lsa-multi-krum-late20-seed42-20261004,17,4,conv2,mean,4.481385398446883e-05,0
lsa-multi-krum-late20-seed42-20261004,17,4,conv2,std,0.00045137760254325226,0
lsa-multi-krum-late20-seed42-20261004,17,4,conv2,median,-6.35744072496891e-07,0
lsa-multi-krum-late20-seed42-20261004,17,4,conv2,min,-0.0025977566838264465,0
lsa-multi-krum-late20-seed42-20261004,17,4,conv2,max,0.005073264241218567,0
lsa-multi-krum-late20-seed42-20261004,17,4,conv2,l1,1.0279749224282568,0
lsa-multi-krum-late20-seed42-20261004,17,4,conv2,l2,0.030897897989377667,0
lsa-multi-krum-late20-seed42-20261004,17,4,conv2,max_abs,0.005073264241218567,0
lsa-multi-krum-late20-seed42-20261004,17,4,conv2,sparsity,0.0,0
lsa-multi-krum-late20-seed42-20261004,17,4,conv2,skewness,2.7765533548178163,0
lsa-multi-krum-late20-seed42-20261004,17,4,conv2,kurtosis,22.96195774717005,0
lsa-multi-krum-late20-seed42-20261004,17,4,fc1,mean,-4.363687406898881e-06,0
lsa-multi-krum-late20-seed42-20261004,17,4,fc1,std,0.0003473968784632261,0
lsa-multi-krum-late20-seed42-20261004,17,4,fc1,median,0.0,0
lsa-multi-krum-late20-seed42-20261004,17,4,fc1,min,-0.005575112998485565,0
lsa-multi-krum-late20-seed42-20261004,17,4,fc1,max,0.006346892565488815,0
lsa-multi-krum-late20-seed42-20261004,17,4,fc1,l1,15.616182445420918,0
lsa-multi-krum-late20-seed42-20261004,17,4,fc1,l2,0.1100934875670596,0
lsa-multi-krum-late20-seed42-20261004,17,4,fc1,max_abs,0.006346892565488815,0
lsa-multi-krum-late20-seed42-20261004,17,4,fc1,sparsity,0.10368865519439133,0
lsa-multi-krum-late20-seed42-20261004,17,4,fc1,skewness,0.22253601844509452,0
lsa-multi-krum-late20-seed42-20261004,17,4,fc1,kurtosis,33.205603100087124,0
lsa-multi-krum-late20-seed42-20261004,17,4,output,mean,4.2715468085729157e-10,0
lsa-multi-krum-late20-seed42-20261004,17,4,output,std,0.0022897247067902183,0
lsa-multi-krum-late20-seed42-20261004,17,4,output,median,-7.450580596923828e-09,0
lsa-multi-krum-late20-seed42-20261004,17,4,output,min,-0.007767096161842346,0
lsa-multi-krum-late20-seed42-20261004,17,4,output,max,0.00739530473947525,0
lsa-multi-krum-late20-seed42-20261004,17,4,output,l1,1.0500504224328324,0
lsa-multi-krum-late20-seed42-20261004,17,4,output,l2,0.05837675480339522,0
lsa-multi-krum-late20-seed42-20261004,17,4,output,max_abs,0.007767096161842346,0
lsa-multi-krum-late20-seed42-20261004,17,4,output,sparsity,0.08,0
lsa-multi-krum-late20-seed42-20261004,17,4,output,skewness,0.1441270551585821,0
lsa-multi-krum-late20-seed42-20261004,17,4,output,kurtosis,1.1370465501825393,0
lsa-multi-krum-late20-seed42-20261004,18,0,conv1,mean,0.000834274857697892,1
lsa-multi-krum-late20-seed42-20261004,18,0,conv1,std,0.001363801526401685,1
lsa-multi-krum-late20-seed42-20261004,18,0,conv1,median,0.00015748292207717896,1
lsa-multi-krum-late20-seed42-20261004,18,0,conv1,min,-0.00043927133083343506,1
lsa-multi-krum-late20-seed42-20261004,18,0,conv1,max,0.005544811487197876,1
lsa-multi-krum-late20-seed42-20261004,18,0,conv1,l1,0.1469584291917272,1
lsa-multi-krum-late20-seed42-20261004,18,0,conv1,l2,0.020222637381320584,1
lsa-multi-krum-late20-seed42-20261004,18,0,conv1,max_abs,0.005544811487197876,1
lsa-multi-krum-late20-seed42-20261004,18,0,conv1,sparsity,0.0,1
lsa-multi-krum-late20-seed42-20261004,18,0,conv1,skewness,1.587357187737217,1
lsa-multi-krum-late20-seed42-20261004,18,0,conv1,kurtosis,1.5292536470199334,1
lsa-multi-krum-late20-seed42-20261004,18,0,conv2,mean,5.1437708263055635e-05,1
lsa-multi-krum-late20-seed42-20261004,18,0,conv2,std,0.0003616936094108864,1
lsa-multi-krum-late20-seed42-20261004,18,0,conv2,median,6.365240551531315e-06,1
lsa-multi-krum-late20-seed42-20261004,18,0,conv2,min,-0.0025074779987335205,1
lsa-multi-krum-late20-seed42-20261004,18,0,conv2,max,0.003384537994861603,1
lsa-multi-krum-late20-seed42-20261004,18,0,conv2,l1,0.8354811310418881,1
lsa-multi-krum-late20-seed42-20261004,18,0,conv2,l2,0.024885578290024517,1
lsa-multi-krum-late20-seed42-20261004,18,0,conv2,max_abs,0.003384537994861603,1
lsa-multi-krum-late20-seed42-20261004,18,0,conv2,sparsity,0.00021551724137931034,1
lsa-multi-krum-late20-seed42-20261004,18,0,conv2,skewness,1.8506492593459807,1
lsa-multi-krum-late20-seed42-20261004,18,0,conv2,kurtosis,16.796525498149894,1
lsa-multi-krum-late20-seed42-20261004,18,0,fc1,mean,-0.00011788281456288387,1
lsa-multi-krum-late20-seed42-20261004,18,0,fc1,std,0.0008594670041148565,1
lsa-multi-krum-late20-seed42-20261004,18,0,fc1,median,-3.8603320717811584e-06,1
lsa-multi-krum-late20-seed42-20261004,18,0,fc1,min,-0.01919987052679062,1
lsa-multi-krum-late20-seed42-20261004,18,0,fc1,max,0.01384888868778944,1
lsa-multi-krum-late20-seed42-20261004,18,0,fc1,l1,33.96008791934241,1
lsa-multi-krum-late20-seed42-20261004,18,0,fc1,l2,0.27490191368381206,1
lsa-multi-krum-late20-seed42-20261004,18,0,fc1,max_abs,0.01919987052679062,1
lsa-multi-krum-late20-seed42-20261004,18,0,fc1,sparsity,0.08626115360101975,1
lsa-multi-krum-late20-seed42-20261004,18,0,fc1,skewness,-2.4099705697409477,1
lsa-multi-krum-late20-seed42-20261004,18,0,fc1,kurtosis,56.29502541037616,1
lsa-multi-krum-late20-seed42-20261004,18,0,output,mean,1.7677218868182256e-10,1
lsa-multi-krum-late20-seed42-20261004,18,0,output,std,0.005610064883420116,1
lsa-multi-krum-late20-seed42-20261004,18,0,output,median,-0.00020605779718607664,1
lsa-multi-krum-late20-seed42-20261004,18,0,output,min,-0.01418527215719223,1
lsa-multi-krum-late20-seed42-20261004,18,0,output,max,0.04652230441570282,1
lsa-multi-krum-late20-seed42-20261004,18,0,output,l1,1.7804860709002241,1
lsa-multi-krum-late20-seed42-20261004,18,0,output,l2,0.14302915156540408,1
lsa-multi-krum-late20-seed42-20261004,18,0,output,max_abs,0.04652230441570282,1
lsa-multi-krum-late20-seed42-20261004,18,0,output,sparsity,0.06923076923076923,1
lsa-multi-krum-late20-seed42-20261004,18,0,output,skewness,3.740900950820567,1
lsa-multi-krum-late20-seed42-20261004,18,0,output,kurtosis,19.603882895805654,1
lsa-multi-krum-late20-seed42-20261004,18,1,conv1,mean,0.0009209550862578908,0
lsa-multi-krum-late20-seed42-20261004,18,1,conv1,std,0.0014952378691817923,0
lsa-multi-krum-late20-seed42-20261004,18,1,conv1,median,0.00017040222883224487,0
lsa-multi-krum-late20-seed42-20261004,18,1,conv1,min,-0.00046578049659729004,0
lsa-multi-krum-late20-seed42-20261004,18,1,conv1,max,0.006014794111251831,0
lsa-multi-krum-late20-seed42-20261004,18,1,conv1,l1,0.16246112337103114,0
lsa-multi-krum-late20-seed42-20261004,18,1,conv1,l2,0.022213129653750587,0
lsa-multi-krum-late20-seed42-20261004,18,1,conv1,max_abs,0.006014794111251831,0
lsa-multi-krum-late20-seed42-20261004,18,1,conv1,sparsity,0.0,0
lsa-multi-krum-late20-seed42-20261004,18,1,conv1,skewness,1.5489301051919395,0
lsa-multi-krum-late20-seed42-20261004,18,1,conv1,kurtosis,1.372386763745932,0
lsa-multi-krum-late20-seed42-20261004,18,1,conv2,mean,8.160212813938164e-05,0
lsa-multi-krum-late20-seed42-20261004,18,1,conv2,std,0.0003780385761814848,0
lsa-multi-krum-late20-seed42-20261004,18,1,conv2,median,1.5838537365198135e-05,0
lsa-multi-krum-late20-seed42-20261004,18,1,conv2,min,-0.0021861568093299866,0
lsa-multi-krum-late20-seed42-20261004,18,1,conv2,max,0.003194287419319153,0
lsa-multi-krum-late20-seed42-20261004,18,1,conv2,l1,0.8860725834929326,0
lsa-multi-krum-late20-seed42-20261004,18,1,conv2,l2,0.026344153353783255,0
lsa-multi-krum-late20-seed42-20261004,18,1,conv2,max_abs,0.003194287419319153,0
lsa-multi-krum-late20-seed42-20261004,18,1,conv2,sparsity,0.0,0
lsa-multi-krum-late20-seed42-20261004,18,1,conv2,skewness,2.321674100046845,0
lsa-multi-krum-late20-seed42-20261004,18,1,conv2,kurtosis,15.04291043440255,0
lsa-multi-krum-late20-seed42-20261004,18,1,fc1,mean,2.5564246366617793e-07,0
lsa-multi-krum-late20-seed42-20261004,18,1,fc1,std,0.00019239493419940235,0
lsa-multi-krum-late20-seed42-20261004,18,1,fc1,median,0.0,0
lsa-multi-krum-late20-seed42-20261004,18,1,fc1,min,-0.0026352927088737488,0
lsa-multi-krum-late20-seed42-20261004,18,1,fc1,max,0.0034237615764141083,0
lsa-multi-krum-late20-seed42-20261004,18,1,fc1,l1,9.569685455996705,0
lsa-multi-krum-late20-seed42-20261004,18,1,fc1,l2,0.060967091207524096,0
lsa-multi-krum-late20-seed42-20261004,18,1,fc1,max_abs,0.0034237615764141083,0
lsa-multi-krum-late20-seed42-20261004,18,1,fc1,sparsity,0.08020634161886551,0
lsa-multi-krum-late20-seed42-20261004,18,1,fc1,skewness,0.16050820731651586,0
lsa-multi-krum-late20-seed42-20261004,18,1,fc1,kurtosis,19.716706227324128,0
lsa-multi-krum-late20-seed42-20261004,18,1,output,mean,4.5775847796064155e-10,0
lsa-multi-krum-late20-seed42-20261004,18,1,output,std,0.00114785251179927,0
lsa-multi-krum-late20-seed42-20261004,18,1,output,median,-5.587935447692871e-09,0
lsa-multi-krum-late20-seed42-20261004,18,1,output,min,-0.004966869950294495,0
lsa-multi-krum-late20-seed42-20261004,18,1,output,max,0.004007995128631592,0
lsa-multi-krum-late20-seed42-20261004,18,1,output,l1,0.5232893086940749,0
lsa-multi-krum-late20-seed42-20261004,18,1,output,l2,0.02926461178195718,0
lsa-multi-krum-late20-seed42-20261004,18,1,output,max_abs,0.004966869950294495,0
lsa-multi-krum-late20-seed42-20261004,18,1,output,sparsity,0.07076923076923076,0
lsa-multi-krum-late20-seed42-20261004,18,1,output,skewness,0.24090657447711708,0
lsa-multi-krum-late20-seed42-20261004,18,1,output,kurtosis,1.423619844322233,0
lsa-multi-krum-late20-seed42-20261004,18,2,conv1,mean,0.0006770621333998861,0
lsa-multi-krum-late20-seed42-20261004,18,2,conv1,std,0.001205728393932296,0
lsa-multi-krum-late20-seed42-20261004,18,2,conv1,median,0.00014202669262886047,0
lsa-multi-krum-late20-seed42-20261004,18,2,conv1,min,-0.0005813911557197571,0
lsa-multi-krum-late20-seed42-20261004,18,2,conv1,max,0.00473448634147644,0
lsa-multi-krum-late20-seed42-20261004,18,2,conv1,l1,0.12758948764530942,0
lsa-multi-krum-late20-seed42-20261004,18,2,conv1,l2,0.017491456622790724,0
lsa-multi-krum-late20-seed42-20261004,18,2,conv1,max_abs,0.00473448634147644,0
lsa-multi-krum-late20-seed42-20261004,18,2,conv1,sparsity,0.0,0
lsa-multi-krum-late20-seed42-20261004,18,2,conv1,skewness,1.713842536737308,0
lsa-multi-krum-late20-seed42-20261004,18,2,conv1,kurtosis,2.1611152812557286,0
lsa-multi-krum-late20-seed42-20261004,18,2,conv2,mean,2.2969402297004025e-05,0
lsa-multi-krum-late20-seed42-20261004,18,2,conv2,std,0.0003853361256317436,0
lsa-multi-krum-late20-seed42-20261004,18,2,conv2,median,1.2069940567016602e-06,0
lsa-multi-krum-late20-seed42-20261004,18,2,conv2,min,-0.0029441341757774353,0
lsa-multi-krum-late20-seed42-20261004,18,2,conv2,max,0.0031813085079193115,0
lsa-multi-krum-late20-seed42-20261004,18,2,conv2,l1,0.924693073531671,0
lsa-multi-krum-late20-seed42-20261004,18,2,conv2,l2,0.026294742201753325,0
lsa-multi-krum-late20-seed42-20261004,18,2,conv2,max_abs,0.0031813085079193115,0
lsa-multi-krum-late20-seed42-20261004,18,2,conv2,sparsity,0.0,0
lsa-multi-krum-late20-seed42-20261004,18,2,conv2,skewness,0.5527833226516443,0
lsa-multi-krum-late20-seed42-20261004,18,2,conv2,kurtosis,14.963107034443723,0
lsa-multi-krum-late20-seed42-20261004,18,2,fc1,mean,-4.835845661165097e-06,0
lsa-multi-krum-late20-seed42-20261004,18,2,fc1,std,0.0003771413805468719,0
lsa-multi-krum-late20-seed42-20261004,18,2,fc1,median,0.0,0
lsa-multi-krum-late20-seed42-20261004,18,2,fc1,min,-0.0068400148302316666,0
lsa-multi-krum-late20-seed42-20261004,18,2,fc1,max,0.006753548979759216,0
lsa-multi-krum-late20-seed42-20261004,18,2,fc1,l1,17.08959308479234,0
lsa-multi-krum-late20-seed42-20261004,18,2,fc1,l2,0.11952020908213269,0
lsa-multi-krum-late20-seed42-20261004,18,2,fc1,max_abs,0.0068400148302316666,0
lsa-multi-krum-late20-seed42-20261004,18,2,fc1,sparsity,0.09173836838750797,0
lsa-multi-krum-late20-seed42-20261004,18,2,fc1,skewness,-0.7288031942680739,0
lsa-multi-krum-late20-seed42-20261004,18,2,fc1,kurtosis,29.299538917831455,0
lsa-multi-krum-late20-seed42-20261004,18,2,output,mean,-2.1339823993352743e-10,0
lsa-multi-krum-late20-seed42-20261004,18,2,output,std,0.002192461049320199,0
lsa-multi-krum-late20-seed42-20261004,18,2,output,median,-1.0387971997261047e-05,0
lsa-multi-krum-late20-seed42-20261004,18,2,output,min,-0.007613711059093475,0
lsa-multi-krum-late20-seed42-20261004,18,2,output,max,0.009596198797225952,0
lsa-multi-krum-late20-seed42-20261004,18,2,output,l1,0.9526303656748496,0
lsa-multi-krum-late20-seed42-20261004,18,2,output,l2,0.0558970083663793,0
lsa-multi-krum-late20-seed42-20261004,18,2,output,max_abs,0.009596198797225952,0
lsa-multi-krum-late20-seed42-20261004,18,2,output,sparsity,0.08,0
lsa-multi-krum-late20-seed42-20261004,18,2,output,skewness,0.7245483523189007,0
lsa-multi-krum-late20-seed42-20261004,18,2,output,kurtosis,2.196940918925433,0
lsa-multi-krum-late20-seed42-20261004,18,3,conv1,mean,0.0008738209657167317,0
lsa-multi-krum-late20-seed42-20261004,18,3,conv1,std,0.0013794671607806738,0
lsa-multi-krum-late20-seed42-20261004,18,3,conv1,median,0.00017654895782470703,0
lsa-multi-krum-late20-seed42-20261004,18,3,conv1,min,-0.0004916936159133911,0
lsa-multi-krum-late20-seed42-20261004,18,3,conv1,max,0.005545705556869507,0
lsa-multi-krum-late20-seed42-20261004,18,3,conv1,l1,0.15148382930783555,0
lsa-multi-krum-late20-seed42-20261004,18,3,conv1,l2,0.020655237506447276,0
lsa-multi-krum-late20-seed42-20261004,18,3,conv1,max_abs,0.005545705556869507,0
lsa-multi-krum-late20-seed42-20261004,18,3,conv1,sparsity,0.0,0
lsa-multi-krum-late20-seed42-20261004,18,3,conv1,skewness,1.5675753765484652,0
lsa-multi-krum-late20-seed42-20261004,18,3,conv1,kurtosis,1.5063890644098707,0
lsa-multi-krum-late20-seed42-20261004,18,3,conv2,mean,7.031039976544858e-05,0
lsa-multi-krum-late20-seed42-20261004,18,3,conv2,std,0.0003746732929557149,0
lsa-multi-krum-late20-seed42-20261004,18,3,conv2,median,5.902722477912903e-06,0
lsa-multi-krum-late20-seed42-20261004,18,3,conv2,min,-0.0023171305656433105,0
lsa-multi-krum-late20-seed42-20261004,18,3,conv2,max,0.003450058400630951,0
lsa-multi-krum-late20-seed42-20261004,18,3,conv2,l1,0.8734647416240477,0
lsa-multi-krum-late20-seed42-20261004,18,3,conv2,l2,0.025967318642676155,0
lsa-multi-krum-late20-seed42-20261004,18,3,conv2,max_abs,0.003450058400630951,0
lsa-multi-krum-late20-seed42-20261004,18,3,conv2,sparsity,0.0,0
lsa-multi-krum-late20-seed42-20261004,18,3,conv2,skewness,2.1010273609236885,0
lsa-multi-krum-late20-seed42-20261004,18,3,conv2,kurtosis,14.219429683283693,0
lsa-multi-krum-late20-seed42-20261004,18,3,fc1,mean,-5.8679713544004895e-06,0
lsa-multi-krum-late20-seed42-20261004,18,3,fc1,std,0.0001959561860177951,0
lsa-multi-krum-late20-seed42-20261004,18,3,fc1,median,-9.313225746154785e-09,0
lsa-multi-krum-late20-seed42-20261004,18,3,fc1,min,-0.0037363162264227867,0
lsa-multi-krum-late20-seed42-20261004,18,3,fc1,max,0.0028562620282173157,0
lsa-multi-krum-late20-seed42-20261004,18,3,fc1,l1,9.502412586750324,0
lsa-multi-krum-late20-seed42-20261004,18,3,fc1,l2,0.06212337908368383,0
lsa-multi-krum-late20-seed42-20261004,18,3,fc1,max_abs,0.0037363162264227867,0
lsa-multi-krum-late20-seed42-20261004,18,3,fc1,sparsity,0.10416666666666667,0
lsa-multi-krum-late20-seed42-20261004,18,3,fc1,skewness,-0.4658661128724294,0
lsa-multi-krum-late20-seed42-20261004,18,3,fc1,kurtosis,24.278195404257577,0
lsa-multi-krum-late20-seed42-20261004,18,3,output,mean,6.152549758553505e-10,0
lsa-multi-krum-late20-seed42-20261004,18,3,output,std,0.0011924952371570718,0
lsa-multi-krum-late20-seed42-20261004,18,3,output,median,0.0,0
lsa-multi-krum-late20-seed42-20261004,18,3,output,min,-0.004482373595237732,0
lsa-multi-krum-late20-seed42-20261004,18,3,output,max,0.005434002727270126,0
lsa-multi-krum-late20-seed42-20261004,18,3,output,l1,0.5366271744424012,0
lsa-multi-krum-late20-seed42-20261004,18,3,output,l2,0.03040278242065587,0
lsa-multi-krum-late20-seed42-20261004,18,3,output,max_abs,0.005434002727270126,0
lsa-multi-krum-late20-seed42-20261004,18,3,output,sparsity,0.09076923076923077,0
lsa-multi-krum-late20-seed42-20261004,18,3,output,skewness,0.16502693721259742,0
lsa-multi-krum-late20-seed42-20261004,18,3,output,kurtosis,1.7815374547417067,0
lsa-multi-krum-late20-seed42-20261004,18,4,conv1,mean,0.0008652597916807281,0
lsa-multi-krum-late20-seed42-20261004,18,4,conv1,std,0.0014325630526473613,0
lsa-multi-krum-late20-seed42-20261004,18,4,conv1,median,0.0001494958996772766,0
lsa-multi-krum-late20-seed42-20261004,18,4,conv1,min,-0.0006959289312362671,0
lsa-multi-krum-late20-seed42-20261004,18,4,conv1,max,0.005884319543838501,0
lsa-multi-krum-late20-seed42-20261004,18,4,conv1,l1,0.15296217118157074,0
lsa-multi-krum-late20-seed42-20261004,18,4,conv1,l2,0.021169455002563304,0
lsa-multi-krum-late20-seed42-20261004,18,4,conv1,max_abs,0.005884319543838501,0
lsa-multi-krum-late20-seed42-20261004,18,4,conv1,sparsity,0.0,0
lsa-multi-krum-late20-seed42-20261004,18,4,conv1,skewness,1.608086089803718,0
lsa-multi-krum-late20-seed42-20261004,18,4,conv1,kurtosis,1.6285023926252453,0
lsa-multi-krum-late20-seed42-20261004,18,4,conv2,mean,3.08687531193347e-05,0
lsa-multi-krum-late20-seed42-20261004,18,4,conv2,std,0.0004182674318869103,0
lsa-multi-krum-late20-seed42-20261004,18,4,conv2,median,-1.4812685549259186e-06,0
lsa-multi-krum-late20-seed42-20261004,18,4,conv2,min,-0.002650916576385498,0
lsa-multi-krum-late20-seed42-20261004,18,4,conv2,max,0.004627563059329987,0
lsa-multi-krum-late20-seed42-20261004,18,4,conv2,l1,0.9606174561631633,0
lsa-multi-krum-late20-seed42-20261004,18,4,conv2,l2,0.02856883675726681,0
lsa-multi-krum-late20-seed42-20261004,18,4,conv2,max_abs,0.004627563059329987,0
lsa-multi-krum-late20-seed42-20261004,18,4,conv2,sparsity,0.0,0
lsa-multi-krum-late20-seed42-20261004,18,4,conv2,skewness,2.468988109980231,0
lsa-multi-krum-late20-seed42-20261004,18,4,conv2,kurtosis,22.522581881105722,0
lsa-multi-krum-late20-seed42-20261004,18,4,fc1,mean,-4.034396811442717e-06,0
lsa-multi-krum-late20-seed42-20261004,18,4,fc1,std,0.0003456067112690491,0
lsa-multi-krum-late20-seed42-20261004,18,4,fc1,median,0.0,0
lsa-multi-krum-late20-seed42-20261004,18,4,fc1,min,-0.005274215713143349,0
lsa-multi-krum-late20-seed42-20261004,18,4,fc1,max,0.0062115006148815155,0
lsa-multi-krum-late20-seed42-20261004,18,4,fc1,l1,15.501328328221689,0
lsa-multi-krum-late20-seed42-20261004,18,4,fc1,l2,0.1095249880058448,0
lsa-multi-krum-late20-seed42-20261004,18,4,fc1,max_abs,0.0062115006148815155,0
lsa-multi-krum-late20-seed42-20261004,18,4,fc1,sparsity,0.10390774378585087,0
lsa-multi-krum-late20-seed42-20261004,18,4,fc1,skewness,0.23751277783442099,0
lsa-multi-krum-late20-seed42-20261004,18,4,fc1,kurtosis,33.356829036406516,0
lsa-multi-krum-late20-seed42-20261004,18,4,output,mean,-1.5402642580179067e-10,0
lsa-multi-krum-late20-seed42-20261004,18,4,output,std,0.0022233719048529396,0
lsa-multi-krum-late20-seed42-20261004,18,4,output,median,-7.450580596923828e-09,0
lsa-multi-krum-late20-seed42-20261004,18,4,output,min,-0.007440501824021339,0
lsa-multi-krum-late20-seed42-20261004,18,4,output,max,0.0077074989676475525,0
lsa-multi-krum-late20-seed42-20261004,18,4,output,l1,1.0165228380355984,0
lsa-multi-krum-late20-seed42-20261004,18,4,output,l2,0.05668508364409563,0
lsa-multi-krum-late20-seed42-20261004,18,4,output,max_abs,0.0077074989676475525,0
lsa-multi-krum-late20-seed42-20261004,18,4,output,sparsity,0.08153846153846153,0
lsa-multi-krum-late20-seed42-20261004,18,4,output,skewness,0.20131170259603706,0
lsa-multi-krum-late20-seed42-20261004,18,4,output,kurtosis,1.22021770493296,0
lsa-multi-krum-late20-seed42-20261004,19,0,conv1,mean,0.0007330257074499968,1
lsa-multi-krum-late20-seed42-20261004,19,0,conv1,std,0.0012134136245019282,1
lsa-multi-krum-late20-seed42-20261004,19,0,conv1,median,0.0001344531774520874,1
lsa-multi-krum-late20-seed42-20261004,19,0,conv1,min,-0.0004247799515724182,1
lsa-multi-krum-late20-seed42-20261004,19,0,conv1,max,0.004972726106643677,1
lsa-multi-krum-late20-seed42-20261004,19,0,conv1,l1,0.13055402820464224,1
lsa-multi-krum-late20-seed42-20261004,19,0,conv1,l2,0.017931867998218033,1
lsa-multi-krum-late20-seed42-20261004,19,0,conv1,max_abs,0.004972726106643677,1
lsa-multi-krum-late20-seed42-20261004,19,0,conv1,sparsity,0.0,1
lsa-multi-krum-late20-seed42-20261004,19,0,conv1,skewness,1.6017794187971208,1
lsa-multi-krum-late20-seed42-20261004,19,0,conv1,kurtosis,1.617720226482584,1
lsa-multi-krum-late20-seed42-20261004,19,0,conv2,mean,3.934598415479082e-05,1
lsa-multi-krum-late20-seed42-20261004,19,0,conv2,std,0.0003299497473500754,1
lsa-multi-krum-late20-seed42-20261004,19,0,conv2,median,5.070120096206665e-06,1
lsa-multi-krum-late20-seed42-20261004,19,0,conv2,min,-0.00250205397605896,1
lsa-multi-krum-late20-seed42-20261004,19,0,conv2,max,0.0029730945825576782,1
lsa-multi-krum-late20-seed42-20261004,19,0,conv2,l1,0.7686339979045442,1
lsa-multi-krum-late20-seed42-20261004,19,0,conv2,l2,0.022634604746252198,1
lsa-multi-krum-late20-seed42-20261004,19,0,conv2,max_abs,0.0029730945825576782,1
lsa-multi-krum-late20-seed42-20261004,19,0,conv2,sparsity,0.0,1
lsa-multi-krum-late20-seed42-20261004,19,0,conv2,skewness,1.3631252761509178,1
lsa-multi-krum-late20-seed42-20261004,19,0,conv2,kurtosis,16.137524029187887,1
lsa-multi-krum-late20-seed42-20261004,19,0,fc1,mean,-0.00013806493798958932,1
lsa-multi-krum-late20-seed42-20261004,19,0,fc1,std,0.0009614253947833739,1
lsa-multi-krum-late20-seed42-20261004,19,0,fc1,median,-6.917864084243774e-06,1
lsa-multi-krum-late20-seed42-20261004,19,0,fc1,min,-0.021087683737277985,1
lsa-multi-krum-late20-seed42-20261004,19,0,fc1,max,0.015098564326763153,1
lsa-multi-krum-late20-seed42-20261004,19,0,fc1,l1,38.679389451554016,1
lsa-multi-krum-late20-seed42-20261004,19,0,fc1,l2,0.30778649480093745,1
lsa-multi-krum-late20-seed42-20261004,19,0,fc1,max_abs,0.021087683737277985,1
lsa-multi-krum-late20-seed42-20261004,19,0,fc1,sparsity,0.08920889101338432,1
lsa-multi-krum-late20-seed42-20261004,19,0,fc1,skewness,-2.106576065371968,1
lsa-multi-krum-late20-seed42-20261004,19,0,fc1,kurtosis,50.99425706910266,1
lsa-multi-krum-late20-seed42-20261004,19,0,output,mean,-1.0925130202220036e-11,1
lsa-multi-krum-late20-seed42-20261004,19,0,output,std,0.006065053611797382,1
lsa-multi-krum-late20-seed42-20261004,19,0,output,median,-0.0002488084137439728,1
lsa-multi-krum-late20-seed42-20261004,19,0,output,min,-0.011780112981796265,1
lsa-multi-krum-late20-seed42-20261004,19,0,output,max,0.05035426467657089,1
lsa-multi-krum-late20-seed42-20261004,19,0,output,l1,1.9789055472938344,1
lsa-multi-krum-late20-seed42-20261004,19,0,output,l2,0.15462913358770625,1
lsa-multi-krum-late20-seed42-20261004,19,0,output,max_abs,0.05035426467657089,1
lsa-multi-krum-late20-seed42-20261004,19,0,output,sparsity,0.07384615384615385,1
lsa-multi-krum-late20-seed42-20261004,19,0,output,skewness,3.4431583389046665,1
lsa-multi-krum-late20-seed42-20261004,19,0,output,kurtosis,17.18103798500137,1
lsa-multi-krum-late20-seed42-20261004,19,1,conv1,mean,0.0008236909961851779,0
lsa-multi-krum-late20-seed42-20261004,19,1,conv1,std,0.0013520772111437513,0
lsa-multi-krum-late20-seed42-20261004,19,1,conv1,median,0.0001428350806236267,0
lsa-multi-krum-late20-seed42-20261004,19,1,conv1,min,-0.0004741102457046509,0
lsa-multi-krum-late20-seed42-20261004,19,1,conv1,max,0.005477964878082275,0
lsa-multi-krum-late20-seed42-20261004,19,1,conv1,l1,0.14667768066283315,0
lsa-multi-krum-late20-seed42-20261004,19,1,conv1,l2,0.020026301274437254,0
lsa-multi-krum-late20-seed42-20261004,19,1,conv1,max_abs,0.005477964878082275,0
lsa-multi-krum-late20-seed42-20261004,19,1,conv1,sparsity,0.0,0
lsa-multi-krum-late20-seed42-20261004,19,1,conv1,skewness,1.556899968977569,0
lsa-multi-krum-late20-seed42-20261004,19,1,conv1,kurtosis,1.4277804235683949,0
lsa-multi-krum-late20-seed42-20261004,19,1,conv2,mean,7.062278136956969e-05,0
lsa-multi-krum-late20-seed42-20261004,19,1,conv2,std,0.0003465883550685754,0
lsa-multi-krum-late20-seed42-20261004,19,1,conv2,median,1.4360994100570679e-05,0
lsa-multi-krum-late20-seed42-20261004,19,1,conv2,min,-0.002178013324737549,0
lsa-multi-krum-late20-seed42-20261004,19,1,conv2,max,0.0029137730598449707,0
lsa-multi-krum-late20-seed42-20261004,19,1,conv2,l1,0.8203029158976278,0
lsa-multi-krum-late20-seed42-20261004,19,1,conv2,l2,0.02409388599095773,0
lsa-multi-krum-late20-seed42-20261004,19,1,conv2,max_abs,0.0029137730598449707,0
lsa-multi-krum-late20-seed42-20261004,19,1,conv2,sparsity,0.0,0
lsa-multi-krum-late20-seed42-20261004,19,1,conv2,skewness,1.9904016376696412,0
lsa-multi-krum-late20-seed42-20261004,19,1,conv2,kurtosis,14.077284906926696,0
lsa-multi-krum-late20-seed42-20261004,19,1,fc1,mean,-1.075847611783589e-06,0
lsa-multi-krum-late20-seed42-20261004,19,1,fc1,std,0.00018393538275534172,0
lsa-multi-krum-late20-seed42-20261004,19,1,fc1,median,-2.3283064365386963e-09,0
lsa-multi-krum-late20-seed42-20261004,19,1,fc1,min,-0.0027899567503482103,0
lsa-multi-krum-late20-seed42-20261004,19,1,fc1,max,0.0032790396362543106,0
lsa-multi-krum-late20-seed42-20261004,19,1,fc1,l1,9.148479555622544,0
lsa-multi-krum-late20-seed42-20261004,19,1,fc1,l2,0.05828733082629877,0
lsa-multi-krum-late20-seed42-20261004,19,1,fc1,max_abs,0.0032790396362543106,0
lsa-multi-krum-late20-seed42-20261004,19,1,fc1,sparsity,0.08005696303377947,0
lsa-multi-krum-late20-seed42-20261004,19,1,fc1,skewness,0.06647922766277134,0
lsa-multi-krum-late20-seed42-20261004,19,1,fc1,kurtosis,19.53617071043603,0
lsa-multi-krum-late20-seed42-20261004,19,1,output,mean,-2.7536701124448043e-10,0
lsa-multi-krum-late20-seed42-20261004,19,1,output,std,0.0010667013315616358,0
lsa-multi-krum-late20-seed42-20261004,19,1,output,median,-2.3283064365386963e-09,0
lsa-multi-krum-late20-seed42-20261004,19,1,output,min,-0.004378512501716614,0
lsa-multi-krum-late20-seed42-20261004,19,1,output,max,0.003592543303966522,0
lsa-multi-krum-late20-seed42-20261004,19,1,output,l1,0.4868592413258739,0
lsa-multi-krum-late20-seed42-20261004,19,1,output,l2,0.027195654524041848,0
lsa-multi-krum-late20-seed42-20261004,19,1,output,max_abs,0.004378512501716614,0
lsa-multi-krum-late20-seed42-20261004,19,1,output,sparsity,0.07384615384615385,0
lsa-multi-krum-late20-seed42-20261004,19,1,output,skewness,0.21570853963319706,0
lsa-multi-krum-late20-seed42-20261004,19,1,output,kurtosis,1.3794092466754044,0
lsa-multi-krum-late20-seed42-20261004,19,2,conv1,mean,0.000564073341229232,0
lsa-multi-krum-late20-seed42-20261004,19,2,conv1,std,0.0010438726971761221,0
lsa-multi-krum-late20-seed42-20261004,19,2,conv1,median,0.00010240823030471802,0
lsa-multi-krum-late20-seed42-20261004,19,2,conv1,min,-0.0005706846714019775,0
lsa-multi-krum-late20-seed42-20261004,19,2,conv1,max,0.004095524549484253,0
lsa-multi-krum-late20-seed42-20261004,19,2,conv1,l1,0.10959869984071702,0
lsa-multi-krum-late20-seed42-20261004,19,2,conv1,l2,0.015008525269034324,0
lsa-multi-krum-late20-seed42-20261004,19,2,conv1,max_abs,0.004095524549484253,0
lsa-multi-krum-late20-seed42-20261004,19,2,conv1,sparsity,0.0,0
lsa-multi-krum-late20-seed42-20261004,19,2,conv1,skewness,1.768077712936262,0
lsa-multi-krum-late20-seed42-20261004,19,2,conv1,kurtosis,2.456468133893239,0
lsa-multi-krum-late20-seed42-20261004,19,2,conv2,mean,6.551104832334235e-06,0
lsa-multi-krum-late20-seed42-20261004,19,2,conv2,std,0.0003639067588639258,0
lsa-multi-krum-late20-seed42-20261004,19,2,conv2,median,-5.615875124931335e-07,0
lsa-multi-krum-late20-seed42-20261004,19,2,conv2,min,-0.003063298761844635,0
lsa-multi-krum-late20-seed42-20261004,19,2,conv2,max,0.0029096901416778564,0
lsa-multi-krum-late20-seed42-20261004,19,2,conv2,l1,0.8798991982184816,0
lsa-multi-krum-late20-seed42-20261004,19,2,conv2,l2,0.024792451552905468,0
lsa-multi-krum-late20-seed42-20261004,19,2,conv2,max_abs,0.003063298761844635,0
lsa-multi-krum-late20-seed42-20261004,19,2,conv2,sparsity,0.0,0
lsa-multi-krum-late20-seed42-20261004,19,2,conv2,skewness,-0.1586360220984127,0
lsa-multi-krum-late20-seed42-20261004,19,2,conv2,kurtosis,15.239770968464452,0
lsa-multi-krum-late20-seed42-20261004,19,2,fc1,mean,-6.227702751289778e-06,0
lsa-multi-krum-late20-seed42-20261004,19,2,fc1,std,0.0003733383178603653,0
lsa-multi-krum-late20-seed42-20261004,19,2,fc1,median,0.0,0
lsa-multi-krum-late20-seed42-20261004,19,2,fc1,min,-0.006580539047718048,0
lsa-multi-krum-late20-seed42-20261004,19,2,fc1,max,0.006781652569770813,0
lsa-multi-krum-late20-seed42-20261004,19,2,fc1,l1,16.859725269742512,0
lsa-multi-krum-late20-seed42-20261004,19,2,fc1,l2,0.11832171070654841,0
lsa-multi-krum-late20-seed42-20261004,19,2,fc1,max_abs,0.006781652569770813,0
lsa-multi-krum-late20-seed42-20261004,19,2,fc1,sparsity,0.0914993626513703,0
lsa-multi-krum-late20-seed42-20261004,19,2,fc1,skewness,-0.7817974168485331,0
lsa-multi-krum-late20-seed42-20261004,19,2,fc1,kurtosis,29.087087646888243,0
lsa-multi-krum-late20-seed42-20261004,19,2,output,mean,7.20879492851404e-12,0
lsa-multi-krum-late20-seed42-20261004,19,2,output,std,0.0021208600069145657,0
lsa-multi-krum-late20-seed42-20261004,19,2,output,median,-8.161179721355438e-06,0
lsa-multi-krum-late20-seed42-20261004,19,2,output,min,-0.007092699408531189,0
lsa-multi-krum-late20-seed42-20261004,19,2,output,max,0.00933869183063507,0
lsa-multi-krum-late20-seed42-20261004,19,2,output,l1,0.9263503502297681,0
lsa-multi-krum-late20-seed42-20261004,19,2,output,l2,0.05407153280427949,0
lsa-multi-krum-late20-seed42-20261004,19,2,output,max_abs,0.00933869183063507,0
lsa-multi-krum-late20-seed42-20261004,19,2,output,sparsity,0.08153846153846153,0
lsa-multi-krum-late20-seed42-20261004,19,2,output,skewness,0.7747947147798127,0
lsa-multi-krum-late20-seed42-20261004,19,2,output,kurtosis,2.1356509273206647,0
lsa-multi-krum-late20-seed42-20261004,19,3,conv1,mean,0.0007880634453613311,0
lsa-multi-krum-late20-seed42-20261004,19,3,conv1,std,0.0012502684839841305,0
lsa-multi-krum-late20-seed42-20261004,19,3,conv1,median,0.00016443803906440735,0
lsa-multi-krum-late20-seed42-20261004,19,3,conv1,min,-0.0004681795835494995,0
lsa-multi-krum-late20-seed42-20261004,19,3,conv1,max,0.005028486251831055,0
lsa-multi-krum-late20-seed42-20261004,19,3,conv1,l1,0.1374620320275426,0
lsa-multi-krum-late20-seed42-20261004,19,3,conv1,l2,0.018694235586228167,0
lsa-multi-krum-late20-seed42-20261004,19,3,conv1,max_abs,0.005028486251831055,0
lsa-multi-krum-late20-seed42-20261004,19,3,conv1,sparsity,0.0,0
lsa-multi-krum-late20-seed42-20261004,19,3,conv1,skewness,1.5748662171754455,0
lsa-multi-krum-late20-seed42-20261004,19,3,conv1,kurtosis,1.5639680270583236,0
lsa-multi-krum-late20-seed42-20261004,19,3,conv2,mean,6.137878360497215e-05,0
lsa-multi-krum-late20-seed42-20261004,19,3,conv2,std,0.0003450089656402907,0
lsa-multi-krum-late20-seed42-20261004,19,3,conv2,median,5.14474231749773e-06,0
lsa-multi-krum-late20-seed42-20261004,19,3,conv2,min,-0.00219658762216568,0
lsa-multi-krum-late20-seed42-20261004,19,3,conv2,max,0.003116235136985779,0
lsa-multi-krum-late20-seed42-20261004,19,3,conv2,l1,0.8129715733084595,0
lsa-multi-krum-late20-seed42-20261004,19,3,conv2,l2,0.02387017453483328,0
lsa-multi-krum-late20-seed42-20261004,19,3,conv2,max_abs,0.003116235136985779,0
lsa-multi-krum-late20-seed42-20261004,19,3,conv2,sparsity,0.0,0
lsa-multi-krum-late20-seed42-20261004,19,3,conv2,skewness,1.8732020966079166,0
lsa-multi-krum-late20-seed42-20261004,19,3,conv2,kurtosis,13.620555906692488,0
lsa-multi-krum-late20-seed42-20261004,19,3,fc1,mean,-7.24879323311809e-06,0
lsa-multi-krum-late20-seed42-20261004,19,3,fc1,std,0.00018453956407124317,0
lsa-multi-krum-late20-seed42-20261004,19,3,fc1,median,-2.1420419216156006e-08,0
lsa-multi-krum-late20-seed42-20261004,19,3,fc1,min,-0.003620615229010582,0
lsa-multi-krum-late20-seed42-20261004,19,3,fc1,max,0.0026879534125328064,0
lsa-multi-krum-late20-seed42-20261004,19,3,fc1,l1,8.987865318469403,0
lsa-multi-krum-late20-seed42-20261004,19,3,fc1,l2,0.058522886529201956,0
lsa-multi-krum-late20-seed42-20261004,19,3,fc1,max_abs,0.003620615229010582,0
lsa-multi-krum-late20-seed42-20261004,19,3,fc1,sparsity,0.10365877947737412,0
lsa-multi-krum-late20-seed42-20261004,19,3,fc1,skewness,-0.49556801929585803,0
lsa-multi-krum-late20-seed42-20261004,19,3,fc1,kurtosis,24.047229340017097,0
lsa-multi-krum-late20-seed42-20261004,19,3,output,mean,-1.3342986886317914e-11,0
lsa-multi-krum-late20-seed42-20261004,19,3,output,std,0.0011217938257021384,0
lsa-multi-krum-late20-seed42-20261004,19,3,output,median,0.0,0
lsa-multi-krum-late20-seed42-20261004,19,3,output,min,-0.004101850092411041,0
lsa-multi-krum-late20-seed42-20261004,19,3,output,max,0.005166018381714821,0
lsa-multi-krum-late20-seed42-20261004,19,3,output,l1,0.5042892924393527,0
lsa-multi-krum-late20-seed42-20261004,19,3,output,l2,0.028600243037415537,0
lsa-multi-krum-late20-seed42-20261004,19,3,output,max_abs,0.005166018381714821,0
lsa-multi-krum-late20-seed42-20261004,19,3,output,sparsity,0.09384615384615384,0
lsa-multi-krum-late20-seed42-20261004,19,3,output,skewness,0.1619820112051025,0
lsa-multi-krum-late20-seed42-20261004,19,3,output,kurtosis,1.8076322847721178,0
lsa-multi-krum-late20-seed42-20261004,19,4,conv1,mean,0.0007562749051430728,0
lsa-multi-krum-late20-seed42-20261004,19,4,conv1,std,0.001274556280801121,0
lsa-multi-krum-late20-seed42-20261004,19,4,conv1,median,0.00013869255781173706,0
lsa-multi-krum-late20-seed42-20261004,19,4,conv1,min,-0.0006827712059020996,0
lsa-multi-krum-late20-seed42-20261004,19,4,conv1,max,0.005288928747177124,0
lsa-multi-krum-late20-seed42-20261004,19,4,conv1,l1,0.13587451970670372,0
lsa-multi-krum-late20-seed42-20261004,19,4,conv1,l2,0.018746500239047285,0
lsa-multi-krum-late20-seed42-20261004,19,4,conv1,max_abs,0.005288928747177124,0
lsa-multi-krum-late20-seed42-20261004,19,4,conv1,sparsity,0.0,0
lsa-multi-krum-late20-seed42-20261004,19,4,conv1,skewness,1.6323882627237931,0
lsa-multi-krum-late20-seed42-20261004,19,4,conv1,kurtosis,1.7709611789482986,0
lsa-multi-krum-late20-seed42-20261004,19,4,conv2,mean,1.8831212188897868e-05,0
lsa-multi-krum-late20-seed42-20261004,19,4,conv2,std,0.00038944360619941765,0
lsa-multi-krum-late20-seed42-20261004,19,4,conv2,median,-3.2284297049045563e-06,0
lsa-multi-krum-late20-seed42-20261004,19,4,conv2,min,-0.002648361027240753,0
lsa-multi-krum-late20-seed42-20261004,19,4,conv2,max,0.004177987575531006,0
lsa-multi-krum-late20-seed42-20261004,19,4,conv2,l1,0.9010872927810851,0
lsa-multi-krum-late20-seed42-20261004,19,4,conv2,l2,0.026558937243500395,0
lsa-multi-krum-late20-seed42-20261004,19,4,conv2,max_abs,0.004177987575531006,0
lsa-multi-krum-late20-seed42-20261004,19,4,conv2,sparsity,0.00021551724137931034,0
lsa-multi-krum-late20-seed42-20261004,19,4,conv2,skewness,2.1065398735497145,0
lsa-multi-krum-late20-seed42-20261004,19,4,conv2,kurtosis,21.570482237424812,0
lsa-multi-krum-late20-seed42-20261004,19,4,fc1,mean,-5.595174037357374e-06,0
lsa-multi-krum-late20-seed42-20261004,19,4,fc1,std,0.00034259788326963906,0
lsa-multi-krum-late20-seed42-20261004,19,4,fc1,median,0.0,0
lsa-multi-krum-late20-seed42-20261004,19,4,fc1,min,-0.005134917329996824,0
lsa-multi-krum-late20-seed42-20261004,19,4,fc1,max,0.005935199558734894,0
lsa-multi-krum-late20-seed42-20261004,19,4,fc1,l1,15.327803773214782,0
lsa-multi-krum-late20-seed42-20261004,19,4,fc1,l2,0.10857855165464948,0
lsa-multi-krum-late20-seed42-20261004,19,4,fc1,max_abs,0.005935199558734894,0
lsa-multi-krum-late20-seed42-20261004,19,4,fc1,sparsity,0.10146789356277884,0
lsa-multi-krum-late20-seed42-20261004,19,4,fc1,skewness,0.2482049747623961,0
lsa-multi-krum-late20-seed42-20261004,19,4,fc1,kurtosis,33.26285825090564,0
lsa-multi-krum-late20-seed42-20261004,19,4,output,mean,-7.781916512892796e-11,0
lsa-multi-krum-late20-seed42-20261004,19,4,output,std,0.002148902521447077,0
lsa-multi-krum-late20-seed42-20261004,19,4,output,median,-8.009374141693115e-08,0
lsa-multi-krum-late20-seed42-20261004,19,4,output,min,-0.007091699168086052,0
lsa-multi-krum-late20-seed42-20261004,19,4,output,max,0.007681176066398621,0
lsa-multi-krum-late20-seed42-20261004,19,4,output,l1,0.9817222352721728,0
lsa-multi-krum-late20-seed42-20261004,19,4,output,l2,0.05478647944833696,0
lsa-multi-krum-late20-seed42-20261004,19,4,output,max_abs,0.007681176066398621,0
lsa-multi-krum-late20-seed42-20261004,19,4,output,sparsity,0.08307692307692308,0
lsa-multi-krum-late20-seed42-20261004,19,4,output,skewness,0.2525101120460676,0
lsa-multi-krum-late20-seed42-20261004,19,4,output,kurtosis,1.2933486919688848,0
lsa-multi-krum-late20-seed42-20261004,20,0,conv1,mean,0.0006494769579148852,1
lsa-multi-krum-late20-seed42-20261004,20,0,conv1,std,0.0010826274983800398,1
lsa-multi-krum-late20-seed42-20261004,20,0,conv1,median,0.0001247897744178772,1
lsa-multi-krum-late20-seed42-20261004,20,0,conv1,min,-0.00040675699710845947,1
lsa-multi-krum-late20-seed42-20261004,20,0,conv1,max,0.004481583833694458,1
lsa-multi-krum-late20-seed42-20261004,20,0,conv1,l1,0.11645708628930151,1
lsa-multi-krum-late20-seed42-20261004,20,0,conv1,l2,0.01596948399472442,1
lsa-multi-krum-late20-seed42-20261004,20,0,conv1,max_abs,0.004481583833694458,1
lsa-multi-krum-late20-seed42-20261004,20,0,conv1,sparsity,0.0,1
lsa-multi-krum-late20-seed42-20261004,20,0,conv1,skewness,1.6234919660338383,1
lsa-multi-krum-late20-seed42-20261004,20,0,conv1,kurtosis,1.7442209594100433,1
lsa-multi-krum-late20-seed42-20261004,20,0,conv2,mean,2.8917269306193388e-05,1
lsa-multi-krum-late20-seed42-20261004,20,0,conv2,std,0.00030374570268168905,1
lsa-multi-krum-late20-seed42-20261004,20,0,conv2,median,3.824010491371155e-06,1
lsa-multi-krum-late20-seed42-20261004,20,0,conv2,min,-0.00243474543094635,1
lsa-multi-krum-late20-seed42-20261004,20,0,conv2,max,0.0026168376207351685,1
lsa-multi-krum-late20-seed42-20261004,20,0,conv2,l1,0.7116548504018283,1
lsa-multi-krum-late20-seed42-20261004,20,0,conv2,l2,0.020783963627719823,1
lsa-multi-krum-late20-seed42-20261004,20,0,conv2,max_abs,0.0026168376207351685,1
lsa-multi-krum-late20-seed42-20261004,20,0,conv2,sparsity,0.00021551724137931034,1
lsa-multi-krum-late20-seed42-20261004,20,0,conv2,skewness,0.9384270883450798,1
lsa-multi-krum-late20-seed42-20261004,20,0,conv2,kurtosis,15.7137035487751,1
lsa-multi-krum-late20-seed42-20261004,20,0,fc1,mean,-0.0001545697000571897,1
lsa-multi-krum-late20-seed42-20261004,20,0,fc1,std,0.0010251765667800004,1
lsa-multi-krum-late20-seed42-20261004,20,0,fc1,median,-7.972586899995804e-06,1
lsa-multi-krum-late20-seed42-20261004,20,0,fc1,min,-0.020790543407201767,1
lsa-multi-krum-late20-seed42-20261004,20,0,fc1,max,0.01588316075503826,1
lsa-multi-krum-late20-seed42-20261004,20,0,fc1,l1,41.546130200807056,1
lsa-multi-krum-late20-seed42-20261004,20,0,fc1,l2,0.3285346680332595,1
lsa-multi-krum-late20-seed42-20261004,20,0,fc1,max_abs,0.020790543407201767,1
lsa-multi-krum-late20-seed42-20261004,20,0,fc1,sparsity,0.0905532982791587,1
lsa-multi-krum-late20-seed42-20261004,20,0,fc1,skewness,-2.186392809215985,1
lsa-multi-krum-late20-seed42-20261004,20,0,fc1,kurtosis,47.98607857638098,1
lsa-multi-krum-late20-seed42-20261004,20,0,output,mean,-4.203936371665734e-10,1
lsa-multi-krum-late20-seed42-20261004,20,0,output,std,0.006336537408846097,1
lsa-multi-krum-late20-seed42-20261004,20,0,output,median,-0.00025476235896348953,1
lsa-multi-krum-late20-seed42-20261004,20,0,output,min,-0.012795940041542053,1
lsa-multi-krum-late20-seed42-20261004,20,0,output,max,0.051964808255434036,1
lsa-multi-krum-late20-seed42-20261004,20,0,output,l1,2.069701052358141,1
lsa-multi-krum-late20-seed42-20261004,20,0,output,l2,0.16155063948158493,1
lsa-multi-krum-late20-seed42-20261004,20,0,output,max_abs,0.051964808255434036,1
lsa-multi-krum-late20-seed42-20261004,20,0,output,sparsity,0.07538461538461538,1
lsa-multi-krum-late20-seed42-20261004,20,0,output,skewness,3.3170463459219777,1
lsa-multi-krum-late20-seed42-20261004,20,0,output,kurtosis,16.363168766717752,1
lsa-multi-krum-late20-seed42-20261004,20,1,conv1,mean,0.0007422372756991536,0
lsa-multi-krum-late20-seed42-20261004,20,1,conv1,std,0.0012270155104902643,0
lsa-multi-krum-late20-seed42-20261004,20,1,conv1,median,0.00013300776481628418,0
lsa-multi-krum-late20-seed42-20261004,20,1,conv1,min,-0.0004378408193588257,0
lsa-multi-krum-late20-seed42-20261004,20,1,conv1,max,0.005045384168624878,0
lsa-multi-krum-late20-seed42-20261004,20,1,conv1,l1,0.13281324878335,0
lsa-multi-krum-late20-seed42-20261004,20,1,conv1,l2,0.018139385817258467,0
lsa-multi-krum-late20-seed42-20261004,20,1,conv1,max_abs,0.005045384168624878,0
lsa-multi-krum-late20-seed42-20261004,20,1,conv1,sparsity,0.0,0
lsa-multi-krum-late20-seed42-20261004,20,1,conv1,skewness,1.575693703062757,0
lsa-multi-krum-late20-seed42-20261004,20,1,conv1,kurtosis,1.5385192141877404,0
lsa-multi-krum-late20-seed42-20261004,20,1,conv2,mean,6.222429415331512e-05,0
lsa-multi-krum-late20-seed42-20261004,20,1,conv2,std,0.00031956514128042183,0
lsa-multi-krum-late20-seed42-20261004,20,1,conv2,median,1.5052035450935364e-05,0
lsa-multi-krum-late20-seed42-20261004,20,1,conv2,min,-0.002074025571346283,0
lsa-multi-krum-late20-seed42-20261004,20,1,conv2,max,0.0027413517236709595,0
lsa-multi-krum-late20-seed42-20261004,20,1,conv2,l1,0.7643748213304207,0
lsa-multi-krum-late20-seed42-20261004,20,1,conv2,l2,0.02217681140950312,0
lsa-multi-krum-late20-seed42-20261004,20,1,conv2,max_abs,0.0027413517236709595,0
lsa-multi-krum-late20-seed42-20261004,20,1,conv2,sparsity,0.0,0
lsa-multi-krum-late20-seed42-20261004,20,1,conv2,skewness,1.713168407933306,0
lsa-multi-krum-late20-seed42-20261004,20,1,conv2,kurtosis,13.366619970262278,0
lsa-multi-krum-late20-seed42-20261004,20,1,fc1,mean,-1.7732545786815604e-07,0
lsa-multi-krum-late20-seed42-20261004,20,1,fc1,std,0.00017637686786189038,0
lsa-multi-krum-late20-seed42-20261004,20,1,fc1,median,0.0,0
lsa-multi-krum-late20-seed42-20261004,20,1,fc1,min,-0.0024596673902124166,0
lsa-multi-krum-late20-seed42-20261004,20,1,fc1,max,0.0032018478959798813,0
lsa-multi-krum-late20-seed42-20261004,20,1,fc1,l1,8.7785176816908,0
lsa-multi-krum-late20-seed42-20261004,20,1,fc1,l2,0.05589118329207826,0
lsa-multi-krum-late20-seed42-20261004,20,1,fc1,max_abs,0.0032018478959798813,0
lsa-multi-krum-late20-seed42-20261004,20,1,fc1,sparsity,0.09072259400892288,0
lsa-multi-krum-late20-seed42-20261004,20,1,fc1,skewness,0.1419678856640037,0
lsa-multi-krum-late20-seed42-20261004,20,1,fc1,kurtosis,19.43526102554747,0
lsa-multi-krum-late20-seed42-20261004,20,1,output,mean,-1.970105446301974e-11,0
lsa-multi-krum-late20-seed42-20261004,20,1,output,std,0.0009988147697362292,0
lsa-multi-krum-late20-seed42-20261004,20,1,output,median,-1.862645149230957e-09,0
lsa-multi-krum-late20-seed42-20261004,20,1,output,min,-0.003849595785140991,0
lsa-multi-krum-late20-seed42-20261004,20,1,output,max,0.0034305453300476074,0
lsa-multi-krum-late20-seed42-20261004,20,1,output,l1,0.4555457718670368,0
lsa-multi-krum-late20-seed42-20261004,20,1,output,l2,0.02546488000674859,0
lsa-multi-krum-late20-seed42-20261004,20,1,output,max_abs,0.003849595785140991,0
lsa-multi-krum-late20-seed42-20261004,20,1,output,sparsity,0.08461538461538462,0
lsa-multi-krum-late20-seed42-20261004,20,1,output,skewness,0.23007586370534236,0
lsa-multi-krum-late20-seed42-20261004,20,1,output,kurtosis,1.4250831035760543,0
lsa-multi-krum-late20-seed42-20261004,20,2,conv1,mean,0.0004713795206043869,0
lsa-multi-krum-late20-seed42-20261004,20,2,conv1,std,0.0009047075762924617,0
lsa-multi-krum-late20-seed42-20261004,20,2,conv1,median,7.817894220352173e-05,0
lsa-multi-krum-late20-seed42-20261004,20,2,conv1,min,-0.0005635470151901245,0
lsa-multi-krum-late20-seed42-20261004,20,2,conv1,max,0.0035283267498016357,0
lsa-multi-krum-late20-seed42-20261004,20,2,conv1,l1,0.09404805023223162,0
lsa-multi-krum-late20-seed42-20261004,20,2,conv1,l2,0.012903918481120082,0
lsa-multi-krum-late20-seed42-20261004,20,2,conv1,max_abs,0.0035283267498016357,0
lsa-multi-krum-late20-seed42-20261004,20,2,conv1,sparsity,0.0,0
lsa-multi-krum-late20-seed42-20261004,20,2,conv1,skewness,1.834453096725538,0
lsa-multi-krum-late20-seed42-20261004,20,2,conv1,kurtosis,2.82668824263534,0
lsa-multi-krum-late20-seed42-20261004,20,2,conv2,mean,-7.518179711104463e-06,0
lsa-multi-krum-late20-seed42-20261004,20,2,conv2,std,0.00034425522854827456,0
lsa-multi-krum-late20-seed42-20261004,20,2,conv2,median,-3.069639205932617e-06,0
lsa-multi-krum-late20-seed42-20261004,20,2,conv2,min,-0.003044821321964264,0
lsa-multi-krum-late20-seed42-20261004,20,2,conv2,max,0.0026570260524749756,0
lsa-multi-krum-late20-seed42-20261004,20,2,conv2,l1,0.8373886296685669,0
lsa-multi-krum-late20-seed42-20261004,20,2,conv2,l2,0.023455412601310777,0
lsa-multi-krum-late20-seed42-20261004,20,2,conv2,max_abs,0.003044821321964264,0
lsa-multi-krum-late20-seed42-20261004,20,2,conv2,sparsity,0.0,0
lsa-multi-krum-late20-seed42-20261004,20,2,conv2,skewness,-0.7195792540801863,0
lsa-multi-krum-late20-seed42-20261004,20,2,conv2,kurtosis,15.70560948956517,0
lsa-multi-krum-late20-seed42-20261004,20,2,fc1,mean,-8.575959026262067e-06,0
lsa-multi-krum-late20-seed42-20261004,20,2,fc1,std,0.0003707458816079471,0
lsa-multi-krum-late20-seed42-20261004,20,2,fc1,median,0.0,0
lsa-multi-krum-late20-seed42-20261004,20,2,fc1,min,-0.006444603204727173,0
lsa-multi-krum-late20-seed42-20261004,20,2,fc1,max,0.0067424774169921875,0
lsa-multi-krum-late20-seed42-20261004,20,2,fc1,l1,16.684347990312517,0
lsa-multi-krum-late20-seed42-20261004,20,2,fc1,l2,0.1175151752730737,0
lsa-multi-krum-late20-seed42-20261004,20,2,fc1,max_abs,0.0067424774169921875,0
lsa-multi-krum-late20-seed42-20261004,20,2,fc1,sparsity,0.09156907265774379,0
lsa-multi-krum-late20-seed42-20261004,20,2,fc1,skewness,-0.8525051297501512,0
lsa-multi-krum-late20-seed42-20261004,20,2,fc1,kurtosis,28.684943639831815,0
lsa-multi-krum-late20-seed42-20261004,20,2,output,mean,2.7491926000668453e-11,0
lsa-multi-krum-late20-seed42-20261004,20,2,output,std,0.002080921813690661,0
lsa-multi-krum-late20-seed42-20261004,20,2,output,median,-1.0084360837936401e-05,0
lsa-multi-krum-late20-seed42-20261004,20,2,output,min,-0.00675298273563385,0
lsa-multi-krum-late20-seed42-20261004,20,2,output,max,0.009006217122077942,0
lsa-multi-krum-late20-seed42-20261004,20,2,output,l1,0.9138910621986724,0
lsa-multi-krum-late20-seed42-20261004,20,2,output,l2,0.05305330467134786,0
lsa-multi-krum-late20-seed42-20261004,20,2,output,max_abs,0.009006217122077942,0
lsa-multi-krum-late20-seed42-20261004,20,2,output,sparsity,0.0876923076923077,0
lsa-multi-krum-late20-seed42-20261004,20,2,output,skewness,0.7768197723610385,0
lsa-multi-krum-late20-seed42-20261004,20,2,output,kurtosis,1.9989779112995425,0
lsa-multi-krum-late20-seed42-20261004,20,3,conv1,mean,0.0007161820649344008,0
lsa-multi-krum-late20-seed42-20261004,20,3,conv1,std,0.001133206944528098,0
lsa-multi-krum-late20-seed42-20261004,20,3,conv1,median,0.00015676673501729965,0
lsa-multi-krum-late20-seed42-20261004,20,3,conv1,min,-0.00041615962982177734,0
lsa-multi-krum-late20-seed42-20261004,20,3,conv1,max,0.0045816004276275635,0
lsa-multi-krum-late20-seed42-20261004,20,3,conv1,l1,0.12497620296198875,0
lsa-multi-krum-late20-seed42-20261004,20,3,conv1,l2,0.016956767282759577,0
lsa-multi-krum-late20-seed42-20261004,20,3,conv1,max_abs,0.0045816004276275635,0
lsa-multi-krum-late20-seed42-20261004,20,3,conv1,sparsity,0.0,0
lsa-multi-krum-late20-seed42-20261004,20,3,conv1,skewness,1.5908098616154627,0
lsa-multi-krum-late20-seed42-20261004,20,3,conv1,kurtosis,1.6710941311377354,0
lsa-multi-krum-late20-seed42-20261004,20,3,conv2,mean,5.2498155791281844e-05,0
lsa-multi-krum-late20-seed42-20261004,20,3,conv2,std,0.00031974590301912163,0
lsa-multi-krum-late20-seed42-20261004,20,3,conv2,median,4.652887582778931e-06,0
lsa-multi-krum-late20-seed42-20261004,20,3,conv2,min,-0.002098381519317627,0
lsa-multi-krum-late20-seed42-20261004,20,3,conv2,max,0.002822980284690857,0
lsa-multi-krum-late20-seed42-20261004,20,3,conv2,l1,0.7571325757089653,0
lsa-multi-krum-late20-seed42-20261004,20,3,conv2,l2,0.022071924127854293,0
lsa-multi-krum-late20-seed42-20261004,20,3,conv2,max_abs,0.002822980284690857,0
lsa-multi-krum-late20-seed42-20261004,20,3,conv2,sparsity,0.0,0
lsa-multi-krum-late20-seed42-20261004,20,3,conv2,skewness,1.6633833118804509,0
lsa-multi-krum-late20-seed42-20261004,20,3,conv2,kurtosis,13.269159070572037,0
lsa-multi-krum-late20-seed42-20261004,20,3,fc1,mean,-6.1596205110361385e-06,0
lsa-multi-krum-late20-seed42-20261004,20,3,fc1,std,0.0001771498512428328,0
lsa-multi-krum-late20-seed42-20261004,20,3,fc1,median,-1.210719347000122e-08,0
lsa-multi-krum-late20-seed42-20261004,20,3,fc1,min,-0.0035030776634812355,0
lsa-multi-krum-late20-seed42-20261004,20,3,fc1,max,0.0026457644999027252,0
lsa-multi-krum-late20-seed42-20261004,20,3,fc1,l1,8.626249210028618,0
lsa-multi-krum-late20-seed42-20261004,20,3,fc1,l2,0.05617002578314682,0
lsa-multi-krum-late20-seed42-20261004,20,3,fc1,max_abs,0.0035030776634812355,0
lsa-multi-krum-late20-seed42-20261004,20,3,fc1,sparsity,0.10364882090503505,0
lsa-multi-krum-late20-seed42-20261004,20,3,fc1,skewness,-0.4568014261883811,0
lsa-multi-krum-late20-seed42-20261004,20,3,fc1,kurtosis,24.2515814551801,0
lsa-multi-krum-late20-seed42-20261004,20,3,output,mean,-2.2521887261133928e-11,0
lsa-multi-krum-late20-seed42-20261004,20,3,output,std,0.0010749819539655648,0
lsa-multi-krum-late20-seed42-20261004,20,3,output,median,0.0,0
lsa-multi-krum-late20-seed42-20261004,20,3,output,min,-0.003914147615432739,0
lsa-multi-krum-late20-seed42-20261004,20,3,output,max,0.004857663065195084,0
lsa-multi-krum-late20-seed42-20261004,20,3,output,l1,0.4850784311129246,0
lsa-multi-krum-late20-seed42-20261004,20,3,output,l2,0.027406769800152584,0
lsa-multi-krum-late20-seed42-20261004,20,3,output,max_abs,0.004857663065195084,0
lsa-multi-krum-late20-seed42-20261004,20,3,output,sparsity,0.09846153846153846,0
lsa-multi-krum-late20-seed42-20261004,20,3,output,skewness,0.15498359631575326,0
lsa-multi-krum-late20-seed42-20261004,20,3,output,kurtosis,1.6744538017711799,0
lsa-multi-krum-late20-seed42-20261004,20,4,conv1,mean,0.0006681082617433276,0
lsa-multi-krum-late20-seed42-20261004,20,4,conv1,std,0.0011418467845004828,0
lsa-multi-krum-late20-seed42-20261004,20,4,conv1,median,0.00010562688112258911,0
lsa-multi-krum-late20-seed42-20261004,20,4,conv1,min,-0.0006448924541473389,0
lsa-multi-krum-late20-seed42-20261004,20,4,conv1,max,0.004771023988723755,0
lsa-multi-krum-late20-seed42-20261004,20,4,conv1,l1,0.12155614292714745,0
lsa-multi-krum-late20-seed42-20261004,20,4,conv1,l2,0.016734074118080308,0
lsa-multi-krum-late20-seed42-20261004,20,4,conv1,max_abs,0.004771023988723755,0
lsa-multi-krum-late20-seed42-20261004,20,4,conv1,sparsity,0.0,0
lsa-multi-krum-late20-seed42-20261004,20,4,conv1,skewness,1.656190473397515,0
lsa-multi-krum-late20-seed42-20261004,20,4,conv1,kurtosis,1.9098335241735453,0
lsa-multi-krum-late20-seed42-20261004,20,4,conv2,mean,8.464831842831763e-06,0
lsa-multi-krum-late20-seed42-20261004,20,4,conv2,std,0.00036703323819584885,0
lsa-multi-krum-late20-seed42-20261004,20,4,conv2,median,-6.5676867961883545e-06,0
lsa-multi-krum-late20-seed42-20261004,20,4,conv2,min,-0.002602294087409973,0
lsa-multi-krum-late20-seed42-20261004,20,4,conv2,max,0.004007965326309204,0
lsa-multi-krum-late20-seed42-20261004,20,4,conv2,l1,0.8520623764798074,0
lsa-multi-krum-late20-seed42-20261004,20,4,conv2,l2,0.02500805146584943,0
lsa-multi-krum-late20-seed42-20261004,20,4,conv2,max_abs,0.004007965326309204,0
lsa-multi-krum-late20-seed42-20261004,20,4,conv2,sparsity,0.0,0
lsa-multi-krum-late20-seed42-20261004,20,4,conv2,skewness,1.8469112513466148,0
lsa-multi-krum-late20-seed42-20261004,20,4,conv2,kurtosis,20.962450871126382,0
lsa-multi-krum-late20-seed42-20261004,20,4,fc1,mean,-4.681167212661293e-06,0
lsa-multi-krum-late20-seed42-20261004,20,4,fc1,std,0.00033833299255421894,0
lsa-multi-krum-late20-seed42-20261004,20,4,fc1,median,0.0,0
lsa-multi-krum-late20-seed42-20261004,20,4,fc1,min,-0.005081323906779289,0
lsa-multi-krum-late20-seed42-20261004,20,4,fc1,max,0.005851756781339645,0
lsa-multi-krum-late20-seed42-20261004,20,4,fc1,l1,15.153894679258656,0
lsa-multi-krum-late20-seed42-20261004,20,4,fc1,l2,0.10722285682923349,0
lsa-multi-krum-late20-seed42-20261004,20,4,fc1,max_abs,0.005851756781339645,0
lsa-multi-krum-late20-seed42-20261004,20,4,fc1,sparsity,0.10151768642447419,0
lsa-multi-krum-late20-seed42-20261004,20,4,fc1,skewness,0.27724395123314644,0
lsa-multi-krum-late20-seed42-20261004,20,4,fc1,kurtosis,32.6234584366468,0
lsa-multi-krum-late20-seed42-20261004,20,4,output,mean,5.964941989917022e-10,0
lsa-multi-krum-late20-seed42-20261004,20,4,output,std,0.0020892196696307374,0
lsa-multi-krum-late20-seed42-20261004,20,4,output,median,-1.0058283805847168e-07,0
lsa-multi-krum-late20-seed42-20261004,20,4,output,min,-0.006827346980571747,0
lsa-multi-krum-late20-seed42-20261004,20,4,output,max,0.007608033716678619,0
lsa-multi-krum-late20-seed42-20261004,20,4,output,l1,0.957081574422773,0
lsa-multi-krum-late20-seed42-20261004,20,4,output,l2,0.05326485931814718,0
lsa-multi-krum-late20-seed42-20261004,20,4,output,max_abs,0.007608033716678619,0
lsa-multi-krum-late20-seed42-20261004,20,4,output,sparsity,0.08615384615384615,0
lsa-multi-krum-late20-seed42-20261004,20,4,output,skewness,0.2904604008880113,0
lsa-multi-krum-late20-seed42-20261004,20,4,output,kurtosis,1.3195806082208712,0
