experiment_id,round,client_id,layer_name,feature_name,feature_value,ground_truth
lsa-inspired-late-mnist-20-20261004,1,0,conv1,mean,4.151941757299937e-05,0
lsa-inspired-late-mnist-20-20261004,1,0,conv1,std,0.00027914022261447166,0
lsa-inspired-late-mnist-20-20261004,1,0,conv1,median,4.201754927635193e-05,0
lsa-inspired-late-mnist-20-20261004,1,0,conv1,min,-0.0008986219763755798,0
lsa-inspired-late-mnist-20-20261004,1,0,conv1,max,0.0006838142871856689,0
lsa-inspired-late-mnist-20-20261004,1,0,conv1,l1,0.0360428603598848,0
lsa-inspired-late-mnist-20-20261004,1,0,conv1,l2,0.003569719897512585,0
lsa-inspired-late-mnist-20-20261004,1,0,conv1,max_abs,0.0008986219763755798,0
lsa-inspired-late-mnist-20-20261004,1,0,conv1,sparsity,0.0,0
lsa-inspired-late-mnist-20-20261004,1,0,conv1,skewness,-0.23052493097823007,0
lsa-inspired-late-mnist-20-20261004,1,0,conv1,kurtosis,0.02722703391171155,0
lsa-inspired-late-mnist-20-20261004,1,0,conv2,mean,-1.3647540874350445e-05,0
lsa-inspired-late-mnist-20-20261004,1,0,conv2,std,0.0002643862209839288,0
lsa-inspired-late-mnist-20-20261004,1,0,conv2,median,-3.3295946195721626e-06,0
lsa-inspired-late-mnist-20-20261004,1,0,conv2,min,-0.0018937662243843079,0
lsa-inspired-late-mnist-20-20261004,1,0,conv2,max,0.001486453227698803,0
lsa-inspired-late-mnist-20-20261004,1,0,conv2,l1,0.7745902568822203,0
lsa-inspired-late-mnist-20-20261004,1,0,conv2,l2,0.018033318262923512,0
lsa-inspired-late-mnist-20-20261004,1,0,conv2,max_abs,0.0018937662243843079,0
lsa-inspired-late-mnist-20-20261004,1,0,conv2,sparsity,0.0,0
lsa-inspired-late-mnist-20-20261004,1,0,conv2,skewness,-0.057841841301949706,0
lsa-inspired-late-mnist-20-20261004,1,0,conv2,kurtosis,6.19883485982222,0
lsa-inspired-late-mnist-20-20261004,1,0,fc1,mean,7.213677504298892e-07,0
lsa-inspired-late-mnist-20-20261004,1,0,fc1,std,0.00021164001470348154,0
lsa-inspired-late-mnist-20-20261004,1,0,fc1,median,0.0,0
lsa-inspired-late-mnist-20-20261004,1,0,fc1,min,-0.0033375322818756104,0
lsa-inspired-late-mnist-20-20261004,1,0,fc1,max,0.003186635673046112,0
lsa-inspired-late-mnist-20-20261004,1,0,fc1,l1,10.554920883585055,0
lsa-inspired-late-mnist-20-20261004,1,0,fc1,l2,0.0670659011588549,0
lsa-inspired-late-mnist-20-20261004,1,0,fc1,max_abs,0.0033375322818756104,0
lsa-inspired-late-mnist-20-20261004,1,0,fc1,sparsity,0.07050669216061185,0
lsa-inspired-late-mnist-20-20261004,1,0,fc1,skewness,-0.04178242982455223,0
lsa-inspired-late-mnist-20-20261004,1,0,fc1,kurtosis,23.609287214253502,0
lsa-inspired-late-mnist-20-20261004,1,0,output,mean,-1.1372881440015939e-10,0
lsa-inspired-late-mnist-20-20261004,1,0,output,std,0.0005533890100076923,0
lsa-inspired-late-mnist-20-20261004,1,0,output,median,-1.4808028936386108e-05,0
lsa-inspired-late-mnist-20-20261004,1,0,output,min,-0.004226048476994038,0
lsa-inspired-late-mnist-20-20261004,1,0,output,max,0.002539863809943199,0
lsa-inspired-late-mnist-20-20261004,1,0,output,l1,0.2203636891208589,0
lsa-inspired-late-mnist-20-20261004,1,0,output,l2,0.014108706803185378,0
lsa-inspired-late-mnist-20-20261004,1,0,output,max_abs,0.004226048476994038,0
lsa-inspired-late-mnist-20-20261004,1,0,output,sparsity,0.015384615384615385,0
lsa-inspired-late-mnist-20-20261004,1,0,output,skewness,-0.33203336684522716,0
lsa-inspired-late-mnist-20-20261004,1,0,output,kurtosis,9.8709137320078,0
lsa-inspired-late-mnist-20-20261004,1,1,conv1,mean,-8.055896614678204e-07,0
lsa-inspired-late-mnist-20-20261004,1,1,conv1,std,0.0002949839723382335,0
lsa-inspired-late-mnist-20-20261004,1,1,conv1,median,-5.334615707397461e-06,0
lsa-inspired-late-mnist-20-20261004,1,1,conv1,min,-0.001190289855003357,0
lsa-inspired-late-mnist-20-20261004,1,1,conv1,max,0.0006835758686065674,0
lsa-inspired-late-mnist-20-20261004,1,1,conv1,l1,0.03509795921854675,0
lsa-inspired-late-mnist-20-20261004,1,1,conv1,l2,0.003731298817541074,0
lsa-inspired-late-mnist-20-20261004,1,1,conv1,max_abs,0.001190289855003357,0
lsa-inspired-late-mnist-20-20261004,1,1,conv1,sparsity,0.0,0
lsa-inspired-late-mnist-20-20261004,1,1,conv1,skewness,-0.45513940150364596,0
lsa-inspired-late-mnist-20-20261004,1,1,conv1,kurtosis,1.1292712018373416,0
lsa-inspired-late-mnist-20-20261004,1,1,conv2,mean,-2.7316334545495355e-05,0
lsa-inspired-late-mnist-20-20261004,1,1,conv2,std,0.0002730370276184307,0
lsa-inspired-late-mnist-20-20261004,1,1,conv2,median,-7.764436304569244e-06,0
lsa-inspired-late-mnist-20-20261004,1,1,conv2,min,-0.001914922147989273,0
lsa-inspired-late-mnist-20-20261004,1,1,conv2,max,0.0013894103467464447,0
lsa-inspired-late-mnist-20-20261004,1,1,conv2,l1,0.790629804197124,0
lsa-inspired-late-mnist-20-20261004,1,1,conv2,l2,0.01869145951252631,0
lsa-inspired-late-mnist-20-20261004,1,1,conv2,max_abs,0.001914922147989273,0
lsa-inspired-late-mnist-20-20261004,1,1,conv2,sparsity,0.0010775862068965517,0
lsa-inspired-late-mnist-20-20261004,1,1,conv2,skewness,-0.7423884196329884,0
lsa-inspired-late-mnist-20-20261004,1,1,conv2,kurtosis,6.933389853563689,0
lsa-inspired-late-mnist-20-20261004,1,1,fc1,mean,-1.585303208761331e-05,0
lsa-inspired-late-mnist-20-20261004,1,1,fc1,std,0.00020182494031405245,0
lsa-inspired-late-mnist-20-20261004,1,1,fc1,median,-3.3527612686157227e-08,0
lsa-inspired-late-mnist-20-20261004,1,1,fc1,min,-0.00328721571713686,0
lsa-inspired-late-mnist-20-20261004,1,1,fc1,max,0.00281609408557415,0
lsa-inspired-late-mnist-20-20261004,1,1,fc1,l1,10.372035141087622,0
lsa-inspired-late-mnist-20-20261004,1,1,fc1,l2,0.06415225732568088,0
lsa-inspired-late-mnist-20-20261004,1,1,fc1,max_abs,0.00328721571713686,0
lsa-inspired-late-mnist-20-20261004,1,1,fc1,sparsity,0.07188097514340344,0
lsa-inspired-late-mnist-20-20261004,1,1,fc1,skewness,-0.6179254011299808,0
lsa-inspired-late-mnist-20-20261004,1,1,fc1,kurtosis,22.061189105155403,0
lsa-inspired-late-mnist-20-20261004,1,1,output,mean,-4.696910484479024e-11,0
lsa-inspired-late-mnist-20-20261004,1,1,output,std,0.0005855359837015951,0
lsa-inspired-late-mnist-20-20261004,1,1,output,median,-1.9069761037826538e-05,0
lsa-inspired-late-mnist-20-20261004,1,1,output,min,-0.004067808389663696,0
lsa-inspired-late-mnist-20-20261004,1,1,output,max,0.003130272962152958,0
lsa-inspired-late-mnist-20-20261004,1,1,output,l1,0.2213062328810338,0
lsa-inspired-late-mnist-20-20261004,1,1,output,l2,0.014928297034025949,0
lsa-inspired-late-mnist-20-20261004,1,1,output,max_abs,0.004067808389663696,0
lsa-inspired-late-mnist-20-20261004,1,1,output,sparsity,0.015384615384615385,0
lsa-inspired-late-mnist-20-20261004,1,1,output,skewness,0.7994850988575968,0
lsa-inspired-late-mnist-20-20261004,1,1,output,kurtosis,10.037406730674155,0
lsa-inspired-late-mnist-20-20261004,1,2,conv1,mean,2.3818090267013758e-05,0
lsa-inspired-late-mnist-20-20261004,1,2,conv1,std,0.00031637021673088016,0
lsa-inspired-late-mnist-20-20261004,1,2,conv1,median,2.1502375602722168e-05,0
lsa-inspired-late-mnist-20-20261004,1,2,conv1,min,-0.0007715299725532532,0
lsa-inspired-late-mnist-20-20261004,1,2,conv1,max,0.0009686648845672607,0
lsa-inspired-late-mnist-20-20261004,1,2,conv1,l1,0.038662457605823874,0
lsa-inspired-late-mnist-20-20261004,1,2,conv1,l2,0.004013126770154398,0
lsa-inspired-late-mnist-20-20261004,1,2,conv1,max_abs,0.0009686648845672607,0
lsa-inspired-late-mnist-20-20261004,1,2,conv1,sparsity,0.0,0
lsa-inspired-late-mnist-20-20261004,1,2,conv1,skewness,0.06228515505590396,0
lsa-inspired-late-mnist-20-20261004,1,2,conv1,kurtosis,0.7231752746903295,0
lsa-inspired-late-mnist-20-20261004,1,2,conv2,mean,-1.7638969481187562e-05,0
lsa-inspired-late-mnist-20-20261004,1,2,conv2,std,0.0002542640454454004,0
lsa-inspired-late-mnist-20-20261004,1,2,conv2,median,-3.5017728805541992e-06,0
lsa-inspired-late-mnist-20-20261004,1,2,conv2,min,-0.0018912442028522491,0
lsa-inspired-late-mnist-20-20261004,1,2,conv2,max,0.0013666749000549316,0
lsa-inspired-late-mnist-20-20261004,1,2,conv2,l1,0.7266025004209951,0
lsa-inspired-late-mnist-20-20261004,1,2,conv2,l2,0.017361469078245415,0
lsa-inspired-late-mnist-20-20261004,1,2,conv2,max_abs,0.0018912442028522491,0
lsa-inspired-late-mnist-20-20261004,1,2,conv2,sparsity,0.0,0
lsa-inspired-late-mnist-20-20261004,1,2,conv2,skewness,-0.5527870332222491,0
lsa-inspired-late-mnist-20-20261004,1,2,conv2,kurtosis,7.641638071916576,0
lsa-inspired-late-mnist-20-20261004,1,2,fc1,mean,-9.868122902346945e-06,0
lsa-inspired-late-mnist-20-20261004,1,2,fc1,std,0.00020348810536794827,0
lsa-inspired-late-mnist-20-20261004,1,2,fc1,median,0.0,0
lsa-inspired-late-mnist-20-20261004,1,2,fc1,min,-0.003322632983326912,0
lsa-inspired-late-mnist-20-20261004,1,2,fc1,max,0.002904338762164116,0
lsa-inspired-late-mnist-20-20261004,1,2,fc1,l1,10.128629579973222,0
lsa-inspired-late-mnist-20-20261004,1,2,fc1,l2,0.06455807369924894,0
lsa-inspired-late-mnist-20-20261004,1,2,fc1,max_abs,0.003322632983326912,0
lsa-inspired-late-mnist-20-20261004,1,2,fc1,sparsity,0.07152246653919694,0
lsa-inspired-late-mnist-20-20261004,1,2,fc1,skewness,-0.4204363838188252,0
lsa-inspired-late-mnist-20-20261004,1,2,fc1,kurtosis,24.17955154333067,0
lsa-inspired-late-mnist-20-20261004,1,2,output,mean,2.3224856704473497e-10,0
lsa-inspired-late-mnist-20-20261004,1,2,output,std,0.0005247936438559501,0
lsa-inspired-late-mnist-20-20261004,1,2,output,median,-8.955597877502441e-06,0
lsa-inspired-late-mnist-20-20261004,1,2,output,min,-0.0034222789108753204,0
lsa-inspired-late-mnist-20-20261004,1,2,output,max,0.0032806023955345154,0
lsa-inspired-late-mnist-20-20261004,1,2,output,l1,0.20497157881618477,0
lsa-inspired-late-mnist-20-20261004,1,2,output,l2,0.013379665153156067,0
lsa-inspired-late-mnist-20-20261004,1,2,output,max_abs,0.0034222789108753204,0
lsa-inspired-late-mnist-20-20261004,1,2,output,sparsity,0.015384615384615385,0
lsa-inspired-late-mnist-20-20261004,1,2,output,skewness,0.9196533977163629,0
lsa-inspired-late-mnist-20-20261004,1,2,output,kurtosis,9.339100983451917,0
lsa-inspired-late-mnist-20-20261004,1,3,conv1,mean,2.425586062599905e-05,0
lsa-inspired-late-mnist-20-20261004,1,3,conv1,std,0.00035180680790366646,0
lsa-inspired-late-mnist-20-20261004,1,3,conv1,median,2.218782901763916e-05,0
lsa-inspired-late-mnist-20-20261004,1,3,conv1,min,-0.0011418238282203674,0
lsa-inspired-late-mnist-20-20261004,1,3,conv1,max,0.001037880778312683,0
lsa-inspired-late-mnist-20-20261004,1,3,conv1,l1,0.04323259100783616,0
lsa-inspired-late-mnist-20-20261004,1,3,conv1,l2,0.004460607615329107,0
lsa-inspired-late-mnist-20-20261004,1,3,conv1,max_abs,0.0011418238282203674,0
lsa-inspired-late-mnist-20-20261004,1,3,conv1,sparsity,0.0,0
lsa-inspired-late-mnist-20-20261004,1,3,conv1,skewness,-0.16707594830375036,0
lsa-inspired-late-mnist-20-20261004,1,3,conv1,kurtosis,0.6790252888538157,0
lsa-inspired-late-mnist-20-20261004,1,3,conv2,mean,-3.119772510876044e-06,0
lsa-inspired-late-mnist-20-20261004,1,3,conv2,std,0.00028521172289894926,0
lsa-inspired-late-mnist-20-20261004,1,3,conv2,median,1.3150274753570557e-06,0
lsa-inspired-late-mnist-20-20261004,1,3,conv2,min,-0.002059768885374069,0
lsa-inspired-late-mnist-20-20261004,1,3,conv2,max,0.0016230624169111252,0
lsa-inspired-late-mnist-20-20261004,1,3,conv2,l1,0.8138502521760529,0
lsa-inspired-late-mnist-20-20261004,1,3,conv2,l2,0.019429084737787077,0
lsa-inspired-late-mnist-20-20261004,1,3,conv2,max_abs,0.002059768885374069,0
lsa-inspired-late-mnist-20-20261004,1,3,conv2,sparsity,0.0004310344827586207,0
lsa-inspired-late-mnist-20-20261004,1,3,conv2,skewness,-0.3373083727580279,0
lsa-inspired-late-mnist-20-20261004,1,3,conv2,kurtosis,6.739710429099587,0
lsa-inspired-late-mnist-20-20261004,1,3,fc1,mean,-1.0702770929699685e-05,0
lsa-inspired-late-mnist-20-20261004,1,3,fc1,std,0.00022547220846059267,0
lsa-inspired-late-mnist-20-20261004,1,3,fc1,median,0.0,0
lsa-inspired-late-mnist-20-20261004,1,3,fc1,min,-0.004460759460926056,0
lsa-inspired-late-mnist-20-20261004,1,3,fc1,max,0.003436736762523651,0
lsa-inspired-late-mnist-20-20261004,1,3,fc1,l1,11.172941725238445,0
lsa-inspired-late-mnist-20-20261004,1,3,fc1,l2,0.07152917413239178,0
lsa-inspired-late-mnist-20-20261004,1,3,fc1,max_abs,0.004460759460926056,0
lsa-inspired-late-mnist-20-20261004,1,3,fc1,sparsity,0.06973988209050351,0
lsa-inspired-late-mnist-20-20261004,1,3,fc1,skewness,-0.7127050578813999,0
lsa-inspired-late-mnist-20-20261004,1,3,fc1,kurtosis,27.747097781114462,0
lsa-inspired-late-mnist-20-20261004,1,3,output,mean,-5.587935447692871e-11,0
lsa-inspired-late-mnist-20-20261004,1,3,output,std,0.0006376014151706946,0
lsa-inspired-late-mnist-20-20261004,1,3,output,median,-1.54152512550354e-05,0
lsa-inspired-late-mnist-20-20261004,1,3,output,min,-0.0044699907302856445,0
lsa-inspired-late-mnist-20-20261004,1,3,output,max,0.004620589315891266,0
lsa-inspired-late-mnist-20-20261004,1,3,output,l1,0.23771252087317407,0
lsa-inspired-late-mnist-20-20261004,1,3,output,l2,0.016255710289248795,0
lsa-inspired-late-mnist-20-20261004,1,3,output,max_abs,0.004620589315891266,0
lsa-inspired-late-mnist-20-20261004,1,3,output,sparsity,0.015384615384615385,0
lsa-inspired-late-mnist-20-20261004,1,3,output,skewness,1.0724898932118978,0
lsa-inspired-late-mnist-20-20261004,1,3,output,kurtosis,13.901468599178322,0
lsa-inspired-late-mnist-20-20261004,1,4,conv1,mean,4.1149296885123475e-05,0
lsa-inspired-late-mnist-20-20261004,1,4,conv1,std,0.0003216528865647625,0
lsa-inspired-late-mnist-20-20261004,1,4,conv1,median,2.7254223823547363e-05,0
lsa-inspired-late-mnist-20-20261004,1,4,conv1,min,-0.0009411126375198364,0
lsa-inspired-late-mnist-20-20261004,1,4,conv1,max,0.0007703900337219238,0
lsa-inspired-late-mnist-20-20261004,1,4,conv1,l1,0.040983368060551584,0
lsa-inspired-late-mnist-20-20261004,1,4,conv1,l2,0.004101781936077713,0
lsa-inspired-late-mnist-20-20261004,1,4,conv1,max_abs,0.0009411126375198364,0
lsa-inspired-late-mnist-20-20261004,1,4,conv1,sparsity,0.0,0
lsa-inspired-late-mnist-20-20261004,1,4,conv1,skewness,-0.3362194321979605,0
lsa-inspired-late-mnist-20-20261004,1,4,conv1,kurtosis,-0.1272080246794185,0
lsa-inspired-late-mnist-20-20261004,1,4,conv2,mean,-3.0127175327167824e-05,0
lsa-inspired-late-mnist-20-20261004,1,4,conv2,std,0.00027884118608908473,0
lsa-inspired-late-mnist-20-20261004,1,4,conv2,median,-6.757676601409912e-06,0
lsa-inspired-late-mnist-20-20261004,1,4,conv2,min,-0.0016993694007396698,0
lsa-inspired-late-mnist-20-20261004,1,4,conv2,max,0.0016294419765472412,0
lsa-inspired-late-mnist-20-20261004,1,4,conv2,l1,0.8147833389293737,0
lsa-inspired-late-mnist-20-20261004,1,4,conv2,l2,0.01910451908352611,0
lsa-inspired-late-mnist-20-20261004,1,4,conv2,max_abs,0.0016993694007396698,0
lsa-inspired-late-mnist-20-20261004,1,4,conv2,sparsity,0.00021551724137931034,0
lsa-inspired-late-mnist-20-20261004,1,4,conv2,skewness,-0.5180403870435583,0
lsa-inspired-late-mnist-20-20261004,1,4,conv2,kurtosis,4.8977957484207995,0
lsa-inspired-late-mnist-20-20261004,1,4,fc1,mean,-1.4939423251076193e-05,0
lsa-inspired-late-mnist-20-20261004,1,4,fc1,std,0.00021938232239003338,0
lsa-inspired-late-mnist-20-20261004,1,4,fc1,median,0.0,0
lsa-inspired-late-mnist-20-20261004,1,4,fc1,min,-0.004616023972630501,0
lsa-inspired-late-mnist-20-20261004,1,4,fc1,max,0.0033089350908994675,0
lsa-inspired-late-mnist-20-20261004,1,4,fc1,l1,10.878039785283818,0
lsa-inspired-late-mnist-20-20261004,1,4,fc1,l2,0.06967993483755254,0
lsa-inspired-late-mnist-20-20261004,1,4,fc1,max_abs,0.004616023972630501,0
lsa-inspired-late-mnist-20-20261004,1,4,fc1,sparsity,0.06847514340344169,0
lsa-inspired-late-mnist-20-20261004,1,4,fc1,skewness,-0.7368360102072176,0
lsa-inspired-late-mnist-20-20261004,1,4,fc1,kurtosis,26.449595295491726,0
lsa-inspired-late-mnist-20-20261004,1,4,output,mean,-6.013299123598979e-11,0
lsa-inspired-late-mnist-20-20261004,1,4,output,std,0.0006654675201176899,0
lsa-inspired-late-mnist-20-20261004,1,4,output,median,-1.5556812286376953e-05,0
lsa-inspired-late-mnist-20-20261004,1,4,output,min,-0.0047114938497543335,0
lsa-inspired-late-mnist-20-20261004,1,4,output,max,0.006074748933315277,0
lsa-inspired-late-mnist-20-20261004,1,4,output,l1,0.24233111130888574,0
lsa-inspired-late-mnist-20-20261004,1,4,output,l2,0.016966159353711572,0
lsa-inspired-late-mnist-20-20261004,1,4,output,max_abs,0.006074748933315277,0
lsa-inspired-late-mnist-20-20261004,1,4,output,sparsity,0.015384615384615385,0
lsa-inspired-late-mnist-20-20261004,1,4,output,skewness,1.2134714642949742,0
lsa-inspired-late-mnist-20-20261004,1,4,output,kurtosis,19.051727729935045,0
lsa-inspired-late-mnist-20-20261004,2,0,conv1,mean,0.0002482299394614529,0
lsa-inspired-late-mnist-20-20261004,2,0,conv1,std,0.0005316779593328145,0
lsa-inspired-late-mnist-20-20261004,2,0,conv1,median,8.021295070648193e-05,0
lsa-inspired-late-mnist-20-20261004,2,0,conv1,min,-0.0006124228239059448,0
lsa-inspired-late-mnist-20-20261004,2,0,conv1,max,0.0020442306995391846,0
lsa-inspired-late-mnist-20-20261004,2,0,conv1,l1,0.0639718835009262,0
lsa-inspired-late-mnist-20-20261004,2,0,conv1,l2,0.0074221242812051325,0
lsa-inspired-late-mnist-20-20261004,2,0,conv1,max_abs,0.0020442306995391846,0
lsa-inspired-late-mnist-20-20261004,2,0,conv1,sparsity,0.0,0
lsa-inspired-late-mnist-20-20261004,2,0,conv1,skewness,1.1473758533453577,0
lsa-inspired-late-mnist-20-20261004,2,0,conv1,kurtosis,1.0377300546007193,0
lsa-inspired-late-mnist-20-20261004,2,0,conv2,mean,6.924365768437101e-05,0
lsa-inspired-late-mnist-20-20261004,2,0,conv2,std,0.00031588803942842386,0
lsa-inspired-late-mnist-20-20261004,2,0,conv2,median,1.7996877431869507e-05,0
lsa-inspired-late-mnist-20-20261004,2,0,conv2,min,-0.002051249146461487,0
lsa-inspired-late-mnist-20-20261004,2,0,conv2,max,0.00245850533246994,0
lsa-inspired-late-mnist-20-20261004,2,0,conv2,l1,0.8674854398977914,0
lsa-inspired-late-mnist-20-20261004,2,0,conv2,l2,0.022028411435852095,0
lsa-inspired-late-mnist-20-20261004,2,0,conv2,max_abs,0.00245850533246994,0
lsa-inspired-late-mnist-20-20261004,2,0,conv2,sparsity,0.0,0
lsa-inspired-late-mnist-20-20261004,2,0,conv2,skewness,1.513161221683747,0
lsa-inspired-late-mnist-20-20261004,2,0,conv2,kurtosis,9.883786576604736,0
lsa-inspired-late-mnist-20-20261004,2,0,fc1,mean,1.6486152468123492e-05,0
lsa-inspired-late-mnist-20-20261004,2,0,fc1,std,0.0002122265219338381,0
lsa-inspired-late-mnist-20-20261004,2,0,fc1,median,0.0,0
lsa-inspired-late-mnist-20-20261004,2,0,fc1,min,-0.0032896585762500763,0
lsa-inspired-late-mnist-20-20261004,2,0,fc1,max,0.003642796538770199,0
lsa-inspired-late-mnist-20-20261004,2,0,fc1,l1,10.337943302943359,0
lsa-inspired-late-mnist-20-20261004,2,0,fc1,l2,0.06745397489922374,0
lsa-inspired-late-mnist-20-20261004,2,0,fc1,max_abs,0.003642796538770199,0
lsa-inspired-late-mnist-20-20261004,2,0,fc1,sparsity,0.07283699808795412,0
lsa-inspired-late-mnist-20-20261004,2,0,fc1,skewness,0.9881270687124806,0
lsa-inspired-late-mnist-20-20261004,2,0,fc1,kurtosis,26.066247069314464,0
lsa-inspired-late-mnist-20-20261004,2,0,output,mean,2.518600712601955e-10,0
lsa-inspired-late-mnist-20-20261004,2,0,output,std,0.0005743589417048672,0
lsa-inspired-late-mnist-20-20261004,2,0,output,median,-9.68296080827713e-06,0
lsa-inspired-late-mnist-20-20261004,2,0,output,min,-0.0036627687513828278,0
lsa-inspired-late-mnist-20-20261004,2,0,output,max,0.0024367626756429672,0
lsa-inspired-late-mnist-20-20261004,2,0,output,l1,0.2373730771651026,0
lsa-inspired-late-mnist-20-20261004,2,0,output,l2,0.014643337257799502,0
lsa-inspired-late-mnist-20-20261004,2,0,output,max_abs,0.0036627687513828278,0
lsa-inspired-late-mnist-20-20261004,2,0,output,sparsity,0.015384615384615385,0
lsa-inspired-late-mnist-20-20261004,2,0,output,skewness,-0.0244138595700954,0
lsa-inspired-late-mnist-20-20261004,2,0,output,kurtosis,5.9153593669042515,0
lsa-inspired-late-mnist-20-20261004,2,1,conv1,mean,0.00020098243912798354,0
lsa-inspired-late-mnist-20-20261004,2,1,conv1,std,0.0004774751629040395,0
lsa-inspired-late-mnist-20-20261004,2,1,conv1,median,7.718056440353394e-05,0
lsa-inspired-late-mnist-20-20261004,2,1,conv1,min,-0.0006769970059394836,0
lsa-inspired-late-mnist-20-20261004,2,1,conv1,max,0.001779705286026001,0
lsa-inspired-late-mnist-20-20261004,2,1,conv1,l1,0.05743084300775081,0
lsa-inspired-late-mnist-20-20261004,2,1,conv1,l2,0.006552879941254198,0
lsa-inspired-late-mnist-20-20261004,2,1,conv1,max_abs,0.001779705286026001,0
lsa-inspired-late-mnist-20-20261004,2,1,conv1,sparsity,0.0,0
lsa-inspired-late-mnist-20-20261004,2,1,conv1,skewness,0.9972435392479785,0
lsa-inspired-late-mnist-20-20261004,2,1,conv1,kurtosis,0.882212639805863,0
lsa-inspired-late-mnist-20-20261004,2,1,conv2,mean,5.5743697886367136e-05,0
lsa-inspired-late-mnist-20-20261004,2,1,conv2,std,0.00029439157247907756,0
lsa-inspired-late-mnist-20-20261004,2,1,conv2,median,1.6781501471996307e-05,0
lsa-inspired-late-mnist-20-20261004,2,1,conv2,min,-0.001614842563867569,0
lsa-inspired-late-mnist-20-20261004,2,1,conv2,max,0.002137412317097187,0
lsa-inspired-late-mnist-20-20261004,2,1,conv2,l1,0.8217460419309646,0
lsa-inspired-late-mnist-20-20261004,2,1,conv2,l2,0.02040956237148368,0
lsa-inspired-late-mnist-20-20261004,2,1,conv2,max_abs,0.002137412317097187,0
lsa-inspired-late-mnist-20-20261004,2,1,conv2,sparsity,0.0010775862068965517,0
lsa-inspired-late-mnist-20-20261004,2,1,conv2,skewness,1.3870744601451563,0
lsa-inspired-late-mnist-20-20261004,2,1,conv2,kurtosis,8.809318215581463,0
lsa-inspired-late-mnist-20-20261004,2,1,fc1,mean,7.0322461586369655e-06,0
lsa-inspired-late-mnist-20-20261004,2,1,fc1,std,0.00020045598733660523,0
lsa-inspired-late-mnist-20-20261004,2,1,fc1,median,0.0,0
lsa-inspired-late-mnist-20-20261004,2,1,fc1,min,-0.0032981298863887787,0
lsa-inspired-late-mnist-20-20261004,2,1,fc1,max,0.00326504185795784,0
lsa-inspired-late-mnist-20-20261004,2,1,fc1,l1,9.925161105426469,0
lsa-inspired-late-mnist-20-20261004,2,1,fc1,l2,0.0635605386189927,0
lsa-inspired-late-mnist-20-20261004,2,1,fc1,max_abs,0.0032981298863887787,0
lsa-inspired-late-mnist-20-20261004,2,1,fc1,sparsity,0.0738826481835564,0
lsa-inspired-late-mnist-20-20261004,2,1,fc1,skewness,0.48119585167378237,0
lsa-inspired-late-mnist-20-20261004,2,1,fc1,kurtosis,24.567745965681052,0
lsa-inspired-late-mnist-20-20261004,2,1,output,mean,-2.71919326713452e-10,0
lsa-inspired-late-mnist-20-20261004,2,1,output,std,0.0005935639867708804,0
lsa-inspired-late-mnist-20-20261004,2,1,output,median,-1.1408701539039612e-05,0
lsa-inspired-late-mnist-20-20261004,2,1,output,min,-0.003856666386127472,0
lsa-inspired-late-mnist-20-20261004,2,1,output,max,0.0030685365200042725,0
lsa-inspired-late-mnist-20-20261004,2,1,output,l1,0.23508756040246226,0
lsa-inspired-late-mnist-20-20261004,2,1,output,l2,0.015132971755554829,0
lsa-inspired-late-mnist-20-20261004,2,1,output,max_abs,0.003856666386127472,0
lsa-inspired-late-mnist-20-20261004,2,1,output,sparsity,0.016923076923076923,0
lsa-inspired-late-mnist-20-20261004,2,1,output,skewness,0.7658079426580612,0
lsa-inspired-late-mnist-20-20261004,2,1,output,kurtosis,7.035901714477138,0
lsa-inspired-late-mnist-20-20261004,2,2,conv1,mean,0.00023005663679214193,0
lsa-inspired-late-mnist-20-20261004,2,2,conv1,std,0.0005329706230155656,0
lsa-inspired-late-mnist-20-20261004,2,2,conv1,median,0.00010075792670249939,0
lsa-inspired-late-mnist-20-20261004,2,2,conv1,min,-0.0008402764797210693,0
lsa-inspired-late-mnist-20-20261004,2,2,conv1,max,0.0019649267196655273,0
lsa-inspired-late-mnist-20-20261004,2,2,conv1,l1,0.060602242359891534,0
lsa-inspired-late-mnist-20-20261004,2,2,conv1,l2,0.007342846762717703,0
lsa-inspired-late-mnist-20-20261004,2,2,conv1,max_abs,0.0019649267196655273,0
lsa-inspired-late-mnist-20-20261004,2,2,conv1,sparsity,0.0,0
lsa-inspired-late-mnist-20-20261004,2,2,conv1,skewness,1.1469983196380895,0
lsa-inspired-late-mnist-20-20261004,2,2,conv1,kurtosis,0.8696313286583854,0
lsa-inspired-late-mnist-20-20261004,2,2,conv2,mean,6.18135455287584e-05,0
lsa-inspired-late-mnist-20-20261004,2,2,conv2,std,0.0003196194061017911,0
lsa-inspired-late-mnist-20-20261004,2,2,conv2,median,1.3451091945171356e-05,0
lsa-inspired-late-mnist-20-20261004,2,2,conv2,min,-0.002063099294900894,0
lsa-inspired-late-mnist-20-20261004,2,2,conv2,max,0.002398550510406494,0
lsa-inspired-late-mnist-20-20261004,2,2,conv2,l1,0.8396359223988838,0
lsa-inspired-late-mnist-20-20261004,2,2,conv2,l2,0.022175109996077053,0
lsa-inspired-late-mnist-20-20261004,2,2,conv2,max_abs,0.002398550510406494,0
lsa-inspired-late-mnist-20-20261004,2,2,conv2,sparsity,0.0,0
lsa-inspired-late-mnist-20-20261004,2,2,conv2,skewness,1.6933404317238274,0
lsa-inspired-late-mnist-20-20261004,2,2,conv2,kurtosis,12.195348049438506,0
lsa-inspired-late-mnist-20-20261004,2,2,fc1,mean,1.5743212136536305e-05,0
lsa-inspired-late-mnist-20-20261004,2,2,fc1,std,0.000206650795037603,0
lsa-inspired-late-mnist-20-20261004,2,2,fc1,median,0.0,0
lsa-inspired-late-mnist-20-20261004,2,2,fc1,min,-0.003396749496459961,0
lsa-inspired-late-mnist-20-20261004,2,2,fc1,max,0.0037184683606028557,0
lsa-inspired-late-mnist-20-20261004,2,2,fc1,l1,10.005076144468603,0
lsa-inspired-late-mnist-20-20261004,2,2,fc1,l2,0.06567425812393504,0
lsa-inspired-late-mnist-20-20261004,2,2,fc1,max_abs,0.0037184683606028557,0
lsa-inspired-late-mnist-20-20261004,2,2,fc1,sparsity,0.07076561504142766,0
lsa-inspired-late-mnist-20-20261004,2,2,fc1,skewness,1.2409953442526713,0
lsa-inspired-late-mnist-20-20261004,2,2,fc1,kurtosis,26.853598296186348,0
lsa-inspired-late-mnist-20-20261004,2,2,output,mean,1.353999743094811e-10,0
lsa-inspired-late-mnist-20-20261004,2,2,output,std,0.000542912733057195,0
lsa-inspired-late-mnist-20-20261004,2,2,output,median,-6.809830665588379e-06,0
lsa-inspired-late-mnist-20-20261004,2,2,output,min,-0.0032225027680397034,0
lsa-inspired-late-mnist-20-20261004,2,2,output,max,0.0031897425651550293,0
lsa-inspired-late-mnist-20-20261004,2,2,output,l1,0.22157029155641794,0
lsa-inspired-late-mnist-20-20261004,2,2,output,l2,0.013841613100183569,0
lsa-inspired-late-mnist-20-20261004,2,2,output,max_abs,0.0032225027680397034,0
lsa-inspired-late-mnist-20-20261004,2,2,output,sparsity,0.015384615384615385,0
lsa-inspired-late-mnist-20-20261004,2,2,output,skewness,0.6521930663536484,0
lsa-inspired-late-mnist-20-20261004,2,2,output,kurtosis,5.878410871830603,0
lsa-inspired-late-mnist-20-20261004,2,3,conv1,mean,0.00024914995883591474,0
lsa-inspired-late-mnist-20-20261004,2,3,conv1,std,0.000554904811640181,0
lsa-inspired-late-mnist-20-20261004,2,3,conv1,median,0.00011060759425163269,0
lsa-inspired-late-mnist-20-20261004,2,3,conv1,min,-0.0006882697343826294,0
lsa-inspired-late-mnist-20-20261004,2,3,conv1,max,0.002001136541366577,0
lsa-inspired-late-mnist-20-20261004,2,3,conv1,l1,0.06583281885832548,0
lsa-inspired-late-mnist-20-20261004,2,3,conv1,l2,0.007694102177323748,0
lsa-inspired-late-mnist-20-20261004,2,3,conv1,max_abs,0.002001136541366577,0
lsa-inspired-late-mnist-20-20261004,2,3,conv1,sparsity,0.0,0
lsa-inspired-late-mnist-20-20261004,2,3,conv1,skewness,1.1319380814889952,0
lsa-inspired-late-mnist-20-20261004,2,3,conv1,kurtosis,0.9478343377410519,0
lsa-inspired-late-mnist-20-20261004,2,3,conv2,mean,7.829056451649602e-05,0
lsa-inspired-late-mnist-20-20261004,2,3,conv2,std,0.0003271897442407699,0
lsa-inspired-late-mnist-20-20261004,2,3,conv2,median,2.0466744899749756e-05,0
lsa-inspired-late-mnist-20-20261004,2,3,conv2,min,-0.0018894951790571213,0
lsa-inspired-late-mnist-20-20261004,2,3,conv2,max,0.0024912897497415543,0
lsa-inspired-late-mnist-20-20261004,2,3,conv2,l1,0.896031320829934,0
lsa-inspired-late-mnist-20-20261004,2,3,conv2,l2,0.02291652223398972,0
lsa-inspired-late-mnist-20-20261004,2,3,conv2,max_abs,0.0024912897497415543,0
lsa-inspired-late-mnist-20-20261004,2,3,conv2,sparsity,0.0004310344827586207,0
lsa-inspired-late-mnist-20-20261004,2,3,conv2,skewness,1.6852308461961376,0
lsa-inspired-late-mnist-20-20261004,2,3,conv2,kurtosis,9.220160495028422,0
lsa-inspired-late-mnist-20-20261004,2,3,fc1,mean,1.2764779587563295e-05,0
lsa-inspired-late-mnist-20-20261004,2,3,fc1,std,0.00021796241328920867,0
lsa-inspired-late-mnist-20-20261004,2,3,fc1,median,0.0,0
lsa-inspired-late-mnist-20-20261004,2,3,fc1,min,-0.003511384129524231,0
lsa-inspired-late-mnist-20-20261004,2,3,fc1,max,0.003822299651801586,0
lsa-inspired-late-mnist-20-20261004,2,3,fc1,l1,10.620631613468788,0
lsa-inspired-late-mnist-20-20261004,2,3,fc1,l2,0.06918732738450499,0
lsa-inspired-late-mnist-20-20261004,2,3,fc1,max_abs,0.003822299651801586,0
lsa-inspired-late-mnist-20-20261004,2,3,fc1,sparsity,0.07143283938814532,0
lsa-inspired-late-mnist-20-20261004,2,3,fc1,skewness,0.9415512286353169,0
lsa-inspired-late-mnist-20-20261004,2,3,fc1,kurtosis,26.375035339652673,0
lsa-inspired-late-mnist-20-20261004,2,3,output,mean,2.91262180186235e-10,0
lsa-inspired-late-mnist-20-20261004,2,3,output,std,0.0006425103142261743,0
lsa-inspired-late-mnist-20-20261004,2,3,output,median,-1.1846888810396194e-05,0
lsa-inspired-late-mnist-20-20261004,2,3,output,min,-0.0039839232340455055,0
lsa-inspired-late-mnist-20-20261004,2,3,output,max,0.0038407519459724426,0
lsa-inspired-late-mnist-20-20261004,2,3,output,l1,0.2506568107928615,0
lsa-inspired-late-mnist-20-20261004,2,3,output,l2,0.016380863149621155,0
lsa-inspired-late-mnist-20-20261004,2,3,output,max_abs,0.0039839232340455055,0
lsa-inspired-late-mnist-20-20261004,2,3,output,sparsity,0.015384615384615385,0
lsa-inspired-late-mnist-20-20261004,2,3,output,skewness,0.9063757387704943,0
lsa-inspired-late-mnist-20-20261004,2,3,output,kurtosis,8.661578759967792,0
lsa-inspired-late-mnist-20-20261004,2,4,conv1,mean,0.00025142758386209607,0
lsa-inspired-late-mnist-20-20261004,2,4,conv1,std,0.0005234254786889765,0
lsa-inspired-late-mnist-20-20261004,2,4,conv1,median,0.00011644139885902405,0
lsa-inspired-late-mnist-20-20261004,2,4,conv1,min,-0.0008232295513153076,0
lsa-inspired-late-mnist-20-20261004,2,4,conv1,max,0.0018970072269439697,0
lsa-inspired-late-mnist-20-20261004,2,4,conv1,l1,0.06073073856532574,0
lsa-inspired-late-mnist-20-20261004,2,4,conv1,l2,0.007345094272152161,0
lsa-inspired-late-mnist-20-20261004,2,4,conv1,max_abs,0.0018970072269439697,0
lsa-inspired-late-mnist-20-20261004,2,4,conv1,sparsity,0.0,0
lsa-inspired-late-mnist-20-20261004,2,4,conv1,skewness,1.2528499524990626,0
lsa-inspired-late-mnist-20-20261004,2,4,conv1,kurtosis,1.504328495414943,0
lsa-inspired-late-mnist-20-20261004,2,4,conv2,mean,5.585803939444806e-05,0
lsa-inspired-late-mnist-20-20261004,2,4,conv2,std,0.0003262514860421719,0
lsa-inspired-late-mnist-20-20261004,2,4,conv2,median,1.042662188410759e-05,0
lsa-inspired-late-mnist-20-20261004,2,4,conv2,min,-0.0016157347708940506,0
lsa-inspired-late-mnist-20-20261004,2,4,conv2,max,0.0025282474234700203,0
lsa-inspired-late-mnist-20-20261004,2,4,conv2,l1,0.8853598287460045,0
lsa-inspired-late-mnist-20-20261004,2,4,conv2,l2,0.022546820365033464,0
lsa-inspired-late-mnist-20-20261004,2,4,conv2,max_abs,0.0025282474234700203,0
lsa-inspired-late-mnist-20-20261004,2,4,conv2,sparsity,0.0004310344827586207,0
lsa-inspired-late-mnist-20-20261004,2,4,conv2,skewness,1.698623894638308,0
lsa-inspired-late-mnist-20-20261004,2,4,conv2,kurtosis,9.901743718844457,0
lsa-inspired-late-mnist-20-20261004,2,4,fc1,mean,1.2340927354063697e-05,0
lsa-inspired-late-mnist-20-20261004,2,4,fc1,std,0.00021553680869609732,0
lsa-inspired-late-mnist-20-20261004,2,4,fc1,median,0.0,0
lsa-inspired-late-mnist-20-20261004,2,4,fc1,min,-0.0030059628188610077,0
lsa-inspired-late-mnist-20-20261004,2,4,fc1,max,0.003676080144941807,0
lsa-inspired-late-mnist-20-20261004,2,4,fc1,l1,10.436944043508902,0
lsa-inspired-late-mnist-20-20261004,2,4,fc1,l2,0.06841221045597216,0
lsa-inspired-late-mnist-20-20261004,2,4,fc1,max_abs,0.003676080144941807,0
lsa-inspired-late-mnist-20-20261004,2,4,fc1,sparsity,0.07058636073932441,0
lsa-inspired-late-mnist-20-20261004,2,4,fc1,skewness,1.1204450867237505,0
lsa-inspired-late-mnist-20-20261004,2,4,fc1,kurtosis,26.342800321636975,0
lsa-inspired-late-mnist-20-20261004,2,4,output,mean,2.44158749970106e-10,0
lsa-inspired-late-mnist-20-20261004,2,4,output,std,0.0006782089513410996,0
lsa-inspired-late-mnist-20-20261004,2,4,output,median,-1.1129304766654968e-05,0
lsa-inspired-late-mnist-20-20261004,2,4,output,min,-0.004603281617164612,0
lsa-inspired-late-mnist-20-20261004,2,4,output,max,0.005621619522571564,0
lsa-inspired-late-mnist-20-20261004,2,4,output,l1,0.25713186323991977,0
lsa-inspired-late-mnist-20-20261004,2,4,output,l2,0.01729100338590895,0
lsa-inspired-late-mnist-20-20261004,2,4,output,max_abs,0.005621619522571564,0
lsa-inspired-late-mnist-20-20261004,2,4,output,sparsity,0.015384615384615385,0
lsa-inspired-late-mnist-20-20261004,2,4,output,skewness,1.0926613195428905,0
lsa-inspired-late-mnist-20-20261004,2,4,output,kurtosis,13.80144446210008,0
lsa-inspired-late-mnist-20-20261004,3,0,conv1,mean,0.0004719326527265366,0
lsa-inspired-late-mnist-20-20261004,3,0,conv1,std,0.0008956468761466437,0
lsa-inspired-late-mnist-20-20261004,3,0,conv1,median,0.0001161620020866394,0
lsa-inspired-late-mnist-20-20261004,3,0,conv1,min,-0.000964820384979248,0
lsa-inspired-late-mnist-20-20261004,3,0,conv1,max,0.0034668147563934326,0
lsa-inspired-late-mnist-20-20261004,3,0,conv1,l1,0.09918070153798908,0
lsa-inspired-late-mnist-20-20261004,3,0,conv1,l2,0.012805647225881225,0
lsa-inspired-late-mnist-20-20261004,3,0,conv1,max_abs,0.0034668147563934326,0
lsa-inspired-late-mnist-20-20261004,3,0,conv1,sparsity,0.0,0
lsa-inspired-late-mnist-20-20261004,3,0,conv1,skewness,1.466918201938275,0
lsa-inspired-late-mnist-20-20261004,3,0,conv1,kurtosis,1.5082947482995595,0
lsa-inspired-late-mnist-20-20261004,3,0,conv2,mean,0.00013987583916112836,0
lsa-inspired-late-mnist-20-20261004,3,0,conv2,std,0.00040953152163946094,0
lsa-inspired-late-mnist-20-20261004,3,0,conv2,median,3.588385879993439e-05,0
lsa-inspired-late-mnist-20-20261004,3,0,conv2,min,-0.0015552788972854614,0
lsa-inspired-late-mnist-20-20261004,3,0,conv2,max,0.004036366939544678,0
lsa-inspired-late-mnist-20-20261004,3,0,conv2,l1,1.0603902840484807,0
lsa-inspired-late-mnist-20-20261004,3,0,conv2,l2,0.029478556844794154,0
lsa-inspired-late-mnist-20-20261004,3,0,conv2,max_abs,0.004036366939544678,0
lsa-inspired-late-mnist-20-20261004,3,0,conv2,sparsity,0.0,0
lsa-inspired-late-mnist-20-20261004,3,0,conv2,skewness,3.0399682538289623,0
lsa-inspired-late-mnist-20-20261004,3,0,conv2,kurtosis,16.700903638849905,0
lsa-inspired-late-mnist-20-20261004,3,0,fc1,mean,2.5793774498414592e-05,0
lsa-inspired-late-mnist-20-20261004,3,0,fc1,std,0.00021111917084166664,0
lsa-inspired-late-mnist-20-20261004,3,0,fc1,median,0.0,0
lsa-inspired-late-mnist-20-20261004,3,0,fc1,min,-0.0032689019571989775,0
lsa-inspired-late-mnist-20-20261004,3,0,fc1,max,0.003921984229236841,0
lsa-inspired-late-mnist-20-20261004,3,0,fc1,l1,10.058849269578559,0
lsa-inspired-late-mnist-20-20261004,3,0,fc1,l2,0.06739792834490006,0
lsa-inspired-late-mnist-20-20261004,3,0,fc1,max_abs,0.003921984229236841,0
lsa-inspired-late-mnist-20-20261004,3,0,fc1,sparsity,0.08561384639898025,0
lsa-inspired-late-mnist-20-20261004,3,0,fc1,skewness,1.611503918321075,0
lsa-inspired-late-mnist-20-20261004,3,0,fc1,kurtosis,28.074159236160966,0
lsa-inspired-late-mnist-20-20261004,3,0,output,mean,1.6571273310826376e-10,0
lsa-inspired-late-mnist-20-20261004,3,0,output,std,0.0006852668319566546,0
lsa-inspired-late-mnist-20-20261004,3,0,output,median,-5.844980478286743e-06,0
lsa-inspired-late-mnist-20-20261004,3,0,output,min,-0.0034902067855000496,0
lsa-inspired-late-mnist-20-20261004,3,0,output,max,0.002650633454322815,0
lsa-inspired-late-mnist-20-20261004,3,0,output,l1,0.2872964028210845,0
lsa-inspired-late-mnist-20-20261004,3,0,output,l2,0.01747094474082496,0
lsa-inspired-late-mnist-20-20261004,3,0,output,max_abs,0.0034902067855000496,0
lsa-inspired-late-mnist-20-20261004,3,0,output,sparsity,0.03076923076923077,0
lsa-inspired-late-mnist-20-20261004,3,0,output,skewness,0.1267155276156449,0
lsa-inspired-late-mnist-20-20261004,3,0,output,kurtosis,3.2542163190870053,0
lsa-inspired-late-mnist-20-20261004,3,1,conv1,mean,0.00041854225055431015,0
lsa-inspired-late-mnist-20-20261004,3,1,conv1,std,0.000834926151081978,0
lsa-inspired-late-mnist-20-20261004,3,1,conv1,median,0.00010481104254722595,0
lsa-inspired-late-mnist-20-20261004,3,1,conv1,min,-0.0009504258632659912,0
lsa-inspired-late-mnist-20-20261004,3,1,conv1,max,0.003126591444015503,0
lsa-inspired-late-mnist-20-20261004,3,1,conv1,l1,0.09313515212852508,0
lsa-inspired-late-mnist-20-20261004,3,1,conv1,l2,0.011813749909386996,0
lsa-inspired-late-mnist-20-20261004,3,1,conv1,max_abs,0.003126591444015503,0
lsa-inspired-late-mnist-20-20261004,3,1,conv1,sparsity,0.0,0
lsa-inspired-late-mnist-20-20261004,3,1,conv1,skewness,1.3610468219149718,0
lsa-inspired-late-mnist-20-20261004,3,1,conv1,kurtosis,1.2276303629474743,0
lsa-inspired-late-mnist-20-20261004,3,1,conv2,mean,0.00011907090955870006,0
lsa-inspired-late-mnist-20-20261004,3,1,conv2,std,0.00037516058241554107,0
lsa-inspired-late-mnist-20-20261004,3,1,conv2,median,3.2327487133443356e-05,0
lsa-inspired-late-mnist-20-20261004,3,1,conv2,min,-0.0013181176036596298,0
lsa-inspired-late-mnist-20-20261004,3,1,conv2,max,0.0035383272916078568,0
lsa-inspired-late-mnist-20-20261004,3,1,conv2,l1,0.9848259896971285,0
lsa-inspired-late-mnist-20-20261004,3,1,conv2,l2,0.026811272193444664,0
lsa-inspired-late-mnist-20-20261004,3,1,conv2,max_abs,0.0035383272916078568,0
lsa-inspired-late-mnist-20-20261004,3,1,conv2,sparsity,0.0010775862068965517,0
lsa-inspired-late-mnist-20-20261004,3,1,conv2,skewness,2.832561869298521,0
lsa-inspired-late-mnist-20-20261004,3,1,conv2,kurtosis,14.94257532008681,0
lsa-inspired-late-mnist-20-20261004,3,1,fc1,mean,1.2117375895261525e-05,0
lsa-inspired-late-mnist-20-20261004,3,1,fc1,std,0.00020118483548609408,0
lsa-inspired-late-mnist-20-20261004,3,1,fc1,median,0.0,0
lsa-inspired-late-mnist-20-20261004,3,1,fc1,min,-0.003257480915635824,0
lsa-inspired-late-mnist-20-20261004,3,1,fc1,max,0.0030348040163517,0
lsa-inspired-late-mnist-20-20261004,3,1,fc1,l1,9.707465441193222,0
lsa-inspired-late-mnist-20-20261004,3,1,fc1,l2,0.06386795522832943,0
lsa-inspired-late-mnist-20-20261004,3,1,fc1,max_abs,0.003257480915635824,0
lsa-inspired-late-mnist-20-20261004,3,1,fc1,sparsity,0.07443036966220523,0
lsa-inspired-late-mnist-20-20261004,3,1,fc1,skewness,1.041142689398983,0
lsa-inspired-late-mnist-20-20261004,3,1,fc1,kurtosis,25.694922592003916,0
lsa-inspired-late-mnist-20-20261004,3,1,output,mean,-1.4547437715988892e-10,0
lsa-inspired-late-mnist-20-20261004,3,1,output,std,0.0006989206082907968,0
lsa-inspired-late-mnist-20-20261004,3,1,output,median,-6.357207894325256e-06,0
lsa-inspired-late-mnist-20-20261004,3,1,output,min,-0.003896839916706085,0
lsa-inspired-late-mnist-20-20261004,3,1,output,max,0.0034470949321985245,0
lsa-inspired-late-mnist-20-20261004,3,1,output,l1,0.2842372360464651,0
lsa-inspired-late-mnist-20-20261004,3,1,output,l2,0.017819049100634945,0
lsa-inspired-late-mnist-20-20261004,3,1,output,max_abs,0.003896839916706085,0
lsa-inspired-late-mnist-20-20261004,3,1,output,sparsity,0.015384615384615385,0
lsa-inspired-late-mnist-20-20261004,3,1,output,skewness,0.7374151087916967,0
lsa-inspired-late-mnist-20-20261004,3,1,output,kurtosis,4.812272318993994,0
lsa-inspired-late-mnist-20-20261004,3,2,conv1,mean,0.0004391659182147123,0
lsa-inspired-late-mnist-20-20261004,3,2,conv1,std,0.0008849835297061872,0
lsa-inspired-late-mnist-20-20261004,3,2,conv1,median,6.52894377708435e-05,0
lsa-inspired-late-mnist-20-20261004,3,2,conv1,min,-0.0011916011571884155,0
lsa-inspired-late-mnist-20-20261004,3,2,conv1,max,0.0034381449222564697,0
lsa-inspired-late-mnist-20-20261004,3,2,conv1,l1,0.09343374730087817,0
lsa-inspired-late-mnist-20-20261004,3,2,conv1,l2,0.012496799920444229,0
lsa-inspired-late-mnist-20-20261004,3,2,conv1,max_abs,0.0034381449222564697,0
lsa-inspired-late-mnist-20-20261004,3,2,conv1,sparsity,0.0,0
lsa-inspired-late-mnist-20-20261004,3,2,conv1,skewness,1.4146436639536357,0
lsa-inspired-late-mnist-20-20261004,3,2,conv1,kurtosis,1.3472363781063956,0
lsa-inspired-late-mnist-20-20261004,3,2,conv2,mean,0.00012204050673721338,0
lsa-inspired-late-mnist-20-20261004,3,2,conv2,std,0.00039842431623046486,0
lsa-inspired-late-mnist-20-20261004,3,2,conv2,median,2.866145223379135e-05,0
lsa-inspired-late-mnist-20-20261004,3,2,conv2,min,-0.0016090413555502892,0
lsa-inspired-late-mnist-20-20261004,3,2,conv2,max,0.004033733159303665,0
lsa-inspired-late-mnist-20-20261004,3,2,conv2,l1,0.9927091084973654,0
lsa-inspired-late-mnist-20-20261004,3,2,conv2,l2,0.02838433035434386,0
lsa-inspired-late-mnist-20-20261004,3,2,conv2,max_abs,0.004033733159303665,0
lsa-inspired-late-mnist-20-20261004,3,2,conv2,sparsity,0.00021551724137931034,0
lsa-inspired-late-mnist-20-20261004,3,2,conv2,skewness,3.1847142063624974,0
lsa-inspired-late-mnist-20-20261004,3,2,conv2,kurtosis,18.903822437688405,0
lsa-inspired-late-mnist-20-20261004,3,2,fc1,mean,2.5400799509913776e-05,0
lsa-inspired-late-mnist-20-20261004,3,2,fc1,std,0.00019944738272053398,0
lsa-inspired-late-mnist-20-20261004,3,2,fc1,median,0.0,0
lsa-inspired-late-mnist-20-20261004,3,2,fc1,min,-0.002861841581761837,0
lsa-inspired-late-mnist-20-20261004,3,2,fc1,max,0.003019781783223152,0
lsa-inspired-late-mnist-20-20261004,3,2,fc1,l1,9.596757871704767,0
lsa-inspired-late-mnist-20-20261004,3,2,fc1,l2,0.06371234169266392,0
lsa-inspired-late-mnist-20-20261004,3,2,fc1,max_abs,0.003019781783223152,0
lsa-inspired-late-mnist-20-20261004,3,2,fc1,sparsity,0.07127350223072021,0
lsa-inspired-late-mnist-20-20261004,3,2,fc1,skewness,1.6580612852528411,0
lsa-inspired-late-mnist-20-20261004,3,2,fc1,kurtosis,25.417515995855638,0
lsa-inspired-late-mnist-20-20261004,3,2,output,mean,7.849079198562181e-11,0
lsa-inspired-late-mnist-20-20261004,3,2,output,std,0.000652623518172221,0
lsa-inspired-late-mnist-20-20261004,3,2,output,median,-5.278736352920532e-06,0
lsa-inspired-late-mnist-20-20261004,3,2,output,min,-0.0029498785734176636,0
lsa-inspired-late-mnist-20-20261004,3,2,output,max,0.0035875514149665833,0
lsa-inspired-late-mnist-20-20261004,3,2,output,l1,0.2688802962366026,0
lsa-inspired-late-mnist-20-20261004,3,2,output,l2,0.016638700270948773,0
lsa-inspired-late-mnist-20-20261004,3,2,output,max_abs,0.0035875514149665833,0
lsa-inspired-late-mnist-20-20261004,3,2,output,sparsity,0.015384615384615385,0
lsa-inspired-late-mnist-20-20261004,3,2,output,skewness,0.6129398405676132,0
lsa-inspired-late-mnist-20-20261004,3,2,output,kurtosis,4.192473913774015,0
lsa-inspired-late-mnist-20-20261004,3,3,conv1,mean,0.0004803154530236498,0
lsa-inspired-late-mnist-20-20261004,3,3,conv1,std,0.0009433287339643204,0
lsa-inspired-late-mnist-20-20261004,3,3,conv1,median,0.0001026540994644165,0
lsa-inspired-late-mnist-20-20261004,3,3,conv1,min,-0.0010214149951934814,0
lsa-inspired-late-mnist-20-20261004,3,3,conv1,max,0.003641277551651001,0
lsa-inspired-late-mnist-20-20261004,3,3,conv1,l1,0.10140322567895055,0
lsa-inspired-late-mnist-20-20261004,3,3,conv1,l2,0.01338997854956335,0
lsa-inspired-late-mnist-20-20261004,3,3,conv1,max_abs,0.003641277551651001,0
lsa-inspired-late-mnist-20-20261004,3,3,conv1,sparsity,0.0,0
lsa-inspired-late-mnist-20-20261004,3,3,conv1,skewness,1.4858441547340309,0
lsa-inspired-late-mnist-20-20261004,3,3,conv1,kurtosis,1.5768083876650651,0
lsa-inspired-late-mnist-20-20261004,3,3,conv2,mean,0.00015088456930792242,0
lsa-inspired-late-mnist-20-20261004,3,3,conv2,std,0.00041880783190366313,0
lsa-inspired-late-mnist-20-20261004,3,3,conv2,median,4.149600863456726e-05,0
lsa-inspired-late-mnist-20-20261004,3,3,conv2,min,-0.001529194414615631,0
lsa-inspired-late-mnist-20-20261004,3,3,conv2,max,0.0037108035758137703,0
lsa-inspired-late-mnist-20-20261004,3,3,conv2,l1,1.0757352446707955,0
lsa-inspired-late-mnist-20-20261004,3,3,conv2,l2,0.030323109197451216,0
lsa-inspired-late-mnist-20-20261004,3,3,conv2,max_abs,0.0037108035758137703,0
lsa-inspired-late-mnist-20-20261004,3,3,conv2,sparsity,0.000646551724137931,0
lsa-inspired-late-mnist-20-20261004,3,3,conv2,skewness,3.0908351766246422,0
lsa-inspired-late-mnist-20-20261004,3,3,conv2,kurtosis,15.194854465118787,0
lsa-inspired-late-mnist-20-20261004,3,3,fc1,mean,2.6474343269464802e-05,0
lsa-inspired-late-mnist-20-20261004,3,3,fc1,std,0.00021554748557969165,0
lsa-inspired-late-mnist-20-20261004,3,3,fc1,median,0.0,0
lsa-inspired-late-mnist-20-20261004,3,3,fc1,min,-0.002999111544340849,0
lsa-inspired-late-mnist-20-20261004,3,3,fc1,max,0.0035087354481220245,0
lsa-inspired-late-mnist-20-20261004,3,3,fc1,l1,10.252642108378325,0
lsa-inspired-late-mnist-20-20261004,3,3,fc1,l2,0.06881700493798357,0
lsa-inspired-late-mnist-20-20261004,3,3,fc1,max_abs,0.0035087354481220245,0
lsa-inspired-late-mnist-20-20261004,3,3,fc1,sparsity,0.07171167941363926,0
lsa-inspired-late-mnist-20-20261004,3,3,fc1,skewness,1.9169265135969202,0
lsa-inspired-late-mnist-20-20261004,3,3,fc1,kurtosis,26.88512828755756,0
lsa-inspired-late-mnist-20-20261004,3,3,output,mean,-1.4641465475926033e-11,0
lsa-inspired-late-mnist-20-20261004,3,3,output,std,0.0007519717898829729,0
lsa-inspired-late-mnist-20-20261004,3,3,output,median,-9.220093488693237e-06,0
lsa-inspired-late-mnist-20-20261004,3,3,output,min,-0.0038542072288691998,0
lsa-inspired-late-mnist-20-20261004,3,3,output,max,0.00414612889289856,0
lsa-inspired-late-mnist-20-20261004,3,3,output,l1,0.30212129777646624,0
lsa-inspired-late-mnist-20-20261004,3,3,output,l2,0.019171594151422864,0
lsa-inspired-late-mnist-20-20261004,3,3,output,max_abs,0.00414612889289856,0
lsa-inspired-late-mnist-20-20261004,3,3,output,sparsity,0.015384615384615385,0
lsa-inspired-late-mnist-20-20261004,3,3,output,skewness,0.8803844970013417,0
lsa-inspired-late-mnist-20-20261004,3,3,output,kurtosis,5.41190003936874,0
lsa-inspired-late-mnist-20-20261004,3,4,conv1,mean,0.00047356844806927255,0
lsa-inspired-late-mnist-20-20261004,3,4,conv1,std,0.0009159352085910327,0
lsa-inspired-late-mnist-20-20261004,3,4,conv1,median,9.259581565856934e-05,0
lsa-inspired-late-mnist-20-20261004,3,4,conv1,min,-0.001163870096206665,0
lsa-inspired-late-mnist-20-20261004,3,4,conv1,max,0.0035324692726135254,0
lsa-inspired-late-mnist-20-20261004,3,4,conv1,l1,0.09689482289832085,0
lsa-inspired-late-mnist-20-20261004,3,4,conv1,l2,0.013042725980980741,0
lsa-inspired-late-mnist-20-20261004,3,4,conv1,max_abs,0.0035324692726135254,0
lsa-inspired-late-mnist-20-20261004,3,4,conv1,sparsity,0.0,0
lsa-inspired-late-mnist-20-20261004,3,4,conv1,skewness,1.5545887241100387,0
lsa-inspired-late-mnist-20-20261004,3,4,conv1,kurtosis,1.9099756594395094,0
lsa-inspired-late-mnist-20-20261004,3,4,conv2,mean,0.00012740865354003448,0
lsa-inspired-late-mnist-20-20261004,3,4,conv2,std,0.00042618265401823973,0
lsa-inspired-late-mnist-20-20261004,3,4,conv2,median,2.5911489501595497e-05,0
lsa-inspired-late-mnist-20-20261004,3,4,conv2,min,-0.0013287505134940147,0
lsa-inspired-late-mnist-20-20261004,3,4,conv2,max,0.004274958744645119,0
lsa-inspired-late-mnist-20-20261004,3,4,conv2,l1,1.0772780810875702,0
lsa-inspired-late-mnist-20-20261004,3,4,conv2,l2,0.030300030278280682,0
lsa-inspired-late-mnist-20-20261004,3,4,conv2,max_abs,0.004274958744645119,0
lsa-inspired-late-mnist-20-20261004,3,4,conv2,sparsity,0.0004310344827586207,0
lsa-inspired-late-mnist-20-20261004,3,4,conv2,skewness,3.1594857643895695,0
lsa-inspired-late-mnist-20-20261004,3,4,conv2,kurtosis,17.931154835547954,0
lsa-inspired-late-mnist-20-20261004,3,4,fc1,mean,2.3937003168041185e-05,0
lsa-inspired-late-mnist-20-20261004,3,4,fc1,std,0.00021582767802204514,0
lsa-inspired-late-mnist-20-20261004,3,4,fc1,median,0.0,0
lsa-inspired-late-mnist-20-20261004,3,4,fc1,min,-0.0029092952609062195,0
lsa-inspired-late-mnist-20-20261004,3,4,fc1,max,0.003470540512353182,0
lsa-inspired-late-mnist-20-20261004,3,4,fc1,l1,10.236572344719889,0
lsa-inspired-late-mnist-20-20261004,3,4,fc1,l2,0.06881186650470542,0
lsa-inspired-late-mnist-20-20261004,3,4,fc1,max_abs,0.003470540512353182,0
lsa-inspired-late-mnist-20-20261004,3,4,fc1,sparsity,0.08305449330783939,0
lsa-inspired-late-mnist-20-20261004,3,4,fc1,skewness,1.720108633957602,0
lsa-inspired-late-mnist-20-20261004,3,4,fc1,kurtosis,28.915904931840743,0
lsa-inspired-late-mnist-20-20261004,3,4,output,mean,-5.735693356165519e-11,0
lsa-inspired-late-mnist-20-20261004,3,4,output,std,0.0007869160106917254,0
lsa-inspired-late-mnist-20-20261004,3,4,output,median,-9.074807167053223e-06,0
lsa-inspired-late-mnist-20-20261004,3,4,output,min,-0.004695169627666473,0
lsa-inspired-late-mnist-20-20261004,3,4,output,max,0.0053400918841362,0
lsa-inspired-late-mnist-20-20261004,3,4,output,l1,0.3104687953891698,0
lsa-inspired-late-mnist-20-20261004,3,4,output,l2,0.020062500470378535,0
lsa-inspired-late-mnist-20-20261004,3,4,output,max_abs,0.0053400918841362,0
lsa-inspired-late-mnist-20-20261004,3,4,output,sparsity,0.03076923076923077,0
lsa-inspired-late-mnist-20-20261004,3,4,output,skewness,0.9960389683743245,0
lsa-inspired-late-mnist-20-20261004,3,4,output,kurtosis,8.096724049799452,0
lsa-inspired-late-mnist-20-20261004,4,0,conv1,mean,0.0007519252409110777,0
lsa-inspired-late-mnist-20-20261004,4,0,conv1,std,0.0013408399902565848,0
lsa-inspired-late-mnist-20-20261004,4,0,conv1,median,0.00010859966278076172,0
lsa-inspired-late-mnist-20-20261004,4,0,conv1,min,-0.0013061165809631348,0
lsa-inspired-late-mnist-20-20261004,4,0,conv1,max,0.005182504653930664,0
lsa-inspired-late-mnist-20-20261004,4,0,conv1,l1,0.14306564698927104,0
lsa-inspired-late-mnist-20-20261004,4,0,conv1,l2,0.019445280959206366,0
lsa-inspired-late-mnist-20-20261004,4,0,conv1,max_abs,0.005182504653930664,0
lsa-inspired-late-mnist-20-20261004,4,0,conv1,sparsity,0.0,0
lsa-inspired-late-mnist-20-20261004,4,0,conv1,skewness,1.4863425922351934,0
lsa-inspired-late-mnist-20-20261004,4,0,conv1,kurtosis,1.3658183500701764,0
lsa-inspired-late-mnist-20-20261004,4,0,conv2,mean,0.0002014591738300404,0
lsa-inspired-late-mnist-20-20261004,4,0,conv2,std,0.000542442257179321,0
lsa-inspired-late-mnist-20-20261004,4,0,conv2,median,5.067279562354088e-05,0
lsa-inspired-late-mnist-20-20261004,4,0,conv2,min,-0.0013706237077713013,0
lsa-inspired-late-mnist-20-20261004,4,0,conv2,max,0.005554765462875366,0
lsa-inspired-late-mnist-20-20261004,4,0,conv2,l1,1.357242209443939,0
lsa-inspired-late-mnist-20-20261004,4,0,conv2,l2,0.03941583972309263,0
lsa-inspired-late-mnist-20-20261004,4,0,conv2,max_abs,0.005554765462875366,0
lsa-inspired-late-mnist-20-20261004,4,0,conv2,sparsity,0.0,0
lsa-inspired-late-mnist-20-20261004,4,0,conv2,skewness,3.4513273798506416,0
lsa-inspired-late-mnist-20-20261004,4,0,conv2,kurtosis,19.03531781519432,0
lsa-inspired-late-mnist-20-20261004,4,0,fc1,mean,3.2110282499052447e-05,0
lsa-inspired-late-mnist-20-20261004,4,0,fc1,std,0.00023872824739774,0
lsa-inspired-late-mnist-20-20261004,4,0,fc1,median,0.0,0
lsa-inspired-late-mnist-20-20261004,4,0,fc1,min,-0.0035559548996388912,0
lsa-inspired-late-mnist-20-20261004,4,0,fc1,max,0.004314369522035122,0
lsa-inspired-late-mnist-20-20261004,4,0,fc1,l1,11.072435115745748,0
lsa-inspired-late-mnist-20-20261004,4,0,fc1,l2,0.0763306091241071,0
lsa-inspired-late-mnist-20-20261004,4,0,fc1,max_abs,0.004314369522035122,0
lsa-inspired-late-mnist-20-20261004,4,0,fc1,sparsity,0.07461958253664755,0
lsa-inspired-late-mnist-20-20261004,4,0,fc1,skewness,2.0610406779655235,0
lsa-inspired-late-mnist-20-20261004,4,0,fc1,kurtosis,30.74377902472193,0
lsa-inspired-late-mnist-20-20261004,4,0,output,mean,-1.7014547036244318e-10,0
lsa-inspired-late-mnist-20-20261004,4,0,output,std,0.0008545934609368903,0
lsa-inspired-late-mnist-20-20261004,4,0,output,median,-2.834480255842209e-06,0
lsa-inspired-late-mnist-20-20261004,4,0,output,min,-0.0035044881515204906,0
lsa-inspired-late-mnist-20-20261004,4,0,output,max,0.0033862292766571045,0
lsa-inspired-late-mnist-20-20261004,4,0,output,l1,0.3608174043474719,0
lsa-inspired-late-mnist-20-20261004,4,0,output,l2,0.021787943667530417,0
lsa-inspired-late-mnist-20-20261004,4,0,output,max_abs,0.0035044881515204906,0
lsa-inspired-late-mnist-20-20261004,4,0,output,sparsity,0.015384615384615385,0
lsa-inspired-late-mnist-20-20261004,4,0,output,skewness,0.20031114718429782,0
lsa-inspired-late-mnist-20-20261004,4,0,output,kurtosis,2.235941832612811,0
lsa-inspired-late-mnist-20-20261004,4,1,conv1,mean,0.0006821879840572364,0
lsa-inspired-late-mnist-20-20261004,4,1,conv1,std,0.001256530976054001,0
lsa-inspired-late-mnist-20-20261004,4,1,conv1,median,0.00011660903692245483,0
lsa-inspired-late-mnist-20-20261004,4,1,conv1,min,-0.0012135505676269531,0
lsa-inspired-late-mnist-20-20261004,4,1,conv1,max,0.004834622144699097,0
lsa-inspired-late-mnist-20-20261004,4,1,conv1,l1,0.13434795220382512,0
lsa-inspired-late-mnist-20-20261004,4,1,conv1,l2,0.01808535557571505,0
lsa-inspired-late-mnist-20-20261004,4,1,conv1,max_abs,0.004834622144699097,0
lsa-inspired-late-mnist-20-20261004,4,1,conv1,sparsity,0.0,0
lsa-inspired-late-mnist-20-20261004,4,1,conv1,skewness,1.4674078586104886,0
lsa-inspired-late-mnist-20-20261004,4,1,conv1,kurtosis,1.2928144419591536,0
lsa-inspired-late-mnist-20-20261004,4,1,conv2,mean,0.00018388687492696244,0
lsa-inspired-late-mnist-20-20261004,4,1,conv2,std,0.0005047291661543474,0
lsa-inspired-late-mnist-20-20261004,4,1,conv2,median,5.0848349928855896e-05,0
lsa-inspired-late-mnist-20-20261004,4,1,conv2,min,-0.0012722313404083252,0
lsa-inspired-late-mnist-20-20261004,4,1,conv2,max,0.005185957998037338,0
lsa-inspired-late-mnist-20-20261004,4,1,conv2,l1,1.283256350485317,0
lsa-inspired-late-mnist-20-20261004,4,1,conv2,l2,0.036591608883307106,0
lsa-inspired-late-mnist-20-20261004,4,1,conv2,max_abs,0.005185957998037338,0
lsa-inspired-late-mnist-20-20261004,4,1,conv2,sparsity,0.0010775862068965517,0
lsa-inspired-late-mnist-20-20261004,4,1,conv2,skewness,3.4314846936083065,0
lsa-inspired-late-mnist-20-20261004,4,1,conv2,kurtosis,19.6280618452109,0
lsa-inspired-late-mnist-20-20261004,4,1,fc1,mean,1.817575203178423e-05,0
lsa-inspired-late-mnist-20-20261004,4,1,fc1,std,0.0002281879024381294,0
lsa-inspired-late-mnist-20-20261004,4,1,fc1,median,0.0,0
lsa-inspired-late-mnist-20-20261004,4,1,fc1,min,-0.0033647045493125916,0
lsa-inspired-late-mnist-20-20261004,4,1,fc1,max,0.003871150314807892,0
lsa-inspired-late-mnist-20-20261004,4,1,fc1,l1,10.774396178503366,0
lsa-inspired-late-mnist-20-20261004,4,1,fc1,l2,0.07253830787965988,0
lsa-inspired-late-mnist-20-20261004,4,1,fc1,max_abs,0.003871150314807892,0
lsa-inspired-late-mnist-20-20261004,4,1,fc1,sparsity,0.07485858827278521,0
lsa-inspired-late-mnist-20-20261004,4,1,fc1,skewness,1.70965264918376,0
lsa-inspired-late-mnist-20-20261004,4,1,fc1,kurtosis,28.028681006390247,0
lsa-inspired-late-mnist-20-20261004,4,1,output,mean,5.605845497204707e-10,0
lsa-inspired-late-mnist-20-20261004,4,1,output,std,0.0008686145729802707,0
lsa-inspired-late-mnist-20-20261004,4,1,output,median,-4.4889748096466064e-06,0
lsa-inspired-late-mnist-20-20261004,4,1,output,min,-0.0038036927580833435,0
lsa-inspired-late-mnist-20-20261004,4,1,output,max,0.0041097067296504974,0
lsa-inspired-late-mnist-20-20261004,4,1,output,l1,0.35486066492740065,0
lsa-inspired-late-mnist-20-20261004,4,1,output,l2,0.022145413287091933,0
lsa-inspired-late-mnist-20-20261004,4,1,output,max_abs,0.0041097067296504974,0
lsa-inspired-late-mnist-20-20261004,4,1,output,sparsity,0.015384615384615385,0
lsa-inspired-late-mnist-20-20261004,4,1,output,skewness,0.8244809116766292,0
lsa-inspired-late-mnist-20-20261004,4,1,output,kurtosis,3.961180191810512,0
lsa-inspired-late-mnist-20-20261004,4,2,conv1,mean,0.0007018472235358786,0
lsa-inspired-late-mnist-20-20261004,4,2,conv1,std,0.001299623367154286,0
lsa-inspired-late-mnist-20-20261004,4,2,conv1,median,9.151548147201538e-05,0
lsa-inspired-late-mnist-20-20261004,4,2,conv1,min,-0.0013655275106430054,0
lsa-inspired-late-mnist-20-20261004,4,2,conv1,max,0.005086183547973633,0
lsa-inspired-late-mnist-20-20261004,4,2,conv1,l1,0.13697353017050773,0
lsa-inspired-late-mnist-20-20261004,4,2,conv1,l2,0.018683085062755414,0
lsa-inspired-late-mnist-20-20261004,4,2,conv1,max_abs,0.005086183547973633,0
lsa-inspired-late-mnist-20-20261004,4,2,conv1,sparsity,0.0,0
lsa-inspired-late-mnist-20-20261004,4,2,conv1,skewness,1.4810179035838018,0
lsa-inspired-late-mnist-20-20261004,4,2,conv1,kurtosis,1.3355675781229959,0
lsa-inspired-late-mnist-20-20261004,4,2,conv2,mean,0.00018418143747488824,0
lsa-inspired-late-mnist-20-20261004,4,2,conv2,std,0.0005185648043623853,0
lsa-inspired-late-mnist-20-20261004,4,2,conv2,median,4.3631065636873245e-05,0
lsa-inspired-late-mnist-20-20261004,4,2,conv2,min,-0.0015632892027497292,0
lsa-inspired-late-mnist-20-20261004,4,2,conv2,max,0.005572851747274399,0
lsa-inspired-late-mnist-20-20261004,4,2,conv2,l1,1.2568013779527973,0
lsa-inspired-late-mnist-20-20261004,4,2,conv2,l2,0.03748521946320226,0
lsa-inspired-late-mnist-20-20261004,4,2,conv2,max_abs,0.005572851747274399,0
lsa-inspired-late-mnist-20-20261004,4,2,conv2,sparsity,0.0,0
lsa-inspired-late-mnist-20-20261004,4,2,conv2,skewness,3.6599784739449555,0
lsa-inspired-late-mnist-20-20261004,4,2,conv2,kurtosis,22.08928878996183,0
lsa-inspired-late-mnist-20-20261004,4,2,fc1,mean,3.630164056636806e-05,0
lsa-inspired-late-mnist-20-20261004,4,2,fc1,std,0.0002212227600725785,0
lsa-inspired-late-mnist-20-20261004,4,2,fc1,median,1.5995465219020844e-07,0
lsa-inspired-late-mnist-20-20261004,4,2,fc1,min,-0.0029556062072515488,0
lsa-inspired-late-mnist-20-20261004,4,2,fc1,max,0.0035164300352334976,0
lsa-inspired-late-mnist-20-20261004,4,2,fc1,l1,10.703150378023793,0
lsa-inspired-late-mnist-20-20261004,4,2,fc1,l2,0.07103969955430292,0
lsa-inspired-late-mnist-20-20261004,4,2,fc1,max_abs,0.0035164300352334976,0
lsa-inspired-late-mnist-20-20261004,4,2,fc1,sparsity,0.0731357552581262,0
lsa-inspired-late-mnist-20-20261004,4,2,fc1,skewness,1.9071459724825401,0
lsa-inspired-late-mnist-20-20261004,4,2,fc1,kurtosis,24.063535081541644,0
lsa-inspired-late-mnist-20-20261004,4,2,output,mean,4.717954792655431e-10,0
lsa-inspired-late-mnist-20-20261004,4,2,output,std,0.0008231847036235427,0
lsa-inspired-late-mnist-20-20261004,4,2,output,median,-4.4284388422966e-06,0
lsa-inspired-late-mnist-20-20261004,4,2,output,min,-0.0032929256558418274,0
lsa-inspired-late-mnist-20-20261004,4,2,output,max,0.0042540207505226135,0
lsa-inspired-late-mnist-20-20261004,4,2,output,l1,0.3355824090249371,0
lsa-inspired-late-mnist-20-20261004,4,2,output,l2,0.020987174335341134,0
lsa-inspired-late-mnist-20-20261004,4,2,output,max_abs,0.0042540207505226135,0
lsa-inspired-late-mnist-20-20261004,4,2,output,sparsity,0.015384615384615385,0
lsa-inspired-late-mnist-20-20261004,4,2,output,skewness,0.6500952688831726,0
lsa-inspired-late-mnist-20-20261004,4,2,output,kurtosis,4.151039281945753,0
lsa-inspired-late-mnist-20-20261004,4,3,conv1,mean,0.0007750680597382598,0
lsa-inspired-late-mnist-20-20261004,4,3,conv1,std,0.0014220349101781566,0
lsa-inspired-late-mnist-20-20261004,4,3,conv1,median,9.180977940559387e-05,0
lsa-inspired-late-mnist-20-20261004,4,3,conv1,min,-0.0014386475086212158,0
lsa-inspired-late-mnist-20-20261004,4,3,conv1,max,0.0055543482303619385,0
lsa-inspired-late-mnist-20-20261004,4,3,conv1,l1,0.14932128484360874,0
lsa-inspired-late-mnist-20-20261004,4,3,conv1,l2,0.020485756155892623,0
lsa-inspired-late-mnist-20-20261004,4,3,conv1,max_abs,0.0055543482303619385,0
lsa-inspired-late-mnist-20-20261004,4,3,conv1,sparsity,0.0,0
lsa-inspired-late-mnist-20-20261004,4,3,conv1,skewness,1.5036266042073936,0
lsa-inspired-late-mnist-20-20261004,4,3,conv1,kurtosis,1.4569228350166838,0
lsa-inspired-late-mnist-20-20261004,4,3,conv2,mean,0.00022429262922224583,0
lsa-inspired-late-mnist-20-20261004,4,3,conv2,std,0.0005563842466679452,0
lsa-inspired-late-mnist-20-20261004,4,3,conv2,median,6.285309791564941e-05,0
lsa-inspired-late-mnist-20-20261004,4,3,conv2,min,-0.0014914879575371742,0
lsa-inspired-late-mnist-20-20261004,4,3,conv2,max,0.0053542256355285645,0
lsa-inspired-late-mnist-20-20261004,4,3,conv2,l1,1.386237310620345,0
lsa-inspired-late-mnist-20-20261004,4,3,conv2,l2,0.040863182040456636,0
lsa-inspired-late-mnist-20-20261004,4,3,conv2,max_abs,0.0053542256355285645,0
lsa-inspired-late-mnist-20-20261004,4,3,conv2,sparsity,0.0004310344827586207,0
lsa-inspired-late-mnist-20-20261004,4,3,conv2,skewness,3.447198012165606,0
lsa-inspired-late-mnist-20-20261004,4,3,conv2,kurtosis,17.552225935661216,0
lsa-inspired-late-mnist-20-20261004,4,3,fc1,mean,3.154211235900247e-05,0
lsa-inspired-late-mnist-20-20261004,4,3,fc1,std,0.000235034989754068,0
lsa-inspired-late-mnist-20-20261004,4,3,fc1,median,0.0,0
lsa-inspired-late-mnist-20-20261004,4,3,fc1,min,-0.0027062837034463882,0
lsa-inspired-late-mnist-20-20261004,4,3,fc1,max,0.0038092415779829025,0
lsa-inspired-late-mnist-20-20261004,4,3,fc1,l1,11.038475667631957,0
lsa-inspired-late-mnist-20-20261004,4,3,fc1,l2,0.07514671947730489,0
lsa-inspired-late-mnist-20-20261004,4,3,fc1,max_abs,0.0038092415779829025,0
lsa-inspired-late-mnist-20-20261004,4,3,fc1,sparsity,0.082138304652645,0
lsa-inspired-late-mnist-20-20261004,4,3,fc1,skewness,2.0791288335050107,0
lsa-inspired-late-mnist-20-20261004,4,3,fc1,kurtosis,27.19852810420298,0
lsa-inspired-late-mnist-20-20261004,4,3,output,mean,-2.342186724910369e-10,0
lsa-inspired-late-mnist-20-20261004,4,3,output,std,0.000929440786308631,0
lsa-inspired-late-mnist-20-20261004,4,3,output,median,-6.292015314102173e-06,0
lsa-inspired-late-mnist-20-20261004,4,3,output,min,-0.0037606344558298588,0
lsa-inspired-late-mnist-20-20261004,4,3,output,max,0.004919033497571945,0
lsa-inspired-late-mnist-20-20261004,4,3,output,l1,0.3769698112446349,0
lsa-inspired-late-mnist-20-20261004,4,3,output,l2,0.023696183530584405,0
lsa-inspired-late-mnist-20-20261004,4,3,output,max_abs,0.004919033497571945,0
lsa-inspired-late-mnist-20-20261004,4,3,output,sparsity,0.03076923076923077,0
lsa-inspired-late-mnist-20-20261004,4,3,output,skewness,0.9842475253869829,0
lsa-inspired-late-mnist-20-20261004,4,3,output,kurtosis,4.767787959799942,0
lsa-inspired-late-mnist-20-20261004,4,4,conv1,mean,0.0007561861697467975,0
lsa-inspired-late-mnist-20-20261004,4,4,conv1,std,0.001386290894919982,0
lsa-inspired-late-mnist-20-20261004,4,4,conv1,median,8.574500679969788e-05,0
lsa-inspired-late-mnist-20-20261004,4,4,conv1,min,-0.0013927668333053589,0
lsa-inspired-late-mnist-20-20261004,4,4,conv1,max,0.005475133657455444,0
lsa-inspired-late-mnist-20-20261004,4,4,conv1,l1,0.14395231031812727,0
lsa-inspired-late-mnist-20-20261004,4,4,conv1,l2,0.019974463571888493,0
lsa-inspired-late-mnist-20-20261004,4,4,conv1,max_abs,0.005475133657455444,0
lsa-inspired-late-mnist-20-20261004,4,4,conv1,sparsity,0.0,0
lsa-inspired-late-mnist-20-20261004,4,4,conv1,skewness,1.5731530510265646,0
lsa-inspired-late-mnist-20-20261004,4,4,conv1,kurtosis,1.6727839730188059,0
lsa-inspired-late-mnist-20-20261004,4,4,conv2,mean,0.00019586048179556607,0
lsa-inspired-late-mnist-20-20261004,4,4,conv2,std,0.0005630426952838279,0
lsa-inspired-late-mnist-20-20261004,4,4,conv2,median,4.455307498574257e-05,0
lsa-inspired-late-mnist-20-20261004,4,4,conv2,min,-0.0014073699712753296,0
lsa-inspired-late-mnist-20-20261004,4,4,conv2,max,0.006094291806221008,0
lsa-inspired-late-mnist-20-20261004,4,4,conv2,l1,1.355946877203678,0
lsa-inspired-late-mnist-20-20261004,4,4,conv2,l2,0.04060733676804406,0
lsa-inspired-late-mnist-20-20261004,4,4,conv2,max_abs,0.006094291806221008,0
lsa-inspired-late-mnist-20-20261004,4,4,conv2,sparsity,0.00021551724137931034,0
lsa-inspired-late-mnist-20-20261004,4,4,conv2,skewness,3.7422843171848172,0
lsa-inspired-late-mnist-20-20261004,4,4,conv2,kurtosis,22.791167927190553,0
lsa-inspired-late-mnist-20-20261004,4,4,fc1,mean,2.9926191271507128e-05,0
lsa-inspired-late-mnist-20-20261004,4,4,fc1,std,0.00023848998305835096,0
lsa-inspired-late-mnist-20-20261004,4,4,fc1,median,0.0,0
lsa-inspired-late-mnist-20-20261004,4,4,fc1,min,-0.002984199672937393,0
lsa-inspired-late-mnist-20-20261004,4,4,fc1,max,0.0041053276509046555,0
lsa-inspired-late-mnist-20-20261004,4,4,fc1,l1,11.21669942895619,0
lsa-inspired-late-mnist-20-20261004,4,4,fc1,l2,0.07616651812101892,0
lsa-inspired-late-mnist-20-20261004,4,4,fc1,max_abs,0.0041053276509046555,0
lsa-inspired-late-mnist-20-20261004,4,4,fc1,sparsity,0.08133166029318037,0
lsa-inspired-late-mnist-20-20261004,4,4,fc1,skewness,2.203919905858438,0
lsa-inspired-late-mnist-20-20261004,4,4,fc1,kurtosis,30.465568146131034,0
lsa-inspired-late-mnist-20-20261004,4,4,output,mean,-5.104364110873296e-12,0
lsa-inspired-late-mnist-20-20261004,4,4,output,std,0.0009634244286186973,0
lsa-inspired-late-mnist-20-20261004,4,4,output,median,-5.360692739486694e-06,0
lsa-inspired-late-mnist-20-20261004,4,4,output,min,-0.0045730844140052795,0
lsa-inspired-late-mnist-20-20261004,4,4,output,max,0.005182862281799316,0
lsa-inspired-late-mnist-20-20261004,4,4,output,l1,0.38610420475015417,0
lsa-inspired-late-mnist-20-20261004,4,4,output,l2,0.024562599806993584,0
lsa-inspired-late-mnist-20-20261004,4,4,output,max_abs,0.005182862281799316,0
lsa-inspired-late-mnist-20-20261004,4,4,output,sparsity,0.03076923076923077,0
lsa-inspired-late-mnist-20-20261004,4,4,output,skewness,1.0506565162292851,0
lsa-inspired-late-mnist-20-20261004,4,4,output,kurtosis,5.469079775899779,0
lsa-inspired-late-mnist-20-20261004,5,0,conv1,mean,0.0011315116222249343,0
lsa-inspired-late-mnist-20-20261004,5,0,conv1,std,0.001947437584393292,0
lsa-inspired-late-mnist-20-20261004,5,0,conv1,median,0.0002041459083557129,0
lsa-inspired-late-mnist-20-20261004,5,0,conv1,min,-0.0016871988773345947,0
lsa-inspired-late-mnist-20-20261004,5,0,conv1,max,0.007379382848739624,0
lsa-inspired-late-mnist-20-20261004,5,0,conv1,l1,0.20805181050673127,0
lsa-inspired-late-mnist-20-20261004,5,0,conv1,l2,0.028489525643892868,0
lsa-inspired-late-mnist-20-20261004,5,0,conv1,max_abs,0.007379382848739624,0
lsa-inspired-late-mnist-20-20261004,5,0,conv1,sparsity,0.0,0
lsa-inspired-late-mnist-20-20261004,5,0,conv1,skewness,1.4826753977470077,0
lsa-inspired-late-mnist-20-20261004,5,0,conv1,kurtosis,1.2239618797335394,0
lsa-inspired-late-mnist-20-20261004,5,0,conv2,mean,0.00027204058287444584,0
lsa-inspired-late-mnist-20-20261004,5,0,conv2,std,0.0007024405850205626,0
lsa-inspired-late-mnist-20-20261004,5,0,conv2,median,6.991438567638397e-05,0
lsa-inspired-late-mnist-20-20261004,5,0,conv2,min,-0.001689627766609192,0
lsa-inspired-late-mnist-20-20261004,5,0,conv2,max,0.00757579505443573,0
lsa-inspired-late-mnist-20-20261004,5,0,conv2,l1,1.718250538197026,0
lsa-inspired-late-mnist-20-20261004,5,0,conv2,l2,0.05131149855106749,0
lsa-inspired-late-mnist-20-20261004,5,0,conv2,max_abs,0.00757579505443573,0
lsa-inspired-late-mnist-20-20261004,5,0,conv2,sparsity,0.0,0
lsa-inspired-late-mnist-20-20261004,5,0,conv2,skewness,3.703089531834704,0
lsa-inspired-late-mnist-20-20261004,5,0,conv2,kurtosis,21.687180556047334,0
lsa-inspired-late-mnist-20-20261004,5,0,fc1,mean,3.58961469795464e-05,0
lsa-inspired-late-mnist-20-20261004,5,0,fc1,std,0.0002680939316112895,0
lsa-inspired-late-mnist-20-20261004,5,0,fc1,median,0.0,0
lsa-inspired-late-mnist-20-20261004,5,0,fc1,min,-0.004038473591208458,0
lsa-inspired-late-mnist-20-20261004,5,0,fc1,max,0.004864339716732502,0
lsa-inspired-late-mnist-20-20261004,5,0,fc1,l1,12.421375306704022,0
lsa-inspired-late-mnist-20-20261004,5,0,fc1,l2,0.0857130370219377,0
lsa-inspired-late-mnist-20-20261004,5,0,fc1,max_abs,0.004864339716732502,0
lsa-inspired-late-mnist-20-20261004,5,0,fc1,sparsity,0.07379302103250478,0
lsa-inspired-late-mnist-20-20261004,5,0,fc1,skewness,1.973946311022761,0
lsa-inspired-late-mnist-20-20261004,5,0,fc1,kurtosis,31.421392237534775,0
lsa-inspired-late-mnist-20-20261004,5,0,output,mean,-7.647591141554026e-11,0
lsa-inspired-late-mnist-20-20261004,5,0,output,std,0.0011065132380872328,0
lsa-inspired-late-mnist-20-20261004,5,0,output,median,-3.0426308512687683e-06,0
lsa-inspired-late-mnist-20-20261004,5,0,output,min,-0.004348084330558777,0
lsa-inspired-late-mnist-20-20261004,5,0,output,max,0.004347585141658783,0
lsa-inspired-late-mnist-20-20261004,5,0,output,l1,0.47277079871855676,0
lsa-inspired-late-mnist-20-20261004,5,0,output,l2,0.02821066296527776,0
lsa-inspired-late-mnist-20-20261004,5,0,output,max_abs,0.004348084330558777,0
lsa-inspired-late-mnist-20-20261004,5,0,output,sparsity,0.015384615384615385,0
lsa-inspired-late-mnist-20-20261004,5,0,output,skewness,0.22312034845433248,0
lsa-inspired-late-mnist-20-20261004,5,0,output,kurtosis,1.9489450605793772,0
lsa-inspired-late-mnist-20-20261004,5,1,conv1,mean,0.0010549572340096346,0
lsa-inspired-late-mnist-20-20261004,5,1,conv1,std,0.0018587438138279175,0
lsa-inspired-late-mnist-20-20261004,5,1,conv1,median,0.00021722912788391113,0
lsa-inspired-late-mnist-20-20261004,5,1,conv1,min,-0.0015313029289245605,0
lsa-inspired-late-mnist-20-20261004,5,1,conv1,max,0.007207125425338745,0
lsa-inspired-late-mnist-20-20261004,5,1,conv1,l1,0.19729477516375482,0
lsa-inspired-late-mnist-20-20261004,5,1,conv1,l2,0.02703438797097596,0
lsa-inspired-late-mnist-20-20261004,5,1,conv1,max_abs,0.007207125425338745,0
lsa-inspired-late-mnist-20-20261004,5,1,conv1,sparsity,0.0,0
lsa-inspired-late-mnist-20-20261004,5,1,conv1,skewness,1.5028736585919455,0
lsa-inspired-late-mnist-20-20261004,5,1,conv1,kurtosis,1.3165811739061395,0
lsa-inspired-late-mnist-20-20261004,5,1,conv2,mean,0.00025080965218452986,0
lsa-inspired-late-mnist-20-20261004,5,1,conv2,std,0.0006729874911640555,0
lsa-inspired-late-mnist-20-20261004,5,1,conv2,median,6.556697189807892e-05,0
lsa-inspired-late-mnist-20-20261004,5,1,conv2,min,-0.0017390772700309753,0
lsa-inspired-late-mnist-20-20261004,5,1,conv2,max,0.007176626473665237,0
lsa-inspired-late-mnist-20-20261004,5,1,conv2,l1,1.6512659883919696,0
lsa-inspired-late-mnist-20-20261004,5,1,conv2,l2,0.048922324886496095,0
lsa-inspired-late-mnist-20-20261004,5,1,conv2,max_abs,0.007176626473665237,0
lsa-inspired-late-mnist-20-20261004,5,1,conv2,sparsity,0.000646551724137931,0
lsa-inspired-late-mnist-20-20261004,5,1,conv2,skewness,3.6967423972836952,0
lsa-inspired-late-mnist-20-20261004,5,1,conv2,kurtosis,21.878232030821056,0
lsa-inspired-late-mnist-20-20261004,5,1,fc1,mean,2.249980091703433e-05,0
lsa-inspired-late-mnist-20-20261004,5,1,fc1,std,0.00025727849853704286,0
lsa-inspired-late-mnist-20-20261004,5,1,fc1,median,0.0,0
lsa-inspired-late-mnist-20-20261004,5,1,fc1,min,-0.0039235614240169525,0
lsa-inspired-late-mnist-20-20261004,5,1,fc1,max,0.0042298538610339165,0
lsa-inspired-late-mnist-20-20261004,5,1,fc1,l1,12.186664686766107,0
lsa-inspired-late-mnist-20-20261004,5,1,fc1,l2,0.08183882481614738,0
lsa-inspired-late-mnist-20-20261004,5,1,fc1,max_abs,0.0042298538610339165,0
lsa-inspired-late-mnist-20-20261004,5,1,fc1,sparsity,0.07240877947737412,0
lsa-inspired-late-mnist-20-20261004,5,1,fc1,skewness,1.5906507403935775,0
lsa-inspired-late-mnist-20-20261004,5,1,fc1,kurtosis,27.41202134589027,0
lsa-inspired-late-mnist-20-20261004,5,1,output,mean,1.6692166145031268e-10,0
lsa-inspired-late-mnist-20-20261004,5,1,output,std,0.0011245031289018818,0
lsa-inspired-late-mnist-20-20261004,5,1,output,median,-3.441236913204193e-06,0
lsa-inspired-late-mnist-20-20261004,5,1,output,min,-0.003994747996330261,0
lsa-inspired-late-mnist-20-20261004,5,1,output,max,0.005054354667663574,0
lsa-inspired-late-mnist-20-20261004,5,1,output,l1,0.46085314452648163,0
lsa-inspired-late-mnist-20-20261004,5,1,output,l2,0.028669316986834507,0
lsa-inspired-late-mnist-20-20261004,5,1,output,max_abs,0.005054354667663574,0
lsa-inspired-late-mnist-20-20261004,5,1,output,sparsity,0.015384615384615385,0
lsa-inspired-late-mnist-20-20261004,5,1,output,skewness,0.8393955241781782,0
lsa-inspired-late-mnist-20-20261004,5,1,output,kurtosis,3.642577886441483,0
lsa-inspired-late-mnist-20-20261004,5,2,conv1,mean,0.0010770077002234756,0
lsa-inspired-late-mnist-20-20261004,5,2,conv1,std,0.0018854943709580166,0
lsa-inspired-late-mnist-20-20261004,5,2,conv1,median,0.00015836581587791443,0
lsa-inspired-late-mnist-20-20261004,5,2,conv1,min,-0.0016758739948272705,0
lsa-inspired-late-mnist-20-20261004,5,2,conv1,max,0.007316768169403076,0
lsa-inspired-late-mnist-20-20261004,5,2,conv1,l1,0.19943216629326344,0
lsa-inspired-late-mnist-20-20261004,5,2,conv1,l2,0.027466443844822802,0
lsa-inspired-late-mnist-20-20261004,5,2,conv1,max_abs,0.007316768169403076,0
lsa-inspired-late-mnist-20-20261004,5,2,conv1,sparsity,0.0,0
lsa-inspired-late-mnist-20-20261004,5,2,conv1,skewness,1.490559642088966,0
lsa-inspired-late-mnist-20-20261004,5,2,conv1,kurtosis,1.247428214656189,0
lsa-inspired-late-mnist-20-20261004,5,2,conv2,mean,0.00026119206220771266,0
lsa-inspired-late-mnist-20-20261004,5,2,conv2,std,0.0006841880826984943,0
lsa-inspired-late-mnist-20-20261004,5,2,conv2,median,6.266031414270401e-05,0
lsa-inspired-late-mnist-20-20261004,5,2,conv2,min,-0.0017842426896095276,0
lsa-inspired-late-mnist-20-20261004,5,2,conv2,max,0.007383355870842934,0
lsa-inspired-late-mnist-20-20261004,5,2,conv2,l1,1.6399784106943116,0
lsa-inspired-late-mnist-20-20261004,5,2,conv2,l2,0.04988579621518224,0
lsa-inspired-late-mnist-20-20261004,5,2,conv2,max_abs,0.007383355870842934,0
lsa-inspired-late-mnist-20-20261004,5,2,conv2,sparsity,0.0,0
lsa-inspired-late-mnist-20-20261004,5,2,conv2,skewness,3.8080427627481126,0
lsa-inspired-late-mnist-20-20261004,5,2,conv2,kurtosis,22.864014759017387,0
lsa-inspired-late-mnist-20-20261004,5,2,fc1,mean,4.468805701840834e-05,0
lsa-inspired-late-mnist-20-20261004,5,2,fc1,std,0.0002553211951232885,0
lsa-inspired-late-mnist-20-20261004,5,2,fc1,median,2.2165477275848389e-07,0
lsa-inspired-late-mnist-20-20261004,5,2,fc1,min,-0.00377116771414876,0
lsa-inspired-late-mnist-20-20261004,5,2,fc1,max,0.004168519750237465,0
lsa-inspired-late-mnist-20-20261004,5,2,fc1,l1,12.36010630022247,0
lsa-inspired-late-mnist-20-20261004,5,2,fc1,l2,0.08213734145281365,0
lsa-inspired-late-mnist-20-20261004,5,2,fc1,max_abs,0.004168519750237465,0
lsa-inspired-late-mnist-20-20261004,5,2,fc1,sparsity,0.07192080943275972,0
lsa-inspired-late-mnist-20-20261004,5,2,fc1,skewness,1.7952588947764734,0
lsa-inspired-late-mnist-20-20261004,5,2,fc1,kurtosis,23.425946572012354,0
lsa-inspired-late-mnist-20-20261004,5,2,output,mean,-4.085730044887616e-10,0
lsa-inspired-late-mnist-20-20261004,5,2,output,std,0.0010711574668434915,0
lsa-inspired-late-mnist-20-20261004,5,2,output,median,-3.03611159324646e-06,0
lsa-inspired-late-mnist-20-20261004,5,2,output,min,-0.004350103437900543,0
lsa-inspired-late-mnist-20-20261004,5,2,output,max,0.005135245621204376,0
lsa-inspired-late-mnist-20-20261004,5,2,output,l1,0.4366461648896802,0
lsa-inspired-late-mnist-20-20261004,5,2,output,l2,0.027309264127829882,0
lsa-inspired-late-mnist-20-20261004,5,2,output,max_abs,0.005135245621204376,0
lsa-inspired-late-mnist-20-20261004,5,2,output,sparsity,0.015384615384615385,0
lsa-inspired-late-mnist-20-20261004,5,2,output,skewness,0.6176107387688864,0
lsa-inspired-late-mnist-20-20261004,5,2,output,kurtosis,4.077689405549719,0
lsa-inspired-late-mnist-20-20261004,5,3,conv1,mean,0.001180108561675297,0
lsa-inspired-late-mnist-20-20261004,5,3,conv1,std,0.002073875978818391,0
lsa-inspired-late-mnist-20-20261004,5,3,conv1,median,0.00015082955360412598,0
lsa-inspired-late-mnist-20-20261004,5,3,conv1,min,-0.0017210543155670166,0
lsa-inspired-late-mnist-20-20261004,5,3,conv1,max,0.008074015378952026,0
lsa-inspired-late-mnist-20-20261004,5,3,conv1,l1,0.21493924327660352,0
lsa-inspired-late-mnist-20-20261004,5,3,conv1,l2,0.03018242612610001,0
lsa-inspired-late-mnist-20-20261004,5,3,conv1,max_abs,0.008074015378952026,0
lsa-inspired-late-mnist-20-20261004,5,3,conv1,sparsity,0.0,0
lsa-inspired-late-mnist-20-20261004,5,3,conv1,skewness,1.5461831185606345,0
lsa-inspired-late-mnist-20-20261004,5,3,conv1,kurtosis,1.439395729122654,0
lsa-inspired-late-mnist-20-20261004,5,3,conv2,mean,0.0002984099964602012,0
lsa-inspired-late-mnist-20-20261004,5,3,conv2,std,0.0007335205248472815,0
lsa-inspired-late-mnist-20-20261004,5,3,conv2,median,7.75754451751709e-05,0
lsa-inspired-late-mnist-20-20261004,5,3,conv2,min,-0.0017120912671089172,0
lsa-inspired-late-mnist-20-20261004,5,3,conv2,max,0.007512154057621956,0
lsa-inspired-late-mnist-20-20261004,5,3,conv2,l1,1.7860924608212372,0
lsa-inspired-late-mnist-20-20261004,5,3,conv2,l2,0.0539420810936006,0
lsa-inspired-late-mnist-20-20261004,5,3,conv2,max_abs,0.007512154057621956,0
lsa-inspired-late-mnist-20-20261004,5,3,conv2,sparsity,0.0004310344827586207,0
lsa-inspired-late-mnist-20-20261004,5,3,conv2,skewness,3.6903785715070723,0
lsa-inspired-late-mnist-20-20261004,5,3,conv2,kurtosis,20.38776344324909,0
lsa-inspired-late-mnist-20-20261004,5,3,fc1,mean,3.529991856440777e-05,0
lsa-inspired-late-mnist-20-20261004,5,3,fc1,std,0.0002633118068825391,0
lsa-inspired-late-mnist-20-20261004,5,3,fc1,median,0.0,0
lsa-inspired-late-mnist-20-20261004,5,3,fc1,min,-0.0032080449163913727,0
lsa-inspired-late-mnist-20-20261004,5,3,fc1,max,0.004260417073965073,0
lsa-inspired-late-mnist-20-20261004,5,3,fc1,l1,12.32500230312516,0
lsa-inspired-late-mnist-20-20261004,5,3,fc1,l2,0.08418598537326868,0
lsa-inspired-late-mnist-20-20261004,5,3,fc1,max_abs,0.004260417073965073,0
lsa-inspired-late-mnist-20-20261004,5,3,fc1,sparsity,0.0812221159974506,0
lsa-inspired-late-mnist-20-20261004,5,3,fc1,skewness,2.0215847512897325,0
lsa-inspired-late-mnist-20-20261004,5,3,fc1,kurtosis,27.35727239447121,0
lsa-inspired-late-mnist-20-20261004,5,3,output,mean,1.7139917382827172e-10,0
lsa-inspired-late-mnist-20-20261004,5,3,output,std,0.001194123020925625,0
lsa-inspired-late-mnist-20-20261004,5,3,output,median,-4.563480615615845e-06,0
lsa-inspired-late-mnist-20-20261004,5,3,output,min,-0.0043667033314704895,0
lsa-inspired-late-mnist-20-20261004,5,3,output,max,0.005975928157567978,0
lsa-inspired-late-mnist-20-20261004,5,3,output,l1,0.4880395244108513,0
lsa-inspired-late-mnist-20-20261004,5,3,output,l2,0.03044428292665095,0
lsa-inspired-late-mnist-20-20261004,5,3,output,max_abs,0.005975928157567978,0
lsa-inspired-late-mnist-20-20261004,5,3,output,sparsity,0.03076923076923077,0
lsa-inspired-late-mnist-20-20261004,5,3,output,skewness,1.002272215956536,0
lsa-inspired-late-mnist-20-20261004,5,3,output,kurtosis,4.5757186592327095,0
lsa-inspired-late-mnist-20-20261004,5,4,conv1,mean,0.0011618616939813365,0
lsa-inspired-late-mnist-20-20261004,5,4,conv1,std,0.0020159379652236594,0
lsa-inspired-late-mnist-20-20261004,5,4,conv1,median,0.0001962706446647644,0
lsa-inspired-late-mnist-20-20261004,5,4,conv1,min,-0.0016884952783584595,0
lsa-inspired-late-mnist-20-20261004,5,4,conv1,max,0.007877200841903687,0
lsa-inspired-late-mnist-20-20261004,5,4,conv1,l1,0.2104803005931899,0
lsa-inspired-late-mnist-20-20261004,5,4,conv1,l2,0.02943176100900872,0
lsa-inspired-late-mnist-20-20261004,5,4,conv1,max_abs,0.007877200841903687,0
lsa-inspired-late-mnist-20-20261004,5,4,conv1,sparsity,0.0,0
lsa-inspired-late-mnist-20-20261004,5,4,conv1,skewness,1.5723251819598214,0
lsa-inspired-late-mnist-20-20261004,5,4,conv1,kurtosis,1.51877554998147,0
lsa-inspired-late-mnist-20-20261004,5,4,conv2,mean,0.00027871302841127733,0
lsa-inspired-late-mnist-20-20261004,5,4,conv2,std,0.0007401335856681154,0
lsa-inspired-late-mnist-20-20261004,5,4,conv2,median,6.415694952011108e-05,0
lsa-inspired-late-mnist-20-20261004,5,4,conv2,min,-0.0017149224877357483,0
lsa-inspired-late-mnist-20-20261004,5,4,conv2,max,0.008187450468540192,0
lsa-inspired-late-mnist-20-20261004,5,4,conv2,l1,1.7389247149585572,0
lsa-inspired-late-mnist-20-20261004,5,4,conv2,l2,0.053872266153728754,0
lsa-inspired-late-mnist-20-20261004,5,4,conv2,max_abs,0.008187450468540192,0
lsa-inspired-late-mnist-20-20261004,5,4,conv2,sparsity,0.00021551724137931034,0
lsa-inspired-late-mnist-20-20261004,5,4,conv2,skewness,3.952641818494275,0
lsa-inspired-late-mnist-20-20261004,5,4,conv2,kurtosis,24.329740573752137,0
lsa-inspired-late-mnist-20-20261004,5,4,fc1,mean,4.1082102091343115e-05,0
lsa-inspired-late-mnist-20-20261004,5,4,fc1,std,0.0002700874050956065,0
lsa-inspired-late-mnist-20-20261004,5,4,fc1,median,0.0,0
lsa-inspired-late-mnist-20-20261004,5,4,fc1,min,-0.0035458821803331375,0
lsa-inspired-late-mnist-20-20261004,5,4,fc1,max,0.005076838657259941,0
lsa-inspired-late-mnist-20-20261004,5,4,fc1,l1,12.694355729867766,0
lsa-inspired-late-mnist-20-20261004,5,4,fc1,l2,0.08657102683739891,0
lsa-inspired-late-mnist-20-20261004,5,4,fc1,max_abs,0.005076838657259941,0
lsa-inspired-late-mnist-20-20261004,5,4,fc1,sparsity,0.08129182600382409,0
lsa-inspired-late-mnist-20-20261004,5,4,fc1,skewness,2.4046388417989637,0
lsa-inspired-late-mnist-20-20261004,5,4,fc1,kurtosis,31.681751888916395,0
lsa-inspired-late-mnist-20-20261004,5,4,output,mean,1.9226438150956081e-10,0
lsa-inspired-late-mnist-20-20261004,5,4,output,std,0.0012242102726390534,0
lsa-inspired-late-mnist-20-20261004,5,4,output,median,-3.997236490249634e-06,0
lsa-inspired-late-mnist-20-20261004,5,4,output,min,-0.004403315484523773,0
lsa-inspired-late-mnist-20-20261004,5,4,output,max,0.006243817508220673,0
lsa-inspired-late-mnist-20-20261004,5,4,output,l1,0.4948957451269962,0
lsa-inspired-late-mnist-20-20261004,5,4,output,l2,0.031211360344636764,0
lsa-inspired-late-mnist-20-20261004,5,4,output,max_abs,0.006243817508220673,0
lsa-inspired-late-mnist-20-20261004,5,4,output,sparsity,0.03076923076923077,0
lsa-inspired-late-mnist-20-20261004,5,4,output,skewness,1.0619774155063126,0
lsa-inspired-late-mnist-20-20261004,5,4,output,kurtosis,4.465708326333902,0
lsa-inspired-late-mnist-20-20261004,6,0,conv1,mean,0.0016389481803344096,0
lsa-inspired-late-mnist-20-20261004,6,0,conv1,std,0.002760303652115281,0
lsa-inspired-late-mnist-20-20261004,6,0,conv1,median,0.0003357352688908577,0
lsa-inspired-late-mnist-20-20261004,6,0,conv1,min,-0.0021676570177078247,0
lsa-inspired-late-mnist-20-20261004,6,0,conv1,max,0.010225445032119751,0
lsa-inspired-late-mnist-20-20261004,6,0,conv1,l1,0.2948615240165964,0
lsa-inspired-late-mnist-20-20261004,6,0,conv1,l2,0.040606260383743646,0
lsa-inspired-late-mnist-20-20261004,6,0,conv1,max_abs,0.010225445032119751,0
lsa-inspired-late-mnist-20-20261004,6,0,conv1,sparsity,0.0,0
lsa-inspired-late-mnist-20-20261004,6,0,conv1,skewness,1.4796575315478873,0
lsa-inspired-late-mnist-20-20261004,6,0,conv1,kurtosis,1.1057179766946952,0
lsa-inspired-late-mnist-20-20261004,6,0,conv2,mean,0.000352013165035385,0
lsa-inspired-late-mnist-20-20261004,6,0,conv2,std,0.0009043493974399788,0
lsa-inspired-late-mnist-20-20261004,6,0,conv2,median,9.28826630115509e-05,0
lsa-inspired-late-mnist-20-20261004,6,0,conv2,min,-0.0022149458527565002,0
lsa-inspired-late-mnist-20-20261004,6,0,conv2,max,0.010007396340370178,0
lsa-inspired-late-mnist-20-20261004,6,0,conv2,l1,2.1861843695969583,0
lsa-inspired-late-mnist-20-20261004,6,0,conv2,l2,0.06610424728168703,0
lsa-inspired-late-mnist-20-20261004,6,0,conv2,max_abs,0.010007396340370178,0
lsa-inspired-late-mnist-20-20261004,6,0,conv2,sparsity,0.00021551724137931034,0
lsa-inspired-late-mnist-20-20261004,6,0,conv2,skewness,3.7860405484574704,0
lsa-inspired-late-mnist-20-20261004,6,0,conv2,kurtosis,22.72232838755792,0
lsa-inspired-late-mnist-20-20261004,6,0,fc1,mean,3.981745094103873e-05,0
lsa-inspired-late-mnist-20-20261004,6,0,fc1,std,0.0003154915733661326,0
lsa-inspired-late-mnist-20-20261004,6,0,fc1,median,0.0,0
lsa-inspired-late-mnist-20-20261004,6,0,fc1,min,-0.004885811358690262,0
lsa-inspired-late-mnist-20-20261004,6,0,fc1,max,0.005558758974075317,0
lsa-inspired-late-mnist-20-20261004,6,0,fc1,l1,14.583979206169943,0
lsa-inspired-late-mnist-20-20261004,6,0,fc1,l2,0.10076756570022921,0
lsa-inspired-late-mnist-20-20261004,6,0,fc1,max_abs,0.005558758974075317,0
lsa-inspired-late-mnist-20-20261004,6,0,fc1,sparsity,0.0816802103250478,0
lsa-inspired-late-mnist-20-20261004,6,0,fc1,skewness,1.7687235043031202,0
lsa-inspired-late-mnist-20-20261004,6,0,fc1,kurtosis,31.145715010780222,0
lsa-inspired-late-mnist-20-20261004,6,0,output,mean,9.966942553336804e-11,0
lsa-inspired-late-mnist-20-20261004,6,0,output,std,0.0014837369692966961,0
lsa-inspired-late-mnist-20-20261004,6,0,output,median,-2.259388566017151e-06,0
lsa-inspired-late-mnist-20-20261004,6,0,output,min,-0.005895264446735382,0
lsa-inspired-late-mnist-20-20261004,6,0,output,max,0.005530543625354767,0
lsa-inspired-late-mnist-20-20261004,6,0,output,l1,0.6423080579261295,0
lsa-inspired-late-mnist-20-20261004,6,0,output,l2,0.03782801879741445,0
lsa-inspired-late-mnist-20-20261004,6,0,output,max_abs,0.005895264446735382,0
lsa-inspired-late-mnist-20-20261004,6,0,output,sparsity,0.03076923076923077,0
lsa-inspired-late-mnist-20-20261004,6,0,output,skewness,0.2182362673015995,0
lsa-inspired-late-mnist-20-20261004,6,0,output,kurtosis,1.9022128802831997,0
lsa-inspired-late-mnist-20-20261004,6,1,conv1,mean,0.0015809993077709806,0
lsa-inspired-late-mnist-20-20261004,6,1,conv1,std,0.0026833028537120614,0
lsa-inspired-late-mnist-20-20261004,6,1,conv1,median,0.000361517071723938,0
lsa-inspired-late-mnist-20-20261004,6,1,conv1,min,-0.001914873719215393,0
lsa-inspired-late-mnist-20-20261004,6,1,conv1,max,0.010016858577728271,0
lsa-inspired-late-mnist-20-20261004,6,1,conv1,l1,0.28731516923289746,0
lsa-inspired-late-mnist-20-20261004,6,1,conv1,l2,0.03939476719750807,0
lsa-inspired-late-mnist-20-20261004,6,1,conv1,max_abs,0.010016858577728271,0
lsa-inspired-late-mnist-20-20261004,6,1,conv1,sparsity,0.0,0
lsa-inspired-late-mnist-20-20261004,6,1,conv1,skewness,1.4832650574298043,0
lsa-inspired-late-mnist-20-20261004,6,1,conv1,kurtosis,1.1117516523200734,0
lsa-inspired-late-mnist-20-20261004,6,1,conv2,mean,0.00033907126401666983,0
lsa-inspired-late-mnist-20-20261004,6,1,conv2,std,0.0008895108833655315,0
lsa-inspired-late-mnist-20-20261004,6,1,conv2,median,8.22087749838829e-05,0
lsa-inspired-late-mnist-20-20261004,6,1,conv2,min,-0.002202428877353668,0
lsa-inspired-late-mnist-20-20261004,6,1,conv2,max,0.009649820625782013,0
lsa-inspired-late-mnist-20-20261004,6,1,conv2,l1,2.1351181004283717,0
lsa-inspired-late-mnist-20-20261004,6,1,conv2,l2,0.06484414431853673,0
lsa-inspired-late-mnist-20-20261004,6,1,conv2,max_abs,0.009649820625782013,0
lsa-inspired-late-mnist-20-20261004,6,1,conv2,sparsity,0.0004310344827586207,0
lsa-inspired-late-mnist-20-20261004,6,1,conv2,skewness,3.8270241123705944,0
lsa-inspired-late-mnist-20-20261004,6,1,conv2,kurtosis,23.13381268769391,0
lsa-inspired-late-mnist-20-20261004,6,1,fc1,mean,3.244228457391106e-05,0
lsa-inspired-late-mnist-20-20261004,6,1,fc1,std,0.00030491530131191824,0
lsa-inspired-late-mnist-20-20261004,6,1,fc1,median,0.0,0
lsa-inspired-late-mnist-20-20261004,6,1,fc1,min,-0.0044548120349645615,0
lsa-inspired-late-mnist-20-20261004,6,1,fc1,max,0.004971330985426903,0
lsa-inspired-late-mnist-20-20261004,6,1,fc1,l1,14.581617264113902,0
lsa-inspired-late-mnist-20-20261004,6,1,fc1,l2,0.09716840551772522,0
lsa-inspired-late-mnist-20-20261004,6,1,fc1,max_abs,0.004971330985426903,0
lsa-inspired-late-mnist-20-20261004,6,1,fc1,sparsity,0.07216977374123645,0
lsa-inspired-late-mnist-20-20261004,6,1,fc1,skewness,1.6269359723707195,0
lsa-inspired-late-mnist-20-20261004,6,1,fc1,kurtosis,26.771315911195888,0
lsa-inspired-late-mnist-20-20261004,6,1,output,mean,-3.156646226461117e-10,0
lsa-inspired-late-mnist-20-20261004,6,1,output,std,0.001507035824391547,0
lsa-inspired-late-mnist-20-20261004,6,1,output,median,-3.043562173843384e-06,0
lsa-inspired-late-mnist-20-20261004,6,1,output,min,-0.0052870288491249084,0
lsa-inspired-late-mnist-20-20261004,6,1,output,max,0.006565064191818237,0
lsa-inspired-late-mnist-20-20261004,6,1,output,l1,0.6231706705875695,0
lsa-inspired-late-mnist-20-20261004,6,1,output,l2,0.038422025381280284,0
lsa-inspired-late-mnist-20-20261004,6,1,output,max_abs,0.006565064191818237,0
lsa-inspired-late-mnist-20-20261004,6,1,output,sparsity,0.015384615384615385,0
lsa-inspired-late-mnist-20-20261004,6,1,output,skewness,0.804435359476209,0
lsa-inspired-late-mnist-20-20261004,6,1,output,kurtosis,3.309612016384518,0
lsa-inspired-late-mnist-20-20261004,6,2,conv1,mean,0.0015751112172438298,0
lsa-inspired-late-mnist-20-20261004,6,2,conv1,std,0.0026754981697402966,0
lsa-inspired-late-mnist-20-20261004,6,2,conv1,median,0.00033904239535331726,0
lsa-inspired-late-mnist-20-20261004,6,2,conv1,min,-0.001963704824447632,0
lsa-inspired-late-mnist-20-20261004,6,2,conv1,max,0.010239988565444946,0
lsa-inspired-late-mnist-20-20261004,6,2,conv1,l1,0.2844561677193269,0
lsa-inspired-late-mnist-20-20261004,6,2,conv1,l2,0.039271905078253615,0
lsa-inspired-late-mnist-20-20261004,6,2,conv1,max_abs,0.010239988565444946,0
lsa-inspired-late-mnist-20-20261004,6,2,conv1,sparsity,0.0,0
lsa-inspired-late-mnist-20-20261004,6,2,conv1,skewness,1.4978609128840892,0
lsa-inspired-late-mnist-20-20261004,6,2,conv1,kurtosis,1.1832476908276348,0
lsa-inspired-late-mnist-20-20261004,6,2,conv2,mean,0.00034050101161255954,0
lsa-inspired-late-mnist-20-20261004,6,2,conv2,std,0.0008832285548080664,0
lsa-inspired-late-mnist-20-20261004,6,2,conv2,median,8.107390021905303e-05,0
lsa-inspired-late-mnist-20-20261004,6,2,conv2,min,-0.002147369086742401,0
lsa-inspired-late-mnist-20-20261004,6,2,conv2,max,0.009674780070781708,0
lsa-inspired-late-mnist-20-20261004,6,2,conv2,l1,2.084161738441253,0
lsa-inspired-late-mnist-20-20261004,6,2,conv2,l2,0.06447942301129951,0
lsa-inspired-late-mnist-20-20261004,6,2,conv2,max_abs,0.009674780070781708,0
lsa-inspired-late-mnist-20-20261004,6,2,conv2,sparsity,0.00021551724137931034,0
lsa-inspired-late-mnist-20-20261004,6,2,conv2,skewness,3.9232898367741322,0
lsa-inspired-late-mnist-20-20261004,6,2,conv2,kurtosis,23.922680825966893,0
lsa-inspired-late-mnist-20-20261004,6,2,fc1,mean,5.3619704993799696e-05,0
lsa-inspired-late-mnist-20-20261004,6,2,fc1,std,0.0002984074132809555,0
lsa-inspired-late-mnist-20-20261004,6,2,fc1,median,5.639158189296722e-07,0
lsa-inspired-late-mnist-20-20261004,6,2,fc1,min,-0.004667570348829031,0
lsa-inspired-late-mnist-20-20261004,6,2,fc1,max,0.004864197224378586,0
lsa-inspired-late-mnist-20-20261004,6,2,fc1,l1,14.396277474221733,0
lsa-inspired-late-mnist-20-20261004,6,2,fc1,l2,0.09607520638647725,0
lsa-inspired-late-mnist-20-20261004,6,2,fc1,max_abs,0.004864197224378586,0
lsa-inspired-late-mnist-20-20261004,6,2,fc1,sparsity,0.07027764499681326,0
lsa-inspired-late-mnist-20-20261004,6,2,fc1,skewness,1.7884493204276908,0
lsa-inspired-late-mnist-20-20261004,6,2,fc1,kurtosis,23.478438069641232,0
lsa-inspired-late-mnist-20-20261004,6,2,output,mean,3.564547604093185e-10,0
lsa-inspired-late-mnist-20-20261004,6,2,output,std,0.0014162965744427907,0
lsa-inspired-late-mnist-20-20261004,6,2,output,median,-1.9924045773223042e-06,0
lsa-inspired-late-mnist-20-20261004,6,2,output,min,-0.005773596465587616,0
lsa-inspired-late-mnist-20-20261004,6,2,output,max,0.006254188716411591,0
lsa-inspired-late-mnist-20-20261004,6,2,output,l1,0.5851892914797645,0
lsa-inspired-late-mnist-20-20261004,6,2,output,l2,0.036108619350593174,0
lsa-inspired-late-mnist-20-20261004,6,2,output,max_abs,0.006254188716411591,0
lsa-inspired-late-mnist-20-20261004,6,2,output,sparsity,0.018461538461538463,0
lsa-inspired-late-mnist-20-20261004,6,2,output,skewness,0.5127415424785372,0
lsa-inspired-late-mnist-20-20261004,6,2,output,kurtosis,3.711438780134733,0
lsa-inspired-late-mnist-20-20261004,6,3,conv1,mean,0.0017180504772113636,0
lsa-inspired-late-mnist-20-20261004,6,3,conv1,std,0.002927688947360887,0
lsa-inspired-late-mnist-20-20261004,6,3,conv1,median,0.00030335038900375366,0
lsa-inspired-late-mnist-20-20261004,6,3,conv1,min,-0.0019695907831192017,0
lsa-inspired-late-mnist-20-20261004,6,3,conv1,max,0.011099040508270264,0
lsa-inspired-late-mnist-20-20261004,6,3,conv1,l1,0.30497286515310407,0
lsa-inspired-late-mnist-20-20261004,6,3,conv1,l2,0.04293820679021478,0
lsa-inspired-late-mnist-20-20261004,6,3,conv1,max_abs,0.011099040508270264,0
lsa-inspired-late-mnist-20-20261004,6,3,conv1,sparsity,0.0,0
lsa-inspired-late-mnist-20-20261004,6,3,conv1,skewness,1.5272250493701194,0
lsa-inspired-late-mnist-20-20261004,6,3,conv1,kurtosis,1.2347756997856312,0
lsa-inspired-late-mnist-20-20261004,6,3,conv2,mean,0.00039208648427982803,0
lsa-inspired-late-mnist-20-20261004,6,3,conv2,std,0.0009506307795313689,0
lsa-inspired-late-mnist-20-20261004,6,3,conv2,median,0.0001025757119350601,0
lsa-inspired-late-mnist-20-20261004,6,3,conv2,min,-0.0022263452410697937,0
lsa-inspired-late-mnist-20-20261004,6,3,conv2,max,0.010060317814350128,0
lsa-inspired-late-mnist-20-20261004,6,3,conv2,l1,2.2796363549387024,0
lsa-inspired-late-mnist-20-20261004,6,3,conv2,l2,0.07004625901704979,0
lsa-inspired-late-mnist-20-20261004,6,3,conv2,max_abs,0.010060317814350128,0
lsa-inspired-late-mnist-20-20261004,6,3,conv2,sparsity,0.0,0
lsa-inspired-late-mnist-20-20261004,6,3,conv2,skewness,3.810332775432027,0
lsa-inspired-late-mnist-20-20261004,6,3,conv2,kurtosis,21.87097687589855,0
lsa-inspired-late-mnist-20-20261004,6,3,fc1,mean,4.46601299842493e-05,0
lsa-inspired-late-mnist-20-20261004,6,3,fc1,std,0.00030790848049936444,0
lsa-inspired-late-mnist-20-20261004,6,3,fc1,median,1.862645149230957e-09,0
lsa-inspired-late-mnist-20-20261004,6,3,fc1,min,-0.0038833264261484146,0
lsa-inspired-late-mnist-20-20261004,6,3,fc1,max,0.00529159139841795,0
lsa-inspired-late-mnist-20-20261004,6,3,fc1,l1,14.345508580304625,0
lsa-inspired-late-mnist-20-20261004,6,3,fc1,l2,0.0985925233257897,0
lsa-inspired-late-mnist-20-20261004,6,3,fc1,max_abs,0.00529159139841795,0
lsa-inspired-late-mnist-20-20261004,6,3,fc1,sparsity,0.07876234862970044,0
lsa-inspired-late-mnist-20-20261004,6,3,fc1,skewness,2.104308371231034,0
lsa-inspired-late-mnist-20-20261004,6,3,fc1,kurtosis,28.362134846591413,0
lsa-inspired-late-mnist-20-20261004,6,3,output,mean,6.60880826986753e-11,0
lsa-inspired-late-mnist-20-20261004,6,3,output,std,0.0015735377658534994,0
lsa-inspired-late-mnist-20-20261004,6,3,output,median,-3.512948751449585e-06,0
lsa-inspired-late-mnist-20-20261004,6,3,output,min,-0.005879111588001251,0
lsa-inspired-late-mnist-20-20261004,6,3,output,max,0.007322855293750763,0
lsa-inspired-late-mnist-20-20261004,6,3,output,l1,0.6565154825802892,0
lsa-inspired-late-mnist-20-20261004,6,3,output,l2,0.040117498867310974,0
lsa-inspired-late-mnist-20-20261004,6,3,output,max_abs,0.007322855293750763,0
lsa-inspired-late-mnist-20-20261004,6,3,output,sparsity,0.03076923076923077,0
lsa-inspired-late-mnist-20-20261004,6,3,output,skewness,0.8847881611714715,0
lsa-inspired-late-mnist-20-20261004,6,3,output,kurtosis,4.0013097119107135,0
lsa-inspired-late-mnist-20-20261004,6,4,conv1,mean,0.001717613177606836,0
lsa-inspired-late-mnist-20-20261004,6,4,conv1,std,0.002890947860624199,0
lsa-inspired-late-mnist-20-20261004,6,4,conv1,median,0.0003392845392227173,0
lsa-inspired-late-mnist-20-20261004,6,4,conv1,min,-0.0021349340677261353,0
lsa-inspired-late-mnist-20-20261004,6,4,conv1,max,0.0110434889793396,0
lsa-inspired-late-mnist-20-20261004,6,4,conv1,l1,0.30481794383376837,0
lsa-inspired-late-mnist-20-20261004,6,4,conv1,l2,0.04253520811889611,0
lsa-inspired-late-mnist-20-20261004,6,4,conv1,max_abs,0.0110434889793396,0
lsa-inspired-late-mnist-20-20261004,6,4,conv1,sparsity,0.0,0
lsa-inspired-late-mnist-20-20261004,6,4,conv1,skewness,1.5394791907596366,0
lsa-inspired-late-mnist-20-20261004,6,4,conv1,kurtosis,1.3139925157824965,0
lsa-inspired-late-mnist-20-20261004,6,4,conv2,mean,0.0003640796617579828,0
lsa-inspired-late-mnist-20-20261004,6,4,conv2,std,0.0009592885905535233,0
lsa-inspired-late-mnist-20-20261004,6,4,conv2,median,7.91158527135849e-05,0
lsa-inspired-late-mnist-20-20261004,6,4,conv2,min,-0.002177305519580841,0
lsa-inspired-late-mnist-20-20261004,6,4,conv2,max,0.010781392455101013,0
lsa-inspired-late-mnist-20-20261004,6,4,conv2,l1,2.2266009870145353,0
lsa-inspired-late-mnist-20-20261004,6,4,conv2,l2,0.06989233938232395,0
lsa-inspired-late-mnist-20-20261004,6,4,conv2,max_abs,0.010781392455101013,0
lsa-inspired-late-mnist-20-20261004,6,4,conv2,sparsity,0.0,0
lsa-inspired-late-mnist-20-20261004,6,4,conv2,skewness,4.005969580876044,0
lsa-inspired-late-mnist-20-20261004,6,4,conv2,kurtosis,24.92426052972543,0
lsa-inspired-late-mnist-20-20261004,6,4,fc1,mean,4.7303098686671496e-05,0
lsa-inspired-late-mnist-20-20261004,6,4,fc1,std,0.000314272509473677,0
lsa-inspired-late-mnist-20-20261004,6,4,fc1,median,8.95324774319306e-08,0
lsa-inspired-late-mnist-20-20261004,6,4,fc1,min,-0.00425947830080986,0
lsa-inspired-late-mnist-20-20261004,6,4,fc1,max,0.0061502158641815186,0
lsa-inspired-late-mnist-20-20261004,6,4,fc1,l1,14.699257317696265,0
lsa-inspired-late-mnist-20-20261004,6,4,fc1,l2,0.10070996638694969,0
lsa-inspired-late-mnist-20-20261004,6,4,fc1,max_abs,0.0061502158641815186,0
lsa-inspired-late-mnist-20-20261004,6,4,fc1,sparsity,0.0801764659018483,0
lsa-inspired-late-mnist-20-20261004,6,4,fc1,skewness,2.292696939685466,0
lsa-inspired-late-mnist-20-20261004,6,4,fc1,kurtosis,31.317380813582396,0
lsa-inspired-late-mnist-20-20261004,6,4,output,mean,-8.955024755918063e-14,0
lsa-inspired-late-mnist-20-20261004,6,4,output,std,0.0015997914698929353,0
lsa-inspired-late-mnist-20-20261004,6,4,output,median,-1.5059486031532288e-06,0
lsa-inspired-late-mnist-20-20261004,6,4,output,min,-0.005147289484739304,0
lsa-inspired-late-mnist-20-20261004,6,4,output,max,0.007952943444252014,0
lsa-inspired-late-mnist-20-20261004,6,4,output,l1,0.6565912523656152,0
lsa-inspired-late-mnist-20-20261004,6,4,output,l2,0.040786839613316805,0
lsa-inspired-late-mnist-20-20261004,6,4,output,max_abs,0.007952943444252014,0
lsa-inspired-late-mnist-20-20261004,6,4,output,sparsity,0.03076923076923077,0
lsa-inspired-late-mnist-20-20261004,6,4,output,skewness,0.9962628079146212,0
lsa-inspired-late-mnist-20-20261004,6,4,output,kurtosis,3.9446182086189685,0
lsa-inspired-late-mnist-20-20261004,7,0,conv1,mean,0.0022964511677855625,0
lsa-inspired-late-mnist-20-20261004,7,0,conv1,std,0.0037971493046198286,0
lsa-inspired-late-mnist-20-20261004,7,0,conv1,median,0.00043194741010665894,0
lsa-inspired-late-mnist-20-20261004,7,0,conv1,min,-0.0024100393056869507,0
lsa-inspired-late-mnist-20-20261004,7,0,conv1,max,0.014049291610717773,0
lsa-inspired-late-mnist-20-20261004,7,0,conv1,l1,0.40674545802176,0
lsa-inspired-late-mnist-20-20261004,7,0,conv1,l2,0.05613131861283648,0
lsa-inspired-late-mnist-20-20261004,7,0,conv1,max_abs,0.014049291610717773,0
lsa-inspired-late-mnist-20-20261004,7,0,conv1,sparsity,0.0,0
lsa-inspired-late-mnist-20-20261004,7,0,conv1,skewness,1.4917349492427394,0
lsa-inspired-late-mnist-20-20261004,7,0,conv1,kurtosis,1.0685356262120802,0
lsa-inspired-late-mnist-20-20261004,7,0,conv2,mean,0.0004346053111248693,0
lsa-inspired-late-mnist-20-20261004,7,0,conv2,std,0.0011448389398699456,0
lsa-inspired-late-mnist-20-20261004,7,0,conv2,median,0.00010638497769832611,0
lsa-inspired-late-mnist-20-20261004,7,0,conv2,min,-0.0028713643550872803,0
lsa-inspired-late-mnist-20-20261004,7,0,conv2,max,0.012948252260684967,0
lsa-inspired-late-mnist-20-20261004,7,0,conv2,l1,2.705943622011546,0
lsa-inspired-late-mnist-20-20261004,7,0,conv2,l2,0.08341376506674572,0
lsa-inspired-late-mnist-20-20261004,7,0,conv2,max_abs,0.012948252260684967,0
lsa-inspired-late-mnist-20-20261004,7,0,conv2,sparsity,0.0,0
lsa-inspired-late-mnist-20-20261004,7,0,conv2,skewness,3.899045259704869,0
lsa-inspired-late-mnist-20-20261004,7,0,conv2,kurtosis,24.08370882205976,0
lsa-inspired-late-mnist-20-20261004,7,0,fc1,mean,4.7099953858582436e-05,0
lsa-inspired-late-mnist-20-20261004,7,0,fc1,std,0.00038274569749590027,0
lsa-inspired-late-mnist-20-20261004,7,0,fc1,median,0.0,0
lsa-inspired-late-mnist-20-20261004,7,0,fc1,min,-0.005776192992925644,0
lsa-inspired-late-mnist-20-20261004,7,0,fc1,max,0.006698910146951675,0
lsa-inspired-late-mnist-20-20261004,7,0,fc1,l1,17.804268267940188,0
lsa-inspired-late-mnist-20-20261004,7,0,fc1,l2,0.12220119448330323,0
lsa-inspired-late-mnist-20-20261004,7,0,fc1,max_abs,0.006698910146951675,0
lsa-inspired-late-mnist-20-20261004,7,0,fc1,sparsity,0.07895156150414277,0
lsa-inspired-late-mnist-20-20261004,7,0,fc1,skewness,1.6017886152223717,0
lsa-inspired-late-mnist-20-20261004,7,0,fc1,kurtosis,30.155916419127962,0
lsa-inspired-late-mnist-20-20261004,7,0,output,mean,-1.4757880797752967e-10,0
lsa-inspired-late-mnist-20-20261004,7,0,output,std,0.0020029633675557783,0
lsa-inspired-late-mnist-20-20261004,7,0,output,median,-1.7583370208740234e-06,0
lsa-inspired-late-mnist-20-20261004,7,0,output,min,-0.007851339876651764,0
lsa-inspired-late-mnist-20-20261004,7,0,output,max,0.00836838036775589,0
lsa-inspired-late-mnist-20-20261004,7,0,output,l1,0.872618397581391,0
lsa-inspired-late-mnist-20-20261004,7,0,output,l2,0.051065746480892286,0
lsa-inspired-late-mnist-20-20261004,7,0,output,max_abs,0.00836838036775589,0
lsa-inspired-late-mnist-20-20261004,7,0,output,sparsity,0.03076923076923077,0
lsa-inspired-late-mnist-20-20261004,7,0,output,skewness,0.2364355092760154,0
lsa-inspired-late-mnist-20-20261004,7,0,output,kurtosis,2.060033034467552,0
lsa-inspired-late-mnist-20-20261004,7,1,conv1,mean,0.0022786868939874694,0
lsa-inspired-late-mnist-20-20261004,7,1,conv1,std,0.003761216536884155,0
lsa-inspired-late-mnist-20-20261004,7,1,conv1,median,0.000524565577507019,0
lsa-inspired-late-mnist-20-20261004,7,1,conv1,min,-0.0021479427814483643,0
lsa-inspired-late-mnist-20-20261004,7,1,conv1,max,0.013807415962219238,0
lsa-inspired-late-mnist-20-20261004,7,1,conv1,l1,0.4040412358008325,0
lsa-inspired-late-mnist-20-20261004,7,1,conv1,l2,0.05562612882185651,0
lsa-inspired-late-mnist-20-20261004,7,1,conv1,max_abs,0.013807415962219238,0
lsa-inspired-late-mnist-20-20261004,7,1,conv1,sparsity,0.0,0
lsa-inspired-late-mnist-20-20261004,7,1,conv1,skewness,1.4788159515166919,0
lsa-inspired-late-mnist-20-20261004,7,1,conv1,kurtosis,1.0032669775171925,0
lsa-inspired-late-mnist-20-20261004,7,1,conv2,mean,0.0004322563799170329,0
lsa-inspired-late-mnist-20-20261004,7,1,conv2,std,0.001146783969897293,0
lsa-inspired-late-mnist-20-20261004,7,1,conv2,median,9.595928713679314e-05,0
lsa-inspired-late-mnist-20-20261004,7,1,conv2,min,-0.0027417466044425964,0
lsa-inspired-late-mnist-20-20261004,7,1,conv2,max,0.012556493282318115,0
lsa-inspired-late-mnist-20-20261004,7,1,conv2,l1,2.6754108784625714,0
lsa-inspired-late-mnist-20-20261004,7,1,conv2,l2,0.08348107569616371,0
lsa-inspired-late-mnist-20-20261004,7,1,conv2,max_abs,0.012556493282318115,0
lsa-inspired-late-mnist-20-20261004,7,1,conv2,sparsity,0.000646551724137931,0
lsa-inspired-late-mnist-20-20261004,7,1,conv2,skewness,3.922906555448627,0
lsa-inspired-late-mnist-20-20261004,7,1,conv2,kurtosis,23.66239201601732,0
lsa-inspired-late-mnist-20-20261004,7,1,fc1,mean,4.1716273769826137e-05,0
lsa-inspired-late-mnist-20-20261004,7,1,fc1,std,0.0003664236973141766,0
lsa-inspired-late-mnist-20-20261004,7,1,fc1,median,0.0,0
lsa-inspired-late-mnist-20-20261004,7,1,fc1,min,-0.004852732643485069,0
lsa-inspired-late-mnist-20-20261004,7,1,fc1,max,0.005867280066013336,0
lsa-inspired-late-mnist-20-20261004,7,1,fc1,l1,17.490933595530606,0
lsa-inspired-late-mnist-20-20261004,7,1,fc1,l2,0.11686417791444265,0
lsa-inspired-late-mnist-20-20261004,7,1,fc1,max_abs,0.005867280066013336,0
lsa-inspired-late-mnist-20-20261004,7,1,fc1,sparsity,0.07072578075207138,0
lsa-inspired-late-mnist-20-20261004,7,1,fc1,skewness,1.7577067922293537,0
lsa-inspired-late-mnist-20-20261004,7,1,fc1,kurtosis,25.743088891639463,0
lsa-inspired-late-mnist-20-20261004,7,1,output,mean,3.940210892603948e-11,0
lsa-inspired-late-mnist-20-20261004,7,1,output,std,0.002018458475721635,0
lsa-inspired-late-mnist-20-20261004,7,1,output,median,-1.8561258912086487e-06,0
lsa-inspired-late-mnist-20-20261004,7,1,output,min,-0.0069318488240242004,0
lsa-inspired-late-mnist-20-20261004,7,1,output,max,0.008542969822883606,0
lsa-inspired-late-mnist-20-20261004,7,1,output,l1,0.8517621024511755,0
lsa-inspired-late-mnist-20-20261004,7,1,output,l2,0.051460795775406847,0
lsa-inspired-late-mnist-20-20261004,7,1,output,max_abs,0.008542969822883606,0
lsa-inspired-late-mnist-20-20261004,7,1,output,sparsity,0.015384615384615385,0
lsa-inspired-late-mnist-20-20261004,7,1,output,skewness,0.7020510808093436,0
lsa-inspired-late-mnist-20-20261004,7,1,output,kurtosis,2.7160311220335274,0
lsa-inspired-late-mnist-20-20261004,7,2,conv1,mean,0.002212034460535506,0
lsa-inspired-late-mnist-20-20261004,7,2,conv1,std,0.003668465053505103,0
lsa-inspired-late-mnist-20-20261004,7,2,conv1,median,0.0004763305187225342,0
lsa-inspired-late-mnist-20-20261004,7,2,conv1,min,-0.00224989652633667,0
lsa-inspired-late-mnist-20-20261004,7,2,conv1,max,0.013806939125061035,0
lsa-inspired-late-mnist-20-20261004,7,2,conv1,l1,0.39261625648941845,0
lsa-inspired-late-mnist-20-20261004,7,2,conv1,l2,0.054185949918235894,0
lsa-inspired-late-mnist-20-20261004,7,2,conv1,max_abs,0.013806939125061035,0
lsa-inspired-late-mnist-20-20261004,7,2,conv1,sparsity,0.0,0
lsa-inspired-late-mnist-20-20261004,7,2,conv1,skewness,1.4852338984878506,0
lsa-inspired-late-mnist-20-20261004,7,2,conv1,kurtosis,1.0678165743565033,0
lsa-inspired-late-mnist-20-20261004,7,2,conv2,mean,0.00041810778241848186,0
lsa-inspired-late-mnist-20-20261004,7,2,conv2,std,0.0011139540333531643,0
lsa-inspired-late-mnist-20-20261004,7,2,conv2,median,9.064748883247375e-05,0
lsa-inspired-late-mnist-20-20261004,7,2,conv2,min,-0.0026520341634750366,0
lsa-inspired-late-mnist-20-20261004,7,2,conv2,max,0.01240994781255722,0
lsa-inspired-late-mnist-20-20261004,7,2,conv2,l1,2.565039329267165,0
lsa-inspired-late-mnist-20-20261004,7,2,conv2,l2,0.08104865055324519,0
lsa-inspired-late-mnist-20-20261004,7,2,conv2,max_abs,0.01240994781255722,0
lsa-inspired-late-mnist-20-20261004,7,2,conv2,sparsity,0.0,0
lsa-inspired-late-mnist-20-20261004,7,2,conv2,skewness,4.0217638697125055,0
lsa-inspired-late-mnist-20-20261004,7,2,conv2,kurtosis,24.810667335609203,0
lsa-inspired-late-mnist-20-20261004,7,2,fc1,mean,6.22634320463394e-05,0
lsa-inspired-late-mnist-20-20261004,7,2,fc1,std,0.00034939217362507267,0
lsa-inspired-late-mnist-20-20261004,7,2,fc1,median,7.948838174343109e-07,0
lsa-inspired-late-mnist-20-20261004,7,2,fc1,min,-0.005953979212790728,0
lsa-inspired-late-mnist-20-20261004,7,2,fc1,max,0.006241515278816223,0
lsa-inspired-late-mnist-20-20261004,7,2,fc1,l1,16.855336596172947,0
lsa-inspired-late-mnist-20-20261004,7,2,fc1,l2,0.11246136435444766,0
lsa-inspired-late-mnist-20-20261004,7,2,fc1,max_abs,0.006241515278816223,0
lsa-inspired-late-mnist-20-20261004,7,2,fc1,sparsity,0.07785611854684513,0
lsa-inspired-late-mnist-20-20261004,7,2,fc1,skewness,1.6998370865695995,0
lsa-inspired-late-mnist-20-20261004,7,2,fc1,kurtosis,23.910573301507405,0
lsa-inspired-late-mnist-20-20261004,7,2,output,mean,1.8433918460057332e-10,0
lsa-inspired-late-mnist-20-20261004,7,2,output,std,0.0018551240282305083,0
lsa-inspired-late-mnist-20-20261004,7,2,output,median,-8.344650268554688e-07,0
lsa-inspired-late-mnist-20-20261004,7,2,output,min,-0.0076154544949531555,0
lsa-inspired-late-mnist-20-20261004,7,2,output,max,0.007735386490821838,0
lsa-inspired-late-mnist-20-20261004,7,2,output,l1,0.7905867623339873,0
lsa-inspired-late-mnist-20-20261004,7,2,output,l2,0.04729656810041131,0
lsa-inspired-late-mnist-20-20261004,7,2,output,max_abs,0.007735386490821838,0
lsa-inspired-late-mnist-20-20261004,7,2,output,sparsity,0.03076923076923077,0
lsa-inspired-late-mnist-20-20261004,7,2,output,skewness,0.21812689149773262,0
lsa-inspired-late-mnist-20-20261004,7,2,output,kurtosis,2.712681903804718,0
lsa-inspired-late-mnist-20-20261004,7,3,conv1,mean,0.0024240045808255673,0
lsa-inspired-late-mnist-20-20261004,7,3,conv1,std,0.004013938535958905,0
lsa-inspired-late-mnist-20-20261004,7,3,conv1,median,0.0004433877766132355,0
lsa-inspired-late-mnist-20-20261004,7,3,conv1,min,-0.002382636070251465,0
lsa-inspired-late-mnist-20-20261004,7,3,conv1,max,0.015072137117385864,0
lsa-inspired-late-mnist-20-20261004,7,3,conv1,l1,0.42480950662866235,0
lsa-inspired-late-mnist-20-20261004,7,3,conv1,l2,0.0593127315551314,0
lsa-inspired-late-mnist-20-20261004,7,3,conv1,max_abs,0.015072137117385864,0
lsa-inspired-late-mnist-20-20261004,7,3,conv1,sparsity,0.0,0
lsa-inspired-late-mnist-20-20261004,7,3,conv1,skewness,1.5164454148999766,0
lsa-inspired-late-mnist-20-20261004,7,3,conv1,kurtosis,1.15370688216262,0
lsa-inspired-late-mnist-20-20261004,7,3,conv2,mean,0.0004749731029231294,0
lsa-inspired-late-mnist-20-20261004,7,3,conv2,std,0.0012103219236291483,0
lsa-inspired-late-mnist-20-20261004,7,3,conv2,median,0.00010924367234110832,0
lsa-inspired-late-mnist-20-20261004,7,3,conv2,min,-0.0027880072593688965,0
lsa-inspired-late-mnist-20-20261004,7,3,conv2,max,0.013446636497974396,0
lsa-inspired-late-mnist-20-20261004,7,3,conv2,l1,2.8027184527745703,0
lsa-inspired-late-mnist-20-20261004,7,3,conv2,l2,0.08856534727507442,0
lsa-inspired-late-mnist-20-20261004,7,3,conv2,max_abs,0.013446636497974396,0
lsa-inspired-late-mnist-20-20261004,7,3,conv2,sparsity,0.0,0
lsa-inspired-late-mnist-20-20261004,7,3,conv2,skewness,4.021927126447221,0
lsa-inspired-late-mnist-20-20261004,7,3,conv2,kurtosis,24.600119584589656,0
lsa-inspired-late-mnist-20-20261004,7,3,fc1,mean,5.217963831498961e-05,0
lsa-inspired-late-mnist-20-20261004,7,3,fc1,std,0.000362633972013584,0
lsa-inspired-late-mnist-20-20261004,7,3,fc1,median,0.0,0
lsa-inspired-late-mnist-20-20261004,7,3,fc1,min,-0.0045394860208034515,0
lsa-inspired-late-mnist-20-20261004,7,3,fc1,max,0.0065963054075837135,0
lsa-inspired-late-mnist-20-20261004,7,3,fc1,l1,16.992032731227596,0
lsa-inspired-late-mnist-20-20261004,7,3,fc1,l2,0.11609672387292166,0
lsa-inspired-late-mnist-20-20261004,7,3,fc1,max_abs,0.0065963054075837135,0
lsa-inspired-late-mnist-20-20261004,7,3,fc1,sparsity,0.07770673996175909,0
lsa-inspired-late-mnist-20-20261004,7,3,fc1,skewness,2.0649956991139704,0
lsa-inspired-late-mnist-20-20261004,7,3,fc1,kurtosis,27.937644027690162,0
lsa-inspired-late-mnist-20-20261004,7,3,output,mean,-6.268517329142644e-12,0
lsa-inspired-late-mnist-20-20261004,7,3,output,std,0.002055759611153899,0
lsa-inspired-late-mnist-20-20261004,7,3,output,median,-1.2759119272232056e-06,0
lsa-inspired-late-mnist-20-20261004,7,3,output,min,-0.00782603770494461,0
lsa-inspired-late-mnist-20-20261004,7,3,output,max,0.008980244398117065,0
lsa-inspired-late-mnist-20-20261004,7,3,output,l1,0.879600137937814,0
lsa-inspired-late-mnist-20-20261004,7,3,output,l2,0.05241179186264823,0
lsa-inspired-late-mnist-20-20261004,7,3,output,max_abs,0.008980244398117065,0
lsa-inspired-late-mnist-20-20261004,7,3,output,sparsity,0.036923076923076927,0
lsa-inspired-late-mnist-20-20261004,7,3,output,skewness,0.6407425338218109,0
lsa-inspired-late-mnist-20-20261004,7,3,output,kurtosis,2.9686865703980123,0
lsa-inspired-late-mnist-20-20261004,7,4,conv1,mean,0.0024341045376786497,0
lsa-inspired-late-mnist-20-20261004,7,4,conv1,std,0.004016762309309849,0
lsa-inspired-late-mnist-20-20261004,7,4,conv1,median,0.00043464452028274536,0
lsa-inspired-late-mnist-20-20261004,7,4,conv1,min,-0.002643197774887085,0
lsa-inspired-late-mnist-20-20261004,7,4,conv1,max,0.014959007501602173,0
lsa-inspired-late-mnist-20-20261004,7,4,conv1,l1,0.4262190257431939,0
lsa-inspired-late-mnist-20-20261004,7,4,conv1,l2,0.05940941925296356,0
lsa-inspired-late-mnist-20-20261004,7,4,conv1,max_abs,0.014959007501602173,0
lsa-inspired-late-mnist-20-20261004,7,4,conv1,sparsity,0.0,0
lsa-inspired-late-mnist-20-20261004,7,4,conv1,skewness,1.5052077752701636,0
lsa-inspired-late-mnist-20-20261004,7,4,conv1,kurtosis,1.1058571496030538,0
lsa-inspired-late-mnist-20-20261004,7,4,conv2,mean,0.00044834566374604413,0
lsa-inspired-late-mnist-20-20261004,7,4,conv2,std,0.001228044728429101,0
lsa-inspired-late-mnist-20-20261004,7,4,conv2,median,9.074201807379723e-05,0
lsa-inspired-late-mnist-20-20261004,7,4,conv2,min,-0.0027585700154304504,0
lsa-inspired-late-mnist-20-20261004,7,4,conv2,max,0.014119409024715424,0
lsa-inspired-late-mnist-20-20261004,7,4,conv2,l1,2.750046941371693,0
lsa-inspired-late-mnist-20-20261004,7,4,conv2,l2,0.0890520054686691,0
lsa-inspired-late-mnist-20-20261004,7,4,conv2,max_abs,0.014119409024715424,0
lsa-inspired-late-mnist-20-20261004,7,4,conv2,sparsity,0.0,0
lsa-inspired-late-mnist-20-20261004,7,4,conv2,skewness,4.2047394260824404,0
lsa-inspired-late-mnist-20-20261004,7,4,conv2,kurtosis,27.087735679792726,0
lsa-inspired-late-mnist-20-20261004,7,4,fc1,mean,5.569158699902585e-05,0
lsa-inspired-late-mnist-20-20261004,7,4,fc1,std,0.00036908145784100247,0
lsa-inspired-late-mnist-20-20261004,7,4,fc1,median,4.6100467443466187e-08,0
lsa-inspired-late-mnist-20-20261004,7,4,fc1,min,-0.0052068717777729034,0
lsa-inspired-late-mnist-20-20261004,7,4,fc1,max,0.007165856659412384,0
lsa-inspired-late-mnist-20-20261004,7,4,fc1,l1,17.30319060996294,0
lsa-inspired-late-mnist-20-20261004,7,4,fc1,l2,0.11828028479594954,0
lsa-inspired-late-mnist-20-20261004,7,4,fc1,max_abs,0.007165856659412384,0
lsa-inspired-late-mnist-20-20261004,7,4,fc1,sparsity,0.07759719566602932,0
lsa-inspired-late-mnist-20-20261004,7,4,fc1,skewness,2.212729559496141,0
lsa-inspired-late-mnist-20-20261004,7,4,fc1,kurtosis,31.138513190780834,0
lsa-inspired-late-mnist-20-20261004,7,4,output,mean,-5.390477151824878e-10,0
lsa-inspired-late-mnist-20-20261004,7,4,output,std,0.0020827689781691638,0
lsa-inspired-late-mnist-20-20261004,7,4,output,median,-5.997717380523682e-07,0
lsa-inspired-late-mnist-20-20261004,7,4,output,min,-0.0068729594349861145,0
lsa-inspired-late-mnist-20-20261004,7,4,output,max,0.009929686784744263,0
lsa-inspired-late-mnist-20-20261004,7,4,output,l1,0.8784419212897774,0
lsa-inspired-late-mnist-20-20261004,7,4,output,l2,0.05310039830995313,0
lsa-inspired-late-mnist-20-20261004,7,4,output,max_abs,0.009929686784744263,0
lsa-inspired-late-mnist-20-20261004,7,4,output,sparsity,0.03076923076923077,0
lsa-inspired-late-mnist-20-20261004,7,4,output,skewness,0.7995308092548441,0
lsa-inspired-late-mnist-20-20261004,7,4,output,kurtosis,3.195020344813056,0
lsa-inspired-late-mnist-20-20261004,8,0,conv1,mean,0.00304467068563099,0
lsa-inspired-late-mnist-20-20261004,8,0,conv1,std,0.004911463419956385,0
lsa-inspired-late-mnist-20-20261004,8,0,conv1,median,0.0007126703858375549,0
lsa-inspired-late-mnist-20-20261004,8,0,conv1,min,-0.002485498785972595,0
lsa-inspired-late-mnist-20-20261004,8,0,conv1,max,0.018109381198883057,0
lsa-inspired-late-mnist-20-20261004,8,0,conv1,l1,0.5312848236644641,0
lsa-inspired-late-mnist-20-20261004,8,0,conv1,l2,0.07309445123620299,0
lsa-inspired-late-mnist-20-20261004,8,0,conv1,max_abs,0.018109381198883057,0
lsa-inspired-late-mnist-20-20261004,8,0,conv1,sparsity,0.0,0
lsa-inspired-late-mnist-20-20261004,8,0,conv1,skewness,1.4869095740342029,0
lsa-inspired-late-mnist-20-20261004,8,0,conv1,kurtosis,1.023577433790777,0
lsa-inspired-late-mnist-20-20261004,8,0,conv2,mean,0.0005017143132543675,0
lsa-inspired-late-mnist-20-20261004,8,0,conv2,std,0.0013803852108989249,0
lsa-inspired-late-mnist-20-20261004,8,0,conv2,median,0.00011469796299934387,0
lsa-inspired-late-mnist-20-20261004,8,0,conv2,min,-0.0033252835273742676,0
lsa-inspired-late-mnist-20-20261004,8,0,conv2,max,0.01585335284471512,0
lsa-inspired-late-mnist-20-20261004,8,0,conv2,l1,3.1642666153638856,0
lsa-inspired-late-mnist-20-20261004,8,0,conv2,l2,0.10004657866829059,0
lsa-inspired-late-mnist-20-20261004,8,0,conv2,max_abs,0.01585335284471512,0
lsa-inspired-late-mnist-20-20261004,8,0,conv2,sparsity,0.0,0
lsa-inspired-late-mnist-20-20261004,8,0,conv2,skewness,4.083129822967587,0
lsa-inspired-late-mnist-20-20261004,8,0,conv2,kurtosis,25.904693043971985,0
lsa-inspired-late-mnist-20-20261004,8,0,fc1,mean,4.929187920548792e-05,0
lsa-inspired-late-mnist-20-20261004,8,0,fc1,std,0.0004496399573743944,0
lsa-inspired-late-mnist-20-20261004,8,0,fc1,median,0.0,0
lsa-inspired-late-mnist-20-20261004,8,0,fc1,min,-0.007557726465165615,0
lsa-inspired-late-mnist-20-20261004,8,0,fc1,max,0.008160844445228577,0
lsa-inspired-late-mnist-20-20261004,8,0,fc1,l1,20.72897504591711,0
lsa-inspired-late-mnist-20-20261004,8,0,fc1,l2,0.14333769241572447,0
lsa-inspired-late-mnist-20-20261004,8,0,fc1,max_abs,0.008160844445228577,0
lsa-inspired-late-mnist-20-20261004,8,0,fc1,sparsity,0.0756453154875717,0
lsa-inspired-late-mnist-20-20261004,8,0,fc1,skewness,1.3936355875511608,0
lsa-inspired-late-mnist-20-20261004,8,0,fc1,kurtosis,30.173721382412268,0
lsa-inspired-late-mnist-20-20261004,8,0,output,mean,-1.641008286521985e-10,0
lsa-inspired-late-mnist-20-20261004,8,0,output,std,0.0026249778397787384,0
lsa-inspired-late-mnist-20-20261004,8,0,output,median,-1.7900019884109497e-06,0
lsa-inspired-late-mnist-20-20261004,8,0,output,min,-0.009806603193283081,0
lsa-inspired-late-mnist-20-20261004,8,0,output,max,0.013038955628871918,0
lsa-inspired-late-mnist-20-20261004,8,0,output,l1,1.1446339995891321,0
lsa-inspired-late-mnist-20-20261004,8,0,output,l2,0.06692406613890224,0
lsa-inspired-late-mnist-20-20261004,8,0,output,max_abs,0.013038955628871918,0
lsa-inspired-late-mnist-20-20261004,8,0,output,sparsity,0.03076923076923077,0
lsa-inspired-late-mnist-20-20261004,8,0,output,skewness,0.37700633429801955,0
lsa-inspired-late-mnist-20-20261004,8,0,output,kurtosis,2.4872691038019763,0
lsa-inspired-late-mnist-20-20261004,8,1,conv1,mean,0.0030399333940295038,0
lsa-inspired-late-mnist-20-20261004,8,1,conv1,std,0.0049392334546222005,0
lsa-inspired-late-mnist-20-20261004,8,1,conv1,median,0.0006820410490036011,0
lsa-inspired-late-mnist-20-20261004,8,1,conv1,min,-0.0024647265672683716,0
lsa-inspired-late-mnist-20-20261004,8,1,conv1,max,0.01796555519104004,0
lsa-inspired-late-mnist-20-20261004,8,1,conv1,l1,0.5333533176453784,0
lsa-inspired-late-mnist-20-20261004,8,1,conv1,l2,0.07336181258327239,0
lsa-inspired-late-mnist-20-20261004,8,1,conv1,max_abs,0.01796555519104004,0
lsa-inspired-late-mnist-20-20261004,8,1,conv1,sparsity,0.0,0
lsa-inspired-late-mnist-20-20261004,8,1,conv1,skewness,1.4751714170746606,0
lsa-inspired-late-mnist-20-20261004,8,1,conv1,kurtosis,0.9507163285306506,0
lsa-inspired-late-mnist-20-20261004,8,1,conv2,mean,0.0005111270847409883,0
lsa-inspired-late-mnist-20-20261004,8,1,conv2,std,0.001389558634787121,0
lsa-inspired-late-mnist-20-20261004,8,1,conv2,median,0.00010475469753146172,0
lsa-inspired-late-mnist-20-20261004,8,1,conv2,min,-0.0032300055027008057,0
lsa-inspired-late-mnist-20-20261004,8,1,conv2,max,0.015764690935611725,0
lsa-inspired-late-mnist-20-20261004,8,1,conv2,l1,3.121633555881999,0
lsa-inspired-late-mnist-20-20261004,8,1,conv2,l2,0.10085363556501138,0
lsa-inspired-late-mnist-20-20261004,8,1,conv2,max_abs,0.015764690935611725,0
lsa-inspired-late-mnist-20-20261004,8,1,conv2,sparsity,0.0,0
lsa-inspired-late-mnist-20-20261004,8,1,conv2,skewness,4.20924920662924,0
lsa-inspired-late-mnist-20-20261004,8,1,conv2,kurtosis,26.86702412326464,0
lsa-inspired-late-mnist-20-20261004,8,1,fc1,mean,4.7316722362600684e-05,0
lsa-inspired-late-mnist-20-20261004,8,1,fc1,std,0.0004150561319006459,0
lsa-inspired-late-mnist-20-20261004,8,1,fc1,median,0.0,0
lsa-inspired-late-mnist-20-20261004,8,1,fc1,min,-0.0049018412828445435,0
lsa-inspired-late-mnist-20-20261004,8,1,fc1,max,0.006808629259467125,0
lsa-inspired-late-mnist-20-20261004,8,1,fc1,l1,19.737154645881446,0
lsa-inspired-late-mnist-20-20261004,8,1,fc1,l2,0.13237689691831223,0
lsa-inspired-late-mnist-20-20261004,8,1,fc1,max_abs,0.006808629259467125,0
lsa-inspired-late-mnist-20-20261004,8,1,fc1,sparsity,0.0773382727852135,0
lsa-inspired-late-mnist-20-20261004,8,1,fc1,skewness,1.801929348170014,0
lsa-inspired-late-mnist-20-20261004,8,1,fc1,kurtosis,26.02844650443089,0
lsa-inspired-late-mnist-20-20261004,8,1,output,mean,2.7290437943660297e-10,0
lsa-inspired-late-mnist-20-20261004,8,1,output,std,0.002581709690745968,0
lsa-inspired-late-mnist-20-20261004,8,1,output,median,-1.2423843145370483e-06,0
lsa-inspired-late-mnist-20-20261004,8,1,output,min,-0.008472681045532227,0
lsa-inspired-late-mnist-20-20261004,8,1,output,max,0.009541094303131104,0
lsa-inspired-late-mnist-20-20261004,8,1,output,l1,1.1188516810361762,0
lsa-inspired-late-mnist-20-20261004,8,1,output,l2,0.0658209404577268,0
lsa-inspired-late-mnist-20-20261004,8,1,output,max_abs,0.009541094303131104,0
lsa-inspired-late-mnist-20-20261004,8,1,output,sparsity,0.03076923076923077,0
lsa-inspired-late-mnist-20-20261004,8,1,output,skewness,0.5558509396891352,0
lsa-inspired-late-mnist-20-20261004,8,1,output,kurtosis,2.0409097724276855,0
lsa-inspired-late-mnist-20-20261004,8,2,conv1,mean,0.002877730735053774,0
lsa-inspired-late-mnist-20-20261004,8,2,conv1,std,0.004711590191651594,0
lsa-inspired-late-mnist-20-20261004,8,2,conv1,median,0.0005564428865909576,0
lsa-inspired-late-mnist-20-20261004,8,2,conv1,min,-0.0023405998945236206,0
lsa-inspired-late-mnist-20-20261004,8,2,conv1,max,0.017528504133224487,0
lsa-inspired-late-mnist-20-20261004,8,2,conv1,l1,0.5041863152291626,0
lsa-inspired-late-mnist-20-20261004,8,2,conv1,l2,0.06983456601717018,0
lsa-inspired-late-mnist-20-20261004,8,2,conv1,max_abs,0.017528504133224487,0
lsa-inspired-late-mnist-20-20261004,8,2,conv1,sparsity,0.0,0
lsa-inspired-late-mnist-20-20261004,8,2,conv1,skewness,1.4902146571987442,0
lsa-inspired-late-mnist-20-20261004,8,2,conv1,kurtosis,1.0238741043600808,0
lsa-inspired-late-mnist-20-20261004,8,2,conv2,mean,0.000485487512526498,0
lsa-inspired-late-mnist-20-20261004,8,2,conv2,std,0.0013253743872390748,0
lsa-inspired-late-mnist-20-20261004,8,2,conv2,median,9.6853356808424e-05,0
lsa-inspired-late-mnist-20-20261004,8,2,conv2,min,-0.003045126795768738,0
lsa-inspired-late-mnist-20-20261004,8,2,conv2,max,0.015146113932132721,0
lsa-inspired-late-mnist-20-20261004,8,2,conv2,l1,2.9712211613841646,0
lsa-inspired-late-mnist-20-20261004,8,2,conv2,l2,0.09614750862618299,0
lsa-inspired-late-mnist-20-20261004,8,2,conv2,max_abs,0.015146113932132721,0
lsa-inspired-late-mnist-20-20261004,8,2,conv2,sparsity,0.00021551724137931034,0
lsa-inspired-late-mnist-20-20261004,8,2,conv2,skewness,4.187366098838468,0
lsa-inspired-late-mnist-20-20261004,8,2,conv2,kurtosis,26.594137584576554,0
lsa-inspired-late-mnist-20-20261004,8,2,fc1,mean,6.446367184700404e-05,0
lsa-inspired-late-mnist-20-20261004,8,2,fc1,std,0.00040314434334893693,0
lsa-inspired-late-mnist-20-20261004,8,2,fc1,median,1.2549571692943573e-07,0
lsa-inspired-late-mnist-20-20261004,8,2,fc1,min,-0.006928209215402603,0
lsa-inspired-late-mnist-20-20261004,8,2,fc1,max,0.007062364369630814,0
lsa-inspired-late-mnist-20-20261004,8,2,fc1,l1,19.274569870300127,0
lsa-inspired-late-mnist-20-20261004,8,2,fc1,l2,0.12937322722137787,0
lsa-inspired-late-mnist-20-20261004,8,2,fc1,max_abs,0.007062364369630814,0
lsa-inspired-late-mnist-20-20261004,8,2,fc1,sparsity,0.08615160930528999,0
lsa-inspired-late-mnist-20-20261004,8,2,fc1,skewness,1.520894736716415,0
lsa-inspired-late-mnist-20-20261004,8,2,fc1,kurtosis,24.011277151280186,0
lsa-inspired-late-mnist-20-20261004,8,2,output,mean,-9.228153010973564e-11,0
lsa-inspired-late-mnist-20-20261004,8,2,output,std,0.002341960322710517,0
lsa-inspired-late-mnist-20-20261004,8,2,output,median,-2.3469328880310059e-07,0
lsa-inspired-late-mnist-20-20261004,8,2,output,min,-0.009477861225605011,0
lsa-inspired-late-mnist-20-20261004,8,2,output,max,0.00790703296661377,0
lsa-inspired-late-mnist-20-20261004,8,2,output,l1,1.0400652269890998,0
lsa-inspired-late-mnist-20-20261004,8,2,output,l2,0.059708506927804945,0
lsa-inspired-late-mnist-20-20261004,8,2,output,max_abs,0.009477861225605011,0
lsa-inspired-late-mnist-20-20261004,8,2,output,sparsity,0.046153846153846156,0
lsa-inspired-late-mnist-20-20261004,8,2,output,skewness,-0.10223029980952045,0
lsa-inspired-late-mnist-20-20261004,8,2,output,kurtosis,1.600240909649564,0
lsa-inspired-late-mnist-20-20261004,8,3,conv1,mean,0.0031637370972021016,0
lsa-inspired-late-mnist-20-20261004,8,3,conv1,std,0.005144271972505655,0
lsa-inspired-late-mnist-20-20261004,8,3,conv1,median,0.0006501227617263794,0
lsa-inspired-late-mnist-20-20261004,8,3,conv1,min,-0.002634570002555847,0
lsa-inspired-late-mnist-20-20261004,8,3,conv1,max,0.01916712522506714,0
lsa-inspired-late-mnist-20-20261004,8,3,conv1,l1,0.5482319303555414,0
lsa-inspired-late-mnist-20-20261004,8,3,conv1,l2,0.07639137809708109,0
lsa-inspired-late-mnist-20-20261004,8,3,conv1,max_abs,0.01916712522506714,0
lsa-inspired-late-mnist-20-20261004,8,3,conv1,sparsity,0.0,0
lsa-inspired-late-mnist-20-20261004,8,3,conv1,skewness,1.5050361899192792,0
lsa-inspired-late-mnist-20-20261004,8,3,conv1,kurtosis,1.0693913094368792,0
lsa-inspired-late-mnist-20-20261004,8,3,conv2,mean,0.0005415797609159732,0
lsa-inspired-late-mnist-20-20261004,8,3,conv2,std,0.0014419606909421784,0
lsa-inspired-late-mnist-20-20261004,8,3,conv2,median,0.0001152893528342247,0
lsa-inspired-late-mnist-20-20261004,8,3,conv2,min,-0.003129735589027405,0
lsa-inspired-late-mnist-20-20261004,8,3,conv2,max,0.016428880393505096,0
lsa-inspired-late-mnist-20-20261004,8,3,conv2,l1,3.2269866834049026,0
lsa-inspired-late-mnist-20-20261004,8,3,conv2,l2,0.10492223320385907,0
lsa-inspired-late-mnist-20-20261004,8,3,conv2,max_abs,0.016428880393505096,0
lsa-inspired-late-mnist-20-20261004,8,3,conv2,sparsity,0.0,0
lsa-inspired-late-mnist-20-20261004,8,3,conv2,skewness,4.234781257581086,0
lsa-inspired-late-mnist-20-20261004,8,3,conv2,kurtosis,26.990962918250727,0
lsa-inspired-late-mnist-20-20261004,8,3,fc1,mean,5.518670111992368e-05,0
lsa-inspired-late-mnist-20-20261004,8,3,fc1,std,0.000411277444189472,0
lsa-inspired-late-mnist-20-20261004,8,3,fc1,median,0.0,0
lsa-inspired-late-mnist-20-20261004,8,3,fc1,min,-0.005303341895341873,0
lsa-inspired-late-mnist-20-20261004,8,3,fc1,max,0.007875464856624603,0
lsa-inspired-late-mnist-20-20261004,8,3,fc1,l1,19.22451775959439,0
lsa-inspired-late-mnist-20-20261004,8,3,fc1,l2,0.13149564177764025,0
lsa-inspired-late-mnist-20-20261004,8,3,fc1,max_abs,0.007875464856624603,0
lsa-inspired-late-mnist-20-20261004,8,3,fc1,sparsity,0.07421128107074569,0
lsa-inspired-late-mnist-20-20261004,8,3,fc1,skewness,1.9413224420386053,0
lsa-inspired-late-mnist-20-20261004,8,3,fc1,kurtosis,27.5232321536613,0
lsa-inspired-late-mnist-20-20261004,8,3,output,mean,4.708104265423922e-10,0
lsa-inspired-late-mnist-20-20261004,8,3,output,std,0.0025608508012757995,0
lsa-inspired-late-mnist-20-20261004,8,3,output,median,-5.62518835067749e-07,0
lsa-inspired-late-mnist-20-20261004,8,3,output,min,-0.009720295667648315,0
lsa-inspired-late-mnist-20-20261004,8,3,output,max,0.009586930274963379,0
lsa-inspired-late-mnist-20-20261004,8,3,output,l1,1.1284747406898532,0
lsa-inspired-late-mnist-20-20261004,8,3,output,l2,0.0652891410355262,0
lsa-inspired-late-mnist-20-20261004,8,3,output,max_abs,0.009720295667648315,0
lsa-inspired-late-mnist-20-20261004,8,3,output,sparsity,0.03230769230769231,0
lsa-inspired-late-mnist-20-20261004,8,3,output,skewness,0.36092358866873375,0
lsa-inspired-late-mnist-20-20261004,8,3,output,kurtosis,1.8703969699029308,0
lsa-inspired-late-mnist-20-20261004,8,4,conv1,mean,0.003194547364546452,0
lsa-inspired-late-mnist-20-20261004,8,4,conv1,std,0.0051602257450452495,0
lsa-inspired-late-mnist-20-20261004,8,4,conv1,median,0.0006152261048555374,0
lsa-inspired-late-mnist-20-20261004,8,4,conv1,min,-0.002731114625930786,0
lsa-inspired-late-mnist-20-20261004,8,4,conv1,max,0.019143283367156982,0
lsa-inspired-late-mnist-20-20261004,8,4,conv1,l1,0.5527387948241085,0
lsa-inspired-late-mnist-20-20261004,8,4,conv1,l2,0.07676776678180339,0
lsa-inspired-late-mnist-20-20261004,8,4,conv1,max_abs,0.019143283367156982,0
lsa-inspired-late-mnist-20-20261004,8,4,conv1,sparsity,0.0,0
lsa-inspired-late-mnist-20-20261004,8,4,conv1,skewness,1.4888161312048864,0
lsa-inspired-late-mnist-20-20261004,8,4,conv1,kurtosis,1.0033570909360732,0
lsa-inspired-late-mnist-20-20261004,8,4,conv2,mean,0.000507447882093935,0
lsa-inspired-late-mnist-20-20261004,8,4,conv2,std,0.0014593866812073282,0
lsa-inspired-late-mnist-20-20261004,8,4,conv2,median,9.594764560461044e-05,0
lsa-inspired-late-mnist-20-20261004,8,4,conv2,min,-0.003309495747089386,0
lsa-inspired-late-mnist-20-20261004,8,4,conv2,max,0.01727493852376938,0
lsa-inspired-late-mnist-20-20261004,8,4,conv2,l1,3.172148115012533,0
lsa-inspired-late-mnist-20-20261004,8,4,conv2,l2,0.10524795280591967,0
lsa-inspired-late-mnist-20-20261004,8,4,conv2,max_abs,0.01727493852376938,0
lsa-inspired-late-mnist-20-20261004,8,4,conv2,sparsity,0.0,0
lsa-inspired-late-mnist-20-20261004,8,4,conv2,skewness,4.400531122994669,0
lsa-inspired-late-mnist-20-20261004,8,4,conv2,kurtosis,29.393963257631228,0
lsa-inspired-late-mnist-20-20261004,8,4,fc1,mean,5.44537304847517e-05,0
lsa-inspired-late-mnist-20-20261004,8,4,fc1,std,0.0004232830723798627,0
lsa-inspired-late-mnist-20-20261004,8,4,fc1,median,0.0,0
lsa-inspired-late-mnist-20-20261004,8,4,fc1,min,-0.006290040910243988,0
lsa-inspired-late-mnist-20-20261004,8,4,fc1,max,0.007851436734199524,0
lsa-inspired-late-mnist-20-20261004,8,4,fc1,l1,19.847056607712602,0
lsa-inspired-late-mnist-20-20261004,8,4,fc1,l2,0.13523736340318473,0
lsa-inspired-late-mnist-20-20261004,8,4,fc1,max_abs,0.007851436734199524,0
lsa-inspired-late-mnist-20-20261004,8,4,fc1,sparsity,0.07405194391332058,0
lsa-inspired-late-mnist-20-20261004,8,4,fc1,skewness,1.8543525866359396,0
lsa-inspired-late-mnist-20-20261004,8,4,fc1,kurtosis,30.02794509863722,0
lsa-inspired-late-mnist-20-20261004,8,4,output,mean,3.5202202315513904e-10,0
lsa-inspired-late-mnist-20-20261004,8,4,output,std,0.0025837943636766022,0
lsa-inspired-late-mnist-20-20261004,8,4,output,median,-4.3958425521850586e-07,0
lsa-inspired-late-mnist-20-20261004,8,4,output,min,-0.008507676422595978,0
lsa-inspired-late-mnist-20-20261004,8,4,output,max,0.011615335941314697,0
lsa-inspired-late-mnist-20-20261004,8,4,output,l1,1.1367393956170417,0
lsa-inspired-late-mnist-20-20261004,8,4,output,l2,0.06587408939749084,0
lsa-inspired-late-mnist-20-20261004,8,4,output,max_abs,0.011615335941314697,0
lsa-inspired-late-mnist-20-20261004,8,4,output,sparsity,0.03076923076923077,0
lsa-inspired-late-mnist-20-20261004,8,4,output,skewness,0.48214423783732824,0
lsa-inspired-late-mnist-20-20261004,8,4,output,kurtosis,2.136011759837631,0
lsa-inspired-late-mnist-20-20261004,9,0,conv1,mean,0.0035276033409900264,0
lsa-inspired-late-mnist-20-20261004,9,0,conv1,std,0.00562764342630774,0
lsa-inspired-late-mnist-20-20261004,9,0,conv1,median,0.000791594386100769,0
lsa-inspired-late-mnist-20-20261004,9,0,conv1,min,-0.0023260265588760376,0
lsa-inspired-late-mnist-20-20261004,9,0,conv1,max,0.02092987298965454,0
lsa-inspired-late-mnist-20-20261004,9,0,conv1,l1,0.6074972280184738,0
lsa-inspired-late-mnist-20-20261004,9,0,conv1,l2,0.0840136711399079,0
lsa-inspired-late-mnist-20-20261004,9,0,conv1,max_abs,0.02092987298965454,0
lsa-inspired-late-mnist-20-20261004,9,0,conv1,sparsity,0.0,0
lsa-inspired-late-mnist-20-20261004,9,0,conv1,skewness,1.5067839360545303,0
lsa-inspired-late-mnist-20-20261004,9,0,conv1,kurtosis,1.0699418933751002,0
lsa-inspired-late-mnist-20-20261004,9,0,conv2,mean,0.0005320332221438956,0
lsa-inspired-late-mnist-20-20261004,9,0,conv2,std,0.0014953607551624803,0
lsa-inspired-late-mnist-20-20261004,9,0,conv2,median,0.00010966300033032894,0
lsa-inspired-late-mnist-20-20261004,9,0,conv2,min,-0.0034286752343177795,0
lsa-inspired-late-mnist-20-20261004,9,0,conv2,max,0.017312616109848022,0
lsa-inspired-late-mnist-20-20261004,9,0,conv2,l1,3.3631580556102563,0
lsa-inspired-late-mnist-20-20261004,9,0,conv2,l2,0.10811529474689704,0
lsa-inspired-late-mnist-20-20261004,9,0,conv2,max_abs,0.017312616109848022,0
lsa-inspired-late-mnist-20-20261004,9,0,conv2,sparsity,0.0,0
lsa-inspired-late-mnist-20-20261004,9,0,conv2,skewness,4.151484737537997,0
lsa-inspired-late-mnist-20-20261004,9,0,conv2,kurtosis,26.511898572081066,0
lsa-inspired-late-mnist-20-20261004,9,0,fc1,mean,5.4413137293690355e-05,0
lsa-inspired-late-mnist-20-20261004,9,0,fc1,std,0.000498384251821144,0
lsa-inspired-late-mnist-20-20261004,9,0,fc1,median,0.0,0
lsa-inspired-late-mnist-20-20261004,9,0,fc1,min,-0.008173737674951553,0
lsa-inspired-late-mnist-20-20261004,9,0,fc1,max,0.009017275646328926,0
lsa-inspired-late-mnist-20-20261004,9,0,fc1,l1,22.964557000907234,0
lsa-inspired-late-mnist-20-20261004,9,0,fc1,l2,0.15886889506938515,0
lsa-inspired-late-mnist-20-20261004,9,0,fc1,max_abs,0.009017275646328926,0
lsa-inspired-late-mnist-20-20261004,9,0,fc1,sparsity,0.07163201083492671,0
lsa-inspired-late-mnist-20-20261004,9,0,fc1,skewness,1.3302784665020484,0
lsa-inspired-late-mnist-20-20261004,9,0,fc1,kurtosis,28.7268108642991,0
lsa-inspired-late-mnist-20-20261004,9,0,output,mean,-1.8398098361033658e-10,0
lsa-inspired-late-mnist-20-20261004,9,0,output,std,0.003138524957495565,0
lsa-inspired-late-mnist-20-20261004,9,0,output,median,-1.3187527656555176e-06,0
lsa-inspired-late-mnist-20-20261004,9,0,output,min,-0.010400466620922089,0
lsa-inspired-late-mnist-20-20261004,9,0,output,max,0.017410874366760254,0
lsa-inspired-late-mnist-20-20261004,9,0,output,l1,1.3698671494203154,0
lsa-inspired-late-mnist-20-20261004,9,0,output,l2,0.0800170000108394,0
lsa-inspired-late-mnist-20-20261004,9,0,output,max_abs,0.017410874366760254,0
lsa-inspired-late-mnist-20-20261004,9,0,output,sparsity,0.03076923076923077,0
lsa-inspired-late-mnist-20-20261004,9,0,output,skewness,0.657193415389969,0
lsa-inspired-late-mnist-20-20261004,9,0,output,kurtosis,2.9614646623004557,0
lsa-inspired-late-mnist-20-20261004,9,1,conv1,mean,0.0035574782890762436,0
lsa-inspired-late-mnist-20-20261004,9,1,conv1,std,0.0057245619062033975,0
lsa-inspired-late-mnist-20-20261004,9,1,conv1,median,0.0007799789309501648,0
lsa-inspired-late-mnist-20-20261004,9,1,conv1,min,-0.00234067440032959,0
lsa-inspired-late-mnist-20-20261004,9,1,conv1,max,0.020924150943756104,0
lsa-inspired-late-mnist-20-20261004,9,1,conv1,l1,0.6148571173544042,0
lsa-inspired-late-mnist-20-20261004,9,1,conv1,l2,0.08525374905089293,0
lsa-inspired-late-mnist-20-20261004,9,1,conv1,max_abs,0.020924150943756104,0
lsa-inspired-late-mnist-20-20261004,9,1,conv1,sparsity,0.0,0
lsa-inspired-late-mnist-20-20261004,9,1,conv1,skewness,1.503533307470844,0
lsa-inspired-late-mnist-20-20261004,9,1,conv1,kurtosis,1.0287871846227272,0
lsa-inspired-late-mnist-20-20261004,9,1,conv2,mean,0.0005455102325672198,0
lsa-inspired-late-mnist-20-20261004,9,1,conv2,std,0.0015220843012237674,0
lsa-inspired-late-mnist-20-20261004,9,1,conv2,median,0.00010262150317430496,0
lsa-inspired-late-mnist-20-20261004,9,1,conv2,min,-0.00337044894695282,0
lsa-inspired-late-mnist-20-20261004,9,1,conv2,max,0.01744423806667328,0
lsa-inspired-late-mnist-20-20261004,9,1,conv2,l1,3.334385090853175,0
lsa-inspired-late-mnist-20-20261004,9,1,conv2,l2,0.11013834135824217,0
lsa-inspired-late-mnist-20-20261004,9,1,conv2,max_abs,0.01744423806667328,0
lsa-inspired-late-mnist-20-20261004,9,1,conv2,sparsity,0.0,0
lsa-inspired-late-mnist-20-20261004,9,1,conv2,skewness,4.31425359997798,0
lsa-inspired-late-mnist-20-20261004,9,1,conv2,kurtosis,27.803858824940647,0
lsa-inspired-late-mnist-20-20261004,9,1,fc1,mean,5.055516196874371e-05,0
lsa-inspired-late-mnist-20-20261004,9,1,fc1,std,0.000442207816427738,0
lsa-inspired-late-mnist-20-20261004,9,1,fc1,median,0.0,0
lsa-inspired-late-mnist-20-20261004,9,1,fc1,min,-0.0052733104676008224,0
lsa-inspired-late-mnist-20-20261004,9,1,fc1,max,0.007344599813222885,0
lsa-inspired-late-mnist-20-20261004,9,1,fc1,l1,20.99995563140635,0
lsa-inspired-late-mnist-20-20261004,9,1,fc1,l2,0.14104172722747324,0
lsa-inspired-late-mnist-20-20261004,9,1,fc1,max_abs,0.007344599813222885,0
lsa-inspired-late-mnist-20-20261004,9,1,fc1,sparsity,0.08402047482472913,0
lsa-inspired-late-mnist-20-20261004,9,1,fc1,skewness,1.8244052573353544,0
lsa-inspired-late-mnist-20-20261004,9,1,fc1,kurtosis,25.98316627078606,0
lsa-inspired-late-mnist-20-20261004,9,1,output,mean,-2.0990578027871938e-10,0
lsa-inspired-late-mnist-20-20261004,9,1,output,std,0.0029824259973729567,0
lsa-inspired-late-mnist-20-20261004,9,1,output,median,-3.594905138015747e-07,0
lsa-inspired-late-mnist-20-20261004,9,1,output,min,-0.00908321887254715,0
lsa-inspired-late-mnist-20-20261004,9,1,output,max,0.01326453685760498,0
lsa-inspired-late-mnist-20-20261004,9,1,output,l1,1.3261072654277086,0
lsa-inspired-late-mnist-20-20261004,9,1,output,l2,0.07603724179225584,0
lsa-inspired-late-mnist-20-20261004,9,1,output,max_abs,0.01326453685760498,0
lsa-inspired-late-mnist-20-20261004,9,1,output,sparsity,0.046153846153846156,0
lsa-inspired-late-mnist-20-20261004,9,1,output,skewness,0.5258660485408172,0
lsa-inspired-late-mnist-20-20261004,9,1,output,kurtosis,1.987196675911103,0
lsa-inspired-late-mnist-20-20261004,9,2,conv1,mean,0.003307169527397491,0
lsa-inspired-late-mnist-20-20261004,9,2,conv1,std,0.005329742389831013,0
lsa-inspired-late-mnist-20-20261004,9,2,conv1,median,0.000614415854215622,0
lsa-inspired-late-mnist-20-20261004,9,2,conv1,min,-0.00205172598361969,0
lsa-inspired-late-mnist-20-20261004,9,2,conv1,max,0.019888252019882202,0
lsa-inspired-late-mnist-20-20261004,9,2,conv1,l1,0.570242247544229,0
lsa-inspired-late-mnist-20-20261004,9,2,conv1,l2,0.07934080839004164,0
lsa-inspired-late-mnist-20-20261004,9,2,conv1,max_abs,0.019888252019882202,0
lsa-inspired-late-mnist-20-20261004,9,2,conv1,sparsity,0.0,0
lsa-inspired-late-mnist-20-20261004,9,2,conv1,skewness,1.51787969192189,0
lsa-inspired-late-mnist-20-20261004,9,2,conv1,kurtosis,1.0966790411647764,0
lsa-inspired-late-mnist-20-20261004,9,2,conv2,mean,0.0005025824928256481,0
lsa-inspired-late-mnist-20-20261004,9,2,conv2,std,0.0014209594221584836,0
lsa-inspired-late-mnist-20-20261004,9,2,conv2,median,9.36705619096756e-05,0
lsa-inspired-late-mnist-20-20261004,9,2,conv2,min,-0.003017336130142212,0
lsa-inspired-late-mnist-20-20261004,9,2,conv2,max,0.01640966534614563,0
lsa-inspired-late-mnist-20-20261004,9,2,conv2,l1,3.107554259153403,0
lsa-inspired-late-mnist-20-20261004,9,2,conv2,l2,0.10266818818228642,0
lsa-inspired-late-mnist-20-20261004,9,2,conv2,max_abs,0.01640966534614563,0
lsa-inspired-late-mnist-20-20261004,9,2,conv2,sparsity,0.0,0
lsa-inspired-late-mnist-20-20261004,9,2,conv2,skewness,4.290687245172186,0
lsa-inspired-late-mnist-20-20261004,9,2,conv2,kurtosis,27.6091463240506,0
lsa-inspired-late-mnist-20-20261004,9,2,fc1,mean,6.077843388193366e-05,0
lsa-inspired-late-mnist-20-20261004,9,2,fc1,std,0.000438652970586403,0
lsa-inspired-late-mnist-20-20261004,9,2,fc1,median,0.0,0
lsa-inspired-late-mnist-20-20261004,9,2,fc1,min,-0.007301492616534233,0
lsa-inspired-late-mnist-20-20261004,9,2,fc1,max,0.007710997015237808,0
lsa-inspired-late-mnist-20-20261004,9,2,fc1,l1,20.807690083126914,0
lsa-inspired-late-mnist-20-20261004,9,2,fc1,l2,0.14033041939914337,0
lsa-inspired-late-mnist-20-20261004,9,2,fc1,max_abs,0.007710997015237808,0
lsa-inspired-late-mnist-20-20261004,9,2,fc1,sparsity,0.08507608349267048,0
lsa-inspired-late-mnist-20-20261004,9,2,fc1,skewness,1.3970842020358574,0
lsa-inspired-late-mnist-20-20261004,9,2,fc1,kurtosis,24.22146409960621,0
lsa-inspired-late-mnist-20-20261004,9,2,output,mean,-2.8656079218937802e-11,0
lsa-inspired-late-mnist-20-20261004,9,2,output,std,0.0027820923586456114,0
lsa-inspired-late-mnist-20-20261004,9,2,output,median,-1.4528632164001465e-07,0
lsa-inspired-late-mnist-20-20261004,9,2,output,min,-0.010389357805252075,0
lsa-inspired-late-mnist-20-20261004,9,2,output,max,0.01002272218465805,0
lsa-inspired-late-mnist-20-20261004,9,2,output,l1,1.2705540952738374,0
lsa-inspired-late-mnist-20-20261004,9,2,output,l2,0.07092971612675675,0
lsa-inspired-late-mnist-20-20261004,9,2,output,max_abs,0.010389357805252075,0
lsa-inspired-late-mnist-20-20261004,9,2,output,sparsity,0.046153846153846156,0
lsa-inspired-late-mnist-20-20261004,9,2,output,skewness,-0.06543235704580268,0
lsa-inspired-late-mnist-20-20261004,9,2,output,kurtosis,1.074299341133429,0
lsa-inspired-late-mnist-20-20261004,9,3,conv1,mean,0.00362255838845158,0
lsa-inspired-late-mnist-20-20261004,9,3,conv1,std,0.005806951530511089,0
lsa-inspired-late-mnist-20-20261004,9,3,conv1,median,0.0007299929857254028,0
lsa-inspired-late-mnist-20-20261004,9,3,conv1,min,-0.0024925917387008667,0
lsa-inspired-late-mnist-20-20261004,9,3,conv1,max,0.021639704704284668,0
lsa-inspired-late-mnist-20-20261004,9,3,conv1,l1,0.6204919109586626,0
lsa-inspired-late-mnist-20-20261004,9,3,conv1,l2,0.0865735436312466,0
lsa-inspired-late-mnist-20-20261004,9,3,conv1,max_abs,0.021639704704284668,0
lsa-inspired-late-mnist-20-20261004,9,3,conv1,sparsity,0.0,0
lsa-inspired-late-mnist-20-20261004,9,3,conv1,skewness,1.5157757050740086,0
lsa-inspired-late-mnist-20-20261004,9,3,conv1,kurtosis,1.0903425746672308,0
lsa-inspired-late-mnist-20-20261004,9,3,conv2,mean,0.0005588579787889824,0
lsa-inspired-late-mnist-20-20261004,9,3,conv2,std,0.0015417616938528567,0
lsa-inspired-late-mnist-20-20261004,9,3,conv2,median,0.00010936940088868141,0
lsa-inspired-late-mnist-20-20261004,9,3,conv2,min,-0.003233283758163452,0
lsa-inspired-late-mnist-20-20261004,9,3,conv2,max,0.017750710248947144,0
lsa-inspired-late-mnist-20-20261004,9,3,conv2,l1,3.3936245389140822,0
lsa-inspired-late-mnist-20-20261004,9,3,conv2,l2,0.1117076108215056,0
lsa-inspired-late-mnist-20-20261004,9,3,conv2,max_abs,0.017750710248947144,0
lsa-inspired-late-mnist-20-20261004,9,3,conv2,sparsity,0.0,0
lsa-inspired-late-mnist-20-20261004,9,3,conv2,skewness,4.265508569460782,0
lsa-inspired-late-mnist-20-20261004,9,3,conv2,kurtosis,27.327023694101175,0
lsa-inspired-late-mnist-20-20261004,9,3,fc1,mean,5.5348781923416775e-05,0
lsa-inspired-late-mnist-20-20261004,9,3,fc1,std,0.00043798223157080524,0
lsa-inspired-late-mnist-20-20261004,9,3,fc1,median,0.0,0
lsa-inspired-late-mnist-20-20261004,9,3,fc1,min,-0.005623640958219767,0
lsa-inspired-late-mnist-20-20261004,9,3,fc1,max,0.008167216554284096,0
lsa-inspired-late-mnist-20-20261004,9,3,fc1,l1,20.498195293425738,0
lsa-inspired-late-mnist-20-20261004,9,3,fc1,l2,0.1398937715665462,0
lsa-inspired-late-mnist-20-20261004,9,3,fc1,max_abs,0.008167216554284096,0
lsa-inspired-late-mnist-20-20261004,9,3,fc1,sparsity,0.07471916826003824,0
lsa-inspired-late-mnist-20-20261004,9,3,fc1,skewness,1.760930103181935,0
lsa-inspired-late-mnist-20-20261004,9,3,fc1,kurtosis,26.730295342279625,0
lsa-inspired-late-mnist-20-20261004,9,3,output,mean,-3.241718961642339e-11,0
lsa-inspired-late-mnist-20-20261004,9,3,output,std,0.002901084718013135,0
lsa-inspired-late-mnist-20-20261004,9,3,output,median,-4.4517219066619873e-07,0
lsa-inspired-late-mnist-20-20261004,9,3,output,min,-0.010334856808185577,0
lsa-inspired-late-mnist-20-20261004,9,3,output,max,0.01148611307144165,0
lsa-inspired-late-mnist-20-20261004,9,3,output,l1,1.2967960844980553,0
lsa-inspired-late-mnist-20-20261004,9,3,output,l2,0.07396343793867399,0
lsa-inspired-late-mnist-20-20261004,9,3,output,max_abs,0.01148611307144165,0
lsa-inspired-late-mnist-20-20261004,9,3,output,sparsity,0.03076923076923077,0
lsa-inspired-late-mnist-20-20261004,9,3,output,skewness,0.2822375769313485,0
lsa-inspired-late-mnist-20-20261004,9,3,output,kurtosis,1.4005869449827584,0
lsa-inspired-late-mnist-20-20261004,9,4,conv1,mean,0.0036284489702666177,0
lsa-inspired-late-mnist-20-20261004,9,4,conv1,std,0.005810224910813546,0
lsa-inspired-late-mnist-20-20261004,9,4,conv1,median,0.0006946083158254623,0
lsa-inspired-late-mnist-20-20261004,9,4,conv1,min,-0.002459913492202759,0
lsa-inspired-late-mnist-20-20261004,9,4,conv1,max,0.021710097789764404,0
lsa-inspired-late-mnist-20-20261004,9,4,conv1,l1,0.622143539134413,0
lsa-inspired-late-mnist-20-20261004,9,4,conv1,l2,0.08664812098972917,0
lsa-inspired-late-mnist-20-20261004,9,4,conv1,max_abs,0.021710097789764404,0
lsa-inspired-late-mnist-20-20261004,9,4,conv1,sparsity,0.0,0
lsa-inspired-late-mnist-20-20261004,9,4,conv1,skewness,1.5110439202661616,0
lsa-inspired-late-mnist-20-20261004,9,4,conv1,kurtosis,1.0650644113655856,0
lsa-inspired-late-mnist-20-20261004,9,4,conv2,mean,0.0005240045892088378,0
lsa-inspired-late-mnist-20-20261004,9,4,conv2,std,0.0015503201857710637,0
lsa-inspired-late-mnist-20-20261004,9,4,conv2,median,9.157508611679077e-05,0
lsa-inspired-late-mnist-20-20261004,9,4,conv2,min,-0.0033807530999183655,0
lsa-inspired-late-mnist-20-20261004,9,4,conv2,max,0.018730953335762024,0
lsa-inspired-late-mnist-20-20261004,9,4,conv2,l1,3.3081258820093353,0
lsa-inspired-late-mnist-20-20261004,9,4,conv2,l2,0.11147314019060434,0
lsa-inspired-late-mnist-20-20261004,9,4,conv2,max_abs,0.018730953335762024,0
lsa-inspired-late-mnist-20-20261004,9,4,conv2,sparsity,0.0,0
lsa-inspired-late-mnist-20-20261004,9,4,conv2,skewness,4.498350407779531,0
lsa-inspired-late-mnist-20-20261004,9,4,conv2,kurtosis,30.528018293755125,0
lsa-inspired-late-mnist-20-20261004,9,4,fc1,mean,5.4363191371800976e-05,0
lsa-inspired-late-mnist-20-20261004,9,4,fc1,std,0.00044593247053335307,0
lsa-inspired-late-mnist-20-20261004,9,4,fc1,median,0.0,0
lsa-inspired-late-mnist-20-20261004,9,4,fc1,min,-0.006839072331786156,0
lsa-inspired-late-mnist-20-20261004,9,4,fc1,max,0.008432310074567795,0
lsa-inspired-late-mnist-20-20261004,9,4,fc1,l1,20.957472798401625,0
lsa-inspired-late-mnist-20-20261004,9,4,fc1,l2,0.14235542108802587,0
lsa-inspired-late-mnist-20-20261004,9,4,fc1,max_abs,0.008432310074567795,0
lsa-inspired-late-mnist-20-20261004,9,4,fc1,sparsity,0.07184114085404716,0
lsa-inspired-late-mnist-20-20261004,9,4,fc1,skewness,1.7063404871641001,0
lsa-inspired-late-mnist-20-20261004,9,4,fc1,kurtosis,29.42712815425118,0
lsa-inspired-late-mnist-20-20261004,9,4,output,mean,-1.7892139462324288e-10,0
lsa-inspired-late-mnist-20-20261004,9,4,output,std,0.0029135509985738664,0
lsa-inspired-late-mnist-20-20261004,9,4,output,median,-4.1350722312927246e-07,0
lsa-inspired-late-mnist-20-20261004,9,4,output,min,-0.008976608514785767,0
lsa-inspired-late-mnist-20-20261004,9,4,output,max,0.011980503797531128,0
lsa-inspired-late-mnist-20-20261004,9,4,output,l1,1.3308127428172156,0
lsa-inspired-late-mnist-20-20261004,9,4,output,l2,0.07428126697787958,0
lsa-inspired-late-mnist-20-20261004,9,4,output,max_abs,0.011980503797531128,0
lsa-inspired-late-mnist-20-20261004,9,4,output,sparsity,0.03076923076923077,0
lsa-inspired-late-mnist-20-20261004,9,4,output,skewness,0.28238862693943584,0
lsa-inspired-late-mnist-20-20261004,9,4,output,kurtosis,1.3400457253593796,0
lsa-inspired-late-mnist-20-20261004,10,0,conv1,mean,0.0034984568743311683,0
lsa-inspired-late-mnist-20-20261004,10,0,conv1,std,0.00555089743954723,0
lsa-inspired-late-mnist-20-20261004,10,0,conv1,median,0.0006666108965873718,0
lsa-inspired-late-mnist-20-20261004,10,0,conv1,min,-0.002039387822151184,0
lsa-inspired-late-mnist-20-20261004,10,0,conv1,max,0.02068382501602173,0
lsa-inspired-late-mnist-20-20261004,10,0,conv1,l1,0.5999701577529777,0
lsa-inspired-late-mnist-20-20261004,10,0,conv1,l2,0.0829955785674654,0
lsa-inspired-late-mnist-20-20261004,10,0,conv1,max_abs,0.02068382501602173,0
lsa-inspired-late-mnist-20-20261004,10,0,conv1,sparsity,0.0,0
lsa-inspired-late-mnist-20-20261004,10,0,conv1,skewness,1.5007459197011461,0
lsa-inspired-late-mnist-20-20261004,10,0,conv1,kurtosis,1.0441741319824445,0
lsa-inspired-late-mnist-20-20261004,10,0,conv2,mean,0.000487723427376891,0
lsa-inspired-late-mnist-20-20261004,10,0,conv2,std,0.0014182537576272925,0
lsa-inspired-late-mnist-20-20261004,10,0,conv2,median,9.366543963551521e-05,0
lsa-inspired-late-mnist-20-20261004,10,0,conv2,min,-0.0032735858112573624,0
lsa-inspired-late-mnist-20-20261004,10,0,conv2,max,0.0161505788564682,0
lsa-inspired-late-mnist-20-20261004,10,0,conv2,l1,3.15617881873186,0
lsa-inspired-late-mnist-20-20261004,10,0,conv2,l2,0.10216082851382888,0
lsa-inspired-late-mnist-20-20261004,10,0,conv2,max_abs,0.0161505788564682,0
lsa-inspired-late-mnist-20-20261004,10,0,conv2,sparsity,0.0,0
lsa-inspired-late-mnist-20-20261004,10,0,conv2,skewness,4.093458694440339,0
lsa-inspired-late-mnist-20-20261004,10,0,conv2,kurtosis,25.539621134013164,0
lsa-inspired-late-mnist-20-20261004,10,0,fc1,mean,4.86451535251756e-05,0
lsa-inspired-late-mnist-20-20261004,10,0,fc1,std,0.0004983931361234712,0
lsa-inspired-late-mnist-20-20261004,10,0,fc1,median,0.0,0
lsa-inspired-late-mnist-20-20261004,10,0,fc1,min,-0.008025173097848892,0
lsa-inspired-late-mnist-20-20261004,10,0,fc1,max,0.00886167399585247,0
lsa-inspired-late-mnist-20-20261004,10,0,fc1,l1,22.819926346211332,0
lsa-inspired-late-mnist-20-20261004,10,0,fc1,l2,0.15868372295352734,0
lsa-inspired-late-mnist-20-20261004,10,0,fc1,max_abs,0.00886167399585247,0
lsa-inspired-late-mnist-20-20261004,10,0,fc1,sparsity,0.06960046207775654,0
lsa-inspired-late-mnist-20-20261004,10,0,fc1,skewness,1.2493694318846913,0
lsa-inspired-late-mnist-20-20261004,10,0,fc1,kurtosis,28.496274837564798,0
lsa-inspired-late-mnist-20-20261004,10,0,output,mean,-5.345702028045288e-10,0
lsa-inspired-late-mnist-20-20261004,10,0,output,std,0.0032781034107160598,0
lsa-inspired-late-mnist-20-20261004,10,0,output,median,-2.551823854446411e-06,0
lsa-inspired-late-mnist-20-20261004,10,0,output,min,-0.0091143399477005,0
lsa-inspired-late-mnist-20-20261004,10,0,output,max,0.019387580454349518,0
lsa-inspired-late-mnist-20-20261004,10,0,output,l1,1.4339166037680116,0
lsa-inspired-late-mnist-20-20261004,10,0,output,l2,0.08357556629408237,0
lsa-inspired-late-mnist-20-20261004,10,0,output,max_abs,0.019387580454349518,0
lsa-inspired-late-mnist-20-20261004,10,0,output,sparsity,0.03076923076923077,0
lsa-inspired-late-mnist-20-20261004,10,0,output,skewness,0.959326992766134,0
lsa-inspired-late-mnist-20-20261004,10,0,output,kurtosis,3.4982659845071566,0
lsa-inspired-late-mnist-20-20261004,10,1,conv1,mean,0.003558022304241604,0
lsa-inspired-late-mnist-20-20261004,10,1,conv1,std,0.005672158661412378,0
lsa-inspired-late-mnist-20-20261004,10,1,conv1,median,0.0007279813289642334,0
lsa-inspired-late-mnist-20-20261004,10,1,conv1,min,-0.0019509345293045044,0
lsa-inspired-late-mnist-20-20261004,10,1,conv1,max,0.020837098360061646,0
lsa-inspired-late-mnist-20-20261004,10,1,conv1,l1,0.6102443035633769,0
lsa-inspired-late-mnist-20-20261004,10,1,conv1,l2,0.08469513005854935,0
lsa-inspired-late-mnist-20-20261004,10,1,conv1,max_abs,0.020837098360061646,0
lsa-inspired-late-mnist-20-20261004,10,1,conv1,sparsity,0.0,0
lsa-inspired-late-mnist-20-20261004,10,1,conv1,skewness,1.5013223766074157,0
lsa-inspired-late-mnist-20-20261004,10,1,conv1,kurtosis,1.0198938421951613,0
lsa-inspired-late-mnist-20-20261004,10,1,conv2,mean,0.0004965694164074476,0
lsa-inspired-late-mnist-20-20261004,10,1,conv2,std,0.001443369487899276,0
lsa-inspired-late-mnist-20-20261004,10,1,conv2,median,8.919462561607361e-05,0
lsa-inspired-late-mnist-20-20261004,10,1,conv2,min,-0.0030708834528923035,0
lsa-inspired-late-mnist-20-20261004,10,1,conv2,max,0.01645563542842865,0
lsa-inspired-late-mnist-20-20261004,10,1,conv2,l1,3.1219600260665175,0
lsa-inspired-late-mnist-20-20261004,10,1,conv2,l2,0.10397461478909989,0
lsa-inspired-late-mnist-20-20261004,10,1,conv2,max_abs,0.01645563542842865,0
lsa-inspired-late-mnist-20-20261004,10,1,conv2,sparsity,0.0,0
lsa-inspired-late-mnist-20-20261004,10,1,conv2,skewness,4.303908038353514,0
lsa-inspired-late-mnist-20-20261004,10,1,conv2,kurtosis,27.386332609430237,0
lsa-inspired-late-mnist-20-20261004,10,1,fc1,mean,4.171908846036329e-05,0
lsa-inspired-late-mnist-20-20261004,10,1,fc1,std,0.00041880006986930076,0
lsa-inspired-late-mnist-20-20261004,10,1,fc1,median,0.0,0
lsa-inspired-late-mnist-20-20261004,10,1,fc1,min,-0.005146096460521221,0
lsa-inspired-late-mnist-20-20261004,10,1,fc1,max,0.007114479783922434,0
lsa-inspired-late-mnist-20-20261004,10,1,fc1,l1,19.991053429762587,0
lsa-inspired-late-mnist-20-20261004,10,1,fc1,l2,0.1333682339333063,0
lsa-inspired-late-mnist-20-20261004,10,1,fc1,max_abs,0.007114479783922434,0
lsa-inspired-late-mnist-20-20261004,10,1,fc1,sparsity,0.0814511631612492,0
lsa-inspired-late-mnist-20-20261004,10,1,fc1,skewness,1.5373708192220394,0
lsa-inspired-late-mnist-20-20261004,10,1,fc1,kurtosis,25.005852338318817,0
lsa-inspired-late-mnist-20-20261004,10,1,output,mean,-2.2495022186866173e-10,0
lsa-inspired-late-mnist-20-20261004,10,1,output,std,0.0029447619368096244,0
lsa-inspired-late-mnist-20-20261004,10,1,output,median,-3.688037395477295e-07,0
lsa-inspired-late-mnist-20-20261004,10,1,output,min,-0.008539609611034393,0
lsa-inspired-late-mnist-20-20261004,10,1,output,max,0.014272540807723999,0
lsa-inspired-late-mnist-20-20261004,10,1,output,l1,1.3351688872789964,0
lsa-inspired-late-mnist-20-20261004,10,1,output,l2,0.075076992893388,0
lsa-inspired-late-mnist-20-20261004,10,1,output,max_abs,0.014272540807723999,0
lsa-inspired-late-mnist-20-20261004,10,1,output,sparsity,0.046153846153846156,0
lsa-inspired-late-mnist-20-20261004,10,1,output,skewness,0.5236394458773587,0
lsa-inspired-late-mnist-20-20261004,10,1,output,kurtosis,2.089719253811264,0
lsa-inspired-late-mnist-20-20261004,10,2,conv1,mean,0.003303169501305092,0
lsa-inspired-late-mnist-20-20261004,10,2,conv1,std,0.005269822200048855,0
lsa-inspired-late-mnist-20-20261004,10,2,conv1,median,0.0005616620182991028,0
lsa-inspired-late-mnist-20-20261004,10,2,conv1,min,-0.0017004460096359253,0
lsa-inspired-late-mnist-20-20261004,10,2,conv1,max,0.019746363162994385,0
lsa-inspired-late-mnist-20-20261004,10,2,conv1,l1,0.5667504833545536,0
lsa-inspired-late-mnist-20-20261004,10,2,conv1,l2,0.0786709143452444,0
lsa-inspired-late-mnist-20-20261004,10,2,conv1,max_abs,0.019746363162994385,0
lsa-inspired-late-mnist-20-20261004,10,2,conv1,sparsity,0.0,0
lsa-inspired-late-mnist-20-20261004,10,2,conv1,skewness,1.5176778744998456,0
lsa-inspired-late-mnist-20-20261004,10,2,conv1,kurtosis,1.096105126035873,0
lsa-inspired-late-mnist-20-20261004,10,2,conv2,mean,0.00045693461150316076,0
lsa-inspired-late-mnist-20-20261004,10,2,conv2,std,0.0013491548103934446,0
lsa-inspired-late-mnist-20-20261004,10,2,conv2,median,8.013099431991577e-05,0
lsa-inspired-late-mnist-20-20261004,10,2,conv2,min,-0.003070726990699768,0
lsa-inspired-late-mnist-20-20261004,10,2,conv2,max,0.01556764543056488,0
lsa-inspired-late-mnist-20-20261004,10,2,conv2,l1,2.9135725305168307,0
lsa-inspired-late-mnist-20-20261004,10,2,conv2,l2,0.09702884544820445,0
lsa-inspired-late-mnist-20-20261004,10,2,conv2,max_abs,0.01556764543056488,0
lsa-inspired-late-mnist-20-20261004,10,2,conv2,sparsity,0.0,0
lsa-inspired-late-mnist-20-20261004,10,2,conv2,skewness,4.266136217463941,0
lsa-inspired-late-mnist-20-20261004,10,2,conv2,kurtosis,27.052522685358273,0
lsa-inspired-late-mnist-20-20261004,10,2,fc1,mean,4.988465740902284e-05,0
lsa-inspired-late-mnist-20-20261004,10,2,fc1,std,0.0004424840940673795,0
lsa-inspired-late-mnist-20-20261004,10,2,fc1,median,0.0,0
lsa-inspired-late-mnist-20-20261004,10,2,fc1,min,-0.0072118910029530525,0
lsa-inspired-late-mnist-20-20261004,10,2,fc1,max,0.007519802078604698,0
lsa-inspired-late-mnist-20-20261004,10,2,fc1,l1,20.947375703226243,0
lsa-inspired-late-mnist-20-20261004,10,2,fc1,l2,0.14110474834747502,0
lsa-inspired-late-mnist-20-20261004,10,2,fc1,max_abs,0.007519802078604698,0
lsa-inspired-late-mnist-20-20261004,10,2,fc1,sparsity,0.08250677182919057,0
lsa-inspired-late-mnist-20-20261004,10,2,fc1,skewness,1.1531276024154722,0
lsa-inspired-late-mnist-20-20261004,10,2,fc1,kurtosis,24.635135190112084,0
lsa-inspired-late-mnist-20-20261004,10,2,output,mean,5.058693484618114e-10,0
lsa-inspired-late-mnist-20-20261004,10,2,output,std,0.0029637556675009506,0
lsa-inspired-late-mnist-20-20261004,10,2,output,median,-1.2665987014770508e-07,0
lsa-inspired-late-mnist-20-20261004,10,2,output,min,-0.00957632064819336,0
lsa-inspired-late-mnist-20-20261004,10,2,output,max,0.011758200824260712,0
lsa-inspired-late-mnist-20-20261004,10,2,output,l1,1.3699480827781372,0
lsa-inspired-late-mnist-20-20261004,10,2,output,l2,0.07556123991054388,0
lsa-inspired-late-mnist-20-20261004,10,2,output,max_abs,0.011758200824260712,0
lsa-inspired-late-mnist-20-20261004,10,2,output,sparsity,0.046153846153846156,0
lsa-inspired-late-mnist-20-20261004,10,2,output,skewness,0.2228230234394882,0
lsa-inspired-late-mnist-20-20261004,10,2,output,kurtosis,0.9262129036105686,0
lsa-inspired-late-mnist-20-20261004,10,3,conv1,mean,0.003543354233261198,0
lsa-inspired-late-mnist-20-20261004,10,3,conv1,std,0.0056358562944876355,0
lsa-inspired-late-mnist-20-20261004,10,3,conv1,median,0.0006335228681564331,0
lsa-inspired-late-mnist-20-20261004,10,3,conv1,min,-0.0020449310541152954,0
lsa-inspired-late-mnist-20-20261004,10,3,conv1,max,0.021029502153396606,0
lsa-inspired-late-mnist-20-20261004,10,3,conv1,l1,0.6041283728554845,0
lsa-inspired-late-mnist-20-20261004,10,3,conv1,l2,0.08420758673134952,0
lsa-inspired-late-mnist-20-20261004,10,3,conv1,max_abs,0.021029502153396606,0
lsa-inspired-late-mnist-20-20261004,10,3,conv1,sparsity,0.0,0
lsa-inspired-late-mnist-20-20261004,10,3,conv1,skewness,1.5125488531646814,0
lsa-inspired-late-mnist-20-20261004,10,3,conv1,kurtosis,1.0721750122481533,0
lsa-inspired-late-mnist-20-20261004,10,3,conv2,mean,0.0004947886270221307,0
lsa-inspired-late-mnist-20-20261004,10,3,conv2,std,0.0014354118780995078,0
lsa-inspired-late-mnist-20-20261004,10,3,conv2,median,8.617632556706667e-05,0
lsa-inspired-late-mnist-20-20261004,10,3,conv2,min,-0.003016209229826927,0
lsa-inspired-late-mnist-20-20261004,10,3,conv2,max,0.016340672969818115,0
lsa-inspired-late-mnist-20-20261004,10,3,conv2,l1,3.1211916060365184,0
lsa-inspired-late-mnist-20-20261004,10,3,conv2,l2,0.10342260357300502,0
lsa-inspired-late-mnist-20-20261004,10,3,conv2,max_abs,0.016340672969818115,0
lsa-inspired-late-mnist-20-20261004,10,3,conv2,sparsity,0.0,0
lsa-inspired-late-mnist-20-20261004,10,3,conv2,skewness,4.2063327043220875,0
lsa-inspired-late-mnist-20-20261004,10,3,conv2,kurtosis,26.43226680093573,0
lsa-inspired-late-mnist-20-20261004,10,3,fc1,mean,4.540109882155699e-05,0
lsa-inspired-late-mnist-20-20261004,10,3,fc1,std,0.000415108985327237,0
lsa-inspired-late-mnist-20-20261004,10,3,fc1,median,0.0,0
lsa-inspired-late-mnist-20-20261004,10,3,fc1,min,-0.005541613325476646,0
lsa-inspired-late-mnist-20-20261004,10,3,fc1,max,0.00788528099656105,0
lsa-inspired-late-mnist-20-20261004,10,3,fc1,l1,19.446251135549346,0
lsa-inspired-late-mnist-20-20261004,10,3,fc1,l2,0.13232616395415656,0
lsa-inspired-late-mnist-20-20261004,10,3,fc1,max_abs,0.00788528099656105,0
lsa-inspired-late-mnist-20-20261004,10,3,fc1,sparsity,0.08414993626513703,0
lsa-inspired-late-mnist-20-20261004,10,3,fc1,skewness,1.6041946539411036,0
lsa-inspired-late-mnist-20-20261004,10,3,fc1,kurtosis,27.009734590112203,0
lsa-inspired-late-mnist-20-20261004,10,3,output,mean,-2.2665167657228617e-10,0
lsa-inspired-late-mnist-20-20261004,10,3,output,std,0.002862252111997255,0
lsa-inspired-late-mnist-20-20261004,10,3,output,median,-4.6938657760620117e-07,0
lsa-inspired-late-mnist-20-20261004,10,3,output,min,-0.008968494832515717,0
lsa-inspired-late-mnist-20-20261004,10,3,output,max,0.01152084767818451,0
lsa-inspired-late-mnist-20-20261004,10,3,output,l1,1.284997783077415,0
lsa-inspired-late-mnist-20-20261004,10,3,output,l2,0.07297339685948104,0
lsa-inspired-late-mnist-20-20261004,10,3,output,max_abs,0.01152084767818451,0
lsa-inspired-late-mnist-20-20261004,10,3,output,sparsity,0.046153846153846156,0
lsa-inspired-late-mnist-20-20261004,10,3,output,skewness,0.32524728531874825,0
lsa-inspired-late-mnist-20-20261004,10,3,output,kurtosis,1.3408426820680974,0
lsa-inspired-late-mnist-20-20261004,10,4,conv1,mean,0.003553368416214653,0
lsa-inspired-late-mnist-20-20261004,10,4,conv1,std,0.005643125148987672,0
lsa-inspired-late-mnist-20-20261004,10,4,conv1,median,0.0007039718329906464,0
lsa-inspired-late-mnist-20-20261004,10,4,conv1,min,-0.002088695764541626,0
lsa-inspired-late-mnist-20-20261004,10,4,conv1,max,0.021166056394577026,0
lsa-inspired-late-mnist-20-20261004,10,4,conv1,l1,0.6056317253678571,0
lsa-inspired-late-mnist-20-20261004,10,4,conv1,l2,0.08435286698007503,0
lsa-inspired-late-mnist-20-20261004,10,4,conv1,max_abs,0.021166056394577026,0
lsa-inspired-late-mnist-20-20261004,10,4,conv1,sparsity,0.0,0
lsa-inspired-late-mnist-20-20261004,10,4,conv1,skewness,1.5094649143391417,0
lsa-inspired-late-mnist-20-20261004,10,4,conv1,kurtosis,1.0561507539248751,0
lsa-inspired-late-mnist-20-20261004,10,4,conv2,mean,0.0004634802334341406,0
lsa-inspired-late-mnist-20-20261004,10,4,conv2,std,0.0014444610630224618,0
lsa-inspired-late-mnist-20-20261004,10,4,conv2,median,6.961682811379433e-05,0
lsa-inspired-late-mnist-20-20261004,10,4,conv2,min,-0.0030266940593719482,0
lsa-inspired-late-mnist-20-20261004,10,4,conv2,max,0.01738901436328888,0
lsa-inspired-late-mnist-20-20261004,10,4,conv2,l1,3.042229681253957,0
lsa-inspired-late-mnist-20-20261004,10,4,conv2,l2,0.10333415233448598,0
lsa-inspired-late-mnist-20-20261004,10,4,conv2,max_abs,0.01738901436328888,0
lsa-inspired-late-mnist-20-20261004,10,4,conv2,sparsity,0.0,0
lsa-inspired-late-mnist-20-20261004,10,4,conv2,skewness,4.464511091450666,0
lsa-inspired-late-mnist-20-20261004,10,4,conv2,kurtosis,29.83896490735134,0
lsa-inspired-late-mnist-20-20261004,10,4,fc1,mean,4.482427649880101e-05,0
lsa-inspired-late-mnist-20-20261004,10,4,fc1,std,0.00042646109846927505,0
lsa-inspired-late-mnist-20-20261004,10,4,fc1,median,0.0,0
lsa-inspired-late-mnist-20-20261004,10,4,fc1,min,-0.006753109395503998,0
lsa-inspired-late-mnist-20-20261004,10,4,fc1,max,0.007873613387346268,0
lsa-inspired-late-mnist-20-20261004,10,4,fc1,l1,20.04069667601027,0
lsa-inspired-late-mnist-20-20261004,10,4,fc1,l2,0.13588348609519485,0
lsa-inspired-late-mnist-20-20261004,10,4,fc1,max_abs,0.007873613387346268,0
lsa-inspired-late-mnist-20-20261004,10,4,fc1,sparsity,0.09110101975780752,0
lsa-inspired-late-mnist-20-20261004,10,4,fc1,skewness,1.565172770793447,0
lsa-inspired-late-mnist-20-20261004,10,4,fc1,kurtosis,29.268691587868105,0
lsa-inspired-late-mnist-20-20261004,10,4,output,mean,-9.957987528580886e-11,0
lsa-inspired-late-mnist-20-20261004,10,4,output,std,0.0029681826159307927,0
lsa-inspired-late-mnist-20-20261004,10,4,output,median,-3.46451997756958e-07,0
lsa-inspired-late-mnist-20-20261004,10,4,output,min,-0.00846901535987854,0
lsa-inspired-late-mnist-20-20261004,10,4,output,max,0.011307641863822937,0
lsa-inspired-late-mnist-20-20261004,10,4,output,l1,1.390523698180914,0
lsa-inspired-late-mnist-20-20261004,10,4,output,l2,0.07567410539269,0
lsa-inspired-late-mnist-20-20261004,10,4,output,max_abs,0.011307641863822937,0
lsa-inspired-late-mnist-20-20261004,10,4,output,sparsity,0.06153846153846154,0
lsa-inspired-late-mnist-20-20261004,10,4,output,skewness,0.2766361808070288,0
lsa-inspired-late-mnist-20-20261004,10,4,output,kurtosis,0.9020747886670284,0
lsa-inspired-late-mnist-20-20261004,11,0,conv1,mean,0.003035805640683975,0
lsa-inspired-late-mnist-20-20261004,11,0,conv1,std,0.004797274791746155,0
lsa-inspired-late-mnist-20-20261004,11,0,conv1,median,0.0005312636494636536,0
lsa-inspired-late-mnist-20-20261004,11,0,conv1,min,-0.0016575753688812256,0
lsa-inspired-late-mnist-20-20261004,11,0,conv1,max,0.017956018447875977,0
lsa-inspired-late-mnist-20-20261004,11,0,conv1,l1,0.5206437746528536,0
lsa-inspired-late-mnist-20-20261004,11,0,conv1,l2,0.07181081959207179,0
lsa-inspired-late-mnist-20-20261004,11,0,conv1,max_abs,0.017956018447875977,0
lsa-inspired-late-mnist-20-20261004,11,0,conv1,sparsity,0.0,0
lsa-inspired-late-mnist-20-20261004,11,0,conv1,skewness,1.489846391804861,0
lsa-inspired-late-mnist-20-20261004,11,0,conv1,kurtosis,1.0162903774747045,0
lsa-inspired-late-mnist-20-20261004,11,0,conv2,mean,0.0003930723932579236,0
lsa-inspired-late-mnist-20-20261004,11,0,conv2,std,0.0011958433715209894,0
lsa-inspired-late-mnist-20-20261004,11,0,conv2,median,7.122382521629333e-05,0
lsa-inspired-late-mnist-20-20261004,11,0,conv2,min,-0.003118794411420822,0
lsa-inspired-late-mnist-20-20261004,11,0,conv2,max,0.013374045491218567,0
lsa-inspired-late-mnist-20-20261004,11,0,conv2,l1,2.6600185787538067,0
lsa-inspired-late-mnist-20-20261004,11,0,conv2,l2,0.08574555008023566,0
lsa-inspired-late-mnist-20-20261004,11,0,conv2,max_abs,0.013374045491218567,0
lsa-inspired-late-mnist-20-20261004,11,0,conv2,sparsity,0.0,0
lsa-inspired-late-mnist-20-20261004,11,0,conv2,skewness,3.974096642544101,0
lsa-inspired-late-mnist-20-20261004,11,0,conv2,kurtosis,24.254266879096416,0
lsa-inspired-late-mnist-20-20261004,11,0,fc1,mean,3.7441970226281263e-05,0
lsa-inspired-late-mnist-20-20261004,11,0,fc1,std,0.0004550814530946682,0
lsa-inspired-late-mnist-20-20261004,11,0,fc1,median,0.0,0
lsa-inspired-late-mnist-20-20261004,11,0,fc1,min,-0.0061098989099264145,0
lsa-inspired-late-mnist-20-20261004,11,0,fc1,max,0.007653042674064636,0
lsa-inspired-late-mnist-20-20261004,11,0,fc1,l1,20.74094147370647,0
lsa-inspired-late-mnist-20-20261004,11,0,fc1,l2,0.1446956787089147,0
lsa-inspired-late-mnist-20-20261004,11,0,fc1,max_abs,0.007653042674064636,0
lsa-inspired-late-mnist-20-20261004,11,0,fc1,sparsity,0.06978967495219886,0
lsa-inspired-late-mnist-20-20261004,11,0,fc1,skewness,1.2332800446172958,0
lsa-inspired-late-mnist-20-20261004,11,0,fc1,kurtosis,28.680873790888477,0
lsa-inspired-late-mnist-20-20261004,11,0,output,mean,7.347597812230771e-11,0
lsa-inspired-late-mnist-20-20261004,11,0,output,std,0.003055546319727761,0
lsa-inspired-late-mnist-20-20261004,11,0,output,median,-2.678483724594116e-06,0
lsa-inspired-late-mnist-20-20261004,11,0,output,min,-0.006928190588951111,0
lsa-inspired-late-mnist-20-20261004,11,0,output,max,0.018903464078903198,0
lsa-inspired-late-mnist-20-20261004,11,0,output,l1,1.3336644754454028,0
lsa-inspired-late-mnist-20-20261004,11,0,output,l2,0.07790145154489238,0
lsa-inspired-late-mnist-20-20261004,11,0,output,max_abs,0.018903464078903198,0
lsa-inspired-late-mnist-20-20261004,11,0,output,sparsity,0.03076923076923077,0
lsa-inspired-late-mnist-20-20261004,11,0,output,skewness,1.1969367657742402,0
lsa-inspired-late-mnist-20-20261004,11,0,output,kurtosis,4.212572167835337,0
lsa-inspired-late-mnist-20-20261004,11,1,conv1,mean,0.0030792517098234386,0
lsa-inspired-late-mnist-20-20261004,11,1,conv1,std,0.004892665542281771,0
lsa-inspired-late-mnist-20-20261004,11,1,conv1,median,0.0005849041044712067,0
lsa-inspired-late-mnist-20-20261004,11,1,conv1,min,-0.001545235514640808,0
lsa-inspired-late-mnist-20-20261004,11,1,conv1,max,0.018106043338775635,0
lsa-inspired-late-mnist-20-20261004,11,1,conv1,l1,0.5268335904984269,0
lsa-inspired-late-mnist-20-20261004,11,1,conv1,l2,0.07312451539786852,0
lsa-inspired-late-mnist-20-20261004,11,1,conv1,max_abs,0.018106043338775635,0
lsa-inspired-late-mnist-20-20261004,11,1,conv1,sparsity,0.0,0
lsa-inspired-late-mnist-20-20261004,11,1,conv1,skewness,1.4973525630653373,0
lsa-inspired-late-mnist-20-20261004,11,1,conv1,kurtosis,1.0111177088932308,0
lsa-inspired-late-mnist-20-20261004,11,1,conv2,mean,0.0003950985428653847,0
lsa-inspired-late-mnist-20-20261004,11,1,conv2,std,0.0012117792913039042,0
lsa-inspired-late-mnist-20-20261004,11,1,conv2,median,6.647780537605286e-05,0
lsa-inspired-late-mnist-20-20261004,11,1,conv2,min,-0.002716582268476486,0
lsa-inspired-late-mnist-20-20261004,11,1,conv2,max,0.013656049966812134,0
lsa-inspired-late-mnist-20-20261004,11,1,conv2,l1,2.610249838055097,0
lsa-inspired-late-mnist-20-20261004,11,1,conv2,l2,0.08682013164957808,0
lsa-inspired-late-mnist-20-20261004,11,1,conv2,max_abs,0.013656049966812134,0
lsa-inspired-late-mnist-20-20261004,11,1,conv2,sparsity,0.0,0
lsa-inspired-late-mnist-20-20261004,11,1,conv2,skewness,4.213364314878626,0
lsa-inspired-late-mnist-20-20261004,11,1,conv2,kurtosis,26.341168554949817,0
lsa-inspired-late-mnist-20-20261004,11,1,fc1,mean,2.789281025261602e-05,0
lsa-inspired-late-mnist-20-20261004,11,1,fc1,std,0.0003653372529205238,0
lsa-inspired-late-mnist-20-20261004,11,1,fc1,median,0.0,0
lsa-inspired-late-mnist-20-20261004,11,1,fc1,min,-0.004677526652812958,0
lsa-inspired-late-mnist-20-20261004,11,1,fc1,max,0.006169833708554506,0
lsa-inspired-late-mnist-20-20261004,11,1,fc1,l1,17.572926811556044,0
lsa-inspired-late-mnist-20-20261004,11,1,fc1,l2,0.1161067588019759,0
lsa-inspired-late-mnist-20-20261004,11,1,fc1,max_abs,0.006169833708554506,0
lsa-inspired-late-mnist-20-20261004,11,1,fc1,sparsity,0.0785133843212237,0
lsa-inspired-late-mnist-20-20261004,11,1,fc1,skewness,1.1932745504521054,0
lsa-inspired-late-mnist-20-20261004,11,1,fc1,kurtosis,24.30355921103448,0
lsa-inspired-late-mnist-20-20261004,11,1,output,mean,6.185235598912606e-10,0
lsa-inspired-late-mnist-20-20261004,11,1,output,std,0.0025608569199601617,0
lsa-inspired-late-mnist-20-20261004,11,1,output,median,-2.9616057872772217e-07,0
lsa-inspired-late-mnist-20-20261004,11,1,output,min,-0.008178114891052246,0
lsa-inspired-late-mnist-20-20261004,11,1,output,max,0.012388631701469421,0
lsa-inspired-late-mnist-20-20261004,11,1,output,l1,1.1765005261986516,0
lsa-inspired-late-mnist-20-20261004,11,1,output,l2,0.0652892970319818,0
lsa-inspired-late-mnist-20-20261004,11,1,output,max_abs,0.012388631701469421,0
lsa-inspired-late-mnist-20-20261004,11,1,output,sparsity,0.046153846153846156,0
lsa-inspired-late-mnist-20-20261004,11,1,output,skewness,0.4482081583126648,0
lsa-inspired-late-mnist-20-20261004,11,1,output,kurtosis,1.8299651684992906,0
lsa-inspired-late-mnist-20-20261004,11,2,conv1,mean,0.0028782601451894153,0
lsa-inspired-late-mnist-20-20261004,11,2,conv1,std,0.0045870844613363606,0
lsa-inspired-late-mnist-20-20261004,11,2,conv1,median,0.0005209296941757202,0
lsa-inspired-late-mnist-20-20261004,11,2,conv1,min,-0.0013407468795776367,0
lsa-inspired-late-mnist-20-20261004,11,2,conv1,max,0.01730436086654663,0
lsa-inspired-late-mnist-20-20261004,11,2,conv1,l1,0.4924700095143635,0
lsa-inspired-late-mnist-20-20261004,11,2,conv1,l2,0.06849902226317603,0
lsa-inspired-late-mnist-20-20261004,11,2,conv1,max_abs,0.01730436086654663,0
lsa-inspired-late-mnist-20-20261004,11,2,conv1,sparsity,0.0,0
lsa-inspired-late-mnist-20-20261004,11,2,conv1,skewness,1.5221592077648471,0
lsa-inspired-late-mnist-20-20261004,11,2,conv1,kurtosis,1.1187849663745864,0
lsa-inspired-late-mnist-20-20261004,11,2,conv2,mean,0.00036937940197174547,0
lsa-inspired-late-mnist-20-20261004,11,2,conv2,std,0.0011451997841027675,0
lsa-inspired-late-mnist-20-20261004,11,2,conv2,median,6.097927689552307e-05,0
lsa-inspired-late-mnist-20-20261004,11,2,conv2,min,-0.0032251104712486267,0
lsa-inspired-late-mnist-20-20261004,11,2,conv2,max,0.012985944747924805,0
lsa-inspired-late-mnist-20-20261004,11,2,conv2,l1,2.4744124300395924,0
lsa-inspired-late-mnist-20-20261004,11,2,conv2,l2,0.08196563861052103,0
lsa-inspired-late-mnist-20-20261004,11,2,conv2,max_abs,0.012985944747924805,0
lsa-inspired-late-mnist-20-20261004,11,2,conv2,sparsity,0.0,0
lsa-inspired-late-mnist-20-20261004,11,2,conv2,skewness,4.1215263747496165,0
lsa-inspired-late-mnist-20-20261004,11,2,conv2,kurtosis,25.550562388659372,0
lsa-inspired-late-mnist-20-20261004,11,2,fc1,mean,3.941243057593991e-05,0
lsa-inspired-late-mnist-20-20261004,11,2,fc1,std,0.0004203429754018635,0
lsa-inspired-late-mnist-20-20261004,11,2,fc1,median,0.0,0
lsa-inspired-late-mnist-20-20261004,11,2,fc1,min,-0.007250692695379257,0
lsa-inspired-late-mnist-20-20261004,11,2,fc1,max,0.0070003122091293335,0
lsa-inspired-late-mnist-20-20261004,11,2,fc1,l1,19.83730289514419,0
lsa-inspired-late-mnist-20-20261004,11,2,fc1,l2,0.13378454377441135,0
lsa-inspired-late-mnist-20-20261004,11,2,fc1,max_abs,0.007250692695379257,0
lsa-inspired-late-mnist-20-20261004,11,2,fc1,sparsity,0.08170012746972594,0
lsa-inspired-late-mnist-20-20261004,11,2,fc1,skewness,0.9334933122251101,0
lsa-inspired-late-mnist-20-20261004,11,2,fc1,kurtosis,24.928105819247556,0
lsa-inspired-late-mnist-20-20261004,11,2,output,mean,4.5267650141165806e-11,0
lsa-inspired-late-mnist-20-20261004,11,2,output,std,0.002844576415608806,0
lsa-inspired-late-mnist-20-20261004,11,2,output,median,-5.373731255531311e-07,0
lsa-inspired-late-mnist-20-20261004,11,2,output,min,-0.008295491337776184,0
lsa-inspired-late-mnist-20-20261004,11,2,output,max,0.011981576681137085,0
lsa-inspired-late-mnist-20-20261004,11,2,output,l1,1.3178881409403402,0
lsa-inspired-late-mnist-20-20261004,11,2,output,l2,0.07252275325547562,0
lsa-inspired-late-mnist-20-20261004,11,2,output,max_abs,0.011981576681137085,0
lsa-inspired-late-mnist-20-20261004,11,2,output,sparsity,0.05076923076923077,0
lsa-inspired-late-mnist-20-20261004,11,2,output,skewness,0.44310250234798765,0
lsa-inspired-late-mnist-20-20261004,11,2,output,kurtosis,0.9962937795174822,0
lsa-inspired-late-mnist-20-20261004,11,3,conv1,mean,0.003034145976380387,0
lsa-inspired-late-mnist-20-20261004,11,3,conv1,std,0.004791620405486076,0
lsa-inspired-late-mnist-20-20261004,11,3,conv1,median,0.0005174055695533752,0
lsa-inspired-late-mnist-20-20261004,11,3,conv1,min,-0.0015417039394378662,0
lsa-inspired-late-mnist-20-20261004,11,3,conv1,max,0.01801440119743347,0
lsa-inspired-late-mnist-20-20261004,11,3,conv1,l1,0.5160688929317985,0
lsa-inspired-late-mnist-20-20261004,11,3,conv1,l2,0.07173915853005898,0
lsa-inspired-late-mnist-20-20261004,11,3,conv1,max_abs,0.01801440119743347,0
lsa-inspired-late-mnist-20-20261004,11,3,conv1,sparsity,0.0,0
lsa-inspired-late-mnist-20-20261004,11,3,conv1,skewness,1.510077461401964,0
lsa-inspired-late-mnist-20-20261004,11,3,conv1,kurtosis,1.0751473077343379,0
lsa-inspired-late-mnist-20-20261004,11,3,conv2,mean,0.0003851026519504526,0
lsa-inspired-late-mnist-20-20261004,11,3,conv2,std,0.0011961272244732637,0
lsa-inspired-late-mnist-20-20261004,11,3,conv2,median,6.21238723397255e-05,0
lsa-inspired-late-mnist-20-20261004,11,3,conv2,min,-0.0031997747719287872,0
lsa-inspired-late-mnist-20-20261004,11,3,conv2,max,0.013315781950950623,0
lsa-inspired-late-mnist-20-20261004,11,3,conv2,l1,2.5972457863827003,0
lsa-inspired-late-mnist-20-20261004,11,3,conv2,l2,0.08559598803710011,0
lsa-inspired-late-mnist-20-20261004,11,3,conv2,max_abs,0.013315781950950623,0
lsa-inspired-late-mnist-20-20261004,11,3,conv2,sparsity,0.0,0
lsa-inspired-late-mnist-20-20261004,11,3,conv2,skewness,4.050380880968119,0
lsa-inspired-late-mnist-20-20261004,11,3,conv2,kurtosis,24.83537617940076,0
lsa-inspired-late-mnist-20-20261004,11,3,fc1,mean,3.244613558112675e-05,0
lsa-inspired-late-mnist-20-20261004,11,3,fc1,std,0.0003680334211257622,0
lsa-inspired-late-mnist-20-20261004,11,3,fc1,median,0.0,0
lsa-inspired-late-mnist-20-20261004,11,3,fc1,min,-0.005048684775829315,0
lsa-inspired-late-mnist-20-20261004,11,3,fc1,max,0.006968298926949501,0
lsa-inspired-late-mnist-20-20261004,11,3,fc1,l1,17.322809280076626,0
lsa-inspired-late-mnist-20-20261004,11,3,fc1,l2,0.11707655461232404,0
lsa-inspired-late-mnist-20-20261004,11,3,fc1,max_abs,0.006968298926949501,0
lsa-inspired-late-mnist-20-20261004,11,3,fc1,sparsity,0.08292503186743148,0
lsa-inspired-late-mnist-20-20261004,11,3,fc1,skewness,1.3350115226111214,0
lsa-inspired-late-mnist-20-20261004,11,3,fc1,kurtosis,26.76272923775257,0
lsa-inspired-late-mnist-20-20261004,11,3,output,mean,4.40005141382034e-10,0
lsa-inspired-late-mnist-20-20261004,11,3,output,std,0.002526380852005087,0
lsa-inspired-late-mnist-20-20261004,11,3,output,median,-2.7194619178771973e-07,0
lsa-inspired-late-mnist-20-20261004,11,3,output,min,-0.007953628897666931,0
lsa-inspired-late-mnist-20-20261004,11,3,output,max,0.010503992438316345,0
lsa-inspired-late-mnist-20-20261004,11,3,output,l1,1.1337755453132559,0
lsa-inspired-late-mnist-20-20261004,11,3,output,l2,0.0644103263157065,0
lsa-inspired-late-mnist-20-20261004,11,3,output,max_abs,0.010503992438316345,0
lsa-inspired-late-mnist-20-20261004,11,3,output,sparsity,0.046153846153846156,0
lsa-inspired-late-mnist-20-20261004,11,3,output,skewness,0.32692872428391984,0
lsa-inspired-late-mnist-20-20261004,11,3,output,kurtosis,1.3996445159515005,0
lsa-inspired-late-mnist-20-20261004,11,4,conv1,mean,0.003065991653238598,0
lsa-inspired-late-mnist-20-20261004,11,4,conv1,std,0.0048545049378847585,0
lsa-inspired-late-mnist-20-20261004,11,4,conv1,median,0.0005696378648281097,0
lsa-inspired-late-mnist-20-20261004,11,4,conv1,min,-0.001641601324081421,0
lsa-inspired-late-mnist-20-20261004,11,4,conv1,max,0.01834923028945923,0
lsa-inspired-late-mnist-20-20261004,11,4,conv1,l1,0.5218216774810571,0
lsa-inspired-late-mnist-20-20261004,11,4,conv1,l2,0.07262674219286035,0
lsa-inspired-late-mnist-20-20261004,11,4,conv1,max_abs,0.01834923028945923,0
lsa-inspired-late-mnist-20-20261004,11,4,conv1,sparsity,0.0,0
lsa-inspired-late-mnist-20-20261004,11,4,conv1,skewness,1.5091045222416337,0
lsa-inspired-late-mnist-20-20261004,11,4,conv1,kurtosis,1.0695721314030564,0
lsa-inspired-late-mnist-20-20261004,11,4,conv2,mean,0.0003609468715334013,0
lsa-inspired-late-mnist-20-20261004,11,4,conv2,std,0.0012136001721396617,0
lsa-inspired-late-mnist-20-20261004,11,4,conv2,median,4.425458610057831e-05,0
lsa-inspired-late-mnist-20-20261004,11,4,conv2,min,-0.002795454114675522,0
lsa-inspired-late-mnist-20-20261004,11,4,conv2,max,0.01453372836112976,0
lsa-inspired-late-mnist-20-20261004,11,4,conv2,l1,2.5351337272077217,0
lsa-inspired-late-mnist-20-20261004,11,4,conv2,l2,0.08624628236368481,0
lsa-inspired-late-mnist-20-20261004,11,4,conv2,max_abs,0.01453372836112976,0
lsa-inspired-late-mnist-20-20261004,11,4,conv2,sparsity,0.0,0
lsa-inspired-late-mnist-20-20261004,11,4,conv2,skewness,4.378574701627927,0
lsa-inspired-late-mnist-20-20261004,11,4,conv2,kurtosis,29.02509343023702,0
lsa-inspired-late-mnist-20-20261004,11,4,fc1,mean,3.2158526067344315e-05,0
lsa-inspired-late-mnist-20-20261004,11,4,fc1,std,0.00038953824777647207,0
lsa-inspired-late-mnist-20-20261004,11,4,fc1,median,0.0,0
lsa-inspired-late-mnist-20-20261004,11,4,fc1,min,-0.006505545228719711,0
lsa-inspired-late-mnist-20-20261004,11,4,fc1,max,0.00695379450917244,0
lsa-inspired-late-mnist-20-20261004,11,4,fc1,l1,18.225850913362166,0
lsa-inspired-late-mnist-20-20261004,11,4,fc1,l2,0.12385869288163481,0
lsa-inspired-late-mnist-20-20261004,11,4,fc1,max_abs,0.00695379450917244,0
lsa-inspired-late-mnist-20-20261004,11,4,fc1,sparsity,0.08915909815168897,0
lsa-inspired-late-mnist-20-20261004,11,4,fc1,skewness,1.4473289827217002,0
lsa-inspired-late-mnist-20-20261004,11,4,fc1,kurtosis,29.988602594862527,0
lsa-inspired-late-mnist-20-20261004,11,4,output,mean,-1.0132610511321288e-10,0
lsa-inspired-late-mnist-20-20261004,11,4,output,std,0.0028115634424855014,0
lsa-inspired-late-mnist-20-20261004,11,4,output,median,-5.21540641784668e-07,0
lsa-inspired-late-mnist-20-20261004,11,4,output,min,-0.008683130145072937,0
lsa-inspired-late-mnist-20-20261004,11,4,output,max,0.009677723050117493,0
lsa-inspired-late-mnist-20-20261004,11,4,output,l1,1.3243871847807895,0
lsa-inspired-late-mnist-20-20261004,11,4,output,l2,0.07168108428468843,0
lsa-inspired-late-mnist-20-20261004,11,4,output,max_abs,0.009677723050117493,0
lsa-inspired-late-mnist-20-20261004,11,4,output,sparsity,0.06153846153846154,0
lsa-inspired-late-mnist-20-20261004,11,4,output,skewness,0.28555135609835774,0
lsa-inspired-late-mnist-20-20261004,11,4,output,kurtosis,0.7334979990233439,0
lsa-inspired-late-mnist-20-20261004,12,0,conv1,mean,0.0024591397904259794,0
lsa-inspired-late-mnist-20-20261004,12,0,conv1,std,0.0038725088065787727,0
lsa-inspired-late-mnist-20-20261004,12,0,conv1,median,0.00041472911834716797,0
lsa-inspired-late-mnist-20-20261004,12,0,conv1,min,-0.0012354552745819092,0
lsa-inspired-late-mnist-20-20261004,12,0,conv1,max,0.014721781015396118,0
lsa-inspired-late-mnist-20-20261004,12,0,conv1,l1,0.4226626483286964,0
lsa-inspired-late-mnist-20-20261004,12,0,conv1,l2,0.05802577767287429,0
lsa-inspired-late-mnist-20-20261004,12,0,conv1,max_abs,0.014721781015396118,0
lsa-inspired-late-mnist-20-20261004,12,0,conv1,sparsity,0.0,0
lsa-inspired-late-mnist-20-20261004,12,0,conv1,skewness,1.4900369543046688,0
lsa-inspired-late-mnist-20-20261004,12,0,conv1,kurtosis,1.0429447553573743,0
lsa-inspired-late-mnist-20-20261004,12,0,conv2,mean,0.0002963856291891151,0
lsa-inspired-late-mnist-20-20261004,12,0,conv2,std,0.0009598776648843868,0
lsa-inspired-late-mnist-20-20261004,12,0,conv2,median,5.12395054101944e-05,0
lsa-inspired-late-mnist-20-20261004,12,0,conv2,min,-0.0028185024857521057,0
lsa-inspired-late-mnist-20-20261004,12,0,conv2,max,0.010364517569541931,0
lsa-inspired-late-mnist-20-20261004,12,0,conv2,l1,2.170450512869138,0
lsa-inspired-late-mnist-20-20261004,12,0,conv2,l2,0.0684304933307112,0
lsa-inspired-late-mnist-20-20261004,12,0,conv2,max_abs,0.010364517569541931,0
lsa-inspired-late-mnist-20-20261004,12,0,conv2,sparsity,0.0,0
lsa-inspired-late-mnist-20-20261004,12,0,conv2,skewness,3.7377721793827434,0
lsa-inspired-late-mnist-20-20261004,12,0,conv2,kurtosis,21.956754514009237,0
lsa-inspired-late-mnist-20-20261004,12,0,fc1,mean,2.9134237830670803e-05,0
lsa-inspired-late-mnist-20-20261004,12,0,fc1,std,0.0004102959352641915,0
lsa-inspired-late-mnist-20-20261004,12,0,fc1,median,0.0,0
lsa-inspired-late-mnist-20-20261004,12,0,fc1,min,-0.005443096160888672,0
lsa-inspired-late-mnist-20-20261004,12,0,fc1,max,0.007037585601210594,0
lsa-inspired-late-mnist-20-20261004,12,0,fc1,l1,18.80272569208779,0
lsa-inspired-late-mnist-20-20261004,12,0,fc1,l2,0.13034392781823562,0
lsa-inspired-late-mnist-20-20261004,12,0,fc1,max_abs,0.007037585601210594,0
lsa-inspired-late-mnist-20-20261004,12,0,fc1,sparsity,0.06613487890376035,0
lsa-inspired-late-mnist-20-20261004,12,0,fc1,skewness,1.0139492478206205,0
lsa-inspired-late-mnist-20-20261004,12,0,fc1,kurtosis,28.379261437970438,0
lsa-inspired-late-mnist-20-20261004,12,0,output,mean,3.8103630336431356e-11,0
lsa-inspired-late-mnist-20-20261004,12,0,output,std,0.0027306555983180104,0
lsa-inspired-late-mnist-20-20261004,12,0,output,median,-2.43261456489563e-06,0
lsa-inspired-late-mnist-20-20261004,12,0,output,min,-0.006610572338104248,0
lsa-inspired-late-mnist-20-20261004,12,0,output,max,0.01766590029001236,0
lsa-inspired-late-mnist-20-20261004,12,0,output,l1,1.1761664812511299,0
lsa-inspired-late-mnist-20-20261004,12,0,output,l2,0.06961833090362458,0
lsa-inspired-late-mnist-20-20261004,12,0,output,max_abs,0.01766590029001236,0
lsa-inspired-late-mnist-20-20261004,12,0,output,sparsity,0.03076923076923077,0
lsa-inspired-late-mnist-20-20261004,12,0,output,skewness,1.379211560308388,0
lsa-inspired-late-mnist-20-20261004,12,0,output,kurtosis,5.087005212730624,0
lsa-inspired-late-mnist-20-20261004,12,1,conv1,mean,0.0025091246522606523,0
lsa-inspired-late-mnist-20-20261004,12,1,conv1,std,0.003969156505741453,0
lsa-inspired-late-mnist-20-20261004,12,1,conv1,median,0.00042786821722984314,0
lsa-inspired-late-mnist-20-20261004,12,1,conv1,min,-0.0012087523937225342,0
lsa-inspired-late-mnist-20-20261004,12,1,conv1,max,0.014872252941131592,0
lsa-inspired-late-mnist-20-20261004,12,1,conv1,l1,0.42973866041575093,0
lsa-inspired-late-mnist-20-20261004,12,1,conv1,l2,0.05939684824992227,0
lsa-inspired-late-mnist-20-20261004,12,1,conv1,max_abs,0.014872252941131592,0
lsa-inspired-late-mnist-20-20261004,12,1,conv1,sparsity,0.0,0
lsa-inspired-late-mnist-20-20261004,12,1,conv1,skewness,1.4905339153192405,0
lsa-inspired-late-mnist-20-20261004,12,1,conv1,kurtosis,1.0076243398689746,0
lsa-inspired-late-mnist-20-20261004,12,1,conv2,mean,0.00029382038999458397,0
lsa-inspired-late-mnist-20-20261004,12,1,conv2,std,0.0009704360466453139,0
lsa-inspired-late-mnist-20-20261004,12,1,conv2,median,4.6436674892902374e-05,0
lsa-inspired-late-mnist-20-20261004,12,1,conv2,min,-0.0027935653924942017,0
lsa-inspired-late-mnist-20-20261004,12,1,conv2,max,0.010602310299873352,0
lsa-inspired-late-mnist-20-20261004,12,1,conv2,l1,2.1086038959365396,0
lsa-inspired-late-mnist-20-20261004,12,1,conv2,l2,0.06906717857153222,0
lsa-inspired-late-mnist-20-20261004,12,1,conv2,max_abs,0.010602310299873352,0
lsa-inspired-late-mnist-20-20261004,12,1,conv2,sparsity,0.0,0
lsa-inspired-late-mnist-20-20261004,12,1,conv2,skewness,3.989012655945089,0
lsa-inspired-late-mnist-20-20261004,12,1,conv2,kurtosis,24.214774826761158,0
lsa-inspired-late-mnist-20-20261004,12,1,fc1,mean,1.3860448434075637e-05,0
lsa-inspired-late-mnist-20-20261004,12,1,fc1,std,0.0003174890327491359,0
lsa-inspired-late-mnist-20-20261004,12,1,fc1,median,0.0,0
lsa-inspired-late-mnist-20-20261004,12,1,fc1,min,-0.004279695451259613,0
lsa-inspired-late-mnist-20-20261004,12,1,fc1,max,0.005377061665058136,0
lsa-inspired-late-mnist-20-20261004,12,1,fc1,l1,15.359384278914945,0
lsa-inspired-late-mnist-20-20261004,12,1,fc1,l2,0.10070328801098509,0
lsa-inspired-late-mnist-20-20261004,12,1,fc1,max_abs,0.005377061665058136,0
lsa-inspired-late-mnist-20-20261004,12,1,fc1,sparsity,0.0777366156787763,0
lsa-inspired-late-mnist-20-20261004,12,1,fc1,skewness,0.7576342276300206,0
lsa-inspired-late-mnist-20-20261004,12,1,fc1,kurtosis,23.43650237068237,0
lsa-inspired-late-mnist-20-20261004,12,1,output,mean,3.518876977838003e-10,0
lsa-inspired-late-mnist-20-20261004,12,1,output,std,0.002147360236712922,0
lsa-inspired-late-mnist-20-20261004,12,1,output,median,-4.637986421585083e-07,0
lsa-inspired-late-mnist-20-20261004,12,1,output,min,-0.008143201470375061,0
lsa-inspired-late-mnist-20-20261004,12,1,output,max,0.010041162371635437,0
lsa-inspired-late-mnist-20-20261004,12,1,output,l1,0.9888292869145516,0
lsa-inspired-late-mnist-20-20261004,12,1,output,l2,0.05474715874856279,0
lsa-inspired-late-mnist-20-20261004,12,1,output,max_abs,0.010041162371635437,0
lsa-inspired-late-mnist-20-20261004,12,1,output,sparsity,0.046153846153846156,0
lsa-inspired-late-mnist-20-20261004,12,1,output,skewness,0.35946669005331655,0
lsa-inspired-late-mnist-20-20261004,12,1,output,kurtosis,1.582663145305979,0
lsa-inspired-late-mnist-20-20261004,12,2,conv1,mean,0.0023267557080544066,0
lsa-inspired-late-mnist-20-20261004,12,2,conv1,std,0.0037337792154569097,0
lsa-inspired-late-mnist-20-20261004,12,2,conv1,median,0.00041999295353889465,0
lsa-inspired-late-mnist-20-20261004,12,2,conv1,min,-0.0010569989681243896,0
lsa-inspired-late-mnist-20-20261004,12,2,conv1,max,0.014155954122543335,0
lsa-inspired-late-mnist-20-20261004,12,2,conv1,l1,0.40054407075513154,0
lsa-inspired-late-mnist-20-20261004,12,2,conv1,l2,0.05564875467392496,0
lsa-inspired-late-mnist-20-20261004,12,2,conv1,max_abs,0.014155954122543335,0
lsa-inspired-late-mnist-20-20261004,12,2,conv1,sparsity,0.0,0
lsa-inspired-late-mnist-20-20261004,12,2,conv1,skewness,1.5259961025105981,0
lsa-inspired-late-mnist-20-20261004,12,2,conv1,kurtosis,1.1486077058354578,0
lsa-inspired-late-mnist-20-20261004,12,2,conv2,mean,0.0002754623807324355,0
lsa-inspired-late-mnist-20-20261004,12,2,conv2,std,0.0009263521854657407,0
lsa-inspired-late-mnist-20-20261004,12,2,conv2,median,4.7505833208560944e-05,0
lsa-inspired-late-mnist-20-20261004,12,2,conv2,min,-0.003215845674276352,0
lsa-inspired-late-mnist-20-20261004,12,2,conv2,max,0.010236382484436035,0
lsa-inspired-late-mnist-20-20261004,12,2,conv2,l1,2.0329373785752978,0
lsa-inspired-late-mnist-20-20261004,12,2,conv2,l2,0.06583157776843829,0
lsa-inspired-late-mnist-20-20261004,12,2,conv2,max_abs,0.010236382484436035,0
lsa-inspired-late-mnist-20-20261004,12,2,conv2,sparsity,0.0,0
lsa-inspired-late-mnist-20-20261004,12,2,conv2,skewness,3.8516838069060264,0
lsa-inspired-late-mnist-20-20261004,12,2,conv2,kurtosis,23.470634995573796,0
lsa-inspired-late-mnist-20-20261004,12,2,fc1,mean,2.790061461640533e-05,0
lsa-inspired-late-mnist-20-20261004,12,2,fc1,std,0.0003946009399100674,0
lsa-inspired-late-mnist-20-20261004,12,2,fc1,median,0.0,0
lsa-inspired-late-mnist-20-20261004,12,2,fc1,min,-0.007623534649610519,0
lsa-inspired-late-mnist-20-20261004,12,2,fc1,max,0.006468482315540314,0
lsa-inspired-late-mnist-20-20261004,12,2,fc1,l1,18.51946448863083,0
lsa-inspired-late-mnist-20-20261004,12,2,fc1,l2,0.12535523028320322,0
lsa-inspired-late-mnist-20-20261004,12,2,fc1,max_abs,0.007623534649610519,0
lsa-inspired-late-mnist-20-20261004,12,2,fc1,sparsity,0.10261312938177183,0
lsa-inspired-late-mnist-20-20261004,12,2,fc1,skewness,0.5847306361674397,0
lsa-inspired-late-mnist-20-20261004,12,2,fc1,kurtosis,26.00007358279414,0
lsa-inspired-late-mnist-20-20261004,12,2,output,mean,1.0244548320770264e-10,0
lsa-inspired-late-mnist-20-20261004,12,2,output,std,0.002629064382759347,0
lsa-inspired-late-mnist-20-20261004,12,2,output,median,-8.312053978443146e-07,0
lsa-inspired-late-mnist-20-20261004,12,2,output,min,-0.008218079805374146,0
lsa-inspired-late-mnist-20-20261004,12,2,output,max,0.011177845299243927,0
lsa-inspired-late-mnist-20-20261004,12,2,output,l1,1.2064881824189797,0
lsa-inspired-late-mnist-20-20261004,12,2,output,l2,0.06702825295090846,0
lsa-inspired-late-mnist-20-20261004,12,2,output,max_abs,0.011177845299243927,0
lsa-inspired-late-mnist-20-20261004,12,2,output,sparsity,0.07692307692307693,0
lsa-inspired-late-mnist-20-20261004,12,2,output,skewness,0.48703187256487146,0
lsa-inspired-late-mnist-20-20261004,12,2,output,kurtosis,1.1527240149421036,0
lsa-inspired-late-mnist-20-20261004,12,3,conv1,mean,0.00243993789954402,0
lsa-inspired-late-mnist-20-20261004,12,3,conv1,std,0.003838231971782592,0
lsa-inspired-late-mnist-20-20261004,12,3,conv1,median,0.0004257410764694214,0
lsa-inspired-late-mnist-20-20261004,12,3,conv1,min,-0.0011588186025619507,0
lsa-inspired-late-mnist-20-20261004,12,3,conv1,max,0.014628082513809204,0
lsa-inspired-late-mnist-20-20261004,12,3,conv1,l1,0.41561627079499885,0
lsa-inspired-late-mnist-20-20261004,12,3,conv1,l2,0.057529570306541135,0
lsa-inspired-late-mnist-20-20261004,12,3,conv1,max_abs,0.014628082513809204,0
lsa-inspired-late-mnist-20-20261004,12,3,conv1,sparsity,0.0,0
lsa-inspired-late-mnist-20-20261004,12,3,conv1,skewness,1.5113081860809787,0
lsa-inspired-late-mnist-20-20261004,12,3,conv1,kurtosis,1.1050490508725987,0
lsa-inspired-late-mnist-20-20261004,12,3,conv2,mean,0.00028072881927747746,0
lsa-inspired-late-mnist-20-20261004,12,3,conv2,std,0.0009534059922373774,0
lsa-inspired-late-mnist-20-20261004,12,3,conv2,median,4.1937455534935e-05,0
lsa-inspired-late-mnist-20-20261004,12,3,conv2,min,-0.0032011307775974274,0
lsa-inspired-late-mnist-20-20261004,12,3,conv2,max,0.010208606719970703,0
lsa-inspired-late-mnist-20-20261004,12,3,conv2,l1,2.0945319395941624,0
lsa-inspired-late-mnist-20-20261004,12,3,conv2,l2,0.06770046738297145,0
lsa-inspired-late-mnist-20-20261004,12,3,conv2,max_abs,0.010208606719970703,0
lsa-inspired-late-mnist-20-20261004,12,3,conv2,sparsity,0.0,0
lsa-inspired-late-mnist-20-20261004,12,3,conv2,skewness,3.7617774130526103,0
lsa-inspired-late-mnist-20-20261004,12,3,conv2,kurtosis,22.28983802632758,0
lsa-inspired-late-mnist-20-20261004,12,3,fc1,mean,1.7895476814333023e-05,0
lsa-inspired-late-mnist-20-20261004,12,3,fc1,std,0.00032755566715946747,0
lsa-inspired-late-mnist-20-20261004,12,3,fc1,median,0.0,0
lsa-inspired-late-mnist-20-20261004,12,3,fc1,min,-0.005073137115687132,0
lsa-inspired-late-mnist-20-20261004,12,3,fc1,max,0.006534281652420759,0
lsa-inspired-late-mnist-20-20261004,12,3,fc1,l1,15.4282002001612,0
lsa-inspired-late-mnist-20-20261004,12,3,fc1,l2,0.10395221647734094,0
lsa-inspired-late-mnist-20-20261004,12,3,fc1,max_abs,0.006534281652420759,0
lsa-inspired-late-mnist-20-20261004,12,3,fc1,sparsity,0.08068435309114086,0
lsa-inspired-late-mnist-20-20261004,12,3,fc1,skewness,0.8200493256757494,0
lsa-inspired-late-mnist-20-20261004,12,3,fc1,kurtosis,27.031493514087863,0
lsa-inspired-late-mnist-20-20261004,12,3,output,mean,1.7739904041473682e-10,0
lsa-inspired-late-mnist-20-20261004,12,3,output,std,0.0021778619606579327,0
lsa-inspired-late-mnist-20-20261004,12,3,output,median,-1.4156103134155273e-07,0
lsa-inspired-late-mnist-20-20261004,12,3,output,min,-0.007664129137992859,0
lsa-inspired-late-mnist-20-20261004,12,3,output,max,0.009069755673408508,0
lsa-inspired-late-mnist-20-20261004,12,3,output,l1,0.980266135185957,0
lsa-inspired-late-mnist-20-20261004,12,3,output,l2,0.055524803176531384,0
lsa-inspired-late-mnist-20-20261004,12,3,output,max_abs,0.009069755673408508,0
lsa-inspired-late-mnist-20-20261004,12,3,output,sparsity,0.04923076923076923,0
lsa-inspired-late-mnist-20-20261004,12,3,output,skewness,0.25198929754117094,0
lsa-inspired-late-mnist-20-20261004,12,3,output,kurtosis,1.2848360306312054,0
lsa-inspired-late-mnist-20-20261004,12,4,conv1,mean,0.002505382991876104,0
lsa-inspired-late-mnist-20-20261004,12,4,conv1,std,0.003960475772322793,0
lsa-inspired-late-mnist-20-20261004,12,4,conv1,median,0.00043364614248275757,0
lsa-inspired-late-mnist-20-20261004,12,4,conv1,min,-0.0012296885251998901,0
lsa-inspired-late-mnist-20-20261004,12,4,conv1,max,0.015113651752471924,0
lsa-inspired-late-mnist-20-20261004,12,4,conv1,l1,0.42661378014599904,0
lsa-inspired-late-mnist-20-20261004,12,4,conv1,l2,0.05927874800180973,0
lsa-inspired-late-mnist-20-20261004,12,4,conv1,max_abs,0.015113651752471924,0
lsa-inspired-late-mnist-20-20261004,12,4,conv1,sparsity,0.0,0
lsa-inspired-late-mnist-20-20261004,12,4,conv1,skewness,1.5071278716796241,0
lsa-inspired-late-mnist-20-20261004,12,4,conv1,kurtosis,1.0797585753800618,0
lsa-inspired-late-mnist-20-20261004,12,4,conv2,mean,0.00026652975332283325,0
lsa-inspired-late-mnist-20-20261004,12,4,conv2,std,0.000980019032429822,0
lsa-inspired-late-mnist-20-20261004,12,4,conv2,median,2.828054130077362e-05,0
lsa-inspired-late-mnist-20-20261004,12,4,conv2,min,-0.0028120577335357666,0
lsa-inspired-late-mnist-20-20261004,12,4,conv2,max,0.011561200022697449,0
lsa-inspired-late-mnist-20-20261004,12,4,conv2,l1,2.0644749720922846,0
lsa-inspired-late-mnist-20-20261004,12,4,conv2,l2,0.06918125409282423,0
lsa-inspired-late-mnist-20-20261004,12,4,conv2,max_abs,0.011561200022697449,0
lsa-inspired-late-mnist-20-20261004,12,4,conv2,sparsity,0.0,0
lsa-inspired-late-mnist-20-20261004,12,4,conv2,skewness,4.206566502281523,0
lsa-inspired-late-mnist-20-20261004,12,4,conv2,kurtosis,27.661118558732042,0
lsa-inspired-late-mnist-20-20261004,12,4,fc1,mean,2.0820126472532114e-05,0
lsa-inspired-late-mnist-20-20261004,12,4,fc1,std,0.00035540472558188356,0
lsa-inspired-late-mnist-20-20261004,12,4,fc1,median,0.0,0
lsa-inspired-late-mnist-20-20261004,12,4,fc1,min,-0.006059248000383377,0
lsa-inspired-late-mnist-20-20261004,12,4,fc1,max,0.0064089857041835785,0
lsa-inspired-late-mnist-20-20261004,12,4,fc1,l1,16.58018578497949,0
lsa-inspired-late-mnist-20-20261004,12,4,fc1,l2,0.11281545105979783,0
lsa-inspired-late-mnist-20-20261004,12,4,fc1,max_abs,0.0064089857041835785,0
lsa-inspired-late-mnist-20-20261004,12,4,fc1,sparsity,0.08862133524537923,0
lsa-inspired-late-mnist-20-20261004,12,4,fc1,skewness,1.2271823847838081,0
lsa-inspired-late-mnist-20-20261004,12,4,fc1,kurtosis,30.674634410181312,0
lsa-inspired-late-mnist-20-20261004,12,4,output,mean,-4.788699488227184e-10,0
lsa-inspired-late-mnist-20-20261004,12,4,output,std,0.0026172872502278712,0
lsa-inspired-late-mnist-20-20261004,12,4,output,median,-2.423767000436783e-07,0
lsa-inspired-late-mnist-20-20261004,12,4,output,min,-0.008597522974014282,0
lsa-inspired-late-mnist-20-20261004,12,4,output,max,0.008508756756782532,0
lsa-inspired-late-mnist-20-20261004,12,4,output,l1,1.2190710084687453,0
lsa-inspired-late-mnist-20-20261004,12,4,output,l2,0.06672799380794871,0
lsa-inspired-late-mnist-20-20261004,12,4,output,max_abs,0.008597522974014282,0
lsa-inspired-late-mnist-20-20261004,12,4,output,sparsity,0.06153846153846154,0
lsa-inspired-late-mnist-20-20261004,12,4,output,skewness,0.22854319601210035,0
lsa-inspired-late-mnist-20-20261004,12,4,output,kurtosis,0.751634612027722,0
lsa-inspired-late-mnist-20-20261004,13,0,conv1,mean,0.0019563390696930583,0
lsa-inspired-late-mnist-20-20261004,13,0,conv1,std,0.0030917238332659512,0
lsa-inspired-late-mnist-20-20261004,13,0,conv1,median,0.00028255581855773926,0
lsa-inspired-late-mnist-20-20261004,13,0,conv1,min,-0.0010103434324264526,0
lsa-inspired-late-mnist-20-20261004,13,0,conv1,max,0.012056529521942139,0
lsa-inspired-late-mnist-20-20261004,13,0,conv1,l1,0.33877651023794897,0
lsa-inspired-late-mnist-20-20261004,13,0,conv1,l2,0.04627918550154868,0
lsa-inspired-late-mnist-20-20261004,13,0,conv1,max_abs,0.012056529521942139,0
lsa-inspired-late-mnist-20-20261004,13,0,conv1,sparsity,0.0,0
lsa-inspired-late-mnist-20-20261004,13,0,conv1,skewness,1.4916655624561586,0
lsa-inspired-late-mnist-20-20261004,13,0,conv1,kurtosis,1.0924793796900563,0
lsa-inspired-late-mnist-20-20261004,13,0,conv2,mean,0.00022080356425092384,0
lsa-inspired-late-mnist-20-20261004,13,0,conv2,std,0.000770020810627342,0
lsa-inspired-late-mnist-20-20261004,13,0,conv2,median,3.886967897415161e-05,0
lsa-inspired-late-mnist-20-20261004,13,0,conv2,min,-0.0026372522115707397,0
lsa-inspired-late-mnist-20-20261004,13,0,conv2,max,0.007896766066551208,0
lsa-inspired-late-mnist-20-20261004,13,0,conv2,l1,1.778927900842973,0
lsa-inspired-late-mnist-20-20261004,13,0,conv2,l2,0.05456577919651535,0
lsa-inspired-late-mnist-20-20261004,13,0,conv2,max_abs,0.007896766066551208,0
lsa-inspired-late-mnist-20-20261004,13,0,conv2,sparsity,0.00021551724137931034,0
lsa-inspired-late-mnist-20-20261004,13,0,conv2,skewness,3.4240435928271675,0
lsa-inspired-late-mnist-20-20261004,13,0,conv2,kurtosis,19.32996614354177,0
lsa-inspired-late-mnist-20-20261004,13,0,fc1,mean,2.7457588268864446e-05,0
lsa-inspired-late-mnist-20-20261004,13,0,fc1,std,0.0003804903996115224,0
lsa-inspired-late-mnist-20-20261004,13,0,fc1,median,0.0,0
lsa-inspired-late-mnist-20-20261004,13,0,fc1,min,-0.004912037402391434,0
lsa-inspired-late-mnist-20-20261004,13,0,fc1,max,0.007238990627229214,0
lsa-inspired-late-mnist-20-20261004,13,0,fc1,l1,17.256921979222,0
lsa-inspired-late-mnist-20-20261004,13,0,fc1,l2,0.12088517489817137,0
lsa-inspired-late-mnist-20-20261004,13,0,fc1,max_abs,0.007238990627229214,0
lsa-inspired-late-mnist-20-20261004,13,0,fc1,sparsity,0.0655672402804334,0
lsa-inspired-late-mnist-20-20261004,13,0,fc1,skewness,1.4961816395793706,0
lsa-inspired-late-mnist-20-20261004,13,0,fc1,kurtosis,32.07051082984745,0
lsa-inspired-late-mnist-20-20261004,13,0,output,mean,-4.2822928382800175e-10,0
lsa-inspired-late-mnist-20-20261004,13,0,output,std,0.002379843291604044,0
lsa-inspired-late-mnist-20-20261004,13,0,output,median,-8.188188076019287e-06,0
lsa-inspired-late-mnist-20-20261004,13,0,output,min,-0.0061938464641571045,0
lsa-inspired-late-mnist-20-20261004,13,0,output,max,0.015556037425994873,0
lsa-inspired-late-mnist-20-20261004,13,0,output,l1,1.0196712573524565,0
lsa-inspired-late-mnist-20-20261004,13,0,output,l2,0.06067433691591051,0
lsa-inspired-late-mnist-20-20261004,13,0,output,max_abs,0.015556037425994873,0
lsa-inspired-late-mnist-20-20261004,13,0,output,sparsity,0.03538461538461538,0
lsa-inspired-late-mnist-20-20261004,13,0,output,skewness,1.4129499332394273,0
lsa-inspired-late-mnist-20-20261004,13,0,output,kurtosis,5.350783797933193,0
lsa-inspired-late-mnist-20-20261004,13,1,conv1,mean,0.0020332870772108436,0
lsa-inspired-late-mnist-20-20261004,13,1,conv1,std,0.0032154374474791456,0
lsa-inspired-late-mnist-20-20261004,13,1,conv1,median,0.00033186376094818115,0
lsa-inspired-late-mnist-20-20261004,13,1,conv1,min,-0.0009700804948806763,0
lsa-inspired-late-mnist-20-20261004,13,1,conv1,max,0.012162059545516968,0
lsa-inspired-late-mnist-20-20261004,13,1,conv1,l1,0.349765588529408,0
lsa-inspired-late-mnist-20-20261004,13,1,conv1,l2,0.048122002147880455,0
lsa-inspired-late-mnist-20-20261004,13,1,conv1,max_abs,0.012162059545516968,0
lsa-inspired-late-mnist-20-20261004,13,1,conv1,sparsity,0.0,0
lsa-inspired-late-mnist-20-20261004,13,1,conv1,skewness,1.4846969201370896,0
lsa-inspired-late-mnist-20-20261004,13,1,conv1,kurtosis,1.0156542565174398,0
lsa-inspired-late-mnist-20-20261004,13,1,conv2,mean,0.0002173137421166381,0
lsa-inspired-late-mnist-20-20261004,13,1,conv2,std,0.0007850058661948763,0
lsa-inspired-late-mnist-20-20261004,13,1,conv2,median,3.3084768801927567e-05,0
lsa-inspired-late-mnist-20-20261004,13,1,conv2,min,-0.0026935115456581116,0
lsa-inspired-late-mnist-20-20261004,13,1,conv2,max,0.008191540837287903,0
lsa-inspired-late-mnist-20-20261004,13,1,conv2,l1,1.7355761032449664,0
lsa-inspired-late-mnist-20-20261004,13,1,conv2,l2,0.055483799007234574,0
lsa-inspired-late-mnist-20-20261004,13,1,conv2,max_abs,0.008191540837287903,0
lsa-inspired-late-mnist-20-20261004,13,1,conv2,sparsity,0.0,0
lsa-inspired-late-mnist-20-20261004,13,1,conv2,skewness,3.6793637335451113,0
lsa-inspired-late-mnist-20-20261004,13,1,conv2,kurtosis,21.493867544490012,0
lsa-inspired-late-mnist-20-20261004,13,1,fc1,mean,9.303238254534705e-06,0
lsa-inspired-late-mnist-20-20261004,13,1,fc1,std,0.00028997932568579327,0
lsa-inspired-late-mnist-20-20261004,13,1,fc1,median,0.0,0
lsa-inspired-late-mnist-20-20261004,13,1,fc1,min,-0.0038515012711286545,0
lsa-inspired-late-mnist-20-20261004,13,1,fc1,max,0.004588432610034943,0
lsa-inspired-late-mnist-20-20261004,13,1,fc1,l1,14.13226666398856,0
lsa-inspired-late-mnist-20-20261004,13,1,fc1,l2,0.09193732959739888,0
lsa-inspired-late-mnist-20-20261004,13,1,fc1,max_abs,0.004588432610034943,0
lsa-inspired-late-mnist-20-20261004,13,1,fc1,sparsity,0.08955744104525175,0
lsa-inspired-late-mnist-20-20261004,13,1,fc1,skewness,0.7010978177673467,0
lsa-inspired-late-mnist-20-20261004,13,1,fc1,kurtosis,22.72921577977219,0
lsa-inspired-late-mnist-20-20261004,13,1,output,mean,-3.185750056917851e-10,0
lsa-inspired-late-mnist-20-20261004,13,1,output,std,0.001837858947083913,0
lsa-inspired-late-mnist-20-20261004,13,1,output,median,-1.4528632164001465e-07,0
lsa-inspired-late-mnist-20-20261004,13,1,output,min,-0.007841214537620544,0
lsa-inspired-late-mnist-20-20261004,13,1,output,max,0.008192598819732666,0
lsa-inspired-late-mnist-20-20261004,13,1,output,l1,0.8502945163927507,0
lsa-inspired-late-mnist-20-20261004,13,1,output,l2,0.04685639317206051,0
lsa-inspired-late-mnist-20-20261004,13,1,output,max_abs,0.008192598819732666,0
lsa-inspired-late-mnist-20-20261004,13,1,output,sparsity,0.06153846153846154,0
lsa-inspired-late-mnist-20-20261004,13,1,output,skewness,0.3136934020777828,0
lsa-inspired-late-mnist-20-20261004,13,1,output,kurtosis,1.5415248136645658,0
lsa-inspired-late-mnist-20-20261004,13,2,conv1,mean,0.0018628249501489336,0
lsa-inspired-late-mnist-20-20261004,13,2,conv1,std,0.003009218851663726,0
lsa-inspired-late-mnist-20-20261004,13,2,conv1,median,0.00031299889087677,0
lsa-inspired-late-mnist-20-20261004,13,2,conv1,min,-0.000845000147819519,0
lsa-inspired-late-mnist-20-20261004,13,2,conv1,max,0.011473119258880615,0
lsa-inspired-late-mnist-20-20261004,13,2,conv1,l1,0.3232079329318367,0
lsa-inspired-late-mnist-20-20261004,13,2,conv1,l2,0.04476697870905425,0
lsa-inspired-late-mnist-20-20261004,13,2,conv1,max_abs,0.011473119258880615,0
lsa-inspired-late-mnist-20-20261004,13,2,conv1,sparsity,0.0,0
lsa-inspired-late-mnist-20-20261004,13,2,conv1,skewness,1.5311125919113417,0
lsa-inspired-late-mnist-20-20261004,13,2,conv1,kurtosis,1.1977251066789734,0
lsa-inspired-late-mnist-20-20261004,13,2,conv2,mean,0.0002004924034014854,0
lsa-inspired-late-mnist-20-20261004,13,2,conv2,std,0.0007535185220314792,0
lsa-inspired-late-mnist-20-20261004,13,2,conv2,median,3.295578062534332e-05,0
lsa-inspired-late-mnist-20-20261004,13,2,conv2,min,-0.00322563573718071,0
lsa-inspired-late-mnist-20-20261004,13,2,conv2,max,0.007997602224349976,0
lsa-inspired-late-mnist-20-20261004,13,2,conv2,l1,1.6797566383029334,0
lsa-inspired-late-mnist-20-20261004,13,2,conv2,l2,0.05311366474137526,0
lsa-inspired-late-mnist-20-20261004,13,2,conv2,max_abs,0.007997602224349976,0
lsa-inspired-late-mnist-20-20261004,13,2,conv2,sparsity,0.0,0
lsa-inspired-late-mnist-20-20261004,13,2,conv2,skewness,3.459363419128651,0
lsa-inspired-late-mnist-20-20261004,13,2,conv2,kurtosis,21.029404641235313,0
lsa-inspired-late-mnist-20-20261004,13,2,fc1,mean,1.8150423498605888e-05,0
lsa-inspired-late-mnist-20-20261004,13,2,fc1,std,0.00037465098018100524,0
lsa-inspired-late-mnist-20-20261004,13,2,fc1,median,0.0,0
lsa-inspired-late-mnist-20-20261004,13,2,fc1,min,-0.007564976811408997,0
lsa-inspired-late-mnist-20-20261004,13,2,fc1,max,0.006076596677303314,0
lsa-inspired-late-mnist-20-20261004,13,2,fc1,l1,17.486915880555102,0
lsa-inspired-late-mnist-20-20261004,13,2,fc1,l2,0.11886045467279417,0
lsa-inspired-late-mnist-20-20261004,13,2,fc1,max_abs,0.007564976811408997,0
lsa-inspired-late-mnist-20-20261004,13,2,fc1,sparsity,0.10013344486934353,0
lsa-inspired-late-mnist-20-20261004,13,2,fc1,skewness,0.2030082870157587,0
lsa-inspired-late-mnist-20-20261004,13,2,fc1,kurtosis,26.84136538747512,0
lsa-inspired-late-mnist-20-20261004,13,2,output,mean,1.0316188518817608e-10,0
lsa-inspired-late-mnist-20-20261004,13,2,output,std,0.002434629313099252,0
lsa-inspired-late-mnist-20-20261004,13,2,output,median,-7.245689630508423e-07,0
lsa-inspired-late-mnist-20-20261004,13,2,output,min,-0.007954955101013184,0
lsa-inspired-late-mnist-20-20261004,13,2,output,max,0.010203443467617035,0
lsa-inspired-late-mnist-20-20261004,13,2,output,l1,1.1017142382916063,0
lsa-inspired-late-mnist-20-20261004,13,2,output,l2,0.06207111187929048,0
lsa-inspired-late-mnist-20-20261004,13,2,output,max_abs,0.010203443467617035,0
lsa-inspired-late-mnist-20-20261004,13,2,output,sparsity,0.07692307692307693,0
lsa-inspired-late-mnist-20-20261004,13,2,output,skewness,0.4518597949644654,0
lsa-inspired-late-mnist-20-20261004,13,2,output,kurtosis,1.4457958818515788,0
lsa-inspired-late-mnist-20-20261004,13,3,conv1,mean,0.0019500609669194091,0
lsa-inspired-late-mnist-20-20261004,13,3,conv1,std,0.003065809814347162,0
lsa-inspired-late-mnist-20-20261004,13,3,conv1,median,0.0003366023302078247,0
lsa-inspired-late-mnist-20-20261004,13,3,conv1,min,-0.0008997023105621338,0
lsa-inspired-late-mnist-20-20261004,13,3,conv1,max,0.011772841215133667,0
lsa-inspired-late-mnist-20-20261004,13,3,conv1,l1,0.3339725610567257,0
lsa-inspired-late-mnist-20-20261004,13,3,conv1,l2,0.045959856557565605,0
lsa-inspired-late-mnist-20-20261004,13,3,conv1,max_abs,0.011772841215133667,0
lsa-inspired-late-mnist-20-20261004,13,3,conv1,sparsity,0.0,0
lsa-inspired-late-mnist-20-20261004,13,3,conv1,skewness,1.5087885716963043,0
lsa-inspired-late-mnist-20-20261004,13,3,conv1,kurtosis,1.1300879487880469,0
lsa-inspired-late-mnist-20-20261004,13,3,conv2,mean,0.0002012204173830657,0
lsa-inspired-late-mnist-20-20261004,13,3,conv2,std,0.0007692514006877427,0
lsa-inspired-late-mnist-20-20261004,13,3,conv2,median,2.8055161237716675e-05,0
lsa-inspired-late-mnist-20-20261004,13,3,conv2,min,-0.003176666796207428,0
lsa-inspired-late-mnist-20-20261004,13,3,conv2,max,0.007848039269447327,0
lsa-inspired-late-mnist-20-20261004,13,3,conv2,l1,1.7197049315582262,0
lsa-inspired-late-mnist-20-20261004,13,3,conv2,l2,0.054162546234274044,0
lsa-inspired-late-mnist-20-20261004,13,3,conv2,max_abs,0.007848039269447327,0
lsa-inspired-late-mnist-20-20261004,13,3,conv2,sparsity,0.00021551724137931034,0
lsa-inspired-late-mnist-20-20261004,13,3,conv2,skewness,3.3960461553219665,0
lsa-inspired-late-mnist-20-20261004,13,3,conv2,kurtosis,19.610143773427318,0
lsa-inspired-late-mnist-20-20261004,13,3,fc1,mean,1.226586973968712e-05,0
lsa-inspired-late-mnist-20-20261004,13,3,fc1,std,0.0003117803130604043,0
lsa-inspired-late-mnist-20-20261004,13,3,fc1,median,0.0,0
lsa-inspired-late-mnist-20-20261004,13,3,fc1,min,-0.005012147128582001,0
lsa-inspired-late-mnist-20-20261004,13,3,fc1,max,0.00595609936863184,0
lsa-inspired-late-mnist-20-20261004,13,3,fc1,l1,14.584941287205254,0
lsa-inspired-late-mnist-20-20261004,13,3,fc1,l2,0.09887488155220837,0
lsa-inspired-late-mnist-20-20261004,13,3,fc1,max_abs,0.00595609936863184,0
lsa-inspired-late-mnist-20-20261004,13,3,fc1,sparsity,0.09136990121096239,0
lsa-inspired-late-mnist-20-20261004,13,3,fc1,skewness,0.6472036155866028,0
lsa-inspired-late-mnist-20-20261004,13,3,fc1,kurtosis,28.81104131447455,0
lsa-inspired-late-mnist-20-20261004,13,3,output,mean,-2.0189103312217272e-10,0
lsa-inspired-late-mnist-20-20261004,13,3,output,std,0.0019355514187362416,0
lsa-inspired-late-mnist-20-20261004,13,3,output,median,-1.6111880540847778e-07,0
lsa-inspired-late-mnist-20-20261004,13,3,output,min,-0.007106989622116089,0
lsa-inspired-late-mnist-20-20261004,13,3,output,max,0.007874995470046997,0
lsa-inspired-late-mnist-20-20261004,13,3,output,l1,0.8781628132855985,0
lsa-inspired-late-mnist-20-20261004,13,3,output,l2,0.04934707226849175,0
lsa-inspired-late-mnist-20-20261004,13,3,output,max_abs,0.007874995470046997,0
lsa-inspired-late-mnist-20-20261004,13,3,output,sparsity,0.06153846153846154,0
lsa-inspired-late-mnist-20-20261004,13,3,output,skewness,0.1750244790628211,0
lsa-inspired-late-mnist-20-20261004,13,3,output,kurtosis,1.1531131267203998,0
lsa-inspired-late-mnist-20-20261004,13,4,conv1,mean,0.002039130027696956,0
lsa-inspired-late-mnist-20-20261004,13,4,conv1,std,0.00323597506565477,0
lsa-inspired-late-mnist-20-20261004,13,4,conv1,median,0.00033465027809143066,0
lsa-inspired-late-mnist-20-20261004,13,4,conv1,min,-0.001103729009628296,0
lsa-inspired-late-mnist-20-20261004,13,4,conv1,max,0.012529760599136353,0
lsa-inspired-late-mnist-20-20261004,13,4,conv1,l1,0.34889884176664054,0
lsa-inspired-late-mnist-20-20261004,13,4,conv1,l2,0.0483811300329288,0
lsa-inspired-late-mnist-20-20261004,13,4,conv1,max_abs,0.012529760599136353,0
lsa-inspired-late-mnist-20-20261004,13,4,conv1,sparsity,0.0,0
lsa-inspired-late-mnist-20-20261004,13,4,conv1,skewness,1.5069150433580634,0
lsa-inspired-late-mnist-20-20261004,13,4,conv1,kurtosis,1.1094065915286313,0
lsa-inspired-late-mnist-20-20261004,13,4,conv2,mean,0.0001898101549456975,0
lsa-inspired-late-mnist-20-20261004,13,4,conv2,std,0.00080082385917494,0
lsa-inspired-late-mnist-20-20261004,13,4,conv2,median,1.5217810869216919e-05,0
lsa-inspired-late-mnist-20-20261004,13,4,conv2,min,-0.002772092819213867,0
lsa-inspired-late-mnist-20-20261004,13,4,conv2,max,0.009284362196922302,0
lsa-inspired-late-mnist-20-20261004,13,4,conv2,l1,1.7094438149870257,0
lsa-inspired-late-mnist-20-20261004,13,4,conv2,l2,0.056061474403709725,0
lsa-inspired-late-mnist-20-20261004,13,4,conv2,max_abs,0.009284362196922302,0
lsa-inspired-late-mnist-20-20261004,13,4,conv2,sparsity,0.0,0
lsa-inspired-late-mnist-20-20261004,13,4,conv2,skewness,3.9624175999410367,0
lsa-inspired-late-mnist-20-20261004,13,4,conv2,kurtosis,26.16686959682106,0
lsa-inspired-late-mnist-20-20261004,13,4,fc1,mean,1.5656374999636968e-05,0
lsa-inspired-late-mnist-20-20261004,13,4,fc1,std,0.00033803118338772794,0
lsa-inspired-late-mnist-20-20261004,13,4,fc1,median,0.0,0
lsa-inspired-late-mnist-20-20261004,13,4,fc1,min,-0.005646687000989914,0
lsa-inspired-late-mnist-20-20261004,13,4,fc1,max,0.0059730783104896545,0
lsa-inspired-late-mnist-20-20261004,13,4,fc1,l1,15.80086355521496,0
lsa-inspired-late-mnist-20-20261004,13,4,fc1,l2,0.10723178888053807,0
lsa-inspired-late-mnist-20-20261004,13,4,fc1,max_abs,0.0059730783104896545,0
lsa-inspired-late-mnist-20-20261004,13,4,fc1,sparsity,0.08788440089228808,0
lsa-inspired-late-mnist-20-20261004,13,4,fc1,skewness,1.0292302848634376,0
lsa-inspired-late-mnist-20-20261004,13,4,fc1,kurtosis,30.11960187586395,0
lsa-inspired-late-mnist-20-20261004,13,4,output,mean,-9.232630523351523e-11,0
lsa-inspired-late-mnist-20-20261004,13,4,output,std,0.0024720431843329657,0
lsa-inspired-late-mnist-20-20261004,13,4,output,median,-1.0244548320770264e-07,0
lsa-inspired-late-mnist-20-20261004,13,4,output,min,-0.008232608437538147,0
lsa-inspired-late-mnist-20-20261004,13,4,output,max,0.008221089839935303,0
lsa-inspired-late-mnist-20-20261004,13,4,output,l1,1.143463442043867,0
lsa-inspired-late-mnist-20-20261004,13,4,output,l2,0.06302498217678923,0
lsa-inspired-late-mnist-20-20261004,13,4,output,max_abs,0.008232608437538147,0
lsa-inspired-late-mnist-20-20261004,13,4,output,sparsity,0.06307692307692307,0
lsa-inspired-late-mnist-20-20261004,13,4,output,skewness,0.13438957521020875,0
lsa-inspired-late-mnist-20-20261004,13,4,output,kurtosis,0.7996532883516583,0
lsa-inspired-late-mnist-20-20261004,14,0,conv1,mean,0.0015550832704320783,0
lsa-inspired-late-mnist-20-20261004,14,0,conv1,std,0.0024742074799579757,0
lsa-inspired-late-mnist-20-20261004,14,0,conv1,median,0.0002457285299897194,0
lsa-inspired-late-mnist-20-20261004,14,0,conv1,min,-0.0007948726415634155,0
lsa-inspired-late-mnist-20-20261004,14,0,conv1,max,0.009844183921813965,0
lsa-inspired-late-mnist-20-20261004,14,0,conv1,l1,0.27158542670076713,0
lsa-inspired-late-mnist-20-20261004,14,0,conv1,l2,0.036964819235284184,0
lsa-inspired-late-mnist-20-20261004,14,0,conv1,max_abs,0.009844183921813965,0
lsa-inspired-late-mnist-20-20261004,14,0,conv1,sparsity,0.0,0
lsa-inspired-late-mnist-20-20261004,14,0,conv1,skewness,1.4992050641564352,0
lsa-inspired-late-mnist-20-20261004,14,0,conv1,kurtosis,1.163640038101649,0
lsa-inspired-late-mnist-20-20261004,14,0,conv2,mean,0.0001709722167639672,0
lsa-inspired-late-mnist-20-20261004,14,0,conv2,std,0.0006246310298753843,0
lsa-inspired-late-mnist-20-20261004,14,0,conv2,median,3.153271973133087e-05,0
lsa-inspired-late-mnist-20-20261004,14,0,conv2,min,-0.002422250807285309,0
lsa-inspired-late-mnist-20-20261004,14,0,conv2,max,0.0058770328760147095,0
lsa-inspired-late-mnist-20-20261004,14,0,conv2,l1,1.482146942638792,0
lsa-inspired-late-mnist-20-20261004,14,0,conv2,l2,0.04411343060658543,0
lsa-inspired-late-mnist-20-20261004,14,0,conv2,max_abs,0.0058770328760147095,0
lsa-inspired-late-mnist-20-20261004,14,0,conv2,sparsity,0.0,0
lsa-inspired-late-mnist-20-20261004,14,0,conv2,skewness,3.039372325888326,0
lsa-inspired-late-mnist-20-20261004,14,0,conv2,kurtosis,16.40211452719042,0
lsa-inspired-late-mnist-20-20261004,14,0,fc1,mean,1.6880388152679473e-05,0
lsa-inspired-late-mnist-20-20261004,14,0,fc1,std,0.0003313608310264938,0
lsa-inspired-late-mnist-20-20261004,14,0,fc1,median,0.0,0
lsa-inspired-late-mnist-20-20261004,14,0,fc1,min,-0.0048099085688591,0
lsa-inspired-late-mnist-20-20261004,14,0,fc1,max,0.005474075675010681,0
lsa-inspired-late-mnist-20-20261004,14,0,fc1,l1,15.18073958871247,0
lsa-inspired-late-mnist-20-20261004,14,0,fc1,l2,0.10513938426002863,0
lsa-inspired-late-mnist-20-20261004,14,0,fc1,max_abs,0.005474075675010681,0
lsa-inspired-late-mnist-20-20261004,14,0,fc1,sparsity,0.06538798597833015,0
lsa-inspired-late-mnist-20-20261004,14,0,fc1,skewness,0.9907764139610502,0
lsa-inspired-late-mnist-20-20261004,14,0,fc1,kurtosis,28.921927408809694,0
lsa-inspired-late-mnist-20-20261004,14,0,output,mean,-1.2960159578002415e-10,0
lsa-inspired-late-mnist-20-20261004,14,0,output,std,0.0020722523351140647,0
lsa-inspired-late-mnist-20-20261004,14,0,output,median,-1.2004747986793518e-06,0
lsa-inspired-late-mnist-20-20261004,14,0,output,min,-0.00594116747379303,0
lsa-inspired-late-mnist-20-20261004,14,0,output,max,0.012899145483970642,0
lsa-inspired-late-mnist-20-20261004,14,0,output,l1,0.8930956718540983,0
lsa-inspired-late-mnist-20-20261004,14,0,output,l2,0.05283227546917425,0
lsa-inspired-late-mnist-20-20261004,14,0,output,max_abs,0.012899145483970642,0
lsa-inspired-late-mnist-20-20261004,14,0,output,sparsity,0.04,0
lsa-inspired-late-mnist-20-20261004,14,0,output,skewness,1.2868305177225041,0
lsa-inspired-late-mnist-20-20261004,14,0,output,kurtosis,4.659805751096179,0
lsa-inspired-late-mnist-20-20261004,14,1,conv1,mean,0.0016624136631435249,0
lsa-inspired-late-mnist-20-20261004,14,1,conv1,std,0.002645546002828663,0
lsa-inspired-late-mnist-20-20261004,14,1,conv1,median,0.0002857968211174011,0
lsa-inspired-late-mnist-20-20261004,14,1,conv1,min,-0.0008082538843154907,0
lsa-inspired-late-mnist-20-20261004,14,1,conv1,max,0.01014697551727295,0
lsa-inspired-late-mnist-20-20261004,14,1,conv1,l1,0.28840854519512504,0
lsa-inspired-late-mnist-20-20261004,14,1,conv1,l2,0.039522212165796565,0
lsa-inspired-late-mnist-20-20261004,14,1,conv1,max_abs,0.01014697551727295,0
lsa-inspired-late-mnist-20-20261004,14,1,conv1,sparsity,0.0,0
lsa-inspired-late-mnist-20-20261004,14,1,conv1,skewness,1.4909661742100417,0
lsa-inspired-late-mnist-20-20261004,14,1,conv1,kurtosis,1.0693708421860837,0
lsa-inspired-late-mnist-20-20261004,14,1,conv2,mean,0.00016657095646474646,0
lsa-inspired-late-mnist-20-20261004,14,1,conv2,std,0.0006467826155490367,0
lsa-inspired-late-mnist-20-20261004,14,1,conv2,median,2.5944784283638e-05,0
lsa-inspired-late-mnist-20-20261004,14,1,conv2,min,-0.002656415104866028,0
lsa-inspired-late-mnist-20-20261004,14,1,conv2,max,0.006425932049751282,0
lsa-inspired-late-mnist-20-20261004,14,1,conv2,l1,1.458086312690284,0
lsa-inspired-late-mnist-20-20261004,14,1,conv2,l2,0.04549485320184158,0
lsa-inspired-late-mnist-20-20261004,14,1,conv2,max_abs,0.006425932049751282,0
lsa-inspired-late-mnist-20-20261004,14,1,conv2,sparsity,0.0,0
lsa-inspired-late-mnist-20-20261004,14,1,conv2,skewness,3.330858251917971,0
lsa-inspired-late-mnist-20-20261004,14,1,conv2,kurtosis,19.02645079055804,0
lsa-inspired-late-mnist-20-20261004,14,1,fc1,mean,-2.447637894030845e-07,0
lsa-inspired-late-mnist-20-20261004,14,1,fc1,std,0.0002607458395615346,0
lsa-inspired-late-mnist-20-20261004,14,1,fc1,median,0.0,0
lsa-inspired-late-mnist-20-20261004,14,1,fc1,min,-0.0038955267518758774,0
lsa-inspired-late-mnist-20-20261004,14,1,fc1,max,0.004073008894920349,0
lsa-inspired-late-mnist-20-20261004,14,1,fc1,l1,12.821681157250254,0
lsa-inspired-late-mnist-20-20261004,14,1,fc1,l2,0.08262643930452,0
lsa-inspired-late-mnist-20-20261004,14,1,fc1,max_abs,0.004073008894920349,0
lsa-inspired-late-mnist-20-20261004,14,1,fc1,sparsity,0.0900653282345443,0
lsa-inspired-late-mnist-20-20261004,14,1,fc1,skewness,0.204827534307458,0
lsa-inspired-late-mnist-20-20261004,14,1,fc1,kurtosis,21.514767752065357,0
lsa-inspired-late-mnist-20-20261004,14,1,output,mean,2.925606587758431e-10,0
lsa-inspired-late-mnist-20-20261004,14,1,output,std,0.0016317593175664805,0
lsa-inspired-late-mnist-20-20261004,14,1,output,median,-2.9802322387695312e-08,0
lsa-inspired-late-mnist-20-20261004,14,1,output,min,-0.007248982787132263,0
lsa-inspired-late-mnist-20-20261004,14,1,output,max,0.006898865103721619,0
lsa-inspired-late-mnist-20-20261004,14,1,output,l1,0.7544617043458857,0
lsa-inspired-late-mnist-20-20261004,14,1,output,l2,0.04160186300879232,0
lsa-inspired-late-mnist-20-20261004,14,1,output,max_abs,0.007248982787132263,0
lsa-inspired-late-mnist-20-20261004,14,1,output,sparsity,0.06307692307692307,0
lsa-inspired-late-mnist-20-20261004,14,1,output,skewness,0.32862740133831564,0
lsa-inspired-late-mnist-20-20261004,14,1,output,kurtosis,1.589544468365652,0
lsa-inspired-late-mnist-20-20261004,14,2,conv1,mean,0.0014965017911890755,0
lsa-inspired-late-mnist-20-20261004,14,2,conv1,std,0.0024570075092029543,0
lsa-inspired-late-mnist-20-20261004,14,2,conv1,median,0.000265367329120636,0
lsa-inspired-late-mnist-20-20261004,14,2,conv1,min,-0.0007348954677581787,0
lsa-inspired-late-mnist-20-20261004,14,2,conv1,max,0.009407192468643188,0
lsa-inspired-late-mnist-20-20261004,14,2,conv1,l1,0.26350174139952287,0
lsa-inspired-late-mnist-20-20261004,14,2,conv1,l2,0.03638989642483048,0
lsa-inspired-late-mnist-20-20261004,14,2,conv1,max_abs,0.009407192468643188,0
lsa-inspired-late-mnist-20-20261004,14,2,conv1,sparsity,0.0,0
lsa-inspired-late-mnist-20-20261004,14,2,conv1,skewness,1.5494762782988434,0
lsa-inspired-late-mnist-20-20261004,14,2,conv1,kurtosis,1.3031717074685139,0
lsa-inspired-late-mnist-20-20261004,14,2,conv2,mean,0.00014705852123009615,0
lsa-inspired-late-mnist-20-20261004,14,2,conv2,std,0.0006270269451775604,0
lsa-inspired-late-mnist-20-20261004,14,2,conv2,median,2.33454629778862e-05,0
lsa-inspired-late-mnist-20-20261004,14,2,conv2,min,-0.0031616464257240295,0
lsa-inspired-late-mnist-20-20261004,14,2,conv2,max,0.006297662854194641,0
lsa-inspired-late-mnist-20-20261004,14,2,conv2,l1,1.4251370898819005,0
lsa-inspired-late-mnist-20-20261004,14,2,conv2,l2,0.04387050209096311,0
lsa-inspired-late-mnist-20-20261004,14,2,conv2,max_abs,0.006297662854194641,0
lsa-inspired-late-mnist-20-20261004,14,2,conv2,sparsity,0.0,0
lsa-inspired-late-mnist-20-20261004,14,2,conv2,skewness,2.974583931097406,0
lsa-inspired-late-mnist-20-20261004,14,2,conv2,kurtosis,18.67605109210543,0
lsa-inspired-late-mnist-20-20261004,14,2,fc1,mean,6.920363475138152e-06,0
lsa-inspired-late-mnist-20-20261004,14,2,fc1,std,0.0003630416260060017,0
lsa-inspired-late-mnist-20-20261004,14,2,fc1,median,0.0,0
lsa-inspired-late-mnist-20-20261004,14,2,fc1,min,-0.007414214313030243,0
lsa-inspired-late-mnist-20-20261004,14,2,fc1,max,0.0058144330978393555,0
lsa-inspired-late-mnist-20-20261004,14,2,fc1,l1,16.89881993691546,0
lsa-inspired-late-mnist-20-20261004,14,2,fc1,l2,0.11506328590669894,0
lsa-inspired-late-mnist-20-20261004,14,2,fc1,max_abs,0.007414214313030243,0
lsa-inspired-late-mnist-20-20261004,14,2,fc1,sparsity,0.10147785213511791,0
lsa-inspired-late-mnist-20-20261004,14,2,fc1,skewness,-0.21602935536447382,0
lsa-inspired-late-mnist-20-20261004,14,2,fc1,kurtosis,26.867571746814615,0
lsa-inspired-late-mnist-20-20261004,14,2,output,mean,2.852175384759903e-11,0
lsa-inspired-late-mnist-20-20261004,14,2,output,std,0.0022694837820025145,0
lsa-inspired-late-mnist-20-20261004,14,2,output,median,-1.0654330253601074e-06,0
lsa-inspired-late-mnist-20-20261004,14,2,output,min,-0.007501065731048584,0
lsa-inspired-late-mnist-20-20261004,14,2,output,max,0.00934910774230957,0
lsa-inspired-late-mnist-20-20261004,14,2,output,l1,1.0217037336842623,0
lsa-inspired-late-mnist-20-20261004,14,2,output,l2,0.057860710451065875,0
lsa-inspired-late-mnist-20-20261004,14,2,output,max_abs,0.00934910774230957,0
lsa-inspired-late-mnist-20-20261004,14,2,output,sparsity,0.07692307692307693,0
lsa-inspired-late-mnist-20-20261004,14,2,output,skewness,0.4332240207951193,0
lsa-inspired-late-mnist-20-20261004,14,2,output,kurtosis,1.6636098366590257,0
lsa-inspired-late-mnist-20-20261004,14,3,conv1,mean,0.001570055717456853,0
lsa-inspired-late-mnist-20-20261004,14,3,conv1,std,0.00248467981405874,0
lsa-inspired-late-mnist-20-20261004,14,3,conv1,median,0.0002615824341773987,0
lsa-inspired-late-mnist-20-20261004,14,3,conv1,min,-0.0006787776947021484,0
lsa-inspired-late-mnist-20-20261004,14,3,conv1,max,0.00971686840057373,0
lsa-inspired-late-mnist-20-20261004,14,3,conv1,l1,0.2710888615110889,0
lsa-inspired-late-mnist-20-20261004,14,3,conv1,l2,0.03717786165837929,0
lsa-inspired-late-mnist-20-20261004,14,3,conv1,max_abs,0.00971686840057373,0
lsa-inspired-late-mnist-20-20261004,14,3,conv1,sparsity,0.0,0
lsa-inspired-late-mnist-20-20261004,14,3,conv1,skewness,1.524762791655408,0
lsa-inspired-late-mnist-20-20261004,14,3,conv1,kurtosis,1.2316853679246877,0
lsa-inspired-late-mnist-20-20261004,14,3,conv2,mean,0.0001511527083258788,0
lsa-inspired-late-mnist-20-20261004,14,3,conv2,std,0.0006340390094304144,0
lsa-inspired-late-mnist-20-20261004,14,3,conv2,median,1.9686296582221985e-05,0
lsa-inspired-late-mnist-20-20261004,14,3,conv2,min,-0.0031764432787895203,0
lsa-inspired-late-mnist-20-20261004,14,3,conv2,max,0.006146520376205444,0
lsa-inspired-late-mnist-20-20261004,14,3,conv2,l1,1.4420577585915453,0
lsa-inspired-late-mnist-20-20261004,14,3,conv2,l2,0.044399505573280845,0
lsa-inspired-late-mnist-20-20261004,14,3,conv2,max_abs,0.006146520376205444,0
lsa-inspired-late-mnist-20-20261004,14,3,conv2,sparsity,0.0,0
lsa-inspired-late-mnist-20-20261004,14,3,conv2,skewness,2.9335787253489087,0
lsa-inspired-late-mnist-20-20261004,14,3,conv2,kurtosis,17.17442654943019,0
lsa-inspired-late-mnist-20-20261004,14,3,fc1,mean,1.6199775728696992e-06,0
lsa-inspired-late-mnist-20-20261004,14,3,fc1,std,0.00029252766020355784,0
lsa-inspired-late-mnist-20-20261004,14,3,fc1,median,0.0,0
lsa-inspired-late-mnist-20-20261004,14,3,fc1,min,-0.005110745318233967,0
lsa-inspired-late-mnist-20-20261004,14,3,fc1,max,0.005735069513320923,0
lsa-inspired-late-mnist-20-20261004,14,3,fc1,l1,13.664949637028485,0
lsa-inspired-late-mnist-20-20261004,14,3,fc1,l2,0.09269900136773891,0
lsa-inspired-late-mnist-20-20261004,14,3,fc1,max_abs,0.005735069513320923,0
lsa-inspired-late-mnist-20-20261004,14,3,fc1,sparsity,0.09189770554493308,0
lsa-inspired-late-mnist-20-20261004,14,3,fc1,skewness,-0.10136590760151055,0
lsa-inspired-late-mnist-20-20261004,14,3,fc1,kurtosis,30.48223963097483,0
lsa-inspired-late-mnist-20-20261004,14,3,output,mean,-3.8282730831549716e-10,0
lsa-inspired-late-mnist-20-20261004,14,3,output,std,0.0018158804256840912,0
lsa-inspired-late-mnist-20-20261004,14,3,output,median,-5.21540641784668e-08,0
lsa-inspired-late-mnist-20-20261004,14,3,output,min,-0.006488233804702759,0
lsa-inspired-late-mnist-20-20261004,14,3,output,max,0.006785303354263306,0
lsa-inspired-late-mnist-20-20261004,14,3,output,l1,0.8279502103687264,0
lsa-inspired-late-mnist-20-20261004,14,3,output,l2,0.046296048624572796,0
lsa-inspired-late-mnist-20-20261004,14,3,output,max_abs,0.006785303354263306,0
lsa-inspired-late-mnist-20-20261004,14,3,output,sparsity,0.06307692307692307,0
lsa-inspired-late-mnist-20-20261004,14,3,output,skewness,0.08082877001674757,0
lsa-inspired-late-mnist-20-20261004,14,3,output,kurtosis,1.0896139245446061,0
lsa-inspired-late-mnist-20-20261004,14,4,conv1,mean,0.0016805854767881101,0
lsa-inspired-late-mnist-20-20261004,14,4,conv1,std,0.0026864326837893224,0
lsa-inspired-late-mnist-20-20261004,14,4,conv1,median,0.00026485323905944824,0
lsa-inspired-late-mnist-20-20261004,14,4,conv1,min,-0.0009696334600448608,0
lsa-inspired-late-mnist-20-20261004,14,4,conv1,max,0.010405749082565308,0
lsa-inspired-late-mnist-20-20261004,14,4,conv1,l1,0.28952240716898814,0
lsa-inspired-late-mnist-20-20261004,14,4,conv1,l2,0.040082491158754334,0
lsa-inspired-late-mnist-20-20261004,14,4,conv1,max_abs,0.010405749082565308,0
lsa-inspired-late-mnist-20-20261004,14,4,conv1,sparsity,0.0,0
lsa-inspired-late-mnist-20-20261004,14,4,conv1,skewness,1.5126496065326507,0
lsa-inspired-late-mnist-20-20261004,14,4,conv1,kurtosis,1.1431931591473408,0
lsa-inspired-late-mnist-20-20261004,14,4,conv2,mean,0.0001405146730686001,0
lsa-inspired-late-mnist-20-20261004,14,4,conv2,std,0.0006697519655489208,0
lsa-inspired-late-mnist-20-20261004,14,4,conv2,median,1.1776573956012726e-05,0
lsa-inspired-late-mnist-20-20261004,14,4,conv2,min,-0.002758260816335678,0
lsa-inspired-late-mnist-20-20261004,14,4,conv2,max,0.007470160722732544,0
lsa-inspired-late-mnist-20-20261004,14,4,conv2,l1,1.462650036213745,0
lsa-inspired-late-mnist-20-20261004,14,4,conv2,l2,0.04661510483510224,0
lsa-inspired-late-mnist-20-20261004,14,4,conv2,max_abs,0.007470160722732544,0
lsa-inspired-late-mnist-20-20261004,14,4,conv2,sparsity,0.0,0
lsa-inspired-late-mnist-20-20261004,14,4,conv2,skewness,3.6442941603580845,0
lsa-inspired-late-mnist-20-20261004,14,4,conv2,kurtosis,24.14685707904834,0
lsa-inspired-late-mnist-20-20261004,14,4,fc1,mean,4.529745208128564e-06,0
lsa-inspired-late-mnist-20-20261004,14,4,fc1,std,0.00031797283109695024,0
lsa-inspired-late-mnist-20-20261004,14,4,fc1,median,0.0,0
lsa-inspired-late-mnist-20-20261004,14,4,fc1,min,-0.005271334201097488,0
lsa-inspired-late-mnist-20-20261004,14,4,fc1,max,0.005672533065080643,0
lsa-inspired-late-mnist-20-20261004,14,4,fc1,l1,14.834655569011659,0
lsa-inspired-late-mnist-20-20261004,14,4,fc1,l2,0.10077099246582581,0
lsa-inspired-late-mnist-20-20261004,14,4,fc1,max_abs,0.005672533065080643,0
lsa-inspired-late-mnist-20-20261004,14,4,fc1,sparsity,0.08814332377310388,0
lsa-inspired-late-mnist-20-20261004,14,4,fc1,skewness,0.6436382384257164,0
lsa-inspired-late-mnist-20-20261004,14,4,fc1,kurtosis,30.082640323789136,0
lsa-inspired-late-mnist-20-20261004,14,4,output,mean,2.3283064365386964e-11,0
lsa-inspired-late-mnist-20-20261004,14,4,output,std,0.002319781486141097,0
lsa-inspired-late-mnist-20-20261004,14,4,output,median,-4.470348358154297e-08,0
lsa-inspired-late-mnist-20-20261004,14,4,output,min,-0.007692207582294941,0
lsa-inspired-late-mnist-20-20261004,14,4,output,max,0.007738634943962097,0
lsa-inspired-late-mnist-20-20261004,14,4,output,l1,1.0745738663244992,0
lsa-inspired-late-mnist-20-20261004,14,4,output,l2,0.059143055325523615,0
lsa-inspired-late-mnist-20-20261004,14,4,output,max_abs,0.007738634943962097,0
lsa-inspired-late-mnist-20-20261004,14,4,output,sparsity,0.06307692307692307,0
lsa-inspired-late-mnist-20-20261004,14,4,output,skewness,0.07377168127413555,0
lsa-inspired-late-mnist-20-20261004,14,4,output,kurtosis,0.8275402621944963,0
lsa-inspired-late-mnist-20-20261004,15,0,conv1,mean,0.0012611355061380892,0
lsa-inspired-late-mnist-20-20261004,15,0,conv1,std,0.0020245790890283557,0
lsa-inspired-late-mnist-20-20261004,15,0,conv1,median,0.00024705566465854645,0
lsa-inspired-late-mnist-20-20261004,15,0,conv1,min,-0.0006466954946517944,0
lsa-inspired-late-mnist-20-20261004,15,0,conv1,max,0.008339464664459229,0
lsa-inspired-late-mnist-20-20261004,15,0,conv1,l1,0.22247066983254626,0
lsa-inspired-late-mnist-20-20261004,15,0,conv1,l2,0.030171200181823888,0
lsa-inspired-late-mnist-20-20261004,15,0,conv1,max_abs,0.008339464664459229,0
lsa-inspired-late-mnist-20-20261004,15,0,conv1,sparsity,0.0,0
lsa-inspired-late-mnist-20-20261004,15,0,conv1,skewness,1.5279119307520554,0
lsa-inspired-late-mnist-20-20261004,15,0,conv1,kurtosis,1.3410223029149355,0
lsa-inspired-late-mnist-20-20261004,15,0,conv2,mean,0.00013815298051322942,0
lsa-inspired-late-mnist-20-20261004,15,0,conv2,std,0.000523256707075188,0
lsa-inspired-late-mnist-20-20261004,15,0,conv2,median,2.648681402206421e-05,0
lsa-inspired-late-mnist-20-20261004,15,0,conv2,min,-0.0022476166486740112,0
lsa-inspired-late-mnist-20-20261004,15,0,conv2,max,0.004501715302467346,0
lsa-inspired-late-mnist-20-20261004,15,0,conv2,l1,1.2722030426521087,0
lsa-inspired-late-mnist-20-20261004,15,0,conv2,l2,0.03686435893530092,0
lsa-inspired-late-mnist-20-20261004,15,0,conv2,max_abs,0.004501715302467346,0
lsa-inspired-late-mnist-20-20261004,15,0,conv2,sparsity,0.0,0
lsa-inspired-late-mnist-20-20261004,15,0,conv2,skewness,2.6747770906474058,0
lsa-inspired-late-mnist-20-20261004,15,0,conv2,kurtosis,14.194386762394881,0
lsa-inspired-late-mnist-20-20261004,15,0,fc1,mean,1.207983151034052e-05,0
lsa-inspired-late-mnist-20-20261004,15,0,fc1,std,0.0003073786824219282,0
lsa-inspired-late-mnist-20-20261004,15,0,fc1,median,0.0,0
lsa-inspired-late-mnist-20-20261004,15,0,fc1,min,-0.004798226058483124,0
lsa-inspired-late-mnist-20-20261004,15,0,fc1,max,0.00495188869535923,0
lsa-inspired-late-mnist-20-20261004,15,0,fc1,l1,14.095033807619643,0
lsa-inspired-late-mnist-20-20261004,15,0,fc1,l2,0.09747883229500838,0
lsa-inspired-late-mnist-20-20261004,15,0,fc1,max_abs,0.00495188869535923,0
lsa-inspired-late-mnist-20-20261004,15,0,fc1,sparsity,0.08753585086042065,0
lsa-inspired-late-mnist-20-20261004,15,0,fc1,skewness,0.6261043227722483,0
lsa-inspired-late-mnist-20-20261004,15,0,fc1,kurtosis,28.036790476500123,0
lsa-inspired-late-mnist-20-20261004,15,0,output,mean,-6.513437256217003e-10,0
lsa-inspired-late-mnist-20-20261004,15,0,output,std,0.001942968325391853,0
lsa-inspired-late-mnist-20-20261004,15,0,output,median,-3.6563724279403687e-06,0
lsa-inspired-late-mnist-20-20261004,15,0,output,min,-0.005767956376075745,0
lsa-inspired-late-mnist-20-20261004,15,0,output,max,0.011850684881210327,0
lsa-inspired-late-mnist-20-20261004,15,0,output,l1,0.8266032712126616,0
lsa-inspired-late-mnist-20-20261004,15,0,output,l2,0.04953616702733155,0
lsa-inspired-late-mnist-20-20261004,15,0,output,max_abs,0.011850684881210327,0
lsa-inspired-late-mnist-20-20261004,15,0,output,sparsity,0.07384615384615385,0
lsa-inspired-late-mnist-20-20261004,15,0,output,skewness,1.3656365713697136,0
lsa-inspired-late-mnist-20-20261004,15,0,output,kurtosis,4.903253239696078,0
lsa-inspired-late-mnist-20-20261004,15,1,conv1,mean,0.0013936913754150737,0
lsa-inspired-late-mnist-20-20261004,15,1,conv1,std,0.002231674595816127,0
lsa-inspired-late-mnist-20-20261004,15,1,conv1,median,0.0002469271421432495,0
lsa-inspired-late-mnist-20-20261004,15,1,conv1,min,-0.0007300674915313721,0
lsa-inspired-late-mnist-20-20261004,15,1,conv1,max,0.00867682695388794,0
lsa-inspired-late-mnist-20-20261004,15,1,conv1,l1,0.24374515179079026,0
lsa-inspired-late-mnist-20-20261004,15,1,conv1,l2,0.033281219091896096,0
lsa-inspired-late-mnist-20-20261004,15,1,conv1,max_abs,0.00867682695388794,0
lsa-inspired-late-mnist-20-20261004,15,1,conv1,sparsity,0.0,0
lsa-inspired-late-mnist-20-20261004,15,1,conv1,skewness,1.4992294386437413,0
lsa-inspired-late-mnist-20-20261004,15,1,conv1,kurtosis,1.1312475568889466,0
lsa-inspired-late-mnist-20-20261004,15,1,conv2,mean,0.00013307766080288274,0
lsa-inspired-late-mnist-20-20261004,15,1,conv2,std,0.0005491368255268201,0
lsa-inspired-late-mnist-20-20261004,15,1,conv2,median,2.210283128079027e-05,0
lsa-inspired-late-mnist-20-20261004,15,1,conv2,min,-0.0025333240628242493,0
lsa-inspired-late-mnist-20-20261004,15,1,conv2,max,0.005096763372421265,0
lsa-inspired-late-mnist-20-20261004,15,1,conv2,l1,1.264119966646831,0
lsa-inspired-late-mnist-20-20261004,15,1,conv2,l2,0.03848857823651846,0
lsa-inspired-late-mnist-20-20261004,15,1,conv2,max_abs,0.005096763372421265,0
lsa-inspired-late-mnist-20-20261004,15,1,conv2,sparsity,0.0,0
lsa-inspired-late-mnist-20-20261004,15,1,conv2,skewness,2.9818571205101025,0
lsa-inspired-late-mnist-20-20261004,15,1,conv2,kurtosis,16.741122680726836,0
lsa-inspired-late-mnist-20-20261004,15,1,fc1,mean,-1.2073831555424783e-06,0
lsa-inspired-late-mnist-20-20261004,15,1,fc1,std,0.00023952256803928487,0
lsa-inspired-late-mnist-20-20261004,15,1,fc1,median,0.0,0
lsa-inspired-late-mnist-20-20261004,15,1,fc1,min,-0.0037636123597621918,0
lsa-inspired-late-mnist-20-20261004,15,1,fc1,max,0.003805439919233322,0
lsa-inspired-late-mnist-20-20261004,15,1,fc1,l1,11.860428396995701,0
lsa-inspired-late-mnist-20-20261004,15,1,fc1,l2,0.07590203426170795,0
lsa-inspired-late-mnist-20-20261004,15,1,fc1,max_abs,0.003805439919233322,0
lsa-inspired-late-mnist-20-20261004,15,1,fc1,sparsity,0.09051346398980242,0
lsa-inspired-late-mnist-20-20261004,15,1,fc1,skewness,0.19072206125060162,0
lsa-inspired-late-mnist-20-20261004,15,1,fc1,kurtosis,20.84781015720394,0
lsa-inspired-late-mnist-20-20261004,15,1,output,mean,2.0717449772816438e-10,0
lsa-inspired-late-mnist-20-20261004,15,1,output,std,0.0014893350734362782,0
lsa-inspired-late-mnist-20-20261004,15,1,output,median,-5.122274160385132e-08,0
lsa-inspired-late-mnist-20-20261004,15,1,output,min,-0.006699621677398682,0
lsa-inspired-late-mnist-20-20261004,15,1,output,max,0.005934849381446838,0
lsa-inspired-late-mnist-20-20261004,15,1,output,l1,0.683689388592029,0
lsa-inspired-late-mnist-20-20261004,15,1,output,l2,0.037970743008649,0
lsa-inspired-late-mnist-20-20261004,15,1,output,max_abs,0.006699621677398682,0
lsa-inspired-late-mnist-20-20261004,15,1,output,sparsity,0.06769230769230769,0
lsa-inspired-late-mnist-20-20261004,15,1,output,skewness,0.3891327149063992,0
lsa-inspired-late-mnist-20-20261004,15,1,output,kurtosis,1.6940771459533632,0
lsa-inspired-late-mnist-20-20261004,15,2,conv1,mean,0.0012378156770864734,0
lsa-inspired-late-mnist-20-20261004,15,2,conv1,std,0.0020641893907715207,0
lsa-inspired-late-mnist-20-20261004,15,2,conv1,median,0.00023043900728225708,0
lsa-inspired-late-mnist-20-20261004,15,2,conv1,min,-0.0006623566150665283,0
lsa-inspired-late-mnist-20-20261004,15,2,conv1,max,0.007881999015808105,0
lsa-inspired-late-mnist-20-20261004,15,2,conv1,l1,0.22141271404689178,0
lsa-inspired-late-mnist-20-20261004,15,2,conv1,l2,0.030444876065215964,0
lsa-inspired-late-mnist-20-20261004,15,2,conv1,max_abs,0.007881999015808105,0
lsa-inspired-late-mnist-20-20261004,15,2,conv1,sparsity,0.0,0
lsa-inspired-late-mnist-20-20261004,15,2,conv1,skewness,1.5631328375729465,0
lsa-inspired-late-mnist-20-20261004,15,2,conv1,kurtosis,1.3805541690700966,0
lsa-inspired-late-mnist-20-20261004,15,2,conv2,mean,0.0001091164301983397,0
lsa-inspired-late-mnist-20-20261004,15,2,conv2,std,0.0005400076092764843,0
lsa-inspired-late-mnist-20-20261004,15,2,conv2,median,1.714751124382019e-05,0
lsa-inspired-late-mnist-20-20261004,15,2,conv2,min,-0.0031239576637744904,0
lsa-inspired-late-mnist-20-20261004,15,2,conv2,max,0.005116373300552368,0
lsa-inspired-late-mnist-20-20261004,15,2,conv2,l1,1.2484116397317848,0
lsa-inspired-late-mnist-20-20261004,15,2,conv2,l2,0.03752742738649963,0
lsa-inspired-late-mnist-20-20261004,15,2,conv2,max_abs,0.005116373300552368,0
lsa-inspired-late-mnist-20-20261004,15,2,conv2,sparsity,0.0,0
lsa-inspired-late-mnist-20-20261004,15,2,conv2,skewness,2.4611932322440073,0
lsa-inspired-late-mnist-20-20261004,15,2,conv2,kurtosis,17.036926987368496,0
lsa-inspired-late-mnist-20-20261004,15,2,fc1,mean,3.410219233463606e-06,0
lsa-inspired-late-mnist-20-20261004,15,2,fc1,std,0.0003442918466984568,0
lsa-inspired-late-mnist-20-20261004,15,2,fc1,median,0.0,0
lsa-inspired-late-mnist-20-20261004,15,2,fc1,min,-0.006973430514335632,0
lsa-inspired-late-mnist-20-20261004,15,2,fc1,max,0.00565703958272934,0
lsa-inspired-late-mnist-20-20261004,15,2,fc1,l1,15.99380145448572,0
lsa-inspired-late-mnist-20-20261004,15,2,fc1,l2,0.10910621754982375,0
lsa-inspired-late-mnist-20-20261004,15,2,fc1,max_abs,0.006973430514335632,0
lsa-inspired-late-mnist-20-20261004,15,2,fc1,sparsity,0.10195586360739324,0
lsa-inspired-late-mnist-20-20261004,15,2,fc1,skewness,-0.3994760317135123,0
lsa-inspired-late-mnist-20-20261004,15,2,fc1,kurtosis,27.28810583090392,0
lsa-inspired-late-mnist-20-20261004,15,2,output,mean,5.211824407944312e-11,0
lsa-inspired-late-mnist-20-20261004,15,2,output,std,0.002096076929832739,0
lsa-inspired-late-mnist-20-20261004,15,2,output,median,-2.952292561531067e-07,0
lsa-inspired-late-mnist-20-20261004,15,2,output,min,-0.007006779313087463,0
lsa-inspired-late-mnist-20-20261004,15,2,output,max,0.008394554257392883,0
lsa-inspired-late-mnist-20-20261004,15,2,output,l1,0.941822991357185,0
lsa-inspired-late-mnist-20-20261004,15,2,output,l2,0.05343968583604397,0
lsa-inspired-late-mnist-20-20261004,15,2,output,max_abs,0.008394554257392883,0
lsa-inspired-late-mnist-20-20261004,15,2,output,sparsity,0.08,0
lsa-inspired-late-mnist-20-20261004,15,2,output,skewness,0.43100124827488606,0
lsa-inspired-late-mnist-20-20261004,15,2,output,kurtosis,1.7351320316576722,0
lsa-inspired-late-mnist-20-20261004,15,3,conv1,mean,0.0013141029532562243,0
lsa-inspired-late-mnist-20-20261004,15,3,conv1,std,0.002084167521698356,0
lsa-inspired-late-mnist-20-20261004,15,3,conv1,median,0.00023310258984565735,0
lsa-inspired-late-mnist-20-20261004,15,3,conv1,min,-0.0005491077899932861,0
lsa-inspired-late-mnist-20-20261004,15,3,conv1,max,0.008164018392562866,0
lsa-inspired-late-mnist-20-20261004,15,3,conv1,l1,0.2285583305056207,0
lsa-inspired-late-mnist-20-20261004,15,3,conv1,l2,0.031165675555672456,0
lsa-inspired-late-mnist-20-20261004,15,3,conv1,max_abs,0.008164018392562866,0
lsa-inspired-late-mnist-20-20261004,15,3,conv1,sparsity,0.0,0
lsa-inspired-late-mnist-20-20261004,15,3,conv1,skewness,1.5267926504412443,0
lsa-inspired-late-mnist-20-20261004,15,3,conv1,kurtosis,1.2788961596965844,0
lsa-inspired-late-mnist-20-20261004,15,3,conv2,mean,0.00011625973962971893,0
lsa-inspired-late-mnist-20-20261004,15,3,conv2,std,0.0005448217243693401,0
lsa-inspired-late-mnist-20-20261004,15,3,conv2,median,1.4350749552249908e-05,0
lsa-inspired-late-mnist-20-20261004,15,3,conv2,min,-0.0029624924063682556,0
lsa-inspired-late-mnist-20-20261004,15,3,conv2,max,0.004940897226333618,0
lsa-inspired-late-mnist-20-20261004,15,3,conv2,l1,1.261712166817233,0
lsa-inspired-late-mnist-20-20261004,15,3,conv2,l2,0.03794746708533361,0
lsa-inspired-late-mnist-20-20261004,15,3,conv2,max_abs,0.004940897226333618,0
lsa-inspired-late-mnist-20-20261004,15,3,conv2,sparsity,0.0,0
lsa-inspired-late-mnist-20-20261004,15,3,conv2,skewness,2.5474449629590596,0
lsa-inspired-late-mnist-20-20261004,15,3,conv2,kurtosis,15.201998085985927,0
lsa-inspired-late-mnist-20-20261004,15,3,fc1,mean,-5.7864198416652695e-06,0
lsa-inspired-late-mnist-20-20261004,15,3,fc1,std,0.0002825886210562064,0
lsa-inspired-late-mnist-20-20261004,15,3,fc1,median,0.0,0
lsa-inspired-late-mnist-20-20261004,15,3,fc1,min,-0.005113309249281883,0
lsa-inspired-late-mnist-20-20261004,15,3,fc1,max,0.005370608530938625,0
lsa-inspired-late-mnist-20-20261004,15,3,fc1,l1,13.154493470534817,0
lsa-inspired-late-mnist-20-20261004,15,3,fc1,l2,0.08956682031895359,0
lsa-inspired-late-mnist-20-20261004,15,3,fc1,max_abs,0.005370608530938625,0
lsa-inspired-late-mnist-20-20261004,15,3,fc1,sparsity,0.093032982791587,0
lsa-inspired-late-mnist-20-20261004,15,3,fc1,skewness,-0.5335001021360192,0
lsa-inspired-late-mnist-20-20261004,15,3,fc1,kurtosis,31.305553368078805,0
lsa-inspired-late-mnist-20-20261004,15,3,output,mean,-3.850212893806971e-10,0
lsa-inspired-late-mnist-20-20261004,15,3,output,std,0.001692417184189431,0
lsa-inspired-late-mnist-20-20261004,15,3,output,median,-3.725290298461914e-08,0
lsa-inspired-late-mnist-20-20261004,15,3,output,min,-0.005814597010612488,0
lsa-inspired-late-mnist-20-20261004,15,3,output,max,0.006024539470672607,0
lsa-inspired-late-mnist-20-20261004,15,3,output,l1,0.7749583746481221,0
lsa-inspired-late-mnist-20-20261004,15,3,output,l2,0.043148341236609426,0
lsa-inspired-late-mnist-20-20261004,15,3,output,max_abs,0.006024539470672607,0
lsa-inspired-late-mnist-20-20261004,15,3,output,sparsity,0.06615384615384616,0
lsa-inspired-late-mnist-20-20261004,15,3,output,skewness,-0.00729464034588911,0
lsa-inspired-late-mnist-20-20261004,15,3,output,kurtosis,1.1589313365703573,0
lsa-inspired-late-mnist-20-20261004,15,4,conv1,mean,0.0014263811826822348,0
lsa-inspired-late-mnist-20-20261004,15,4,conv1,std,0.002288585116715397,0
lsa-inspired-late-mnist-20-20261004,15,4,conv1,median,0.0002601891756057739,0
lsa-inspired-late-mnist-20-20261004,15,4,conv1,min,-0.0008679479360580444,0
lsa-inspired-late-mnist-20-20261004,15,4,conv1,max,0.008913099765777588,0
lsa-inspired-late-mnist-20-20261004,15,4,conv1,l1,0.24687101389281452,0
lsa-inspired-late-mnist-20-20261004,15,4,conv1,l2,0.034110843120066556,0
lsa-inspired-late-mnist-20-20261004,15,4,conv1,max_abs,0.008913099765777588,0
lsa-inspired-late-mnist-20-20261004,15,4,conv1,sparsity,0.0,0
lsa-inspired-late-mnist-20-20261004,15,4,conv1,skewness,1.5241729630779397,0
lsa-inspired-late-mnist-20-20261004,15,4,conv1,kurtosis,1.2030854187099287,0
lsa-inspired-late-mnist-20-20261004,15,4,conv2,mean,0.00010651948509019286,0
lsa-inspired-late-mnist-20-20261004,15,4,conv2,std,0.0005789634233403771,0
lsa-inspired-late-mnist-20-20261004,15,4,conv2,median,7.920461939647794e-06,0
lsa-inspired-late-mnist-20-20261004,15,4,conv2,min,-0.002689037472009659,0
lsa-inspired-late-mnist-20-20261004,15,4,conv2,max,0.006385274231433868,0
lsa-inspired-late-mnist-20-20261004,15,4,conv2,l1,1.2871286361041712,0
lsa-inspired-late-mnist-20-20261004,15,4,conv2,l2,0.040099488957994,0
lsa-inspired-late-mnist-20-20261004,15,4,conv2,max_abs,0.006385274231433868,0
lsa-inspired-late-mnist-20-20261004,15,4,conv2,sparsity,0.0,0
lsa-inspired-late-mnist-20-20261004,15,4,conv2,skewness,3.370677607653035,0
lsa-inspired-late-mnist-20-20261004,15,4,conv2,kurtosis,22.839116701090052,0
lsa-inspired-late-mnist-20-20261004,15,4,fc1,mean,-1.1624798044222272e-07,0
lsa-inspired-late-mnist-20-20261004,15,4,fc1,std,0.0003025809991422525,0
lsa-inspired-late-mnist-20-20261004,15,4,fc1,median,0.0,0
lsa-inspired-late-mnist-20-20261004,15,4,fc1,min,-0.0049547553062438965,0
lsa-inspired-late-mnist-20-20261004,15,4,fc1,max,0.005327582359313965,0
lsa-inspired-late-mnist-20-20261004,15,4,fc1,l1,14.087131102913418,0
lsa-inspired-late-mnist-20-20261004,15,4,fc1,l2,0.09588333770664624,0
lsa-inspired-late-mnist-20-20261004,15,4,fc1,max_abs,0.005327582359313965,0
lsa-inspired-late-mnist-20-20261004,15,4,fc1,sparsity,0.08789435946462715,0
lsa-inspired-late-mnist-20-20261004,15,4,fc1,skewness,0.4134373502919917,0
lsa-inspired-late-mnist-20-20261004,15,4,fc1,kurtosis,30.0270336144235,0
lsa-inspired-late-mnist-20-20261004,15,4,output,mean,-1.0329621055951486e-10,0
lsa-inspired-late-mnist-20-20261004,15,4,output,std,0.0021850134889935674,0
lsa-inspired-late-mnist-20-20261004,15,4,output,median,-9.313225746154785e-09,0
lsa-inspired-late-mnist-20-20261004,15,4,output,min,-0.007425124756991863,0
lsa-inspired-late-mnist-20-20261004,15,4,output,max,0.007148116827011108,0
lsa-inspired-late-mnist-20-20261004,15,4,output,l1,1.0149779949279036,0
lsa-inspired-late-mnist-20-20261004,15,4,output,l2,0.055707132089208335,0
lsa-inspired-late-mnist-20-20261004,15,4,output,max_abs,0.007425124756991863,0
lsa-inspired-late-mnist-20-20261004,15,4,output,sparsity,0.06461538461538462,0
lsa-inspired-late-mnist-20-20261004,15,4,output,skewness,0.04504527428608573,0
lsa-inspired-late-mnist-20-20261004,15,4,output,kurtosis,0.7972377030484874,0
lsa-inspired-late-mnist-20-20261004,16,0,conv1,mean,0.001152130680929986,1
lsa-inspired-late-mnist-20-20261004,16,0,conv1,std,0.0018602458807077005,1
lsa-inspired-late-mnist-20-20261004,16,0,conv1,median,0.00019266828894615173,1
lsa-inspired-late-mnist-20-20261004,16,0,conv1,min,-0.0006012171506881714,1
lsa-inspired-late-mnist-20-20261004,16,0,conv1,max,0.00728181004524231,1
lsa-inspired-late-mnist-20-20261004,16,0,conv1,l1,0.20182310621021315,1
lsa-inspired-late-mnist-20-20261004,16,0,conv1,l2,0.0276779185420585,1
lsa-inspired-late-mnist-20-20261004,16,0,conv1,max_abs,0.00728181004524231,1
lsa-inspired-late-mnist-20-20261004,16,0,conv1,sparsity,0.0,1
lsa-inspired-late-mnist-20-20261004,16,0,conv1,skewness,1.5342915490002378,1
lsa-inspired-late-mnist-20-20261004,16,0,conv1,kurtosis,1.2724650291627153,1
lsa-inspired-late-mnist-20-20261004,16,0,conv2,mean,9.393639020110076e-05,1
lsa-inspired-late-mnist-20-20261004,16,0,conv2,std,0.00046776871386265364,1
lsa-inspired-late-mnist-20-20261004,16,0,conv2,median,1.234002411365509e-05,1
lsa-inspired-late-mnist-20-20261004,16,0,conv2,min,-0.002682901918888092,1
lsa-inspired-late-mnist-20-20261004,16,0,conv2,max,0.004364088177680969,1
lsa-inspired-late-mnist-20-20261004,16,0,conv2,l1,1.0720907519171305,1
lsa-inspired-late-mnist-20-20261004,16,0,conv2,l2,0.03249939528572014,1
lsa-inspired-late-mnist-20-20261004,16,0,conv2,max_abs,0.004364088177680969,1
lsa-inspired-late-mnist-20-20261004,16,0,conv2,sparsity,0.00021551724137931034,1
lsa-inspired-late-mnist-20-20261004,16,0,conv2,skewness,2.5856787095284934,1
lsa-inspired-late-mnist-20-20261004,16,0,conv2,kurtosis,16.969051147185397,1
lsa-inspired-late-mnist-20-20261004,16,0,fc1,mean,-0.0001099290688127778,1
lsa-inspired-late-mnist-20-20261004,16,0,fc1,std,0.0009318099504283405,1
lsa-inspired-late-mnist-20-20261004,16,0,fc1,median,-5.016569048166275e-06,1
lsa-inspired-late-mnist-20-20261004,16,0,fc1,min,-0.019978467375040054,1
lsa-inspired-late-mnist-20-20261004,16,0,fc1,max,0.013816703110933304,1
lsa-inspired-late-mnist-20-20261004,16,0,fc1,l1,36.87033515182969,1
lsa-inspired-late-mnist-20-20261004,16,0,fc1,l2,0.2973241425266845,1
lsa-inspired-late-mnist-20-20261004,16,0,fc1,max_abs,0.019978467375040054,1
lsa-inspired-late-mnist-20-20261004,16,0,fc1,sparsity,0.06408341300191205,1
lsa-inspired-late-mnist-20-20261004,16,0,fc1,skewness,-2.2136698810130935,1
lsa-inspired-late-mnist-20-20261004,16,0,fc1,kurtosis,52.7851701742354,1
lsa-inspired-late-mnist-20-20261004,16,0,output,mean,-3.946927161170886e-10,1
lsa-inspired-late-mnist-20-20261004,16,0,output,std,0.006107579654289172,1
lsa-inspired-late-mnist-20-20261004,16,0,output,median,-0.00033095618709921837,1
lsa-inspired-late-mnist-20-20261004,16,0,output,min,-0.0113634392619133,1
lsa-inspired-late-mnist-20-20261004,16,0,output,max,0.046164464205503464,1
lsa-inspired-late-mnist-20-20261004,16,0,output,l1,1.920123485935619,1
lsa-inspired-late-mnist-20-20261004,16,0,output,l2,0.15571333919021413,1
lsa-inspired-late-mnist-20-20261004,16,0,output,max_abs,0.046164464205503464,1
lsa-inspired-late-mnist-20-20261004,16,0,output,sparsity,0.047692307692307694,1
lsa-inspired-late-mnist-20-20261004,16,0,output,skewness,3.803792360439512,1
lsa-inspired-late-mnist-20-20261004,16,0,output,kurtosis,18.834978079708186,1
lsa-inspired-late-mnist-20-20261004,16,1,conv1,mean,0.0011965811310801655,0
lsa-inspired-late-mnist-20-20261004,16,1,conv1,std,0.0019311167118254086,0
lsa-inspired-late-mnist-20-20261004,16,1,conv1,median,0.000216558575630188,0
lsa-inspired-late-mnist-20-20261004,16,1,conv1,min,-0.00067119300365448,0
lsa-inspired-late-mnist-20-20261004,16,1,conv1,max,0.007579684257507324,0
lsa-inspired-late-mnist-20-20261004,16,1,conv1,l1,0.21062039397656918,0
lsa-inspired-late-mnist-20-20261004,16,1,conv1,l2,0.028736090640025386,0
lsa-inspired-late-mnist-20-20261004,16,1,conv1,max_abs,0.007579684257507324,0
lsa-inspired-late-mnist-20-20261004,16,1,conv1,sparsity,0.0,0
lsa-inspired-late-mnist-20-20261004,16,1,conv1,skewness,1.5172027637729668,0
lsa-inspired-late-mnist-20-20261004,16,1,conv1,kurtosis,1.220289539144984,0
lsa-inspired-late-mnist-20-20261004,16,1,conv2,mean,0.00011168968632522718,0
lsa-inspired-late-mnist-20-20261004,16,1,conv2,std,0.0004791984200825134,0
lsa-inspired-late-mnist-20-20261004,16,1,conv2,median,1.8551014363765717e-05,0
lsa-inspired-late-mnist-20-20261004,16,1,conv2,min,-0.0024489611387252808,0
lsa-inspired-late-mnist-20-20261004,16,1,conv2,max,0.00416150689125061,0
lsa-inspired-late-mnist-20-20261004,16,1,conv2,l1,1.1210401941352757,0
lsa-inspired-late-mnist-20-20261004,16,1,conv2,l2,0.03351671975212165,0
lsa-inspired-late-mnist-20-20261004,16,1,conv2,max_abs,0.00416150689125061,0
lsa-inspired-late-mnist-20-20261004,16,1,conv2,sparsity,0.0,0
lsa-inspired-late-mnist-20-20261004,16,1,conv2,skewness,2.6827903133269078,0
lsa-inspired-late-mnist-20-20261004,16,1,conv2,kurtosis,15.21479928637212,0
lsa-inspired-late-mnist-20-20261004,16,1,fc1,mean,-2.791616693186997e-06,0
lsa-inspired-late-mnist-20-20261004,16,1,fc1,std,0.0002253334660747114,0
lsa-inspired-late-mnist-20-20261004,16,1,fc1,median,0.0,0
lsa-inspired-late-mnist-20-20261004,16,1,fc1,min,-0.003542189486324787,0
lsa-inspired-late-mnist-20-20261004,16,1,fc1,max,0.003506355918943882,0
lsa-inspired-late-mnist-20-20261004,16,1,fc1,l1,11.209080460655713,0
lsa-inspired-late-mnist-20-20261004,16,1,fc1,l2,0.07141023819277033,0
lsa-inspired-late-mnist-20-20261004,16,1,fc1,max_abs,0.003542189486324787,0
lsa-inspired-late-mnist-20-20261004,16,1,fc1,sparsity,0.09187778840025494,0
lsa-inspired-late-mnist-20-20261004,16,1,fc1,skewness,0.10998640389455419,0
lsa-inspired-late-mnist-20-20261004,16,1,fc1,kurtosis,19.938462614229053,0
lsa-inspired-late-mnist-20-20261004,16,1,output,mean,5.3371947545271655e-11,0
lsa-inspired-late-mnist-20-20261004,16,1,output,std,0.0013747586949904968,0
lsa-inspired-late-mnist-20-20261004,16,1,output,median,-3.91155481338501e-08,0
lsa-inspired-late-mnist-20-20261004,16,1,output,min,-0.005972728133201599,0
lsa-inspired-late-mnist-20-20261004,16,1,output,max,0.0052266716957092285,0
lsa-inspired-late-mnist-20-20261004,16,1,output,l1,0.6264208820648491,0
lsa-inspired-late-mnist-20-20261004,16,1,output,l2,0.035049607061189494,0
lsa-inspired-late-mnist-20-20261004,16,1,output,max_abs,0.005972728133201599,0
lsa-inspired-late-mnist-20-20261004,16,1,output,sparsity,0.07076923076923076,0
lsa-inspired-late-mnist-20-20261004,16,1,output,skewness,0.44195734561175704,0
lsa-inspired-late-mnist-20-20261004,16,1,output,kurtosis,1.6683075748275442,0
lsa-inspired-late-mnist-20-20261004,16,2,conv1,mean,0.0010470718272699742,0
lsa-inspired-late-mnist-20-20261004,16,2,conv1,std,0.001765432905795994,0
lsa-inspired-late-mnist-20-20261004,16,2,conv1,median,0.0002281591296195984,0
lsa-inspired-late-mnist-20-20261004,16,2,conv1,min,-0.0006376802921295166,0
lsa-inspired-late-mnist-20-20261004,16,2,conv1,max,0.0067476630210876465,0
lsa-inspired-late-mnist-20-20261004,16,2,conv1,l1,0.18987367377849296,0
lsa-inspired-late-mnist-20-20261004,16,2,conv1,l2,0.025963398102189224,0
lsa-inspired-late-mnist-20-20261004,16,2,conv1,max_abs,0.0067476630210876465,0
lsa-inspired-late-mnist-20-20261004,16,2,conv1,sparsity,0.0,0
lsa-inspired-late-mnist-20-20261004,16,2,conv1,skewness,1.5725280582427854,0
lsa-inspired-late-mnist-20-20261004,16,2,conv1,kurtosis,1.4573709797945842,0
lsa-inspired-late-mnist-20-20261004,16,2,conv2,mean,8.378336849938054e-05,0
lsa-inspired-late-mnist-20-20261004,16,2,conv2,std,0.00047441755473452094,0
lsa-inspired-late-mnist-20-20261004,16,2,conv2,median,1.4208490028977394e-05,0
lsa-inspired-late-mnist-20-20261004,16,2,conv2,min,-0.0030079931020736694,0
lsa-inspired-late-mnist-20-20261004,16,2,conv2,max,0.004285946488380432,0
lsa-inspired-late-mnist-20-20261004,16,2,conv2,l1,1.1134771227953024,0
lsa-inspired-late-mnist-20-20261004,16,2,conv2,l2,0.0328162359895078,0
lsa-inspired-late-mnist-20-20261004,16,2,conv2,max_abs,0.004285946488380432,0
lsa-inspired-late-mnist-20-20261004,16,2,conv2,sparsity,0.0,0
lsa-inspired-late-mnist-20-20261004,16,2,conv2,skewness,1.9772752937022118,0
lsa-inspired-late-mnist-20-20261004,16,2,conv2,kurtosis,15.926968215901148,0
lsa-inspired-late-mnist-20-20261004,16,2,fc1,mean,2.4464877849399554e-06,0
lsa-inspired-late-mnist-20-20261004,16,2,fc1,std,0.0003303401135128152,0
lsa-inspired-late-mnist-20-20261004,16,2,fc1,median,0.0,0
lsa-inspired-late-mnist-20-20261004,16,2,fc1,min,-0.006543818861246109,0
lsa-inspired-late-mnist-20-20261004,16,2,fc1,max,0.005548611283302307,0
lsa-inspired-late-mnist-20-20261004,16,2,fc1,l1,15.319815477697091,0
lsa-inspired-late-mnist-20-20261004,16,2,fc1,l2,0.10468264378294892,0
lsa-inspired-late-mnist-20-20261004,16,2,fc1,max_abs,0.006543818861246109,0
lsa-inspired-late-mnist-20-20261004,16,2,fc1,sparsity,0.10188615360101975,0
lsa-inspired-late-mnist-20-20261004,16,2,fc1,skewness,-0.3923406437075388,0
lsa-inspired-late-mnist-20-20261004,16,2,fc1,kurtosis,27.3051710288485,0
lsa-inspired-late-mnist-20-20261004,16,2,output,mean,-1.567129332285661e-11,0
lsa-inspired-late-mnist-20-20261004,16,2,output,std,0.001985210340487605,0
lsa-inspired-late-mnist-20-20261004,16,2,output,median,-3.8370490074157715e-07,0
lsa-inspired-late-mnist-20-20261004,16,2,output,min,-0.006642542779445648,0
lsa-inspired-late-mnist-20-20261004,16,2,output,max,0.00789634883403778,0
lsa-inspired-late-mnist-20-20261004,16,2,output,l1,0.891674906888511,0
lsa-inspired-late-mnist-20-20261004,16,2,output,l2,0.05061313132366237,0
lsa-inspired-late-mnist-20-20261004,16,2,output,max_abs,0.00789634883403778,0
lsa-inspired-late-mnist-20-20261004,16,2,output,sparsity,0.08153846153846153,0
lsa-inspired-late-mnist-20-20261004,16,2,output,skewness,0.4321882862683577,0
lsa-inspired-late-mnist-20-20261004,16,2,output,kurtosis,1.6998215254306004,0
lsa-inspired-late-mnist-20-20261004,16,3,conv1,mean,0.001121770059762639,0
lsa-inspired-late-mnist-20-20261004,16,3,conv1,std,0.001786849853210165,0
lsa-inspired-late-mnist-20-20261004,16,3,conv1,median,0.00020882487297058105,0
lsa-inspired-late-mnist-20-20261004,16,3,conv1,min,-0.00047847628593444824,0
lsa-inspired-late-mnist-20-20261004,16,3,conv1,max,0.006985515356063843,0
lsa-inspired-late-mnist-20-20261004,16,3,conv1,l1,0.19597928243456408,0
lsa-inspired-late-mnist-20-20261004,16,3,conv1,l2,0.026686927031479853,0
lsa-inspired-late-mnist-20-20261004,16,3,conv1,max_abs,0.006985515356063843,0
lsa-inspired-late-mnist-20-20261004,16,3,conv1,sparsity,0.0,0
lsa-inspired-late-mnist-20-20261004,16,3,conv1,skewness,1.5384698343219736,0
lsa-inspired-late-mnist-20-20261004,16,3,conv1,kurtosis,1.3422965580901591,0
lsa-inspired-late-mnist-20-20261004,16,3,conv2,mean,9.552572032824737e-05,0
lsa-inspired-late-mnist-20-20261004,16,3,conv2,std,0.00047778189274184837,0
lsa-inspired-late-mnist-20-20261004,16,3,conv2,median,1.1279713362455368e-05,0
lsa-inspired-late-mnist-20-20261004,16,3,conv2,min,-0.002804681658744812,0
lsa-inspired-late-mnist-20-20261004,16,3,conv2,max,0.004190616309642792,0
lsa-inspired-late-mnist-20-20261004,16,3,conv2,l1,1.121940027729579,0
lsa-inspired-late-mnist-20-20261004,16,3,conv2,l2,0.03318944484744557,0
lsa-inspired-late-mnist-20-20261004,16,3,conv2,max_abs,0.004190616309642792,0
lsa-inspired-late-mnist-20-20261004,16,3,conv2,sparsity,0.00021551724137931034,0
lsa-inspired-late-mnist-20-20261004,16,3,conv2,skewness,2.2354957262827684,0
lsa-inspired-late-mnist-20-20261004,16,3,conv2,kurtosis,13.909430683981185,0
lsa-inspired-late-mnist-20-20261004,16,3,fc1,mean,-9.642502341161117e-06,0
lsa-inspired-late-mnist-20-20261004,16,3,fc1,std,0.0002723102558002637,0
lsa-inspired-late-mnist-20-20261004,16,3,fc1,median,-6.28642737865448e-09,0
lsa-inspired-late-mnist-20-20261004,16,3,fc1,min,-0.005129264667630196,0
lsa-inspired-late-mnist-20-20261004,16,3,fc1,max,0.005007993429899216,0
lsa-inspired-late-mnist-20-20261004,16,3,fc1,l1,12.632025783528206,0
lsa-inspired-late-mnist-20-20261004,16,3,fc1,l2,0.08634507282699368,0
lsa-inspired-late-mnist-20-20261004,16,3,fc1,max_abs,0.005129264667630196,0
lsa-inspired-late-mnist-20-20261004,16,3,fc1,sparsity,0.09321223709369025,0
lsa-inspired-late-mnist-20-20261004,16,3,fc1,skewness,-0.8033675205631212,0
lsa-inspired-late-mnist-20-20261004,16,3,fc1,kurtosis,31.971212771330762,0
lsa-inspired-late-mnist-20-20261004,16,3,output,mean,-6.558660131234389e-10,0
lsa-inspired-late-mnist-20-20261004,16,3,output,std,0.0015972091359763407,0
lsa-inspired-late-mnist-20-20261004,16,3,output,median,-2.2351741790771484e-08,0
lsa-inspired-late-mnist-20-20261004,16,3,output,min,-0.0056825801730155945,0
lsa-inspired-late-mnist-20-20261004,16,3,output,max,0.005745589733123779,0
lsa-inspired-late-mnist-20-20261004,16,3,output,l1,0.7315081665292382,0
lsa-inspired-late-mnist-20-20261004,16,3,output,l2,0.040721002758163594,0
lsa-inspired-late-mnist-20-20261004,16,3,output,max_abs,0.005745589733123779,0
lsa-inspired-late-mnist-20-20261004,16,3,output,sparsity,0.06923076923076923,0
lsa-inspired-late-mnist-20-20261004,16,3,output,skewness,-0.036749275579500404,0
lsa-inspired-late-mnist-20-20261004,16,3,output,kurtosis,1.2854371216353275,0
lsa-inspired-late-mnist-20-20261004,16,4,conv1,mean,0.0012430993636371567,0
lsa-inspired-late-mnist-20-20261004,16,4,conv1,std,0.001993203590649104,0
lsa-inspired-late-mnist-20-20261004,16,4,conv1,median,0.00022127479314804077,0
lsa-inspired-late-mnist-20-20261004,16,4,conv1,min,-0.0007453858852386475,0
lsa-inspired-late-mnist-20-20261004,16,4,conv1,max,0.007814407348632812,0
lsa-inspired-late-mnist-20-20261004,16,4,conv1,l1,0.21523510571569204,0
lsa-inspired-late-mnist-20-20261004,16,4,conv1,l2,0.029713718263863473,0
lsa-inspired-late-mnist-20-20261004,16,4,conv1,max_abs,0.007814407348632812,0
lsa-inspired-late-mnist-20-20261004,16,4,conv1,sparsity,0.0,0
lsa-inspired-late-mnist-20-20261004,16,4,conv1,skewness,1.5410089913902072,0
lsa-inspired-late-mnist-20-20261004,16,4,conv1,kurtosis,1.2854929481014565,0
lsa-inspired-late-mnist-20-20261004,16,4,conv2,mean,8.474663591108577e-05,0
lsa-inspired-late-mnist-20-20261004,16,4,conv2,std,0.0005106982358416635,0
lsa-inspired-late-mnist-20-20261004,16,4,conv2,median,5.3765252232551575e-06,0
lsa-inspired-late-mnist-20-20261004,16,4,conv2,min,-0.0025379732251167297,0
lsa-inspired-late-mnist-20-20261004,16,4,conv2,max,0.005694098770618439,0
lsa-inspired-late-mnist-20-20261004,16,4,conv2,l1,1.1510870684178371,0
lsa-inspired-late-mnist-20-20261004,16,4,conv2,l2,0.035263228964599304,0
lsa-inspired-late-mnist-20-20261004,16,4,conv2,max_abs,0.005694098770618439,0
lsa-inspired-late-mnist-20-20261004,16,4,conv2,sparsity,0.0,0
lsa-inspired-late-mnist-20-20261004,16,4,conv2,skewness,3.16909833583223,0
lsa-inspired-late-mnist-20-20261004,16,4,conv2,kurtosis,22.082046011533052,0
lsa-inspired-late-mnist-20-20261004,16,4,fc1,mean,-3.7138529274931804e-06,0
lsa-inspired-late-mnist-20-20261004,16,4,fc1,std,0.0002908536128495848,0
lsa-inspired-late-mnist-20-20261004,16,4,fc1,median,0.0,0
lsa-inspired-late-mnist-20-20261004,16,4,fc1,min,-0.004800302442163229,0
lsa-inspired-late-mnist-20-20261004,16,4,fc1,max,0.005002044141292572,0
lsa-inspired-late-mnist-20-20261004,16,4,fc1,l1,13.536437732371667,0
lsa-inspired-late-mnist-20-20261004,16,4,fc1,l2,0.0921746130000869,0
lsa-inspired-late-mnist-20-20261004,16,4,fc1,max_abs,0.005002044141292572,0
lsa-inspired-late-mnist-20-20261004,16,4,fc1,sparsity,0.08806365519439133,0
lsa-inspired-late-mnist-20-20261004,16,4,fc1,skewness,0.23478751733229217,0
lsa-inspired-late-mnist-20-20261004,16,4,fc1,kurtosis,29.419381489323612,0
lsa-inspired-late-mnist-20-20261004,16,4,output,mean,-7.387895423632401e-11,0
lsa-inspired-late-mnist-20-20261004,16,4,output,std,0.0020447630884662,0
lsa-inspired-late-mnist-20-20261004,16,4,output,median,-8.847564458847046e-09,0
lsa-inspired-late-mnist-20-20261004,16,4,output,min,-0.006988396868109703,0
lsa-inspired-late-mnist-20-20261004,16,4,output,max,0.006534546613693237,0
lsa-inspired-late-mnist-20-20261004,16,4,output,l1,0.9537298819632269,0
lsa-inspired-late-mnist-20-20261004,16,4,output,l2,0.05213143444381704,0
lsa-inspired-late-mnist-20-20261004,16,4,output,max_abs,0.006988396868109703,0
lsa-inspired-late-mnist-20-20261004,16,4,output,sparsity,0.06461538461538462,0
lsa-inspired-late-mnist-20-20261004,16,4,output,skewness,0.011258113528110725,0
lsa-inspired-late-mnist-20-20261004,16,4,output,kurtosis,0.7587055950303343,0
lsa-inspired-late-mnist-20-20261004,17,0,conv1,mean,0.001043076498535811,1
lsa-inspired-late-mnist-20-20261004,17,0,conv1,std,0.0017020924819038114,1
lsa-inspired-late-mnist-20-20261004,17,0,conv1,median,0.00019327551126480103,1
lsa-inspired-late-mnist-20-20261004,17,0,conv1,min,-0.0006188899278640747,1
lsa-inspired-late-mnist-20-20261004,17,0,conv1,max,0.006607919931411743,1
lsa-inspired-late-mnist-20-20261004,17,0,conv1,l1,0.18508565990487114,1
lsa-inspired-late-mnist-20-20261004,17,0,conv1,l2,0.025251146187850414,1
lsa-inspired-late-mnist-20-20261004,17,0,conv1,max_abs,0.006607919931411743,1
lsa-inspired-late-mnist-20-20261004,17,0,conv1,sparsity,0.0,1
lsa-inspired-late-mnist-20-20261004,17,0,conv1,skewness,1.5377778233143955,1
lsa-inspired-late-mnist-20-20261004,17,0,conv1,kurtosis,1.2926690349828407,1
lsa-inspired-late-mnist-20-20261004,17,0,conv2,mean,8.007258575083864e-05,1
lsa-inspired-late-mnist-20-20261004,17,0,conv2,std,0.0004306288959181481,1
lsa-inspired-late-mnist-20-20261004,17,0,conv2,median,8.617527782917023e-06,1
lsa-inspired-late-mnist-20-20261004,17,0,conv2,min,-0.002627462148666382,1
lsa-inspired-late-mnist-20-20261004,17,0,conv2,max,0.003983035683631897,1
lsa-inspired-late-mnist-20-20261004,17,0,conv2,l1,0.9883952048439824,1
lsa-inspired-late-mnist-20-20261004,17,0,conv2,l2,0.029836174244475114,1
lsa-inspired-late-mnist-20-20261004,17,0,conv2,max_abs,0.003983035683631897,1
lsa-inspired-late-mnist-20-20261004,17,0,conv2,sparsity,0.0,1
lsa-inspired-late-mnist-20-20261004,17,0,conv2,skewness,2.4148346874312066,1
lsa-inspired-late-mnist-20-20261004,17,0,conv2,kurtosis,16.843191783355955,1
lsa-inspired-late-mnist-20-20261004,17,0,fc1,mean,-8.908657327379257e-05,1
lsa-inspired-late-mnist-20-20261004,17,0,fc1,std,0.0010490265607335366,1
lsa-inspired-late-mnist-20-20261004,17,0,fc1,median,-2.7583446353673935e-06,1
lsa-inspired-late-mnist-20-20261004,17,0,fc1,min,-0.01942284032702446,1
lsa-inspired-late-mnist-20-20261004,17,0,fc1,max,0.017835840582847595,1
lsa-inspired-late-mnist-20-20261004,17,0,fc1,l1,42.28365604250598,1
lsa-inspired-late-mnist-20-20261004,17,0,fc1,l2,0.33361715455527363,1
lsa-inspired-late-mnist-20-20261004,17,0,fc1,max_abs,0.01942284032702446,1
lsa-inspired-late-mnist-20-20261004,17,0,fc1,sparsity,0.08826282664117271,1
lsa-inspired-late-mnist-20-20261004,17,0,fc1,skewness,-0.4504370891702114,1
lsa-inspired-late-mnist-20-20261004,17,0,fc1,kurtosis,43.99603980751525,1
lsa-inspired-late-mnist-20-20261004,17,0,output,mean,2.0654764599525012e-10,1
lsa-inspired-late-mnist-20-20261004,17,0,output,std,0.006323818466383022,1
lsa-inspired-late-mnist-20-20261004,17,0,output,median,-0.0003024814650416374,1
lsa-inspired-late-mnist-20-20261004,17,0,output,min,-0.012579470872879028,1
lsa-inspired-late-mnist-20-20261004,17,0,output,max,0.04665236547589302,1
lsa-inspired-late-mnist-20-20261004,17,0,output,l1,2.032560596097028,1
lsa-inspired-late-mnist-20-20261004,17,0,output,l2,0.1612263688025272,1
lsa-inspired-late-mnist-20-20261004,17,0,output,max_abs,0.04665236547589302,1
lsa-inspired-late-mnist-20-20261004,17,0,output,sparsity,0.06923076923076923,1
lsa-inspired-late-mnist-20-20261004,17,0,output,skewness,3.1885355197113707,1
lsa-inspired-late-mnist-20-20261004,17,0,output,kurtosis,13.735186372277902,1
lsa-inspired-late-mnist-20-20261004,17,1,conv1,mean,0.0010713342930102955,0
lsa-inspired-late-mnist-20-20261004,17,1,conv1,std,0.001747426553618769,0
lsa-inspired-late-mnist-20-20261004,17,1,conv1,median,0.00020302832126617432,0
lsa-inspired-late-mnist-20-20261004,17,1,conv1,min,-0.0006934255361557007,0
lsa-inspired-late-mnist-20-20261004,17,1,conv1,max,0.006834238767623901,0
lsa-inspired-late-mnist-20-20261004,17,1,conv1,l1,0.19123814901104197,0
lsa-inspired-late-mnist-20-20261004,17,1,conv1,l2,0.025926840849349424,0
lsa-inspired-late-mnist-20-20261004,17,1,conv1,max_abs,0.006834238767623901,0
lsa-inspired-late-mnist-20-20261004,17,1,conv1,sparsity,0.0,0
lsa-inspired-late-mnist-20-20261004,17,1,conv1,skewness,1.5224122756771454,0
lsa-inspired-late-mnist-20-20261004,17,1,conv1,kurtosis,1.2612609082535702,0
lsa-inspired-late-mnist-20-20261004,17,1,conv2,mean,9.602642030742949e-05,0
lsa-inspired-late-mnist-20-20261004,17,1,conv2,std,0.0004414016805415226,0
lsa-inspired-late-mnist-20-20261004,17,1,conv2,median,1.5342608094215393e-05,0
lsa-inspired-late-mnist-20-20261004,17,1,conv2,min,-0.0023215338587760925,0
lsa-inspired-late-mnist-20-20261004,17,1,conv2,max,0.003584548830986023,0
lsa-inspired-late-mnist-20-20261004,17,1,conv2,l1,1.0374918421075563,0
lsa-inspired-late-mnist-20-20261004,17,1,conv2,l2,0.030770476739826427,0
lsa-inspired-late-mnist-20-20261004,17,1,conv2,max_abs,0.003584548830986023,0
lsa-inspired-late-mnist-20-20261004,17,1,conv2,sparsity,0.0,0
lsa-inspired-late-mnist-20-20261004,17,1,conv2,skewness,2.4782995834044925,0
lsa-inspired-late-mnist-20-20261004,17,1,conv2,kurtosis,14.715138709344721,0
lsa-inspired-late-mnist-20-20261004,17,1,fc1,mean,4.913561546282516e-06,0
lsa-inspired-late-mnist-20-20261004,17,1,fc1,std,0.0002666009091265987,0
lsa-inspired-late-mnist-20-20261004,17,1,fc1,median,0.0,0
lsa-inspired-late-mnist-20-20261004,17,1,fc1,min,-0.003914118744432926,0
lsa-inspired-late-mnist-20-20261004,17,1,fc1,max,0.0038434360176324844,0
lsa-inspired-late-mnist-20-20261004,17,1,fc1,l1,12.864026474735056,0
lsa-inspired-late-mnist-20-20261004,17,1,fc1,l2,0.08449613282014053,0
lsa-inspired-late-mnist-20-20261004,17,1,fc1,max_abs,0.003914118744432926,0
lsa-inspired-late-mnist-20-20261004,17,1,fc1,sparsity,0.0932620299553856,0
lsa-inspired-late-mnist-20-20261004,17,1,fc1,skewness,0.05856998018097393,0
lsa-inspired-late-mnist-20-20261004,17,1,fc1,kurtosis,21.501622253881035,0
lsa-inspired-late-mnist-20-20261004,17,1,output,mean,5.057797982142522e-10,0
lsa-inspired-late-mnist-20-20261004,17,1,output,std,0.001706998633058564,0
lsa-inspired-late-mnist-20-20261004,17,1,output,median,-8.381903171539307e-09,0
lsa-inspired-late-mnist-20-20261004,17,1,output,min,-0.005399420391768217,0
lsa-inspired-late-mnist-20-20261004,17,1,output,max,0.00624576210975647,0
lsa-inspired-late-mnist-20-20261004,17,1,output,l1,0.7663884330540895,0
lsa-inspired-late-mnist-20-20261004,17,1,output,l2,0.04352009669821105,0
lsa-inspired-late-mnist-20-20261004,17,1,output,max_abs,0.00624576210975647,0
lsa-inspired-late-mnist-20-20261004,17,1,output,sparsity,0.07692307692307693,0
lsa-inspired-late-mnist-20-20261004,17,1,output,skewness,0.20762779771856416,0
lsa-inspired-late-mnist-20-20261004,17,1,output,kurtosis,1.3144609890863848,0
lsa-inspired-late-mnist-20-20261004,17,2,conv1,mean,0.0009607865013094852,0
lsa-inspired-late-mnist-20-20261004,17,2,conv1,std,0.0016409943599438215,0
lsa-inspired-late-mnist-20-20261004,17,2,conv1,median,0.00021551549434661865,0
lsa-inspired-late-mnist-20-20261004,17,2,conv1,min,-0.0006233006715774536,0
lsa-inspired-late-mnist-20-20261004,17,2,conv1,max,0.006197690963745117,0
lsa-inspired-late-mnist-20-20261004,17,2,conv1,l1,0.17701009003212675,0
lsa-inspired-late-mnist-20-20261004,17,2,conv1,l2,0.02405318503804751,0
lsa-inspired-late-mnist-20-20261004,17,2,conv1,max_abs,0.006197690963745117,0
lsa-inspired-late-mnist-20-20261004,17,2,conv1,sparsity,0.0,0
lsa-inspired-late-mnist-20-20261004,17,2,conv1,skewness,1.5643651128777516,0
lsa-inspired-late-mnist-20-20261004,17,2,conv1,kurtosis,1.4295093013674967,0
lsa-inspired-late-mnist-20-20261004,17,2,conv2,mean,7.070354552148462e-05,0
lsa-inspired-late-mnist-20-20261004,17,2,conv2,std,0.0004429089912210654,0
lsa-inspired-late-mnist-20-20261004,17,2,conv2,median,9.12696123123169e-06,0
lsa-inspired-late-mnist-20-20261004,17,2,conv2,min,-0.0029146745800971985,0
lsa-inspired-late-mnist-20-20261004,17,2,conv2,max,0.004061281681060791,0
lsa-inspired-late-mnist-20-20261004,17,2,conv2,l1,1.0352699639697676,0
lsa-inspired-late-mnist-20-20261004,17,2,conv2,l2,0.030551867006150292,0
lsa-inspired-late-mnist-20-20261004,17,2,conv2,max_abs,0.004061281681060791,0
lsa-inspired-late-mnist-20-20261004,17,2,conv2,sparsity,0.0,0
lsa-inspired-late-mnist-20-20261004,17,2,conv2,skewness,1.7941052000660298,0
lsa-inspired-late-mnist-20-20261004,17,2,conv2,kurtosis,16.369467876498106,0
lsa-inspired-late-mnist-20-20261004,17,2,fc1,mean,9.168884373933675e-06,0
lsa-inspired-late-mnist-20-20261004,17,2,fc1,std,0.0003338465276587573,0
lsa-inspired-late-mnist-20-20261004,17,2,fc1,median,0.0,0
lsa-inspired-late-mnist-20-20261004,17,2,fc1,min,-0.007226806133985519,0
lsa-inspired-late-mnist-20-20261004,17,2,fc1,max,0.005782581865787506,0
lsa-inspired-late-mnist-20-20261004,17,2,fc1,l1,15.350886263783423,0
lsa-inspired-late-mnist-20-20261004,17,2,fc1,l2,0.10583079361506702,0
lsa-inspired-late-mnist-20-20261004,17,2,fc1,max_abs,0.007226806133985519,0
lsa-inspired-late-mnist-20-20261004,17,2,fc1,sparsity,0.10389778521351178,0
lsa-inspired-late-mnist-20-20261004,17,2,fc1,skewness,-0.2007083859626807,0
lsa-inspired-late-mnist-20-20261004,17,2,fc1,kurtosis,28.567007783850553,0
lsa-inspired-late-mnist-20-20261004,17,2,output,mean,9.653516686879671e-11,0
lsa-inspired-late-mnist-20-20261004,17,2,output,std,0.0019801127602979496,0
lsa-inspired-late-mnist-20-20261004,17,2,output,median,-7.450580596923828e-09,0
lsa-inspired-late-mnist-20-20261004,17,2,output,min,-0.005932062864303589,0
lsa-inspired-late-mnist-20-20261004,17,2,output,max,0.007864266633987427,0
lsa-inspired-late-mnist-20-20261004,17,2,output,l1,0.9015039243968204,0
lsa-inspired-late-mnist-20-20261004,17,2,output,l2,0.05048316801936665,0
lsa-inspired-late-mnist-20-20261004,17,2,output,max_abs,0.007864266633987427,0
lsa-inspired-late-mnist-20-20261004,17,2,output,sparsity,0.08,0
lsa-inspired-late-mnist-20-20261004,17,2,output,skewness,0.21285521851153757,0
lsa-inspired-late-mnist-20-20261004,17,2,output,kurtosis,1.2522826587654006,0
lsa-inspired-late-mnist-20-20261004,17,3,conv1,mean,0.0010214544254267821,0
lsa-inspired-late-mnist-20-20261004,17,3,conv1,std,0.0016325750677896969,0
lsa-inspired-late-mnist-20-20261004,17,3,conv1,median,0.00020512565970420837,0
lsa-inspired-late-mnist-20-20261004,17,3,conv1,min,-0.0005114004015922546,0
lsa-inspired-late-mnist-20-20261004,17,3,conv1,max,0.006235033273696899,0
lsa-inspired-late-mnist-20-20261004,17,3,conv1,l1,0.17992097506066784,0
lsa-inspired-late-mnist-20-20261004,17,3,conv1,l2,0.02435954185182469,0
lsa-inspired-late-mnist-20-20261004,17,3,conv1,max_abs,0.006235033273696899,0
lsa-inspired-late-mnist-20-20261004,17,3,conv1,sparsity,0.0,0
lsa-inspired-late-mnist-20-20261004,17,3,conv1,skewness,1.5413098173848436,0
lsa-inspired-late-mnist-20-20261004,17,3,conv1,kurtosis,1.3574413463882458,0
lsa-inspired-late-mnist-20-20261004,17,3,conv2,mean,7.735552027780018e-05,0
lsa-inspired-late-mnist-20-20261004,17,3,conv2,std,0.0004396292412168941,0
lsa-inspired-late-mnist-20-20261004,17,3,conv2,median,6.385147571563721e-06,0
lsa-inspired-late-mnist-20-20261004,17,3,conv2,min,-0.002808012068271637,0
lsa-inspired-late-mnist-20-20261004,17,3,conv2,max,0.003901660442352295,0
lsa-inspired-late-mnist-20-20261004,17,3,conv2,l1,1.0381273333950958,0
lsa-inspired-late-mnist-20-20261004,17,3,conv2,l2,0.03040651151647975,0
lsa-inspired-late-mnist-20-20261004,17,3,conv2,max_abs,0.003901660442352295,0
lsa-inspired-late-mnist-20-20261004,17,3,conv2,sparsity,0.0,0
lsa-inspired-late-mnist-20-20261004,17,3,conv2,skewness,2.015892076209041,0
lsa-inspired-late-mnist-20-20261004,17,3,conv2,kurtosis,13.924656013721101,0
lsa-inspired-late-mnist-20-20261004,17,3,fc1,mean,-2.161481513310203e-06,0
lsa-inspired-late-mnist-20-20261004,17,3,fc1,std,0.00026244600629592293,0
lsa-inspired-late-mnist-20-20261004,17,3,fc1,median,0.0,0
lsa-inspired-late-mnist-20-20261004,17,3,fc1,min,-0.005661202594637871,0
lsa-inspired-late-mnist-20-20261004,17,3,fc1,max,0.004305368289351463,0
lsa-inspired-late-mnist-20-20261004,17,3,fc1,l1,12.275125713373654,0
lsa-inspired-late-mnist-20-20261004,17,3,fc1,l2,0.08316798046629467,0
lsa-inspired-late-mnist-20-20261004,17,3,fc1,max_abs,0.005661202594637871,0
lsa-inspired-late-mnist-20-20261004,17,3,fc1,sparsity,0.09440726577437858,0
lsa-inspired-late-mnist-20-20261004,17,3,fc1,skewness,-0.9049183238813231,0
lsa-inspired-late-mnist-20-20261004,17,3,fc1,kurtosis,31.038078835527678,0
lsa-inspired-late-mnist-20-20261004,17,3,output,mean,-1.1079604379259623e-10,0
lsa-inspired-late-mnist-20-20261004,17,3,output,std,0.0015862348348313518,0
lsa-inspired-late-mnist-20-20261004,17,3,output,median,-7.450580596923828e-09,0
lsa-inspired-late-mnist-20-20261004,17,3,output,min,-0.00638231635093689,0
lsa-inspired-late-mnist-20-20261004,17,3,output,max,0.004956558346748352,0
lsa-inspired-late-mnist-20-20261004,17,3,output,l1,0.7132813419011654,0
lsa-inspired-late-mnist-20-20261004,17,3,output,l2,0.04044121187972855,0
lsa-inspired-late-mnist-20-20261004,17,3,output,max_abs,0.00638231635093689,0
lsa-inspired-late-mnist-20-20261004,17,3,output,sparsity,0.07076923076923076,0
lsa-inspired-late-mnist-20-20261004,17,3,output,skewness,-0.14508693229342162,0
lsa-inspired-late-mnist-20-20261004,17,3,output,kurtosis,1.517892521687843,0
lsa-inspired-late-mnist-20-20261004,17,4,conv1,mean,0.0011187317864823853,0
lsa-inspired-late-mnist-20-20261004,17,4,conv1,std,0.0018239371242325347,0
lsa-inspired-late-mnist-20-20261004,17,4,conv1,median,0.00019225850701332092,0
lsa-inspired-late-mnist-20-20261004,17,4,conv1,min,-0.0007607638835906982,0
lsa-inspired-late-mnist-20-20261004,17,4,conv1,max,0.007164716720581055,0
lsa-inspired-late-mnist-20-20261004,17,4,conv1,l1,0.19625067670131102,0
lsa-inspired-late-mnist-20-20261004,17,4,conv1,l2,0.02706527647962154,0
lsa-inspired-late-mnist-20-20261004,17,4,conv1,max_abs,0.007164716720581055,0
lsa-inspired-late-mnist-20-20261004,17,4,conv1,sparsity,0.0,0
lsa-inspired-late-mnist-20-20261004,17,4,conv1,skewness,1.5615958474498473,0
lsa-inspired-late-mnist-20-20261004,17,4,conv1,kurtosis,1.368364894410652,0
lsa-inspired-late-mnist-20-20261004,17,4,conv2,mean,7.620485521760327e-05,0
lsa-inspired-late-mnist-20-20261004,17,4,conv2,std,0.00047298279826673103,0
lsa-inspired-late-mnist-20-20261004,17,4,conv2,median,3.680586814880371e-06,0
lsa-inspired-late-mnist-20-20261004,17,4,conv2,min,-0.0025063157081604004,0
lsa-inspired-late-mnist-20-20261004,17,4,conv2,max,0.005139179527759552,0
lsa-inspired-late-mnist-20-20261004,17,4,conv2,l1,1.0666842276714306,0
lsa-inspired-late-mnist-20-20261004,17,4,conv2,l2,0.03263391442051395,0
lsa-inspired-late-mnist-20-20261004,17,4,conv2,max_abs,0.005139179527759552,0
lsa-inspired-late-mnist-20-20261004,17,4,conv2,sparsity,0.0,0
lsa-inspired-late-mnist-20-20261004,17,4,conv2,skewness,3.0760529361745372,0
lsa-inspired-late-mnist-20-20261004,17,4,conv2,kurtosis,21.35278850242581,0
lsa-inspired-late-mnist-20-20261004,17,4,fc1,mean,5.280316760067939e-06,0
lsa-inspired-late-mnist-20-20261004,17,4,fc1,std,0.0003176551212667499,0
lsa-inspired-late-mnist-20-20261004,17,4,fc1,median,0.0,0
lsa-inspired-late-mnist-20-20261004,17,4,fc1,min,-0.0055506881326437,0
lsa-inspired-late-mnist-20-20261004,17,4,fc1,max,0.006049314513802528,0
lsa-inspired-late-mnist-20-20261004,17,4,fc1,l1,14.394628380714266,0
lsa-inspired-late-mnist-20-20261004,17,4,fc1,l2,0.10067399747133245,0
lsa-inspired-late-mnist-20-20261004,17,4,fc1,max_abs,0.006049314513802528,0
lsa-inspired-late-mnist-20-20261004,17,4,fc1,sparsity,0.1116256373486297,0
lsa-inspired-late-mnist-20-20261004,17,4,fc1,skewness,0.07146180822118452,0
lsa-inspired-late-mnist-20-20261004,17,4,fc1,kurtosis,34.114223539241394,0
lsa-inspired-late-mnist-20-20261004,17,4,output,mean,-3.286941836659725e-10,0
lsa-inspired-late-mnist-20-20261004,17,4,output,std,0.0019790328751798244,0
lsa-inspired-late-mnist-20-20261004,17,4,output,median,0.0,0
lsa-inspired-late-mnist-20-20261004,17,4,output,min,-0.006081689149141312,0
lsa-inspired-late-mnist-20-20261004,17,4,output,max,0.00583311915397644,0
lsa-inspired-late-mnist-20-20261004,17,4,output,l1,0.9344152586127166,0
lsa-inspired-late-mnist-20-20261004,17,4,output,l2,0.05045563624291848,0
lsa-inspired-late-mnist-20-20261004,17,4,output,max_abs,0.006081689149141312,0
lsa-inspired-late-mnist-20-20261004,17,4,output,sparsity,0.09384615384615384,0
lsa-inspired-late-mnist-20-20261004,17,4,output,skewness,0.03252818766892999,0
lsa-inspired-late-mnist-20-20261004,17,4,output,kurtosis,0.4664980454300909,0
lsa-inspired-late-mnist-20-20261004,18,0,conv1,mean,0.000889617158100009,1
lsa-inspired-late-mnist-20-20261004,18,0,conv1,std,0.0014687968847889453,1
lsa-inspired-late-mnist-20-20261004,18,0,conv1,median,0.0001786947250366211,1
lsa-inspired-late-mnist-20-20261004,18,0,conv1,min,-0.0006176680326461792,1
lsa-inspired-late-mnist-20-20261004,18,0,conv1,max,0.005680859088897705,1
lsa-inspired-late-mnist-20-20261004,18,0,conv1,l1,0.16152415703982115,1
lsa-inspired-late-mnist-20-20261004,18,0,conv1,l2,0.021721079077252663,1
lsa-inspired-late-mnist-20-20261004,18,0,conv1,max_abs,0.005680859088897705,1
lsa-inspired-late-mnist-20-20261004,18,0,conv1,sparsity,0.0,1
lsa-inspired-late-mnist-20-20261004,18,0,conv1,skewness,1.53625631097726,1
lsa-inspired-late-mnist-20-20261004,18,0,conv1,kurtosis,1.3477061672689379,1
lsa-inspired-late-mnist-20-20261004,18,0,conv2,mean,4.4068395367628846e-05,1
lsa-inspired-late-mnist-20-20261004,18,0,conv2,std,0.0003919465382450929,1
lsa-inspired-late-mnist-20-20261004,18,0,conv2,median,1.5832483768463135e-06,1
lsa-inspired-late-mnist-20-20261004,18,0,conv2,min,-0.0026888102293014526,1
lsa-inspired-late-mnist-20-20261004,18,0,conv2,max,0.0032154470682144165,1
lsa-inspired-late-mnist-20-20261004,18,0,conv2,l1,0.9261258890473982,1
lsa-inspired-late-mnist-20-20261004,18,0,conv2,l2,0.026866661145933567,1
lsa-inspired-late-mnist-20-20261004,18,0,conv2,max_abs,0.0032154470682144165,1
lsa-inspired-late-mnist-20-20261004,18,0,conv2,sparsity,0.0,1
lsa-inspired-late-mnist-20-20261004,18,0,conv2,skewness,1.6223828287591482,1
lsa-inspired-late-mnist-20-20261004,18,0,conv2,kurtosis,14.569265640115457,1
lsa-inspired-late-mnist-20-20261004,18,0,fc1,mean,-0.00010238532187662535,1
lsa-inspired-late-mnist-20-20261004,18,0,fc1,std,0.0009493785040589981,1
lsa-inspired-late-mnist-20-20261004,18,0,fc1,median,-3.754161298274994e-06,1
lsa-inspired-late-mnist-20-20261004,18,0,fc1,min,-0.015250775963068008,1
lsa-inspired-late-mnist-20-20261004,18,0,fc1,max,0.01523728296160698,1
lsa-inspired-late-mnist-20-20261004,18,0,fc1,l1,38.804011003476035,1
lsa-inspired-late-mnist-20-20261004,18,0,fc1,l2,0.30258806910801983,1
lsa-inspired-late-mnist-20-20261004,18,0,fc1,max_abs,0.015250775963068008,1
lsa-inspired-late-mnist-20-20261004,18,0,fc1,sparsity,0.089736695347355,1
lsa-inspired-late-mnist-20-20261004,18,0,fc1,skewness,-0.6127141772359485,1
lsa-inspired-late-mnist-20-20261004,18,0,fc1,kurtosis,41.920985066399325,1
lsa-inspired-late-mnist-20-20261004,18,0,output,mean,1.372805295082239e-10,1
lsa-inspired-late-mnist-20-20261004,18,0,output,std,0.005620102489979356,1
lsa-inspired-late-mnist-20-20261004,18,0,output,median,-0.0001649893820285797,1
lsa-inspired-late-mnist-20-20261004,18,0,output,min,-0.01142670214176178,1
lsa-inspired-late-mnist-20-20261004,18,0,output,max,0.04169667512178421,1
lsa-inspired-late-mnist-20-20261004,18,0,output,l1,1.8057099175057374,1
lsa-inspired-late-mnist-20-20261004,18,0,output,l2,0.14328506132398072,1
lsa-inspired-late-mnist-20-20261004,18,0,output,max_abs,0.04169667512178421,1
lsa-inspired-late-mnist-20-20261004,18,0,output,sparsity,0.06923076923076923,1
lsa-inspired-late-mnist-20-20261004,18,0,output,skewness,3.2726007820251946,1
lsa-inspired-late-mnist-20-20261004,18,0,output,kurtosis,14.657875210331966,1
lsa-inspired-late-mnist-20-20261004,18,1,conv1,mean,0.0009119641668803524,0
lsa-inspired-late-mnist-20-20261004,18,1,conv1,std,0.0015115038999251428,0
lsa-inspired-late-mnist-20-20261004,18,1,conv1,median,0.00020548701286315918,0
lsa-inspired-late-mnist-20-20261004,18,1,conv1,min,-0.0007206946611404419,0
lsa-inspired-late-mnist-20-20261004,18,1,conv1,max,0.005957514047622681,0
lsa-inspired-late-mnist-20-20261004,18,1,conv1,l1,0.1670299890683964,0
lsa-inspired-late-mnist-20-20261004,18,1,conv1,l2,0.022329613274439632,0
lsa-inspired-late-mnist-20-20261004,18,1,conv1,max_abs,0.005957514047622681,0
lsa-inspired-late-mnist-20-20261004,18,1,conv1,sparsity,0.0,0
lsa-inspired-late-mnist-20-20261004,18,1,conv1,skewness,1.5355910643151036,0
lsa-inspired-late-mnist-20-20261004,18,1,conv1,kurtosis,1.389318378935993,0
lsa-inspired-late-mnist-20-20261004,18,1,conv2,mean,6.241529001570221e-05,0
lsa-inspired-late-mnist-20-20261004,18,1,conv2,std,0.00040584456355704753,0
lsa-inspired-late-mnist-20-20261004,18,1,conv2,median,8.166767656803131e-06,0
lsa-inspired-late-mnist-20-20261004,18,1,conv2,min,-0.002307809889316559,0
lsa-inspired-late-mnist-20-20261004,18,1,conv2,max,0.0032164156436920166,0
lsa-inspired-late-mnist-20-20261004,18,1,conv2,l1,0.9744086349564895,0
lsa-inspired-late-mnist-20-20261004,18,1,conv2,l2,0.02797015228474835,0
lsa-inspired-late-mnist-20-20261004,18,1,conv2,max_abs,0.0032164156436920166,0
lsa-inspired-late-mnist-20-20261004,18,1,conv2,sparsity,0.0,0
lsa-inspired-late-mnist-20-20261004,18,1,conv2,skewness,1.8774157655835628,0
lsa-inspired-late-mnist-20-20261004,18,1,conv2,kurtosis,13.162573274490555,0
lsa-inspired-late-mnist-20-20261004,18,1,fc1,mean,3.935877304073188e-06,0
lsa-inspired-late-mnist-20-20261004,18,1,fc1,std,0.00030848543728413544,0
lsa-inspired-late-mnist-20-20261004,18,1,fc1,median,0.0,0
lsa-inspired-late-mnist-20-20261004,18,1,fc1,min,-0.005028288811445236,0
lsa-inspired-late-mnist-20-20261004,18,1,fc1,max,0.004329357296228409,0
lsa-inspired-late-mnist-20-20261004,18,1,fc1,l1,14.372817561707166,0
lsa-inspired-late-mnist-20-20261004,18,1,fc1,l2,0.09776231368585064,0
lsa-inspired-late-mnist-20-20261004,18,1,fc1,max_abs,0.005028288811445236,0
lsa-inspired-late-mnist-20-20261004,18,1,fc1,sparsity,0.10442558954748248,0
lsa-inspired-late-mnist-20-20261004,18,1,fc1,skewness,-0.531040773134831,0
lsa-inspired-late-mnist-20-20261004,18,1,fc1,kurtosis,25.986435091183747,0
lsa-inspired-late-mnist-20-20261004,18,1,output,mean,2.681134411921868e-10,0
lsa-inspired-late-mnist-20-20261004,18,1,output,std,0.001957297253255063,0
lsa-inspired-late-mnist-20-20261004,18,1,output,median,0.0,0
lsa-inspired-late-mnist-20-20261004,18,1,output,min,-0.007363051176071167,0
lsa-inspired-late-mnist-20-20261004,18,1,output,max,0.0066459327936172485,0
lsa-inspired-late-mnist-20-20261004,18,1,output,l1,0.8406592594692484,0
lsa-inspired-late-mnist-20-20261004,18,1,output,l2,0.0499014844412461,0
lsa-inspired-late-mnist-20-20261004,18,1,output,max_abs,0.007363051176071167,0
lsa-inspired-late-mnist-20-20261004,18,1,output,sparsity,0.08923076923076922,0
lsa-inspired-late-mnist-20-20261004,18,1,output,skewness,-0.2871432524666995,0
lsa-inspired-late-mnist-20-20261004,18,1,output,kurtosis,2.0766733767744574,0
lsa-inspired-late-mnist-20-20261004,18,2,conv1,mean,0.0008098195030470379,0
lsa-inspired-late-mnist-20-20261004,18,2,conv1,std,0.001404392387022052,0
lsa-inspired-late-mnist-20-20261004,18,2,conv1,median,0.00018247216939926147,0
lsa-inspired-late-mnist-20-20261004,18,2,conv1,min,-0.0007204338908195496,0
lsa-inspired-late-mnist-20-20261004,18,2,conv1,max,0.005289256572723389,0
lsa-inspired-late-mnist-20-20261004,18,2,conv1,l1,0.1533094511833042,0
lsa-inspired-late-mnist-20-20261004,18,2,conv1,l2,0.020506099011721752,0
lsa-inspired-late-mnist-20-20261004,18,2,conv1,max_abs,0.005289256572723389,0
lsa-inspired-late-mnist-20-20261004,18,2,conv1,sparsity,0.0,0
lsa-inspired-late-mnist-20-20261004,18,2,conv1,skewness,1.5563706875488317,0
lsa-inspired-late-mnist-20-20261004,18,2,conv1,kurtosis,1.4840218117424646,0
lsa-inspired-late-mnist-20-20261004,18,2,conv2,mean,2.957439667484166e-05,0
lsa-inspired-late-mnist-20-20261004,18,2,conv2,std,0.00040963905122691,0
lsa-inspired-late-mnist-20-20261004,18,2,conv2,median,-1.1874362826347351e-07,0
lsa-inspired-late-mnist-20-20261004,18,2,conv2,min,-0.002909548580646515,0
lsa-inspired-late-mnist-20-20261004,18,2,conv2,max,0.0036032795906066895,0
lsa-inspired-late-mnist-20-20261004,18,2,conv2,l1,0.9820238492648059,0
lsa-inspired-late-mnist-20-20261004,18,2,conv2,l2,0.02797623311208041,0
lsa-inspired-late-mnist-20-20261004,18,2,conv2,max_abs,0.0036032795906066895,0
lsa-inspired-late-mnist-20-20261004,18,2,conv2,sparsity,0.00021551724137931034,0
lsa-inspired-late-mnist-20-20261004,18,2,conv2,skewness,0.9438511561842097,0
lsa-inspired-late-mnist-20-20261004,18,2,conv2,kurtosis,14.728796774269568,0
lsa-inspired-late-mnist-20-20261004,18,2,fc1,mean,5.288480604958181e-06,0
lsa-inspired-late-mnist-20-20261004,18,2,fc1,std,0.0003596153747329286,0
lsa-inspired-late-mnist-20-20261004,18,2,fc1,median,0.0,0
lsa-inspired-late-mnist-20-20261004,18,2,fc1,min,-0.007976576685905457,0
lsa-inspired-late-mnist-20-20261004,18,2,fc1,max,0.005864731967449188,0
lsa-inspired-late-mnist-20-20261004,18,2,fc1,l1,16.318533370288606,0
lsa-inspired-late-mnist-20-20261004,18,2,fc1,l2,0.11396898117655645,0
lsa-inspired-late-mnist-20-20261004,18,2,fc1,max_abs,0.007976576685905457,0
lsa-inspired-late-mnist-20-20261004,18,2,fc1,sparsity,0.10343969088591459,0
lsa-inspired-late-mnist-20-20261004,18,2,fc1,skewness,-0.4256138094529471,0
lsa-inspired-late-mnist-20-20261004,18,2,fc1,kurtosis,30.705722246021864,0
lsa-inspired-late-mnist-20-20261004,18,2,output,mean,1.8689136665600997e-10,0
lsa-inspired-late-mnist-20-20261004,18,2,output,std,0.0020785795023203105,0
lsa-inspired-late-mnist-20-20261004,18,2,output,median,0.0,0
lsa-inspired-late-mnist-20-20261004,18,2,output,min,-0.008241221308708191,0
lsa-inspired-late-mnist-20-20261004,18,2,output,max,0.007692575454711914,0
lsa-inspired-late-mnist-20-20261004,18,2,output,l1,0.9290106001426466,0
lsa-inspired-late-mnist-20-20261004,18,2,output,l2,0.05299358721442642,0
lsa-inspired-late-mnist-20-20261004,18,2,output,max_abs,0.008241221308708191,0
lsa-inspired-late-mnist-20-20261004,18,2,output,sparsity,0.08153846153846153,0
lsa-inspired-late-mnist-20-20261004,18,2,output,skewness,-0.428627105837292,0
lsa-inspired-late-mnist-20-20261004,18,2,output,kurtosis,1.8523226908316328,0
lsa-inspired-late-mnist-20-20261004,18,3,conv1,mean,0.0008713902352610603,0
lsa-inspired-late-mnist-20-20261004,18,3,conv1,std,0.0014107044916789866,0
lsa-inspired-late-mnist-20-20261004,18,3,conv1,median,0.00018453970551490784,0
lsa-inspired-late-mnist-20-20261004,18,3,conv1,min,-0.0005747973918914795,0
lsa-inspired-late-mnist-20-20261004,18,3,conv1,max,0.0052931904792785645,0
lsa-inspired-late-mnist-20-20261004,18,3,conv1,l1,0.15645564207807183,0
lsa-inspired-late-mnist-20-20261004,18,3,conv1,l2,0.02097391944278072,0
lsa-inspired-late-mnist-20-20261004,18,3,conv1,max_abs,0.0052931904792785645,0
lsa-inspired-late-mnist-20-20261004,18,3,conv1,sparsity,0.0,0
lsa-inspired-late-mnist-20-20261004,18,3,conv1,skewness,1.5500646510047404,0
lsa-inspired-late-mnist-20-20261004,18,3,conv1,kurtosis,1.4501963600900911,0
lsa-inspired-late-mnist-20-20261004,18,3,conv2,mean,4.1557197052247046e-05,0
lsa-inspired-late-mnist-20-20261004,18,3,conv2,std,0.0004025181095897058,0
lsa-inspired-late-mnist-20-20261004,18,3,conv2,median,4.225876182317734e-08,0
lsa-inspired-late-mnist-20-20261004,18,3,conv2,min,-0.0030429810285568237,0
lsa-inspired-late-mnist-20-20261004,18,3,conv2,max,0.0032058656215667725,0
lsa-inspired-late-mnist-20-20261004,18,3,conv2,l1,0.9768322322015592,0
lsa-inspired-late-mnist-20-20261004,18,3,conv2,l2,0.027564287173255993,0
lsa-inspired-late-mnist-20-20261004,18,3,conv2,max_abs,0.0032058656215667725,0
lsa-inspired-late-mnist-20-20261004,18,3,conv2,sparsity,0.0,0
lsa-inspired-late-mnist-20-20261004,18,3,conv2,skewness,1.128159766566825,0
lsa-inspired-late-mnist-20-20261004,18,3,conv2,kurtosis,13.055851762735514,0
lsa-inspired-late-mnist-20-20261004,18,3,fc1,mean,-2.4323580719108576e-06,0
lsa-inspired-late-mnist-20-20261004,18,3,fc1,std,0.0002852096817056058,0
lsa-inspired-late-mnist-20-20261004,18,3,fc1,median,0.0,0
lsa-inspired-late-mnist-20-20261004,18,3,fc1,min,-0.0057014599442481995,0
lsa-inspired-late-mnist-20-20261004,18,3,fc1,max,0.004152543842792511,0
lsa-inspired-late-mnist-20-20261004,18,3,fc1,l1,13.143538115535193,0
lsa-inspired-late-mnist-20-20261004,18,3,fc1,l2,0.09038191019039443,0
lsa-inspired-late-mnist-20-20261004,18,3,fc1,max_abs,0.0057014599442481995,0
lsa-inspired-late-mnist-20-20261004,18,3,fc1,sparsity,0.10483389101338432,0
lsa-inspired-late-mnist-20-20261004,18,3,fc1,skewness,-1.1381160236125838,0
lsa-inspired-late-mnist-20-20261004,18,3,fc1,kurtosis,30.527284224499986,0
lsa-inspired-late-mnist-20-20261004,18,3,output,mean,-4.9521286900226884e-11,0
lsa-inspired-late-mnist-20-20261004,18,3,output,std,0.001658401729051575,0
lsa-inspired-late-mnist-20-20261004,18,3,output,median,0.0,0
lsa-inspired-late-mnist-20-20261004,18,3,output,min,-0.006430216133594513,0
lsa-inspired-late-mnist-20-20261004,18,3,output,max,0.005586400628089905,0
lsa-inspired-late-mnist-20-20261004,18,3,output,l1,0.7456938266404904,0
lsa-inspired-late-mnist-20-20261004,18,3,output,l2,0.042281113889049995,0
lsa-inspired-late-mnist-20-20261004,18,3,output,max_abs,0.006430216133594513,0
lsa-inspired-late-mnist-20-20261004,18,3,output,sparsity,0.0876923076923077,0
lsa-inspired-late-mnist-20-20261004,18,3,output,skewness,0.037271462821535796,0
lsa-inspired-late-mnist-20-20261004,18,3,output,kurtosis,1.4224431888612452,0
lsa-inspired-late-mnist-20-20261004,18,4,conv1,mean,0.0009652983208070509,0
lsa-inspired-late-mnist-20-20261004,18,4,conv1,std,0.001591259360094969,0
lsa-inspired-late-mnist-20-20261004,18,4,conv1,median,0.00019074976444244385,0
lsa-inspired-late-mnist-20-20261004,18,4,conv1,min,-0.0007530897855758667,0
lsa-inspired-late-mnist-20-20261004,18,4,conv1,max,0.0061834752559661865,0
lsa-inspired-late-mnist-20-20261004,18,4,conv1,l1,0.1725302862469107,0
lsa-inspired-late-mnist-20-20261004,18,4,conv1,l2,0.023541986999377134,0
lsa-inspired-late-mnist-20-20261004,18,4,conv1,max_abs,0.0061834752559661865,0
lsa-inspired-late-mnist-20-20261004,18,4,conv1,sparsity,0.0,0
lsa-inspired-late-mnist-20-20261004,18,4,conv1,skewness,1.559760143793493,0
lsa-inspired-late-mnist-20-20261004,18,4,conv1,kurtosis,1.4024861333494894,0
lsa-inspired-late-mnist-20-20261004,18,4,conv2,mean,4.272671971279876e-05,0
lsa-inspired-late-mnist-20-20261004,18,4,conv2,std,0.000435319323814968,0
lsa-inspired-late-mnist-20-20261004,18,4,conv2,median,-2.115964889526367e-06,0
lsa-inspired-late-mnist-20-20261004,18,4,conv2,min,-0.002531290054321289,0
lsa-inspired-late-mnist-20-20261004,18,4,conv2,max,0.004434138536453247,0
lsa-inspired-late-mnist-20-20261004,18,4,conv2,l1,1.01367231326185,0
lsa-inspired-late-mnist-20-20261004,18,4,conv2,l2,0.029795371725581738,0
lsa-inspired-late-mnist-20-20261004,18,4,conv2,max_abs,0.004434138536453247,0
lsa-inspired-late-mnist-20-20261004,18,4,conv2,sparsity,0.0,0
lsa-inspired-late-mnist-20-20261004,18,4,conv2,skewness,2.481211618906322,0
lsa-inspired-late-mnist-20-20261004,18,4,conv2,kurtosis,18.425013682454406,0
lsa-inspired-late-mnist-20-20261004,18,4,fc1,mean,5.282924056551603e-06,0
lsa-inspired-late-mnist-20-20261004,18,4,fc1,std,0.00034937892272612014,0
lsa-inspired-late-mnist-20-20261004,18,4,fc1,median,0.0,0
lsa-inspired-late-mnist-20-20261004,18,4,fc1,min,-0.006481511518359184,0
lsa-inspired-late-mnist-20-20261004,18,4,fc1,max,0.006349528208374977,0
lsa-inspired-late-mnist-20-20261004,18,4,fc1,l1,15.481317945041155,0
lsa-inspired-late-mnist-20-20261004,18,4,fc1,l2,0.11072553908747883,0
lsa-inspired-late-mnist-20-20261004,18,4,fc1,max_abs,0.006481511518359184,0
lsa-inspired-late-mnist-20-20261004,18,4,fc1,sparsity,0.1064372211599745,0
lsa-inspired-late-mnist-20-20261004,18,4,fc1,skewness,-0.2561945932029252,0
lsa-inspired-late-mnist-20-20261004,18,4,fc1,kurtosis,36.65886430564632,0
lsa-inspired-late-mnist-20-20261004,18,4,output,mean,3.1629147437902596e-10,0
lsa-inspired-late-mnist-20-20261004,18,4,output,std,0.0020384542213133924,0
lsa-inspired-late-mnist-20-20261004,18,4,output,median,0.0,0
lsa-inspired-late-mnist-20-20261004,18,4,output,min,-0.007348395884037018,0
lsa-inspired-late-mnist-20-20261004,18,4,output,max,0.005859124939888716,0
lsa-inspired-late-mnist-20-20261004,18,4,output,l1,0.94034060719423,0
lsa-inspired-late-mnist-20-20261004,18,4,output,l2,0.05197058926021348,0
lsa-inspired-late-mnist-20-20261004,18,4,output,max_abs,0.007348395884037018,0
lsa-inspired-late-mnist-20-20261004,18,4,output,sparsity,0.08307692307692308,0
lsa-inspired-late-mnist-20-20261004,18,4,output,skewness,-0.36841082378111334,0
lsa-inspired-late-mnist-20-20261004,18,4,output,kurtosis,0.8431913307705221,0
lsa-inspired-late-mnist-20-20261004,19,0,conv1,mean,0.000839290796284331,1
lsa-inspired-late-mnist-20-20261004,19,0,conv1,std,0.0013843517174362712,1
lsa-inspired-late-mnist-20-20261004,19,0,conv1,median,0.00016289204359054565,1
lsa-inspired-late-mnist-20-20261004,19,0,conv1,min,-0.000558704137802124,1
lsa-inspired-late-mnist-20-20261004,19,0,conv1,max,0.00536230206489563,1
lsa-inspired-late-mnist-20-20261004,19,0,conv1,l1,0.15209366485942155,1
lsa-inspired-late-mnist-20-20261004,19,0,conv1,l2,0.020477651108645602,1
lsa-inspired-late-mnist-20-20261004,19,0,conv1,max_abs,0.00536230206489563,1
lsa-inspired-late-mnist-20-20261004,19,0,conv1,sparsity,0.0,1
lsa-inspired-late-mnist-20-20261004,19,0,conv1,skewness,1.5476809272812704,1
lsa-inspired-late-mnist-20-20261004,19,0,conv1,kurtosis,1.4026716481471597,1
lsa-inspired-late-mnist-20-20261004,19,0,conv2,mean,4.553093408974056e-05,1
lsa-inspired-late-mnist-20-20261004,19,0,conv2,std,0.00036858448969079457,1
lsa-inspired-late-mnist-20-20261004,19,0,conv2,median,2.1061860024929047e-06,1
lsa-inspired-late-mnist-20-20261004,19,0,conv2,min,-0.0025387778878211975,1
lsa-inspired-late-mnist-20-20261004,19,0,conv2,max,0.0031255632638931274,1
lsa-inspired-late-mnist-20-20261004,19,0,conv2,l1,0.8704159243497998,1
lsa-inspired-late-mnist-20-20261004,19,0,conv2,l2,0.025297905582847047,1
lsa-inspired-late-mnist-20-20261004,19,0,conv2,max_abs,0.0031255632638931274,1
lsa-inspired-late-mnist-20-20261004,19,0,conv2,sparsity,0.0,1
lsa-inspired-late-mnist-20-20261004,19,0,conv2,skewness,1.5869534970338328,1
lsa-inspired-late-mnist-20-20261004,19,0,conv2,kurtosis,14.33959673038352,1
lsa-inspired-late-mnist-20-20261004,19,0,fc1,mean,-0.0001135600804172858,1
lsa-inspired-late-mnist-20-20261004,19,0,fc1,std,0.0007577202215848657,1
lsa-inspired-late-mnist-20-20261004,19,0,fc1,median,-5.02588227391243e-06,1
lsa-inspired-late-mnist-20-20261004,19,0,fc1,min,-0.016736403107643127,1
lsa-inspired-late-mnist-20-20261004,19,0,fc1,max,0.0135020911693573,1
lsa-inspired-late-mnist-20-20261004,19,0,fc1,l1,30.367993873673868,1
lsa-inspired-late-mnist-20-20261004,19,0,fc1,l2,0.24279165864984334,1
lsa-inspired-late-mnist-20-20261004,19,0,fc1,max_abs,0.016736403107643127,1
lsa-inspired-late-mnist-20-20261004,19,0,fc1,sparsity,0.090164913957935,1
lsa-inspired-late-mnist-20-20261004,19,0,fc1,skewness,-2.0474708414032605,1
lsa-inspired-late-mnist-20-20261004,19,0,fc1,kurtosis,53.70828353275577,1
lsa-inspired-late-mnist-20-20261004,19,0,output,mean,2.2942773424662077e-10,1
lsa-inspired-late-mnist-20-20261004,19,0,output,std,0.004337313833484367,1
lsa-inspired-late-mnist-20-20261004,19,0,output,median,-9.896792471408844e-05,1
lsa-inspired-late-mnist-20-20261004,19,0,output,min,-0.010555610060691833,1
lsa-inspired-late-mnist-20-20261004,19,0,output,max,0.03568410128355026,1
lsa-inspired-late-mnist-20-20261004,19,0,output,l1,1.4017192813334987,1
lsa-inspired-late-mnist-20-20261004,19,0,output,l2,0.11058023936756371,1
lsa-inspired-late-mnist-20-20261004,19,0,output,max_abs,0.03568410128355026,1
lsa-inspired-late-mnist-20-20261004,19,0,output,sparsity,0.06615384615384616,1
lsa-inspired-late-mnist-20-20261004,19,0,output,skewness,3.553602933306195,1
lsa-inspired-late-mnist-20-20261004,19,0,output,kurtosis,18.422705041229314,1
lsa-inspired-late-mnist-20-20261004,19,1,conv1,mean,0.0008665812943945639,0
lsa-inspired-late-mnist-20-20261004,19,1,conv1,std,0.0014280089780286291,0
lsa-inspired-late-mnist-20-20261004,19,1,conv1,median,0.00020652450621128082,0
lsa-inspired-late-mnist-20-20261004,19,1,conv1,min,-0.0006459206342697144,0
lsa-inspired-late-mnist-20-20261004,19,1,conv1,max,0.005645751953125,0
lsa-inspired-late-mnist-20-20261004,19,1,conv1,l1,0.1581750123295933,0
lsa-inspired-late-mnist-20-20261004,19,1,conv1,l2,0.021128834444426613,0
lsa-inspired-late-mnist-20-20261004,19,1,conv1,max_abs,0.005645751953125,0
lsa-inspired-late-mnist-20-20261004,19,1,conv1,sparsity,0.0,0
lsa-inspired-late-mnist-20-20261004,19,1,conv1,skewness,1.5480213307033177,0
lsa-inspired-late-mnist-20-20261004,19,1,conv1,kurtosis,1.4527619408775312,0
lsa-inspired-late-mnist-20-20261004,19,1,conv2,mean,6.450566006606095e-05,0
lsa-inspired-late-mnist-20-20261004,19,1,conv2,std,0.0003848230622523323,0
lsa-inspired-late-mnist-20-20261004,19,1,conv2,median,9.20501770451665e-06,0
lsa-inspired-late-mnist-20-20261004,19,1,conv2,min,-0.0021763816475868225,0
lsa-inspired-late-mnist-20-20261004,19,1,conv2,max,0.003190457820892334,0
lsa-inspired-late-mnist-20-20261004,19,1,conv2,l1,0.9234586542879697,0
lsa-inspired-late-mnist-20-20261004,19,1,conv2,l2,0.026578918904222718,0
lsa-inspired-late-mnist-20-20261004,19,1,conv2,max_abs,0.003190457820892334,0
lsa-inspired-late-mnist-20-20261004,19,1,conv2,sparsity,0.0004310344827586207,0
lsa-inspired-late-mnist-20-20261004,19,1,conv2,skewness,1.8939084183598673,0
lsa-inspired-late-mnist-20-20261004,19,1,conv2,kurtosis,13.382769981018619,0
lsa-inspired-late-mnist-20-20261004,19,1,fc1,mean,7.2070876455480066e-06,0
lsa-inspired-late-mnist-20-20261004,19,1,fc1,std,0.000299740358832453,0
lsa-inspired-late-mnist-20-20261004,19,1,fc1,median,0.0,0
lsa-inspired-late-mnist-20-20261004,19,1,fc1,min,-0.004626445472240448,0
lsa-inspired-late-mnist-20-20261004,19,1,fc1,max,0.004187862388789654,0
lsa-inspired-late-mnist-20-20261004,19,1,fc1,l1,13.94602429931706,0
lsa-inspired-late-mnist-20-20261004,19,1,fc1,l2,0.09501062736379111,0
lsa-inspired-late-mnist-20-20261004,19,1,fc1,max_abs,0.004626445472240448,0
lsa-inspired-late-mnist-20-20261004,19,1,fc1,sparsity,0.09507449012109624,0
lsa-inspired-late-mnist-20-20261004,19,1,fc1,skewness,-0.2873134882217234,0
lsa-inspired-late-mnist-20-20261004,19,1,fc1,kurtosis,26.059974680347,0
lsa-inspired-late-mnist-20-20261004,19,1,output,mean,3.4736541028206165e-10,0
lsa-inspired-late-mnist-20-20261004,19,1,output,std,0.0018640934172241051,0
lsa-inspired-late-mnist-20-20261004,19,1,output,median,0.0,0
lsa-inspired-late-mnist-20-20261004,19,1,output,min,-0.007216423749923706,0
lsa-inspired-late-mnist-20-20261004,19,1,output,max,0.006355464458465576,0
lsa-inspired-late-mnist-20-20261004,19,1,output,l1,0.8060725234099664,0
lsa-inspired-late-mnist-20-20261004,19,1,output,l2,0.04752524354792867,0
lsa-inspired-late-mnist-20-20261004,19,1,output,max_abs,0.007216423749923706,0
lsa-inspired-late-mnist-20-20261004,19,1,output,sparsity,0.08307692307692308,0
lsa-inspired-late-mnist-20-20261004,19,1,output,skewness,-0.26495204603359485,0
lsa-inspired-late-mnist-20-20261004,19,1,output,kurtosis,1.9996654896116954,0
lsa-inspired-late-mnist-20-20261004,19,2,conv1,mean,0.0007613028777996078,0
lsa-inspired-late-mnist-20-20261004,19,2,conv1,std,0.001322201211822585,0
lsa-inspired-late-mnist-20-20261004,19,2,conv1,median,0.0001687183976173401,0
lsa-inspired-late-mnist-20-20261004,19,2,conv1,min,-0.000667378306388855,0
lsa-inspired-late-mnist-20-20261004,19,2,conv1,max,0.004985630512237549,0
lsa-inspired-late-mnist-20-20261004,19,2,conv1,l1,0.1440607332624495,0
lsa-inspired-late-mnist-20-20261004,19,2,conv1,l2,0.01929890407786339,0
lsa-inspired-late-mnist-20-20261004,19,2,conv1,max_abs,0.004985630512237549,0
lsa-inspired-late-mnist-20-20261004,19,2,conv1,sparsity,0.00625,0
lsa-inspired-late-mnist-20-20261004,19,2,conv1,skewness,1.5689505121230596,0
lsa-inspired-late-mnist-20-20261004,19,2,conv1,kurtosis,1.5550779113187216,0
lsa-inspired-late-mnist-20-20261004,19,2,conv2,mean,2.899784068208176e-05,0
lsa-inspired-late-mnist-20-20261004,19,2,conv2,std,0.0003867270956787688,0
lsa-inspired-late-mnist-20-20261004,19,2,conv2,median,-2.1443702280521393e-07,0
lsa-inspired-late-mnist-20-20261004,19,2,conv2,min,-0.0027624890208244324,0
lsa-inspired-late-mnist-20-20261004,19,2,conv2,max,0.0035133957862854004,0
lsa-inspired-late-mnist-20-20261004,19,2,conv2,l1,0.9297624843420635,0
lsa-inspired-late-mnist-20-20261004,19,2,conv2,l2,0.026416851947480526,0
lsa-inspired-late-mnist-20-20261004,19,2,conv2,max_abs,0.0035133957862854004,0
lsa-inspired-late-mnist-20-20261004,19,2,conv2,sparsity,0.0,0
lsa-inspired-late-mnist-20-20261004,19,2,conv2,skewness,0.9180338354185688,0
lsa-inspired-late-mnist-20-20261004,19,2,conv2,kurtosis,14.598192142438688,0
lsa-inspired-late-mnist-20-20261004,19,2,fc1,mean,5.832284888036396e-06,0
lsa-inspired-late-mnist-20-20261004,19,2,fc1,std,0.00034835571711290314,0
lsa-inspired-late-mnist-20-20261004,19,2,fc1,median,0.0,0
lsa-inspired-late-mnist-20-20261004,19,2,fc1,min,-0.00789649784564972,0
lsa-inspired-late-mnist-20-20261004,19,2,fc1,max,0.00587444007396698,0
lsa-inspired-late-mnist-20-20261004,19,2,fc1,l1,15.732358583320547,0
lsa-inspired-late-mnist-20-20261004,19,2,fc1,l2,0.11040411486553389,0
lsa-inspired-late-mnist-20-20261004,19,2,fc1,max_abs,0.00789649784564972,0
lsa-inspired-late-mnist-20-20261004,19,2,fc1,sparsity,0.10414674952198853,0
lsa-inspired-late-mnist-20-20261004,19,2,fc1,skewness,-0.45444626903680113,0
lsa-inspired-late-mnist-20-20261004,19,2,fc1,kurtosis,31.369041024217182,0
lsa-inspired-late-mnist-20-20261004,19,2,output,mean,8.576227208742728e-10,0
lsa-inspired-late-mnist-20-20261004,19,2,output,std,0.001944562542208756,0
lsa-inspired-late-mnist-20-20261004,19,2,output,median,0.0,0
lsa-inspired-late-mnist-20-20261004,19,2,output,min,-0.007998399436473846,0
lsa-inspired-late-mnist-20-20261004,19,2,output,max,0.007624581456184387,0
lsa-inspired-late-mnist-20-20261004,19,2,output,l1,0.8672524354769848,0
lsa-inspired-late-mnist-20-20261004,19,2,output,l2,0.049576811740625025,0
lsa-inspired-late-mnist-20-20261004,19,2,output,max_abs,0.007998399436473846,0
lsa-inspired-late-mnist-20-20261004,19,2,output,sparsity,0.08307692307692308,0
lsa-inspired-late-mnist-20-20261004,19,2,output,skewness,-0.4045170589453632,0
lsa-inspired-late-mnist-20-20261004,19,2,output,kurtosis,1.9701291227333986,0
lsa-inspired-late-mnist-20-20261004,19,3,conv1,mean,0.0008238610593252815,0
lsa-inspired-late-mnist-20-20261004,19,3,conv1,std,0.0013373437827512678,0
lsa-inspired-late-mnist-20-20261004,19,3,conv1,median,0.00016283616423606873,0
lsa-inspired-late-mnist-20-20261004,19,3,conv1,min,-0.0004973188042640686,0
lsa-inspired-late-mnist-20-20261004,19,3,conv1,max,0.004971295595169067,0
lsa-inspired-late-mnist-20-20261004,19,3,conv1,l1,0.14817872340790927,0
lsa-inspired-late-mnist-20-20261004,19,3,conv1,l2,0.019868509509617657,0
lsa-inspired-late-mnist-20-20261004,19,3,conv1,max_abs,0.004971295595169067,0
lsa-inspired-late-mnist-20-20261004,19,3,conv1,sparsity,0.0,0
lsa-inspired-late-mnist-20-20261004,19,3,conv1,skewness,1.5543735510521726,0
lsa-inspired-late-mnist-20-20261004,19,3,conv1,kurtosis,1.4707526465138097,0
lsa-inspired-late-mnist-20-20261004,19,3,conv2,mean,4.4428543152866165e-05,0
lsa-inspired-late-mnist-20-20261004,19,3,conv2,std,0.0003823645522897661,0
lsa-inspired-late-mnist-20-20261004,19,3,conv2,median,2.0135194063186646e-06,0
lsa-inspired-late-mnist-20-20261004,19,3,conv2,min,-0.0028983652591705322,0
lsa-inspired-late-mnist-20-20261004,19,3,conv2,max,0.003000512719154358,0
lsa-inspired-late-mnist-20-20261004,19,3,conv2,l1,0.9188956032230635,0
lsa-inspired-late-mnist-20-20261004,19,3,conv2,l2,0.02622096822785533,0
lsa-inspired-late-mnist-20-20261004,19,3,conv2,max_abs,0.003000512719154358,0
lsa-inspired-late-mnist-20-20261004,19,3,conv2,sparsity,0.0,0
lsa-inspired-late-mnist-20-20261004,19,3,conv2,skewness,1.075021241536033,0
lsa-inspired-late-mnist-20-20261004,19,3,conv2,kurtosis,13.244486444645375,0
lsa-inspired-late-mnist-20-20261004,19,3,fc1,mean,2.7597473997412827e-06,0
lsa-inspired-late-mnist-20-20261004,19,3,fc1,std,0.00027694197134315587,0
lsa-inspired-late-mnist-20-20261004,19,3,fc1,median,0.0,0
lsa-inspired-late-mnist-20-20261004,19,3,fc1,min,-0.0053981393575668335,0
lsa-inspired-late-mnist-20-20261004,19,3,fc1,max,0.0037710964679718018,0
lsa-inspired-late-mnist-20-20261004,19,3,fc1,l1,12.741288429946508,0
lsa-inspired-late-mnist-20-20261004,19,3,fc1,l2,0.08776306871310043,0
lsa-inspired-late-mnist-20-20261004,19,3,fc1,max_abs,0.0053981393575668335,0
lsa-inspired-late-mnist-20-20261004,19,3,fc1,sparsity,0.11536010197578075,0
lsa-inspired-late-mnist-20-20261004,19,3,fc1,skewness,-0.8918622084654021,0
lsa-inspired-late-mnist-20-20261004,19,3,fc1,kurtosis,30.3131144622957,0
lsa-inspired-late-mnist-20-20261004,19,3,output,mean,-3.3303737067259275e-10,0
lsa-inspired-late-mnist-20-20261004,19,3,output,std,0.0015709348557189987,0
lsa-inspired-late-mnist-20-20261004,19,3,output,median,0.0,0
lsa-inspired-late-mnist-20-20261004,19,3,output,min,-0.006505265831947327,0
lsa-inspired-late-mnist-20-20261004,19,3,output,max,0.005278587341308594,0
lsa-inspired-late-mnist-20-20261004,19,3,output,l1,0.706706797296647,0
lsa-inspired-late-mnist-20-20261004,19,3,output,l2,0.040051137419472096,0
lsa-inspired-late-mnist-20-20261004,19,3,output,max_abs,0.006505265831947327,0
lsa-inspired-late-mnist-20-20261004,19,3,output,sparsity,0.10153846153846154,0
lsa-inspired-late-mnist-20-20261004,19,3,output,skewness,-0.061768171872665964,0
lsa-inspired-late-mnist-20-20261004,19,3,output,kurtosis,1.5061274124199402,0
lsa-inspired-late-mnist-20-20261004,19,4,conv1,mean,0.0009054170215677005,0
lsa-inspired-late-mnist-20-20261004,19,4,conv1,std,0.0014932814464878013,0
lsa-inspired-late-mnist-20-20261004,19,4,conv1,median,0.00017735734581947327,0
lsa-inspired-late-mnist-20-20261004,19,4,conv1,min,-0.0006809979677200317,0
lsa-inspired-late-mnist-20-20261004,19,4,conv1,max,0.005846530199050903,0
lsa-inspired-late-mnist-20-20261004,19,4,conv1,l1,0.1613974404754117,0
lsa-inspired-late-mnist-20-20261004,19,4,conv1,l2,0.022089524979480118,0
lsa-inspired-late-mnist-20-20261004,19,4,conv1,max_abs,0.005846530199050903,0
lsa-inspired-late-mnist-20-20261004,19,4,conv1,sparsity,0.0,0
lsa-inspired-late-mnist-20-20261004,19,4,conv1,skewness,1.5807802685471977,0
lsa-inspired-late-mnist-20-20261004,19,4,conv1,kurtosis,1.49590677657456,0
lsa-inspired-late-mnist-20-20261004,19,4,conv2,mean,4.419176070533812e-05,0
lsa-inspired-late-mnist-20-20261004,19,4,conv2,std,0.00040757442821935186,0
lsa-inspired-late-mnist-20-20261004,19,4,conv2,median,-1.7415732145309448e-06,0
lsa-inspired-late-mnist-20-20261004,19,4,conv2,min,-0.0023655444383621216,0
lsa-inspired-late-mnist-20-20261004,19,4,conv2,max,0.004060328006744385,0
lsa-inspired-late-mnist-20-20261004,19,4,conv2,l1,0.952404873114574,0
lsa-inspired-late-mnist-20-20261004,19,4,conv2,l2,0.02792568698907732,0
lsa-inspired-late-mnist-20-20261004,19,4,conv2,max_abs,0.004060328006744385,0
lsa-inspired-late-mnist-20-20261004,19,4,conv2,sparsity,0.0,0
lsa-inspired-late-mnist-20-20261004,19,4,conv2,skewness,2.447279857086278,0
lsa-inspired-late-mnist-20-20261004,19,4,conv2,kurtosis,17.5623270399523,0
lsa-inspired-late-mnist-20-20261004,19,4,fc1,mean,1.0866578847639143e-05,0
lsa-inspired-late-mnist-20-20261004,19,4,fc1,std,0.00033259452759088056,0
lsa-inspired-late-mnist-20-20261004,19,4,fc1,median,0.0,0
lsa-inspired-late-mnist-20-20261004,19,4,fc1,min,-0.00645115040242672,0
lsa-inspired-late-mnist-20-20261004,19,4,fc1,max,0.005997970700263977,0
lsa-inspired-late-mnist-20-20261004,19,4,fc1,l1,14.743207988256472,0
lsa-inspired-late-mnist-20-20261004,19,4,fc1,l2,0.10545040022726374,0
lsa-inspired-late-mnist-20-20261004,19,4,fc1,max_abs,0.00645115040242672,0
lsa-inspired-late-mnist-20-20261004,19,4,fc1,sparsity,0.10624800828553219,0
lsa-inspired-late-mnist-20-20261004,19,4,fc1,skewness,0.03735124245518488,0
lsa-inspired-late-mnist-20-20261004,19,4,fc1,kurtosis,36.80083164370705,0
lsa-inspired-late-mnist-20-20261004,19,4,output,mean,2.3632310330867765e-10,0
lsa-inspired-late-mnist-20-20261004,19,4,output,std,0.0019135865953613807,0
lsa-inspired-late-mnist-20-20261004,19,4,output,median,0.0,0
lsa-inspired-late-mnist-20-20261004,19,4,output,min,-0.00752267986536026,0
lsa-inspired-late-mnist-20-20261004,19,4,output,max,0.0057222917675971985,0
lsa-inspired-late-mnist-20-20261004,19,4,output,l1,0.8828605563030578,0
lsa-inspired-late-mnist-20-20261004,19,4,output,l2,0.04878707695348668,0
lsa-inspired-late-mnist-20-20261004,19,4,output,max_abs,0.00752267986536026,0
lsa-inspired-late-mnist-20-20261004,19,4,output,sparsity,0.0876923076923077,0
lsa-inspired-late-mnist-20-20261004,19,4,output,skewness,-0.41341168738918443,0
lsa-inspired-late-mnist-20-20261004,19,4,output,kurtosis,0.9855422196694921,0
lsa-inspired-late-mnist-20-20261004,20,0,conv1,mean,0.0008241936280683149,1
lsa-inspired-late-mnist-20-20261004,20,0,conv1,std,0.0013534625766357471,1
lsa-inspired-late-mnist-20-20261004,20,0,conv1,median,0.00016132742166519165,1
lsa-inspired-late-mnist-20-20261004,20,0,conv1,min,-0.0005024969577789307,1
lsa-inspired-late-mnist-20-20261004,20,0,conv1,max,0.005252033472061157,1
lsa-inspired-late-mnist-20-20261004,20,0,conv1,l1,0.1475598531542346,1
lsa-inspired-late-mnist-20-20261004,20,0,conv1,l2,0.0200445746591017,1
lsa-inspired-late-mnist-20-20261004,20,0,conv1,max_abs,0.005252033472061157,1
lsa-inspired-late-mnist-20-20261004,20,0,conv1,sparsity,0.0,1
lsa-inspired-late-mnist-20-20261004,20,0,conv1,skewness,1.5640507634612586,1
lsa-inspired-late-mnist-20-20261004,20,0,conv1,kurtosis,1.4498428996911477,1
lsa-inspired-late-mnist-20-20261004,20,0,conv2,mean,5.7691511111788086e-05,1
lsa-inspired-late-mnist-20-20261004,20,0,conv2,std,0.00035053469185541394,1
lsa-inspired-late-mnist-20-20261004,20,0,conv2,median,6.012618541717529e-06,1
lsa-inspired-late-mnist-20-20261004,20,0,conv2,min,-0.0023460090160369873,1
lsa-inspired-late-mnist-20-20261004,20,0,conv2,max,0.0030024051666259766,1
lsa-inspired-late-mnist-20-20261004,20,0,conv2,l1,0.8170532065341831,1
lsa-inspired-late-mnist-20-20261004,20,0,conv2,l2,0.024198788527717386,1
lsa-inspired-late-mnist-20-20261004,20,0,conv2,max_abs,0.0030024051666259766,1
lsa-inspired-late-mnist-20-20261004,20,0,conv2,sparsity,0.0,1
lsa-inspired-late-mnist-20-20261004,20,0,conv2,skewness,1.8696739967444882,1
lsa-inspired-late-mnist-20-20261004,20,0,conv2,kurtosis,14.756515027780068,1
lsa-inspired-late-mnist-20-20261004,20,0,fc1,mean,-0.00011809139090670496,1
lsa-inspired-late-mnist-20-20261004,20,0,fc1,std,0.0007835614705472074,1
lsa-inspired-late-mnist-20-20261004,20,0,fc1,median,-5.736015737056732e-06,1
lsa-inspired-late-mnist-20-20261004,20,0,fc1,min,-0.01579064503312111,1
lsa-inspired-late-mnist-20-20261004,20,0,fc1,max,0.013525029644370079,1
lsa-inspired-late-mnist-20-20261004,20,0,fc1,l1,31.824123183518395,1
lsa-inspired-late-mnist-20-20261004,20,0,fc1,l2,0.2511028230856971,1
lsa-inspired-late-mnist-20-20261004,20,0,fc1,max_abs,0.01579064503312111,1
lsa-inspired-late-mnist-20-20261004,20,0,fc1,sparsity,0.09173836838750797,1
lsa-inspired-late-mnist-20-20261004,20,0,fc1,skewness,-1.8487077049830536,1
lsa-inspired-late-mnist-20-20261004,20,0,fc1,kurtosis,48.62168439605021,1
lsa-inspired-late-mnist-20-20261004,20,0,output,mean,-2.7671026495786814e-10,1
lsa-inspired-late-mnist-20-20261004,20,0,output,std,0.004491296553759745,1
lsa-inspired-late-mnist-20-20261004,20,0,output,median,-0.0001319571165367961,1
lsa-inspired-late-mnist-20-20261004,20,0,output,min,-0.010382398962974548,1
lsa-inspired-late-mnist-20-20261004,20,0,output,max,0.0374978668987751,1
lsa-inspired-late-mnist-20-20261004,20,0,output,l1,1.454559764941223,1
lsa-inspired-late-mnist-20-20261004,20,0,output,l2,0.11450604384476505,1
lsa-inspired-late-mnist-20-20261004,20,0,output,max_abs,0.0374978668987751,1
lsa-inspired-late-mnist-20-20261004,20,0,output,sparsity,0.06769230769230769,1
lsa-inspired-late-mnist-20-20261004,20,0,output,skewness,3.454652773028927,1
lsa-inspired-late-mnist-20-20261004,20,0,output,kurtosis,17.513475034710943,1
lsa-inspired-late-mnist-20-20261004,20,1,conv1,mean,0.0008384900851524435,0
lsa-inspired-late-mnist-20-20261004,20,1,conv1,std,0.0013790790609038562,0
lsa-inspired-late-mnist-20-20261004,20,1,conv1,median,0.00018822401762008667,0
lsa-inspired-late-mnist-20-20261004,20,1,conv1,min,-0.0005601346492767334,0
lsa-inspired-late-mnist-20-20261004,20,1,conv1,max,0.005487769842147827,0
lsa-inspired-late-mnist-20-20261004,20,1,conv1,l1,0.15118563477881253,0
lsa-inspired-late-mnist-20-20261004,20,1,conv1,l2,0.020415385097019022,0
lsa-inspired-late-mnist-20-20261004,20,1,conv1,max_abs,0.005487769842147827,0
lsa-inspired-late-mnist-20-20261004,20,1,conv1,sparsity,0.0,0
lsa-inspired-late-mnist-20-20261004,20,1,conv1,skewness,1.5672617855628472,0
lsa-inspired-late-mnist-20-20261004,20,1,conv1,kurtosis,1.50347657984058,0
lsa-inspired-late-mnist-20-20261004,20,1,conv2,mean,7.662875530607788e-05,0
lsa-inspired-late-mnist-20-20261004,20,1,conv2,std,0.0003623243861439664,0
lsa-inspired-late-mnist-20-20261004,20,1,conv2,median,1.2641772627830505e-05,0
lsa-inspired-late-mnist-20-20261004,20,1,conv2,min,-0.0019731149077415466,0
lsa-inspired-late-mnist-20-20261004,20,1,conv2,max,0.0029999464750289917,0
lsa-inspired-late-mnist-20-20261004,20,1,conv2,l1,0.8631709362598485,0
lsa-inspired-late-mnist-20-20261004,20,1,conv2,l2,0.025226579256320786,0
lsa-inspired-late-mnist-20-20261004,20,1,conv2,max_abs,0.0029999464750289917,0
lsa-inspired-late-mnist-20-20261004,20,1,conv2,sparsity,0.0,0
lsa-inspired-late-mnist-20-20261004,20,1,conv2,skewness,2.129666560599273,0
lsa-inspired-late-mnist-20-20261004,20,1,conv2,kurtosis,13.53048876071368,0
lsa-inspired-late-mnist-20-20261004,20,1,fc1,mean,1.2296900658373515e-05,0
lsa-inspired-late-mnist-20-20261004,20,1,fc1,std,0.00026496039148426955,0
lsa-inspired-late-mnist-20-20261004,20,1,fc1,median,0.0,0
lsa-inspired-late-mnist-20-20261004,20,1,fc1,min,-0.0039316825568675995,0
lsa-inspired-late-mnist-20-20261004,20,1,fc1,max,0.00415089400485158,0
lsa-inspired-late-mnist-20-20261004,20,1,fc1,l1,12.555183938034816,0
lsa-inspired-late-mnist-20-20261004,20,1,fc1,l2,0.08405230547000832,0
lsa-inspired-late-mnist-20-20261004,20,1,fc1,max_abs,0.00415089400485158,0
lsa-inspired-late-mnist-20-20261004,20,1,fc1,sparsity,0.09500478011472276,0
lsa-inspired-late-mnist-20-20261004,20,1,fc1,skewness,0.4061082360087091,0
lsa-inspired-late-mnist-20-20261004,20,1,fc1,kurtosis,24.05020806008017,0
lsa-inspired-late-mnist-20-20261004,20,1,output,mean,9.931122454313131e-11,0
lsa-inspired-late-mnist-20-20261004,20,1,output,std,0.001605571374866482,0
lsa-inspired-late-mnist-20-20261004,20,1,output,median,-7.450580596923828e-09,0
lsa-inspired-late-mnist-20-20261004,20,1,output,min,-0.00594562292098999,0
lsa-inspired-late-mnist-20-20261004,20,1,output,max,0.005590908229351044,0
lsa-inspired-late-mnist-20-20261004,20,1,output,l1,0.7140120595577173,0
lsa-inspired-late-mnist-20-20261004,20,1,output,l2,0.04093419885455102,0
lsa-inspired-late-mnist-20-20261004,20,1,output,max_abs,0.00594562292098999,0
lsa-inspired-late-mnist-20-20261004,20,1,output,sparsity,0.07692307692307693,0
lsa-inspired-late-mnist-20-20261004,20,1,output,skewness,-0.006490557018825478,0
lsa-inspired-late-mnist-20-20261004,20,1,output,kurtosis,1.5000437455656153,0
lsa-inspired-late-mnist-20-20261004,20,2,conv1,mean,0.0007436131607391871,0
lsa-inspired-late-mnist-20-20261004,20,2,conv1,std,0.0012928393213218101,0
lsa-inspired-late-mnist-20-20261004,20,2,conv1,median,0.0001426003873348236,0
lsa-inspired-late-mnist-20-20261004,20,2,conv1,min,-0.0005791634321212769,0
lsa-inspired-late-mnist-20-20261004,20,2,conv1,max,0.004883319139480591,0
lsa-inspired-late-mnist-20-20261004,20,2,conv1,l1,0.1394486257340759,0
lsa-inspired-late-mnist-20-20261004,20,2,conv1,l2,0.018865392839081247,0
lsa-inspired-late-mnist-20-20261004,20,2,conv1,max_abs,0.004883319139480591,0
lsa-inspired-late-mnist-20-20261004,20,2,conv1,sparsity,0.0,0
lsa-inspired-late-mnist-20-20261004,20,2,conv1,skewness,1.6044469404149202,0
lsa-inspired-late-mnist-20-20261004,20,2,conv1,kurtosis,1.6827680414205748,0
lsa-inspired-late-mnist-20-20261004,20,2,conv2,mean,4.23838748286565e-05,0
lsa-inspired-late-mnist-20-20261004,20,2,conv2,std,0.00036668993303521383,0
lsa-inspired-late-mnist-20-20261004,20,2,conv2,median,4.108063876628876e-06,0
lsa-inspired-late-mnist-20-20261004,20,2,conv2,min,-0.0025792494416236877,0
lsa-inspired-late-mnist-20-20261004,20,2,conv2,max,0.0034281164407730103,0
lsa-inspired-late-mnist-20-20261004,20,2,conv2,l1,0.8768540162600402,0
lsa-inspired-late-mnist-20-20261004,20,2,conv2,l2,0.025144316559289386,0
lsa-inspired-late-mnist-20-20261004,20,2,conv2,max_abs,0.0034281164407730103,0
lsa-inspired-late-mnist-20-20261004,20,2,conv2,sparsity,0.0,0
lsa-inspired-late-mnist-20-20261004,20,2,conv2,skewness,1.2013472376709282,0
lsa-inspired-late-mnist-20-20261004,20,2,conv2,kurtosis,14.778351485113134,0
lsa-inspired-late-mnist-20-20261004,20,2,fc1,mean,6.995667623160716e-06,0
lsa-inspired-late-mnist-20-20261004,20,2,fc1,std,0.0003185204239402537,0
lsa-inspired-late-mnist-20-20261004,20,2,fc1,median,0.0,0
lsa-inspired-late-mnist-20-20261004,20,2,fc1,min,-0.006983477622270584,0
lsa-inspired-late-mnist-20-20261004,20,2,fc1,max,0.005432546138763428,0
lsa-inspired-late-mnist-20-20261004,20,2,fc1,l1,14.455470579496023,0
lsa-inspired-late-mnist-20-20261004,20,2,fc1,l2,0.10095863375852318,0
lsa-inspired-late-mnist-20-20261004,20,2,fc1,max_abs,0.006983477622270584,0
lsa-inspired-late-mnist-20-20261004,20,2,fc1,sparsity,0.10442558954748248,0
lsa-inspired-late-mnist-20-20261004,20,2,fc1,skewness,-0.26226203756876815,0
lsa-inspired-late-mnist-20-20261004,20,2,fc1,kurtosis,30.568074749713354,0
lsa-inspired-late-mnist-20-20261004,20,2,output,mean,-2.441139748463264e-10,0
lsa-inspired-late-mnist-20-20261004,20,2,output,std,0.0017083082640903097,0
lsa-inspired-late-mnist-20-20261004,20,2,output,median,0.0,0
lsa-inspired-late-mnist-20-20261004,20,2,output,min,-0.006684914231300354,0
lsa-inspired-late-mnist-20-20261004,20,2,output,max,0.007355690002441406,0
lsa-inspired-late-mnist-20-20261004,20,2,output,l1,0.7696645464748144,0
lsa-inspired-late-mnist-20-20261004,20,2,output,l2,0.04355348586914197,0
lsa-inspired-late-mnist-20-20261004,20,2,output,max_abs,0.007355690002441406,0
lsa-inspired-late-mnist-20-20261004,20,2,output,sparsity,0.08153846153846153,0
lsa-inspired-late-mnist-20-20261004,20,2,output,skewness,0.0013544584937439385,0
lsa-inspired-late-mnist-20-20261004,20,2,output,kurtosis,1.5516770780368168,0
lsa-inspired-late-mnist-20-20261004,20,3,conv1,mean,0.0008239614267949946,0
lsa-inspired-late-mnist-20-20261004,20,3,conv1,std,0.001324474577323015,0
lsa-inspired-late-mnist-20-20261004,20,3,conv1,median,0.0001560710370540619,0
lsa-inspired-late-mnist-20-20261004,20,3,conv1,min,-0.00040796399116516113,0
lsa-inspired-late-mnist-20-20261004,20,3,conv1,max,0.004930227994918823,0
lsa-inspired-late-mnist-20-20261004,20,3,conv1,l1,0.14640417112968862,0
lsa-inspired-late-mnist-20-20261004,20,3,conv1,l2,0.01973076922502931,0
lsa-inspired-late-mnist-20-20261004,20,3,conv1,max_abs,0.004930227994918823,0
lsa-inspired-late-mnist-20-20261004,20,3,conv1,sparsity,0.0,0
lsa-inspired-late-mnist-20-20261004,20,3,conv1,skewness,1.55785280063188,0
lsa-inspired-late-mnist-20-20261004,20,3,conv1,kurtosis,1.4749787976025281,0
lsa-inspired-late-mnist-20-20261004,20,3,conv2,mean,5.768229716993338e-05,0
lsa-inspired-late-mnist-20-20261004,20,3,conv2,std,0.00037064578355818054,0
lsa-inspired-late-mnist-20-20261004,20,3,conv2,median,5.661742761731148e-06,0
lsa-inspired-late-mnist-20-20261004,20,3,conv2,min,-0.0026356354355812073,0
lsa-inspired-late-mnist-20-20261004,20,3,conv2,max,0.003039836883544922,0
lsa-inspired-late-mnist-20-20261004,20,3,conv2,l1,0.8779405460809357,0
lsa-inspired-late-mnist-20-20261004,20,3,conv2,l2,0.025551393806245434,0
lsa-inspired-late-mnist-20-20261004,20,3,conv2,max_abs,0.003039836883544922,0
lsa-inspired-late-mnist-20-20261004,20,3,conv2,sparsity,0.0,0
lsa-inspired-late-mnist-20-20261004,20,3,conv2,skewness,1.4044542154795292,0
lsa-inspired-late-mnist-20-20261004,20,3,conv2,kurtosis,13.22826159586144,0
lsa-inspired-late-mnist-20-20261004,20,3,fc1,mean,3.2011043538570294e-06,0
lsa-inspired-late-mnist-20-20261004,20,3,fc1,std,0.0002490673828151284,0
lsa-inspired-late-mnist-20-20261004,20,3,fc1,median,0.0,0
lsa-inspired-late-mnist-20-20261004,20,3,fc1,min,-0.004791857674717903,0
lsa-inspired-late-mnist-20-20261004,20,3,fc1,max,0.003392264246940613,0
lsa-inspired-late-mnist-20-20261004,20,3,fc1,l1,11.583618099998944,0
lsa-inspired-late-mnist-20-20261004,20,3,fc1,l2,0.07893219536652209,0
lsa-inspired-late-mnist-20-20261004,20,3,fc1,max_abs,0.004791857674717903,0
lsa-inspired-late-mnist-20-20261004,20,3,fc1,sparsity,0.11525055768005099,0
lsa-inspired-late-mnist-20-20261004,20,3,fc1,skewness,-0.6476723238502403,0
lsa-inspired-late-mnist-20-20261004,20,3,fc1,kurtosis,29.204445045774413,0
lsa-inspired-late-mnist-20-20261004,20,3,output,mean,-5.201078378237211e-10,0
lsa-inspired-late-mnist-20-20261004,20,3,output,std,0.001403377621621231,0
lsa-inspired-late-mnist-20-20261004,20,3,output,median,0.0,0
lsa-inspired-late-mnist-20-20261004,20,3,output,min,-0.0061122700572013855,0
lsa-inspired-late-mnist-20-20261004,20,3,output,max,0.005057889968156815,0
lsa-inspired-late-mnist-20-20261004,20,3,output,l1,0.6364885116927326,0
lsa-inspired-late-mnist-20-20261004,20,3,output,l2,0.03577924938793289,0
lsa-inspired-late-mnist-20-20261004,20,3,output,max_abs,0.0061122700572013855,0
lsa-inspired-late-mnist-20-20261004,20,3,output,sparsity,0.10153846153846154,0
lsa-inspired-late-mnist-20-20261004,20,3,output,skewness,-0.2118444837742905,0
lsa-inspired-late-mnist-20-20261004,20,3,output,kurtosis,1.5878665562860785,0
lsa-inspired-late-mnist-20-20261004,20,4,conv1,mean,0.0008907088820706121,0
lsa-inspired-late-mnist-20-20261004,20,4,conv1,std,0.0014613213744936748,0
lsa-inspired-late-mnist-20-20261004,20,4,conv1,median,0.0001507289707660675,0
lsa-inspired-late-mnist-20-20261004,20,4,conv1,min,-0.0006352514028549194,0
lsa-inspired-late-mnist-20-20261004,20,4,conv1,max,0.005732715129852295,0
lsa-inspired-late-mnist-20-20261004,20,4,conv1,l1,0.15715311071835458,0
lsa-inspired-late-mnist-20-20261004,20,4,conv1,l2,0.021647438544646572,0
lsa-inspired-late-mnist-20-20261004,20,4,conv1,max_abs,0.005732715129852295,0
lsa-inspired-late-mnist-20-20261004,20,4,conv1,sparsity,0.0,0
lsa-inspired-late-mnist-20-20261004,20,4,conv1,skewness,1.5924633093567278,0
lsa-inspired-late-mnist-20-20261004,20,4,conv1,kurtosis,1.5259803601634703,0
lsa-inspired-late-mnist-20-20261004,20,4,conv2,mean,5.407110774803155e-05,0
lsa-inspired-late-mnist-20-20261004,20,4,conv2,std,0.00039049872450302905,0
lsa-inspired-late-mnist-20-20261004,20,4,conv2,median,6.92903995513916e-07,0
lsa-inspired-late-mnist-20-20261004,20,4,conv2,min,-0.002208523452281952,0
lsa-inspired-late-mnist-20-20261004,20,4,conv2,max,0.003916904330253601,0
lsa-inspired-late-mnist-20-20261004,20,4,conv2,l1,0.8968547322838276,0
lsa-inspired-late-mnist-20-20261004,20,4,conv2,l2,0.026853603757905308,0
lsa-inspired-late-mnist-20-20261004,20,4,conv2,max_abs,0.003916904330253601,0
lsa-inspired-late-mnist-20-20261004,20,4,conv2,sparsity,0.0,0
lsa-inspired-late-mnist-20-20261004,20,4,conv2,skewness,2.6642947576875167,0
lsa-inspired-late-mnist-20-20261004,20,4,conv2,kurtosis,18.54308561121102,0
lsa-inspired-late-mnist-20-20261004,20,4,fc1,mean,1.3852019371939312e-05,0
lsa-inspired-late-mnist-20-20261004,20,4,fc1,std,0.00029875406941629366,0
lsa-inspired-late-mnist-20-20261004,20,4,fc1,median,0.0,0
lsa-inspired-late-mnist-20-20261004,20,4,fc1,min,-0.005556365475058556,0
lsa-inspired-late-mnist-20-20261004,20,4,fc1,max,0.005788641050457954,0
lsa-inspired-late-mnist-20-20261004,20,4,fc1,l1,13.387931332571952,0
lsa-inspired-late-mnist-20-20261004,20,4,fc1,l2,0.09477234156799096,0
lsa-inspired-late-mnist-20-20261004,20,4,fc1,max_abs,0.005788641050457954,0
lsa-inspired-late-mnist-20-20261004,20,4,fc1,sparsity,0.10561065965583175,0
lsa-inspired-late-mnist-20-20261004,20,4,fc1,skewness,0.7144874891725269,0
lsa-inspired-late-mnist-20-20261004,20,4,fc1,kurtosis,36.37031443520868,0
lsa-inspired-late-mnist-20-20261004,20,4,output,mean,-1.22952489898755e-10,0
lsa-inspired-late-mnist-20-20261004,20,4,output,std,0.0016997070624756479,0
lsa-inspired-late-mnist-20-20261004,20,4,output,median,0.0,0
lsa-inspired-late-mnist-20-20261004,20,4,output,min,-0.006546542048454285,0
lsa-inspired-late-mnist-20-20261004,20,4,output,max,0.0052266353741288185,0
lsa-inspired-late-mnist-20-20261004,20,4,output,l1,0.795230531541165,0
lsa-inspired-late-mnist-20-20261004,20,4,output,l2,0.04333419739477411,0
lsa-inspired-late-mnist-20-20261004,20,4,output,max_abs,0.006546542048454285,0
lsa-inspired-late-mnist-20-20261004,20,4,output,sparsity,0.08923076923076922,0
lsa-inspired-late-mnist-20-20261004,20,4,output,skewness,-0.21311687914712915,0
lsa-inspired-late-mnist-20-20261004,20,4,output,kurtosis,0.8052252937511177,0
