experiment_id,round,client_id,layer_name,feature_name,feature_value,ground_truth
tclad-downweight-bounded-seed42-20261004,1,0,conv1,mean,4.151941757299937e-05,0
tclad-downweight-bounded-seed42-20261004,1,0,conv1,std,0.00027914022261447166,0
tclad-downweight-bounded-seed42-20261004,1,0,conv1,median,4.201754927635193e-05,0
tclad-downweight-bounded-seed42-20261004,1,0,conv1,min,-0.0008986219763755798,0
tclad-downweight-bounded-seed42-20261004,1,0,conv1,max,0.0006838142871856689,0
tclad-downweight-bounded-seed42-20261004,1,0,conv1,l1,0.0360428603598848,0
tclad-downweight-bounded-seed42-20261004,1,0,conv1,l2,0.003569719897512585,0
tclad-downweight-bounded-seed42-20261004,1,0,conv1,max_abs,0.0008986219763755798,0
tclad-downweight-bounded-seed42-20261004,1,0,conv1,sparsity,0.0,0
tclad-downweight-bounded-seed42-20261004,1,0,conv1,skewness,-0.23052493097823007,0
tclad-downweight-bounded-seed42-20261004,1,0,conv1,kurtosis,0.02722703391171155,0
tclad-downweight-bounded-seed42-20261004,1,0,conv2,mean,-1.3647540874350445e-05,0
tclad-downweight-bounded-seed42-20261004,1,0,conv2,std,0.0002643862209839288,0
tclad-downweight-bounded-seed42-20261004,1,0,conv2,median,-3.3295946195721626e-06,0
tclad-downweight-bounded-seed42-20261004,1,0,conv2,min,-0.0018937662243843079,0
tclad-downweight-bounded-seed42-20261004,1,0,conv2,max,0.001486453227698803,0
tclad-downweight-bounded-seed42-20261004,1,0,conv2,l1,0.7745902568822203,0
tclad-downweight-bounded-seed42-20261004,1,0,conv2,l2,0.018033318262923512,0
tclad-downweight-bounded-seed42-20261004,1,0,conv2,max_abs,0.0018937662243843079,0
tclad-downweight-bounded-seed42-20261004,1,0,conv2,sparsity,0.0,0
tclad-downweight-bounded-seed42-20261004,1,0,conv2,skewness,-0.057841841301949706,0
tclad-downweight-bounded-seed42-20261004,1,0,conv2,kurtosis,6.19883485982222,0
tclad-downweight-bounded-seed42-20261004,1,0,fc1,mean,7.213677504298892e-07,0
tclad-downweight-bounded-seed42-20261004,1,0,fc1,std,0.00021164001470348154,0
tclad-downweight-bounded-seed42-20261004,1,0,fc1,median,0.0,0
tclad-downweight-bounded-seed42-20261004,1,0,fc1,min,-0.0033375322818756104,0
tclad-downweight-bounded-seed42-20261004,1,0,fc1,max,0.003186635673046112,0
tclad-downweight-bounded-seed42-20261004,1,0,fc1,l1,10.554920883585055,0
tclad-downweight-bounded-seed42-20261004,1,0,fc1,l2,0.0670659011588549,0
tclad-downweight-bounded-seed42-20261004,1,0,fc1,max_abs,0.0033375322818756104,0
tclad-downweight-bounded-seed42-20261004,1,0,fc1,sparsity,0.07050669216061185,0
tclad-downweight-bounded-seed42-20261004,1,0,fc1,skewness,-0.04178242982455223,0
tclad-downweight-bounded-seed42-20261004,1,0,fc1,kurtosis,23.609287214253502,0
tclad-downweight-bounded-seed42-20261004,1,0,output,mean,-1.1372881440015939e-10,0
tclad-downweight-bounded-seed42-20261004,1,0,output,std,0.0005533890100076923,0
tclad-downweight-bounded-seed42-20261004,1,0,output,median,-1.4808028936386108e-05,0
tclad-downweight-bounded-seed42-20261004,1,0,output,min,-0.004226048476994038,0
tclad-downweight-bounded-seed42-20261004,1,0,output,max,0.002539863809943199,0
tclad-downweight-bounded-seed42-20261004,1,0,output,l1,0.2203636891208589,0
tclad-downweight-bounded-seed42-20261004,1,0,output,l2,0.014108706803185378,0
tclad-downweight-bounded-seed42-20261004,1,0,output,max_abs,0.004226048476994038,0
tclad-downweight-bounded-seed42-20261004,1,0,output,sparsity,0.015384615384615385,0
tclad-downweight-bounded-seed42-20261004,1,0,output,skewness,-0.33203336684522716,0
tclad-downweight-bounded-seed42-20261004,1,0,output,kurtosis,9.8709137320078,0
tclad-downweight-bounded-seed42-20261004,1,1,conv1,mean,-8.055896614678204e-07,0
tclad-downweight-bounded-seed42-20261004,1,1,conv1,std,0.0002949839723382335,0
tclad-downweight-bounded-seed42-20261004,1,1,conv1,median,-5.334615707397461e-06,0
tclad-downweight-bounded-seed42-20261004,1,1,conv1,min,-0.001190289855003357,0
tclad-downweight-bounded-seed42-20261004,1,1,conv1,max,0.0006835758686065674,0
tclad-downweight-bounded-seed42-20261004,1,1,conv1,l1,0.03509795921854675,0
tclad-downweight-bounded-seed42-20261004,1,1,conv1,l2,0.003731298817541074,0
tclad-downweight-bounded-seed42-20261004,1,1,conv1,max_abs,0.001190289855003357,0
tclad-downweight-bounded-seed42-20261004,1,1,conv1,sparsity,0.0,0
tclad-downweight-bounded-seed42-20261004,1,1,conv1,skewness,-0.45513940150364596,0
tclad-downweight-bounded-seed42-20261004,1,1,conv1,kurtosis,1.1292712018373416,0
tclad-downweight-bounded-seed42-20261004,1,1,conv2,mean,-2.7316334545495355e-05,0
tclad-downweight-bounded-seed42-20261004,1,1,conv2,std,0.0002730370276184307,0
tclad-downweight-bounded-seed42-20261004,1,1,conv2,median,-7.764436304569244e-06,0
tclad-downweight-bounded-seed42-20261004,1,1,conv2,min,-0.001914922147989273,0
tclad-downweight-bounded-seed42-20261004,1,1,conv2,max,0.0013894103467464447,0
tclad-downweight-bounded-seed42-20261004,1,1,conv2,l1,0.790629804197124,0
tclad-downweight-bounded-seed42-20261004,1,1,conv2,l2,0.01869145951252631,0
tclad-downweight-bounded-seed42-20261004,1,1,conv2,max_abs,0.001914922147989273,0
tclad-downweight-bounded-seed42-20261004,1,1,conv2,sparsity,0.0010775862068965517,0
tclad-downweight-bounded-seed42-20261004,1,1,conv2,skewness,-0.7423884196329884,0
tclad-downweight-bounded-seed42-20261004,1,1,conv2,kurtosis,6.933389853563689,0
tclad-downweight-bounded-seed42-20261004,1,1,fc1,mean,-1.585303208761331e-05,0
tclad-downweight-bounded-seed42-20261004,1,1,fc1,std,0.00020182494031405245,0
tclad-downweight-bounded-seed42-20261004,1,1,fc1,median,-3.3527612686157227e-08,0
tclad-downweight-bounded-seed42-20261004,1,1,fc1,min,-0.00328721571713686,0
tclad-downweight-bounded-seed42-20261004,1,1,fc1,max,0.00281609408557415,0
tclad-downweight-bounded-seed42-20261004,1,1,fc1,l1,10.372035141087622,0
tclad-downweight-bounded-seed42-20261004,1,1,fc1,l2,0.06415225732568088,0
tclad-downweight-bounded-seed42-20261004,1,1,fc1,max_abs,0.00328721571713686,0
tclad-downweight-bounded-seed42-20261004,1,1,fc1,sparsity,0.07188097514340344,0
tclad-downweight-bounded-seed42-20261004,1,1,fc1,skewness,-0.6179254011299808,0
tclad-downweight-bounded-seed42-20261004,1,1,fc1,kurtosis,22.061189105155403,0
tclad-downweight-bounded-seed42-20261004,1,1,output,mean,-4.696910484479024e-11,0
tclad-downweight-bounded-seed42-20261004,1,1,output,std,0.0005855359837015951,0
tclad-downweight-bounded-seed42-20261004,1,1,output,median,-1.9069761037826538e-05,0
tclad-downweight-bounded-seed42-20261004,1,1,output,min,-0.004067808389663696,0
tclad-downweight-bounded-seed42-20261004,1,1,output,max,0.003130272962152958,0
tclad-downweight-bounded-seed42-20261004,1,1,output,l1,0.2213062328810338,0
tclad-downweight-bounded-seed42-20261004,1,1,output,l2,0.014928297034025949,0
tclad-downweight-bounded-seed42-20261004,1,1,output,max_abs,0.004067808389663696,0
tclad-downweight-bounded-seed42-20261004,1,1,output,sparsity,0.015384615384615385,0
tclad-downweight-bounded-seed42-20261004,1,1,output,skewness,0.7994850988575968,0
tclad-downweight-bounded-seed42-20261004,1,1,output,kurtosis,10.037406730674155,0
tclad-downweight-bounded-seed42-20261004,1,2,conv1,mean,2.3818090267013758e-05,0
tclad-downweight-bounded-seed42-20261004,1,2,conv1,std,0.00031637021673088016,0
tclad-downweight-bounded-seed42-20261004,1,2,conv1,median,2.1502375602722168e-05,0
tclad-downweight-bounded-seed42-20261004,1,2,conv1,min,-0.0007715299725532532,0
tclad-downweight-bounded-seed42-20261004,1,2,conv1,max,0.0009686648845672607,0
tclad-downweight-bounded-seed42-20261004,1,2,conv1,l1,0.038662457605823874,0
tclad-downweight-bounded-seed42-20261004,1,2,conv1,l2,0.004013126770154398,0
tclad-downweight-bounded-seed42-20261004,1,2,conv1,max_abs,0.0009686648845672607,0
tclad-downweight-bounded-seed42-20261004,1,2,conv1,sparsity,0.0,0
tclad-downweight-bounded-seed42-20261004,1,2,conv1,skewness,0.06228515505590396,0
tclad-downweight-bounded-seed42-20261004,1,2,conv1,kurtosis,0.7231752746903295,0
tclad-downweight-bounded-seed42-20261004,1,2,conv2,mean,-1.7638969481187562e-05,0
tclad-downweight-bounded-seed42-20261004,1,2,conv2,std,0.0002542640454454004,0
tclad-downweight-bounded-seed42-20261004,1,2,conv2,median,-3.5017728805541992e-06,0
tclad-downweight-bounded-seed42-20261004,1,2,conv2,min,-0.0018912442028522491,0
tclad-downweight-bounded-seed42-20261004,1,2,conv2,max,0.0013666749000549316,0
tclad-downweight-bounded-seed42-20261004,1,2,conv2,l1,0.7266025004209951,0
tclad-downweight-bounded-seed42-20261004,1,2,conv2,l2,0.017361469078245415,0
tclad-downweight-bounded-seed42-20261004,1,2,conv2,max_abs,0.0018912442028522491,0
tclad-downweight-bounded-seed42-20261004,1,2,conv2,sparsity,0.0,0
tclad-downweight-bounded-seed42-20261004,1,2,conv2,skewness,-0.5527870332222491,0
tclad-downweight-bounded-seed42-20261004,1,2,conv2,kurtosis,7.641638071916576,0
tclad-downweight-bounded-seed42-20261004,1,2,fc1,mean,-9.868122902346945e-06,0
tclad-downweight-bounded-seed42-20261004,1,2,fc1,std,0.00020348810536794827,0
tclad-downweight-bounded-seed42-20261004,1,2,fc1,median,0.0,0
tclad-downweight-bounded-seed42-20261004,1,2,fc1,min,-0.003322632983326912,0
tclad-downweight-bounded-seed42-20261004,1,2,fc1,max,0.002904338762164116,0
tclad-downweight-bounded-seed42-20261004,1,2,fc1,l1,10.128629579973222,0
tclad-downweight-bounded-seed42-20261004,1,2,fc1,l2,0.06455807369924894,0
tclad-downweight-bounded-seed42-20261004,1,2,fc1,max_abs,0.003322632983326912,0
tclad-downweight-bounded-seed42-20261004,1,2,fc1,sparsity,0.07152246653919694,0
tclad-downweight-bounded-seed42-20261004,1,2,fc1,skewness,-0.4204363838188252,0
tclad-downweight-bounded-seed42-20261004,1,2,fc1,kurtosis,24.17955154333067,0
tclad-downweight-bounded-seed42-20261004,1,2,output,mean,2.3224856704473497e-10,0
tclad-downweight-bounded-seed42-20261004,1,2,output,std,0.0005247936438559501,0
tclad-downweight-bounded-seed42-20261004,1,2,output,median,-8.955597877502441e-06,0
tclad-downweight-bounded-seed42-20261004,1,2,output,min,-0.0034222789108753204,0
tclad-downweight-bounded-seed42-20261004,1,2,output,max,0.0032806023955345154,0
tclad-downweight-bounded-seed42-20261004,1,2,output,l1,0.20497157881618477,0
tclad-downweight-bounded-seed42-20261004,1,2,output,l2,0.013379665153156067,0
tclad-downweight-bounded-seed42-20261004,1,2,output,max_abs,0.0034222789108753204,0
tclad-downweight-bounded-seed42-20261004,1,2,output,sparsity,0.015384615384615385,0
tclad-downweight-bounded-seed42-20261004,1,2,output,skewness,0.9196533977163629,0
tclad-downweight-bounded-seed42-20261004,1,2,output,kurtosis,9.339100983451917,0
tclad-downweight-bounded-seed42-20261004,1,3,conv1,mean,2.425586062599905e-05,0
tclad-downweight-bounded-seed42-20261004,1,3,conv1,std,0.00035180680790366646,0
tclad-downweight-bounded-seed42-20261004,1,3,conv1,median,2.218782901763916e-05,0
tclad-downweight-bounded-seed42-20261004,1,3,conv1,min,-0.0011418238282203674,0
tclad-downweight-bounded-seed42-20261004,1,3,conv1,max,0.001037880778312683,0
tclad-downweight-bounded-seed42-20261004,1,3,conv1,l1,0.04323259100783616,0
tclad-downweight-bounded-seed42-20261004,1,3,conv1,l2,0.004460607615329107,0
tclad-downweight-bounded-seed42-20261004,1,3,conv1,max_abs,0.0011418238282203674,0
tclad-downweight-bounded-seed42-20261004,1,3,conv1,sparsity,0.0,0
tclad-downweight-bounded-seed42-20261004,1,3,conv1,skewness,-0.16707594830375036,0
tclad-downweight-bounded-seed42-20261004,1,3,conv1,kurtosis,0.6790252888538157,0
tclad-downweight-bounded-seed42-20261004,1,3,conv2,mean,-3.119772510876044e-06,0
tclad-downweight-bounded-seed42-20261004,1,3,conv2,std,0.00028521172289894926,0
tclad-downweight-bounded-seed42-20261004,1,3,conv2,median,1.3150274753570557e-06,0
tclad-downweight-bounded-seed42-20261004,1,3,conv2,min,-0.002059768885374069,0
tclad-downweight-bounded-seed42-20261004,1,3,conv2,max,0.0016230624169111252,0
tclad-downweight-bounded-seed42-20261004,1,3,conv2,l1,0.8138502521760529,0
tclad-downweight-bounded-seed42-20261004,1,3,conv2,l2,0.019429084737787077,0
tclad-downweight-bounded-seed42-20261004,1,3,conv2,max_abs,0.002059768885374069,0
tclad-downweight-bounded-seed42-20261004,1,3,conv2,sparsity,0.0004310344827586207,0
tclad-downweight-bounded-seed42-20261004,1,3,conv2,skewness,-0.3373083727580279,0
tclad-downweight-bounded-seed42-20261004,1,3,conv2,kurtosis,6.739710429099587,0
tclad-downweight-bounded-seed42-20261004,1,3,fc1,mean,-1.0702770929699685e-05,0
tclad-downweight-bounded-seed42-20261004,1,3,fc1,std,0.00022547220846059267,0
tclad-downweight-bounded-seed42-20261004,1,3,fc1,median,0.0,0
tclad-downweight-bounded-seed42-20261004,1,3,fc1,min,-0.004460759460926056,0
tclad-downweight-bounded-seed42-20261004,1,3,fc1,max,0.003436736762523651,0
tclad-downweight-bounded-seed42-20261004,1,3,fc1,l1,11.172941725238445,0
tclad-downweight-bounded-seed42-20261004,1,3,fc1,l2,0.07152917413239178,0
tclad-downweight-bounded-seed42-20261004,1,3,fc1,max_abs,0.004460759460926056,0
tclad-downweight-bounded-seed42-20261004,1,3,fc1,sparsity,0.06973988209050351,0
tclad-downweight-bounded-seed42-20261004,1,3,fc1,skewness,-0.7127050578813999,0
tclad-downweight-bounded-seed42-20261004,1,3,fc1,kurtosis,27.747097781114462,0
tclad-downweight-bounded-seed42-20261004,1,3,output,mean,-5.587935447692871e-11,0
tclad-downweight-bounded-seed42-20261004,1,3,output,std,0.0006376014151706946,0
tclad-downweight-bounded-seed42-20261004,1,3,output,median,-1.54152512550354e-05,0
tclad-downweight-bounded-seed42-20261004,1,3,output,min,-0.0044699907302856445,0
tclad-downweight-bounded-seed42-20261004,1,3,output,max,0.004620589315891266,0
tclad-downweight-bounded-seed42-20261004,1,3,output,l1,0.23771252087317407,0
tclad-downweight-bounded-seed42-20261004,1,3,output,l2,0.016255710289248795,0
tclad-downweight-bounded-seed42-20261004,1,3,output,max_abs,0.004620589315891266,0
tclad-downweight-bounded-seed42-20261004,1,3,output,sparsity,0.015384615384615385,0
tclad-downweight-bounded-seed42-20261004,1,3,output,skewness,1.0724898932118978,0
tclad-downweight-bounded-seed42-20261004,1,3,output,kurtosis,13.901468599178322,0
tclad-downweight-bounded-seed42-20261004,1,4,conv1,mean,4.1149296885123475e-05,0
tclad-downweight-bounded-seed42-20261004,1,4,conv1,std,0.0003216528865647625,0
tclad-downweight-bounded-seed42-20261004,1,4,conv1,median,2.7254223823547363e-05,0
tclad-downweight-bounded-seed42-20261004,1,4,conv1,min,-0.0009411126375198364,0
tclad-downweight-bounded-seed42-20261004,1,4,conv1,max,0.0007703900337219238,0
tclad-downweight-bounded-seed42-20261004,1,4,conv1,l1,0.040983368060551584,0
tclad-downweight-bounded-seed42-20261004,1,4,conv1,l2,0.004101781936077713,0
tclad-downweight-bounded-seed42-20261004,1,4,conv1,max_abs,0.0009411126375198364,0
tclad-downweight-bounded-seed42-20261004,1,4,conv1,sparsity,0.0,0
tclad-downweight-bounded-seed42-20261004,1,4,conv1,skewness,-0.3362194321979605,0
tclad-downweight-bounded-seed42-20261004,1,4,conv1,kurtosis,-0.1272080246794185,0
tclad-downweight-bounded-seed42-20261004,1,4,conv2,mean,-3.0127175327167824e-05,0
tclad-downweight-bounded-seed42-20261004,1,4,conv2,std,0.00027884118608908473,0
tclad-downweight-bounded-seed42-20261004,1,4,conv2,median,-6.757676601409912e-06,0
tclad-downweight-bounded-seed42-20261004,1,4,conv2,min,-0.0016993694007396698,0
tclad-downweight-bounded-seed42-20261004,1,4,conv2,max,0.0016294419765472412,0
tclad-downweight-bounded-seed42-20261004,1,4,conv2,l1,0.8147833389293737,0
tclad-downweight-bounded-seed42-20261004,1,4,conv2,l2,0.01910451908352611,0
tclad-downweight-bounded-seed42-20261004,1,4,conv2,max_abs,0.0016993694007396698,0
tclad-downweight-bounded-seed42-20261004,1,4,conv2,sparsity,0.00021551724137931034,0
tclad-downweight-bounded-seed42-20261004,1,4,conv2,skewness,-0.5180403870435583,0
tclad-downweight-bounded-seed42-20261004,1,4,conv2,kurtosis,4.8977957484207995,0
tclad-downweight-bounded-seed42-20261004,1,4,fc1,mean,-1.4939423251076193e-05,0
tclad-downweight-bounded-seed42-20261004,1,4,fc1,std,0.00021938232239003338,0
tclad-downweight-bounded-seed42-20261004,1,4,fc1,median,0.0,0
tclad-downweight-bounded-seed42-20261004,1,4,fc1,min,-0.004616023972630501,0
tclad-downweight-bounded-seed42-20261004,1,4,fc1,max,0.0033089350908994675,0
tclad-downweight-bounded-seed42-20261004,1,4,fc1,l1,10.878039785283818,0
tclad-downweight-bounded-seed42-20261004,1,4,fc1,l2,0.06967993483755254,0
tclad-downweight-bounded-seed42-20261004,1,4,fc1,max_abs,0.004616023972630501,0
tclad-downweight-bounded-seed42-20261004,1,4,fc1,sparsity,0.06847514340344169,0
tclad-downweight-bounded-seed42-20261004,1,4,fc1,skewness,-0.7368360102072176,0
tclad-downweight-bounded-seed42-20261004,1,4,fc1,kurtosis,26.449595295491726,0
tclad-downweight-bounded-seed42-20261004,1,4,output,mean,-6.013299123598979e-11,0
tclad-downweight-bounded-seed42-20261004,1,4,output,std,0.0006654675201176899,0
tclad-downweight-bounded-seed42-20261004,1,4,output,median,-1.5556812286376953e-05,0
tclad-downweight-bounded-seed42-20261004,1,4,output,min,-0.0047114938497543335,0
tclad-downweight-bounded-seed42-20261004,1,4,output,max,0.006074748933315277,0
tclad-downweight-bounded-seed42-20261004,1,4,output,l1,0.24233111130888574,0
tclad-downweight-bounded-seed42-20261004,1,4,output,l2,0.016966159353711572,0
tclad-downweight-bounded-seed42-20261004,1,4,output,max_abs,0.006074748933315277,0
tclad-downweight-bounded-seed42-20261004,1,4,output,sparsity,0.015384615384615385,0
tclad-downweight-bounded-seed42-20261004,1,4,output,skewness,1.2134714642949742,0
tclad-downweight-bounded-seed42-20261004,1,4,output,kurtosis,19.051727729935045,0
tclad-downweight-bounded-seed42-20261004,2,0,conv1,mean,0.0002482299394614529,0
tclad-downweight-bounded-seed42-20261004,2,0,conv1,std,0.0005316779593328145,0
tclad-downweight-bounded-seed42-20261004,2,0,conv1,median,8.021295070648193e-05,0
tclad-downweight-bounded-seed42-20261004,2,0,conv1,min,-0.0006124228239059448,0
tclad-downweight-bounded-seed42-20261004,2,0,conv1,max,0.0020442306995391846,0
tclad-downweight-bounded-seed42-20261004,2,0,conv1,l1,0.0639718835009262,0
tclad-downweight-bounded-seed42-20261004,2,0,conv1,l2,0.0074221242812051325,0
tclad-downweight-bounded-seed42-20261004,2,0,conv1,max_abs,0.0020442306995391846,0
tclad-downweight-bounded-seed42-20261004,2,0,conv1,sparsity,0.0,0
tclad-downweight-bounded-seed42-20261004,2,0,conv1,skewness,1.1473758533453577,0
tclad-downweight-bounded-seed42-20261004,2,0,conv1,kurtosis,1.0377300546007193,0
tclad-downweight-bounded-seed42-20261004,2,0,conv2,mean,6.924365768437101e-05,0
tclad-downweight-bounded-seed42-20261004,2,0,conv2,std,0.00031588803942842386,0
tclad-downweight-bounded-seed42-20261004,2,0,conv2,median,1.7996877431869507e-05,0
tclad-downweight-bounded-seed42-20261004,2,0,conv2,min,-0.002051249146461487,0
tclad-downweight-bounded-seed42-20261004,2,0,conv2,max,0.00245850533246994,0
tclad-downweight-bounded-seed42-20261004,2,0,conv2,l1,0.8674854398977914,0
tclad-downweight-bounded-seed42-20261004,2,0,conv2,l2,0.022028411435852095,0
tclad-downweight-bounded-seed42-20261004,2,0,conv2,max_abs,0.00245850533246994,0
tclad-downweight-bounded-seed42-20261004,2,0,conv2,sparsity,0.0,0
tclad-downweight-bounded-seed42-20261004,2,0,conv2,skewness,1.513161221683747,0
tclad-downweight-bounded-seed42-20261004,2,0,conv2,kurtosis,9.883786576604736,0
tclad-downweight-bounded-seed42-20261004,2,0,fc1,mean,1.6486152468123492e-05,0
tclad-downweight-bounded-seed42-20261004,2,0,fc1,std,0.0002122265219338381,0
tclad-downweight-bounded-seed42-20261004,2,0,fc1,median,0.0,0
tclad-downweight-bounded-seed42-20261004,2,0,fc1,min,-0.0032896585762500763,0
tclad-downweight-bounded-seed42-20261004,2,0,fc1,max,0.003642796538770199,0
tclad-downweight-bounded-seed42-20261004,2,0,fc1,l1,10.337943302943359,0
tclad-downweight-bounded-seed42-20261004,2,0,fc1,l2,0.06745397489922374,0
tclad-downweight-bounded-seed42-20261004,2,0,fc1,max_abs,0.003642796538770199,0
tclad-downweight-bounded-seed42-20261004,2,0,fc1,sparsity,0.07283699808795412,0
tclad-downweight-bounded-seed42-20261004,2,0,fc1,skewness,0.9881270687124806,0
tclad-downweight-bounded-seed42-20261004,2,0,fc1,kurtosis,26.066247069314464,0
tclad-downweight-bounded-seed42-20261004,2,0,output,mean,2.518600712601955e-10,0
tclad-downweight-bounded-seed42-20261004,2,0,output,std,0.0005743589417048672,0
tclad-downweight-bounded-seed42-20261004,2,0,output,median,-9.68296080827713e-06,0
tclad-downweight-bounded-seed42-20261004,2,0,output,min,-0.0036627687513828278,0
tclad-downweight-bounded-seed42-20261004,2,0,output,max,0.0024367626756429672,0
tclad-downweight-bounded-seed42-20261004,2,0,output,l1,0.2373730771651026,0
tclad-downweight-bounded-seed42-20261004,2,0,output,l2,0.014643337257799502,0
tclad-downweight-bounded-seed42-20261004,2,0,output,max_abs,0.0036627687513828278,0
tclad-downweight-bounded-seed42-20261004,2,0,output,sparsity,0.015384615384615385,0
tclad-downweight-bounded-seed42-20261004,2,0,output,skewness,-0.0244138595700954,0
tclad-downweight-bounded-seed42-20261004,2,0,output,kurtosis,5.9153593669042515,0
tclad-downweight-bounded-seed42-20261004,2,1,conv1,mean,0.00020098243912798354,0
tclad-downweight-bounded-seed42-20261004,2,1,conv1,std,0.0004774751629040395,0
tclad-downweight-bounded-seed42-20261004,2,1,conv1,median,7.718056440353394e-05,0
tclad-downweight-bounded-seed42-20261004,2,1,conv1,min,-0.0006769970059394836,0
tclad-downweight-bounded-seed42-20261004,2,1,conv1,max,0.001779705286026001,0
tclad-downweight-bounded-seed42-20261004,2,1,conv1,l1,0.05743084300775081,0
tclad-downweight-bounded-seed42-20261004,2,1,conv1,l2,0.006552879941254198,0
tclad-downweight-bounded-seed42-20261004,2,1,conv1,max_abs,0.001779705286026001,0
tclad-downweight-bounded-seed42-20261004,2,1,conv1,sparsity,0.0,0
tclad-downweight-bounded-seed42-20261004,2,1,conv1,skewness,0.9972435392479785,0
tclad-downweight-bounded-seed42-20261004,2,1,conv1,kurtosis,0.882212639805863,0
tclad-downweight-bounded-seed42-20261004,2,1,conv2,mean,5.5743697886367136e-05,0
tclad-downweight-bounded-seed42-20261004,2,1,conv2,std,0.00029439157247907756,0
tclad-downweight-bounded-seed42-20261004,2,1,conv2,median,1.6781501471996307e-05,0
tclad-downweight-bounded-seed42-20261004,2,1,conv2,min,-0.001614842563867569,0
tclad-downweight-bounded-seed42-20261004,2,1,conv2,max,0.002137412317097187,0
tclad-downweight-bounded-seed42-20261004,2,1,conv2,l1,0.8217460419309646,0
tclad-downweight-bounded-seed42-20261004,2,1,conv2,l2,0.02040956237148368,0
tclad-downweight-bounded-seed42-20261004,2,1,conv2,max_abs,0.002137412317097187,0
tclad-downweight-bounded-seed42-20261004,2,1,conv2,sparsity,0.0010775862068965517,0
tclad-downweight-bounded-seed42-20261004,2,1,conv2,skewness,1.3870744601451563,0
tclad-downweight-bounded-seed42-20261004,2,1,conv2,kurtosis,8.809318215581463,0
tclad-downweight-bounded-seed42-20261004,2,1,fc1,mean,7.0322461586369655e-06,0
tclad-downweight-bounded-seed42-20261004,2,1,fc1,std,0.00020045598733660523,0
tclad-downweight-bounded-seed42-20261004,2,1,fc1,median,0.0,0
tclad-downweight-bounded-seed42-20261004,2,1,fc1,min,-0.0032981298863887787,0
tclad-downweight-bounded-seed42-20261004,2,1,fc1,max,0.00326504185795784,0
tclad-downweight-bounded-seed42-20261004,2,1,fc1,l1,9.925161105426469,0
tclad-downweight-bounded-seed42-20261004,2,1,fc1,l2,0.0635605386189927,0
tclad-downweight-bounded-seed42-20261004,2,1,fc1,max_abs,0.0032981298863887787,0
tclad-downweight-bounded-seed42-20261004,2,1,fc1,sparsity,0.0738826481835564,0
tclad-downweight-bounded-seed42-20261004,2,1,fc1,skewness,0.48119585167378237,0
tclad-downweight-bounded-seed42-20261004,2,1,fc1,kurtosis,24.567745965681052,0
tclad-downweight-bounded-seed42-20261004,2,1,output,mean,-2.71919326713452e-10,0
tclad-downweight-bounded-seed42-20261004,2,1,output,std,0.0005935639867708804,0
tclad-downweight-bounded-seed42-20261004,2,1,output,median,-1.1408701539039612e-05,0
tclad-downweight-bounded-seed42-20261004,2,1,output,min,-0.003856666386127472,0
tclad-downweight-bounded-seed42-20261004,2,1,output,max,0.0030685365200042725,0
tclad-downweight-bounded-seed42-20261004,2,1,output,l1,0.23508756040246226,0
tclad-downweight-bounded-seed42-20261004,2,1,output,l2,0.015132971755554829,0
tclad-downweight-bounded-seed42-20261004,2,1,output,max_abs,0.003856666386127472,0
tclad-downweight-bounded-seed42-20261004,2,1,output,sparsity,0.016923076923076923,0
tclad-downweight-bounded-seed42-20261004,2,1,output,skewness,0.7658079426580612,0
tclad-downweight-bounded-seed42-20261004,2,1,output,kurtosis,7.035901714477138,0
tclad-downweight-bounded-seed42-20261004,2,2,conv1,mean,0.00023005663679214193,0
tclad-downweight-bounded-seed42-20261004,2,2,conv1,std,0.0005329706230155656,0
tclad-downweight-bounded-seed42-20261004,2,2,conv1,median,0.00010075792670249939,0
tclad-downweight-bounded-seed42-20261004,2,2,conv1,min,-0.0008402764797210693,0
tclad-downweight-bounded-seed42-20261004,2,2,conv1,max,0.0019649267196655273,0
tclad-downweight-bounded-seed42-20261004,2,2,conv1,l1,0.060602242359891534,0
tclad-downweight-bounded-seed42-20261004,2,2,conv1,l2,0.007342846762717703,0
tclad-downweight-bounded-seed42-20261004,2,2,conv1,max_abs,0.0019649267196655273,0
tclad-downweight-bounded-seed42-20261004,2,2,conv1,sparsity,0.0,0
tclad-downweight-bounded-seed42-20261004,2,2,conv1,skewness,1.1469983196380895,0
tclad-downweight-bounded-seed42-20261004,2,2,conv1,kurtosis,0.8696313286583854,0
tclad-downweight-bounded-seed42-20261004,2,2,conv2,mean,6.18135455287584e-05,0
tclad-downweight-bounded-seed42-20261004,2,2,conv2,std,0.0003196194061017911,0
tclad-downweight-bounded-seed42-20261004,2,2,conv2,median,1.3451091945171356e-05,0
tclad-downweight-bounded-seed42-20261004,2,2,conv2,min,-0.002063099294900894,0
tclad-downweight-bounded-seed42-20261004,2,2,conv2,max,0.002398550510406494,0
tclad-downweight-bounded-seed42-20261004,2,2,conv2,l1,0.8396359223988838,0
tclad-downweight-bounded-seed42-20261004,2,2,conv2,l2,0.022175109996077053,0
tclad-downweight-bounded-seed42-20261004,2,2,conv2,max_abs,0.002398550510406494,0
tclad-downweight-bounded-seed42-20261004,2,2,conv2,sparsity,0.0,0
tclad-downweight-bounded-seed42-20261004,2,2,conv2,skewness,1.6933404317238274,0
tclad-downweight-bounded-seed42-20261004,2,2,conv2,kurtosis,12.195348049438506,0
tclad-downweight-bounded-seed42-20261004,2,2,fc1,mean,1.5743212136536305e-05,0
tclad-downweight-bounded-seed42-20261004,2,2,fc1,std,0.000206650795037603,0
tclad-downweight-bounded-seed42-20261004,2,2,fc1,median,0.0,0
tclad-downweight-bounded-seed42-20261004,2,2,fc1,min,-0.003396749496459961,0
tclad-downweight-bounded-seed42-20261004,2,2,fc1,max,0.0037184683606028557,0
tclad-downweight-bounded-seed42-20261004,2,2,fc1,l1,10.005076144468603,0
tclad-downweight-bounded-seed42-20261004,2,2,fc1,l2,0.06567425812393504,0
tclad-downweight-bounded-seed42-20261004,2,2,fc1,max_abs,0.0037184683606028557,0
tclad-downweight-bounded-seed42-20261004,2,2,fc1,sparsity,0.07076561504142766,0
tclad-downweight-bounded-seed42-20261004,2,2,fc1,skewness,1.2409953442526713,0
tclad-downweight-bounded-seed42-20261004,2,2,fc1,kurtosis,26.853598296186348,0
tclad-downweight-bounded-seed42-20261004,2,2,output,mean,1.353999743094811e-10,0
tclad-downweight-bounded-seed42-20261004,2,2,output,std,0.000542912733057195,0
tclad-downweight-bounded-seed42-20261004,2,2,output,median,-6.809830665588379e-06,0
tclad-downweight-bounded-seed42-20261004,2,2,output,min,-0.0032225027680397034,0
tclad-downweight-bounded-seed42-20261004,2,2,output,max,0.0031897425651550293,0
tclad-downweight-bounded-seed42-20261004,2,2,output,l1,0.22157029155641794,0
tclad-downweight-bounded-seed42-20261004,2,2,output,l2,0.013841613100183569,0
tclad-downweight-bounded-seed42-20261004,2,2,output,max_abs,0.0032225027680397034,0
tclad-downweight-bounded-seed42-20261004,2,2,output,sparsity,0.015384615384615385,0
tclad-downweight-bounded-seed42-20261004,2,2,output,skewness,0.6521930663536484,0
tclad-downweight-bounded-seed42-20261004,2,2,output,kurtosis,5.878410871830603,0
tclad-downweight-bounded-seed42-20261004,2,3,conv1,mean,0.00024914995883591474,0
tclad-downweight-bounded-seed42-20261004,2,3,conv1,std,0.000554904811640181,0
tclad-downweight-bounded-seed42-20261004,2,3,conv1,median,0.00011060759425163269,0
tclad-downweight-bounded-seed42-20261004,2,3,conv1,min,-0.0006882697343826294,0
tclad-downweight-bounded-seed42-20261004,2,3,conv1,max,0.002001136541366577,0
tclad-downweight-bounded-seed42-20261004,2,3,conv1,l1,0.06583281885832548,0
tclad-downweight-bounded-seed42-20261004,2,3,conv1,l2,0.007694102177323748,0
tclad-downweight-bounded-seed42-20261004,2,3,conv1,max_abs,0.002001136541366577,0
tclad-downweight-bounded-seed42-20261004,2,3,conv1,sparsity,0.0,0
tclad-downweight-bounded-seed42-20261004,2,3,conv1,skewness,1.1319380814889952,0
tclad-downweight-bounded-seed42-20261004,2,3,conv1,kurtosis,0.9478343377410519,0
tclad-downweight-bounded-seed42-20261004,2,3,conv2,mean,7.829056451649602e-05,0
tclad-downweight-bounded-seed42-20261004,2,3,conv2,std,0.0003271897442407699,0
tclad-downweight-bounded-seed42-20261004,2,3,conv2,median,2.0466744899749756e-05,0
tclad-downweight-bounded-seed42-20261004,2,3,conv2,min,-0.0018894951790571213,0
tclad-downweight-bounded-seed42-20261004,2,3,conv2,max,0.0024912897497415543,0
tclad-downweight-bounded-seed42-20261004,2,3,conv2,l1,0.896031320829934,0
tclad-downweight-bounded-seed42-20261004,2,3,conv2,l2,0.02291652223398972,0
tclad-downweight-bounded-seed42-20261004,2,3,conv2,max_abs,0.0024912897497415543,0
tclad-downweight-bounded-seed42-20261004,2,3,conv2,sparsity,0.0004310344827586207,0
tclad-downweight-bounded-seed42-20261004,2,3,conv2,skewness,1.6852308461961376,0
tclad-downweight-bounded-seed42-20261004,2,3,conv2,kurtosis,9.220160495028422,0
tclad-downweight-bounded-seed42-20261004,2,3,fc1,mean,1.2764779587563295e-05,0
tclad-downweight-bounded-seed42-20261004,2,3,fc1,std,0.00021796241328920867,0
tclad-downweight-bounded-seed42-20261004,2,3,fc1,median,0.0,0
tclad-downweight-bounded-seed42-20261004,2,3,fc1,min,-0.003511384129524231,0
tclad-downweight-bounded-seed42-20261004,2,3,fc1,max,0.003822299651801586,0
tclad-downweight-bounded-seed42-20261004,2,3,fc1,l1,10.620631613468788,0
tclad-downweight-bounded-seed42-20261004,2,3,fc1,l2,0.06918732738450499,0
tclad-downweight-bounded-seed42-20261004,2,3,fc1,max_abs,0.003822299651801586,0
tclad-downweight-bounded-seed42-20261004,2,3,fc1,sparsity,0.07143283938814532,0
tclad-downweight-bounded-seed42-20261004,2,3,fc1,skewness,0.9415512286353169,0
tclad-downweight-bounded-seed42-20261004,2,3,fc1,kurtosis,26.375035339652673,0
tclad-downweight-bounded-seed42-20261004,2,3,output,mean,2.91262180186235e-10,0
tclad-downweight-bounded-seed42-20261004,2,3,output,std,0.0006425103142261743,0
tclad-downweight-bounded-seed42-20261004,2,3,output,median,-1.1846888810396194e-05,0
tclad-downweight-bounded-seed42-20261004,2,3,output,min,-0.0039839232340455055,0
tclad-downweight-bounded-seed42-20261004,2,3,output,max,0.0038407519459724426,0
tclad-downweight-bounded-seed42-20261004,2,3,output,l1,0.2506568107928615,0
tclad-downweight-bounded-seed42-20261004,2,3,output,l2,0.016380863149621155,0
tclad-downweight-bounded-seed42-20261004,2,3,output,max_abs,0.0039839232340455055,0
tclad-downweight-bounded-seed42-20261004,2,3,output,sparsity,0.015384615384615385,0
tclad-downweight-bounded-seed42-20261004,2,3,output,skewness,0.9063757387704943,0
tclad-downweight-bounded-seed42-20261004,2,3,output,kurtosis,8.661578759967792,0
tclad-downweight-bounded-seed42-20261004,2,4,conv1,mean,0.00025142758386209607,0
tclad-downweight-bounded-seed42-20261004,2,4,conv1,std,0.0005234254786889765,0
tclad-downweight-bounded-seed42-20261004,2,4,conv1,median,0.00011644139885902405,0
tclad-downweight-bounded-seed42-20261004,2,4,conv1,min,-0.0008232295513153076,0
tclad-downweight-bounded-seed42-20261004,2,4,conv1,max,0.0018970072269439697,0
tclad-downweight-bounded-seed42-20261004,2,4,conv1,l1,0.06073073856532574,0
tclad-downweight-bounded-seed42-20261004,2,4,conv1,l2,0.007345094272152161,0
tclad-downweight-bounded-seed42-20261004,2,4,conv1,max_abs,0.0018970072269439697,0
tclad-downweight-bounded-seed42-20261004,2,4,conv1,sparsity,0.0,0
tclad-downweight-bounded-seed42-20261004,2,4,conv1,skewness,1.2528499524990626,0
tclad-downweight-bounded-seed42-20261004,2,4,conv1,kurtosis,1.504328495414943,0
tclad-downweight-bounded-seed42-20261004,2,4,conv2,mean,5.585803939444806e-05,0
tclad-downweight-bounded-seed42-20261004,2,4,conv2,std,0.0003262514860421719,0
tclad-downweight-bounded-seed42-20261004,2,4,conv2,median,1.042662188410759e-05,0
tclad-downweight-bounded-seed42-20261004,2,4,conv2,min,-0.0016157347708940506,0
tclad-downweight-bounded-seed42-20261004,2,4,conv2,max,0.0025282474234700203,0
tclad-downweight-bounded-seed42-20261004,2,4,conv2,l1,0.8853598287460045,0
tclad-downweight-bounded-seed42-20261004,2,4,conv2,l2,0.022546820365033464,0
tclad-downweight-bounded-seed42-20261004,2,4,conv2,max_abs,0.0025282474234700203,0
tclad-downweight-bounded-seed42-20261004,2,4,conv2,sparsity,0.0004310344827586207,0
tclad-downweight-bounded-seed42-20261004,2,4,conv2,skewness,1.698623894638308,0
tclad-downweight-bounded-seed42-20261004,2,4,conv2,kurtosis,9.901743718844457,0
tclad-downweight-bounded-seed42-20261004,2,4,fc1,mean,1.2340927354063697e-05,0
tclad-downweight-bounded-seed42-20261004,2,4,fc1,std,0.00021553680869609732,0
tclad-downweight-bounded-seed42-20261004,2,4,fc1,median,0.0,0
tclad-downweight-bounded-seed42-20261004,2,4,fc1,min,-0.0030059628188610077,0
tclad-downweight-bounded-seed42-20261004,2,4,fc1,max,0.003676080144941807,0
tclad-downweight-bounded-seed42-20261004,2,4,fc1,l1,10.436944043508902,0
tclad-downweight-bounded-seed42-20261004,2,4,fc1,l2,0.06841221045597216,0
tclad-downweight-bounded-seed42-20261004,2,4,fc1,max_abs,0.003676080144941807,0
tclad-downweight-bounded-seed42-20261004,2,4,fc1,sparsity,0.07058636073932441,0
tclad-downweight-bounded-seed42-20261004,2,4,fc1,skewness,1.1204450867237505,0
tclad-downweight-bounded-seed42-20261004,2,4,fc1,kurtosis,26.342800321636975,0
tclad-downweight-bounded-seed42-20261004,2,4,output,mean,2.44158749970106e-10,0
tclad-downweight-bounded-seed42-20261004,2,4,output,std,0.0006782089513410996,0
tclad-downweight-bounded-seed42-20261004,2,4,output,median,-1.1129304766654968e-05,0
tclad-downweight-bounded-seed42-20261004,2,4,output,min,-0.004603281617164612,0
tclad-downweight-bounded-seed42-20261004,2,4,output,max,0.005621619522571564,0
tclad-downweight-bounded-seed42-20261004,2,4,output,l1,0.25713186323991977,0
tclad-downweight-bounded-seed42-20261004,2,4,output,l2,0.01729100338590895,0
tclad-downweight-bounded-seed42-20261004,2,4,output,max_abs,0.005621619522571564,0
tclad-downweight-bounded-seed42-20261004,2,4,output,sparsity,0.015384615384615385,0
tclad-downweight-bounded-seed42-20261004,2,4,output,skewness,1.0926613195428905,0
tclad-downweight-bounded-seed42-20261004,2,4,output,kurtosis,13.80144446210008,0
tclad-downweight-bounded-seed42-20261004,3,0,conv1,mean,0.0004719326527265366,0
tclad-downweight-bounded-seed42-20261004,3,0,conv1,std,0.0008956468761466437,0
tclad-downweight-bounded-seed42-20261004,3,0,conv1,median,0.0001161620020866394,0
tclad-downweight-bounded-seed42-20261004,3,0,conv1,min,-0.000964820384979248,0
tclad-downweight-bounded-seed42-20261004,3,0,conv1,max,0.0034668147563934326,0
tclad-downweight-bounded-seed42-20261004,3,0,conv1,l1,0.09918070153798908,0
tclad-downweight-bounded-seed42-20261004,3,0,conv1,l2,0.012805647225881225,0
tclad-downweight-bounded-seed42-20261004,3,0,conv1,max_abs,0.0034668147563934326,0
tclad-downweight-bounded-seed42-20261004,3,0,conv1,sparsity,0.0,0
tclad-downweight-bounded-seed42-20261004,3,0,conv1,skewness,1.466918201938275,0
tclad-downweight-bounded-seed42-20261004,3,0,conv1,kurtosis,1.5082947482995595,0
tclad-downweight-bounded-seed42-20261004,3,0,conv2,mean,0.00013987583916112836,0
tclad-downweight-bounded-seed42-20261004,3,0,conv2,std,0.00040953152163946094,0
tclad-downweight-bounded-seed42-20261004,3,0,conv2,median,3.588385879993439e-05,0
tclad-downweight-bounded-seed42-20261004,3,0,conv2,min,-0.0015552788972854614,0
tclad-downweight-bounded-seed42-20261004,3,0,conv2,max,0.004036366939544678,0
tclad-downweight-bounded-seed42-20261004,3,0,conv2,l1,1.0603902840484807,0
tclad-downweight-bounded-seed42-20261004,3,0,conv2,l2,0.029478556844794154,0
tclad-downweight-bounded-seed42-20261004,3,0,conv2,max_abs,0.004036366939544678,0
tclad-downweight-bounded-seed42-20261004,3,0,conv2,sparsity,0.0,0
tclad-downweight-bounded-seed42-20261004,3,0,conv2,skewness,3.0399682538289623,0
tclad-downweight-bounded-seed42-20261004,3,0,conv2,kurtosis,16.700903638849905,0
tclad-downweight-bounded-seed42-20261004,3,0,fc1,mean,2.5793774498414592e-05,0
tclad-downweight-bounded-seed42-20261004,3,0,fc1,std,0.00021111917084166664,0
tclad-downweight-bounded-seed42-20261004,3,0,fc1,median,0.0,0
tclad-downweight-bounded-seed42-20261004,3,0,fc1,min,-0.0032689019571989775,0
tclad-downweight-bounded-seed42-20261004,3,0,fc1,max,0.003921984229236841,0
tclad-downweight-bounded-seed42-20261004,3,0,fc1,l1,10.058849269578559,0
tclad-downweight-bounded-seed42-20261004,3,0,fc1,l2,0.06739792834490006,0
tclad-downweight-bounded-seed42-20261004,3,0,fc1,max_abs,0.003921984229236841,0
tclad-downweight-bounded-seed42-20261004,3,0,fc1,sparsity,0.08561384639898025,0
tclad-downweight-bounded-seed42-20261004,3,0,fc1,skewness,1.611503918321075,0
tclad-downweight-bounded-seed42-20261004,3,0,fc1,kurtosis,28.074159236160966,0
tclad-downweight-bounded-seed42-20261004,3,0,output,mean,1.6571273310826376e-10,0
tclad-downweight-bounded-seed42-20261004,3,0,output,std,0.0006852668319566546,0
tclad-downweight-bounded-seed42-20261004,3,0,output,median,-5.844980478286743e-06,0
tclad-downweight-bounded-seed42-20261004,3,0,output,min,-0.0034902067855000496,0
tclad-downweight-bounded-seed42-20261004,3,0,output,max,0.002650633454322815,0
tclad-downweight-bounded-seed42-20261004,3,0,output,l1,0.2872964028210845,0
tclad-downweight-bounded-seed42-20261004,3,0,output,l2,0.01747094474082496,0
tclad-downweight-bounded-seed42-20261004,3,0,output,max_abs,0.0034902067855000496,0
tclad-downweight-bounded-seed42-20261004,3,0,output,sparsity,0.03076923076923077,0
tclad-downweight-bounded-seed42-20261004,3,0,output,skewness,0.1267155276156449,0
tclad-downweight-bounded-seed42-20261004,3,0,output,kurtosis,3.2542163190870053,0
tclad-downweight-bounded-seed42-20261004,3,1,conv1,mean,0.00041854225055431015,0
tclad-downweight-bounded-seed42-20261004,3,1,conv1,std,0.000834926151081978,0
tclad-downweight-bounded-seed42-20261004,3,1,conv1,median,0.00010481104254722595,0
tclad-downweight-bounded-seed42-20261004,3,1,conv1,min,-0.0009504258632659912,0
tclad-downweight-bounded-seed42-20261004,3,1,conv1,max,0.003126591444015503,0
tclad-downweight-bounded-seed42-20261004,3,1,conv1,l1,0.09313515212852508,0
tclad-downweight-bounded-seed42-20261004,3,1,conv1,l2,0.011813749909386996,0
tclad-downweight-bounded-seed42-20261004,3,1,conv1,max_abs,0.003126591444015503,0
tclad-downweight-bounded-seed42-20261004,3,1,conv1,sparsity,0.0,0
tclad-downweight-bounded-seed42-20261004,3,1,conv1,skewness,1.3610468219149718,0
tclad-downweight-bounded-seed42-20261004,3,1,conv1,kurtosis,1.2276303629474743,0
tclad-downweight-bounded-seed42-20261004,3,1,conv2,mean,0.00011907090955870006,0
tclad-downweight-bounded-seed42-20261004,3,1,conv2,std,0.00037516058241554107,0
tclad-downweight-bounded-seed42-20261004,3,1,conv2,median,3.2327487133443356e-05,0
tclad-downweight-bounded-seed42-20261004,3,1,conv2,min,-0.0013181176036596298,0
tclad-downweight-bounded-seed42-20261004,3,1,conv2,max,0.0035383272916078568,0
tclad-downweight-bounded-seed42-20261004,3,1,conv2,l1,0.9848259896971285,0
tclad-downweight-bounded-seed42-20261004,3,1,conv2,l2,0.026811272193444664,0
tclad-downweight-bounded-seed42-20261004,3,1,conv2,max_abs,0.0035383272916078568,0
tclad-downweight-bounded-seed42-20261004,3,1,conv2,sparsity,0.0010775862068965517,0
tclad-downweight-bounded-seed42-20261004,3,1,conv2,skewness,2.832561869298521,0
tclad-downweight-bounded-seed42-20261004,3,1,conv2,kurtosis,14.94257532008681,0
tclad-downweight-bounded-seed42-20261004,3,1,fc1,mean,1.2117375895261525e-05,0
tclad-downweight-bounded-seed42-20261004,3,1,fc1,std,0.00020118483548609408,0
tclad-downweight-bounded-seed42-20261004,3,1,fc1,median,0.0,0
tclad-downweight-bounded-seed42-20261004,3,1,fc1,min,-0.003257480915635824,0
tclad-downweight-bounded-seed42-20261004,3,1,fc1,max,0.0030348040163517,0
tclad-downweight-bounded-seed42-20261004,3,1,fc1,l1,9.707465441193222,0
tclad-downweight-bounded-seed42-20261004,3,1,fc1,l2,0.06386795522832943,0
tclad-downweight-bounded-seed42-20261004,3,1,fc1,max_abs,0.003257480915635824,0
tclad-downweight-bounded-seed42-20261004,3,1,fc1,sparsity,0.07443036966220523,0
tclad-downweight-bounded-seed42-20261004,3,1,fc1,skewness,1.041142689398983,0
tclad-downweight-bounded-seed42-20261004,3,1,fc1,kurtosis,25.694922592003916,0
tclad-downweight-bounded-seed42-20261004,3,1,output,mean,-1.4547437715988892e-10,0
tclad-downweight-bounded-seed42-20261004,3,1,output,std,0.0006989206082907968,0
tclad-downweight-bounded-seed42-20261004,3,1,output,median,-6.357207894325256e-06,0
tclad-downweight-bounded-seed42-20261004,3,1,output,min,-0.003896839916706085,0
tclad-downweight-bounded-seed42-20261004,3,1,output,max,0.0034470949321985245,0
tclad-downweight-bounded-seed42-20261004,3,1,output,l1,0.2842372360464651,0
tclad-downweight-bounded-seed42-20261004,3,1,output,l2,0.017819049100634945,0
tclad-downweight-bounded-seed42-20261004,3,1,output,max_abs,0.003896839916706085,0
tclad-downweight-bounded-seed42-20261004,3,1,output,sparsity,0.015384615384615385,0
tclad-downweight-bounded-seed42-20261004,3,1,output,skewness,0.7374151087916967,0
tclad-downweight-bounded-seed42-20261004,3,1,output,kurtosis,4.812272318993994,0
tclad-downweight-bounded-seed42-20261004,3,2,conv1,mean,0.0004391659182147123,0
tclad-downweight-bounded-seed42-20261004,3,2,conv1,std,0.0008849835297061872,0
tclad-downweight-bounded-seed42-20261004,3,2,conv1,median,6.52894377708435e-05,0
tclad-downweight-bounded-seed42-20261004,3,2,conv1,min,-0.0011916011571884155,0
tclad-downweight-bounded-seed42-20261004,3,2,conv1,max,0.0034381449222564697,0
tclad-downweight-bounded-seed42-20261004,3,2,conv1,l1,0.09343374730087817,0
tclad-downweight-bounded-seed42-20261004,3,2,conv1,l2,0.012496799920444229,0
tclad-downweight-bounded-seed42-20261004,3,2,conv1,max_abs,0.0034381449222564697,0
tclad-downweight-bounded-seed42-20261004,3,2,conv1,sparsity,0.0,0
tclad-downweight-bounded-seed42-20261004,3,2,conv1,skewness,1.4146436639536357,0
tclad-downweight-bounded-seed42-20261004,3,2,conv1,kurtosis,1.3472363781063956,0
tclad-downweight-bounded-seed42-20261004,3,2,conv2,mean,0.00012204050673721338,0
tclad-downweight-bounded-seed42-20261004,3,2,conv2,std,0.00039842431623046486,0
tclad-downweight-bounded-seed42-20261004,3,2,conv2,median,2.866145223379135e-05,0
tclad-downweight-bounded-seed42-20261004,3,2,conv2,min,-0.0016090413555502892,0
tclad-downweight-bounded-seed42-20261004,3,2,conv2,max,0.004033733159303665,0
tclad-downweight-bounded-seed42-20261004,3,2,conv2,l1,0.9927091084973654,0
tclad-downweight-bounded-seed42-20261004,3,2,conv2,l2,0.02838433035434386,0
tclad-downweight-bounded-seed42-20261004,3,2,conv2,max_abs,0.004033733159303665,0
tclad-downweight-bounded-seed42-20261004,3,2,conv2,sparsity,0.00021551724137931034,0
tclad-downweight-bounded-seed42-20261004,3,2,conv2,skewness,3.1847142063624974,0
tclad-downweight-bounded-seed42-20261004,3,2,conv2,kurtosis,18.903822437688405,0
tclad-downweight-bounded-seed42-20261004,3,2,fc1,mean,2.5400799509913776e-05,0
tclad-downweight-bounded-seed42-20261004,3,2,fc1,std,0.00019944738272053398,0
tclad-downweight-bounded-seed42-20261004,3,2,fc1,median,0.0,0
tclad-downweight-bounded-seed42-20261004,3,2,fc1,min,-0.002861841581761837,0
tclad-downweight-bounded-seed42-20261004,3,2,fc1,max,0.003019781783223152,0
tclad-downweight-bounded-seed42-20261004,3,2,fc1,l1,9.596757871704767,0
tclad-downweight-bounded-seed42-20261004,3,2,fc1,l2,0.06371234169266392,0
tclad-downweight-bounded-seed42-20261004,3,2,fc1,max_abs,0.003019781783223152,0
tclad-downweight-bounded-seed42-20261004,3,2,fc1,sparsity,0.07127350223072021,0
tclad-downweight-bounded-seed42-20261004,3,2,fc1,skewness,1.6580612852528411,0
tclad-downweight-bounded-seed42-20261004,3,2,fc1,kurtosis,25.417515995855638,0
tclad-downweight-bounded-seed42-20261004,3,2,output,mean,7.849079198562181e-11,0
tclad-downweight-bounded-seed42-20261004,3,2,output,std,0.000652623518172221,0
tclad-downweight-bounded-seed42-20261004,3,2,output,median,-5.278736352920532e-06,0
tclad-downweight-bounded-seed42-20261004,3,2,output,min,-0.0029498785734176636,0
tclad-downweight-bounded-seed42-20261004,3,2,output,max,0.0035875514149665833,0
tclad-downweight-bounded-seed42-20261004,3,2,output,l1,0.2688802962366026,0
tclad-downweight-bounded-seed42-20261004,3,2,output,l2,0.016638700270948773,0
tclad-downweight-bounded-seed42-20261004,3,2,output,max_abs,0.0035875514149665833,0
tclad-downweight-bounded-seed42-20261004,3,2,output,sparsity,0.015384615384615385,0
tclad-downweight-bounded-seed42-20261004,3,2,output,skewness,0.6129398405676132,0
tclad-downweight-bounded-seed42-20261004,3,2,output,kurtosis,4.192473913774015,0
tclad-downweight-bounded-seed42-20261004,3,3,conv1,mean,0.0004803154530236498,0
tclad-downweight-bounded-seed42-20261004,3,3,conv1,std,0.0009433287339643204,0
tclad-downweight-bounded-seed42-20261004,3,3,conv1,median,0.0001026540994644165,0
tclad-downweight-bounded-seed42-20261004,3,3,conv1,min,-0.0010214149951934814,0
tclad-downweight-bounded-seed42-20261004,3,3,conv1,max,0.003641277551651001,0
tclad-downweight-bounded-seed42-20261004,3,3,conv1,l1,0.10140322567895055,0
tclad-downweight-bounded-seed42-20261004,3,3,conv1,l2,0.01338997854956335,0
tclad-downweight-bounded-seed42-20261004,3,3,conv1,max_abs,0.003641277551651001,0
tclad-downweight-bounded-seed42-20261004,3,3,conv1,sparsity,0.0,0
tclad-downweight-bounded-seed42-20261004,3,3,conv1,skewness,1.4858441547340309,0
tclad-downweight-bounded-seed42-20261004,3,3,conv1,kurtosis,1.5768083876650651,0
tclad-downweight-bounded-seed42-20261004,3,3,conv2,mean,0.00015088456930792242,0
tclad-downweight-bounded-seed42-20261004,3,3,conv2,std,0.00041880783190366313,0
tclad-downweight-bounded-seed42-20261004,3,3,conv2,median,4.149600863456726e-05,0
tclad-downweight-bounded-seed42-20261004,3,3,conv2,min,-0.001529194414615631,0
tclad-downweight-bounded-seed42-20261004,3,3,conv2,max,0.0037108035758137703,0
tclad-downweight-bounded-seed42-20261004,3,3,conv2,l1,1.0757352446707955,0
tclad-downweight-bounded-seed42-20261004,3,3,conv2,l2,0.030323109197451216,0
tclad-downweight-bounded-seed42-20261004,3,3,conv2,max_abs,0.0037108035758137703,0
tclad-downweight-bounded-seed42-20261004,3,3,conv2,sparsity,0.000646551724137931,0
tclad-downweight-bounded-seed42-20261004,3,3,conv2,skewness,3.0908351766246422,0
tclad-downweight-bounded-seed42-20261004,3,3,conv2,kurtosis,15.194854465118787,0
tclad-downweight-bounded-seed42-20261004,3,3,fc1,mean,2.6474343269464802e-05,0
tclad-downweight-bounded-seed42-20261004,3,3,fc1,std,0.00021554748557969165,0
tclad-downweight-bounded-seed42-20261004,3,3,fc1,median,0.0,0
tclad-downweight-bounded-seed42-20261004,3,3,fc1,min,-0.002999111544340849,0
tclad-downweight-bounded-seed42-20261004,3,3,fc1,max,0.0035087354481220245,0
tclad-downweight-bounded-seed42-20261004,3,3,fc1,l1,10.252642108378325,0
tclad-downweight-bounded-seed42-20261004,3,3,fc1,l2,0.06881700493798357,0
tclad-downweight-bounded-seed42-20261004,3,3,fc1,max_abs,0.0035087354481220245,0
tclad-downweight-bounded-seed42-20261004,3,3,fc1,sparsity,0.07171167941363926,0
tclad-downweight-bounded-seed42-20261004,3,3,fc1,skewness,1.9169265135969202,0
tclad-downweight-bounded-seed42-20261004,3,3,fc1,kurtosis,26.88512828755756,0
tclad-downweight-bounded-seed42-20261004,3,3,output,mean,-1.4641465475926033e-11,0
tclad-downweight-bounded-seed42-20261004,3,3,output,std,0.0007519717898829729,0
tclad-downweight-bounded-seed42-20261004,3,3,output,median,-9.220093488693237e-06,0
tclad-downweight-bounded-seed42-20261004,3,3,output,min,-0.0038542072288691998,0
tclad-downweight-bounded-seed42-20261004,3,3,output,max,0.00414612889289856,0
tclad-downweight-bounded-seed42-20261004,3,3,output,l1,0.30212129777646624,0
tclad-downweight-bounded-seed42-20261004,3,3,output,l2,0.019171594151422864,0
tclad-downweight-bounded-seed42-20261004,3,3,output,max_abs,0.00414612889289856,0
tclad-downweight-bounded-seed42-20261004,3,3,output,sparsity,0.015384615384615385,0
tclad-downweight-bounded-seed42-20261004,3,3,output,skewness,0.8803844970013417,0
tclad-downweight-bounded-seed42-20261004,3,3,output,kurtosis,5.41190003936874,0
tclad-downweight-bounded-seed42-20261004,3,4,conv1,mean,0.00047356844806927255,0
tclad-downweight-bounded-seed42-20261004,3,4,conv1,std,0.0009159352085910327,0
tclad-downweight-bounded-seed42-20261004,3,4,conv1,median,9.259581565856934e-05,0
tclad-downweight-bounded-seed42-20261004,3,4,conv1,min,-0.001163870096206665,0
tclad-downweight-bounded-seed42-20261004,3,4,conv1,max,0.0035324692726135254,0
tclad-downweight-bounded-seed42-20261004,3,4,conv1,l1,0.09689482289832085,0
tclad-downweight-bounded-seed42-20261004,3,4,conv1,l2,0.013042725980980741,0
tclad-downweight-bounded-seed42-20261004,3,4,conv1,max_abs,0.0035324692726135254,0
tclad-downweight-bounded-seed42-20261004,3,4,conv1,sparsity,0.0,0
tclad-downweight-bounded-seed42-20261004,3,4,conv1,skewness,1.5545887241100387,0
tclad-downweight-bounded-seed42-20261004,3,4,conv1,kurtosis,1.9099756594395094,0
tclad-downweight-bounded-seed42-20261004,3,4,conv2,mean,0.00012740865354003448,0
tclad-downweight-bounded-seed42-20261004,3,4,conv2,std,0.00042618265401823973,0
tclad-downweight-bounded-seed42-20261004,3,4,conv2,median,2.5911489501595497e-05,0
tclad-downweight-bounded-seed42-20261004,3,4,conv2,min,-0.0013287505134940147,0
tclad-downweight-bounded-seed42-20261004,3,4,conv2,max,0.004274958744645119,0
tclad-downweight-bounded-seed42-20261004,3,4,conv2,l1,1.0772780810875702,0
tclad-downweight-bounded-seed42-20261004,3,4,conv2,l2,0.030300030278280682,0
tclad-downweight-bounded-seed42-20261004,3,4,conv2,max_abs,0.004274958744645119,0
tclad-downweight-bounded-seed42-20261004,3,4,conv2,sparsity,0.0004310344827586207,0
tclad-downweight-bounded-seed42-20261004,3,4,conv2,skewness,3.1594857643895695,0
tclad-downweight-bounded-seed42-20261004,3,4,conv2,kurtosis,17.931154835547954,0
tclad-downweight-bounded-seed42-20261004,3,4,fc1,mean,2.3937003168041185e-05,0
tclad-downweight-bounded-seed42-20261004,3,4,fc1,std,0.00021582767802204514,0
tclad-downweight-bounded-seed42-20261004,3,4,fc1,median,0.0,0
tclad-downweight-bounded-seed42-20261004,3,4,fc1,min,-0.0029092952609062195,0
tclad-downweight-bounded-seed42-20261004,3,4,fc1,max,0.003470540512353182,0
tclad-downweight-bounded-seed42-20261004,3,4,fc1,l1,10.236572344719889,0
tclad-downweight-bounded-seed42-20261004,3,4,fc1,l2,0.06881186650470542,0
tclad-downweight-bounded-seed42-20261004,3,4,fc1,max_abs,0.003470540512353182,0
tclad-downweight-bounded-seed42-20261004,3,4,fc1,sparsity,0.08305449330783939,0
tclad-downweight-bounded-seed42-20261004,3,4,fc1,skewness,1.720108633957602,0
tclad-downweight-bounded-seed42-20261004,3,4,fc1,kurtosis,28.915904931840743,0
tclad-downweight-bounded-seed42-20261004,3,4,output,mean,-5.735693356165519e-11,0
tclad-downweight-bounded-seed42-20261004,3,4,output,std,0.0007869160106917254,0
tclad-downweight-bounded-seed42-20261004,3,4,output,median,-9.074807167053223e-06,0
tclad-downweight-bounded-seed42-20261004,3,4,output,min,-0.004695169627666473,0
tclad-downweight-bounded-seed42-20261004,3,4,output,max,0.0053400918841362,0
tclad-downweight-bounded-seed42-20261004,3,4,output,l1,0.3104687953891698,0
tclad-downweight-bounded-seed42-20261004,3,4,output,l2,0.020062500470378535,0
tclad-downweight-bounded-seed42-20261004,3,4,output,max_abs,0.0053400918841362,0
tclad-downweight-bounded-seed42-20261004,3,4,output,sparsity,0.03076923076923077,0
tclad-downweight-bounded-seed42-20261004,3,4,output,skewness,0.9960389683743245,0
tclad-downweight-bounded-seed42-20261004,3,4,output,kurtosis,8.096724049799452,0
tclad-downweight-bounded-seed42-20261004,4,0,conv1,mean,0.0007519252409110777,0
tclad-downweight-bounded-seed42-20261004,4,0,conv1,std,0.0013408399902565848,0
tclad-downweight-bounded-seed42-20261004,4,0,conv1,median,0.00010859966278076172,0
tclad-downweight-bounded-seed42-20261004,4,0,conv1,min,-0.0013061165809631348,0
tclad-downweight-bounded-seed42-20261004,4,0,conv1,max,0.005182504653930664,0
tclad-downweight-bounded-seed42-20261004,4,0,conv1,l1,0.14306564698927104,0
tclad-downweight-bounded-seed42-20261004,4,0,conv1,l2,0.019445280959206366,0
tclad-downweight-bounded-seed42-20261004,4,0,conv1,max_abs,0.005182504653930664,0
tclad-downweight-bounded-seed42-20261004,4,0,conv1,sparsity,0.0,0
tclad-downweight-bounded-seed42-20261004,4,0,conv1,skewness,1.4863425922351934,0
tclad-downweight-bounded-seed42-20261004,4,0,conv1,kurtosis,1.3658183500701764,0
tclad-downweight-bounded-seed42-20261004,4,0,conv2,mean,0.0002014591738300404,0
tclad-downweight-bounded-seed42-20261004,4,0,conv2,std,0.000542442257179321,0
tclad-downweight-bounded-seed42-20261004,4,0,conv2,median,5.067279562354088e-05,0
tclad-downweight-bounded-seed42-20261004,4,0,conv2,min,-0.0013706237077713013,0
tclad-downweight-bounded-seed42-20261004,4,0,conv2,max,0.005554765462875366,0
tclad-downweight-bounded-seed42-20261004,4,0,conv2,l1,1.357242209443939,0
tclad-downweight-bounded-seed42-20261004,4,0,conv2,l2,0.03941583972309263,0
tclad-downweight-bounded-seed42-20261004,4,0,conv2,max_abs,0.005554765462875366,0
tclad-downweight-bounded-seed42-20261004,4,0,conv2,sparsity,0.0,0
tclad-downweight-bounded-seed42-20261004,4,0,conv2,skewness,3.4513273798506416,0
tclad-downweight-bounded-seed42-20261004,4,0,conv2,kurtosis,19.03531781519432,0
tclad-downweight-bounded-seed42-20261004,4,0,fc1,mean,3.2110282499052447e-05,0
tclad-downweight-bounded-seed42-20261004,4,0,fc1,std,0.00023872824739774,0
tclad-downweight-bounded-seed42-20261004,4,0,fc1,median,0.0,0
tclad-downweight-bounded-seed42-20261004,4,0,fc1,min,-0.0035559548996388912,0
tclad-downweight-bounded-seed42-20261004,4,0,fc1,max,0.004314369522035122,0
tclad-downweight-bounded-seed42-20261004,4,0,fc1,l1,11.072435115745748,0
tclad-downweight-bounded-seed42-20261004,4,0,fc1,l2,0.0763306091241071,0
tclad-downweight-bounded-seed42-20261004,4,0,fc1,max_abs,0.004314369522035122,0
tclad-downweight-bounded-seed42-20261004,4,0,fc1,sparsity,0.07461958253664755,0
tclad-downweight-bounded-seed42-20261004,4,0,fc1,skewness,2.0610406779655235,0
tclad-downweight-bounded-seed42-20261004,4,0,fc1,kurtosis,30.74377902472193,0
tclad-downweight-bounded-seed42-20261004,4,0,output,mean,-1.7014547036244318e-10,0
tclad-downweight-bounded-seed42-20261004,4,0,output,std,0.0008545934609368903,0
tclad-downweight-bounded-seed42-20261004,4,0,output,median,-2.834480255842209e-06,0
tclad-downweight-bounded-seed42-20261004,4,0,output,min,-0.0035044881515204906,0
tclad-downweight-bounded-seed42-20261004,4,0,output,max,0.0033862292766571045,0
tclad-downweight-bounded-seed42-20261004,4,0,output,l1,0.3608174043474719,0
tclad-downweight-bounded-seed42-20261004,4,0,output,l2,0.021787943667530417,0
tclad-downweight-bounded-seed42-20261004,4,0,output,max_abs,0.0035044881515204906,0
tclad-downweight-bounded-seed42-20261004,4,0,output,sparsity,0.015384615384615385,0
tclad-downweight-bounded-seed42-20261004,4,0,output,skewness,0.20031114718429782,0
tclad-downweight-bounded-seed42-20261004,4,0,output,kurtosis,2.235941832612811,0
tclad-downweight-bounded-seed42-20261004,4,1,conv1,mean,0.0006821879840572364,0
tclad-downweight-bounded-seed42-20261004,4,1,conv1,std,0.001256530976054001,0
tclad-downweight-bounded-seed42-20261004,4,1,conv1,median,0.00011660903692245483,0
tclad-downweight-bounded-seed42-20261004,4,1,conv1,min,-0.0012135505676269531,0
tclad-downweight-bounded-seed42-20261004,4,1,conv1,max,0.004834622144699097,0
tclad-downweight-bounded-seed42-20261004,4,1,conv1,l1,0.13434795220382512,0
tclad-downweight-bounded-seed42-20261004,4,1,conv1,l2,0.01808535557571505,0
tclad-downweight-bounded-seed42-20261004,4,1,conv1,max_abs,0.004834622144699097,0
tclad-downweight-bounded-seed42-20261004,4,1,conv1,sparsity,0.0,0
tclad-downweight-bounded-seed42-20261004,4,1,conv1,skewness,1.4674078586104886,0
tclad-downweight-bounded-seed42-20261004,4,1,conv1,kurtosis,1.2928144419591536,0
tclad-downweight-bounded-seed42-20261004,4,1,conv2,mean,0.00018388687492696244,0
tclad-downweight-bounded-seed42-20261004,4,1,conv2,std,0.0005047291661543474,0
tclad-downweight-bounded-seed42-20261004,4,1,conv2,median,5.0848349928855896e-05,0
tclad-downweight-bounded-seed42-20261004,4,1,conv2,min,-0.0012722313404083252,0
tclad-downweight-bounded-seed42-20261004,4,1,conv2,max,0.005185957998037338,0
tclad-downweight-bounded-seed42-20261004,4,1,conv2,l1,1.283256350485317,0
tclad-downweight-bounded-seed42-20261004,4,1,conv2,l2,0.036591608883307106,0
tclad-downweight-bounded-seed42-20261004,4,1,conv2,max_abs,0.005185957998037338,0
tclad-downweight-bounded-seed42-20261004,4,1,conv2,sparsity,0.0010775862068965517,0
tclad-downweight-bounded-seed42-20261004,4,1,conv2,skewness,3.4314846936083065,0
tclad-downweight-bounded-seed42-20261004,4,1,conv2,kurtosis,19.6280618452109,0
tclad-downweight-bounded-seed42-20261004,4,1,fc1,mean,1.817575203178423e-05,0
tclad-downweight-bounded-seed42-20261004,4,1,fc1,std,0.0002281879024381294,0
tclad-downweight-bounded-seed42-20261004,4,1,fc1,median,0.0,0
tclad-downweight-bounded-seed42-20261004,4,1,fc1,min,-0.0033647045493125916,0
tclad-downweight-bounded-seed42-20261004,4,1,fc1,max,0.003871150314807892,0
tclad-downweight-bounded-seed42-20261004,4,1,fc1,l1,10.774396178503366,0
tclad-downweight-bounded-seed42-20261004,4,1,fc1,l2,0.07253830787965988,0
tclad-downweight-bounded-seed42-20261004,4,1,fc1,max_abs,0.003871150314807892,0
tclad-downweight-bounded-seed42-20261004,4,1,fc1,sparsity,0.07485858827278521,0
tclad-downweight-bounded-seed42-20261004,4,1,fc1,skewness,1.70965264918376,0
tclad-downweight-bounded-seed42-20261004,4,1,fc1,kurtosis,28.028681006390247,0
tclad-downweight-bounded-seed42-20261004,4,1,output,mean,5.605845497204707e-10,0
tclad-downweight-bounded-seed42-20261004,4,1,output,std,0.0008686145729802707,0
tclad-downweight-bounded-seed42-20261004,4,1,output,median,-4.4889748096466064e-06,0
tclad-downweight-bounded-seed42-20261004,4,1,output,min,-0.0038036927580833435,0
tclad-downweight-bounded-seed42-20261004,4,1,output,max,0.0041097067296504974,0
tclad-downweight-bounded-seed42-20261004,4,1,output,l1,0.35486066492740065,0
tclad-downweight-bounded-seed42-20261004,4,1,output,l2,0.022145413287091933,0
tclad-downweight-bounded-seed42-20261004,4,1,output,max_abs,0.0041097067296504974,0
tclad-downweight-bounded-seed42-20261004,4,1,output,sparsity,0.015384615384615385,0
tclad-downweight-bounded-seed42-20261004,4,1,output,skewness,0.8244809116766292,0
tclad-downweight-bounded-seed42-20261004,4,1,output,kurtosis,3.961180191810512,0
tclad-downweight-bounded-seed42-20261004,4,2,conv1,mean,0.0007018472235358786,0
tclad-downweight-bounded-seed42-20261004,4,2,conv1,std,0.001299623367154286,0
tclad-downweight-bounded-seed42-20261004,4,2,conv1,median,9.151548147201538e-05,0
tclad-downweight-bounded-seed42-20261004,4,2,conv1,min,-0.0013655275106430054,0
tclad-downweight-bounded-seed42-20261004,4,2,conv1,max,0.005086183547973633,0
tclad-downweight-bounded-seed42-20261004,4,2,conv1,l1,0.13697353017050773,0
tclad-downweight-bounded-seed42-20261004,4,2,conv1,l2,0.018683085062755414,0
tclad-downweight-bounded-seed42-20261004,4,2,conv1,max_abs,0.005086183547973633,0
tclad-downweight-bounded-seed42-20261004,4,2,conv1,sparsity,0.0,0
tclad-downweight-bounded-seed42-20261004,4,2,conv1,skewness,1.4810179035838018,0
tclad-downweight-bounded-seed42-20261004,4,2,conv1,kurtosis,1.3355675781229959,0
tclad-downweight-bounded-seed42-20261004,4,2,conv2,mean,0.00018418143747488824,0
tclad-downweight-bounded-seed42-20261004,4,2,conv2,std,0.0005185648043623853,0
tclad-downweight-bounded-seed42-20261004,4,2,conv2,median,4.3631065636873245e-05,0
tclad-downweight-bounded-seed42-20261004,4,2,conv2,min,-0.0015632892027497292,0
tclad-downweight-bounded-seed42-20261004,4,2,conv2,max,0.005572851747274399,0
tclad-downweight-bounded-seed42-20261004,4,2,conv2,l1,1.2568013779527973,0
tclad-downweight-bounded-seed42-20261004,4,2,conv2,l2,0.03748521946320226,0
tclad-downweight-bounded-seed42-20261004,4,2,conv2,max_abs,0.005572851747274399,0
tclad-downweight-bounded-seed42-20261004,4,2,conv2,sparsity,0.0,0
tclad-downweight-bounded-seed42-20261004,4,2,conv2,skewness,3.6599784739449555,0
tclad-downweight-bounded-seed42-20261004,4,2,conv2,kurtosis,22.08928878996183,0
tclad-downweight-bounded-seed42-20261004,4,2,fc1,mean,3.630164056636806e-05,0
tclad-downweight-bounded-seed42-20261004,4,2,fc1,std,0.0002212227600725785,0
tclad-downweight-bounded-seed42-20261004,4,2,fc1,median,1.5995465219020844e-07,0
tclad-downweight-bounded-seed42-20261004,4,2,fc1,min,-0.0029556062072515488,0
tclad-downweight-bounded-seed42-20261004,4,2,fc1,max,0.0035164300352334976,0
tclad-downweight-bounded-seed42-20261004,4,2,fc1,l1,10.703150378023793,0
tclad-downweight-bounded-seed42-20261004,4,2,fc1,l2,0.07103969955430292,0
tclad-downweight-bounded-seed42-20261004,4,2,fc1,max_abs,0.0035164300352334976,0
tclad-downweight-bounded-seed42-20261004,4,2,fc1,sparsity,0.0731357552581262,0
tclad-downweight-bounded-seed42-20261004,4,2,fc1,skewness,1.9071459724825401,0
tclad-downweight-bounded-seed42-20261004,4,2,fc1,kurtosis,24.063535081541644,0
tclad-downweight-bounded-seed42-20261004,4,2,output,mean,4.717954792655431e-10,0
tclad-downweight-bounded-seed42-20261004,4,2,output,std,0.0008231847036235427,0
tclad-downweight-bounded-seed42-20261004,4,2,output,median,-4.4284388422966e-06,0
tclad-downweight-bounded-seed42-20261004,4,2,output,min,-0.0032929256558418274,0
tclad-downweight-bounded-seed42-20261004,4,2,output,max,0.0042540207505226135,0
tclad-downweight-bounded-seed42-20261004,4,2,output,l1,0.3355824090249371,0
tclad-downweight-bounded-seed42-20261004,4,2,output,l2,0.020987174335341134,0
tclad-downweight-bounded-seed42-20261004,4,2,output,max_abs,0.0042540207505226135,0
tclad-downweight-bounded-seed42-20261004,4,2,output,sparsity,0.015384615384615385,0
tclad-downweight-bounded-seed42-20261004,4,2,output,skewness,0.6500952688831726,0
tclad-downweight-bounded-seed42-20261004,4,2,output,kurtosis,4.151039281945753,0
tclad-downweight-bounded-seed42-20261004,4,3,conv1,mean,0.0007750680597382598,0
tclad-downweight-bounded-seed42-20261004,4,3,conv1,std,0.0014220349101781566,0
tclad-downweight-bounded-seed42-20261004,4,3,conv1,median,9.180977940559387e-05,0
tclad-downweight-bounded-seed42-20261004,4,3,conv1,min,-0.0014386475086212158,0
tclad-downweight-bounded-seed42-20261004,4,3,conv1,max,0.0055543482303619385,0
tclad-downweight-bounded-seed42-20261004,4,3,conv1,l1,0.14932128484360874,0
tclad-downweight-bounded-seed42-20261004,4,3,conv1,l2,0.020485756155892623,0
tclad-downweight-bounded-seed42-20261004,4,3,conv1,max_abs,0.0055543482303619385,0
tclad-downweight-bounded-seed42-20261004,4,3,conv1,sparsity,0.0,0
tclad-downweight-bounded-seed42-20261004,4,3,conv1,skewness,1.5036266042073936,0
tclad-downweight-bounded-seed42-20261004,4,3,conv1,kurtosis,1.4569228350166838,0
tclad-downweight-bounded-seed42-20261004,4,3,conv2,mean,0.00022429262922224583,0
tclad-downweight-bounded-seed42-20261004,4,3,conv2,std,0.0005563842466679452,0
tclad-downweight-bounded-seed42-20261004,4,3,conv2,median,6.285309791564941e-05,0
tclad-downweight-bounded-seed42-20261004,4,3,conv2,min,-0.0014914879575371742,0
tclad-downweight-bounded-seed42-20261004,4,3,conv2,max,0.0053542256355285645,0
tclad-downweight-bounded-seed42-20261004,4,3,conv2,l1,1.386237310620345,0
tclad-downweight-bounded-seed42-20261004,4,3,conv2,l2,0.040863182040456636,0
tclad-downweight-bounded-seed42-20261004,4,3,conv2,max_abs,0.0053542256355285645,0
tclad-downweight-bounded-seed42-20261004,4,3,conv2,sparsity,0.0004310344827586207,0
tclad-downweight-bounded-seed42-20261004,4,3,conv2,skewness,3.447198012165606,0
tclad-downweight-bounded-seed42-20261004,4,3,conv2,kurtosis,17.552225935661216,0
tclad-downweight-bounded-seed42-20261004,4,3,fc1,mean,3.154211235900247e-05,0
tclad-downweight-bounded-seed42-20261004,4,3,fc1,std,0.000235034989754068,0
tclad-downweight-bounded-seed42-20261004,4,3,fc1,median,0.0,0
tclad-downweight-bounded-seed42-20261004,4,3,fc1,min,-0.0027062837034463882,0
tclad-downweight-bounded-seed42-20261004,4,3,fc1,max,0.0038092415779829025,0
tclad-downweight-bounded-seed42-20261004,4,3,fc1,l1,11.038475667631957,0
tclad-downweight-bounded-seed42-20261004,4,3,fc1,l2,0.07514671947730489,0
tclad-downweight-bounded-seed42-20261004,4,3,fc1,max_abs,0.0038092415779829025,0
tclad-downweight-bounded-seed42-20261004,4,3,fc1,sparsity,0.082138304652645,0
tclad-downweight-bounded-seed42-20261004,4,3,fc1,skewness,2.0791288335050107,0
tclad-downweight-bounded-seed42-20261004,4,3,fc1,kurtosis,27.19852810420298,0
tclad-downweight-bounded-seed42-20261004,4,3,output,mean,-2.342186724910369e-10,0
tclad-downweight-bounded-seed42-20261004,4,3,output,std,0.000929440786308631,0
tclad-downweight-bounded-seed42-20261004,4,3,output,median,-6.292015314102173e-06,0
tclad-downweight-bounded-seed42-20261004,4,3,output,min,-0.0037606344558298588,0
tclad-downweight-bounded-seed42-20261004,4,3,output,max,0.004919033497571945,0
tclad-downweight-bounded-seed42-20261004,4,3,output,l1,0.3769698112446349,0
tclad-downweight-bounded-seed42-20261004,4,3,output,l2,0.023696183530584405,0
tclad-downweight-bounded-seed42-20261004,4,3,output,max_abs,0.004919033497571945,0
tclad-downweight-bounded-seed42-20261004,4,3,output,sparsity,0.03076923076923077,0
tclad-downweight-bounded-seed42-20261004,4,3,output,skewness,0.9842475253869829,0
tclad-downweight-bounded-seed42-20261004,4,3,output,kurtosis,4.767787959799942,0
tclad-downweight-bounded-seed42-20261004,4,4,conv1,mean,0.0007561861697467975,0
tclad-downweight-bounded-seed42-20261004,4,4,conv1,std,0.001386290894919982,0
tclad-downweight-bounded-seed42-20261004,4,4,conv1,median,8.574500679969788e-05,0
tclad-downweight-bounded-seed42-20261004,4,4,conv1,min,-0.0013927668333053589,0
tclad-downweight-bounded-seed42-20261004,4,4,conv1,max,0.005475133657455444,0
tclad-downweight-bounded-seed42-20261004,4,4,conv1,l1,0.14395231031812727,0
tclad-downweight-bounded-seed42-20261004,4,4,conv1,l2,0.019974463571888493,0
tclad-downweight-bounded-seed42-20261004,4,4,conv1,max_abs,0.005475133657455444,0
tclad-downweight-bounded-seed42-20261004,4,4,conv1,sparsity,0.0,0
tclad-downweight-bounded-seed42-20261004,4,4,conv1,skewness,1.5731530510265646,0
tclad-downweight-bounded-seed42-20261004,4,4,conv1,kurtosis,1.6727839730188059,0
tclad-downweight-bounded-seed42-20261004,4,4,conv2,mean,0.00019586048179556607,0
tclad-downweight-bounded-seed42-20261004,4,4,conv2,std,0.0005630426952838279,0
tclad-downweight-bounded-seed42-20261004,4,4,conv2,median,4.455307498574257e-05,0
tclad-downweight-bounded-seed42-20261004,4,4,conv2,min,-0.0014073699712753296,0
tclad-downweight-bounded-seed42-20261004,4,4,conv2,max,0.006094291806221008,0
tclad-downweight-bounded-seed42-20261004,4,4,conv2,l1,1.355946877203678,0
tclad-downweight-bounded-seed42-20261004,4,4,conv2,l2,0.04060733676804406,0
tclad-downweight-bounded-seed42-20261004,4,4,conv2,max_abs,0.006094291806221008,0
tclad-downweight-bounded-seed42-20261004,4,4,conv2,sparsity,0.00021551724137931034,0
tclad-downweight-bounded-seed42-20261004,4,4,conv2,skewness,3.7422843171848172,0
tclad-downweight-bounded-seed42-20261004,4,4,conv2,kurtosis,22.791167927190553,0
tclad-downweight-bounded-seed42-20261004,4,4,fc1,mean,2.9926191271507128e-05,0
tclad-downweight-bounded-seed42-20261004,4,4,fc1,std,0.00023848998305835096,0
tclad-downweight-bounded-seed42-20261004,4,4,fc1,median,0.0,0
tclad-downweight-bounded-seed42-20261004,4,4,fc1,min,-0.002984199672937393,0
tclad-downweight-bounded-seed42-20261004,4,4,fc1,max,0.0041053276509046555,0
tclad-downweight-bounded-seed42-20261004,4,4,fc1,l1,11.21669942895619,0
tclad-downweight-bounded-seed42-20261004,4,4,fc1,l2,0.07616651812101892,0
tclad-downweight-bounded-seed42-20261004,4,4,fc1,max_abs,0.0041053276509046555,0
tclad-downweight-bounded-seed42-20261004,4,4,fc1,sparsity,0.08133166029318037,0
tclad-downweight-bounded-seed42-20261004,4,4,fc1,skewness,2.203919905858438,0
tclad-downweight-bounded-seed42-20261004,4,4,fc1,kurtosis,30.465568146131034,0
tclad-downweight-bounded-seed42-20261004,4,4,output,mean,-5.104364110873296e-12,0
tclad-downweight-bounded-seed42-20261004,4,4,output,std,0.0009634244286186973,0
tclad-downweight-bounded-seed42-20261004,4,4,output,median,-5.360692739486694e-06,0
tclad-downweight-bounded-seed42-20261004,4,4,output,min,-0.0045730844140052795,0
tclad-downweight-bounded-seed42-20261004,4,4,output,max,0.005182862281799316,0
tclad-downweight-bounded-seed42-20261004,4,4,output,l1,0.38610420475015417,0
tclad-downweight-bounded-seed42-20261004,4,4,output,l2,0.024562599806993584,0
tclad-downweight-bounded-seed42-20261004,4,4,output,max_abs,0.005182862281799316,0
tclad-downweight-bounded-seed42-20261004,4,4,output,sparsity,0.03076923076923077,0
tclad-downweight-bounded-seed42-20261004,4,4,output,skewness,1.0506565162292851,0
tclad-downweight-bounded-seed42-20261004,4,4,output,kurtosis,5.469079775899779,0
tclad-downweight-bounded-seed42-20261004,5,0,conv1,mean,0.0011315116222249343,0
tclad-downweight-bounded-seed42-20261004,5,0,conv1,std,0.001947437584393292,0
tclad-downweight-bounded-seed42-20261004,5,0,conv1,median,0.0002041459083557129,0
tclad-downweight-bounded-seed42-20261004,5,0,conv1,min,-0.0016871988773345947,0
tclad-downweight-bounded-seed42-20261004,5,0,conv1,max,0.007379382848739624,0
tclad-downweight-bounded-seed42-20261004,5,0,conv1,l1,0.20805181050673127,0
tclad-downweight-bounded-seed42-20261004,5,0,conv1,l2,0.028489525643892868,0
tclad-downweight-bounded-seed42-20261004,5,0,conv1,max_abs,0.007379382848739624,0
tclad-downweight-bounded-seed42-20261004,5,0,conv1,sparsity,0.0,0
tclad-downweight-bounded-seed42-20261004,5,0,conv1,skewness,1.4826753977470077,0
tclad-downweight-bounded-seed42-20261004,5,0,conv1,kurtosis,1.2239618797335394,0
tclad-downweight-bounded-seed42-20261004,5,0,conv2,mean,0.00027204058287444584,0
tclad-downweight-bounded-seed42-20261004,5,0,conv2,std,0.0007024405850205626,0
tclad-downweight-bounded-seed42-20261004,5,0,conv2,median,6.991438567638397e-05,0
tclad-downweight-bounded-seed42-20261004,5,0,conv2,min,-0.001689627766609192,0
tclad-downweight-bounded-seed42-20261004,5,0,conv2,max,0.00757579505443573,0
tclad-downweight-bounded-seed42-20261004,5,0,conv2,l1,1.718250538197026,0
tclad-downweight-bounded-seed42-20261004,5,0,conv2,l2,0.05131149855106749,0
tclad-downweight-bounded-seed42-20261004,5,0,conv2,max_abs,0.00757579505443573,0
tclad-downweight-bounded-seed42-20261004,5,0,conv2,sparsity,0.0,0
tclad-downweight-bounded-seed42-20261004,5,0,conv2,skewness,3.703089531834704,0
tclad-downweight-bounded-seed42-20261004,5,0,conv2,kurtosis,21.687180556047334,0
tclad-downweight-bounded-seed42-20261004,5,0,fc1,mean,3.58961469795464e-05,0
tclad-downweight-bounded-seed42-20261004,5,0,fc1,std,0.0002680939316112895,0
tclad-downweight-bounded-seed42-20261004,5,0,fc1,median,0.0,0
tclad-downweight-bounded-seed42-20261004,5,0,fc1,min,-0.004038473591208458,0
tclad-downweight-bounded-seed42-20261004,5,0,fc1,max,0.004864339716732502,0
tclad-downweight-bounded-seed42-20261004,5,0,fc1,l1,12.421375306704022,0
tclad-downweight-bounded-seed42-20261004,5,0,fc1,l2,0.0857130370219377,0
tclad-downweight-bounded-seed42-20261004,5,0,fc1,max_abs,0.004864339716732502,0
tclad-downweight-bounded-seed42-20261004,5,0,fc1,sparsity,0.07379302103250478,0
tclad-downweight-bounded-seed42-20261004,5,0,fc1,skewness,1.973946311022761,0
tclad-downweight-bounded-seed42-20261004,5,0,fc1,kurtosis,31.421392237534775,0
tclad-downweight-bounded-seed42-20261004,5,0,output,mean,-7.647591141554026e-11,0
tclad-downweight-bounded-seed42-20261004,5,0,output,std,0.0011065132380872328,0
tclad-downweight-bounded-seed42-20261004,5,0,output,median,-3.0426308512687683e-06,0
tclad-downweight-bounded-seed42-20261004,5,0,output,min,-0.004348084330558777,0
tclad-downweight-bounded-seed42-20261004,5,0,output,max,0.004347585141658783,0
tclad-downweight-bounded-seed42-20261004,5,0,output,l1,0.47277079871855676,0
tclad-downweight-bounded-seed42-20261004,5,0,output,l2,0.02821066296527776,0
tclad-downweight-bounded-seed42-20261004,5,0,output,max_abs,0.004348084330558777,0
tclad-downweight-bounded-seed42-20261004,5,0,output,sparsity,0.015384615384615385,0
tclad-downweight-bounded-seed42-20261004,5,0,output,skewness,0.22312034845433248,0
tclad-downweight-bounded-seed42-20261004,5,0,output,kurtosis,1.9489450605793772,0
tclad-downweight-bounded-seed42-20261004,5,1,conv1,mean,0.0010549572340096346,0
tclad-downweight-bounded-seed42-20261004,5,1,conv1,std,0.0018587438138279175,0
tclad-downweight-bounded-seed42-20261004,5,1,conv1,median,0.00021722912788391113,0
tclad-downweight-bounded-seed42-20261004,5,1,conv1,min,-0.0015313029289245605,0
tclad-downweight-bounded-seed42-20261004,5,1,conv1,max,0.007207125425338745,0
tclad-downweight-bounded-seed42-20261004,5,1,conv1,l1,0.19729477516375482,0
tclad-downweight-bounded-seed42-20261004,5,1,conv1,l2,0.02703438797097596,0
tclad-downweight-bounded-seed42-20261004,5,1,conv1,max_abs,0.007207125425338745,0
tclad-downweight-bounded-seed42-20261004,5,1,conv1,sparsity,0.0,0
tclad-downweight-bounded-seed42-20261004,5,1,conv1,skewness,1.5028736585919455,0
tclad-downweight-bounded-seed42-20261004,5,1,conv1,kurtosis,1.3165811739061395,0
tclad-downweight-bounded-seed42-20261004,5,1,conv2,mean,0.00025080965218452986,0
tclad-downweight-bounded-seed42-20261004,5,1,conv2,std,0.0006729874911640555,0
tclad-downweight-bounded-seed42-20261004,5,1,conv2,median,6.556697189807892e-05,0
tclad-downweight-bounded-seed42-20261004,5,1,conv2,min,-0.0017390772700309753,0
tclad-downweight-bounded-seed42-20261004,5,1,conv2,max,0.007176626473665237,0
tclad-downweight-bounded-seed42-20261004,5,1,conv2,l1,1.6512659883919696,0
tclad-downweight-bounded-seed42-20261004,5,1,conv2,l2,0.048922324886496095,0
tclad-downweight-bounded-seed42-20261004,5,1,conv2,max_abs,0.007176626473665237,0
tclad-downweight-bounded-seed42-20261004,5,1,conv2,sparsity,0.000646551724137931,0
tclad-downweight-bounded-seed42-20261004,5,1,conv2,skewness,3.6967423972836952,0
tclad-downweight-bounded-seed42-20261004,5,1,conv2,kurtosis,21.878232030821056,0
tclad-downweight-bounded-seed42-20261004,5,1,fc1,mean,2.249980091703433e-05,0
tclad-downweight-bounded-seed42-20261004,5,1,fc1,std,0.00025727849853704286,0
tclad-downweight-bounded-seed42-20261004,5,1,fc1,median,0.0,0
tclad-downweight-bounded-seed42-20261004,5,1,fc1,min,-0.0039235614240169525,0
tclad-downweight-bounded-seed42-20261004,5,1,fc1,max,0.0042298538610339165,0
tclad-downweight-bounded-seed42-20261004,5,1,fc1,l1,12.186664686766107,0
tclad-downweight-bounded-seed42-20261004,5,1,fc1,l2,0.08183882481614738,0
tclad-downweight-bounded-seed42-20261004,5,1,fc1,max_abs,0.0042298538610339165,0
tclad-downweight-bounded-seed42-20261004,5,1,fc1,sparsity,0.07240877947737412,0
tclad-downweight-bounded-seed42-20261004,5,1,fc1,skewness,1.5906507403935775,0
tclad-downweight-bounded-seed42-20261004,5,1,fc1,kurtosis,27.41202134589027,0
tclad-downweight-bounded-seed42-20261004,5,1,output,mean,1.6692166145031268e-10,0
tclad-downweight-bounded-seed42-20261004,5,1,output,std,0.0011245031289018818,0
tclad-downweight-bounded-seed42-20261004,5,1,output,median,-3.441236913204193e-06,0
tclad-downweight-bounded-seed42-20261004,5,1,output,min,-0.003994747996330261,0
tclad-downweight-bounded-seed42-20261004,5,1,output,max,0.005054354667663574,0
tclad-downweight-bounded-seed42-20261004,5,1,output,l1,0.46085314452648163,0
tclad-downweight-bounded-seed42-20261004,5,1,output,l2,0.028669316986834507,0
tclad-downweight-bounded-seed42-20261004,5,1,output,max_abs,0.005054354667663574,0
tclad-downweight-bounded-seed42-20261004,5,1,output,sparsity,0.015384615384615385,0
tclad-downweight-bounded-seed42-20261004,5,1,output,skewness,0.8393955241781782,0
tclad-downweight-bounded-seed42-20261004,5,1,output,kurtosis,3.642577886441483,0
tclad-downweight-bounded-seed42-20261004,5,2,conv1,mean,0.0010770077002234756,0
tclad-downweight-bounded-seed42-20261004,5,2,conv1,std,0.0018854943709580166,0
tclad-downweight-bounded-seed42-20261004,5,2,conv1,median,0.00015836581587791443,0
tclad-downweight-bounded-seed42-20261004,5,2,conv1,min,-0.0016758739948272705,0
tclad-downweight-bounded-seed42-20261004,5,2,conv1,max,0.007316768169403076,0
tclad-downweight-bounded-seed42-20261004,5,2,conv1,l1,0.19943216629326344,0
tclad-downweight-bounded-seed42-20261004,5,2,conv1,l2,0.027466443844822802,0
tclad-downweight-bounded-seed42-20261004,5,2,conv1,max_abs,0.007316768169403076,0
tclad-downweight-bounded-seed42-20261004,5,2,conv1,sparsity,0.0,0
tclad-downweight-bounded-seed42-20261004,5,2,conv1,skewness,1.490559642088966,0
tclad-downweight-bounded-seed42-20261004,5,2,conv1,kurtosis,1.247428214656189,0
tclad-downweight-bounded-seed42-20261004,5,2,conv2,mean,0.00026119206220771266,0
tclad-downweight-bounded-seed42-20261004,5,2,conv2,std,0.0006841880826984943,0
tclad-downweight-bounded-seed42-20261004,5,2,conv2,median,6.266031414270401e-05,0
tclad-downweight-bounded-seed42-20261004,5,2,conv2,min,-0.0017842426896095276,0
tclad-downweight-bounded-seed42-20261004,5,2,conv2,max,0.007383355870842934,0
tclad-downweight-bounded-seed42-20261004,5,2,conv2,l1,1.6399784106943116,0
tclad-downweight-bounded-seed42-20261004,5,2,conv2,l2,0.04988579621518224,0
tclad-downweight-bounded-seed42-20261004,5,2,conv2,max_abs,0.007383355870842934,0
tclad-downweight-bounded-seed42-20261004,5,2,conv2,sparsity,0.0,0
tclad-downweight-bounded-seed42-20261004,5,2,conv2,skewness,3.8080427627481126,0
tclad-downweight-bounded-seed42-20261004,5,2,conv2,kurtosis,22.864014759017387,0
tclad-downweight-bounded-seed42-20261004,5,2,fc1,mean,4.468805701840834e-05,0
tclad-downweight-bounded-seed42-20261004,5,2,fc1,std,0.0002553211951232885,0
tclad-downweight-bounded-seed42-20261004,5,2,fc1,median,2.2165477275848389e-07,0
tclad-downweight-bounded-seed42-20261004,5,2,fc1,min,-0.00377116771414876,0
tclad-downweight-bounded-seed42-20261004,5,2,fc1,max,0.004168519750237465,0
tclad-downweight-bounded-seed42-20261004,5,2,fc1,l1,12.36010630022247,0
tclad-downweight-bounded-seed42-20261004,5,2,fc1,l2,0.08213734145281365,0
tclad-downweight-bounded-seed42-20261004,5,2,fc1,max_abs,0.004168519750237465,0
tclad-downweight-bounded-seed42-20261004,5,2,fc1,sparsity,0.07192080943275972,0
tclad-downweight-bounded-seed42-20261004,5,2,fc1,skewness,1.7952588947764734,0
tclad-downweight-bounded-seed42-20261004,5,2,fc1,kurtosis,23.425946572012354,0
tclad-downweight-bounded-seed42-20261004,5,2,output,mean,-4.085730044887616e-10,0
tclad-downweight-bounded-seed42-20261004,5,2,output,std,0.0010711574668434915,0
tclad-downweight-bounded-seed42-20261004,5,2,output,median,-3.03611159324646e-06,0
tclad-downweight-bounded-seed42-20261004,5,2,output,min,-0.004350103437900543,0
tclad-downweight-bounded-seed42-20261004,5,2,output,max,0.005135245621204376,0
tclad-downweight-bounded-seed42-20261004,5,2,output,l1,0.4366461648896802,0
tclad-downweight-bounded-seed42-20261004,5,2,output,l2,0.027309264127829882,0
tclad-downweight-bounded-seed42-20261004,5,2,output,max_abs,0.005135245621204376,0
tclad-downweight-bounded-seed42-20261004,5,2,output,sparsity,0.015384615384615385,0
tclad-downweight-bounded-seed42-20261004,5,2,output,skewness,0.6176107387688864,0
tclad-downweight-bounded-seed42-20261004,5,2,output,kurtosis,4.077689405549719,0
tclad-downweight-bounded-seed42-20261004,5,3,conv1,mean,0.001180108561675297,0
tclad-downweight-bounded-seed42-20261004,5,3,conv1,std,0.002073875978818391,0
tclad-downweight-bounded-seed42-20261004,5,3,conv1,median,0.00015082955360412598,0
tclad-downweight-bounded-seed42-20261004,5,3,conv1,min,-0.0017210543155670166,0
tclad-downweight-bounded-seed42-20261004,5,3,conv1,max,0.008074015378952026,0
tclad-downweight-bounded-seed42-20261004,5,3,conv1,l1,0.21493924327660352,0
tclad-downweight-bounded-seed42-20261004,5,3,conv1,l2,0.03018242612610001,0
tclad-downweight-bounded-seed42-20261004,5,3,conv1,max_abs,0.008074015378952026,0
tclad-downweight-bounded-seed42-20261004,5,3,conv1,sparsity,0.0,0
tclad-downweight-bounded-seed42-20261004,5,3,conv1,skewness,1.5461831185606345,0
tclad-downweight-bounded-seed42-20261004,5,3,conv1,kurtosis,1.439395729122654,0
tclad-downweight-bounded-seed42-20261004,5,3,conv2,mean,0.0002984099964602012,0
tclad-downweight-bounded-seed42-20261004,5,3,conv2,std,0.0007335205248472815,0
tclad-downweight-bounded-seed42-20261004,5,3,conv2,median,7.75754451751709e-05,0
tclad-downweight-bounded-seed42-20261004,5,3,conv2,min,-0.0017120912671089172,0
tclad-downweight-bounded-seed42-20261004,5,3,conv2,max,0.007512154057621956,0
tclad-downweight-bounded-seed42-20261004,5,3,conv2,l1,1.7860924608212372,0
tclad-downweight-bounded-seed42-20261004,5,3,conv2,l2,0.0539420810936006,0
tclad-downweight-bounded-seed42-20261004,5,3,conv2,max_abs,0.007512154057621956,0
tclad-downweight-bounded-seed42-20261004,5,3,conv2,sparsity,0.0004310344827586207,0
tclad-downweight-bounded-seed42-20261004,5,3,conv2,skewness,3.6903785715070723,0
tclad-downweight-bounded-seed42-20261004,5,3,conv2,kurtosis,20.38776344324909,0
tclad-downweight-bounded-seed42-20261004,5,3,fc1,mean,3.529991856440777e-05,0
tclad-downweight-bounded-seed42-20261004,5,3,fc1,std,0.0002633118068825391,0
tclad-downweight-bounded-seed42-20261004,5,3,fc1,median,0.0,0
tclad-downweight-bounded-seed42-20261004,5,3,fc1,min,-0.0032080449163913727,0
tclad-downweight-bounded-seed42-20261004,5,3,fc1,max,0.004260417073965073,0
tclad-downweight-bounded-seed42-20261004,5,3,fc1,l1,12.32500230312516,0
tclad-downweight-bounded-seed42-20261004,5,3,fc1,l2,0.08418598537326868,0
tclad-downweight-bounded-seed42-20261004,5,3,fc1,max_abs,0.004260417073965073,0
tclad-downweight-bounded-seed42-20261004,5,3,fc1,sparsity,0.0812221159974506,0
tclad-downweight-bounded-seed42-20261004,5,3,fc1,skewness,2.0215847512897325,0
tclad-downweight-bounded-seed42-20261004,5,3,fc1,kurtosis,27.35727239447121,0
tclad-downweight-bounded-seed42-20261004,5,3,output,mean,1.7139917382827172e-10,0
tclad-downweight-bounded-seed42-20261004,5,3,output,std,0.001194123020925625,0
tclad-downweight-bounded-seed42-20261004,5,3,output,median,-4.563480615615845e-06,0
tclad-downweight-bounded-seed42-20261004,5,3,output,min,-0.0043667033314704895,0
tclad-downweight-bounded-seed42-20261004,5,3,output,max,0.005975928157567978,0
tclad-downweight-bounded-seed42-20261004,5,3,output,l1,0.4880395244108513,0
tclad-downweight-bounded-seed42-20261004,5,3,output,l2,0.03044428292665095,0
tclad-downweight-bounded-seed42-20261004,5,3,output,max_abs,0.005975928157567978,0
tclad-downweight-bounded-seed42-20261004,5,3,output,sparsity,0.03076923076923077,0
tclad-downweight-bounded-seed42-20261004,5,3,output,skewness,1.002272215956536,0
tclad-downweight-bounded-seed42-20261004,5,3,output,kurtosis,4.5757186592327095,0
tclad-downweight-bounded-seed42-20261004,5,4,conv1,mean,0.0011618616939813365,0
tclad-downweight-bounded-seed42-20261004,5,4,conv1,std,0.0020159379652236594,0
tclad-downweight-bounded-seed42-20261004,5,4,conv1,median,0.0001962706446647644,0
tclad-downweight-bounded-seed42-20261004,5,4,conv1,min,-0.0016884952783584595,0
tclad-downweight-bounded-seed42-20261004,5,4,conv1,max,0.007877200841903687,0
tclad-downweight-bounded-seed42-20261004,5,4,conv1,l1,0.2104803005931899,0
tclad-downweight-bounded-seed42-20261004,5,4,conv1,l2,0.02943176100900872,0
tclad-downweight-bounded-seed42-20261004,5,4,conv1,max_abs,0.007877200841903687,0
tclad-downweight-bounded-seed42-20261004,5,4,conv1,sparsity,0.0,0
tclad-downweight-bounded-seed42-20261004,5,4,conv1,skewness,1.5723251819598214,0
tclad-downweight-bounded-seed42-20261004,5,4,conv1,kurtosis,1.51877554998147,0
tclad-downweight-bounded-seed42-20261004,5,4,conv2,mean,0.00027871302841127733,0
tclad-downweight-bounded-seed42-20261004,5,4,conv2,std,0.0007401335856681154,0
tclad-downweight-bounded-seed42-20261004,5,4,conv2,median,6.415694952011108e-05,0
tclad-downweight-bounded-seed42-20261004,5,4,conv2,min,-0.0017149224877357483,0
tclad-downweight-bounded-seed42-20261004,5,4,conv2,max,0.008187450468540192,0
tclad-downweight-bounded-seed42-20261004,5,4,conv2,l1,1.7389247149585572,0
tclad-downweight-bounded-seed42-20261004,5,4,conv2,l2,0.053872266153728754,0
tclad-downweight-bounded-seed42-20261004,5,4,conv2,max_abs,0.008187450468540192,0
tclad-downweight-bounded-seed42-20261004,5,4,conv2,sparsity,0.00021551724137931034,0
tclad-downweight-bounded-seed42-20261004,5,4,conv2,skewness,3.952641818494275,0
tclad-downweight-bounded-seed42-20261004,5,4,conv2,kurtosis,24.329740573752137,0
tclad-downweight-bounded-seed42-20261004,5,4,fc1,mean,4.1082102091343115e-05,0
tclad-downweight-bounded-seed42-20261004,5,4,fc1,std,0.0002700874050956065,0
tclad-downweight-bounded-seed42-20261004,5,4,fc1,median,0.0,0
tclad-downweight-bounded-seed42-20261004,5,4,fc1,min,-0.0035458821803331375,0
tclad-downweight-bounded-seed42-20261004,5,4,fc1,max,0.005076838657259941,0
tclad-downweight-bounded-seed42-20261004,5,4,fc1,l1,12.694355729867766,0
tclad-downweight-bounded-seed42-20261004,5,4,fc1,l2,0.08657102683739891,0
tclad-downweight-bounded-seed42-20261004,5,4,fc1,max_abs,0.005076838657259941,0
tclad-downweight-bounded-seed42-20261004,5,4,fc1,sparsity,0.08129182600382409,0
tclad-downweight-bounded-seed42-20261004,5,4,fc1,skewness,2.4046388417989637,0
tclad-downweight-bounded-seed42-20261004,5,4,fc1,kurtosis,31.681751888916395,0
tclad-downweight-bounded-seed42-20261004,5,4,output,mean,1.9226438150956081e-10,0
tclad-downweight-bounded-seed42-20261004,5,4,output,std,0.0012242102726390534,0
tclad-downweight-bounded-seed42-20261004,5,4,output,median,-3.997236490249634e-06,0
tclad-downweight-bounded-seed42-20261004,5,4,output,min,-0.004403315484523773,0
tclad-downweight-bounded-seed42-20261004,5,4,output,max,0.006243817508220673,0
tclad-downweight-bounded-seed42-20261004,5,4,output,l1,0.4948957451269962,0
tclad-downweight-bounded-seed42-20261004,5,4,output,l2,0.031211360344636764,0
tclad-downweight-bounded-seed42-20261004,5,4,output,max_abs,0.006243817508220673,0
tclad-downweight-bounded-seed42-20261004,5,4,output,sparsity,0.03076923076923077,0
tclad-downweight-bounded-seed42-20261004,5,4,output,skewness,1.0619774155063126,0
tclad-downweight-bounded-seed42-20261004,5,4,output,kurtosis,4.465708326333902,0
tclad-downweight-bounded-seed42-20261004,6,0,conv1,mean,0.0016389481803344096,0
tclad-downweight-bounded-seed42-20261004,6,0,conv1,std,0.002760303652115281,0
tclad-downweight-bounded-seed42-20261004,6,0,conv1,median,0.0003357352688908577,0
tclad-downweight-bounded-seed42-20261004,6,0,conv1,min,-0.0021676570177078247,0
tclad-downweight-bounded-seed42-20261004,6,0,conv1,max,0.010225445032119751,0
tclad-downweight-bounded-seed42-20261004,6,0,conv1,l1,0.2948615240165964,0
tclad-downweight-bounded-seed42-20261004,6,0,conv1,l2,0.040606260383743646,0
tclad-downweight-bounded-seed42-20261004,6,0,conv1,max_abs,0.010225445032119751,0
tclad-downweight-bounded-seed42-20261004,6,0,conv1,sparsity,0.0,0
tclad-downweight-bounded-seed42-20261004,6,0,conv1,skewness,1.4796575315478873,0
tclad-downweight-bounded-seed42-20261004,6,0,conv1,kurtosis,1.1057179766946952,0
tclad-downweight-bounded-seed42-20261004,6,0,conv2,mean,0.000352013165035385,0
tclad-downweight-bounded-seed42-20261004,6,0,conv2,std,0.0009043493974399788,0
tclad-downweight-bounded-seed42-20261004,6,0,conv2,median,9.28826630115509e-05,0
tclad-downweight-bounded-seed42-20261004,6,0,conv2,min,-0.0022149458527565002,0
tclad-downweight-bounded-seed42-20261004,6,0,conv2,max,0.010007396340370178,0
tclad-downweight-bounded-seed42-20261004,6,0,conv2,l1,2.1861843695969583,0
tclad-downweight-bounded-seed42-20261004,6,0,conv2,l2,0.06610424728168703,0
tclad-downweight-bounded-seed42-20261004,6,0,conv2,max_abs,0.010007396340370178,0
tclad-downweight-bounded-seed42-20261004,6,0,conv2,sparsity,0.00021551724137931034,0
tclad-downweight-bounded-seed42-20261004,6,0,conv2,skewness,3.7860405484574704,0
tclad-downweight-bounded-seed42-20261004,6,0,conv2,kurtosis,22.72232838755792,0
tclad-downweight-bounded-seed42-20261004,6,0,fc1,mean,3.981745094103873e-05,0
tclad-downweight-bounded-seed42-20261004,6,0,fc1,std,0.0003154915733661326,0
tclad-downweight-bounded-seed42-20261004,6,0,fc1,median,0.0,0
tclad-downweight-bounded-seed42-20261004,6,0,fc1,min,-0.004885811358690262,0
tclad-downweight-bounded-seed42-20261004,6,0,fc1,max,0.005558758974075317,0
tclad-downweight-bounded-seed42-20261004,6,0,fc1,l1,14.583979206169943,0
tclad-downweight-bounded-seed42-20261004,6,0,fc1,l2,0.10076756570022921,0
tclad-downweight-bounded-seed42-20261004,6,0,fc1,max_abs,0.005558758974075317,0
tclad-downweight-bounded-seed42-20261004,6,0,fc1,sparsity,0.0816802103250478,0
tclad-downweight-bounded-seed42-20261004,6,0,fc1,skewness,1.7687235043031202,0
tclad-downweight-bounded-seed42-20261004,6,0,fc1,kurtosis,31.145715010780222,0
tclad-downweight-bounded-seed42-20261004,6,0,output,mean,9.966942553336804e-11,0
tclad-downweight-bounded-seed42-20261004,6,0,output,std,0.0014837369692966961,0
tclad-downweight-bounded-seed42-20261004,6,0,output,median,-2.259388566017151e-06,0
tclad-downweight-bounded-seed42-20261004,6,0,output,min,-0.005895264446735382,0
tclad-downweight-bounded-seed42-20261004,6,0,output,max,0.005530543625354767,0
tclad-downweight-bounded-seed42-20261004,6,0,output,l1,0.6423080579261295,0
tclad-downweight-bounded-seed42-20261004,6,0,output,l2,0.03782801879741445,0
tclad-downweight-bounded-seed42-20261004,6,0,output,max_abs,0.005895264446735382,0
tclad-downweight-bounded-seed42-20261004,6,0,output,sparsity,0.03076923076923077,0
tclad-downweight-bounded-seed42-20261004,6,0,output,skewness,0.2182362673015995,0
tclad-downweight-bounded-seed42-20261004,6,0,output,kurtosis,1.9022128802831997,0
tclad-downweight-bounded-seed42-20261004,6,1,conv1,mean,0.0015809993077709806,0
tclad-downweight-bounded-seed42-20261004,6,1,conv1,std,0.0026833028537120614,0
tclad-downweight-bounded-seed42-20261004,6,1,conv1,median,0.000361517071723938,0
tclad-downweight-bounded-seed42-20261004,6,1,conv1,min,-0.001914873719215393,0
tclad-downweight-bounded-seed42-20261004,6,1,conv1,max,0.010016858577728271,0
tclad-downweight-bounded-seed42-20261004,6,1,conv1,l1,0.28731516923289746,0
tclad-downweight-bounded-seed42-20261004,6,1,conv1,l2,0.03939476719750807,0
tclad-downweight-bounded-seed42-20261004,6,1,conv1,max_abs,0.010016858577728271,0
tclad-downweight-bounded-seed42-20261004,6,1,conv1,sparsity,0.0,0
tclad-downweight-bounded-seed42-20261004,6,1,conv1,skewness,1.4832650574298043,0
tclad-downweight-bounded-seed42-20261004,6,1,conv1,kurtosis,1.1117516523200734,0
tclad-downweight-bounded-seed42-20261004,6,1,conv2,mean,0.00033907126401666983,0
tclad-downweight-bounded-seed42-20261004,6,1,conv2,std,0.0008895108833655315,0
tclad-downweight-bounded-seed42-20261004,6,1,conv2,median,8.22087749838829e-05,0
tclad-downweight-bounded-seed42-20261004,6,1,conv2,min,-0.002202428877353668,0
tclad-downweight-bounded-seed42-20261004,6,1,conv2,max,0.009649820625782013,0
tclad-downweight-bounded-seed42-20261004,6,1,conv2,l1,2.1351181004283717,0
tclad-downweight-bounded-seed42-20261004,6,1,conv2,l2,0.06484414431853673,0
tclad-downweight-bounded-seed42-20261004,6,1,conv2,max_abs,0.009649820625782013,0
tclad-downweight-bounded-seed42-20261004,6,1,conv2,sparsity,0.0004310344827586207,0
tclad-downweight-bounded-seed42-20261004,6,1,conv2,skewness,3.8270241123705944,0
tclad-downweight-bounded-seed42-20261004,6,1,conv2,kurtosis,23.13381268769391,0
tclad-downweight-bounded-seed42-20261004,6,1,fc1,mean,3.244228457391106e-05,0
tclad-downweight-bounded-seed42-20261004,6,1,fc1,std,0.00030491530131191824,0
tclad-downweight-bounded-seed42-20261004,6,1,fc1,median,0.0,0
tclad-downweight-bounded-seed42-20261004,6,1,fc1,min,-0.0044548120349645615,0
tclad-downweight-bounded-seed42-20261004,6,1,fc1,max,0.004971330985426903,0
tclad-downweight-bounded-seed42-20261004,6,1,fc1,l1,14.581617264113902,0
tclad-downweight-bounded-seed42-20261004,6,1,fc1,l2,0.09716840551772522,0
tclad-downweight-bounded-seed42-20261004,6,1,fc1,max_abs,0.004971330985426903,0
tclad-downweight-bounded-seed42-20261004,6,1,fc1,sparsity,0.07216977374123645,0
tclad-downweight-bounded-seed42-20261004,6,1,fc1,skewness,1.6269359723707195,0
tclad-downweight-bounded-seed42-20261004,6,1,fc1,kurtosis,26.771315911195888,0
tclad-downweight-bounded-seed42-20261004,6,1,output,mean,-3.156646226461117e-10,0
tclad-downweight-bounded-seed42-20261004,6,1,output,std,0.001507035824391547,0
tclad-downweight-bounded-seed42-20261004,6,1,output,median,-3.043562173843384e-06,0
tclad-downweight-bounded-seed42-20261004,6,1,output,min,-0.0052870288491249084,0
tclad-downweight-bounded-seed42-20261004,6,1,output,max,0.006565064191818237,0
tclad-downweight-bounded-seed42-20261004,6,1,output,l1,0.6231706705875695,0
tclad-downweight-bounded-seed42-20261004,6,1,output,l2,0.038422025381280284,0
tclad-downweight-bounded-seed42-20261004,6,1,output,max_abs,0.006565064191818237,0
tclad-downweight-bounded-seed42-20261004,6,1,output,sparsity,0.015384615384615385,0
tclad-downweight-bounded-seed42-20261004,6,1,output,skewness,0.804435359476209,0
tclad-downweight-bounded-seed42-20261004,6,1,output,kurtosis,3.309612016384518,0
tclad-downweight-bounded-seed42-20261004,6,2,conv1,mean,0.0015751112172438298,0
tclad-downweight-bounded-seed42-20261004,6,2,conv1,std,0.0026754981697402966,0
tclad-downweight-bounded-seed42-20261004,6,2,conv1,median,0.00033904239535331726,0
tclad-downweight-bounded-seed42-20261004,6,2,conv1,min,-0.001963704824447632,0
tclad-downweight-bounded-seed42-20261004,6,2,conv1,max,0.010239988565444946,0
tclad-downweight-bounded-seed42-20261004,6,2,conv1,l1,0.2844561677193269,0
tclad-downweight-bounded-seed42-20261004,6,2,conv1,l2,0.039271905078253615,0
tclad-downweight-bounded-seed42-20261004,6,2,conv1,max_abs,0.010239988565444946,0
tclad-downweight-bounded-seed42-20261004,6,2,conv1,sparsity,0.0,0
tclad-downweight-bounded-seed42-20261004,6,2,conv1,skewness,1.4978609128840892,0
tclad-downweight-bounded-seed42-20261004,6,2,conv1,kurtosis,1.1832476908276348,0
tclad-downweight-bounded-seed42-20261004,6,2,conv2,mean,0.00034050101161255954,0
tclad-downweight-bounded-seed42-20261004,6,2,conv2,std,0.0008832285548080664,0
tclad-downweight-bounded-seed42-20261004,6,2,conv2,median,8.107390021905303e-05,0
tclad-downweight-bounded-seed42-20261004,6,2,conv2,min,-0.002147369086742401,0
tclad-downweight-bounded-seed42-20261004,6,2,conv2,max,0.009674780070781708,0
tclad-downweight-bounded-seed42-20261004,6,2,conv2,l1,2.084161738441253,0
tclad-downweight-bounded-seed42-20261004,6,2,conv2,l2,0.06447942301129951,0
tclad-downweight-bounded-seed42-20261004,6,2,conv2,max_abs,0.009674780070781708,0
tclad-downweight-bounded-seed42-20261004,6,2,conv2,sparsity,0.00021551724137931034,0
tclad-downweight-bounded-seed42-20261004,6,2,conv2,skewness,3.9232898367741322,0
tclad-downweight-bounded-seed42-20261004,6,2,conv2,kurtosis,23.922680825966893,0
tclad-downweight-bounded-seed42-20261004,6,2,fc1,mean,5.3619704993799696e-05,0
tclad-downweight-bounded-seed42-20261004,6,2,fc1,std,0.0002984074132809555,0
tclad-downweight-bounded-seed42-20261004,6,2,fc1,median,5.639158189296722e-07,0
tclad-downweight-bounded-seed42-20261004,6,2,fc1,min,-0.004667570348829031,0
tclad-downweight-bounded-seed42-20261004,6,2,fc1,max,0.004864197224378586,0
tclad-downweight-bounded-seed42-20261004,6,2,fc1,l1,14.396277474221733,0
tclad-downweight-bounded-seed42-20261004,6,2,fc1,l2,0.09607520638647725,0
tclad-downweight-bounded-seed42-20261004,6,2,fc1,max_abs,0.004864197224378586,0
tclad-downweight-bounded-seed42-20261004,6,2,fc1,sparsity,0.07027764499681326,0
tclad-downweight-bounded-seed42-20261004,6,2,fc1,skewness,1.7884493204276908,0
tclad-downweight-bounded-seed42-20261004,6,2,fc1,kurtosis,23.478438069641232,0
tclad-downweight-bounded-seed42-20261004,6,2,output,mean,3.564547604093185e-10,0
tclad-downweight-bounded-seed42-20261004,6,2,output,std,0.0014162965744427907,0
tclad-downweight-bounded-seed42-20261004,6,2,output,median,-1.9924045773223042e-06,0
tclad-downweight-bounded-seed42-20261004,6,2,output,min,-0.005773596465587616,0
tclad-downweight-bounded-seed42-20261004,6,2,output,max,0.006254188716411591,0
tclad-downweight-bounded-seed42-20261004,6,2,output,l1,0.5851892914797645,0
tclad-downweight-bounded-seed42-20261004,6,2,output,l2,0.036108619350593174,0
tclad-downweight-bounded-seed42-20261004,6,2,output,max_abs,0.006254188716411591,0
tclad-downweight-bounded-seed42-20261004,6,2,output,sparsity,0.018461538461538463,0
tclad-downweight-bounded-seed42-20261004,6,2,output,skewness,0.5127415424785372,0
tclad-downweight-bounded-seed42-20261004,6,2,output,kurtosis,3.711438780134733,0
tclad-downweight-bounded-seed42-20261004,6,3,conv1,mean,0.0017180504772113636,0
tclad-downweight-bounded-seed42-20261004,6,3,conv1,std,0.002927688947360887,0
tclad-downweight-bounded-seed42-20261004,6,3,conv1,median,0.00030335038900375366,0
tclad-downweight-bounded-seed42-20261004,6,3,conv1,min,-0.0019695907831192017,0
tclad-downweight-bounded-seed42-20261004,6,3,conv1,max,0.011099040508270264,0
tclad-downweight-bounded-seed42-20261004,6,3,conv1,l1,0.30497286515310407,0
tclad-downweight-bounded-seed42-20261004,6,3,conv1,l2,0.04293820679021478,0
tclad-downweight-bounded-seed42-20261004,6,3,conv1,max_abs,0.011099040508270264,0
tclad-downweight-bounded-seed42-20261004,6,3,conv1,sparsity,0.0,0
tclad-downweight-bounded-seed42-20261004,6,3,conv1,skewness,1.5272250493701194,0
tclad-downweight-bounded-seed42-20261004,6,3,conv1,kurtosis,1.2347756997856312,0
tclad-downweight-bounded-seed42-20261004,6,3,conv2,mean,0.00039208648427982803,0
tclad-downweight-bounded-seed42-20261004,6,3,conv2,std,0.0009506307795313689,0
tclad-downweight-bounded-seed42-20261004,6,3,conv2,median,0.0001025757119350601,0
tclad-downweight-bounded-seed42-20261004,6,3,conv2,min,-0.0022263452410697937,0
tclad-downweight-bounded-seed42-20261004,6,3,conv2,max,0.010060317814350128,0
tclad-downweight-bounded-seed42-20261004,6,3,conv2,l1,2.2796363549387024,0
tclad-downweight-bounded-seed42-20261004,6,3,conv2,l2,0.07004625901704979,0
tclad-downweight-bounded-seed42-20261004,6,3,conv2,max_abs,0.010060317814350128,0
tclad-downweight-bounded-seed42-20261004,6,3,conv2,sparsity,0.0,0
tclad-downweight-bounded-seed42-20261004,6,3,conv2,skewness,3.810332775432027,0
tclad-downweight-bounded-seed42-20261004,6,3,conv2,kurtosis,21.87097687589855,0
tclad-downweight-bounded-seed42-20261004,6,3,fc1,mean,4.46601299842493e-05,0
tclad-downweight-bounded-seed42-20261004,6,3,fc1,std,0.00030790848049936444,0
tclad-downweight-bounded-seed42-20261004,6,3,fc1,median,1.862645149230957e-09,0
tclad-downweight-bounded-seed42-20261004,6,3,fc1,min,-0.0038833264261484146,0
tclad-downweight-bounded-seed42-20261004,6,3,fc1,max,0.00529159139841795,0
tclad-downweight-bounded-seed42-20261004,6,3,fc1,l1,14.345508580304625,0
tclad-downweight-bounded-seed42-20261004,6,3,fc1,l2,0.0985925233257897,0
tclad-downweight-bounded-seed42-20261004,6,3,fc1,max_abs,0.00529159139841795,0
tclad-downweight-bounded-seed42-20261004,6,3,fc1,sparsity,0.07876234862970044,0
tclad-downweight-bounded-seed42-20261004,6,3,fc1,skewness,2.104308371231034,0
tclad-downweight-bounded-seed42-20261004,6,3,fc1,kurtosis,28.362134846591413,0
tclad-downweight-bounded-seed42-20261004,6,3,output,mean,6.60880826986753e-11,0
tclad-downweight-bounded-seed42-20261004,6,3,output,std,0.0015735377658534994,0
tclad-downweight-bounded-seed42-20261004,6,3,output,median,-3.512948751449585e-06,0
tclad-downweight-bounded-seed42-20261004,6,3,output,min,-0.005879111588001251,0
tclad-downweight-bounded-seed42-20261004,6,3,output,max,0.007322855293750763,0
tclad-downweight-bounded-seed42-20261004,6,3,output,l1,0.6565154825802892,0
tclad-downweight-bounded-seed42-20261004,6,3,output,l2,0.040117498867310974,0
tclad-downweight-bounded-seed42-20261004,6,3,output,max_abs,0.007322855293750763,0
tclad-downweight-bounded-seed42-20261004,6,3,output,sparsity,0.03076923076923077,0
tclad-downweight-bounded-seed42-20261004,6,3,output,skewness,0.8847881611714715,0
tclad-downweight-bounded-seed42-20261004,6,3,output,kurtosis,4.0013097119107135,0
tclad-downweight-bounded-seed42-20261004,6,4,conv1,mean,0.001717613177606836,0
tclad-downweight-bounded-seed42-20261004,6,4,conv1,std,0.002890947860624199,0
tclad-downweight-bounded-seed42-20261004,6,4,conv1,median,0.0003392845392227173,0
tclad-downweight-bounded-seed42-20261004,6,4,conv1,min,-0.0021349340677261353,0
tclad-downweight-bounded-seed42-20261004,6,4,conv1,max,0.0110434889793396,0
tclad-downweight-bounded-seed42-20261004,6,4,conv1,l1,0.30481794383376837,0
tclad-downweight-bounded-seed42-20261004,6,4,conv1,l2,0.04253520811889611,0
tclad-downweight-bounded-seed42-20261004,6,4,conv1,max_abs,0.0110434889793396,0
tclad-downweight-bounded-seed42-20261004,6,4,conv1,sparsity,0.0,0
tclad-downweight-bounded-seed42-20261004,6,4,conv1,skewness,1.5394791907596366,0
tclad-downweight-bounded-seed42-20261004,6,4,conv1,kurtosis,1.3139925157824965,0
tclad-downweight-bounded-seed42-20261004,6,4,conv2,mean,0.0003640796617579828,0
tclad-downweight-bounded-seed42-20261004,6,4,conv2,std,0.0009592885905535233,0
tclad-downweight-bounded-seed42-20261004,6,4,conv2,median,7.91158527135849e-05,0
tclad-downweight-bounded-seed42-20261004,6,4,conv2,min,-0.002177305519580841,0
tclad-downweight-bounded-seed42-20261004,6,4,conv2,max,0.010781392455101013,0
tclad-downweight-bounded-seed42-20261004,6,4,conv2,l1,2.2266009870145353,0
tclad-downweight-bounded-seed42-20261004,6,4,conv2,l2,0.06989233938232395,0
tclad-downweight-bounded-seed42-20261004,6,4,conv2,max_abs,0.010781392455101013,0
tclad-downweight-bounded-seed42-20261004,6,4,conv2,sparsity,0.0,0
tclad-downweight-bounded-seed42-20261004,6,4,conv2,skewness,4.005969580876044,0
tclad-downweight-bounded-seed42-20261004,6,4,conv2,kurtosis,24.92426052972543,0
tclad-downweight-bounded-seed42-20261004,6,4,fc1,mean,4.7303098686671496e-05,0
tclad-downweight-bounded-seed42-20261004,6,4,fc1,std,0.000314272509473677,0
tclad-downweight-bounded-seed42-20261004,6,4,fc1,median,8.95324774319306e-08,0
tclad-downweight-bounded-seed42-20261004,6,4,fc1,min,-0.00425947830080986,0
tclad-downweight-bounded-seed42-20261004,6,4,fc1,max,0.0061502158641815186,0
tclad-downweight-bounded-seed42-20261004,6,4,fc1,l1,14.699257317696265,0
tclad-downweight-bounded-seed42-20261004,6,4,fc1,l2,0.10070996638694969,0
tclad-downweight-bounded-seed42-20261004,6,4,fc1,max_abs,0.0061502158641815186,0
tclad-downweight-bounded-seed42-20261004,6,4,fc1,sparsity,0.0801764659018483,0
tclad-downweight-bounded-seed42-20261004,6,4,fc1,skewness,2.292696939685466,0
tclad-downweight-bounded-seed42-20261004,6,4,fc1,kurtosis,31.317380813582396,0
tclad-downweight-bounded-seed42-20261004,6,4,output,mean,-8.955024755918063e-14,0
tclad-downweight-bounded-seed42-20261004,6,4,output,std,0.0015997914698929353,0
tclad-downweight-bounded-seed42-20261004,6,4,output,median,-1.5059486031532288e-06,0
tclad-downweight-bounded-seed42-20261004,6,4,output,min,-0.005147289484739304,0
tclad-downweight-bounded-seed42-20261004,6,4,output,max,0.007952943444252014,0
tclad-downweight-bounded-seed42-20261004,6,4,output,l1,0.6565912523656152,0
tclad-downweight-bounded-seed42-20261004,6,4,output,l2,0.040786839613316805,0
tclad-downweight-bounded-seed42-20261004,6,4,output,max_abs,0.007952943444252014,0
tclad-downweight-bounded-seed42-20261004,6,4,output,sparsity,0.03076923076923077,0
tclad-downweight-bounded-seed42-20261004,6,4,output,skewness,0.9962628079146212,0
tclad-downweight-bounded-seed42-20261004,6,4,output,kurtosis,3.9446182086189685,0
tclad-downweight-bounded-seed42-20261004,7,0,conv1,mean,0.0022964511677855625,0
tclad-downweight-bounded-seed42-20261004,7,0,conv1,std,0.0037971493046198286,0
tclad-downweight-bounded-seed42-20261004,7,0,conv1,median,0.00043194741010665894,0
tclad-downweight-bounded-seed42-20261004,7,0,conv1,min,-0.0024100393056869507,0
tclad-downweight-bounded-seed42-20261004,7,0,conv1,max,0.014049291610717773,0
tclad-downweight-bounded-seed42-20261004,7,0,conv1,l1,0.40674545802176,0
tclad-downweight-bounded-seed42-20261004,7,0,conv1,l2,0.05613131861283648,0
tclad-downweight-bounded-seed42-20261004,7,0,conv1,max_abs,0.014049291610717773,0
tclad-downweight-bounded-seed42-20261004,7,0,conv1,sparsity,0.0,0
tclad-downweight-bounded-seed42-20261004,7,0,conv1,skewness,1.4917349492427394,0
tclad-downweight-bounded-seed42-20261004,7,0,conv1,kurtosis,1.0685356262120802,0
tclad-downweight-bounded-seed42-20261004,7,0,conv2,mean,0.0004346053111248693,0
tclad-downweight-bounded-seed42-20261004,7,0,conv2,std,0.0011448389398699456,0
tclad-downweight-bounded-seed42-20261004,7,0,conv2,median,0.00010638497769832611,0
tclad-downweight-bounded-seed42-20261004,7,0,conv2,min,-0.0028713643550872803,0
tclad-downweight-bounded-seed42-20261004,7,0,conv2,max,0.012948252260684967,0
tclad-downweight-bounded-seed42-20261004,7,0,conv2,l1,2.705943622011546,0
tclad-downweight-bounded-seed42-20261004,7,0,conv2,l2,0.08341376506674572,0
tclad-downweight-bounded-seed42-20261004,7,0,conv2,max_abs,0.012948252260684967,0
tclad-downweight-bounded-seed42-20261004,7,0,conv2,sparsity,0.0,0
tclad-downweight-bounded-seed42-20261004,7,0,conv2,skewness,3.899045259704869,0
tclad-downweight-bounded-seed42-20261004,7,0,conv2,kurtosis,24.08370882205976,0
tclad-downweight-bounded-seed42-20261004,7,0,fc1,mean,4.7099953858582436e-05,0
tclad-downweight-bounded-seed42-20261004,7,0,fc1,std,0.00038274569749590027,0
tclad-downweight-bounded-seed42-20261004,7,0,fc1,median,0.0,0
tclad-downweight-bounded-seed42-20261004,7,0,fc1,min,-0.005776192992925644,0
tclad-downweight-bounded-seed42-20261004,7,0,fc1,max,0.006698910146951675,0
tclad-downweight-bounded-seed42-20261004,7,0,fc1,l1,17.804268267940188,0
tclad-downweight-bounded-seed42-20261004,7,0,fc1,l2,0.12220119448330323,0
tclad-downweight-bounded-seed42-20261004,7,0,fc1,max_abs,0.006698910146951675,0
tclad-downweight-bounded-seed42-20261004,7,0,fc1,sparsity,0.07895156150414277,0
tclad-downweight-bounded-seed42-20261004,7,0,fc1,skewness,1.6017886152223717,0
tclad-downweight-bounded-seed42-20261004,7,0,fc1,kurtosis,30.155916419127962,0
tclad-downweight-bounded-seed42-20261004,7,0,output,mean,-1.4757880797752967e-10,0
tclad-downweight-bounded-seed42-20261004,7,0,output,std,0.0020029633675557783,0
tclad-downweight-bounded-seed42-20261004,7,0,output,median,-1.7583370208740234e-06,0
tclad-downweight-bounded-seed42-20261004,7,0,output,min,-0.007851339876651764,0
tclad-downweight-bounded-seed42-20261004,7,0,output,max,0.00836838036775589,0
tclad-downweight-bounded-seed42-20261004,7,0,output,l1,0.872618397581391,0
tclad-downweight-bounded-seed42-20261004,7,0,output,l2,0.051065746480892286,0
tclad-downweight-bounded-seed42-20261004,7,0,output,max_abs,0.00836838036775589,0
tclad-downweight-bounded-seed42-20261004,7,0,output,sparsity,0.03076923076923077,0
tclad-downweight-bounded-seed42-20261004,7,0,output,skewness,0.2364355092760154,0
tclad-downweight-bounded-seed42-20261004,7,0,output,kurtosis,2.060033034467552,0
tclad-downweight-bounded-seed42-20261004,7,1,conv1,mean,0.0022786868939874694,0
tclad-downweight-bounded-seed42-20261004,7,1,conv1,std,0.003761216536884155,0
tclad-downweight-bounded-seed42-20261004,7,1,conv1,median,0.000524565577507019,0
tclad-downweight-bounded-seed42-20261004,7,1,conv1,min,-0.0021479427814483643,0
tclad-downweight-bounded-seed42-20261004,7,1,conv1,max,0.013807415962219238,0
tclad-downweight-bounded-seed42-20261004,7,1,conv1,l1,0.4040412358008325,0
tclad-downweight-bounded-seed42-20261004,7,1,conv1,l2,0.05562612882185651,0
tclad-downweight-bounded-seed42-20261004,7,1,conv1,max_abs,0.013807415962219238,0
tclad-downweight-bounded-seed42-20261004,7,1,conv1,sparsity,0.0,0
tclad-downweight-bounded-seed42-20261004,7,1,conv1,skewness,1.4788159515166919,0
tclad-downweight-bounded-seed42-20261004,7,1,conv1,kurtosis,1.0032669775171925,0
tclad-downweight-bounded-seed42-20261004,7,1,conv2,mean,0.0004322563799170329,0
tclad-downweight-bounded-seed42-20261004,7,1,conv2,std,0.001146783969897293,0
tclad-downweight-bounded-seed42-20261004,7,1,conv2,median,9.595928713679314e-05,0
tclad-downweight-bounded-seed42-20261004,7,1,conv2,min,-0.0027417466044425964,0
tclad-downweight-bounded-seed42-20261004,7,1,conv2,max,0.012556493282318115,0
tclad-downweight-bounded-seed42-20261004,7,1,conv2,l1,2.6754108784625714,0
tclad-downweight-bounded-seed42-20261004,7,1,conv2,l2,0.08348107569616371,0
tclad-downweight-bounded-seed42-20261004,7,1,conv2,max_abs,0.012556493282318115,0
tclad-downweight-bounded-seed42-20261004,7,1,conv2,sparsity,0.000646551724137931,0
tclad-downweight-bounded-seed42-20261004,7,1,conv2,skewness,3.922906555448627,0
tclad-downweight-bounded-seed42-20261004,7,1,conv2,kurtosis,23.66239201601732,0
tclad-downweight-bounded-seed42-20261004,7,1,fc1,mean,4.1716273769826137e-05,0
tclad-downweight-bounded-seed42-20261004,7,1,fc1,std,0.0003664236973141766,0
tclad-downweight-bounded-seed42-20261004,7,1,fc1,median,0.0,0
tclad-downweight-bounded-seed42-20261004,7,1,fc1,min,-0.004852732643485069,0
tclad-downweight-bounded-seed42-20261004,7,1,fc1,max,0.005867280066013336,0
tclad-downweight-bounded-seed42-20261004,7,1,fc1,l1,17.490933595530606,0
tclad-downweight-bounded-seed42-20261004,7,1,fc1,l2,0.11686417791444265,0
tclad-downweight-bounded-seed42-20261004,7,1,fc1,max_abs,0.005867280066013336,0
tclad-downweight-bounded-seed42-20261004,7,1,fc1,sparsity,0.07072578075207138,0
tclad-downweight-bounded-seed42-20261004,7,1,fc1,skewness,1.7577067922293537,0
tclad-downweight-bounded-seed42-20261004,7,1,fc1,kurtosis,25.743088891639463,0
tclad-downweight-bounded-seed42-20261004,7,1,output,mean,3.940210892603948e-11,0
tclad-downweight-bounded-seed42-20261004,7,1,output,std,0.002018458475721635,0
tclad-downweight-bounded-seed42-20261004,7,1,output,median,-1.8561258912086487e-06,0
tclad-downweight-bounded-seed42-20261004,7,1,output,min,-0.0069318488240242004,0
tclad-downweight-bounded-seed42-20261004,7,1,output,max,0.008542969822883606,0
tclad-downweight-bounded-seed42-20261004,7,1,output,l1,0.8517621024511755,0
tclad-downweight-bounded-seed42-20261004,7,1,output,l2,0.051460795775406847,0
tclad-downweight-bounded-seed42-20261004,7,1,output,max_abs,0.008542969822883606,0
tclad-downweight-bounded-seed42-20261004,7,1,output,sparsity,0.015384615384615385,0
tclad-downweight-bounded-seed42-20261004,7,1,output,skewness,0.7020510808093436,0
tclad-downweight-bounded-seed42-20261004,7,1,output,kurtosis,2.7160311220335274,0
tclad-downweight-bounded-seed42-20261004,7,2,conv1,mean,0.002212034460535506,0
tclad-downweight-bounded-seed42-20261004,7,2,conv1,std,0.003668465053505103,0
tclad-downweight-bounded-seed42-20261004,7,2,conv1,median,0.0004763305187225342,0
tclad-downweight-bounded-seed42-20261004,7,2,conv1,min,-0.00224989652633667,0
tclad-downweight-bounded-seed42-20261004,7,2,conv1,max,0.013806939125061035,0
tclad-downweight-bounded-seed42-20261004,7,2,conv1,l1,0.39261625648941845,0
tclad-downweight-bounded-seed42-20261004,7,2,conv1,l2,0.054185949918235894,0
tclad-downweight-bounded-seed42-20261004,7,2,conv1,max_abs,0.013806939125061035,0
tclad-downweight-bounded-seed42-20261004,7,2,conv1,sparsity,0.0,0
tclad-downweight-bounded-seed42-20261004,7,2,conv1,skewness,1.4852338984878506,0
tclad-downweight-bounded-seed42-20261004,7,2,conv1,kurtosis,1.0678165743565033,0
tclad-downweight-bounded-seed42-20261004,7,2,conv2,mean,0.00041810778241848186,0
tclad-downweight-bounded-seed42-20261004,7,2,conv2,std,0.0011139540333531643,0
tclad-downweight-bounded-seed42-20261004,7,2,conv2,median,9.064748883247375e-05,0
tclad-downweight-bounded-seed42-20261004,7,2,conv2,min,-0.0026520341634750366,0
tclad-downweight-bounded-seed42-20261004,7,2,conv2,max,0.01240994781255722,0
tclad-downweight-bounded-seed42-20261004,7,2,conv2,l1,2.565039329267165,0
tclad-downweight-bounded-seed42-20261004,7,2,conv2,l2,0.08104865055324519,0
tclad-downweight-bounded-seed42-20261004,7,2,conv2,max_abs,0.01240994781255722,0
tclad-downweight-bounded-seed42-20261004,7,2,conv2,sparsity,0.0,0
tclad-downweight-bounded-seed42-20261004,7,2,conv2,skewness,4.0217638697125055,0
tclad-downweight-bounded-seed42-20261004,7,2,conv2,kurtosis,24.810667335609203,0
tclad-downweight-bounded-seed42-20261004,7,2,fc1,mean,6.22634320463394e-05,0
tclad-downweight-bounded-seed42-20261004,7,2,fc1,std,0.00034939217362507267,0
tclad-downweight-bounded-seed42-20261004,7,2,fc1,median,7.948838174343109e-07,0
tclad-downweight-bounded-seed42-20261004,7,2,fc1,min,-0.005953979212790728,0
tclad-downweight-bounded-seed42-20261004,7,2,fc1,max,0.006241515278816223,0
tclad-downweight-bounded-seed42-20261004,7,2,fc1,l1,16.855336596172947,0
tclad-downweight-bounded-seed42-20261004,7,2,fc1,l2,0.11246136435444766,0
tclad-downweight-bounded-seed42-20261004,7,2,fc1,max_abs,0.006241515278816223,0
tclad-downweight-bounded-seed42-20261004,7,2,fc1,sparsity,0.07785611854684513,0
tclad-downweight-bounded-seed42-20261004,7,2,fc1,skewness,1.6998370865695995,0
tclad-downweight-bounded-seed42-20261004,7,2,fc1,kurtosis,23.910573301507405,0
tclad-downweight-bounded-seed42-20261004,7,2,output,mean,1.8433918460057332e-10,0
tclad-downweight-bounded-seed42-20261004,7,2,output,std,0.0018551240282305083,0
tclad-downweight-bounded-seed42-20261004,7,2,output,median,-8.344650268554688e-07,0
tclad-downweight-bounded-seed42-20261004,7,2,output,min,-0.0076154544949531555,0
tclad-downweight-bounded-seed42-20261004,7,2,output,max,0.007735386490821838,0
tclad-downweight-bounded-seed42-20261004,7,2,output,l1,0.7905867623339873,0
tclad-downweight-bounded-seed42-20261004,7,2,output,l2,0.04729656810041131,0
tclad-downweight-bounded-seed42-20261004,7,2,output,max_abs,0.007735386490821838,0
tclad-downweight-bounded-seed42-20261004,7,2,output,sparsity,0.03076923076923077,0
tclad-downweight-bounded-seed42-20261004,7,2,output,skewness,0.21812689149773262,0
tclad-downweight-bounded-seed42-20261004,7,2,output,kurtosis,2.712681903804718,0
tclad-downweight-bounded-seed42-20261004,7,3,conv1,mean,0.0024240045808255673,0
tclad-downweight-bounded-seed42-20261004,7,3,conv1,std,0.004013938535958905,0
tclad-downweight-bounded-seed42-20261004,7,3,conv1,median,0.0004433877766132355,0
tclad-downweight-bounded-seed42-20261004,7,3,conv1,min,-0.002382636070251465,0
tclad-downweight-bounded-seed42-20261004,7,3,conv1,max,0.015072137117385864,0
tclad-downweight-bounded-seed42-20261004,7,3,conv1,l1,0.42480950662866235,0
tclad-downweight-bounded-seed42-20261004,7,3,conv1,l2,0.0593127315551314,0
tclad-downweight-bounded-seed42-20261004,7,3,conv1,max_abs,0.015072137117385864,0
tclad-downweight-bounded-seed42-20261004,7,3,conv1,sparsity,0.0,0
tclad-downweight-bounded-seed42-20261004,7,3,conv1,skewness,1.5164454148999766,0
tclad-downweight-bounded-seed42-20261004,7,3,conv1,kurtosis,1.15370688216262,0
tclad-downweight-bounded-seed42-20261004,7,3,conv2,mean,0.0004749731029231294,0
tclad-downweight-bounded-seed42-20261004,7,3,conv2,std,0.0012103219236291483,0
tclad-downweight-bounded-seed42-20261004,7,3,conv2,median,0.00010924367234110832,0
tclad-downweight-bounded-seed42-20261004,7,3,conv2,min,-0.0027880072593688965,0
tclad-downweight-bounded-seed42-20261004,7,3,conv2,max,0.013446636497974396,0
tclad-downweight-bounded-seed42-20261004,7,3,conv2,l1,2.8027184527745703,0
tclad-downweight-bounded-seed42-20261004,7,3,conv2,l2,0.08856534727507442,0
tclad-downweight-bounded-seed42-20261004,7,3,conv2,max_abs,0.013446636497974396,0
tclad-downweight-bounded-seed42-20261004,7,3,conv2,sparsity,0.0,0
tclad-downweight-bounded-seed42-20261004,7,3,conv2,skewness,4.021927126447221,0
tclad-downweight-bounded-seed42-20261004,7,3,conv2,kurtosis,24.600119584589656,0
tclad-downweight-bounded-seed42-20261004,7,3,fc1,mean,5.217963831498961e-05,0
tclad-downweight-bounded-seed42-20261004,7,3,fc1,std,0.000362633972013584,0
tclad-downweight-bounded-seed42-20261004,7,3,fc1,median,0.0,0
tclad-downweight-bounded-seed42-20261004,7,3,fc1,min,-0.0045394860208034515,0
tclad-downweight-bounded-seed42-20261004,7,3,fc1,max,0.0065963054075837135,0
tclad-downweight-bounded-seed42-20261004,7,3,fc1,l1,16.992032731227596,0
tclad-downweight-bounded-seed42-20261004,7,3,fc1,l2,0.11609672387292166,0
tclad-downweight-bounded-seed42-20261004,7,3,fc1,max_abs,0.0065963054075837135,0
tclad-downweight-bounded-seed42-20261004,7,3,fc1,sparsity,0.07770673996175909,0
tclad-downweight-bounded-seed42-20261004,7,3,fc1,skewness,2.0649956991139704,0
tclad-downweight-bounded-seed42-20261004,7,3,fc1,kurtosis,27.937644027690162,0
tclad-downweight-bounded-seed42-20261004,7,3,output,mean,-6.268517329142644e-12,0
tclad-downweight-bounded-seed42-20261004,7,3,output,std,0.002055759611153899,0
tclad-downweight-bounded-seed42-20261004,7,3,output,median,-1.2759119272232056e-06,0
tclad-downweight-bounded-seed42-20261004,7,3,output,min,-0.00782603770494461,0
tclad-downweight-bounded-seed42-20261004,7,3,output,max,0.008980244398117065,0
tclad-downweight-bounded-seed42-20261004,7,3,output,l1,0.879600137937814,0
tclad-downweight-bounded-seed42-20261004,7,3,output,l2,0.05241179186264823,0
tclad-downweight-bounded-seed42-20261004,7,3,output,max_abs,0.008980244398117065,0
tclad-downweight-bounded-seed42-20261004,7,3,output,sparsity,0.036923076923076927,0
tclad-downweight-bounded-seed42-20261004,7,3,output,skewness,0.6407425338218109,0
tclad-downweight-bounded-seed42-20261004,7,3,output,kurtosis,2.9686865703980123,0
tclad-downweight-bounded-seed42-20261004,7,4,conv1,mean,0.0024341045376786497,0
tclad-downweight-bounded-seed42-20261004,7,4,conv1,std,0.004016762309309849,0
tclad-downweight-bounded-seed42-20261004,7,4,conv1,median,0.00043464452028274536,0
tclad-downweight-bounded-seed42-20261004,7,4,conv1,min,-0.002643197774887085,0
tclad-downweight-bounded-seed42-20261004,7,4,conv1,max,0.014959007501602173,0
tclad-downweight-bounded-seed42-20261004,7,4,conv1,l1,0.4262190257431939,0
tclad-downweight-bounded-seed42-20261004,7,4,conv1,l2,0.05940941925296356,0
tclad-downweight-bounded-seed42-20261004,7,4,conv1,max_abs,0.014959007501602173,0
tclad-downweight-bounded-seed42-20261004,7,4,conv1,sparsity,0.0,0
tclad-downweight-bounded-seed42-20261004,7,4,conv1,skewness,1.5052077752701636,0
tclad-downweight-bounded-seed42-20261004,7,4,conv1,kurtosis,1.1058571496030538,0
tclad-downweight-bounded-seed42-20261004,7,4,conv2,mean,0.00044834566374604413,0
tclad-downweight-bounded-seed42-20261004,7,4,conv2,std,0.001228044728429101,0
tclad-downweight-bounded-seed42-20261004,7,4,conv2,median,9.074201807379723e-05,0
tclad-downweight-bounded-seed42-20261004,7,4,conv2,min,-0.0027585700154304504,0
tclad-downweight-bounded-seed42-20261004,7,4,conv2,max,0.014119409024715424,0
tclad-downweight-bounded-seed42-20261004,7,4,conv2,l1,2.750046941371693,0
tclad-downweight-bounded-seed42-20261004,7,4,conv2,l2,0.0890520054686691,0
tclad-downweight-bounded-seed42-20261004,7,4,conv2,max_abs,0.014119409024715424,0
tclad-downweight-bounded-seed42-20261004,7,4,conv2,sparsity,0.0,0
tclad-downweight-bounded-seed42-20261004,7,4,conv2,skewness,4.2047394260824404,0
tclad-downweight-bounded-seed42-20261004,7,4,conv2,kurtosis,27.087735679792726,0
tclad-downweight-bounded-seed42-20261004,7,4,fc1,mean,5.569158699902585e-05,0
tclad-downweight-bounded-seed42-20261004,7,4,fc1,std,0.00036908145784100247,0
tclad-downweight-bounded-seed42-20261004,7,4,fc1,median,4.6100467443466187e-08,0
tclad-downweight-bounded-seed42-20261004,7,4,fc1,min,-0.0052068717777729034,0
tclad-downweight-bounded-seed42-20261004,7,4,fc1,max,0.007165856659412384,0
tclad-downweight-bounded-seed42-20261004,7,4,fc1,l1,17.30319060996294,0
tclad-downweight-bounded-seed42-20261004,7,4,fc1,l2,0.11828028479594954,0
tclad-downweight-bounded-seed42-20261004,7,4,fc1,max_abs,0.007165856659412384,0
tclad-downweight-bounded-seed42-20261004,7,4,fc1,sparsity,0.07759719566602932,0
tclad-downweight-bounded-seed42-20261004,7,4,fc1,skewness,2.212729559496141,0
tclad-downweight-bounded-seed42-20261004,7,4,fc1,kurtosis,31.138513190780834,0
tclad-downweight-bounded-seed42-20261004,7,4,output,mean,-5.390477151824878e-10,0
tclad-downweight-bounded-seed42-20261004,7,4,output,std,0.0020827689781691638,0
tclad-downweight-bounded-seed42-20261004,7,4,output,median,-5.997717380523682e-07,0
tclad-downweight-bounded-seed42-20261004,7,4,output,min,-0.0068729594349861145,0
tclad-downweight-bounded-seed42-20261004,7,4,output,max,0.009929686784744263,0
tclad-downweight-bounded-seed42-20261004,7,4,output,l1,0.8784419212897774,0
tclad-downweight-bounded-seed42-20261004,7,4,output,l2,0.05310039830995313,0
tclad-downweight-bounded-seed42-20261004,7,4,output,max_abs,0.009929686784744263,0
tclad-downweight-bounded-seed42-20261004,7,4,output,sparsity,0.03076923076923077,0
tclad-downweight-bounded-seed42-20261004,7,4,output,skewness,0.7995308092548441,0
tclad-downweight-bounded-seed42-20261004,7,4,output,kurtosis,3.195020344813056,0
tclad-downweight-bounded-seed42-20261004,8,0,conv1,mean,0.00304467068563099,0
tclad-downweight-bounded-seed42-20261004,8,0,conv1,std,0.004911463419956385,0
tclad-downweight-bounded-seed42-20261004,8,0,conv1,median,0.0007126703858375549,0
tclad-downweight-bounded-seed42-20261004,8,0,conv1,min,-0.002485498785972595,0
tclad-downweight-bounded-seed42-20261004,8,0,conv1,max,0.018109381198883057,0
tclad-downweight-bounded-seed42-20261004,8,0,conv1,l1,0.5312848236644641,0
tclad-downweight-bounded-seed42-20261004,8,0,conv1,l2,0.07309445123620299,0
tclad-downweight-bounded-seed42-20261004,8,0,conv1,max_abs,0.018109381198883057,0
tclad-downweight-bounded-seed42-20261004,8,0,conv1,sparsity,0.0,0
tclad-downweight-bounded-seed42-20261004,8,0,conv1,skewness,1.4869095740342029,0
tclad-downweight-bounded-seed42-20261004,8,0,conv1,kurtosis,1.023577433790777,0
tclad-downweight-bounded-seed42-20261004,8,0,conv2,mean,0.0005017143132543675,0
tclad-downweight-bounded-seed42-20261004,8,0,conv2,std,0.0013803852108989249,0
tclad-downweight-bounded-seed42-20261004,8,0,conv2,median,0.00011469796299934387,0
tclad-downweight-bounded-seed42-20261004,8,0,conv2,min,-0.0033252835273742676,0
tclad-downweight-bounded-seed42-20261004,8,0,conv2,max,0.01585335284471512,0
tclad-downweight-bounded-seed42-20261004,8,0,conv2,l1,3.1642666153638856,0
tclad-downweight-bounded-seed42-20261004,8,0,conv2,l2,0.10004657866829059,0
tclad-downweight-bounded-seed42-20261004,8,0,conv2,max_abs,0.01585335284471512,0
tclad-downweight-bounded-seed42-20261004,8,0,conv2,sparsity,0.0,0
tclad-downweight-bounded-seed42-20261004,8,0,conv2,skewness,4.083129822967587,0
tclad-downweight-bounded-seed42-20261004,8,0,conv2,kurtosis,25.904693043971985,0
tclad-downweight-bounded-seed42-20261004,8,0,fc1,mean,4.929187920548792e-05,0
tclad-downweight-bounded-seed42-20261004,8,0,fc1,std,0.0004496399573743944,0
tclad-downweight-bounded-seed42-20261004,8,0,fc1,median,0.0,0
tclad-downweight-bounded-seed42-20261004,8,0,fc1,min,-0.007557726465165615,0
tclad-downweight-bounded-seed42-20261004,8,0,fc1,max,0.008160844445228577,0
tclad-downweight-bounded-seed42-20261004,8,0,fc1,l1,20.72897504591711,0
tclad-downweight-bounded-seed42-20261004,8,0,fc1,l2,0.14333769241572447,0
tclad-downweight-bounded-seed42-20261004,8,0,fc1,max_abs,0.008160844445228577,0
tclad-downweight-bounded-seed42-20261004,8,0,fc1,sparsity,0.0756453154875717,0
tclad-downweight-bounded-seed42-20261004,8,0,fc1,skewness,1.3936355875511608,0
tclad-downweight-bounded-seed42-20261004,8,0,fc1,kurtosis,30.173721382412268,0
tclad-downweight-bounded-seed42-20261004,8,0,output,mean,-1.641008286521985e-10,0
tclad-downweight-bounded-seed42-20261004,8,0,output,std,0.0026249778397787384,0
tclad-downweight-bounded-seed42-20261004,8,0,output,median,-1.7900019884109497e-06,0
tclad-downweight-bounded-seed42-20261004,8,0,output,min,-0.009806603193283081,0
tclad-downweight-bounded-seed42-20261004,8,0,output,max,0.013038955628871918,0
tclad-downweight-bounded-seed42-20261004,8,0,output,l1,1.1446339995891321,0
tclad-downweight-bounded-seed42-20261004,8,0,output,l2,0.06692406613890224,0
tclad-downweight-bounded-seed42-20261004,8,0,output,max_abs,0.013038955628871918,0
tclad-downweight-bounded-seed42-20261004,8,0,output,sparsity,0.03076923076923077,0
tclad-downweight-bounded-seed42-20261004,8,0,output,skewness,0.37700633429801955,0
tclad-downweight-bounded-seed42-20261004,8,0,output,kurtosis,2.4872691038019763,0
tclad-downweight-bounded-seed42-20261004,8,1,conv1,mean,0.0030399333940295038,0
tclad-downweight-bounded-seed42-20261004,8,1,conv1,std,0.0049392334546222005,0
tclad-downweight-bounded-seed42-20261004,8,1,conv1,median,0.0006820410490036011,0
tclad-downweight-bounded-seed42-20261004,8,1,conv1,min,-0.0024647265672683716,0
tclad-downweight-bounded-seed42-20261004,8,1,conv1,max,0.01796555519104004,0
tclad-downweight-bounded-seed42-20261004,8,1,conv1,l1,0.5333533176453784,0
tclad-downweight-bounded-seed42-20261004,8,1,conv1,l2,0.07336181258327239,0
tclad-downweight-bounded-seed42-20261004,8,1,conv1,max_abs,0.01796555519104004,0
tclad-downweight-bounded-seed42-20261004,8,1,conv1,sparsity,0.0,0
tclad-downweight-bounded-seed42-20261004,8,1,conv1,skewness,1.4751714170746606,0
tclad-downweight-bounded-seed42-20261004,8,1,conv1,kurtosis,0.9507163285306506,0
tclad-downweight-bounded-seed42-20261004,8,1,conv2,mean,0.0005111270847409883,0
tclad-downweight-bounded-seed42-20261004,8,1,conv2,std,0.001389558634787121,0
tclad-downweight-bounded-seed42-20261004,8,1,conv2,median,0.00010475469753146172,0
tclad-downweight-bounded-seed42-20261004,8,1,conv2,min,-0.0032300055027008057,0
tclad-downweight-bounded-seed42-20261004,8,1,conv2,max,0.015764690935611725,0
tclad-downweight-bounded-seed42-20261004,8,1,conv2,l1,3.121633555881999,0
tclad-downweight-bounded-seed42-20261004,8,1,conv2,l2,0.10085363556501138,0
tclad-downweight-bounded-seed42-20261004,8,1,conv2,max_abs,0.015764690935611725,0
tclad-downweight-bounded-seed42-20261004,8,1,conv2,sparsity,0.0,0
tclad-downweight-bounded-seed42-20261004,8,1,conv2,skewness,4.20924920662924,0
tclad-downweight-bounded-seed42-20261004,8,1,conv2,kurtosis,26.86702412326464,0
tclad-downweight-bounded-seed42-20261004,8,1,fc1,mean,4.7316722362600684e-05,0
tclad-downweight-bounded-seed42-20261004,8,1,fc1,std,0.0004150561319006459,0
tclad-downweight-bounded-seed42-20261004,8,1,fc1,median,0.0,0
tclad-downweight-bounded-seed42-20261004,8,1,fc1,min,-0.0049018412828445435,0
tclad-downweight-bounded-seed42-20261004,8,1,fc1,max,0.006808629259467125,0
tclad-downweight-bounded-seed42-20261004,8,1,fc1,l1,19.737154645881446,0
tclad-downweight-bounded-seed42-20261004,8,1,fc1,l2,0.13237689691831223,0
tclad-downweight-bounded-seed42-20261004,8,1,fc1,max_abs,0.006808629259467125,0
tclad-downweight-bounded-seed42-20261004,8,1,fc1,sparsity,0.0773382727852135,0
tclad-downweight-bounded-seed42-20261004,8,1,fc1,skewness,1.801929348170014,0
tclad-downweight-bounded-seed42-20261004,8,1,fc1,kurtosis,26.02844650443089,0
tclad-downweight-bounded-seed42-20261004,8,1,output,mean,2.7290437943660297e-10,0
tclad-downweight-bounded-seed42-20261004,8,1,output,std,0.002581709690745968,0
tclad-downweight-bounded-seed42-20261004,8,1,output,median,-1.2423843145370483e-06,0
tclad-downweight-bounded-seed42-20261004,8,1,output,min,-0.008472681045532227,0
tclad-downweight-bounded-seed42-20261004,8,1,output,max,0.009541094303131104,0
tclad-downweight-bounded-seed42-20261004,8,1,output,l1,1.1188516810361762,0
tclad-downweight-bounded-seed42-20261004,8,1,output,l2,0.0658209404577268,0
tclad-downweight-bounded-seed42-20261004,8,1,output,max_abs,0.009541094303131104,0
tclad-downweight-bounded-seed42-20261004,8,1,output,sparsity,0.03076923076923077,0
tclad-downweight-bounded-seed42-20261004,8,1,output,skewness,0.5558509396891352,0
tclad-downweight-bounded-seed42-20261004,8,1,output,kurtosis,2.0409097724276855,0
tclad-downweight-bounded-seed42-20261004,8,2,conv1,mean,0.002877730735053774,0
tclad-downweight-bounded-seed42-20261004,8,2,conv1,std,0.004711590191651594,0
tclad-downweight-bounded-seed42-20261004,8,2,conv1,median,0.0005564428865909576,0
tclad-downweight-bounded-seed42-20261004,8,2,conv1,min,-0.0023405998945236206,0
tclad-downweight-bounded-seed42-20261004,8,2,conv1,max,0.017528504133224487,0
tclad-downweight-bounded-seed42-20261004,8,2,conv1,l1,0.5041863152291626,0
tclad-downweight-bounded-seed42-20261004,8,2,conv1,l2,0.06983456601717018,0
tclad-downweight-bounded-seed42-20261004,8,2,conv1,max_abs,0.017528504133224487,0
tclad-downweight-bounded-seed42-20261004,8,2,conv1,sparsity,0.0,0
tclad-downweight-bounded-seed42-20261004,8,2,conv1,skewness,1.4902146571987442,0
tclad-downweight-bounded-seed42-20261004,8,2,conv1,kurtosis,1.0238741043600808,0
tclad-downweight-bounded-seed42-20261004,8,2,conv2,mean,0.000485487512526498,0
tclad-downweight-bounded-seed42-20261004,8,2,conv2,std,0.0013253743872390748,0
tclad-downweight-bounded-seed42-20261004,8,2,conv2,median,9.6853356808424e-05,0
tclad-downweight-bounded-seed42-20261004,8,2,conv2,min,-0.003045126795768738,0
tclad-downweight-bounded-seed42-20261004,8,2,conv2,max,0.015146113932132721,0
tclad-downweight-bounded-seed42-20261004,8,2,conv2,l1,2.9712211613841646,0
tclad-downweight-bounded-seed42-20261004,8,2,conv2,l2,0.09614750862618299,0
tclad-downweight-bounded-seed42-20261004,8,2,conv2,max_abs,0.015146113932132721,0
tclad-downweight-bounded-seed42-20261004,8,2,conv2,sparsity,0.00021551724137931034,0
tclad-downweight-bounded-seed42-20261004,8,2,conv2,skewness,4.187366098838468,0
tclad-downweight-bounded-seed42-20261004,8,2,conv2,kurtosis,26.594137584576554,0
tclad-downweight-bounded-seed42-20261004,8,2,fc1,mean,6.446367184700404e-05,0
tclad-downweight-bounded-seed42-20261004,8,2,fc1,std,0.00040314434334893693,0
tclad-downweight-bounded-seed42-20261004,8,2,fc1,median,1.2549571692943573e-07,0
tclad-downweight-bounded-seed42-20261004,8,2,fc1,min,-0.006928209215402603,0
tclad-downweight-bounded-seed42-20261004,8,2,fc1,max,0.007062364369630814,0
tclad-downweight-bounded-seed42-20261004,8,2,fc1,l1,19.274569870300127,0
tclad-downweight-bounded-seed42-20261004,8,2,fc1,l2,0.12937322722137787,0
tclad-downweight-bounded-seed42-20261004,8,2,fc1,max_abs,0.007062364369630814,0
tclad-downweight-bounded-seed42-20261004,8,2,fc1,sparsity,0.08615160930528999,0
tclad-downweight-bounded-seed42-20261004,8,2,fc1,skewness,1.520894736716415,0
tclad-downweight-bounded-seed42-20261004,8,2,fc1,kurtosis,24.011277151280186,0
tclad-downweight-bounded-seed42-20261004,8,2,output,mean,-9.228153010973564e-11,0
tclad-downweight-bounded-seed42-20261004,8,2,output,std,0.002341960322710517,0
tclad-downweight-bounded-seed42-20261004,8,2,output,median,-2.3469328880310059e-07,0
tclad-downweight-bounded-seed42-20261004,8,2,output,min,-0.009477861225605011,0
tclad-downweight-bounded-seed42-20261004,8,2,output,max,0.00790703296661377,0
tclad-downweight-bounded-seed42-20261004,8,2,output,l1,1.0400652269890998,0
tclad-downweight-bounded-seed42-20261004,8,2,output,l2,0.059708506927804945,0
tclad-downweight-bounded-seed42-20261004,8,2,output,max_abs,0.009477861225605011,0
tclad-downweight-bounded-seed42-20261004,8,2,output,sparsity,0.046153846153846156,0
tclad-downweight-bounded-seed42-20261004,8,2,output,skewness,-0.10223029980952045,0
tclad-downweight-bounded-seed42-20261004,8,2,output,kurtosis,1.600240909649564,0
tclad-downweight-bounded-seed42-20261004,8,3,conv1,mean,0.0031637370972021016,0
tclad-downweight-bounded-seed42-20261004,8,3,conv1,std,0.005144271972505655,0
tclad-downweight-bounded-seed42-20261004,8,3,conv1,median,0.0006501227617263794,0
tclad-downweight-bounded-seed42-20261004,8,3,conv1,min,-0.002634570002555847,0
tclad-downweight-bounded-seed42-20261004,8,3,conv1,max,0.01916712522506714,0
tclad-downweight-bounded-seed42-20261004,8,3,conv1,l1,0.5482319303555414,0
tclad-downweight-bounded-seed42-20261004,8,3,conv1,l2,0.07639137809708109,0
tclad-downweight-bounded-seed42-20261004,8,3,conv1,max_abs,0.01916712522506714,0
tclad-downweight-bounded-seed42-20261004,8,3,conv1,sparsity,0.0,0
tclad-downweight-bounded-seed42-20261004,8,3,conv1,skewness,1.5050361899192792,0
tclad-downweight-bounded-seed42-20261004,8,3,conv1,kurtosis,1.0693913094368792,0
tclad-downweight-bounded-seed42-20261004,8,3,conv2,mean,0.0005415797609159732,0
tclad-downweight-bounded-seed42-20261004,8,3,conv2,std,0.0014419606909421784,0
tclad-downweight-bounded-seed42-20261004,8,3,conv2,median,0.0001152893528342247,0
tclad-downweight-bounded-seed42-20261004,8,3,conv2,min,-0.003129735589027405,0
tclad-downweight-bounded-seed42-20261004,8,3,conv2,max,0.016428880393505096,0
tclad-downweight-bounded-seed42-20261004,8,3,conv2,l1,3.2269866834049026,0
tclad-downweight-bounded-seed42-20261004,8,3,conv2,l2,0.10492223320385907,0
tclad-downweight-bounded-seed42-20261004,8,3,conv2,max_abs,0.016428880393505096,0
tclad-downweight-bounded-seed42-20261004,8,3,conv2,sparsity,0.0,0
tclad-downweight-bounded-seed42-20261004,8,3,conv2,skewness,4.234781257581086,0
tclad-downweight-bounded-seed42-20261004,8,3,conv2,kurtosis,26.990962918250727,0
tclad-downweight-bounded-seed42-20261004,8,3,fc1,mean,5.518670111992368e-05,0
tclad-downweight-bounded-seed42-20261004,8,3,fc1,std,0.000411277444189472,0
tclad-downweight-bounded-seed42-20261004,8,3,fc1,median,0.0,0
tclad-downweight-bounded-seed42-20261004,8,3,fc1,min,-0.005303341895341873,0
tclad-downweight-bounded-seed42-20261004,8,3,fc1,max,0.007875464856624603,0
tclad-downweight-bounded-seed42-20261004,8,3,fc1,l1,19.22451775959439,0
tclad-downweight-bounded-seed42-20261004,8,3,fc1,l2,0.13149564177764025,0
tclad-downweight-bounded-seed42-20261004,8,3,fc1,max_abs,0.007875464856624603,0
tclad-downweight-bounded-seed42-20261004,8,3,fc1,sparsity,0.07421128107074569,0
tclad-downweight-bounded-seed42-20261004,8,3,fc1,skewness,1.9413224420386053,0
tclad-downweight-bounded-seed42-20261004,8,3,fc1,kurtosis,27.5232321536613,0
tclad-downweight-bounded-seed42-20261004,8,3,output,mean,4.708104265423922e-10,0
tclad-downweight-bounded-seed42-20261004,8,3,output,std,0.0025608508012757995,0
tclad-downweight-bounded-seed42-20261004,8,3,output,median,-5.62518835067749e-07,0
tclad-downweight-bounded-seed42-20261004,8,3,output,min,-0.009720295667648315,0
tclad-downweight-bounded-seed42-20261004,8,3,output,max,0.009586930274963379,0
tclad-downweight-bounded-seed42-20261004,8,3,output,l1,1.1284747406898532,0
tclad-downweight-bounded-seed42-20261004,8,3,output,l2,0.0652891410355262,0
tclad-downweight-bounded-seed42-20261004,8,3,output,max_abs,0.009720295667648315,0
tclad-downweight-bounded-seed42-20261004,8,3,output,sparsity,0.03230769230769231,0
tclad-downweight-bounded-seed42-20261004,8,3,output,skewness,0.36092358866873375,0
tclad-downweight-bounded-seed42-20261004,8,3,output,kurtosis,1.8703969699029308,0
tclad-downweight-bounded-seed42-20261004,8,4,conv1,mean,0.003194547364546452,0
tclad-downweight-bounded-seed42-20261004,8,4,conv1,std,0.0051602257450452495,0
tclad-downweight-bounded-seed42-20261004,8,4,conv1,median,0.0006152261048555374,0
tclad-downweight-bounded-seed42-20261004,8,4,conv1,min,-0.002731114625930786,0
tclad-downweight-bounded-seed42-20261004,8,4,conv1,max,0.019143283367156982,0
tclad-downweight-bounded-seed42-20261004,8,4,conv1,l1,0.5527387948241085,0
tclad-downweight-bounded-seed42-20261004,8,4,conv1,l2,0.07676776678180339,0
tclad-downweight-bounded-seed42-20261004,8,4,conv1,max_abs,0.019143283367156982,0
tclad-downweight-bounded-seed42-20261004,8,4,conv1,sparsity,0.0,0
tclad-downweight-bounded-seed42-20261004,8,4,conv1,skewness,1.4888161312048864,0
tclad-downweight-bounded-seed42-20261004,8,4,conv1,kurtosis,1.0033570909360732,0
tclad-downweight-bounded-seed42-20261004,8,4,conv2,mean,0.000507447882093935,0
tclad-downweight-bounded-seed42-20261004,8,4,conv2,std,0.0014593866812073282,0
tclad-downweight-bounded-seed42-20261004,8,4,conv2,median,9.594764560461044e-05,0
tclad-downweight-bounded-seed42-20261004,8,4,conv2,min,-0.003309495747089386,0
tclad-downweight-bounded-seed42-20261004,8,4,conv2,max,0.01727493852376938,0
tclad-downweight-bounded-seed42-20261004,8,4,conv2,l1,3.172148115012533,0
tclad-downweight-bounded-seed42-20261004,8,4,conv2,l2,0.10524795280591967,0
tclad-downweight-bounded-seed42-20261004,8,4,conv2,max_abs,0.01727493852376938,0
tclad-downweight-bounded-seed42-20261004,8,4,conv2,sparsity,0.0,0
tclad-downweight-bounded-seed42-20261004,8,4,conv2,skewness,4.400531122994669,0
tclad-downweight-bounded-seed42-20261004,8,4,conv2,kurtosis,29.393963257631228,0
tclad-downweight-bounded-seed42-20261004,8,4,fc1,mean,5.44537304847517e-05,0
tclad-downweight-bounded-seed42-20261004,8,4,fc1,std,0.0004232830723798627,0
tclad-downweight-bounded-seed42-20261004,8,4,fc1,median,0.0,0
tclad-downweight-bounded-seed42-20261004,8,4,fc1,min,-0.006290040910243988,0
tclad-downweight-bounded-seed42-20261004,8,4,fc1,max,0.007851436734199524,0
tclad-downweight-bounded-seed42-20261004,8,4,fc1,l1,19.847056607712602,0
tclad-downweight-bounded-seed42-20261004,8,4,fc1,l2,0.13523736340318473,0
tclad-downweight-bounded-seed42-20261004,8,4,fc1,max_abs,0.007851436734199524,0
tclad-downweight-bounded-seed42-20261004,8,4,fc1,sparsity,0.07405194391332058,0
tclad-downweight-bounded-seed42-20261004,8,4,fc1,skewness,1.8543525866359396,0
tclad-downweight-bounded-seed42-20261004,8,4,fc1,kurtosis,30.02794509863722,0
tclad-downweight-bounded-seed42-20261004,8,4,output,mean,3.5202202315513904e-10,0
tclad-downweight-bounded-seed42-20261004,8,4,output,std,0.0025837943636766022,0
tclad-downweight-bounded-seed42-20261004,8,4,output,median,-4.3958425521850586e-07,0
tclad-downweight-bounded-seed42-20261004,8,4,output,min,-0.008507676422595978,0
tclad-downweight-bounded-seed42-20261004,8,4,output,max,0.011615335941314697,0
tclad-downweight-bounded-seed42-20261004,8,4,output,l1,1.1367393956170417,0
tclad-downweight-bounded-seed42-20261004,8,4,output,l2,0.06587408939749084,0
tclad-downweight-bounded-seed42-20261004,8,4,output,max_abs,0.011615335941314697,0
tclad-downweight-bounded-seed42-20261004,8,4,output,sparsity,0.03076923076923077,0
tclad-downweight-bounded-seed42-20261004,8,4,output,skewness,0.48214423783732824,0
tclad-downweight-bounded-seed42-20261004,8,4,output,kurtosis,2.136011759837631,0
tclad-downweight-bounded-seed42-20261004,9,0,conv1,mean,0.0035276033409900264,0
tclad-downweight-bounded-seed42-20261004,9,0,conv1,std,0.00562764342630774,0
tclad-downweight-bounded-seed42-20261004,9,0,conv1,median,0.000791594386100769,0
tclad-downweight-bounded-seed42-20261004,9,0,conv1,min,-0.0023260265588760376,0
tclad-downweight-bounded-seed42-20261004,9,0,conv1,max,0.02092987298965454,0
tclad-downweight-bounded-seed42-20261004,9,0,conv1,l1,0.6074972280184738,0
tclad-downweight-bounded-seed42-20261004,9,0,conv1,l2,0.0840136711399079,0
tclad-downweight-bounded-seed42-20261004,9,0,conv1,max_abs,0.02092987298965454,0
tclad-downweight-bounded-seed42-20261004,9,0,conv1,sparsity,0.0,0
tclad-downweight-bounded-seed42-20261004,9,0,conv1,skewness,1.5067839360545303,0
tclad-downweight-bounded-seed42-20261004,9,0,conv1,kurtosis,1.0699418933751002,0
tclad-downweight-bounded-seed42-20261004,9,0,conv2,mean,0.0005320332221438956,0
tclad-downweight-bounded-seed42-20261004,9,0,conv2,std,0.0014953607551624803,0
tclad-downweight-bounded-seed42-20261004,9,0,conv2,median,0.00010966300033032894,0
tclad-downweight-bounded-seed42-20261004,9,0,conv2,min,-0.0034286752343177795,0
tclad-downweight-bounded-seed42-20261004,9,0,conv2,max,0.017312616109848022,0
tclad-downweight-bounded-seed42-20261004,9,0,conv2,l1,3.3631580556102563,0
tclad-downweight-bounded-seed42-20261004,9,0,conv2,l2,0.10811529474689704,0
tclad-downweight-bounded-seed42-20261004,9,0,conv2,max_abs,0.017312616109848022,0
tclad-downweight-bounded-seed42-20261004,9,0,conv2,sparsity,0.0,0
tclad-downweight-bounded-seed42-20261004,9,0,conv2,skewness,4.151484737537997,0
tclad-downweight-bounded-seed42-20261004,9,0,conv2,kurtosis,26.511898572081066,0
tclad-downweight-bounded-seed42-20261004,9,0,fc1,mean,5.4413137293690355e-05,0
tclad-downweight-bounded-seed42-20261004,9,0,fc1,std,0.000498384251821144,0
tclad-downweight-bounded-seed42-20261004,9,0,fc1,median,0.0,0
tclad-downweight-bounded-seed42-20261004,9,0,fc1,min,-0.008173737674951553,0
tclad-downweight-bounded-seed42-20261004,9,0,fc1,max,0.009017275646328926,0
tclad-downweight-bounded-seed42-20261004,9,0,fc1,l1,22.964557000907234,0
tclad-downweight-bounded-seed42-20261004,9,0,fc1,l2,0.15886889506938515,0
tclad-downweight-bounded-seed42-20261004,9,0,fc1,max_abs,0.009017275646328926,0
tclad-downweight-bounded-seed42-20261004,9,0,fc1,sparsity,0.07163201083492671,0
tclad-downweight-bounded-seed42-20261004,9,0,fc1,skewness,1.3302784665020484,0
tclad-downweight-bounded-seed42-20261004,9,0,fc1,kurtosis,28.7268108642991,0
tclad-downweight-bounded-seed42-20261004,9,0,output,mean,-1.8398098361033658e-10,0
tclad-downweight-bounded-seed42-20261004,9,0,output,std,0.003138524957495565,0
tclad-downweight-bounded-seed42-20261004,9,0,output,median,-1.3187527656555176e-06,0
tclad-downweight-bounded-seed42-20261004,9,0,output,min,-0.010400466620922089,0
tclad-downweight-bounded-seed42-20261004,9,0,output,max,0.017410874366760254,0
tclad-downweight-bounded-seed42-20261004,9,0,output,l1,1.3698671494203154,0
tclad-downweight-bounded-seed42-20261004,9,0,output,l2,0.0800170000108394,0
tclad-downweight-bounded-seed42-20261004,9,0,output,max_abs,0.017410874366760254,0
tclad-downweight-bounded-seed42-20261004,9,0,output,sparsity,0.03076923076923077,0
tclad-downweight-bounded-seed42-20261004,9,0,output,skewness,0.657193415389969,0
tclad-downweight-bounded-seed42-20261004,9,0,output,kurtosis,2.9614646623004557,0
tclad-downweight-bounded-seed42-20261004,9,1,conv1,mean,0.0035574782890762436,0
tclad-downweight-bounded-seed42-20261004,9,1,conv1,std,0.0057245619062033975,0
tclad-downweight-bounded-seed42-20261004,9,1,conv1,median,0.0007799789309501648,0
tclad-downweight-bounded-seed42-20261004,9,1,conv1,min,-0.00234067440032959,0
tclad-downweight-bounded-seed42-20261004,9,1,conv1,max,0.020924150943756104,0
tclad-downweight-bounded-seed42-20261004,9,1,conv1,l1,0.6148571173544042,0
tclad-downweight-bounded-seed42-20261004,9,1,conv1,l2,0.08525374905089293,0
tclad-downweight-bounded-seed42-20261004,9,1,conv1,max_abs,0.020924150943756104,0
tclad-downweight-bounded-seed42-20261004,9,1,conv1,sparsity,0.0,0
tclad-downweight-bounded-seed42-20261004,9,1,conv1,skewness,1.503533307470844,0
tclad-downweight-bounded-seed42-20261004,9,1,conv1,kurtosis,1.0287871846227272,0
tclad-downweight-bounded-seed42-20261004,9,1,conv2,mean,0.0005455102325672198,0
tclad-downweight-bounded-seed42-20261004,9,1,conv2,std,0.0015220843012237674,0
tclad-downweight-bounded-seed42-20261004,9,1,conv2,median,0.00010262150317430496,0
tclad-downweight-bounded-seed42-20261004,9,1,conv2,min,-0.00337044894695282,0
tclad-downweight-bounded-seed42-20261004,9,1,conv2,max,0.01744423806667328,0
tclad-downweight-bounded-seed42-20261004,9,1,conv2,l1,3.334385090853175,0
tclad-downweight-bounded-seed42-20261004,9,1,conv2,l2,0.11013834135824217,0
tclad-downweight-bounded-seed42-20261004,9,1,conv2,max_abs,0.01744423806667328,0
tclad-downweight-bounded-seed42-20261004,9,1,conv2,sparsity,0.0,0
tclad-downweight-bounded-seed42-20261004,9,1,conv2,skewness,4.31425359997798,0
tclad-downweight-bounded-seed42-20261004,9,1,conv2,kurtosis,27.803858824940647,0
tclad-downweight-bounded-seed42-20261004,9,1,fc1,mean,5.055516196874371e-05,0
tclad-downweight-bounded-seed42-20261004,9,1,fc1,std,0.000442207816427738,0
tclad-downweight-bounded-seed42-20261004,9,1,fc1,median,0.0,0
tclad-downweight-bounded-seed42-20261004,9,1,fc1,min,-0.0052733104676008224,0
tclad-downweight-bounded-seed42-20261004,9,1,fc1,max,0.007344599813222885,0
tclad-downweight-bounded-seed42-20261004,9,1,fc1,l1,20.99995563140635,0
tclad-downweight-bounded-seed42-20261004,9,1,fc1,l2,0.14104172722747324,0
tclad-downweight-bounded-seed42-20261004,9,1,fc1,max_abs,0.007344599813222885,0
tclad-downweight-bounded-seed42-20261004,9,1,fc1,sparsity,0.08402047482472913,0
tclad-downweight-bounded-seed42-20261004,9,1,fc1,skewness,1.8244052573353544,0
tclad-downweight-bounded-seed42-20261004,9,1,fc1,kurtosis,25.98316627078606,0
tclad-downweight-bounded-seed42-20261004,9,1,output,mean,-2.0990578027871938e-10,0
tclad-downweight-bounded-seed42-20261004,9,1,output,std,0.0029824259973729567,0
tclad-downweight-bounded-seed42-20261004,9,1,output,median,-3.594905138015747e-07,0
tclad-downweight-bounded-seed42-20261004,9,1,output,min,-0.00908321887254715,0
tclad-downweight-bounded-seed42-20261004,9,1,output,max,0.01326453685760498,0
tclad-downweight-bounded-seed42-20261004,9,1,output,l1,1.3261072654277086,0
tclad-downweight-bounded-seed42-20261004,9,1,output,l2,0.07603724179225584,0
tclad-downweight-bounded-seed42-20261004,9,1,output,max_abs,0.01326453685760498,0
tclad-downweight-bounded-seed42-20261004,9,1,output,sparsity,0.046153846153846156,0
tclad-downweight-bounded-seed42-20261004,9,1,output,skewness,0.5258660485408172,0
tclad-downweight-bounded-seed42-20261004,9,1,output,kurtosis,1.987196675911103,0
tclad-downweight-bounded-seed42-20261004,9,2,conv1,mean,0.003307169527397491,0
tclad-downweight-bounded-seed42-20261004,9,2,conv1,std,0.005329742389831013,0
tclad-downweight-bounded-seed42-20261004,9,2,conv1,median,0.000614415854215622,0
tclad-downweight-bounded-seed42-20261004,9,2,conv1,min,-0.00205172598361969,0
tclad-downweight-bounded-seed42-20261004,9,2,conv1,max,0.019888252019882202,0
tclad-downweight-bounded-seed42-20261004,9,2,conv1,l1,0.570242247544229,0
tclad-downweight-bounded-seed42-20261004,9,2,conv1,l2,0.07934080839004164,0
tclad-downweight-bounded-seed42-20261004,9,2,conv1,max_abs,0.019888252019882202,0
tclad-downweight-bounded-seed42-20261004,9,2,conv1,sparsity,0.0,0
tclad-downweight-bounded-seed42-20261004,9,2,conv1,skewness,1.51787969192189,0
tclad-downweight-bounded-seed42-20261004,9,2,conv1,kurtosis,1.0966790411647764,0
tclad-downweight-bounded-seed42-20261004,9,2,conv2,mean,0.0005025824928256481,0
tclad-downweight-bounded-seed42-20261004,9,2,conv2,std,0.0014209594221584836,0
tclad-downweight-bounded-seed42-20261004,9,2,conv2,median,9.36705619096756e-05,0
tclad-downweight-bounded-seed42-20261004,9,2,conv2,min,-0.003017336130142212,0
tclad-downweight-bounded-seed42-20261004,9,2,conv2,max,0.01640966534614563,0
tclad-downweight-bounded-seed42-20261004,9,2,conv2,l1,3.107554259153403,0
tclad-downweight-bounded-seed42-20261004,9,2,conv2,l2,0.10266818818228642,0
tclad-downweight-bounded-seed42-20261004,9,2,conv2,max_abs,0.01640966534614563,0
tclad-downweight-bounded-seed42-20261004,9,2,conv2,sparsity,0.0,0
tclad-downweight-bounded-seed42-20261004,9,2,conv2,skewness,4.290687245172186,0
tclad-downweight-bounded-seed42-20261004,9,2,conv2,kurtosis,27.6091463240506,0
tclad-downweight-bounded-seed42-20261004,9,2,fc1,mean,6.077843388193366e-05,0
tclad-downweight-bounded-seed42-20261004,9,2,fc1,std,0.000438652970586403,0
tclad-downweight-bounded-seed42-20261004,9,2,fc1,median,0.0,0
tclad-downweight-bounded-seed42-20261004,9,2,fc1,min,-0.007301492616534233,0
tclad-downweight-bounded-seed42-20261004,9,2,fc1,max,0.007710997015237808,0
tclad-downweight-bounded-seed42-20261004,9,2,fc1,l1,20.807690083126914,0
tclad-downweight-bounded-seed42-20261004,9,2,fc1,l2,0.14033041939914337,0
tclad-downweight-bounded-seed42-20261004,9,2,fc1,max_abs,0.007710997015237808,0
tclad-downweight-bounded-seed42-20261004,9,2,fc1,sparsity,0.08507608349267048,0
tclad-downweight-bounded-seed42-20261004,9,2,fc1,skewness,1.3970842020358574,0
tclad-downweight-bounded-seed42-20261004,9,2,fc1,kurtosis,24.22146409960621,0
tclad-downweight-bounded-seed42-20261004,9,2,output,mean,-2.8656079218937802e-11,0
tclad-downweight-bounded-seed42-20261004,9,2,output,std,0.0027820923586456114,0
tclad-downweight-bounded-seed42-20261004,9,2,output,median,-1.4528632164001465e-07,0
tclad-downweight-bounded-seed42-20261004,9,2,output,min,-0.010389357805252075,0
tclad-downweight-bounded-seed42-20261004,9,2,output,max,0.01002272218465805,0
tclad-downweight-bounded-seed42-20261004,9,2,output,l1,1.2705540952738374,0
tclad-downweight-bounded-seed42-20261004,9,2,output,l2,0.07092971612675675,0
tclad-downweight-bounded-seed42-20261004,9,2,output,max_abs,0.010389357805252075,0
tclad-downweight-bounded-seed42-20261004,9,2,output,sparsity,0.046153846153846156,0
tclad-downweight-bounded-seed42-20261004,9,2,output,skewness,-0.06543235704580268,0
tclad-downweight-bounded-seed42-20261004,9,2,output,kurtosis,1.074299341133429,0
tclad-downweight-bounded-seed42-20261004,9,3,conv1,mean,0.00362255838845158,0
tclad-downweight-bounded-seed42-20261004,9,3,conv1,std,0.005806951530511089,0
tclad-downweight-bounded-seed42-20261004,9,3,conv1,median,0.0007299929857254028,0
tclad-downweight-bounded-seed42-20261004,9,3,conv1,min,-0.0024925917387008667,0
tclad-downweight-bounded-seed42-20261004,9,3,conv1,max,0.021639704704284668,0
tclad-downweight-bounded-seed42-20261004,9,3,conv1,l1,0.6204919109586626,0
tclad-downweight-bounded-seed42-20261004,9,3,conv1,l2,0.0865735436312466,0
tclad-downweight-bounded-seed42-20261004,9,3,conv1,max_abs,0.021639704704284668,0
tclad-downweight-bounded-seed42-20261004,9,3,conv1,sparsity,0.0,0
tclad-downweight-bounded-seed42-20261004,9,3,conv1,skewness,1.5157757050740086,0
tclad-downweight-bounded-seed42-20261004,9,3,conv1,kurtosis,1.0903425746672308,0
tclad-downweight-bounded-seed42-20261004,9,3,conv2,mean,0.0005588579787889824,0
tclad-downweight-bounded-seed42-20261004,9,3,conv2,std,0.0015417616938528567,0
tclad-downweight-bounded-seed42-20261004,9,3,conv2,median,0.00010936940088868141,0
tclad-downweight-bounded-seed42-20261004,9,3,conv2,min,-0.003233283758163452,0
tclad-downweight-bounded-seed42-20261004,9,3,conv2,max,0.017750710248947144,0
tclad-downweight-bounded-seed42-20261004,9,3,conv2,l1,3.3936245389140822,0
tclad-downweight-bounded-seed42-20261004,9,3,conv2,l2,0.1117076108215056,0
tclad-downweight-bounded-seed42-20261004,9,3,conv2,max_abs,0.017750710248947144,0
tclad-downweight-bounded-seed42-20261004,9,3,conv2,sparsity,0.0,0
tclad-downweight-bounded-seed42-20261004,9,3,conv2,skewness,4.265508569460782,0
tclad-downweight-bounded-seed42-20261004,9,3,conv2,kurtosis,27.327023694101175,0
tclad-downweight-bounded-seed42-20261004,9,3,fc1,mean,5.5348781923416775e-05,0
tclad-downweight-bounded-seed42-20261004,9,3,fc1,std,0.00043798223157080524,0
tclad-downweight-bounded-seed42-20261004,9,3,fc1,median,0.0,0
tclad-downweight-bounded-seed42-20261004,9,3,fc1,min,-0.005623640958219767,0
tclad-downweight-bounded-seed42-20261004,9,3,fc1,max,0.008167216554284096,0
tclad-downweight-bounded-seed42-20261004,9,3,fc1,l1,20.498195293425738,0
tclad-downweight-bounded-seed42-20261004,9,3,fc1,l2,0.1398937715665462,0
tclad-downweight-bounded-seed42-20261004,9,3,fc1,max_abs,0.008167216554284096,0
tclad-downweight-bounded-seed42-20261004,9,3,fc1,sparsity,0.07471916826003824,0
tclad-downweight-bounded-seed42-20261004,9,3,fc1,skewness,1.760930103181935,0
tclad-downweight-bounded-seed42-20261004,9,3,fc1,kurtosis,26.730295342279625,0
tclad-downweight-bounded-seed42-20261004,9,3,output,mean,-3.241718961642339e-11,0
tclad-downweight-bounded-seed42-20261004,9,3,output,std,0.002901084718013135,0
tclad-downweight-bounded-seed42-20261004,9,3,output,median,-4.4517219066619873e-07,0
tclad-downweight-bounded-seed42-20261004,9,3,output,min,-0.010334856808185577,0
tclad-downweight-bounded-seed42-20261004,9,3,output,max,0.01148611307144165,0
tclad-downweight-bounded-seed42-20261004,9,3,output,l1,1.2967960844980553,0
tclad-downweight-bounded-seed42-20261004,9,3,output,l2,0.07396343793867399,0
tclad-downweight-bounded-seed42-20261004,9,3,output,max_abs,0.01148611307144165,0
tclad-downweight-bounded-seed42-20261004,9,3,output,sparsity,0.03076923076923077,0
tclad-downweight-bounded-seed42-20261004,9,3,output,skewness,0.2822375769313485,0
tclad-downweight-bounded-seed42-20261004,9,3,output,kurtosis,1.4005869449827584,0
tclad-downweight-bounded-seed42-20261004,9,4,conv1,mean,0.0036284489702666177,0
tclad-downweight-bounded-seed42-20261004,9,4,conv1,std,0.005810224910813546,0
tclad-downweight-bounded-seed42-20261004,9,4,conv1,median,0.0006946083158254623,0
tclad-downweight-bounded-seed42-20261004,9,4,conv1,min,-0.002459913492202759,0
tclad-downweight-bounded-seed42-20261004,9,4,conv1,max,0.021710097789764404,0
tclad-downweight-bounded-seed42-20261004,9,4,conv1,l1,0.622143539134413,0
tclad-downweight-bounded-seed42-20261004,9,4,conv1,l2,0.08664812098972917,0
tclad-downweight-bounded-seed42-20261004,9,4,conv1,max_abs,0.021710097789764404,0
tclad-downweight-bounded-seed42-20261004,9,4,conv1,sparsity,0.0,0
tclad-downweight-bounded-seed42-20261004,9,4,conv1,skewness,1.5110439202661616,0
tclad-downweight-bounded-seed42-20261004,9,4,conv1,kurtosis,1.0650644113655856,0
tclad-downweight-bounded-seed42-20261004,9,4,conv2,mean,0.0005240045892088378,0
tclad-downweight-bounded-seed42-20261004,9,4,conv2,std,0.0015503201857710637,0
tclad-downweight-bounded-seed42-20261004,9,4,conv2,median,9.157508611679077e-05,0
tclad-downweight-bounded-seed42-20261004,9,4,conv2,min,-0.0033807530999183655,0
tclad-downweight-bounded-seed42-20261004,9,4,conv2,max,0.018730953335762024,0
tclad-downweight-bounded-seed42-20261004,9,4,conv2,l1,3.3081258820093353,0
tclad-downweight-bounded-seed42-20261004,9,4,conv2,l2,0.11147314019060434,0
tclad-downweight-bounded-seed42-20261004,9,4,conv2,max_abs,0.018730953335762024,0
tclad-downweight-bounded-seed42-20261004,9,4,conv2,sparsity,0.0,0
tclad-downweight-bounded-seed42-20261004,9,4,conv2,skewness,4.498350407779531,0
tclad-downweight-bounded-seed42-20261004,9,4,conv2,kurtosis,30.528018293755125,0
tclad-downweight-bounded-seed42-20261004,9,4,fc1,mean,5.4363191371800976e-05,0
tclad-downweight-bounded-seed42-20261004,9,4,fc1,std,0.00044593247053335307,0
tclad-downweight-bounded-seed42-20261004,9,4,fc1,median,0.0,0
tclad-downweight-bounded-seed42-20261004,9,4,fc1,min,-0.006839072331786156,0
tclad-downweight-bounded-seed42-20261004,9,4,fc1,max,0.008432310074567795,0
tclad-downweight-bounded-seed42-20261004,9,4,fc1,l1,20.957472798401625,0
tclad-downweight-bounded-seed42-20261004,9,4,fc1,l2,0.14235542108802587,0
tclad-downweight-bounded-seed42-20261004,9,4,fc1,max_abs,0.008432310074567795,0
tclad-downweight-bounded-seed42-20261004,9,4,fc1,sparsity,0.07184114085404716,0
tclad-downweight-bounded-seed42-20261004,9,4,fc1,skewness,1.7063404871641001,0
tclad-downweight-bounded-seed42-20261004,9,4,fc1,kurtosis,29.42712815425118,0
tclad-downweight-bounded-seed42-20261004,9,4,output,mean,-1.7892139462324288e-10,0
tclad-downweight-bounded-seed42-20261004,9,4,output,std,0.0029135509985738664,0
tclad-downweight-bounded-seed42-20261004,9,4,output,median,-4.1350722312927246e-07,0
tclad-downweight-bounded-seed42-20261004,9,4,output,min,-0.008976608514785767,0
tclad-downweight-bounded-seed42-20261004,9,4,output,max,0.011980503797531128,0
tclad-downweight-bounded-seed42-20261004,9,4,output,l1,1.3308127428172156,0
tclad-downweight-bounded-seed42-20261004,9,4,output,l2,0.07428126697787958,0
tclad-downweight-bounded-seed42-20261004,9,4,output,max_abs,0.011980503797531128,0
tclad-downweight-bounded-seed42-20261004,9,4,output,sparsity,0.03076923076923077,0
tclad-downweight-bounded-seed42-20261004,9,4,output,skewness,0.28238862693943584,0
tclad-downweight-bounded-seed42-20261004,9,4,output,kurtosis,1.3400457253593796,0
tclad-downweight-bounded-seed42-20261004,10,0,conv1,mean,0.0034984568743311683,0
tclad-downweight-bounded-seed42-20261004,10,0,conv1,std,0.00555089743954723,0
tclad-downweight-bounded-seed42-20261004,10,0,conv1,median,0.0006666108965873718,0
tclad-downweight-bounded-seed42-20261004,10,0,conv1,min,-0.002039387822151184,0
tclad-downweight-bounded-seed42-20261004,10,0,conv1,max,0.02068382501602173,0
tclad-downweight-bounded-seed42-20261004,10,0,conv1,l1,0.5999701577529777,0
tclad-downweight-bounded-seed42-20261004,10,0,conv1,l2,0.0829955785674654,0
tclad-downweight-bounded-seed42-20261004,10,0,conv1,max_abs,0.02068382501602173,0
tclad-downweight-bounded-seed42-20261004,10,0,conv1,sparsity,0.0,0
tclad-downweight-bounded-seed42-20261004,10,0,conv1,skewness,1.5007459197011461,0
tclad-downweight-bounded-seed42-20261004,10,0,conv1,kurtosis,1.0441741319824445,0
tclad-downweight-bounded-seed42-20261004,10,0,conv2,mean,0.000487723427376891,0
tclad-downweight-bounded-seed42-20261004,10,0,conv2,std,0.0014182537576272925,0
tclad-downweight-bounded-seed42-20261004,10,0,conv2,median,9.366543963551521e-05,0
tclad-downweight-bounded-seed42-20261004,10,0,conv2,min,-0.0032735858112573624,0
tclad-downweight-bounded-seed42-20261004,10,0,conv2,max,0.0161505788564682,0
tclad-downweight-bounded-seed42-20261004,10,0,conv2,l1,3.15617881873186,0
tclad-downweight-bounded-seed42-20261004,10,0,conv2,l2,0.10216082851382888,0
tclad-downweight-bounded-seed42-20261004,10,0,conv2,max_abs,0.0161505788564682,0
tclad-downweight-bounded-seed42-20261004,10,0,conv2,sparsity,0.0,0
tclad-downweight-bounded-seed42-20261004,10,0,conv2,skewness,4.093458694440339,0
tclad-downweight-bounded-seed42-20261004,10,0,conv2,kurtosis,25.539621134013164,0
tclad-downweight-bounded-seed42-20261004,10,0,fc1,mean,4.86451535251756e-05,0
tclad-downweight-bounded-seed42-20261004,10,0,fc1,std,0.0004983931361234712,0
tclad-downweight-bounded-seed42-20261004,10,0,fc1,median,0.0,0
tclad-downweight-bounded-seed42-20261004,10,0,fc1,min,-0.008025173097848892,0
tclad-downweight-bounded-seed42-20261004,10,0,fc1,max,0.00886167399585247,0
tclad-downweight-bounded-seed42-20261004,10,0,fc1,l1,22.819926346211332,0
tclad-downweight-bounded-seed42-20261004,10,0,fc1,l2,0.15868372295352734,0
tclad-downweight-bounded-seed42-20261004,10,0,fc1,max_abs,0.00886167399585247,0
tclad-downweight-bounded-seed42-20261004,10,0,fc1,sparsity,0.06960046207775654,0
tclad-downweight-bounded-seed42-20261004,10,0,fc1,skewness,1.2493694318846913,0
tclad-downweight-bounded-seed42-20261004,10,0,fc1,kurtosis,28.496274837564798,0
tclad-downweight-bounded-seed42-20261004,10,0,output,mean,-5.345702028045288e-10,0
tclad-downweight-bounded-seed42-20261004,10,0,output,std,0.0032781034107160598,0
tclad-downweight-bounded-seed42-20261004,10,0,output,median,-2.551823854446411e-06,0
tclad-downweight-bounded-seed42-20261004,10,0,output,min,-0.0091143399477005,0
tclad-downweight-bounded-seed42-20261004,10,0,output,max,0.019387580454349518,0
tclad-downweight-bounded-seed42-20261004,10,0,output,l1,1.4339166037680116,0
tclad-downweight-bounded-seed42-20261004,10,0,output,l2,0.08357556629408237,0
tclad-downweight-bounded-seed42-20261004,10,0,output,max_abs,0.019387580454349518,0
tclad-downweight-bounded-seed42-20261004,10,0,output,sparsity,0.03076923076923077,0
tclad-downweight-bounded-seed42-20261004,10,0,output,skewness,0.959326992766134,0
tclad-downweight-bounded-seed42-20261004,10,0,output,kurtosis,3.4982659845071566,0
tclad-downweight-bounded-seed42-20261004,10,1,conv1,mean,0.003558022304241604,0
tclad-downweight-bounded-seed42-20261004,10,1,conv1,std,0.005672158661412378,0
tclad-downweight-bounded-seed42-20261004,10,1,conv1,median,0.0007279813289642334,0
tclad-downweight-bounded-seed42-20261004,10,1,conv1,min,-0.0019509345293045044,0
tclad-downweight-bounded-seed42-20261004,10,1,conv1,max,0.020837098360061646,0
tclad-downweight-bounded-seed42-20261004,10,1,conv1,l1,0.6102443035633769,0
tclad-downweight-bounded-seed42-20261004,10,1,conv1,l2,0.08469513005854935,0
tclad-downweight-bounded-seed42-20261004,10,1,conv1,max_abs,0.020837098360061646,0
tclad-downweight-bounded-seed42-20261004,10,1,conv1,sparsity,0.0,0
tclad-downweight-bounded-seed42-20261004,10,1,conv1,skewness,1.5013223766074157,0
tclad-downweight-bounded-seed42-20261004,10,1,conv1,kurtosis,1.0198938421951613,0
tclad-downweight-bounded-seed42-20261004,10,1,conv2,mean,0.0004965694164074476,0
tclad-downweight-bounded-seed42-20261004,10,1,conv2,std,0.001443369487899276,0
tclad-downweight-bounded-seed42-20261004,10,1,conv2,median,8.919462561607361e-05,0
tclad-downweight-bounded-seed42-20261004,10,1,conv2,min,-0.0030708834528923035,0
tclad-downweight-bounded-seed42-20261004,10,1,conv2,max,0.01645563542842865,0
tclad-downweight-bounded-seed42-20261004,10,1,conv2,l1,3.1219600260665175,0
tclad-downweight-bounded-seed42-20261004,10,1,conv2,l2,0.10397461478909989,0
tclad-downweight-bounded-seed42-20261004,10,1,conv2,max_abs,0.01645563542842865,0
tclad-downweight-bounded-seed42-20261004,10,1,conv2,sparsity,0.0,0
tclad-downweight-bounded-seed42-20261004,10,1,conv2,skewness,4.303908038353514,0
tclad-downweight-bounded-seed42-20261004,10,1,conv2,kurtosis,27.386332609430237,0
tclad-downweight-bounded-seed42-20261004,10,1,fc1,mean,4.171908846036329e-05,0
tclad-downweight-bounded-seed42-20261004,10,1,fc1,std,0.00041880006986930076,0
tclad-downweight-bounded-seed42-20261004,10,1,fc1,median,0.0,0
tclad-downweight-bounded-seed42-20261004,10,1,fc1,min,-0.005146096460521221,0
tclad-downweight-bounded-seed42-20261004,10,1,fc1,max,0.007114479783922434,0
tclad-downweight-bounded-seed42-20261004,10,1,fc1,l1,19.991053429762587,0
tclad-downweight-bounded-seed42-20261004,10,1,fc1,l2,0.1333682339333063,0
tclad-downweight-bounded-seed42-20261004,10,1,fc1,max_abs,0.007114479783922434,0
tclad-downweight-bounded-seed42-20261004,10,1,fc1,sparsity,0.0814511631612492,0
tclad-downweight-bounded-seed42-20261004,10,1,fc1,skewness,1.5373708192220394,0
tclad-downweight-bounded-seed42-20261004,10,1,fc1,kurtosis,25.005852338318817,0
tclad-downweight-bounded-seed42-20261004,10,1,output,mean,-2.2495022186866173e-10,0
tclad-downweight-bounded-seed42-20261004,10,1,output,std,0.0029447619368096244,0
tclad-downweight-bounded-seed42-20261004,10,1,output,median,-3.688037395477295e-07,0
tclad-downweight-bounded-seed42-20261004,10,1,output,min,-0.008539609611034393,0
tclad-downweight-bounded-seed42-20261004,10,1,output,max,0.014272540807723999,0
tclad-downweight-bounded-seed42-20261004,10,1,output,l1,1.3351688872789964,0
tclad-downweight-bounded-seed42-20261004,10,1,output,l2,0.075076992893388,0
tclad-downweight-bounded-seed42-20261004,10,1,output,max_abs,0.014272540807723999,0
tclad-downweight-bounded-seed42-20261004,10,1,output,sparsity,0.046153846153846156,0
tclad-downweight-bounded-seed42-20261004,10,1,output,skewness,0.5236394458773587,0
tclad-downweight-bounded-seed42-20261004,10,1,output,kurtosis,2.089719253811264,0
tclad-downweight-bounded-seed42-20261004,10,2,conv1,mean,0.003303169501305092,0
tclad-downweight-bounded-seed42-20261004,10,2,conv1,std,0.005269822200048855,0
tclad-downweight-bounded-seed42-20261004,10,2,conv1,median,0.0005616620182991028,0
tclad-downweight-bounded-seed42-20261004,10,2,conv1,min,-0.0017004460096359253,0
tclad-downweight-bounded-seed42-20261004,10,2,conv1,max,0.019746363162994385,0
tclad-downweight-bounded-seed42-20261004,10,2,conv1,l1,0.5667504833545536,0
tclad-downweight-bounded-seed42-20261004,10,2,conv1,l2,0.0786709143452444,0
tclad-downweight-bounded-seed42-20261004,10,2,conv1,max_abs,0.019746363162994385,0
tclad-downweight-bounded-seed42-20261004,10,2,conv1,sparsity,0.0,0
tclad-downweight-bounded-seed42-20261004,10,2,conv1,skewness,1.5176778744998456,0
tclad-downweight-bounded-seed42-20261004,10,2,conv1,kurtosis,1.096105126035873,0
tclad-downweight-bounded-seed42-20261004,10,2,conv2,mean,0.00045693461150316076,0
tclad-downweight-bounded-seed42-20261004,10,2,conv2,std,0.0013491548103934446,0
tclad-downweight-bounded-seed42-20261004,10,2,conv2,median,8.013099431991577e-05,0
tclad-downweight-bounded-seed42-20261004,10,2,conv2,min,-0.003070726990699768,0
tclad-downweight-bounded-seed42-20261004,10,2,conv2,max,0.01556764543056488,0
tclad-downweight-bounded-seed42-20261004,10,2,conv2,l1,2.9135725305168307,0
tclad-downweight-bounded-seed42-20261004,10,2,conv2,l2,0.09702884544820445,0
tclad-downweight-bounded-seed42-20261004,10,2,conv2,max_abs,0.01556764543056488,0
tclad-downweight-bounded-seed42-20261004,10,2,conv2,sparsity,0.0,0
tclad-downweight-bounded-seed42-20261004,10,2,conv2,skewness,4.266136217463941,0
tclad-downweight-bounded-seed42-20261004,10,2,conv2,kurtosis,27.052522685358273,0
tclad-downweight-bounded-seed42-20261004,10,2,fc1,mean,4.988465740902284e-05,0
tclad-downweight-bounded-seed42-20261004,10,2,fc1,std,0.0004424840940673795,0
tclad-downweight-bounded-seed42-20261004,10,2,fc1,median,0.0,0
tclad-downweight-bounded-seed42-20261004,10,2,fc1,min,-0.0072118910029530525,0
tclad-downweight-bounded-seed42-20261004,10,2,fc1,max,0.007519802078604698,0
tclad-downweight-bounded-seed42-20261004,10,2,fc1,l1,20.947375703226243,0
tclad-downweight-bounded-seed42-20261004,10,2,fc1,l2,0.14110474834747502,0
tclad-downweight-bounded-seed42-20261004,10,2,fc1,max_abs,0.007519802078604698,0
tclad-downweight-bounded-seed42-20261004,10,2,fc1,sparsity,0.08250677182919057,0
tclad-downweight-bounded-seed42-20261004,10,2,fc1,skewness,1.1531276024154722,0
tclad-downweight-bounded-seed42-20261004,10,2,fc1,kurtosis,24.635135190112084,0
tclad-downweight-bounded-seed42-20261004,10,2,output,mean,5.058693484618114e-10,0
tclad-downweight-bounded-seed42-20261004,10,2,output,std,0.0029637556675009506,0
tclad-downweight-bounded-seed42-20261004,10,2,output,median,-1.2665987014770508e-07,0
tclad-downweight-bounded-seed42-20261004,10,2,output,min,-0.00957632064819336,0
tclad-downweight-bounded-seed42-20261004,10,2,output,max,0.011758200824260712,0
tclad-downweight-bounded-seed42-20261004,10,2,output,l1,1.3699480827781372,0
tclad-downweight-bounded-seed42-20261004,10,2,output,l2,0.07556123991054388,0
tclad-downweight-bounded-seed42-20261004,10,2,output,max_abs,0.011758200824260712,0
tclad-downweight-bounded-seed42-20261004,10,2,output,sparsity,0.046153846153846156,0
tclad-downweight-bounded-seed42-20261004,10,2,output,skewness,0.2228230234394882,0
tclad-downweight-bounded-seed42-20261004,10,2,output,kurtosis,0.9262129036105686,0
tclad-downweight-bounded-seed42-20261004,10,3,conv1,mean,0.003543354233261198,0
tclad-downweight-bounded-seed42-20261004,10,3,conv1,std,0.0056358562944876355,0
tclad-downweight-bounded-seed42-20261004,10,3,conv1,median,0.0006335228681564331,0
tclad-downweight-bounded-seed42-20261004,10,3,conv1,min,-0.0020449310541152954,0
tclad-downweight-bounded-seed42-20261004,10,3,conv1,max,0.021029502153396606,0
tclad-downweight-bounded-seed42-20261004,10,3,conv1,l1,0.6041283728554845,0
tclad-downweight-bounded-seed42-20261004,10,3,conv1,l2,0.08420758673134952,0
tclad-downweight-bounded-seed42-20261004,10,3,conv1,max_abs,0.021029502153396606,0
tclad-downweight-bounded-seed42-20261004,10,3,conv1,sparsity,0.0,0
tclad-downweight-bounded-seed42-20261004,10,3,conv1,skewness,1.5125488531646814,0
tclad-downweight-bounded-seed42-20261004,10,3,conv1,kurtosis,1.0721750122481533,0
tclad-downweight-bounded-seed42-20261004,10,3,conv2,mean,0.0004947886270221307,0
tclad-downweight-bounded-seed42-20261004,10,3,conv2,std,0.0014354118780995078,0
tclad-downweight-bounded-seed42-20261004,10,3,conv2,median,8.617632556706667e-05,0
tclad-downweight-bounded-seed42-20261004,10,3,conv2,min,-0.003016209229826927,0
tclad-downweight-bounded-seed42-20261004,10,3,conv2,max,0.016340672969818115,0
tclad-downweight-bounded-seed42-20261004,10,3,conv2,l1,3.1211916060365184,0
tclad-downweight-bounded-seed42-20261004,10,3,conv2,l2,0.10342260357300502,0
tclad-downweight-bounded-seed42-20261004,10,3,conv2,max_abs,0.016340672969818115,0
tclad-downweight-bounded-seed42-20261004,10,3,conv2,sparsity,0.0,0
tclad-downweight-bounded-seed42-20261004,10,3,conv2,skewness,4.2063327043220875,0
tclad-downweight-bounded-seed42-20261004,10,3,conv2,kurtosis,26.43226680093573,0
tclad-downweight-bounded-seed42-20261004,10,3,fc1,mean,4.540109882155699e-05,0
tclad-downweight-bounded-seed42-20261004,10,3,fc1,std,0.000415108985327237,0
tclad-downweight-bounded-seed42-20261004,10,3,fc1,median,0.0,0
tclad-downweight-bounded-seed42-20261004,10,3,fc1,min,-0.005541613325476646,0
tclad-downweight-bounded-seed42-20261004,10,3,fc1,max,0.00788528099656105,0
tclad-downweight-bounded-seed42-20261004,10,3,fc1,l1,19.446251135549346,0
tclad-downweight-bounded-seed42-20261004,10,3,fc1,l2,0.13232616395415656,0
tclad-downweight-bounded-seed42-20261004,10,3,fc1,max_abs,0.00788528099656105,0
tclad-downweight-bounded-seed42-20261004,10,3,fc1,sparsity,0.08414993626513703,0
tclad-downweight-bounded-seed42-20261004,10,3,fc1,skewness,1.6041946539411036,0
tclad-downweight-bounded-seed42-20261004,10,3,fc1,kurtosis,27.009734590112203,0
tclad-downweight-bounded-seed42-20261004,10,3,output,mean,-2.2665167657228617e-10,0
tclad-downweight-bounded-seed42-20261004,10,3,output,std,0.002862252111997255,0
tclad-downweight-bounded-seed42-20261004,10,3,output,median,-4.6938657760620117e-07,0
tclad-downweight-bounded-seed42-20261004,10,3,output,min,-0.008968494832515717,0
tclad-downweight-bounded-seed42-20261004,10,3,output,max,0.01152084767818451,0
tclad-downweight-bounded-seed42-20261004,10,3,output,l1,1.284997783077415,0
tclad-downweight-bounded-seed42-20261004,10,3,output,l2,0.07297339685948104,0
tclad-downweight-bounded-seed42-20261004,10,3,output,max_abs,0.01152084767818451,0
tclad-downweight-bounded-seed42-20261004,10,3,output,sparsity,0.046153846153846156,0
tclad-downweight-bounded-seed42-20261004,10,3,output,skewness,0.32524728531874825,0
tclad-downweight-bounded-seed42-20261004,10,3,output,kurtosis,1.3408426820680974,0
tclad-downweight-bounded-seed42-20261004,10,4,conv1,mean,0.003553368416214653,0
tclad-downweight-bounded-seed42-20261004,10,4,conv1,std,0.005643125148987672,0
tclad-downweight-bounded-seed42-20261004,10,4,conv1,median,0.0007039718329906464,0
tclad-downweight-bounded-seed42-20261004,10,4,conv1,min,-0.002088695764541626,0
tclad-downweight-bounded-seed42-20261004,10,4,conv1,max,0.021166056394577026,0
tclad-downweight-bounded-seed42-20261004,10,4,conv1,l1,0.6056317253678571,0
tclad-downweight-bounded-seed42-20261004,10,4,conv1,l2,0.08435286698007503,0
tclad-downweight-bounded-seed42-20261004,10,4,conv1,max_abs,0.021166056394577026,0
tclad-downweight-bounded-seed42-20261004,10,4,conv1,sparsity,0.0,0
tclad-downweight-bounded-seed42-20261004,10,4,conv1,skewness,1.5094649143391417,0
tclad-downweight-bounded-seed42-20261004,10,4,conv1,kurtosis,1.0561507539248751,0
tclad-downweight-bounded-seed42-20261004,10,4,conv2,mean,0.0004634802334341406,0
tclad-downweight-bounded-seed42-20261004,10,4,conv2,std,0.0014444610630224618,0
tclad-downweight-bounded-seed42-20261004,10,4,conv2,median,6.961682811379433e-05,0
tclad-downweight-bounded-seed42-20261004,10,4,conv2,min,-0.0030266940593719482,0
tclad-downweight-bounded-seed42-20261004,10,4,conv2,max,0.01738901436328888,0
tclad-downweight-bounded-seed42-20261004,10,4,conv2,l1,3.042229681253957,0
tclad-downweight-bounded-seed42-20261004,10,4,conv2,l2,0.10333415233448598,0
tclad-downweight-bounded-seed42-20261004,10,4,conv2,max_abs,0.01738901436328888,0
tclad-downweight-bounded-seed42-20261004,10,4,conv2,sparsity,0.0,0
tclad-downweight-bounded-seed42-20261004,10,4,conv2,skewness,4.464511091450666,0
tclad-downweight-bounded-seed42-20261004,10,4,conv2,kurtosis,29.83896490735134,0
tclad-downweight-bounded-seed42-20261004,10,4,fc1,mean,4.482427649880101e-05,0
tclad-downweight-bounded-seed42-20261004,10,4,fc1,std,0.00042646109846927505,0
tclad-downweight-bounded-seed42-20261004,10,4,fc1,median,0.0,0
tclad-downweight-bounded-seed42-20261004,10,4,fc1,min,-0.006753109395503998,0
tclad-downweight-bounded-seed42-20261004,10,4,fc1,max,0.007873613387346268,0
tclad-downweight-bounded-seed42-20261004,10,4,fc1,l1,20.04069667601027,0
tclad-downweight-bounded-seed42-20261004,10,4,fc1,l2,0.13588348609519485,0
tclad-downweight-bounded-seed42-20261004,10,4,fc1,max_abs,0.007873613387346268,0
tclad-downweight-bounded-seed42-20261004,10,4,fc1,sparsity,0.09110101975780752,0
tclad-downweight-bounded-seed42-20261004,10,4,fc1,skewness,1.565172770793447,0
tclad-downweight-bounded-seed42-20261004,10,4,fc1,kurtosis,29.268691587868105,0
tclad-downweight-bounded-seed42-20261004,10,4,output,mean,-9.957987528580886e-11,0
tclad-downweight-bounded-seed42-20261004,10,4,output,std,0.0029681826159307927,0
tclad-downweight-bounded-seed42-20261004,10,4,output,median,-3.46451997756958e-07,0
tclad-downweight-bounded-seed42-20261004,10,4,output,min,-0.00846901535987854,0
tclad-downweight-bounded-seed42-20261004,10,4,output,max,0.011307641863822937,0
tclad-downweight-bounded-seed42-20261004,10,4,output,l1,1.390523698180914,0
tclad-downweight-bounded-seed42-20261004,10,4,output,l2,0.07567410539269,0
tclad-downweight-bounded-seed42-20261004,10,4,output,max_abs,0.011307641863822937,0
tclad-downweight-bounded-seed42-20261004,10,4,output,sparsity,0.06153846153846154,0
tclad-downweight-bounded-seed42-20261004,10,4,output,skewness,0.2766361808070288,0
tclad-downweight-bounded-seed42-20261004,10,4,output,kurtosis,0.9020747886670284,0
tclad-downweight-bounded-seed42-20261004,11,0,conv1,mean,0.003035805640683975,0
tclad-downweight-bounded-seed42-20261004,11,0,conv1,std,0.004797274791746155,0
tclad-downweight-bounded-seed42-20261004,11,0,conv1,median,0.0005312636494636536,0
tclad-downweight-bounded-seed42-20261004,11,0,conv1,min,-0.0016575753688812256,0
tclad-downweight-bounded-seed42-20261004,11,0,conv1,max,0.017956018447875977,0
tclad-downweight-bounded-seed42-20261004,11,0,conv1,l1,0.5206437746528536,0
tclad-downweight-bounded-seed42-20261004,11,0,conv1,l2,0.07181081959207179,0
tclad-downweight-bounded-seed42-20261004,11,0,conv1,max_abs,0.017956018447875977,0
tclad-downweight-bounded-seed42-20261004,11,0,conv1,sparsity,0.0,0
tclad-downweight-bounded-seed42-20261004,11,0,conv1,skewness,1.489846391804861,0
tclad-downweight-bounded-seed42-20261004,11,0,conv1,kurtosis,1.0162903774747045,0
tclad-downweight-bounded-seed42-20261004,11,0,conv2,mean,0.0003930723932579236,0
tclad-downweight-bounded-seed42-20261004,11,0,conv2,std,0.0011958433715209894,0
tclad-downweight-bounded-seed42-20261004,11,0,conv2,median,7.122382521629333e-05,0
tclad-downweight-bounded-seed42-20261004,11,0,conv2,min,-0.003118794411420822,0
tclad-downweight-bounded-seed42-20261004,11,0,conv2,max,0.013374045491218567,0
tclad-downweight-bounded-seed42-20261004,11,0,conv2,l1,2.6600185787538067,0
tclad-downweight-bounded-seed42-20261004,11,0,conv2,l2,0.08574555008023566,0
tclad-downweight-bounded-seed42-20261004,11,0,conv2,max_abs,0.013374045491218567,0
tclad-downweight-bounded-seed42-20261004,11,0,conv2,sparsity,0.0,0
tclad-downweight-bounded-seed42-20261004,11,0,conv2,skewness,3.974096642544101,0
tclad-downweight-bounded-seed42-20261004,11,0,conv2,kurtosis,24.254266879096416,0
tclad-downweight-bounded-seed42-20261004,11,0,fc1,mean,3.7441970226281263e-05,0
tclad-downweight-bounded-seed42-20261004,11,0,fc1,std,0.0004550814530946682,0
tclad-downweight-bounded-seed42-20261004,11,0,fc1,median,0.0,0
tclad-downweight-bounded-seed42-20261004,11,0,fc1,min,-0.0061098989099264145,0
tclad-downweight-bounded-seed42-20261004,11,0,fc1,max,0.007653042674064636,0
tclad-downweight-bounded-seed42-20261004,11,0,fc1,l1,20.74094147370647,0
tclad-downweight-bounded-seed42-20261004,11,0,fc1,l2,0.1446956787089147,0
tclad-downweight-bounded-seed42-20261004,11,0,fc1,max_abs,0.007653042674064636,0
tclad-downweight-bounded-seed42-20261004,11,0,fc1,sparsity,0.06978967495219886,0
tclad-downweight-bounded-seed42-20261004,11,0,fc1,skewness,1.2332800446172958,0
tclad-downweight-bounded-seed42-20261004,11,0,fc1,kurtosis,28.680873790888477,0
tclad-downweight-bounded-seed42-20261004,11,0,output,mean,7.347597812230771e-11,0
tclad-downweight-bounded-seed42-20261004,11,0,output,std,0.003055546319727761,0
tclad-downweight-bounded-seed42-20261004,11,0,output,median,-2.678483724594116e-06,0
tclad-downweight-bounded-seed42-20261004,11,0,output,min,-0.006928190588951111,0
tclad-downweight-bounded-seed42-20261004,11,0,output,max,0.018903464078903198,0
tclad-downweight-bounded-seed42-20261004,11,0,output,l1,1.3336644754454028,0
tclad-downweight-bounded-seed42-20261004,11,0,output,l2,0.07790145154489238,0
tclad-downweight-bounded-seed42-20261004,11,0,output,max_abs,0.018903464078903198,0
tclad-downweight-bounded-seed42-20261004,11,0,output,sparsity,0.03076923076923077,0
tclad-downweight-bounded-seed42-20261004,11,0,output,skewness,1.1969367657742402,0
tclad-downweight-bounded-seed42-20261004,11,0,output,kurtosis,4.212572167835337,0
tclad-downweight-bounded-seed42-20261004,11,1,conv1,mean,0.0030792517098234386,0
tclad-downweight-bounded-seed42-20261004,11,1,conv1,std,0.004892665542281771,0
tclad-downweight-bounded-seed42-20261004,11,1,conv1,median,0.0005849041044712067,0
tclad-downweight-bounded-seed42-20261004,11,1,conv1,min,-0.001545235514640808,0
tclad-downweight-bounded-seed42-20261004,11,1,conv1,max,0.018106043338775635,0
tclad-downweight-bounded-seed42-20261004,11,1,conv1,l1,0.5268335904984269,0
tclad-downweight-bounded-seed42-20261004,11,1,conv1,l2,0.07312451539786852,0
tclad-downweight-bounded-seed42-20261004,11,1,conv1,max_abs,0.018106043338775635,0
tclad-downweight-bounded-seed42-20261004,11,1,conv1,sparsity,0.0,0
tclad-downweight-bounded-seed42-20261004,11,1,conv1,skewness,1.4973525630653373,0
tclad-downweight-bounded-seed42-20261004,11,1,conv1,kurtosis,1.0111177088932308,0
tclad-downweight-bounded-seed42-20261004,11,1,conv2,mean,0.0003950985428653847,0
tclad-downweight-bounded-seed42-20261004,11,1,conv2,std,0.0012117792913039042,0
tclad-downweight-bounded-seed42-20261004,11,1,conv2,median,6.647780537605286e-05,0
tclad-downweight-bounded-seed42-20261004,11,1,conv2,min,-0.002716582268476486,0
tclad-downweight-bounded-seed42-20261004,11,1,conv2,max,0.013656049966812134,0
tclad-downweight-bounded-seed42-20261004,11,1,conv2,l1,2.610249838055097,0
tclad-downweight-bounded-seed42-20261004,11,1,conv2,l2,0.08682013164957808,0
tclad-downweight-bounded-seed42-20261004,11,1,conv2,max_abs,0.013656049966812134,0
tclad-downweight-bounded-seed42-20261004,11,1,conv2,sparsity,0.0,0
tclad-downweight-bounded-seed42-20261004,11,1,conv2,skewness,4.213364314878626,0
tclad-downweight-bounded-seed42-20261004,11,1,conv2,kurtosis,26.341168554949817,0
tclad-downweight-bounded-seed42-20261004,11,1,fc1,mean,2.789281025261602e-05,0
tclad-downweight-bounded-seed42-20261004,11,1,fc1,std,0.0003653372529205238,0
tclad-downweight-bounded-seed42-20261004,11,1,fc1,median,0.0,0
tclad-downweight-bounded-seed42-20261004,11,1,fc1,min,-0.004677526652812958,0
tclad-downweight-bounded-seed42-20261004,11,1,fc1,max,0.006169833708554506,0
tclad-downweight-bounded-seed42-20261004,11,1,fc1,l1,17.572926811556044,0
tclad-downweight-bounded-seed42-20261004,11,1,fc1,l2,0.1161067588019759,0
tclad-downweight-bounded-seed42-20261004,11,1,fc1,max_abs,0.006169833708554506,0
tclad-downweight-bounded-seed42-20261004,11,1,fc1,sparsity,0.0785133843212237,0
tclad-downweight-bounded-seed42-20261004,11,1,fc1,skewness,1.1932745504521054,0
tclad-downweight-bounded-seed42-20261004,11,1,fc1,kurtosis,24.30355921103448,0
tclad-downweight-bounded-seed42-20261004,11,1,output,mean,6.185235598912606e-10,0
tclad-downweight-bounded-seed42-20261004,11,1,output,std,0.0025608569199601617,0
tclad-downweight-bounded-seed42-20261004,11,1,output,median,-2.9616057872772217e-07,0
tclad-downweight-bounded-seed42-20261004,11,1,output,min,-0.008178114891052246,0
tclad-downweight-bounded-seed42-20261004,11,1,output,max,0.012388631701469421,0
tclad-downweight-bounded-seed42-20261004,11,1,output,l1,1.1765005261986516,0
tclad-downweight-bounded-seed42-20261004,11,1,output,l2,0.0652892970319818,0
tclad-downweight-bounded-seed42-20261004,11,1,output,max_abs,0.012388631701469421,0
tclad-downweight-bounded-seed42-20261004,11,1,output,sparsity,0.046153846153846156,0
tclad-downweight-bounded-seed42-20261004,11,1,output,skewness,0.4482081583126648,0
tclad-downweight-bounded-seed42-20261004,11,1,output,kurtosis,1.8299651684992906,0
tclad-downweight-bounded-seed42-20261004,11,2,conv1,mean,0.0028782601451894153,0
tclad-downweight-bounded-seed42-20261004,11,2,conv1,std,0.0045870844613363606,0
tclad-downweight-bounded-seed42-20261004,11,2,conv1,median,0.0005209296941757202,0
tclad-downweight-bounded-seed42-20261004,11,2,conv1,min,-0.0013407468795776367,0
tclad-downweight-bounded-seed42-20261004,11,2,conv1,max,0.01730436086654663,0
tclad-downweight-bounded-seed42-20261004,11,2,conv1,l1,0.4924700095143635,0
tclad-downweight-bounded-seed42-20261004,11,2,conv1,l2,0.06849902226317603,0
tclad-downweight-bounded-seed42-20261004,11,2,conv1,max_abs,0.01730436086654663,0
tclad-downweight-bounded-seed42-20261004,11,2,conv1,sparsity,0.0,0
tclad-downweight-bounded-seed42-20261004,11,2,conv1,skewness,1.5221592077648471,0
tclad-downweight-bounded-seed42-20261004,11,2,conv1,kurtosis,1.1187849663745864,0
tclad-downweight-bounded-seed42-20261004,11,2,conv2,mean,0.00036937940197174547,0
tclad-downweight-bounded-seed42-20261004,11,2,conv2,std,0.0011451997841027675,0
tclad-downweight-bounded-seed42-20261004,11,2,conv2,median,6.097927689552307e-05,0
tclad-downweight-bounded-seed42-20261004,11,2,conv2,min,-0.0032251104712486267,0
tclad-downweight-bounded-seed42-20261004,11,2,conv2,max,0.012985944747924805,0
tclad-downweight-bounded-seed42-20261004,11,2,conv2,l1,2.4744124300395924,0
tclad-downweight-bounded-seed42-20261004,11,2,conv2,l2,0.08196563861052103,0
tclad-downweight-bounded-seed42-20261004,11,2,conv2,max_abs,0.012985944747924805,0
tclad-downweight-bounded-seed42-20261004,11,2,conv2,sparsity,0.0,0
tclad-downweight-bounded-seed42-20261004,11,2,conv2,skewness,4.1215263747496165,0
tclad-downweight-bounded-seed42-20261004,11,2,conv2,kurtosis,25.550562388659372,0
tclad-downweight-bounded-seed42-20261004,11,2,fc1,mean,3.941243057593991e-05,0
tclad-downweight-bounded-seed42-20261004,11,2,fc1,std,0.0004203429754018635,0
tclad-downweight-bounded-seed42-20261004,11,2,fc1,median,0.0,0
tclad-downweight-bounded-seed42-20261004,11,2,fc1,min,-0.007250692695379257,0
tclad-downweight-bounded-seed42-20261004,11,2,fc1,max,0.0070003122091293335,0
tclad-downweight-bounded-seed42-20261004,11,2,fc1,l1,19.83730289514419,0
tclad-downweight-bounded-seed42-20261004,11,2,fc1,l2,0.13378454377441135,0
tclad-downweight-bounded-seed42-20261004,11,2,fc1,max_abs,0.007250692695379257,0
tclad-downweight-bounded-seed42-20261004,11,2,fc1,sparsity,0.08170012746972594,0
tclad-downweight-bounded-seed42-20261004,11,2,fc1,skewness,0.9334933122251101,0
tclad-downweight-bounded-seed42-20261004,11,2,fc1,kurtosis,24.928105819247556,0
tclad-downweight-bounded-seed42-20261004,11,2,output,mean,4.5267650141165806e-11,0
tclad-downweight-bounded-seed42-20261004,11,2,output,std,0.002844576415608806,0
tclad-downweight-bounded-seed42-20261004,11,2,output,median,-5.373731255531311e-07,0
tclad-downweight-bounded-seed42-20261004,11,2,output,min,-0.008295491337776184,0
tclad-downweight-bounded-seed42-20261004,11,2,output,max,0.011981576681137085,0
tclad-downweight-bounded-seed42-20261004,11,2,output,l1,1.3178881409403402,0
tclad-downweight-bounded-seed42-20261004,11,2,output,l2,0.07252275325547562,0
tclad-downweight-bounded-seed42-20261004,11,2,output,max_abs,0.011981576681137085,0
tclad-downweight-bounded-seed42-20261004,11,2,output,sparsity,0.05076923076923077,0
tclad-downweight-bounded-seed42-20261004,11,2,output,skewness,0.44310250234798765,0
tclad-downweight-bounded-seed42-20261004,11,2,output,kurtosis,0.9962937795174822,0
tclad-downweight-bounded-seed42-20261004,11,3,conv1,mean,0.003034145976380387,0
tclad-downweight-bounded-seed42-20261004,11,3,conv1,std,0.004791620405486076,0
tclad-downweight-bounded-seed42-20261004,11,3,conv1,median,0.0005174055695533752,0
tclad-downweight-bounded-seed42-20261004,11,3,conv1,min,-0.0015417039394378662,0
tclad-downweight-bounded-seed42-20261004,11,3,conv1,max,0.01801440119743347,0
tclad-downweight-bounded-seed42-20261004,11,3,conv1,l1,0.5160688929317985,0
tclad-downweight-bounded-seed42-20261004,11,3,conv1,l2,0.07173915853005898,0
tclad-downweight-bounded-seed42-20261004,11,3,conv1,max_abs,0.01801440119743347,0
tclad-downweight-bounded-seed42-20261004,11,3,conv1,sparsity,0.0,0
tclad-downweight-bounded-seed42-20261004,11,3,conv1,skewness,1.510077461401964,0
tclad-downweight-bounded-seed42-20261004,11,3,conv1,kurtosis,1.0751473077343379,0
tclad-downweight-bounded-seed42-20261004,11,3,conv2,mean,0.0003851026519504526,0
tclad-downweight-bounded-seed42-20261004,11,3,conv2,std,0.0011961272244732637,0
tclad-downweight-bounded-seed42-20261004,11,3,conv2,median,6.21238723397255e-05,0
tclad-downweight-bounded-seed42-20261004,11,3,conv2,min,-0.0031997747719287872,0
tclad-downweight-bounded-seed42-20261004,11,3,conv2,max,0.013315781950950623,0
tclad-downweight-bounded-seed42-20261004,11,3,conv2,l1,2.5972457863827003,0
tclad-downweight-bounded-seed42-20261004,11,3,conv2,l2,0.08559598803710011,0
tclad-downweight-bounded-seed42-20261004,11,3,conv2,max_abs,0.013315781950950623,0
tclad-downweight-bounded-seed42-20261004,11,3,conv2,sparsity,0.0,0
tclad-downweight-bounded-seed42-20261004,11,3,conv2,skewness,4.050380880968119,0
tclad-downweight-bounded-seed42-20261004,11,3,conv2,kurtosis,24.83537617940076,0
tclad-downweight-bounded-seed42-20261004,11,3,fc1,mean,3.244613558112675e-05,0
tclad-downweight-bounded-seed42-20261004,11,3,fc1,std,0.0003680334211257622,0
tclad-downweight-bounded-seed42-20261004,11,3,fc1,median,0.0,0
tclad-downweight-bounded-seed42-20261004,11,3,fc1,min,-0.005048684775829315,0
tclad-downweight-bounded-seed42-20261004,11,3,fc1,max,0.006968298926949501,0
tclad-downweight-bounded-seed42-20261004,11,3,fc1,l1,17.322809280076626,0
tclad-downweight-bounded-seed42-20261004,11,3,fc1,l2,0.11707655461232404,0
tclad-downweight-bounded-seed42-20261004,11,3,fc1,max_abs,0.006968298926949501,0
tclad-downweight-bounded-seed42-20261004,11,3,fc1,sparsity,0.08292503186743148,0
tclad-downweight-bounded-seed42-20261004,11,3,fc1,skewness,1.3350115226111214,0
tclad-downweight-bounded-seed42-20261004,11,3,fc1,kurtosis,26.76272923775257,0
tclad-downweight-bounded-seed42-20261004,11,3,output,mean,4.40005141382034e-10,0
tclad-downweight-bounded-seed42-20261004,11,3,output,std,0.002526380852005087,0
tclad-downweight-bounded-seed42-20261004,11,3,output,median,-2.7194619178771973e-07,0
tclad-downweight-bounded-seed42-20261004,11,3,output,min,-0.007953628897666931,0
tclad-downweight-bounded-seed42-20261004,11,3,output,max,0.010503992438316345,0
tclad-downweight-bounded-seed42-20261004,11,3,output,l1,1.1337755453132559,0
tclad-downweight-bounded-seed42-20261004,11,3,output,l2,0.0644103263157065,0
tclad-downweight-bounded-seed42-20261004,11,3,output,max_abs,0.010503992438316345,0
tclad-downweight-bounded-seed42-20261004,11,3,output,sparsity,0.046153846153846156,0
tclad-downweight-bounded-seed42-20261004,11,3,output,skewness,0.32692872428391984,0
tclad-downweight-bounded-seed42-20261004,11,3,output,kurtosis,1.3996445159515005,0
tclad-downweight-bounded-seed42-20261004,11,4,conv1,mean,0.003065991653238598,0
tclad-downweight-bounded-seed42-20261004,11,4,conv1,std,0.0048545049378847585,0
tclad-downweight-bounded-seed42-20261004,11,4,conv1,median,0.0005696378648281097,0
tclad-downweight-bounded-seed42-20261004,11,4,conv1,min,-0.001641601324081421,0
tclad-downweight-bounded-seed42-20261004,11,4,conv1,max,0.01834923028945923,0
tclad-downweight-bounded-seed42-20261004,11,4,conv1,l1,0.5218216774810571,0
tclad-downweight-bounded-seed42-20261004,11,4,conv1,l2,0.07262674219286035,0
tclad-downweight-bounded-seed42-20261004,11,4,conv1,max_abs,0.01834923028945923,0
tclad-downweight-bounded-seed42-20261004,11,4,conv1,sparsity,0.0,0
tclad-downweight-bounded-seed42-20261004,11,4,conv1,skewness,1.5091045222416337,0
tclad-downweight-bounded-seed42-20261004,11,4,conv1,kurtosis,1.0695721314030564,0
tclad-downweight-bounded-seed42-20261004,11,4,conv2,mean,0.0003609468715334013,0
tclad-downweight-bounded-seed42-20261004,11,4,conv2,std,0.0012136001721396617,0
tclad-downweight-bounded-seed42-20261004,11,4,conv2,median,4.425458610057831e-05,0
tclad-downweight-bounded-seed42-20261004,11,4,conv2,min,-0.002795454114675522,0
tclad-downweight-bounded-seed42-20261004,11,4,conv2,max,0.01453372836112976,0
tclad-downweight-bounded-seed42-20261004,11,4,conv2,l1,2.5351337272077217,0
tclad-downweight-bounded-seed42-20261004,11,4,conv2,l2,0.08624628236368481,0
tclad-downweight-bounded-seed42-20261004,11,4,conv2,max_abs,0.01453372836112976,0
tclad-downweight-bounded-seed42-20261004,11,4,conv2,sparsity,0.0,0
tclad-downweight-bounded-seed42-20261004,11,4,conv2,skewness,4.378574701627927,0
tclad-downweight-bounded-seed42-20261004,11,4,conv2,kurtosis,29.02509343023702,0
tclad-downweight-bounded-seed42-20261004,11,4,fc1,mean,3.2158526067344315e-05,0
tclad-downweight-bounded-seed42-20261004,11,4,fc1,std,0.00038953824777647207,0
tclad-downweight-bounded-seed42-20261004,11,4,fc1,median,0.0,0
tclad-downweight-bounded-seed42-20261004,11,4,fc1,min,-0.006505545228719711,0
tclad-downweight-bounded-seed42-20261004,11,4,fc1,max,0.00695379450917244,0
tclad-downweight-bounded-seed42-20261004,11,4,fc1,l1,18.225850913362166,0
tclad-downweight-bounded-seed42-20261004,11,4,fc1,l2,0.12385869288163481,0
tclad-downweight-bounded-seed42-20261004,11,4,fc1,max_abs,0.00695379450917244,0
tclad-downweight-bounded-seed42-20261004,11,4,fc1,sparsity,0.08915909815168897,0
tclad-downweight-bounded-seed42-20261004,11,4,fc1,skewness,1.4473289827217002,0
tclad-downweight-bounded-seed42-20261004,11,4,fc1,kurtosis,29.988602594862527,0
tclad-downweight-bounded-seed42-20261004,11,4,output,mean,-1.0132610511321288e-10,0
tclad-downweight-bounded-seed42-20261004,11,4,output,std,0.0028115634424855014,0
tclad-downweight-bounded-seed42-20261004,11,4,output,median,-5.21540641784668e-07,0
tclad-downweight-bounded-seed42-20261004,11,4,output,min,-0.008683130145072937,0
tclad-downweight-bounded-seed42-20261004,11,4,output,max,0.009677723050117493,0
tclad-downweight-bounded-seed42-20261004,11,4,output,l1,1.3243871847807895,0
tclad-downweight-bounded-seed42-20261004,11,4,output,l2,0.07168108428468843,0
tclad-downweight-bounded-seed42-20261004,11,4,output,max_abs,0.009677723050117493,0
tclad-downweight-bounded-seed42-20261004,11,4,output,sparsity,0.06153846153846154,0
tclad-downweight-bounded-seed42-20261004,11,4,output,skewness,0.28555135609835774,0
tclad-downweight-bounded-seed42-20261004,11,4,output,kurtosis,0.7334979990233439,0
tclad-downweight-bounded-seed42-20261004,12,0,conv1,mean,0.0024591397904259794,0
tclad-downweight-bounded-seed42-20261004,12,0,conv1,std,0.0038725088065787727,0
tclad-downweight-bounded-seed42-20261004,12,0,conv1,median,0.00041472911834716797,0
tclad-downweight-bounded-seed42-20261004,12,0,conv1,min,-0.0012354552745819092,0
tclad-downweight-bounded-seed42-20261004,12,0,conv1,max,0.014721781015396118,0
tclad-downweight-bounded-seed42-20261004,12,0,conv1,l1,0.4226626483286964,0
tclad-downweight-bounded-seed42-20261004,12,0,conv1,l2,0.05802577767287429,0
tclad-downweight-bounded-seed42-20261004,12,0,conv1,max_abs,0.014721781015396118,0
tclad-downweight-bounded-seed42-20261004,12,0,conv1,sparsity,0.0,0
tclad-downweight-bounded-seed42-20261004,12,0,conv1,skewness,1.4900369543046688,0
tclad-downweight-bounded-seed42-20261004,12,0,conv1,kurtosis,1.0429447553573743,0
tclad-downweight-bounded-seed42-20261004,12,0,conv2,mean,0.0002963856291891151,0
tclad-downweight-bounded-seed42-20261004,12,0,conv2,std,0.0009598776648843868,0
tclad-downweight-bounded-seed42-20261004,12,0,conv2,median,5.12395054101944e-05,0
tclad-downweight-bounded-seed42-20261004,12,0,conv2,min,-0.0028185024857521057,0
tclad-downweight-bounded-seed42-20261004,12,0,conv2,max,0.010364517569541931,0
tclad-downweight-bounded-seed42-20261004,12,0,conv2,l1,2.170450512869138,0
tclad-downweight-bounded-seed42-20261004,12,0,conv2,l2,0.0684304933307112,0
tclad-downweight-bounded-seed42-20261004,12,0,conv2,max_abs,0.010364517569541931,0
tclad-downweight-bounded-seed42-20261004,12,0,conv2,sparsity,0.0,0
tclad-downweight-bounded-seed42-20261004,12,0,conv2,skewness,3.7377721793827434,0
tclad-downweight-bounded-seed42-20261004,12,0,conv2,kurtosis,21.956754514009237,0
tclad-downweight-bounded-seed42-20261004,12,0,fc1,mean,2.9134237830670803e-05,0
tclad-downweight-bounded-seed42-20261004,12,0,fc1,std,0.0004102959352641915,0
tclad-downweight-bounded-seed42-20261004,12,0,fc1,median,0.0,0
tclad-downweight-bounded-seed42-20261004,12,0,fc1,min,-0.005443096160888672,0
tclad-downweight-bounded-seed42-20261004,12,0,fc1,max,0.007037585601210594,0
tclad-downweight-bounded-seed42-20261004,12,0,fc1,l1,18.80272569208779,0
tclad-downweight-bounded-seed42-20261004,12,0,fc1,l2,0.13034392781823562,0
tclad-downweight-bounded-seed42-20261004,12,0,fc1,max_abs,0.007037585601210594,0
tclad-downweight-bounded-seed42-20261004,12,0,fc1,sparsity,0.06613487890376035,0
tclad-downweight-bounded-seed42-20261004,12,0,fc1,skewness,1.0139492478206205,0
tclad-downweight-bounded-seed42-20261004,12,0,fc1,kurtosis,28.379261437970438,0
tclad-downweight-bounded-seed42-20261004,12,0,output,mean,3.8103630336431356e-11,0
tclad-downweight-bounded-seed42-20261004,12,0,output,std,0.0027306555983180104,0
tclad-downweight-bounded-seed42-20261004,12,0,output,median,-2.43261456489563e-06,0
tclad-downweight-bounded-seed42-20261004,12,0,output,min,-0.006610572338104248,0
tclad-downweight-bounded-seed42-20261004,12,0,output,max,0.01766590029001236,0
tclad-downweight-bounded-seed42-20261004,12,0,output,l1,1.1761664812511299,0
tclad-downweight-bounded-seed42-20261004,12,0,output,l2,0.06961833090362458,0
tclad-downweight-bounded-seed42-20261004,12,0,output,max_abs,0.01766590029001236,0
tclad-downweight-bounded-seed42-20261004,12,0,output,sparsity,0.03076923076923077,0
tclad-downweight-bounded-seed42-20261004,12,0,output,skewness,1.379211560308388,0
tclad-downweight-bounded-seed42-20261004,12,0,output,kurtosis,5.087005212730624,0
tclad-downweight-bounded-seed42-20261004,12,1,conv1,mean,0.0025091246522606523,0
tclad-downweight-bounded-seed42-20261004,12,1,conv1,std,0.003969156505741453,0
tclad-downweight-bounded-seed42-20261004,12,1,conv1,median,0.00042786821722984314,0
tclad-downweight-bounded-seed42-20261004,12,1,conv1,min,-0.0012087523937225342,0
tclad-downweight-bounded-seed42-20261004,12,1,conv1,max,0.014872252941131592,0
tclad-downweight-bounded-seed42-20261004,12,1,conv1,l1,0.42973866041575093,0
tclad-downweight-bounded-seed42-20261004,12,1,conv1,l2,0.05939684824992227,0
tclad-downweight-bounded-seed42-20261004,12,1,conv1,max_abs,0.014872252941131592,0
tclad-downweight-bounded-seed42-20261004,12,1,conv1,sparsity,0.0,0
tclad-downweight-bounded-seed42-20261004,12,1,conv1,skewness,1.4905339153192405,0
tclad-downweight-bounded-seed42-20261004,12,1,conv1,kurtosis,1.0076243398689746,0
tclad-downweight-bounded-seed42-20261004,12,1,conv2,mean,0.00029382038999458397,0
tclad-downweight-bounded-seed42-20261004,12,1,conv2,std,0.0009704360466453139,0
tclad-downweight-bounded-seed42-20261004,12,1,conv2,median,4.6436674892902374e-05,0
tclad-downweight-bounded-seed42-20261004,12,1,conv2,min,-0.0027935653924942017,0
tclad-downweight-bounded-seed42-20261004,12,1,conv2,max,0.010602310299873352,0
tclad-downweight-bounded-seed42-20261004,12,1,conv2,l1,2.1086038959365396,0
tclad-downweight-bounded-seed42-20261004,12,1,conv2,l2,0.06906717857153222,0
tclad-downweight-bounded-seed42-20261004,12,1,conv2,max_abs,0.010602310299873352,0
tclad-downweight-bounded-seed42-20261004,12,1,conv2,sparsity,0.0,0
tclad-downweight-bounded-seed42-20261004,12,1,conv2,skewness,3.989012655945089,0
tclad-downweight-bounded-seed42-20261004,12,1,conv2,kurtosis,24.214774826761158,0
tclad-downweight-bounded-seed42-20261004,12,1,fc1,mean,1.3860448434075637e-05,0
tclad-downweight-bounded-seed42-20261004,12,1,fc1,std,0.0003174890327491359,0
tclad-downweight-bounded-seed42-20261004,12,1,fc1,median,0.0,0
tclad-downweight-bounded-seed42-20261004,12,1,fc1,min,-0.004279695451259613,0
tclad-downweight-bounded-seed42-20261004,12,1,fc1,max,0.005377061665058136,0
tclad-downweight-bounded-seed42-20261004,12,1,fc1,l1,15.359384278914945,0
tclad-downweight-bounded-seed42-20261004,12,1,fc1,l2,0.10070328801098509,0
tclad-downweight-bounded-seed42-20261004,12,1,fc1,max_abs,0.005377061665058136,0
tclad-downweight-bounded-seed42-20261004,12,1,fc1,sparsity,0.0777366156787763,0
tclad-downweight-bounded-seed42-20261004,12,1,fc1,skewness,0.7576342276300206,0
tclad-downweight-bounded-seed42-20261004,12,1,fc1,kurtosis,23.43650237068237,0
tclad-downweight-bounded-seed42-20261004,12,1,output,mean,3.518876977838003e-10,0
tclad-downweight-bounded-seed42-20261004,12,1,output,std,0.002147360236712922,0
tclad-downweight-bounded-seed42-20261004,12,1,output,median,-4.637986421585083e-07,0
tclad-downweight-bounded-seed42-20261004,12,1,output,min,-0.008143201470375061,0
tclad-downweight-bounded-seed42-20261004,12,1,output,max,0.010041162371635437,0
tclad-downweight-bounded-seed42-20261004,12,1,output,l1,0.9888292869145516,0
tclad-downweight-bounded-seed42-20261004,12,1,output,l2,0.05474715874856279,0
tclad-downweight-bounded-seed42-20261004,12,1,output,max_abs,0.010041162371635437,0
tclad-downweight-bounded-seed42-20261004,12,1,output,sparsity,0.046153846153846156,0
tclad-downweight-bounded-seed42-20261004,12,1,output,skewness,0.35946669005331655,0
tclad-downweight-bounded-seed42-20261004,12,1,output,kurtosis,1.582663145305979,0
tclad-downweight-bounded-seed42-20261004,12,2,conv1,mean,0.0023267557080544066,0
tclad-downweight-bounded-seed42-20261004,12,2,conv1,std,0.0037337792154569097,0
tclad-downweight-bounded-seed42-20261004,12,2,conv1,median,0.00041999295353889465,0
tclad-downweight-bounded-seed42-20261004,12,2,conv1,min,-0.0010569989681243896,0
tclad-downweight-bounded-seed42-20261004,12,2,conv1,max,0.014155954122543335,0
tclad-downweight-bounded-seed42-20261004,12,2,conv1,l1,0.40054407075513154,0
tclad-downweight-bounded-seed42-20261004,12,2,conv1,l2,0.05564875467392496,0
tclad-downweight-bounded-seed42-20261004,12,2,conv1,max_abs,0.014155954122543335,0
tclad-downweight-bounded-seed42-20261004,12,2,conv1,sparsity,0.0,0
tclad-downweight-bounded-seed42-20261004,12,2,conv1,skewness,1.5259961025105981,0
tclad-downweight-bounded-seed42-20261004,12,2,conv1,kurtosis,1.1486077058354578,0
tclad-downweight-bounded-seed42-20261004,12,2,conv2,mean,0.0002754623807324355,0
tclad-downweight-bounded-seed42-20261004,12,2,conv2,std,0.0009263521854657407,0
tclad-downweight-bounded-seed42-20261004,12,2,conv2,median,4.7505833208560944e-05,0
tclad-downweight-bounded-seed42-20261004,12,2,conv2,min,-0.003215845674276352,0
tclad-downweight-bounded-seed42-20261004,12,2,conv2,max,0.010236382484436035,0
tclad-downweight-bounded-seed42-20261004,12,2,conv2,l1,2.0329373785752978,0
tclad-downweight-bounded-seed42-20261004,12,2,conv2,l2,0.06583157776843829,0
tclad-downweight-bounded-seed42-20261004,12,2,conv2,max_abs,0.010236382484436035,0
tclad-downweight-bounded-seed42-20261004,12,2,conv2,sparsity,0.0,0
tclad-downweight-bounded-seed42-20261004,12,2,conv2,skewness,3.8516838069060264,0
tclad-downweight-bounded-seed42-20261004,12,2,conv2,kurtosis,23.470634995573796,0
tclad-downweight-bounded-seed42-20261004,12,2,fc1,mean,2.790061461640533e-05,0
tclad-downweight-bounded-seed42-20261004,12,2,fc1,std,0.0003946009399100674,0
tclad-downweight-bounded-seed42-20261004,12,2,fc1,median,0.0,0
tclad-downweight-bounded-seed42-20261004,12,2,fc1,min,-0.007623534649610519,0
tclad-downweight-bounded-seed42-20261004,12,2,fc1,max,0.006468482315540314,0
tclad-downweight-bounded-seed42-20261004,12,2,fc1,l1,18.51946448863083,0
tclad-downweight-bounded-seed42-20261004,12,2,fc1,l2,0.12535523028320322,0
tclad-downweight-bounded-seed42-20261004,12,2,fc1,max_abs,0.007623534649610519,0
tclad-downweight-bounded-seed42-20261004,12,2,fc1,sparsity,0.10261312938177183,0
tclad-downweight-bounded-seed42-20261004,12,2,fc1,skewness,0.5847306361674397,0
tclad-downweight-bounded-seed42-20261004,12,2,fc1,kurtosis,26.00007358279414,0
tclad-downweight-bounded-seed42-20261004,12,2,output,mean,1.0244548320770264e-10,0
tclad-downweight-bounded-seed42-20261004,12,2,output,std,0.002629064382759347,0
tclad-downweight-bounded-seed42-20261004,12,2,output,median,-8.312053978443146e-07,0
tclad-downweight-bounded-seed42-20261004,12,2,output,min,-0.008218079805374146,0
tclad-downweight-bounded-seed42-20261004,12,2,output,max,0.011177845299243927,0
tclad-downweight-bounded-seed42-20261004,12,2,output,l1,1.2064881824189797,0
tclad-downweight-bounded-seed42-20261004,12,2,output,l2,0.06702825295090846,0
tclad-downweight-bounded-seed42-20261004,12,2,output,max_abs,0.011177845299243927,0
tclad-downweight-bounded-seed42-20261004,12,2,output,sparsity,0.07692307692307693,0
tclad-downweight-bounded-seed42-20261004,12,2,output,skewness,0.48703187256487146,0
tclad-downweight-bounded-seed42-20261004,12,2,output,kurtosis,1.1527240149421036,0
tclad-downweight-bounded-seed42-20261004,12,3,conv1,mean,0.00243993789954402,0
tclad-downweight-bounded-seed42-20261004,12,3,conv1,std,0.003838231971782592,0
tclad-downweight-bounded-seed42-20261004,12,3,conv1,median,0.0004257410764694214,0
tclad-downweight-bounded-seed42-20261004,12,3,conv1,min,-0.0011588186025619507,0
tclad-downweight-bounded-seed42-20261004,12,3,conv1,max,0.014628082513809204,0
tclad-downweight-bounded-seed42-20261004,12,3,conv1,l1,0.41561627079499885,0
tclad-downweight-bounded-seed42-20261004,12,3,conv1,l2,0.057529570306541135,0
tclad-downweight-bounded-seed42-20261004,12,3,conv1,max_abs,0.014628082513809204,0
tclad-downweight-bounded-seed42-20261004,12,3,conv1,sparsity,0.0,0
tclad-downweight-bounded-seed42-20261004,12,3,conv1,skewness,1.5113081860809787,0
tclad-downweight-bounded-seed42-20261004,12,3,conv1,kurtosis,1.1050490508725987,0
tclad-downweight-bounded-seed42-20261004,12,3,conv2,mean,0.00028072881927747746,0
tclad-downweight-bounded-seed42-20261004,12,3,conv2,std,0.0009534059922373774,0
tclad-downweight-bounded-seed42-20261004,12,3,conv2,median,4.1937455534935e-05,0
tclad-downweight-bounded-seed42-20261004,12,3,conv2,min,-0.0032011307775974274,0
tclad-downweight-bounded-seed42-20261004,12,3,conv2,max,0.010208606719970703,0
tclad-downweight-bounded-seed42-20261004,12,3,conv2,l1,2.0945319395941624,0
tclad-downweight-bounded-seed42-20261004,12,3,conv2,l2,0.06770046738297145,0
tclad-downweight-bounded-seed42-20261004,12,3,conv2,max_abs,0.010208606719970703,0
tclad-downweight-bounded-seed42-20261004,12,3,conv2,sparsity,0.0,0
tclad-downweight-bounded-seed42-20261004,12,3,conv2,skewness,3.7617774130526103,0
tclad-downweight-bounded-seed42-20261004,12,3,conv2,kurtosis,22.28983802632758,0
tclad-downweight-bounded-seed42-20261004,12,3,fc1,mean,1.7895476814333023e-05,0
tclad-downweight-bounded-seed42-20261004,12,3,fc1,std,0.00032755566715946747,0
tclad-downweight-bounded-seed42-20261004,12,3,fc1,median,0.0,0
tclad-downweight-bounded-seed42-20261004,12,3,fc1,min,-0.005073137115687132,0
tclad-downweight-bounded-seed42-20261004,12,3,fc1,max,0.006534281652420759,0
tclad-downweight-bounded-seed42-20261004,12,3,fc1,l1,15.4282002001612,0
tclad-downweight-bounded-seed42-20261004,12,3,fc1,l2,0.10395221647734094,0
tclad-downweight-bounded-seed42-20261004,12,3,fc1,max_abs,0.006534281652420759,0
tclad-downweight-bounded-seed42-20261004,12,3,fc1,sparsity,0.08068435309114086,0
tclad-downweight-bounded-seed42-20261004,12,3,fc1,skewness,0.8200493256757494,0
tclad-downweight-bounded-seed42-20261004,12,3,fc1,kurtosis,27.031493514087863,0
tclad-downweight-bounded-seed42-20261004,12,3,output,mean,1.7739904041473682e-10,0
tclad-downweight-bounded-seed42-20261004,12,3,output,std,0.0021778619606579327,0
tclad-downweight-bounded-seed42-20261004,12,3,output,median,-1.4156103134155273e-07,0
tclad-downweight-bounded-seed42-20261004,12,3,output,min,-0.007664129137992859,0
tclad-downweight-bounded-seed42-20261004,12,3,output,max,0.009069755673408508,0
tclad-downweight-bounded-seed42-20261004,12,3,output,l1,0.980266135185957,0
tclad-downweight-bounded-seed42-20261004,12,3,output,l2,0.055524803176531384,0
tclad-downweight-bounded-seed42-20261004,12,3,output,max_abs,0.009069755673408508,0
tclad-downweight-bounded-seed42-20261004,12,3,output,sparsity,0.04923076923076923,0
tclad-downweight-bounded-seed42-20261004,12,3,output,skewness,0.25198929754117094,0
tclad-downweight-bounded-seed42-20261004,12,3,output,kurtosis,1.2848360306312054,0
tclad-downweight-bounded-seed42-20261004,12,4,conv1,mean,0.002505382991876104,0
tclad-downweight-bounded-seed42-20261004,12,4,conv1,std,0.003960475772322793,0
tclad-downweight-bounded-seed42-20261004,12,4,conv1,median,0.00043364614248275757,0
tclad-downweight-bounded-seed42-20261004,12,4,conv1,min,-0.0012296885251998901,0
tclad-downweight-bounded-seed42-20261004,12,4,conv1,max,0.015113651752471924,0
tclad-downweight-bounded-seed42-20261004,12,4,conv1,l1,0.42661378014599904,0
tclad-downweight-bounded-seed42-20261004,12,4,conv1,l2,0.05927874800180973,0
tclad-downweight-bounded-seed42-20261004,12,4,conv1,max_abs,0.015113651752471924,0
tclad-downweight-bounded-seed42-20261004,12,4,conv1,sparsity,0.0,0
tclad-downweight-bounded-seed42-20261004,12,4,conv1,skewness,1.5071278716796241,0
tclad-downweight-bounded-seed42-20261004,12,4,conv1,kurtosis,1.0797585753800618,0
tclad-downweight-bounded-seed42-20261004,12,4,conv2,mean,0.00026652975332283325,0
tclad-downweight-bounded-seed42-20261004,12,4,conv2,std,0.000980019032429822,0
tclad-downweight-bounded-seed42-20261004,12,4,conv2,median,2.828054130077362e-05,0
tclad-downweight-bounded-seed42-20261004,12,4,conv2,min,-0.0028120577335357666,0
tclad-downweight-bounded-seed42-20261004,12,4,conv2,max,0.011561200022697449,0
tclad-downweight-bounded-seed42-20261004,12,4,conv2,l1,2.0644749720922846,0
tclad-downweight-bounded-seed42-20261004,12,4,conv2,l2,0.06918125409282423,0
tclad-downweight-bounded-seed42-20261004,12,4,conv2,max_abs,0.011561200022697449,0
tclad-downweight-bounded-seed42-20261004,12,4,conv2,sparsity,0.0,0
tclad-downweight-bounded-seed42-20261004,12,4,conv2,skewness,4.206566502281523,0
tclad-downweight-bounded-seed42-20261004,12,4,conv2,kurtosis,27.661118558732042,0
tclad-downweight-bounded-seed42-20261004,12,4,fc1,mean,2.0820126472532114e-05,0
tclad-downweight-bounded-seed42-20261004,12,4,fc1,std,0.00035540472558188356,0
tclad-downweight-bounded-seed42-20261004,12,4,fc1,median,0.0,0
tclad-downweight-bounded-seed42-20261004,12,4,fc1,min,-0.006059248000383377,0
tclad-downweight-bounded-seed42-20261004,12,4,fc1,max,0.0064089857041835785,0
tclad-downweight-bounded-seed42-20261004,12,4,fc1,l1,16.58018578497949,0
tclad-downweight-bounded-seed42-20261004,12,4,fc1,l2,0.11281545105979783,0
tclad-downweight-bounded-seed42-20261004,12,4,fc1,max_abs,0.0064089857041835785,0
tclad-downweight-bounded-seed42-20261004,12,4,fc1,sparsity,0.08862133524537923,0
tclad-downweight-bounded-seed42-20261004,12,4,fc1,skewness,1.2271823847838081,0
tclad-downweight-bounded-seed42-20261004,12,4,fc1,kurtosis,30.674634410181312,0
tclad-downweight-bounded-seed42-20261004,12,4,output,mean,-4.788699488227184e-10,0
tclad-downweight-bounded-seed42-20261004,12,4,output,std,0.0026172872502278712,0
tclad-downweight-bounded-seed42-20261004,12,4,output,median,-2.423767000436783e-07,0
tclad-downweight-bounded-seed42-20261004,12,4,output,min,-0.008597522974014282,0
tclad-downweight-bounded-seed42-20261004,12,4,output,max,0.008508756756782532,0
tclad-downweight-bounded-seed42-20261004,12,4,output,l1,1.2190710084687453,0
tclad-downweight-bounded-seed42-20261004,12,4,output,l2,0.06672799380794871,0
tclad-downweight-bounded-seed42-20261004,12,4,output,max_abs,0.008597522974014282,0
tclad-downweight-bounded-seed42-20261004,12,4,output,sparsity,0.06153846153846154,0
tclad-downweight-bounded-seed42-20261004,12,4,output,skewness,0.22854319601210035,0
tclad-downweight-bounded-seed42-20261004,12,4,output,kurtosis,0.751634612027722,0
tclad-downweight-bounded-seed42-20261004,13,0,conv1,mean,0.0019563390696930583,0
tclad-downweight-bounded-seed42-20261004,13,0,conv1,std,0.0030917238332659512,0
tclad-downweight-bounded-seed42-20261004,13,0,conv1,median,0.00028255581855773926,0
tclad-downweight-bounded-seed42-20261004,13,0,conv1,min,-0.0010103434324264526,0
tclad-downweight-bounded-seed42-20261004,13,0,conv1,max,0.012056529521942139,0
tclad-downweight-bounded-seed42-20261004,13,0,conv1,l1,0.33877651023794897,0
tclad-downweight-bounded-seed42-20261004,13,0,conv1,l2,0.04627918550154868,0
tclad-downweight-bounded-seed42-20261004,13,0,conv1,max_abs,0.012056529521942139,0
tclad-downweight-bounded-seed42-20261004,13,0,conv1,sparsity,0.0,0
tclad-downweight-bounded-seed42-20261004,13,0,conv1,skewness,1.4916655624561586,0
tclad-downweight-bounded-seed42-20261004,13,0,conv1,kurtosis,1.0924793796900563,0
tclad-downweight-bounded-seed42-20261004,13,0,conv2,mean,0.00022080356425092384,0
tclad-downweight-bounded-seed42-20261004,13,0,conv2,std,0.000770020810627342,0
tclad-downweight-bounded-seed42-20261004,13,0,conv2,median,3.886967897415161e-05,0
tclad-downweight-bounded-seed42-20261004,13,0,conv2,min,-0.0026372522115707397,0
tclad-downweight-bounded-seed42-20261004,13,0,conv2,max,0.007896766066551208,0
tclad-downweight-bounded-seed42-20261004,13,0,conv2,l1,1.778927900842973,0
tclad-downweight-bounded-seed42-20261004,13,0,conv2,l2,0.05456577919651535,0
tclad-downweight-bounded-seed42-20261004,13,0,conv2,max_abs,0.007896766066551208,0
tclad-downweight-bounded-seed42-20261004,13,0,conv2,sparsity,0.00021551724137931034,0
tclad-downweight-bounded-seed42-20261004,13,0,conv2,skewness,3.4240435928271675,0
tclad-downweight-bounded-seed42-20261004,13,0,conv2,kurtosis,19.32996614354177,0
tclad-downweight-bounded-seed42-20261004,13,0,fc1,mean,2.7457588268864446e-05,0
tclad-downweight-bounded-seed42-20261004,13,0,fc1,std,0.0003804903996115224,0
tclad-downweight-bounded-seed42-20261004,13,0,fc1,median,0.0,0
tclad-downweight-bounded-seed42-20261004,13,0,fc1,min,-0.004912037402391434,0
tclad-downweight-bounded-seed42-20261004,13,0,fc1,max,0.007238990627229214,0
tclad-downweight-bounded-seed42-20261004,13,0,fc1,l1,17.256921979222,0
tclad-downweight-bounded-seed42-20261004,13,0,fc1,l2,0.12088517489817137,0
tclad-downweight-bounded-seed42-20261004,13,0,fc1,max_abs,0.007238990627229214,0
tclad-downweight-bounded-seed42-20261004,13,0,fc1,sparsity,0.0655672402804334,0
tclad-downweight-bounded-seed42-20261004,13,0,fc1,skewness,1.4961816395793706,0
tclad-downweight-bounded-seed42-20261004,13,0,fc1,kurtosis,32.07051082984745,0
tclad-downweight-bounded-seed42-20261004,13,0,output,mean,-4.2822928382800175e-10,0
tclad-downweight-bounded-seed42-20261004,13,0,output,std,0.002379843291604044,0
tclad-downweight-bounded-seed42-20261004,13,0,output,median,-8.188188076019287e-06,0
tclad-downweight-bounded-seed42-20261004,13,0,output,min,-0.0061938464641571045,0
tclad-downweight-bounded-seed42-20261004,13,0,output,max,0.015556037425994873,0
tclad-downweight-bounded-seed42-20261004,13,0,output,l1,1.0196712573524565,0
tclad-downweight-bounded-seed42-20261004,13,0,output,l2,0.06067433691591051,0
tclad-downweight-bounded-seed42-20261004,13,0,output,max_abs,0.015556037425994873,0
tclad-downweight-bounded-seed42-20261004,13,0,output,sparsity,0.03538461538461538,0
tclad-downweight-bounded-seed42-20261004,13,0,output,skewness,1.4129499332394273,0
tclad-downweight-bounded-seed42-20261004,13,0,output,kurtosis,5.350783797933193,0
tclad-downweight-bounded-seed42-20261004,13,1,conv1,mean,0.0020332870772108436,0
tclad-downweight-bounded-seed42-20261004,13,1,conv1,std,0.0032154374474791456,0
tclad-downweight-bounded-seed42-20261004,13,1,conv1,median,0.00033186376094818115,0
tclad-downweight-bounded-seed42-20261004,13,1,conv1,min,-0.0009700804948806763,0
tclad-downweight-bounded-seed42-20261004,13,1,conv1,max,0.012162059545516968,0
tclad-downweight-bounded-seed42-20261004,13,1,conv1,l1,0.349765588529408,0
tclad-downweight-bounded-seed42-20261004,13,1,conv1,l2,0.048122002147880455,0
tclad-downweight-bounded-seed42-20261004,13,1,conv1,max_abs,0.012162059545516968,0
tclad-downweight-bounded-seed42-20261004,13,1,conv1,sparsity,0.0,0
tclad-downweight-bounded-seed42-20261004,13,1,conv1,skewness,1.4846969201370896,0
tclad-downweight-bounded-seed42-20261004,13,1,conv1,kurtosis,1.0156542565174398,0
tclad-downweight-bounded-seed42-20261004,13,1,conv2,mean,0.0002173137421166381,0
tclad-downweight-bounded-seed42-20261004,13,1,conv2,std,0.0007850058661948763,0
tclad-downweight-bounded-seed42-20261004,13,1,conv2,median,3.3084768801927567e-05,0
tclad-downweight-bounded-seed42-20261004,13,1,conv2,min,-0.0026935115456581116,0
tclad-downweight-bounded-seed42-20261004,13,1,conv2,max,0.008191540837287903,0
tclad-downweight-bounded-seed42-20261004,13,1,conv2,l1,1.7355761032449664,0
tclad-downweight-bounded-seed42-20261004,13,1,conv2,l2,0.055483799007234574,0
tclad-downweight-bounded-seed42-20261004,13,1,conv2,max_abs,0.008191540837287903,0
tclad-downweight-bounded-seed42-20261004,13,1,conv2,sparsity,0.0,0
tclad-downweight-bounded-seed42-20261004,13,1,conv2,skewness,3.6793637335451113,0
tclad-downweight-bounded-seed42-20261004,13,1,conv2,kurtosis,21.493867544490012,0
tclad-downweight-bounded-seed42-20261004,13,1,fc1,mean,9.303238254534705e-06,0
tclad-downweight-bounded-seed42-20261004,13,1,fc1,std,0.00028997932568579327,0
tclad-downweight-bounded-seed42-20261004,13,1,fc1,median,0.0,0
tclad-downweight-bounded-seed42-20261004,13,1,fc1,min,-0.0038515012711286545,0
tclad-downweight-bounded-seed42-20261004,13,1,fc1,max,0.004588432610034943,0
tclad-downweight-bounded-seed42-20261004,13,1,fc1,l1,14.13226666398856,0
tclad-downweight-bounded-seed42-20261004,13,1,fc1,l2,0.09193732959739888,0
tclad-downweight-bounded-seed42-20261004,13,1,fc1,max_abs,0.004588432610034943,0
tclad-downweight-bounded-seed42-20261004,13,1,fc1,sparsity,0.08955744104525175,0
tclad-downweight-bounded-seed42-20261004,13,1,fc1,skewness,0.7010978177673467,0
tclad-downweight-bounded-seed42-20261004,13,1,fc1,kurtosis,22.72921577977219,0
tclad-downweight-bounded-seed42-20261004,13,1,output,mean,-3.185750056917851e-10,0
tclad-downweight-bounded-seed42-20261004,13,1,output,std,0.001837858947083913,0
tclad-downweight-bounded-seed42-20261004,13,1,output,median,-1.4528632164001465e-07,0
tclad-downweight-bounded-seed42-20261004,13,1,output,min,-0.007841214537620544,0
tclad-downweight-bounded-seed42-20261004,13,1,output,max,0.008192598819732666,0
tclad-downweight-bounded-seed42-20261004,13,1,output,l1,0.8502945163927507,0
tclad-downweight-bounded-seed42-20261004,13,1,output,l2,0.04685639317206051,0
tclad-downweight-bounded-seed42-20261004,13,1,output,max_abs,0.008192598819732666,0
tclad-downweight-bounded-seed42-20261004,13,1,output,sparsity,0.06153846153846154,0
tclad-downweight-bounded-seed42-20261004,13,1,output,skewness,0.3136934020777828,0
tclad-downweight-bounded-seed42-20261004,13,1,output,kurtosis,1.5415248136645658,0
tclad-downweight-bounded-seed42-20261004,13,2,conv1,mean,0.0018628249501489336,0
tclad-downweight-bounded-seed42-20261004,13,2,conv1,std,0.003009218851663726,0
tclad-downweight-bounded-seed42-20261004,13,2,conv1,median,0.00031299889087677,0
tclad-downweight-bounded-seed42-20261004,13,2,conv1,min,-0.000845000147819519,0
tclad-downweight-bounded-seed42-20261004,13,2,conv1,max,0.011473119258880615,0
tclad-downweight-bounded-seed42-20261004,13,2,conv1,l1,0.3232079329318367,0
tclad-downweight-bounded-seed42-20261004,13,2,conv1,l2,0.04476697870905425,0
tclad-downweight-bounded-seed42-20261004,13,2,conv1,max_abs,0.011473119258880615,0
tclad-downweight-bounded-seed42-20261004,13,2,conv1,sparsity,0.0,0
tclad-downweight-bounded-seed42-20261004,13,2,conv1,skewness,1.5311125919113417,0
tclad-downweight-bounded-seed42-20261004,13,2,conv1,kurtosis,1.1977251066789734,0
tclad-downweight-bounded-seed42-20261004,13,2,conv2,mean,0.0002004924034014854,0
tclad-downweight-bounded-seed42-20261004,13,2,conv2,std,0.0007535185220314792,0
tclad-downweight-bounded-seed42-20261004,13,2,conv2,median,3.295578062534332e-05,0
tclad-downweight-bounded-seed42-20261004,13,2,conv2,min,-0.00322563573718071,0
tclad-downweight-bounded-seed42-20261004,13,2,conv2,max,0.007997602224349976,0
tclad-downweight-bounded-seed42-20261004,13,2,conv2,l1,1.6797566383029334,0
tclad-downweight-bounded-seed42-20261004,13,2,conv2,l2,0.05311366474137526,0
tclad-downweight-bounded-seed42-20261004,13,2,conv2,max_abs,0.007997602224349976,0
tclad-downweight-bounded-seed42-20261004,13,2,conv2,sparsity,0.0,0
tclad-downweight-bounded-seed42-20261004,13,2,conv2,skewness,3.459363419128651,0
tclad-downweight-bounded-seed42-20261004,13,2,conv2,kurtosis,21.029404641235313,0
tclad-downweight-bounded-seed42-20261004,13,2,fc1,mean,1.8150423498605888e-05,0
tclad-downweight-bounded-seed42-20261004,13,2,fc1,std,0.00037465098018100524,0
tclad-downweight-bounded-seed42-20261004,13,2,fc1,median,0.0,0
tclad-downweight-bounded-seed42-20261004,13,2,fc1,min,-0.007564976811408997,0
tclad-downweight-bounded-seed42-20261004,13,2,fc1,max,0.006076596677303314,0
tclad-downweight-bounded-seed42-20261004,13,2,fc1,l1,17.486915880555102,0
tclad-downweight-bounded-seed42-20261004,13,2,fc1,l2,0.11886045467279417,0
tclad-downweight-bounded-seed42-20261004,13,2,fc1,max_abs,0.007564976811408997,0
tclad-downweight-bounded-seed42-20261004,13,2,fc1,sparsity,0.10013344486934353,0
tclad-downweight-bounded-seed42-20261004,13,2,fc1,skewness,0.2030082870157587,0
tclad-downweight-bounded-seed42-20261004,13,2,fc1,kurtosis,26.84136538747512,0
tclad-downweight-bounded-seed42-20261004,13,2,output,mean,1.0316188518817608e-10,0
tclad-downweight-bounded-seed42-20261004,13,2,output,std,0.002434629313099252,0
tclad-downweight-bounded-seed42-20261004,13,2,output,median,-7.245689630508423e-07,0
tclad-downweight-bounded-seed42-20261004,13,2,output,min,-0.007954955101013184,0
tclad-downweight-bounded-seed42-20261004,13,2,output,max,0.010203443467617035,0
tclad-downweight-bounded-seed42-20261004,13,2,output,l1,1.1017142382916063,0
tclad-downweight-bounded-seed42-20261004,13,2,output,l2,0.06207111187929048,0
tclad-downweight-bounded-seed42-20261004,13,2,output,max_abs,0.010203443467617035,0
tclad-downweight-bounded-seed42-20261004,13,2,output,sparsity,0.07692307692307693,0
tclad-downweight-bounded-seed42-20261004,13,2,output,skewness,0.4518597949644654,0
tclad-downweight-bounded-seed42-20261004,13,2,output,kurtosis,1.4457958818515788,0
tclad-downweight-bounded-seed42-20261004,13,3,conv1,mean,0.0019500609669194091,0
tclad-downweight-bounded-seed42-20261004,13,3,conv1,std,0.003065809814347162,0
tclad-downweight-bounded-seed42-20261004,13,3,conv1,median,0.0003366023302078247,0
tclad-downweight-bounded-seed42-20261004,13,3,conv1,min,-0.0008997023105621338,0
tclad-downweight-bounded-seed42-20261004,13,3,conv1,max,0.011772841215133667,0
tclad-downweight-bounded-seed42-20261004,13,3,conv1,l1,0.3339725610567257,0
tclad-downweight-bounded-seed42-20261004,13,3,conv1,l2,0.045959856557565605,0
tclad-downweight-bounded-seed42-20261004,13,3,conv1,max_abs,0.011772841215133667,0
tclad-downweight-bounded-seed42-20261004,13,3,conv1,sparsity,0.0,0
tclad-downweight-bounded-seed42-20261004,13,3,conv1,skewness,1.5087885716963043,0
tclad-downweight-bounded-seed42-20261004,13,3,conv1,kurtosis,1.1300879487880469,0
tclad-downweight-bounded-seed42-20261004,13,3,conv2,mean,0.0002012204173830657,0
tclad-downweight-bounded-seed42-20261004,13,3,conv2,std,0.0007692514006877427,0
tclad-downweight-bounded-seed42-20261004,13,3,conv2,median,2.8055161237716675e-05,0
tclad-downweight-bounded-seed42-20261004,13,3,conv2,min,-0.003176666796207428,0
tclad-downweight-bounded-seed42-20261004,13,3,conv2,max,0.007848039269447327,0
tclad-downweight-bounded-seed42-20261004,13,3,conv2,l1,1.7197049315582262,0
tclad-downweight-bounded-seed42-20261004,13,3,conv2,l2,0.054162546234274044,0
tclad-downweight-bounded-seed42-20261004,13,3,conv2,max_abs,0.007848039269447327,0
tclad-downweight-bounded-seed42-20261004,13,3,conv2,sparsity,0.00021551724137931034,0
tclad-downweight-bounded-seed42-20261004,13,3,conv2,skewness,3.3960461553219665,0
tclad-downweight-bounded-seed42-20261004,13,3,conv2,kurtosis,19.610143773427318,0
tclad-downweight-bounded-seed42-20261004,13,3,fc1,mean,1.226586973968712e-05,0
tclad-downweight-bounded-seed42-20261004,13,3,fc1,std,0.0003117803130604043,0
tclad-downweight-bounded-seed42-20261004,13,3,fc1,median,0.0,0
tclad-downweight-bounded-seed42-20261004,13,3,fc1,min,-0.005012147128582001,0
tclad-downweight-bounded-seed42-20261004,13,3,fc1,max,0.00595609936863184,0
tclad-downweight-bounded-seed42-20261004,13,3,fc1,l1,14.584941287205254,0
tclad-downweight-bounded-seed42-20261004,13,3,fc1,l2,0.09887488155220837,0
tclad-downweight-bounded-seed42-20261004,13,3,fc1,max_abs,0.00595609936863184,0
tclad-downweight-bounded-seed42-20261004,13,3,fc1,sparsity,0.09136990121096239,0
tclad-downweight-bounded-seed42-20261004,13,3,fc1,skewness,0.6472036155866028,0
tclad-downweight-bounded-seed42-20261004,13,3,fc1,kurtosis,28.81104131447455,0
tclad-downweight-bounded-seed42-20261004,13,3,output,mean,-2.0189103312217272e-10,0
tclad-downweight-bounded-seed42-20261004,13,3,output,std,0.0019355514187362416,0
tclad-downweight-bounded-seed42-20261004,13,3,output,median,-1.6111880540847778e-07,0
tclad-downweight-bounded-seed42-20261004,13,3,output,min,-0.007106989622116089,0
tclad-downweight-bounded-seed42-20261004,13,3,output,max,0.007874995470046997,0
tclad-downweight-bounded-seed42-20261004,13,3,output,l1,0.8781628132855985,0
tclad-downweight-bounded-seed42-20261004,13,3,output,l2,0.04934707226849175,0
tclad-downweight-bounded-seed42-20261004,13,3,output,max_abs,0.007874995470046997,0
tclad-downweight-bounded-seed42-20261004,13,3,output,sparsity,0.06153846153846154,0
tclad-downweight-bounded-seed42-20261004,13,3,output,skewness,0.1750244790628211,0
tclad-downweight-bounded-seed42-20261004,13,3,output,kurtosis,1.1531131267203998,0
tclad-downweight-bounded-seed42-20261004,13,4,conv1,mean,0.002039130027696956,0
tclad-downweight-bounded-seed42-20261004,13,4,conv1,std,0.00323597506565477,0
tclad-downweight-bounded-seed42-20261004,13,4,conv1,median,0.00033465027809143066,0
tclad-downweight-bounded-seed42-20261004,13,4,conv1,min,-0.001103729009628296,0
tclad-downweight-bounded-seed42-20261004,13,4,conv1,max,0.012529760599136353,0
tclad-downweight-bounded-seed42-20261004,13,4,conv1,l1,0.34889884176664054,0
tclad-downweight-bounded-seed42-20261004,13,4,conv1,l2,0.0483811300329288,0
tclad-downweight-bounded-seed42-20261004,13,4,conv1,max_abs,0.012529760599136353,0
tclad-downweight-bounded-seed42-20261004,13,4,conv1,sparsity,0.0,0
tclad-downweight-bounded-seed42-20261004,13,4,conv1,skewness,1.5069150433580634,0
tclad-downweight-bounded-seed42-20261004,13,4,conv1,kurtosis,1.1094065915286313,0
tclad-downweight-bounded-seed42-20261004,13,4,conv2,mean,0.0001898101549456975,0
tclad-downweight-bounded-seed42-20261004,13,4,conv2,std,0.00080082385917494,0
tclad-downweight-bounded-seed42-20261004,13,4,conv2,median,1.5217810869216919e-05,0
tclad-downweight-bounded-seed42-20261004,13,4,conv2,min,-0.002772092819213867,0
tclad-downweight-bounded-seed42-20261004,13,4,conv2,max,0.009284362196922302,0
tclad-downweight-bounded-seed42-20261004,13,4,conv2,l1,1.7094438149870257,0
tclad-downweight-bounded-seed42-20261004,13,4,conv2,l2,0.056061474403709725,0
tclad-downweight-bounded-seed42-20261004,13,4,conv2,max_abs,0.009284362196922302,0
tclad-downweight-bounded-seed42-20261004,13,4,conv2,sparsity,0.0,0
tclad-downweight-bounded-seed42-20261004,13,4,conv2,skewness,3.9624175999410367,0
tclad-downweight-bounded-seed42-20261004,13,4,conv2,kurtosis,26.16686959682106,0
tclad-downweight-bounded-seed42-20261004,13,4,fc1,mean,1.5656374999636968e-05,0
tclad-downweight-bounded-seed42-20261004,13,4,fc1,std,0.00033803118338772794,0
tclad-downweight-bounded-seed42-20261004,13,4,fc1,median,0.0,0
tclad-downweight-bounded-seed42-20261004,13,4,fc1,min,-0.005646687000989914,0
tclad-downweight-bounded-seed42-20261004,13,4,fc1,max,0.0059730783104896545,0
tclad-downweight-bounded-seed42-20261004,13,4,fc1,l1,15.80086355521496,0
tclad-downweight-bounded-seed42-20261004,13,4,fc1,l2,0.10723178888053807,0
tclad-downweight-bounded-seed42-20261004,13,4,fc1,max_abs,0.0059730783104896545,0
tclad-downweight-bounded-seed42-20261004,13,4,fc1,sparsity,0.08788440089228808,0
tclad-downweight-bounded-seed42-20261004,13,4,fc1,skewness,1.0292302848634376,0
tclad-downweight-bounded-seed42-20261004,13,4,fc1,kurtosis,30.11960187586395,0
tclad-downweight-bounded-seed42-20261004,13,4,output,mean,-9.232630523351523e-11,0
tclad-downweight-bounded-seed42-20261004,13,4,output,std,0.0024720431843329657,0
tclad-downweight-bounded-seed42-20261004,13,4,output,median,-1.0244548320770264e-07,0
tclad-downweight-bounded-seed42-20261004,13,4,output,min,-0.008232608437538147,0
tclad-downweight-bounded-seed42-20261004,13,4,output,max,0.008221089839935303,0
tclad-downweight-bounded-seed42-20261004,13,4,output,l1,1.143463442043867,0
tclad-downweight-bounded-seed42-20261004,13,4,output,l2,0.06302498217678923,0
tclad-downweight-bounded-seed42-20261004,13,4,output,max_abs,0.008232608437538147,0
tclad-downweight-bounded-seed42-20261004,13,4,output,sparsity,0.06307692307692307,0
tclad-downweight-bounded-seed42-20261004,13,4,output,skewness,0.13438957521020875,0
tclad-downweight-bounded-seed42-20261004,13,4,output,kurtosis,0.7996532883516583,0
tclad-downweight-bounded-seed42-20261004,14,0,conv1,mean,0.0015550832704320783,0
tclad-downweight-bounded-seed42-20261004,14,0,conv1,std,0.0024742074799579757,0
tclad-downweight-bounded-seed42-20261004,14,0,conv1,median,0.0002457285299897194,0
tclad-downweight-bounded-seed42-20261004,14,0,conv1,min,-0.0007948726415634155,0
tclad-downweight-bounded-seed42-20261004,14,0,conv1,max,0.009844183921813965,0
tclad-downweight-bounded-seed42-20261004,14,0,conv1,l1,0.27158542670076713,0
tclad-downweight-bounded-seed42-20261004,14,0,conv1,l2,0.036964819235284184,0
tclad-downweight-bounded-seed42-20261004,14,0,conv1,max_abs,0.009844183921813965,0
tclad-downweight-bounded-seed42-20261004,14,0,conv1,sparsity,0.0,0
tclad-downweight-bounded-seed42-20261004,14,0,conv1,skewness,1.4992050641564352,0
tclad-downweight-bounded-seed42-20261004,14,0,conv1,kurtosis,1.163640038101649,0
tclad-downweight-bounded-seed42-20261004,14,0,conv2,mean,0.0001709722167639672,0
tclad-downweight-bounded-seed42-20261004,14,0,conv2,std,0.0006246310298753843,0
tclad-downweight-bounded-seed42-20261004,14,0,conv2,median,3.153271973133087e-05,0
tclad-downweight-bounded-seed42-20261004,14,0,conv2,min,-0.002422250807285309,0
tclad-downweight-bounded-seed42-20261004,14,0,conv2,max,0.0058770328760147095,0
tclad-downweight-bounded-seed42-20261004,14,0,conv2,l1,1.482146942638792,0
tclad-downweight-bounded-seed42-20261004,14,0,conv2,l2,0.04411343060658543,0
tclad-downweight-bounded-seed42-20261004,14,0,conv2,max_abs,0.0058770328760147095,0
tclad-downweight-bounded-seed42-20261004,14,0,conv2,sparsity,0.0,0
tclad-downweight-bounded-seed42-20261004,14,0,conv2,skewness,3.039372325888326,0
tclad-downweight-bounded-seed42-20261004,14,0,conv2,kurtosis,16.40211452719042,0
tclad-downweight-bounded-seed42-20261004,14,0,fc1,mean,1.6880388152679473e-05,0
tclad-downweight-bounded-seed42-20261004,14,0,fc1,std,0.0003313608310264938,0
tclad-downweight-bounded-seed42-20261004,14,0,fc1,median,0.0,0
tclad-downweight-bounded-seed42-20261004,14,0,fc1,min,-0.0048099085688591,0
tclad-downweight-bounded-seed42-20261004,14,0,fc1,max,0.005474075675010681,0
tclad-downweight-bounded-seed42-20261004,14,0,fc1,l1,15.18073958871247,0
tclad-downweight-bounded-seed42-20261004,14,0,fc1,l2,0.10513938426002863,0
tclad-downweight-bounded-seed42-20261004,14,0,fc1,max_abs,0.005474075675010681,0
tclad-downweight-bounded-seed42-20261004,14,0,fc1,sparsity,0.06538798597833015,0
tclad-downweight-bounded-seed42-20261004,14,0,fc1,skewness,0.9907764139610502,0
tclad-downweight-bounded-seed42-20261004,14,0,fc1,kurtosis,28.921927408809694,0
tclad-downweight-bounded-seed42-20261004,14,0,output,mean,-1.2960159578002415e-10,0
tclad-downweight-bounded-seed42-20261004,14,0,output,std,0.0020722523351140647,0
tclad-downweight-bounded-seed42-20261004,14,0,output,median,-1.2004747986793518e-06,0
tclad-downweight-bounded-seed42-20261004,14,0,output,min,-0.00594116747379303,0
tclad-downweight-bounded-seed42-20261004,14,0,output,max,0.012899145483970642,0
tclad-downweight-bounded-seed42-20261004,14,0,output,l1,0.8930956718540983,0
tclad-downweight-bounded-seed42-20261004,14,0,output,l2,0.05283227546917425,0
tclad-downweight-bounded-seed42-20261004,14,0,output,max_abs,0.012899145483970642,0
tclad-downweight-bounded-seed42-20261004,14,0,output,sparsity,0.04,0
tclad-downweight-bounded-seed42-20261004,14,0,output,skewness,1.2868305177225041,0
tclad-downweight-bounded-seed42-20261004,14,0,output,kurtosis,4.659805751096179,0
tclad-downweight-bounded-seed42-20261004,14,1,conv1,mean,0.0016624136631435249,0
tclad-downweight-bounded-seed42-20261004,14,1,conv1,std,0.002645546002828663,0
tclad-downweight-bounded-seed42-20261004,14,1,conv1,median,0.0002857968211174011,0
tclad-downweight-bounded-seed42-20261004,14,1,conv1,min,-0.0008082538843154907,0
tclad-downweight-bounded-seed42-20261004,14,1,conv1,max,0.01014697551727295,0
tclad-downweight-bounded-seed42-20261004,14,1,conv1,l1,0.28840854519512504,0
tclad-downweight-bounded-seed42-20261004,14,1,conv1,l2,0.039522212165796565,0
tclad-downweight-bounded-seed42-20261004,14,1,conv1,max_abs,0.01014697551727295,0
tclad-downweight-bounded-seed42-20261004,14,1,conv1,sparsity,0.0,0
tclad-downweight-bounded-seed42-20261004,14,1,conv1,skewness,1.4909661742100417,0
tclad-downweight-bounded-seed42-20261004,14,1,conv1,kurtosis,1.0693708421860837,0
tclad-downweight-bounded-seed42-20261004,14,1,conv2,mean,0.00016657095646474646,0
tclad-downweight-bounded-seed42-20261004,14,1,conv2,std,0.0006467826155490367,0
tclad-downweight-bounded-seed42-20261004,14,1,conv2,median,2.5944784283638e-05,0
tclad-downweight-bounded-seed42-20261004,14,1,conv2,min,-0.002656415104866028,0
tclad-downweight-bounded-seed42-20261004,14,1,conv2,max,0.006425932049751282,0
tclad-downweight-bounded-seed42-20261004,14,1,conv2,l1,1.458086312690284,0
tclad-downweight-bounded-seed42-20261004,14,1,conv2,l2,0.04549485320184158,0
tclad-downweight-bounded-seed42-20261004,14,1,conv2,max_abs,0.006425932049751282,0
tclad-downweight-bounded-seed42-20261004,14,1,conv2,sparsity,0.0,0
tclad-downweight-bounded-seed42-20261004,14,1,conv2,skewness,3.330858251917971,0
tclad-downweight-bounded-seed42-20261004,14,1,conv2,kurtosis,19.02645079055804,0
tclad-downweight-bounded-seed42-20261004,14,1,fc1,mean,-2.447637894030845e-07,0
tclad-downweight-bounded-seed42-20261004,14,1,fc1,std,0.0002607458395615346,0
tclad-downweight-bounded-seed42-20261004,14,1,fc1,median,0.0,0
tclad-downweight-bounded-seed42-20261004,14,1,fc1,min,-0.0038955267518758774,0
tclad-downweight-bounded-seed42-20261004,14,1,fc1,max,0.004073008894920349,0
tclad-downweight-bounded-seed42-20261004,14,1,fc1,l1,12.821681157250254,0
tclad-downweight-bounded-seed42-20261004,14,1,fc1,l2,0.08262643930452,0
tclad-downweight-bounded-seed42-20261004,14,1,fc1,max_abs,0.004073008894920349,0
tclad-downweight-bounded-seed42-20261004,14,1,fc1,sparsity,0.0900653282345443,0
tclad-downweight-bounded-seed42-20261004,14,1,fc1,skewness,0.204827534307458,0
tclad-downweight-bounded-seed42-20261004,14,1,fc1,kurtosis,21.514767752065357,0
tclad-downweight-bounded-seed42-20261004,14,1,output,mean,2.925606587758431e-10,0
tclad-downweight-bounded-seed42-20261004,14,1,output,std,0.0016317593175664805,0
tclad-downweight-bounded-seed42-20261004,14,1,output,median,-2.9802322387695312e-08,0
tclad-downweight-bounded-seed42-20261004,14,1,output,min,-0.007248982787132263,0
tclad-downweight-bounded-seed42-20261004,14,1,output,max,0.006898865103721619,0
tclad-downweight-bounded-seed42-20261004,14,1,output,l1,0.7544617043458857,0
tclad-downweight-bounded-seed42-20261004,14,1,output,l2,0.04160186300879232,0
tclad-downweight-bounded-seed42-20261004,14,1,output,max_abs,0.007248982787132263,0
tclad-downweight-bounded-seed42-20261004,14,1,output,sparsity,0.06307692307692307,0
tclad-downweight-bounded-seed42-20261004,14,1,output,skewness,0.32862740133831564,0
tclad-downweight-bounded-seed42-20261004,14,1,output,kurtosis,1.589544468365652,0
tclad-downweight-bounded-seed42-20261004,14,2,conv1,mean,0.0014965017911890755,0
tclad-downweight-bounded-seed42-20261004,14,2,conv1,std,0.0024570075092029543,0
tclad-downweight-bounded-seed42-20261004,14,2,conv1,median,0.000265367329120636,0
tclad-downweight-bounded-seed42-20261004,14,2,conv1,min,-0.0007348954677581787,0
tclad-downweight-bounded-seed42-20261004,14,2,conv1,max,0.009407192468643188,0
tclad-downweight-bounded-seed42-20261004,14,2,conv1,l1,0.26350174139952287,0
tclad-downweight-bounded-seed42-20261004,14,2,conv1,l2,0.03638989642483048,0
tclad-downweight-bounded-seed42-20261004,14,2,conv1,max_abs,0.009407192468643188,0
tclad-downweight-bounded-seed42-20261004,14,2,conv1,sparsity,0.0,0
tclad-downweight-bounded-seed42-20261004,14,2,conv1,skewness,1.5494762782988434,0
tclad-downweight-bounded-seed42-20261004,14,2,conv1,kurtosis,1.3031717074685139,0
tclad-downweight-bounded-seed42-20261004,14,2,conv2,mean,0.00014705852123009615,0
tclad-downweight-bounded-seed42-20261004,14,2,conv2,std,0.0006270269451775604,0
tclad-downweight-bounded-seed42-20261004,14,2,conv2,median,2.33454629778862e-05,0
tclad-downweight-bounded-seed42-20261004,14,2,conv2,min,-0.0031616464257240295,0
tclad-downweight-bounded-seed42-20261004,14,2,conv2,max,0.006297662854194641,0
tclad-downweight-bounded-seed42-20261004,14,2,conv2,l1,1.4251370898819005,0
tclad-downweight-bounded-seed42-20261004,14,2,conv2,l2,0.04387050209096311,0
tclad-downweight-bounded-seed42-20261004,14,2,conv2,max_abs,0.006297662854194641,0
tclad-downweight-bounded-seed42-20261004,14,2,conv2,sparsity,0.0,0
tclad-downweight-bounded-seed42-20261004,14,2,conv2,skewness,2.974583931097406,0
tclad-downweight-bounded-seed42-20261004,14,2,conv2,kurtosis,18.67605109210543,0
tclad-downweight-bounded-seed42-20261004,14,2,fc1,mean,6.920363475138152e-06,0
tclad-downweight-bounded-seed42-20261004,14,2,fc1,std,0.0003630416260060017,0
tclad-downweight-bounded-seed42-20261004,14,2,fc1,median,0.0,0
tclad-downweight-bounded-seed42-20261004,14,2,fc1,min,-0.007414214313030243,0
tclad-downweight-bounded-seed42-20261004,14,2,fc1,max,0.0058144330978393555,0
tclad-downweight-bounded-seed42-20261004,14,2,fc1,l1,16.89881993691546,0
tclad-downweight-bounded-seed42-20261004,14,2,fc1,l2,0.11506328590669894,0
tclad-downweight-bounded-seed42-20261004,14,2,fc1,max_abs,0.007414214313030243,0
tclad-downweight-bounded-seed42-20261004,14,2,fc1,sparsity,0.10147785213511791,0
tclad-downweight-bounded-seed42-20261004,14,2,fc1,skewness,-0.21602935536447382,0
tclad-downweight-bounded-seed42-20261004,14,2,fc1,kurtosis,26.867571746814615,0
tclad-downweight-bounded-seed42-20261004,14,2,output,mean,2.852175384759903e-11,0
tclad-downweight-bounded-seed42-20261004,14,2,output,std,0.0022694837820025145,0
tclad-downweight-bounded-seed42-20261004,14,2,output,median,-1.0654330253601074e-06,0
tclad-downweight-bounded-seed42-20261004,14,2,output,min,-0.007501065731048584,0
tclad-downweight-bounded-seed42-20261004,14,2,output,max,0.00934910774230957,0
tclad-downweight-bounded-seed42-20261004,14,2,output,l1,1.0217037336842623,0
tclad-downweight-bounded-seed42-20261004,14,2,output,l2,0.057860710451065875,0
tclad-downweight-bounded-seed42-20261004,14,2,output,max_abs,0.00934910774230957,0
tclad-downweight-bounded-seed42-20261004,14,2,output,sparsity,0.07692307692307693,0
tclad-downweight-bounded-seed42-20261004,14,2,output,skewness,0.4332240207951193,0
tclad-downweight-bounded-seed42-20261004,14,2,output,kurtosis,1.6636098366590257,0
tclad-downweight-bounded-seed42-20261004,14,3,conv1,mean,0.001570055717456853,0
tclad-downweight-bounded-seed42-20261004,14,3,conv1,std,0.00248467981405874,0
tclad-downweight-bounded-seed42-20261004,14,3,conv1,median,0.0002615824341773987,0
tclad-downweight-bounded-seed42-20261004,14,3,conv1,min,-0.0006787776947021484,0
tclad-downweight-bounded-seed42-20261004,14,3,conv1,max,0.00971686840057373,0
tclad-downweight-bounded-seed42-20261004,14,3,conv1,l1,0.2710888615110889,0
tclad-downweight-bounded-seed42-20261004,14,3,conv1,l2,0.03717786165837929,0
tclad-downweight-bounded-seed42-20261004,14,3,conv1,max_abs,0.00971686840057373,0
tclad-downweight-bounded-seed42-20261004,14,3,conv1,sparsity,0.0,0
tclad-downweight-bounded-seed42-20261004,14,3,conv1,skewness,1.524762791655408,0
tclad-downweight-bounded-seed42-20261004,14,3,conv1,kurtosis,1.2316853679246877,0
tclad-downweight-bounded-seed42-20261004,14,3,conv2,mean,0.0001511527083258788,0
tclad-downweight-bounded-seed42-20261004,14,3,conv2,std,0.0006340390094304144,0
tclad-downweight-bounded-seed42-20261004,14,3,conv2,median,1.9686296582221985e-05,0
tclad-downweight-bounded-seed42-20261004,14,3,conv2,min,-0.0031764432787895203,0
tclad-downweight-bounded-seed42-20261004,14,3,conv2,max,0.006146520376205444,0
tclad-downweight-bounded-seed42-20261004,14,3,conv2,l1,1.4420577585915453,0
tclad-downweight-bounded-seed42-20261004,14,3,conv2,l2,0.044399505573280845,0
tclad-downweight-bounded-seed42-20261004,14,3,conv2,max_abs,0.006146520376205444,0
tclad-downweight-bounded-seed42-20261004,14,3,conv2,sparsity,0.0,0
tclad-downweight-bounded-seed42-20261004,14,3,conv2,skewness,2.9335787253489087,0
tclad-downweight-bounded-seed42-20261004,14,3,conv2,kurtosis,17.17442654943019,0
tclad-downweight-bounded-seed42-20261004,14,3,fc1,mean,1.6199775728696992e-06,0
tclad-downweight-bounded-seed42-20261004,14,3,fc1,std,0.00029252766020355784,0
tclad-downweight-bounded-seed42-20261004,14,3,fc1,median,0.0,0
tclad-downweight-bounded-seed42-20261004,14,3,fc1,min,-0.005110745318233967,0
tclad-downweight-bounded-seed42-20261004,14,3,fc1,max,0.005735069513320923,0
tclad-downweight-bounded-seed42-20261004,14,3,fc1,l1,13.664949637028485,0
tclad-downweight-bounded-seed42-20261004,14,3,fc1,l2,0.09269900136773891,0
tclad-downweight-bounded-seed42-20261004,14,3,fc1,max_abs,0.005735069513320923,0
tclad-downweight-bounded-seed42-20261004,14,3,fc1,sparsity,0.09189770554493308,0
tclad-downweight-bounded-seed42-20261004,14,3,fc1,skewness,-0.10136590760151055,0
tclad-downweight-bounded-seed42-20261004,14,3,fc1,kurtosis,30.48223963097483,0
tclad-downweight-bounded-seed42-20261004,14,3,output,mean,-3.8282730831549716e-10,0
tclad-downweight-bounded-seed42-20261004,14,3,output,std,0.0018158804256840912,0
tclad-downweight-bounded-seed42-20261004,14,3,output,median,-5.21540641784668e-08,0
tclad-downweight-bounded-seed42-20261004,14,3,output,min,-0.006488233804702759,0
tclad-downweight-bounded-seed42-20261004,14,3,output,max,0.006785303354263306,0
tclad-downweight-bounded-seed42-20261004,14,3,output,l1,0.8279502103687264,0
tclad-downweight-bounded-seed42-20261004,14,3,output,l2,0.046296048624572796,0
tclad-downweight-bounded-seed42-20261004,14,3,output,max_abs,0.006785303354263306,0
tclad-downweight-bounded-seed42-20261004,14,3,output,sparsity,0.06307692307692307,0
tclad-downweight-bounded-seed42-20261004,14,3,output,skewness,0.08082877001674757,0
tclad-downweight-bounded-seed42-20261004,14,3,output,kurtosis,1.0896139245446061,0
tclad-downweight-bounded-seed42-20261004,14,4,conv1,mean,0.0016805854767881101,0
tclad-downweight-bounded-seed42-20261004,14,4,conv1,std,0.0026864326837893224,0
tclad-downweight-bounded-seed42-20261004,14,4,conv1,median,0.00026485323905944824,0
tclad-downweight-bounded-seed42-20261004,14,4,conv1,min,-0.0009696334600448608,0
tclad-downweight-bounded-seed42-20261004,14,4,conv1,max,0.010405749082565308,0
tclad-downweight-bounded-seed42-20261004,14,4,conv1,l1,0.28952240716898814,0
tclad-downweight-bounded-seed42-20261004,14,4,conv1,l2,0.040082491158754334,0
tclad-downweight-bounded-seed42-20261004,14,4,conv1,max_abs,0.010405749082565308,0
tclad-downweight-bounded-seed42-20261004,14,4,conv1,sparsity,0.0,0
tclad-downweight-bounded-seed42-20261004,14,4,conv1,skewness,1.5126496065326507,0
tclad-downweight-bounded-seed42-20261004,14,4,conv1,kurtosis,1.1431931591473408,0
tclad-downweight-bounded-seed42-20261004,14,4,conv2,mean,0.0001405146730686001,0
tclad-downweight-bounded-seed42-20261004,14,4,conv2,std,0.0006697519655489208,0
tclad-downweight-bounded-seed42-20261004,14,4,conv2,median,1.1776573956012726e-05,0
tclad-downweight-bounded-seed42-20261004,14,4,conv2,min,-0.002758260816335678,0
tclad-downweight-bounded-seed42-20261004,14,4,conv2,max,0.007470160722732544,0
tclad-downweight-bounded-seed42-20261004,14,4,conv2,l1,1.462650036213745,0
tclad-downweight-bounded-seed42-20261004,14,4,conv2,l2,0.04661510483510224,0
tclad-downweight-bounded-seed42-20261004,14,4,conv2,max_abs,0.007470160722732544,0
tclad-downweight-bounded-seed42-20261004,14,4,conv2,sparsity,0.0,0
tclad-downweight-bounded-seed42-20261004,14,4,conv2,skewness,3.6442941603580845,0
tclad-downweight-bounded-seed42-20261004,14,4,conv2,kurtosis,24.14685707904834,0
tclad-downweight-bounded-seed42-20261004,14,4,fc1,mean,4.529745208128564e-06,0
tclad-downweight-bounded-seed42-20261004,14,4,fc1,std,0.00031797283109695024,0
tclad-downweight-bounded-seed42-20261004,14,4,fc1,median,0.0,0
tclad-downweight-bounded-seed42-20261004,14,4,fc1,min,-0.005271334201097488,0
tclad-downweight-bounded-seed42-20261004,14,4,fc1,max,0.005672533065080643,0
tclad-downweight-bounded-seed42-20261004,14,4,fc1,l1,14.834655569011659,0
tclad-downweight-bounded-seed42-20261004,14,4,fc1,l2,0.10077099246582581,0
tclad-downweight-bounded-seed42-20261004,14,4,fc1,max_abs,0.005672533065080643,0
tclad-downweight-bounded-seed42-20261004,14,4,fc1,sparsity,0.08814332377310388,0
tclad-downweight-bounded-seed42-20261004,14,4,fc1,skewness,0.6436382384257164,0
tclad-downweight-bounded-seed42-20261004,14,4,fc1,kurtosis,30.082640323789136,0
tclad-downweight-bounded-seed42-20261004,14,4,output,mean,2.3283064365386964e-11,0
tclad-downweight-bounded-seed42-20261004,14,4,output,std,0.002319781486141097,0
tclad-downweight-bounded-seed42-20261004,14,4,output,median,-4.470348358154297e-08,0
tclad-downweight-bounded-seed42-20261004,14,4,output,min,-0.007692207582294941,0
tclad-downweight-bounded-seed42-20261004,14,4,output,max,0.007738634943962097,0
tclad-downweight-bounded-seed42-20261004,14,4,output,l1,1.0745738663244992,0
tclad-downweight-bounded-seed42-20261004,14,4,output,l2,0.059143055325523615,0
tclad-downweight-bounded-seed42-20261004,14,4,output,max_abs,0.007738634943962097,0
tclad-downweight-bounded-seed42-20261004,14,4,output,sparsity,0.06307692307692307,0
tclad-downweight-bounded-seed42-20261004,14,4,output,skewness,0.07377168127413555,0
tclad-downweight-bounded-seed42-20261004,14,4,output,kurtosis,0.8275402621944963,0
tclad-downweight-bounded-seed42-20261004,15,0,conv1,mean,0.0012611355061380892,0
tclad-downweight-bounded-seed42-20261004,15,0,conv1,std,0.0020245790890283557,0
tclad-downweight-bounded-seed42-20261004,15,0,conv1,median,0.00024705566465854645,0
tclad-downweight-bounded-seed42-20261004,15,0,conv1,min,-0.0006466954946517944,0
tclad-downweight-bounded-seed42-20261004,15,0,conv1,max,0.008339464664459229,0
tclad-downweight-bounded-seed42-20261004,15,0,conv1,l1,0.22247066983254626,0
tclad-downweight-bounded-seed42-20261004,15,0,conv1,l2,0.030171200181823888,0
tclad-downweight-bounded-seed42-20261004,15,0,conv1,max_abs,0.008339464664459229,0
tclad-downweight-bounded-seed42-20261004,15,0,conv1,sparsity,0.0,0
tclad-downweight-bounded-seed42-20261004,15,0,conv1,skewness,1.5279119307520554,0
tclad-downweight-bounded-seed42-20261004,15,0,conv1,kurtosis,1.3410223029149355,0
tclad-downweight-bounded-seed42-20261004,15,0,conv2,mean,0.00013815298051322942,0
tclad-downweight-bounded-seed42-20261004,15,0,conv2,std,0.000523256707075188,0
tclad-downweight-bounded-seed42-20261004,15,0,conv2,median,2.648681402206421e-05,0
tclad-downweight-bounded-seed42-20261004,15,0,conv2,min,-0.0022476166486740112,0
tclad-downweight-bounded-seed42-20261004,15,0,conv2,max,0.004501715302467346,0
tclad-downweight-bounded-seed42-20261004,15,0,conv2,l1,1.2722030426521087,0
tclad-downweight-bounded-seed42-20261004,15,0,conv2,l2,0.03686435893530092,0
tclad-downweight-bounded-seed42-20261004,15,0,conv2,max_abs,0.004501715302467346,0
tclad-downweight-bounded-seed42-20261004,15,0,conv2,sparsity,0.0,0
tclad-downweight-bounded-seed42-20261004,15,0,conv2,skewness,2.6747770906474058,0
tclad-downweight-bounded-seed42-20261004,15,0,conv2,kurtosis,14.194386762394881,0
tclad-downweight-bounded-seed42-20261004,15,0,fc1,mean,1.207983151034052e-05,0
tclad-downweight-bounded-seed42-20261004,15,0,fc1,std,0.0003073786824219282,0
tclad-downweight-bounded-seed42-20261004,15,0,fc1,median,0.0,0
tclad-downweight-bounded-seed42-20261004,15,0,fc1,min,-0.004798226058483124,0
tclad-downweight-bounded-seed42-20261004,15,0,fc1,max,0.00495188869535923,0
tclad-downweight-bounded-seed42-20261004,15,0,fc1,l1,14.095033807619643,0
tclad-downweight-bounded-seed42-20261004,15,0,fc1,l2,0.09747883229500838,0
tclad-downweight-bounded-seed42-20261004,15,0,fc1,max_abs,0.00495188869535923,0
tclad-downweight-bounded-seed42-20261004,15,0,fc1,sparsity,0.08753585086042065,0
tclad-downweight-bounded-seed42-20261004,15,0,fc1,skewness,0.6261043227722483,0
tclad-downweight-bounded-seed42-20261004,15,0,fc1,kurtosis,28.036790476500123,0
tclad-downweight-bounded-seed42-20261004,15,0,output,mean,-6.513437256217003e-10,0
tclad-downweight-bounded-seed42-20261004,15,0,output,std,0.001942968325391853,0
tclad-downweight-bounded-seed42-20261004,15,0,output,median,-3.6563724279403687e-06,0
tclad-downweight-bounded-seed42-20261004,15,0,output,min,-0.005767956376075745,0
tclad-downweight-bounded-seed42-20261004,15,0,output,max,0.011850684881210327,0
tclad-downweight-bounded-seed42-20261004,15,0,output,l1,0.8266032712126616,0
tclad-downweight-bounded-seed42-20261004,15,0,output,l2,0.04953616702733155,0
tclad-downweight-bounded-seed42-20261004,15,0,output,max_abs,0.011850684881210327,0
tclad-downweight-bounded-seed42-20261004,15,0,output,sparsity,0.07384615384615385,0
tclad-downweight-bounded-seed42-20261004,15,0,output,skewness,1.3656365713697136,0
tclad-downweight-bounded-seed42-20261004,15,0,output,kurtosis,4.903253239696078,0
tclad-downweight-bounded-seed42-20261004,15,1,conv1,mean,0.0013936913754150737,0
tclad-downweight-bounded-seed42-20261004,15,1,conv1,std,0.002231674595816127,0
tclad-downweight-bounded-seed42-20261004,15,1,conv1,median,0.0002469271421432495,0
tclad-downweight-bounded-seed42-20261004,15,1,conv1,min,-0.0007300674915313721,0
tclad-downweight-bounded-seed42-20261004,15,1,conv1,max,0.00867682695388794,0
tclad-downweight-bounded-seed42-20261004,15,1,conv1,l1,0.24374515179079026,0
tclad-downweight-bounded-seed42-20261004,15,1,conv1,l2,0.033281219091896096,0
tclad-downweight-bounded-seed42-20261004,15,1,conv1,max_abs,0.00867682695388794,0
tclad-downweight-bounded-seed42-20261004,15,1,conv1,sparsity,0.0,0
tclad-downweight-bounded-seed42-20261004,15,1,conv1,skewness,1.4992294386437413,0
tclad-downweight-bounded-seed42-20261004,15,1,conv1,kurtosis,1.1312475568889466,0
tclad-downweight-bounded-seed42-20261004,15,1,conv2,mean,0.00013307766080288274,0
tclad-downweight-bounded-seed42-20261004,15,1,conv2,std,0.0005491368255268201,0
tclad-downweight-bounded-seed42-20261004,15,1,conv2,median,2.210283128079027e-05,0
tclad-downweight-bounded-seed42-20261004,15,1,conv2,min,-0.0025333240628242493,0
tclad-downweight-bounded-seed42-20261004,15,1,conv2,max,0.005096763372421265,0
tclad-downweight-bounded-seed42-20261004,15,1,conv2,l1,1.264119966646831,0
tclad-downweight-bounded-seed42-20261004,15,1,conv2,l2,0.03848857823651846,0
tclad-downweight-bounded-seed42-20261004,15,1,conv2,max_abs,0.005096763372421265,0
tclad-downweight-bounded-seed42-20261004,15,1,conv2,sparsity,0.0,0
tclad-downweight-bounded-seed42-20261004,15,1,conv2,skewness,2.9818571205101025,0
tclad-downweight-bounded-seed42-20261004,15,1,conv2,kurtosis,16.741122680726836,0
tclad-downweight-bounded-seed42-20261004,15,1,fc1,mean,-1.2073831555424783e-06,0
tclad-downweight-bounded-seed42-20261004,15,1,fc1,std,0.00023952256803928487,0
tclad-downweight-bounded-seed42-20261004,15,1,fc1,median,0.0,0
tclad-downweight-bounded-seed42-20261004,15,1,fc1,min,-0.0037636123597621918,0
tclad-downweight-bounded-seed42-20261004,15,1,fc1,max,0.003805439919233322,0
tclad-downweight-bounded-seed42-20261004,15,1,fc1,l1,11.860428396995701,0
tclad-downweight-bounded-seed42-20261004,15,1,fc1,l2,0.07590203426170795,0
tclad-downweight-bounded-seed42-20261004,15,1,fc1,max_abs,0.003805439919233322,0
tclad-downweight-bounded-seed42-20261004,15,1,fc1,sparsity,0.09051346398980242,0
tclad-downweight-bounded-seed42-20261004,15,1,fc1,skewness,0.19072206125060162,0
tclad-downweight-bounded-seed42-20261004,15,1,fc1,kurtosis,20.84781015720394,0
tclad-downweight-bounded-seed42-20261004,15,1,output,mean,2.0717449772816438e-10,0
tclad-downweight-bounded-seed42-20261004,15,1,output,std,0.0014893350734362782,0
tclad-downweight-bounded-seed42-20261004,15,1,output,median,-5.122274160385132e-08,0
tclad-downweight-bounded-seed42-20261004,15,1,output,min,-0.006699621677398682,0
tclad-downweight-bounded-seed42-20261004,15,1,output,max,0.005934849381446838,0
tclad-downweight-bounded-seed42-20261004,15,1,output,l1,0.683689388592029,0
tclad-downweight-bounded-seed42-20261004,15,1,output,l2,0.037970743008649,0
tclad-downweight-bounded-seed42-20261004,15,1,output,max_abs,0.006699621677398682,0
tclad-downweight-bounded-seed42-20261004,15,1,output,sparsity,0.06769230769230769,0
tclad-downweight-bounded-seed42-20261004,15,1,output,skewness,0.3891327149063992,0
tclad-downweight-bounded-seed42-20261004,15,1,output,kurtosis,1.6940771459533632,0
tclad-downweight-bounded-seed42-20261004,15,2,conv1,mean,0.0012378156770864734,0
tclad-downweight-bounded-seed42-20261004,15,2,conv1,std,0.0020641893907715207,0
tclad-downweight-bounded-seed42-20261004,15,2,conv1,median,0.00023043900728225708,0
tclad-downweight-bounded-seed42-20261004,15,2,conv1,min,-0.0006623566150665283,0
tclad-downweight-bounded-seed42-20261004,15,2,conv1,max,0.007881999015808105,0
tclad-downweight-bounded-seed42-20261004,15,2,conv1,l1,0.22141271404689178,0
tclad-downweight-bounded-seed42-20261004,15,2,conv1,l2,0.030444876065215964,0
tclad-downweight-bounded-seed42-20261004,15,2,conv1,max_abs,0.007881999015808105,0
tclad-downweight-bounded-seed42-20261004,15,2,conv1,sparsity,0.0,0
tclad-downweight-bounded-seed42-20261004,15,2,conv1,skewness,1.5631328375729465,0
tclad-downweight-bounded-seed42-20261004,15,2,conv1,kurtosis,1.3805541690700966,0
tclad-downweight-bounded-seed42-20261004,15,2,conv2,mean,0.0001091164301983397,0
tclad-downweight-bounded-seed42-20261004,15,2,conv2,std,0.0005400076092764843,0
tclad-downweight-bounded-seed42-20261004,15,2,conv2,median,1.714751124382019e-05,0
tclad-downweight-bounded-seed42-20261004,15,2,conv2,min,-0.0031239576637744904,0
tclad-downweight-bounded-seed42-20261004,15,2,conv2,max,0.005116373300552368,0
tclad-downweight-bounded-seed42-20261004,15,2,conv2,l1,1.2484116397317848,0
tclad-downweight-bounded-seed42-20261004,15,2,conv2,l2,0.03752742738649963,0
tclad-downweight-bounded-seed42-20261004,15,2,conv2,max_abs,0.005116373300552368,0
tclad-downweight-bounded-seed42-20261004,15,2,conv2,sparsity,0.0,0
tclad-downweight-bounded-seed42-20261004,15,2,conv2,skewness,2.4611932322440073,0
tclad-downweight-bounded-seed42-20261004,15,2,conv2,kurtosis,17.036926987368496,0
tclad-downweight-bounded-seed42-20261004,15,2,fc1,mean,3.410219233463606e-06,0
tclad-downweight-bounded-seed42-20261004,15,2,fc1,std,0.0003442918466984568,0
tclad-downweight-bounded-seed42-20261004,15,2,fc1,median,0.0,0
tclad-downweight-bounded-seed42-20261004,15,2,fc1,min,-0.006973430514335632,0
tclad-downweight-bounded-seed42-20261004,15,2,fc1,max,0.00565703958272934,0
tclad-downweight-bounded-seed42-20261004,15,2,fc1,l1,15.99380145448572,0
tclad-downweight-bounded-seed42-20261004,15,2,fc1,l2,0.10910621754982375,0
tclad-downweight-bounded-seed42-20261004,15,2,fc1,max_abs,0.006973430514335632,0
tclad-downweight-bounded-seed42-20261004,15,2,fc1,sparsity,0.10195586360739324,0
tclad-downweight-bounded-seed42-20261004,15,2,fc1,skewness,-0.3994760317135123,0
tclad-downweight-bounded-seed42-20261004,15,2,fc1,kurtosis,27.28810583090392,0
tclad-downweight-bounded-seed42-20261004,15,2,output,mean,5.211824407944312e-11,0
tclad-downweight-bounded-seed42-20261004,15,2,output,std,0.002096076929832739,0
tclad-downweight-bounded-seed42-20261004,15,2,output,median,-2.952292561531067e-07,0
tclad-downweight-bounded-seed42-20261004,15,2,output,min,-0.007006779313087463,0
tclad-downweight-bounded-seed42-20261004,15,2,output,max,0.008394554257392883,0
tclad-downweight-bounded-seed42-20261004,15,2,output,l1,0.941822991357185,0
tclad-downweight-bounded-seed42-20261004,15,2,output,l2,0.05343968583604397,0
tclad-downweight-bounded-seed42-20261004,15,2,output,max_abs,0.008394554257392883,0
tclad-downweight-bounded-seed42-20261004,15,2,output,sparsity,0.08,0
tclad-downweight-bounded-seed42-20261004,15,2,output,skewness,0.43100124827488606,0
tclad-downweight-bounded-seed42-20261004,15,2,output,kurtosis,1.7351320316576722,0
tclad-downweight-bounded-seed42-20261004,15,3,conv1,mean,0.0013141029532562243,0
tclad-downweight-bounded-seed42-20261004,15,3,conv1,std,0.002084167521698356,0
tclad-downweight-bounded-seed42-20261004,15,3,conv1,median,0.00023310258984565735,0
tclad-downweight-bounded-seed42-20261004,15,3,conv1,min,-0.0005491077899932861,0
tclad-downweight-bounded-seed42-20261004,15,3,conv1,max,0.008164018392562866,0
tclad-downweight-bounded-seed42-20261004,15,3,conv1,l1,0.2285583305056207,0
tclad-downweight-bounded-seed42-20261004,15,3,conv1,l2,0.031165675555672456,0
tclad-downweight-bounded-seed42-20261004,15,3,conv1,max_abs,0.008164018392562866,0
tclad-downweight-bounded-seed42-20261004,15,3,conv1,sparsity,0.0,0
tclad-downweight-bounded-seed42-20261004,15,3,conv1,skewness,1.5267926504412443,0
tclad-downweight-bounded-seed42-20261004,15,3,conv1,kurtosis,1.2788961596965844,0
tclad-downweight-bounded-seed42-20261004,15,3,conv2,mean,0.00011625973962971893,0
tclad-downweight-bounded-seed42-20261004,15,3,conv2,std,0.0005448217243693401,0
tclad-downweight-bounded-seed42-20261004,15,3,conv2,median,1.4350749552249908e-05,0
tclad-downweight-bounded-seed42-20261004,15,3,conv2,min,-0.0029624924063682556,0
tclad-downweight-bounded-seed42-20261004,15,3,conv2,max,0.004940897226333618,0
tclad-downweight-bounded-seed42-20261004,15,3,conv2,l1,1.261712166817233,0
tclad-downweight-bounded-seed42-20261004,15,3,conv2,l2,0.03794746708533361,0
tclad-downweight-bounded-seed42-20261004,15,3,conv2,max_abs,0.004940897226333618,0
tclad-downweight-bounded-seed42-20261004,15,3,conv2,sparsity,0.0,0
tclad-downweight-bounded-seed42-20261004,15,3,conv2,skewness,2.5474449629590596,0
tclad-downweight-bounded-seed42-20261004,15,3,conv2,kurtosis,15.201998085985927,0
tclad-downweight-bounded-seed42-20261004,15,3,fc1,mean,-5.7864198416652695e-06,0
tclad-downweight-bounded-seed42-20261004,15,3,fc1,std,0.0002825886210562064,0
tclad-downweight-bounded-seed42-20261004,15,3,fc1,median,0.0,0
tclad-downweight-bounded-seed42-20261004,15,3,fc1,min,-0.005113309249281883,0
tclad-downweight-bounded-seed42-20261004,15,3,fc1,max,0.005370608530938625,0
tclad-downweight-bounded-seed42-20261004,15,3,fc1,l1,13.154493470534817,0
tclad-downweight-bounded-seed42-20261004,15,3,fc1,l2,0.08956682031895359,0
tclad-downweight-bounded-seed42-20261004,15,3,fc1,max_abs,0.005370608530938625,0
tclad-downweight-bounded-seed42-20261004,15,3,fc1,sparsity,0.093032982791587,0
tclad-downweight-bounded-seed42-20261004,15,3,fc1,skewness,-0.5335001021360192,0
tclad-downweight-bounded-seed42-20261004,15,3,fc1,kurtosis,31.305553368078805,0
tclad-downweight-bounded-seed42-20261004,15,3,output,mean,-3.850212893806971e-10,0
tclad-downweight-bounded-seed42-20261004,15,3,output,std,0.001692417184189431,0
tclad-downweight-bounded-seed42-20261004,15,3,output,median,-3.725290298461914e-08,0
tclad-downweight-bounded-seed42-20261004,15,3,output,min,-0.005814597010612488,0
tclad-downweight-bounded-seed42-20261004,15,3,output,max,0.006024539470672607,0
tclad-downweight-bounded-seed42-20261004,15,3,output,l1,0.7749583746481221,0
tclad-downweight-bounded-seed42-20261004,15,3,output,l2,0.043148341236609426,0
tclad-downweight-bounded-seed42-20261004,15,3,output,max_abs,0.006024539470672607,0
tclad-downweight-bounded-seed42-20261004,15,3,output,sparsity,0.06615384615384616,0
tclad-downweight-bounded-seed42-20261004,15,3,output,skewness,-0.00729464034588911,0
tclad-downweight-bounded-seed42-20261004,15,3,output,kurtosis,1.1589313365703573,0
tclad-downweight-bounded-seed42-20261004,15,4,conv1,mean,0.0014263811826822348,0
tclad-downweight-bounded-seed42-20261004,15,4,conv1,std,0.002288585116715397,0
tclad-downweight-bounded-seed42-20261004,15,4,conv1,median,0.0002601891756057739,0
tclad-downweight-bounded-seed42-20261004,15,4,conv1,min,-0.0008679479360580444,0
tclad-downweight-bounded-seed42-20261004,15,4,conv1,max,0.008913099765777588,0
tclad-downweight-bounded-seed42-20261004,15,4,conv1,l1,0.24687101389281452,0
tclad-downweight-bounded-seed42-20261004,15,4,conv1,l2,0.034110843120066556,0
tclad-downweight-bounded-seed42-20261004,15,4,conv1,max_abs,0.008913099765777588,0
tclad-downweight-bounded-seed42-20261004,15,4,conv1,sparsity,0.0,0
tclad-downweight-bounded-seed42-20261004,15,4,conv1,skewness,1.5241729630779397,0
tclad-downweight-bounded-seed42-20261004,15,4,conv1,kurtosis,1.2030854187099287,0
tclad-downweight-bounded-seed42-20261004,15,4,conv2,mean,0.00010651948509019286,0
tclad-downweight-bounded-seed42-20261004,15,4,conv2,std,0.0005789634233403771,0
tclad-downweight-bounded-seed42-20261004,15,4,conv2,median,7.920461939647794e-06,0
tclad-downweight-bounded-seed42-20261004,15,4,conv2,min,-0.002689037472009659,0
tclad-downweight-bounded-seed42-20261004,15,4,conv2,max,0.006385274231433868,0
tclad-downweight-bounded-seed42-20261004,15,4,conv2,l1,1.2871286361041712,0
tclad-downweight-bounded-seed42-20261004,15,4,conv2,l2,0.040099488957994,0
tclad-downweight-bounded-seed42-20261004,15,4,conv2,max_abs,0.006385274231433868,0
tclad-downweight-bounded-seed42-20261004,15,4,conv2,sparsity,0.0,0
tclad-downweight-bounded-seed42-20261004,15,4,conv2,skewness,3.370677607653035,0
tclad-downweight-bounded-seed42-20261004,15,4,conv2,kurtosis,22.839116701090052,0
tclad-downweight-bounded-seed42-20261004,15,4,fc1,mean,-1.1624798044222272e-07,0
tclad-downweight-bounded-seed42-20261004,15,4,fc1,std,0.0003025809991422525,0
tclad-downweight-bounded-seed42-20261004,15,4,fc1,median,0.0,0
tclad-downweight-bounded-seed42-20261004,15,4,fc1,min,-0.0049547553062438965,0
tclad-downweight-bounded-seed42-20261004,15,4,fc1,max,0.005327582359313965,0
tclad-downweight-bounded-seed42-20261004,15,4,fc1,l1,14.087131102913418,0
tclad-downweight-bounded-seed42-20261004,15,4,fc1,l2,0.09588333770664624,0
tclad-downweight-bounded-seed42-20261004,15,4,fc1,max_abs,0.005327582359313965,0
tclad-downweight-bounded-seed42-20261004,15,4,fc1,sparsity,0.08789435946462715,0
tclad-downweight-bounded-seed42-20261004,15,4,fc1,skewness,0.4134373502919917,0
tclad-downweight-bounded-seed42-20261004,15,4,fc1,kurtosis,30.0270336144235,0
tclad-downweight-bounded-seed42-20261004,15,4,output,mean,-1.0329621055951486e-10,0
tclad-downweight-bounded-seed42-20261004,15,4,output,std,0.0021850134889935674,0
tclad-downweight-bounded-seed42-20261004,15,4,output,median,-9.313225746154785e-09,0
tclad-downweight-bounded-seed42-20261004,15,4,output,min,-0.007425124756991863,0
tclad-downweight-bounded-seed42-20261004,15,4,output,max,0.007148116827011108,0
tclad-downweight-bounded-seed42-20261004,15,4,output,l1,1.0149779949279036,0
tclad-downweight-bounded-seed42-20261004,15,4,output,l2,0.055707132089208335,0
tclad-downweight-bounded-seed42-20261004,15,4,output,max_abs,0.007425124756991863,0
tclad-downweight-bounded-seed42-20261004,15,4,output,sparsity,0.06461538461538462,0
tclad-downweight-bounded-seed42-20261004,15,4,output,skewness,0.04504527428608573,0
tclad-downweight-bounded-seed42-20261004,15,4,output,kurtosis,0.7972377030484874,0
tclad-downweight-bounded-seed42-20261004,16,0,conv1,mean,0.001152130680929986,1
tclad-downweight-bounded-seed42-20261004,16,0,conv1,std,0.0018602458807077005,1
tclad-downweight-bounded-seed42-20261004,16,0,conv1,median,0.00019266828894615173,1
tclad-downweight-bounded-seed42-20261004,16,0,conv1,min,-0.0006012171506881714,1
tclad-downweight-bounded-seed42-20261004,16,0,conv1,max,0.00728181004524231,1
tclad-downweight-bounded-seed42-20261004,16,0,conv1,l1,0.20182310621021315,1
tclad-downweight-bounded-seed42-20261004,16,0,conv1,l2,0.0276779185420585,1
tclad-downweight-bounded-seed42-20261004,16,0,conv1,max_abs,0.00728181004524231,1
tclad-downweight-bounded-seed42-20261004,16,0,conv1,sparsity,0.0,1
tclad-downweight-bounded-seed42-20261004,16,0,conv1,skewness,1.5342915490002378,1
tclad-downweight-bounded-seed42-20261004,16,0,conv1,kurtosis,1.2724650291627153,1
tclad-downweight-bounded-seed42-20261004,16,0,conv2,mean,9.393639020110076e-05,1
tclad-downweight-bounded-seed42-20261004,16,0,conv2,std,0.00046776871386265364,1
tclad-downweight-bounded-seed42-20261004,16,0,conv2,median,1.234002411365509e-05,1
tclad-downweight-bounded-seed42-20261004,16,0,conv2,min,-0.002682901918888092,1
tclad-downweight-bounded-seed42-20261004,16,0,conv2,max,0.004364088177680969,1
tclad-downweight-bounded-seed42-20261004,16,0,conv2,l1,1.0720907519171305,1
tclad-downweight-bounded-seed42-20261004,16,0,conv2,l2,0.03249939528572014,1
tclad-downweight-bounded-seed42-20261004,16,0,conv2,max_abs,0.004364088177680969,1
tclad-downweight-bounded-seed42-20261004,16,0,conv2,sparsity,0.00021551724137931034,1
tclad-downweight-bounded-seed42-20261004,16,0,conv2,skewness,2.5856787095284934,1
tclad-downweight-bounded-seed42-20261004,16,0,conv2,kurtosis,16.969051147185397,1
tclad-downweight-bounded-seed42-20261004,16,0,fc1,mean,-0.0001099290688127778,1
tclad-downweight-bounded-seed42-20261004,16,0,fc1,std,0.0009318099504283405,1
tclad-downweight-bounded-seed42-20261004,16,0,fc1,median,-5.016569048166275e-06,1
tclad-downweight-bounded-seed42-20261004,16,0,fc1,min,-0.019978467375040054,1
tclad-downweight-bounded-seed42-20261004,16,0,fc1,max,0.013816703110933304,1
tclad-downweight-bounded-seed42-20261004,16,0,fc1,l1,36.87033515182969,1
tclad-downweight-bounded-seed42-20261004,16,0,fc1,l2,0.2973241425266845,1
tclad-downweight-bounded-seed42-20261004,16,0,fc1,max_abs,0.019978467375040054,1
tclad-downweight-bounded-seed42-20261004,16,0,fc1,sparsity,0.06408341300191205,1
tclad-downweight-bounded-seed42-20261004,16,0,fc1,skewness,-2.2136698810130935,1
tclad-downweight-bounded-seed42-20261004,16,0,fc1,kurtosis,52.7851701742354,1
tclad-downweight-bounded-seed42-20261004,16,0,output,mean,-3.946927161170886e-10,1
tclad-downweight-bounded-seed42-20261004,16,0,output,std,0.006107579654289172,1
tclad-downweight-bounded-seed42-20261004,16,0,output,median,-0.00033095618709921837,1
tclad-downweight-bounded-seed42-20261004,16,0,output,min,-0.0113634392619133,1
tclad-downweight-bounded-seed42-20261004,16,0,output,max,0.046164464205503464,1
tclad-downweight-bounded-seed42-20261004,16,0,output,l1,1.920123485935619,1
tclad-downweight-bounded-seed42-20261004,16,0,output,l2,0.15571333919021413,1
tclad-downweight-bounded-seed42-20261004,16,0,output,max_abs,0.046164464205503464,1
tclad-downweight-bounded-seed42-20261004,16,0,output,sparsity,0.047692307692307694,1
tclad-downweight-bounded-seed42-20261004,16,0,output,skewness,3.803792360439512,1
tclad-downweight-bounded-seed42-20261004,16,0,output,kurtosis,18.834978079708186,1
tclad-downweight-bounded-seed42-20261004,16,1,conv1,mean,0.0011965811310801655,0
tclad-downweight-bounded-seed42-20261004,16,1,conv1,std,0.0019311167118254086,0
tclad-downweight-bounded-seed42-20261004,16,1,conv1,median,0.000216558575630188,0
tclad-downweight-bounded-seed42-20261004,16,1,conv1,min,-0.00067119300365448,0
tclad-downweight-bounded-seed42-20261004,16,1,conv1,max,0.007579684257507324,0
tclad-downweight-bounded-seed42-20261004,16,1,conv1,l1,0.21062039397656918,0
tclad-downweight-bounded-seed42-20261004,16,1,conv1,l2,0.028736090640025386,0
tclad-downweight-bounded-seed42-20261004,16,1,conv1,max_abs,0.007579684257507324,0
tclad-downweight-bounded-seed42-20261004,16,1,conv1,sparsity,0.0,0
tclad-downweight-bounded-seed42-20261004,16,1,conv1,skewness,1.5172027637729668,0
tclad-downweight-bounded-seed42-20261004,16,1,conv1,kurtosis,1.220289539144984,0
tclad-downweight-bounded-seed42-20261004,16,1,conv2,mean,0.00011168968632522718,0
tclad-downweight-bounded-seed42-20261004,16,1,conv2,std,0.0004791984200825134,0
tclad-downweight-bounded-seed42-20261004,16,1,conv2,median,1.8551014363765717e-05,0
tclad-downweight-bounded-seed42-20261004,16,1,conv2,min,-0.0024489611387252808,0
tclad-downweight-bounded-seed42-20261004,16,1,conv2,max,0.00416150689125061,0
tclad-downweight-bounded-seed42-20261004,16,1,conv2,l1,1.1210401941352757,0
tclad-downweight-bounded-seed42-20261004,16,1,conv2,l2,0.03351671975212165,0
tclad-downweight-bounded-seed42-20261004,16,1,conv2,max_abs,0.00416150689125061,0
tclad-downweight-bounded-seed42-20261004,16,1,conv2,sparsity,0.0,0
tclad-downweight-bounded-seed42-20261004,16,1,conv2,skewness,2.6827903133269078,0
tclad-downweight-bounded-seed42-20261004,16,1,conv2,kurtosis,15.21479928637212,0
tclad-downweight-bounded-seed42-20261004,16,1,fc1,mean,-2.791616693186997e-06,0
tclad-downweight-bounded-seed42-20261004,16,1,fc1,std,0.0002253334660747114,0
tclad-downweight-bounded-seed42-20261004,16,1,fc1,median,0.0,0
tclad-downweight-bounded-seed42-20261004,16,1,fc1,min,-0.003542189486324787,0
tclad-downweight-bounded-seed42-20261004,16,1,fc1,max,0.003506355918943882,0
tclad-downweight-bounded-seed42-20261004,16,1,fc1,l1,11.209080460655713,0
tclad-downweight-bounded-seed42-20261004,16,1,fc1,l2,0.07141023819277033,0
tclad-downweight-bounded-seed42-20261004,16,1,fc1,max_abs,0.003542189486324787,0
tclad-downweight-bounded-seed42-20261004,16,1,fc1,sparsity,0.09187778840025494,0
tclad-downweight-bounded-seed42-20261004,16,1,fc1,skewness,0.10998640389455419,0
tclad-downweight-bounded-seed42-20261004,16,1,fc1,kurtosis,19.938462614229053,0
tclad-downweight-bounded-seed42-20261004,16,1,output,mean,5.3371947545271655e-11,0
tclad-downweight-bounded-seed42-20261004,16,1,output,std,0.0013747586949904968,0
tclad-downweight-bounded-seed42-20261004,16,1,output,median,-3.91155481338501e-08,0
tclad-downweight-bounded-seed42-20261004,16,1,output,min,-0.005972728133201599,0
tclad-downweight-bounded-seed42-20261004,16,1,output,max,0.0052266716957092285,0
tclad-downweight-bounded-seed42-20261004,16,1,output,l1,0.6264208820648491,0
tclad-downweight-bounded-seed42-20261004,16,1,output,l2,0.035049607061189494,0
tclad-downweight-bounded-seed42-20261004,16,1,output,max_abs,0.005972728133201599,0
tclad-downweight-bounded-seed42-20261004,16,1,output,sparsity,0.07076923076923076,0
tclad-downweight-bounded-seed42-20261004,16,1,output,skewness,0.44195734561175704,0
tclad-downweight-bounded-seed42-20261004,16,1,output,kurtosis,1.6683075748275442,0
tclad-downweight-bounded-seed42-20261004,16,2,conv1,mean,0.0010470718272699742,0
tclad-downweight-bounded-seed42-20261004,16,2,conv1,std,0.001765432905795994,0
tclad-downweight-bounded-seed42-20261004,16,2,conv1,median,0.0002281591296195984,0
tclad-downweight-bounded-seed42-20261004,16,2,conv1,min,-0.0006376802921295166,0
tclad-downweight-bounded-seed42-20261004,16,2,conv1,max,0.0067476630210876465,0
tclad-downweight-bounded-seed42-20261004,16,2,conv1,l1,0.18987367377849296,0
tclad-downweight-bounded-seed42-20261004,16,2,conv1,l2,0.025963398102189224,0
tclad-downweight-bounded-seed42-20261004,16,2,conv1,max_abs,0.0067476630210876465,0
tclad-downweight-bounded-seed42-20261004,16,2,conv1,sparsity,0.0,0
tclad-downweight-bounded-seed42-20261004,16,2,conv1,skewness,1.5725280582427854,0
tclad-downweight-bounded-seed42-20261004,16,2,conv1,kurtosis,1.4573709797945842,0
tclad-downweight-bounded-seed42-20261004,16,2,conv2,mean,8.378336849938054e-05,0
tclad-downweight-bounded-seed42-20261004,16,2,conv2,std,0.00047441755473452094,0
tclad-downweight-bounded-seed42-20261004,16,2,conv2,median,1.4208490028977394e-05,0
tclad-downweight-bounded-seed42-20261004,16,2,conv2,min,-0.0030079931020736694,0
tclad-downweight-bounded-seed42-20261004,16,2,conv2,max,0.004285946488380432,0
tclad-downweight-bounded-seed42-20261004,16,2,conv2,l1,1.1134771227953024,0
tclad-downweight-bounded-seed42-20261004,16,2,conv2,l2,0.0328162359895078,0
tclad-downweight-bounded-seed42-20261004,16,2,conv2,max_abs,0.004285946488380432,0
tclad-downweight-bounded-seed42-20261004,16,2,conv2,sparsity,0.0,0
tclad-downweight-bounded-seed42-20261004,16,2,conv2,skewness,1.9772752937022118,0
tclad-downweight-bounded-seed42-20261004,16,2,conv2,kurtosis,15.926968215901148,0
tclad-downweight-bounded-seed42-20261004,16,2,fc1,mean,2.4464877849399554e-06,0
tclad-downweight-bounded-seed42-20261004,16,2,fc1,std,0.0003303401135128152,0
tclad-downweight-bounded-seed42-20261004,16,2,fc1,median,0.0,0
tclad-downweight-bounded-seed42-20261004,16,2,fc1,min,-0.006543818861246109,0
tclad-downweight-bounded-seed42-20261004,16,2,fc1,max,0.005548611283302307,0
tclad-downweight-bounded-seed42-20261004,16,2,fc1,l1,15.319815477697091,0
tclad-downweight-bounded-seed42-20261004,16,2,fc1,l2,0.10468264378294892,0
tclad-downweight-bounded-seed42-20261004,16,2,fc1,max_abs,0.006543818861246109,0
tclad-downweight-bounded-seed42-20261004,16,2,fc1,sparsity,0.10188615360101975,0
tclad-downweight-bounded-seed42-20261004,16,2,fc1,skewness,-0.3923406437075388,0
tclad-downweight-bounded-seed42-20261004,16,2,fc1,kurtosis,27.3051710288485,0
tclad-downweight-bounded-seed42-20261004,16,2,output,mean,-1.567129332285661e-11,0
tclad-downweight-bounded-seed42-20261004,16,2,output,std,0.001985210340487605,0
tclad-downweight-bounded-seed42-20261004,16,2,output,median,-3.8370490074157715e-07,0
tclad-downweight-bounded-seed42-20261004,16,2,output,min,-0.006642542779445648,0
tclad-downweight-bounded-seed42-20261004,16,2,output,max,0.00789634883403778,0
tclad-downweight-bounded-seed42-20261004,16,2,output,l1,0.891674906888511,0
tclad-downweight-bounded-seed42-20261004,16,2,output,l2,0.05061313132366237,0
tclad-downweight-bounded-seed42-20261004,16,2,output,max_abs,0.00789634883403778,0
tclad-downweight-bounded-seed42-20261004,16,2,output,sparsity,0.08153846153846153,0
tclad-downweight-bounded-seed42-20261004,16,2,output,skewness,0.4321882862683577,0
tclad-downweight-bounded-seed42-20261004,16,2,output,kurtosis,1.6998215254306004,0
tclad-downweight-bounded-seed42-20261004,16,3,conv1,mean,0.001121770059762639,0
tclad-downweight-bounded-seed42-20261004,16,3,conv1,std,0.001786849853210165,0
tclad-downweight-bounded-seed42-20261004,16,3,conv1,median,0.00020882487297058105,0
tclad-downweight-bounded-seed42-20261004,16,3,conv1,min,-0.00047847628593444824,0
tclad-downweight-bounded-seed42-20261004,16,3,conv1,max,0.006985515356063843,0
tclad-downweight-bounded-seed42-20261004,16,3,conv1,l1,0.19597928243456408,0
tclad-downweight-bounded-seed42-20261004,16,3,conv1,l2,0.026686927031479853,0
tclad-downweight-bounded-seed42-20261004,16,3,conv1,max_abs,0.006985515356063843,0
tclad-downweight-bounded-seed42-20261004,16,3,conv1,sparsity,0.0,0
tclad-downweight-bounded-seed42-20261004,16,3,conv1,skewness,1.5384698343219736,0
tclad-downweight-bounded-seed42-20261004,16,3,conv1,kurtosis,1.3422965580901591,0
tclad-downweight-bounded-seed42-20261004,16,3,conv2,mean,9.552572032824737e-05,0
tclad-downweight-bounded-seed42-20261004,16,3,conv2,std,0.00047778189274184837,0
tclad-downweight-bounded-seed42-20261004,16,3,conv2,median,1.1279713362455368e-05,0
tclad-downweight-bounded-seed42-20261004,16,3,conv2,min,-0.002804681658744812,0
tclad-downweight-bounded-seed42-20261004,16,3,conv2,max,0.004190616309642792,0
tclad-downweight-bounded-seed42-20261004,16,3,conv2,l1,1.121940027729579,0
tclad-downweight-bounded-seed42-20261004,16,3,conv2,l2,0.03318944484744557,0
tclad-downweight-bounded-seed42-20261004,16,3,conv2,max_abs,0.004190616309642792,0
tclad-downweight-bounded-seed42-20261004,16,3,conv2,sparsity,0.00021551724137931034,0
tclad-downweight-bounded-seed42-20261004,16,3,conv2,skewness,2.2354957262827684,0
tclad-downweight-bounded-seed42-20261004,16,3,conv2,kurtosis,13.909430683981185,0
tclad-downweight-bounded-seed42-20261004,16,3,fc1,mean,-9.642502341161117e-06,0
tclad-downweight-bounded-seed42-20261004,16,3,fc1,std,0.0002723102558002637,0
tclad-downweight-bounded-seed42-20261004,16,3,fc1,median,-6.28642737865448e-09,0
tclad-downweight-bounded-seed42-20261004,16,3,fc1,min,-0.005129264667630196,0
tclad-downweight-bounded-seed42-20261004,16,3,fc1,max,0.005007993429899216,0
tclad-downweight-bounded-seed42-20261004,16,3,fc1,l1,12.632025783528206,0
tclad-downweight-bounded-seed42-20261004,16,3,fc1,l2,0.08634507282699368,0
tclad-downweight-bounded-seed42-20261004,16,3,fc1,max_abs,0.005129264667630196,0
tclad-downweight-bounded-seed42-20261004,16,3,fc1,sparsity,0.09321223709369025,0
tclad-downweight-bounded-seed42-20261004,16,3,fc1,skewness,-0.8033675205631212,0
tclad-downweight-bounded-seed42-20261004,16,3,fc1,kurtosis,31.971212771330762,0
tclad-downweight-bounded-seed42-20261004,16,3,output,mean,-6.558660131234389e-10,0
tclad-downweight-bounded-seed42-20261004,16,3,output,std,0.0015972091359763407,0
tclad-downweight-bounded-seed42-20261004,16,3,output,median,-2.2351741790771484e-08,0
tclad-downweight-bounded-seed42-20261004,16,3,output,min,-0.0056825801730155945,0
tclad-downweight-bounded-seed42-20261004,16,3,output,max,0.005745589733123779,0
tclad-downweight-bounded-seed42-20261004,16,3,output,l1,0.7315081665292382,0
tclad-downweight-bounded-seed42-20261004,16,3,output,l2,0.040721002758163594,0
tclad-downweight-bounded-seed42-20261004,16,3,output,max_abs,0.005745589733123779,0
tclad-downweight-bounded-seed42-20261004,16,3,output,sparsity,0.06923076923076923,0
tclad-downweight-bounded-seed42-20261004,16,3,output,skewness,-0.036749275579500404,0
tclad-downweight-bounded-seed42-20261004,16,3,output,kurtosis,1.2854371216353275,0
tclad-downweight-bounded-seed42-20261004,16,4,conv1,mean,0.0012430993636371567,0
tclad-downweight-bounded-seed42-20261004,16,4,conv1,std,0.001993203590649104,0
tclad-downweight-bounded-seed42-20261004,16,4,conv1,median,0.00022127479314804077,0
tclad-downweight-bounded-seed42-20261004,16,4,conv1,min,-0.0007453858852386475,0
tclad-downweight-bounded-seed42-20261004,16,4,conv1,max,0.007814407348632812,0
tclad-downweight-bounded-seed42-20261004,16,4,conv1,l1,0.21523510571569204,0
tclad-downweight-bounded-seed42-20261004,16,4,conv1,l2,0.029713718263863473,0
tclad-downweight-bounded-seed42-20261004,16,4,conv1,max_abs,0.007814407348632812,0
tclad-downweight-bounded-seed42-20261004,16,4,conv1,sparsity,0.0,0
tclad-downweight-bounded-seed42-20261004,16,4,conv1,skewness,1.5410089913902072,0
tclad-downweight-bounded-seed42-20261004,16,4,conv1,kurtosis,1.2854929481014565,0
tclad-downweight-bounded-seed42-20261004,16,4,conv2,mean,8.474663591108577e-05,0
tclad-downweight-bounded-seed42-20261004,16,4,conv2,std,0.0005106982358416635,0
tclad-downweight-bounded-seed42-20261004,16,4,conv2,median,5.3765252232551575e-06,0
tclad-downweight-bounded-seed42-20261004,16,4,conv2,min,-0.0025379732251167297,0
tclad-downweight-bounded-seed42-20261004,16,4,conv2,max,0.005694098770618439,0
tclad-downweight-bounded-seed42-20261004,16,4,conv2,l1,1.1510870684178371,0
tclad-downweight-bounded-seed42-20261004,16,4,conv2,l2,0.035263228964599304,0
tclad-downweight-bounded-seed42-20261004,16,4,conv2,max_abs,0.005694098770618439,0
tclad-downweight-bounded-seed42-20261004,16,4,conv2,sparsity,0.0,0
tclad-downweight-bounded-seed42-20261004,16,4,conv2,skewness,3.16909833583223,0
tclad-downweight-bounded-seed42-20261004,16,4,conv2,kurtosis,22.082046011533052,0
tclad-downweight-bounded-seed42-20261004,16,4,fc1,mean,-3.7138529274931804e-06,0
tclad-downweight-bounded-seed42-20261004,16,4,fc1,std,0.0002908536128495848,0
tclad-downweight-bounded-seed42-20261004,16,4,fc1,median,0.0,0
tclad-downweight-bounded-seed42-20261004,16,4,fc1,min,-0.004800302442163229,0
tclad-downweight-bounded-seed42-20261004,16,4,fc1,max,0.005002044141292572,0
tclad-downweight-bounded-seed42-20261004,16,4,fc1,l1,13.536437732371667,0
tclad-downweight-bounded-seed42-20261004,16,4,fc1,l2,0.0921746130000869,0
tclad-downweight-bounded-seed42-20261004,16,4,fc1,max_abs,0.005002044141292572,0
tclad-downweight-bounded-seed42-20261004,16,4,fc1,sparsity,0.08806365519439133,0
tclad-downweight-bounded-seed42-20261004,16,4,fc1,skewness,0.23478751733229217,0
tclad-downweight-bounded-seed42-20261004,16,4,fc1,kurtosis,29.419381489323612,0
tclad-downweight-bounded-seed42-20261004,16,4,output,mean,-7.387895423632401e-11,0
tclad-downweight-bounded-seed42-20261004,16,4,output,std,0.0020447630884662,0
tclad-downweight-bounded-seed42-20261004,16,4,output,median,-8.847564458847046e-09,0
tclad-downweight-bounded-seed42-20261004,16,4,output,min,-0.006988396868109703,0
tclad-downweight-bounded-seed42-20261004,16,4,output,max,0.006534546613693237,0
tclad-downweight-bounded-seed42-20261004,16,4,output,l1,0.9537298819632269,0
tclad-downweight-bounded-seed42-20261004,16,4,output,l2,0.05213143444381704,0
tclad-downweight-bounded-seed42-20261004,16,4,output,max_abs,0.006988396868109703,0
tclad-downweight-bounded-seed42-20261004,16,4,output,sparsity,0.06461538461538462,0
tclad-downweight-bounded-seed42-20261004,16,4,output,skewness,0.011258113528110725,0
tclad-downweight-bounded-seed42-20261004,16,4,output,kurtosis,0.7587055950303343,0
tclad-downweight-bounded-seed42-20261004,17,0,conv1,mean,0.0010385733694420196,1
tclad-downweight-bounded-seed42-20261004,17,0,conv1,std,0.0016903546250983926,1
tclad-downweight-bounded-seed42-20261004,17,0,conv1,median,0.00019552558660507202,1
tclad-downweight-bounded-seed42-20261004,17,0,conv1,min,-0.0005771368741989136,1
tclad-downweight-bounded-seed42-20261004,17,0,conv1,max,0.006588667631149292,1
tclad-downweight-bounded-seed42-20261004,17,0,conv1,l1,0.18355856905691326,1
tclad-downweight-bounded-seed42-20261004,17,0,conv1,l2,0.025094807119579707,1
tclad-downweight-bounded-seed42-20261004,17,0,conv1,max_abs,0.006588667631149292,1
tclad-downweight-bounded-seed42-20261004,17,0,conv1,sparsity,0.0,1
tclad-downweight-bounded-seed42-20261004,17,0,conv1,skewness,1.5419590034305022,1
tclad-downweight-bounded-seed42-20261004,17,0,conv1,kurtosis,1.30961067246038,1
tclad-downweight-bounded-seed42-20261004,17,0,conv2,mean,8.383062848632359e-05,1
tclad-downweight-bounded-seed42-20261004,17,0,conv2,std,0.0004261239741990449,1
tclad-downweight-bounded-seed42-20261004,17,0,conv2,median,9.877141565084457e-06,1
tclad-downweight-bounded-seed42-20261004,17,0,conv2,min,-0.0025747567415237427,1
tclad-downweight-bounded-seed42-20261004,17,0,conv2,max,0.003939524292945862,1
tclad-downweight-bounded-seed42-20261004,17,0,conv2,l1,0.979194393621583,1
tclad-downweight-bounded-seed42-20261004,17,0,conv2,l2,0.029582879519420437,1
tclad-downweight-bounded-seed42-20261004,17,0,conv2,max_abs,0.003939524292945862,1
tclad-downweight-bounded-seed42-20261004,17,0,conv2,sparsity,0.0,1
tclad-downweight-bounded-seed42-20261004,17,0,conv2,skewness,2.4481104409308627,1
tclad-downweight-bounded-seed42-20261004,17,0,conv2,kurtosis,16.671485020078272,1
tclad-downweight-bounded-seed42-20261004,17,0,fc1,mean,-7.682297633734813e-05,1
tclad-downweight-bounded-seed42-20261004,17,0,fc1,std,0.0008813058830136461,1
tclad-downweight-bounded-seed42-20261004,17,0,fc1,median,-1.2721866369247437e-06,1
tclad-downweight-bounded-seed42-20261004,17,0,fc1,min,-0.018103256821632385,1
tclad-downweight-bounded-seed42-20261004,17,0,fc1,max,0.014011625200510025,1
tclad-downweight-bounded-seed42-20261004,17,0,fc1,l1,34.776273095531906,1
tclad-downweight-bounded-seed42-20261004,17,0,fc1,l2,0.2803314917623353,1
tclad-downweight-bounded-seed42-20261004,17,0,fc1,max_abs,0.018103256821632385,1
tclad-downweight-bounded-seed42-20261004,17,0,fc1,sparsity,0.08868108667941364,1
tclad-downweight-bounded-seed42-20261004,17,0,fc1,skewness,-1.237711118793909,1
tclad-downweight-bounded-seed42-20261004,17,0,fc1,kurtosis,52.69932928931236,1
tclad-downweight-bounded-seed42-20261004,17,0,output,mean,1.3611637628995456e-10,1
tclad-downweight-bounded-seed42-20261004,17,0,output,std,0.005387270495116692,1
tclad-downweight-bounded-seed42-20261004,17,0,output,median,-0.0002299770712852478,1
tclad-downweight-bounded-seed42-20261004,17,0,output,min,-0.010671257972717285,1
tclad-downweight-bounded-seed42-20261004,17,0,output,max,0.04368433728814125,1
tclad-downweight-bounded-seed42-20261004,17,0,output,l1,1.7258719205856323,1
tclad-downweight-bounded-seed42-20261004,17,0,output,l2,0.13734898689801345,1
tclad-downweight-bounded-seed42-20261004,17,0,output,max_abs,0.04368433728814125,1
tclad-downweight-bounded-seed42-20261004,17,0,output,sparsity,0.06769230769230769,1
tclad-downweight-bounded-seed42-20261004,17,0,output,skewness,3.5639517282227637,1
tclad-downweight-bounded-seed42-20261004,17,0,output,kurtosis,17.36944014800467,1
tclad-downweight-bounded-seed42-20261004,17,1,conv1,mean,0.001069089537486434,0
tclad-downweight-bounded-seed42-20261004,17,1,conv1,std,0.0017411080123664092,0
tclad-downweight-bounded-seed42-20261004,17,1,conv1,median,0.00019765645265579224,0
tclad-downweight-bounded-seed42-20261004,17,1,conv1,min,-0.0006590187549591064,0
tclad-downweight-bounded-seed42-20261004,17,1,conv1,max,0.006844311952590942,0
tclad-downweight-bounded-seed42-20261004,17,1,conv1,l1,0.19015404302626848,0
tclad-downweight-bounded-seed42-20261004,17,1,conv1,l2,0.025843868285965133,0
tclad-downweight-bounded-seed42-20261004,17,1,conv1,max_abs,0.006844311952590942,0
tclad-downweight-bounded-seed42-20261004,17,1,conv1,sparsity,0.0,0
tclad-downweight-bounded-seed42-20261004,17,1,conv1,skewness,1.5288408501169048,0
tclad-downweight-bounded-seed42-20261004,17,1,conv1,kurtosis,1.2840775019001978,0
tclad-downweight-bounded-seed42-20261004,17,1,conv2,mean,9.996155783702652e-05,0
tclad-downweight-bounded-seed42-20261004,17,1,conv2,std,0.0004377995207762845,0
tclad-downweight-bounded-seed42-20261004,17,1,conv2,median,1.655053347349167e-05,0
tclad-downweight-bounded-seed42-20261004,17,1,conv2,min,-0.0022864490747451782,0
tclad-downweight-bounded-seed42-20261004,17,1,conv2,max,0.0035286247730255127,0
tclad-downweight-bounded-seed42-20261004,17,1,conv2,l1,1.0291424708993873,0
tclad-downweight-bounded-seed42-20261004,17,1,conv2,l2,0.030589308641229114,0
tclad-downweight-bounded-seed42-20261004,17,1,conv2,max_abs,0.0035286247730255127,0
tclad-downweight-bounded-seed42-20261004,17,1,conv2,sparsity,0.0,0
tclad-downweight-bounded-seed42-20261004,17,1,conv2,skewness,2.5150171803637997,0
tclad-downweight-bounded-seed42-20261004,17,1,conv2,kurtosis,14.57273635363251,0
tclad-downweight-bounded-seed42-20261004,17,1,fc1,mean,3.805367755077139e-06,0
tclad-downweight-bounded-seed42-20261004,17,1,fc1,std,0.00025002014510863376,0
tclad-downweight-bounded-seed42-20261004,17,1,fc1,median,0.0,0
tclad-downweight-bounded-seed42-20261004,17,1,fc1,min,-0.003732717363163829,0
tclad-downweight-bounded-seed42-20261004,17,1,fc1,max,0.0037021152675151825,0
tclad-downweight-bounded-seed42-20261004,17,1,fc1,l1,12.188989629338721,0
tclad-downweight-bounded-seed42-20261004,17,1,fc1,l2,0.0792367691969042,0
tclad-downweight-bounded-seed42-20261004,17,1,fc1,max_abs,0.003732717363163829,0
tclad-downweight-bounded-seed42-20261004,17,1,fc1,sparsity,0.09282385277246653,0
tclad-downweight-bounded-seed42-20261004,17,1,fc1,skewness,0.12199867992038188,0
tclad-downweight-bounded-seed42-20261004,17,1,fc1,kurtosis,20.46633500692094,0
tclad-downweight-bounded-seed42-20261004,17,1,output,mean,2.5781516272288103e-10,0
tclad-downweight-bounded-seed42-20261004,17,1,output,std,0.00158697899890765,0
tclad-downweight-bounded-seed42-20261004,17,1,output,median,-2.2351741790771484e-08,0
tclad-downweight-bounded-seed42-20261004,17,1,output,min,-0.004621320404112339,0
tclad-downweight-bounded-seed42-20261004,17,1,output,max,0.006146058440208435,0
tclad-downweight-bounded-seed42-20261004,17,1,output,l1,0.7190960529842414,0
tclad-downweight-bounded-seed42-20261004,17,1,output,l2,0.04046018441546077,0
tclad-downweight-bounded-seed42-20261004,17,1,output,max_abs,0.006146058440208435,0
tclad-downweight-bounded-seed42-20261004,17,1,output,sparsity,0.07538461538461538,0
tclad-downweight-bounded-seed42-20261004,17,1,output,skewness,0.44425496986098567,0
tclad-downweight-bounded-seed42-20261004,17,1,output,kurtosis,1.3094516481435425,0
tclad-downweight-bounded-seed42-20261004,17,2,conv1,mean,0.0009487723931670189,0
tclad-downweight-bounded-seed42-20261004,17,2,conv1,std,0.0016204525224684009,0
tclad-downweight-bounded-seed42-20261004,17,2,conv1,median,0.00020974129438400269,0
tclad-downweight-bounded-seed42-20261004,17,2,conv1,min,-0.0006057024002075195,0
tclad-downweight-bounded-seed42-20261004,17,2,conv1,max,0.006135493516921997,0
tclad-downweight-bounded-seed42-20261004,17,2,conv1,l1,0.17450232338160276,0
tclad-downweight-bounded-seed42-20261004,17,2,conv1,l2,0.02375217188085359,0
tclad-downweight-bounded-seed42-20261004,17,2,conv1,max_abs,0.006135493516921997,0
tclad-downweight-bounded-seed42-20261004,17,2,conv1,sparsity,0.0,0
tclad-downweight-bounded-seed42-20261004,17,2,conv1,skewness,1.5706976526512078,0
tclad-downweight-bounded-seed42-20261004,17,2,conv1,kurtosis,1.4548622644982263,0
tclad-downweight-bounded-seed42-20261004,17,2,conv2,mean,7.300675689952312e-05,0
tclad-downweight-bounded-seed42-20261004,17,2,conv2,std,0.00043747529106499177,0
tclad-downweight-bounded-seed42-20261004,17,2,conv2,median,1.130625605583191e-05,0
tclad-downweight-bounded-seed42-20261004,17,2,conv2,min,-0.002895340323448181,0
tclad-downweight-bounded-seed42-20261004,17,2,conv2,max,0.003959581255912781,0
tclad-downweight-bounded-seed42-20261004,17,2,conv2,l1,1.0263728362187976,0
tclad-downweight-bounded-seed42-20261004,17,2,conv2,l2,0.030211849035810236,0
tclad-downweight-bounded-seed42-20261004,17,2,conv2,max_abs,0.003959581255912781,0
tclad-downweight-bounded-seed42-20261004,17,2,conv2,sparsity,0.0,0
tclad-downweight-bounded-seed42-20261004,17,2,conv2,skewness,1.7817082505612265,0
tclad-downweight-bounded-seed42-20261004,17,2,conv2,kurtosis,16.127159201584654,0
tclad-downweight-bounded-seed42-20261004,17,2,fc1,mean,8.024302254374107e-06,0
tclad-downweight-bounded-seed42-20261004,17,2,fc1,std,0.00031904264372252837,0
tclad-downweight-bounded-seed42-20261004,17,2,fc1,median,0.0,0
tclad-downweight-bounded-seed42-20261004,17,2,fc1,min,-0.0068337805569171906,0
tclad-downweight-bounded-seed42-20261004,17,2,fc1,max,0.005452282726764679,0
tclad-downweight-bounded-seed42-20261004,17,2,fc1,l1,14.768181466840474,0
tclad-downweight-bounded-seed42-20261004,17,2,fc1,l2,0.10113174810491543,0
tclad-downweight-bounded-seed42-20261004,17,2,fc1,max_abs,0.0068337805569171906,0
tclad-downweight-bounded-seed42-20261004,17,2,fc1,sparsity,0.1037284894837476,0
tclad-downweight-bounded-seed42-20261004,17,2,fc1,skewness,-0.20629788595192547,0
tclad-downweight-bounded-seed42-20261004,17,2,fc1,kurtosis,27.7013900326356,0
tclad-downweight-bounded-seed42-20261004,17,2,output,mean,1.312806629217588e-10,0
tclad-downweight-bounded-seed42-20261004,17,2,output,std,0.0018913867998376116,0
tclad-downweight-bounded-seed42-20261004,17,2,output,median,-2.2351741790771484e-08,0
tclad-downweight-bounded-seed42-20261004,17,2,output,min,-0.005570933222770691,0
tclad-downweight-bounded-seed42-20261004,17,2,output,max,0.007800579071044922,0
tclad-downweight-bounded-seed42-20261004,17,2,output,l1,0.8653743461472914,0
tclad-downweight-bounded-seed42-20261004,17,2,output,l2,0.048221091000619075,0
tclad-downweight-bounded-seed42-20261004,17,2,output,max_abs,0.007800579071044922,0
tclad-downweight-bounded-seed42-20261004,17,2,output,sparsity,0.08153846153846153,0
tclad-downweight-bounded-seed42-20261004,17,2,output,skewness,0.44609823006214183,0
tclad-downweight-bounded-seed42-20261004,17,2,output,kurtosis,1.3123710681554082,0
tclad-downweight-bounded-seed42-20261004,17,3,conv1,mean,0.0010199090436799451,0
tclad-downweight-bounded-seed42-20261004,17,3,conv1,std,0.0016254186375713393,0
tclad-downweight-bounded-seed42-20261004,17,3,conv1,median,0.0002016015350818634,0
tclad-downweight-bounded-seed42-20261004,17,3,conv1,min,-0.000501483678817749,0
tclad-downweight-bounded-seed42-20261004,17,3,conv1,max,0.006233543157577515,0
tclad-downweight-bounded-seed42-20261004,17,3,conv1,l1,0.1790745067410171,0
tclad-downweight-bounded-seed42-20261004,17,3,conv1,l2,0.02427245419728103,0
tclad-downweight-bounded-seed42-20261004,17,3,conv1,max_abs,0.006233543157577515,0
tclad-downweight-bounded-seed42-20261004,17,3,conv1,sparsity,0.0,0
tclad-downweight-bounded-seed42-20261004,17,3,conv1,skewness,1.5433972749813718,0
tclad-downweight-bounded-seed42-20261004,17,3,conv1,kurtosis,1.3661515133485818,0
tclad-downweight-bounded-seed42-20261004,17,3,conv2,mean,8.251641933156861e-05,0
tclad-downweight-bounded-seed42-20261004,17,3,conv2,std,0.00043701131017600625,0
tclad-downweight-bounded-seed42-20261004,17,3,conv2,median,7.394701242446899e-06,0
tclad-downweight-bounded-seed42-20261004,17,3,conv2,min,-0.0027018561959266663,0
tclad-downweight-bounded-seed42-20261004,17,3,conv2,max,0.0039039701223373413,0
tclad-downweight-bounded-seed42-20261004,17,3,conv2,l1,1.0311736799249047,0
tclad-downweight-bounded-seed42-20261004,17,3,conv2,l2,0.030294151239473356,0
tclad-downweight-bounded-seed42-20261004,17,3,conv2,max_abs,0.0039039701223373413,0
tclad-downweight-bounded-seed42-20261004,17,3,conv2,sparsity,0.0,0
tclad-downweight-bounded-seed42-20261004,17,3,conv2,skewness,2.0991197047121837,0
tclad-downweight-bounded-seed42-20261004,17,3,conv2,kurtosis,13.767994422934063,0
tclad-downweight-bounded-seed42-20261004,17,3,fc1,mean,-2.8299212627962318e-06,0
tclad-downweight-bounded-seed42-20261004,17,3,fc1,std,0.00025576879587633426,0
tclad-downweight-bounded-seed42-20261004,17,3,fc1,median,0.0,0
tclad-downweight-bounded-seed42-20261004,17,3,fc1,min,-0.005448699928820133,0
tclad-downweight-bounded-seed42-20261004,17,3,fc1,max,0.004520360380411148,0
tclad-downweight-bounded-seed42-20261004,17,3,fc1,l1,11.955169253676559,0
tclad-downweight-bounded-seed42-20261004,17,3,fc1,l2,0.08105421410984183,0
tclad-downweight-bounded-seed42-20261004,17,3,fc1,max_abs,0.005448699928820133,0
tclad-downweight-bounded-seed42-20261004,17,3,fc1,sparsity,0.09435747291268323,0
tclad-downweight-bounded-seed42-20261004,17,3,fc1,skewness,-0.8979970111670772,0
tclad-downweight-bounded-seed42-20261004,17,3,fc1,kurtosis,31.50946790245885,0
tclad-downweight-bounded-seed42-20261004,17,3,output,mean,-6.013299123598979e-11,0
tclad-downweight-bounded-seed42-20261004,17,3,output,std,0.0015468027998257127,0
tclad-downweight-bounded-seed42-20261004,17,3,output,median,-7.450580596923828e-09,0
tclad-downweight-bounded-seed42-20261004,17,3,output,min,-0.0061473548412323,0
tclad-downweight-bounded-seed42-20261004,17,3,output,max,0.004917815327644348,0
tclad-downweight-bounded-seed42-20261004,17,3,output,l1,0.6986129174183588,0
tclad-downweight-bounded-seed42-20261004,17,3,output,l2,0.03943588829995634,0
tclad-downweight-bounded-seed42-20261004,17,3,output,max_abs,0.0061473548412323,0
tclad-downweight-bounded-seed42-20261004,17,3,output,sparsity,0.07230769230769231,0
tclad-downweight-bounded-seed42-20261004,17,3,output,skewness,-0.20233823200552203,0
tclad-downweight-bounded-seed42-20261004,17,3,output,kurtosis,1.4813397538060027,0
tclad-downweight-bounded-seed42-20261004,17,4,conv1,mean,0.00111651901024743,0
tclad-downweight-bounded-seed42-20261004,17,4,conv1,std,0.0018112230893651687,0
tclad-downweight-bounded-seed42-20261004,17,4,conv1,median,0.0001982375979423523,0
tclad-downweight-bounded-seed42-20261004,17,4,conv1,min,-0.0007176399230957031,0
tclad-downweight-bounded-seed42-20261004,17,4,conv1,max,0.0071413516998291016,0
tclad-downweight-bounded-seed42-20261004,17,4,conv1,l1,0.19507659471128136,0
tclad-downweight-bounded-seed42-20261004,17,4,conv1,l2,0.026913621174991388,0
tclad-downweight-bounded-seed42-20261004,17,4,conv1,max_abs,0.0071413516998291016,0
tclad-downweight-bounded-seed42-20261004,17,4,conv1,sparsity,0.0,0
tclad-downweight-bounded-seed42-20261004,17,4,conv1,skewness,1.564426541112181,0
tclad-downweight-bounded-seed42-20261004,17,4,conv1,kurtosis,1.3818409674191328,0
tclad-downweight-bounded-seed42-20261004,17,4,conv2,mean,7.983783451703042e-05,0
tclad-downweight-bounded-seed42-20261004,17,4,conv2,std,0.00046719004925154396,0
tclad-downweight-bounded-seed42-20261004,17,4,conv2,median,5.0747767090797424e-06,0
tclad-downweight-bounded-seed42-20261004,17,4,conv2,min,-0.0024618729948997498,0
tclad-downweight-bounded-seed42-20261004,17,4,conv2,max,0.005127064883708954,0
tclad-downweight-bounded-seed42-20261004,17,4,conv2,l1,1.0527545590230147,0
tclad-downweight-bounded-seed42-20261004,17,4,conv2,l2,0.03228517439633452,0
tclad-downweight-bounded-seed42-20261004,17,4,conv2,max_abs,0.005127064883708954,0
tclad-downweight-bounded-seed42-20261004,17,4,conv2,sparsity,0.0,0
tclad-downweight-bounded-seed42-20261004,17,4,conv2,skewness,3.104135816820504,0
tclad-downweight-bounded-seed42-20261004,17,4,conv2,kurtosis,21.42339370330204,0
tclad-downweight-bounded-seed42-20261004,17,4,fc1,mean,3.679534766541408e-06,0
tclad-downweight-bounded-seed42-20261004,17,4,fc1,std,0.0002991507161350651,0
tclad-downweight-bounded-seed42-20261004,17,4,fc1,median,0.0,0
tclad-downweight-bounded-seed42-20261004,17,4,fc1,min,-0.005031656473875046,0
tclad-downweight-bounded-seed42-20261004,17,4,fc1,max,0.005503866821527481,0
tclad-downweight-bounded-seed42-20261004,17,4,fc1,l1,13.716439813455736,0
tclad-downweight-bounded-seed42-20261004,17,4,fc1,l2,0.09480349648107488,0
tclad-downweight-bounded-seed42-20261004,17,4,fc1,max_abs,0.005503866821527481,0
tclad-downweight-bounded-seed42-20261004,17,4,fc1,sparsity,0.11260157743785851,0
tclad-downweight-bounded-seed42-20261004,17,4,fc1,skewness,0.07978254496091061,0
tclad-downweight-bounded-seed42-20261004,17,4,fc1,kurtosis,31.817680707401912,0
tclad-downweight-bounded-seed42-20261004,17,4,output,mean,-5.7536034056773555e-11,0
tclad-downweight-bounded-seed42-20261004,17,4,output,std,0.0018964901949494292,0
tclad-downweight-bounded-seed42-20261004,17,4,output,median,0.0,0
tclad-downweight-bounded-seed42-20261004,17,4,output,min,-0.006059911102056503,0
tclad-downweight-bounded-seed42-20261004,17,4,output,max,0.005662840791046619,0
tclad-downweight-bounded-seed42-20261004,17,4,output,l1,0.8987438740732614,0
tclad-downweight-bounded-seed42-20261004,17,4,output,l2,0.04835120255692264,0
tclad-downweight-bounded-seed42-20261004,17,4,output,max_abs,0.006059911102056503,0
tclad-downweight-bounded-seed42-20261004,17,4,output,sparsity,0.09384615384615384,0
tclad-downweight-bounded-seed42-20261004,17,4,output,skewness,0.10950939301183216,0
tclad-downweight-bounded-seed42-20261004,17,4,output,kurtosis,0.48985826609915817,0
tclad-downweight-bounded-seed42-20261004,18,0,conv1,mean,0.0009363419936562423,1
tclad-downweight-bounded-seed42-20261004,18,0,conv1,std,0.0015282153197372613,1
tclad-downweight-bounded-seed42-20261004,18,0,conv1,median,0.00018234550952911377,1
tclad-downweight-bounded-seed42-20261004,18,0,conv1,min,-0.0005522370338439941,1
tclad-downweight-bounded-seed42-20261004,18,0,conv1,max,0.0059486329555511475,1
tclad-downweight-bounded-seed42-20261004,18,0,conv1,l1,0.1665200594579801,1
tclad-downweight-bounded-seed42-20261004,18,0,conv1,l2,0.02267043322943364,1
tclad-downweight-bounded-seed42-20261004,18,0,conv1,max_abs,0.0059486329555511475,1
tclad-downweight-bounded-seed42-20261004,18,0,conv1,sparsity,0.0,1
tclad-downweight-bounded-seed42-20261004,18,0,conv1,skewness,1.547603147923044,1
tclad-downweight-bounded-seed42-20261004,18,0,conv1,kurtosis,1.355754076895515,1
tclad-downweight-bounded-seed42-20261004,18,0,conv2,mean,6.826207078778806e-05,1
tclad-downweight-bounded-seed42-20261004,18,0,conv2,std,0.00039080194314837177,1
tclad-downweight-bounded-seed42-20261004,18,0,conv2,median,7.238239049911499e-06,1
tclad-downweight-bounded-seed42-20261004,18,0,conv2,min,-0.002534136176109314,1
tclad-downweight-bounded-seed42-20261004,18,0,conv2,max,0.0034553557634353638,1
tclad-downweight-bounded-seed42-20261004,18,0,conv2,l1,0.9072084876024746,1
tclad-downweight-bounded-seed42-20261004,18,0,conv2,l2,0.02702351628704636,1
tclad-downweight-bounded-seed42-20261004,18,0,conv2,max_abs,0.0034553557634353638,1
tclad-downweight-bounded-seed42-20261004,18,0,conv2,sparsity,0.0,1
tclad-downweight-bounded-seed42-20261004,18,0,conv2,skewness,2.1271866500889183,1
tclad-downweight-bounded-seed42-20261004,18,0,conv2,kurtosis,15.714772637612114,1
tclad-downweight-bounded-seed42-20261004,18,0,fc1,mean,-0.00010715303695211396,1
tclad-downweight-bounded-seed42-20261004,18,0,fc1,std,0.0008938737179374799,1
tclad-downweight-bounded-seed42-20261004,18,0,fc1,median,-3.931112587451935e-06,1
tclad-downweight-bounded-seed42-20261004,18,0,fc1,min,-0.017821650952100754,1
tclad-downweight-bounded-seed42-20261004,18,0,fc1,max,0.013883350417017937,1
tclad-downweight-bounded-seed42-20261004,18,0,fc1,l1,36.29917712774068,1
tclad-downweight-bounded-seed42-20261004,18,0,fc1,l2,0.28528295491577055,1
tclad-downweight-bounded-seed42-20261004,18,0,fc1,max_abs,0.017821650952100754,1
tclad-downweight-bounded-seed42-20261004,18,0,fc1,sparsity,0.08855162523900574,1
tclad-downweight-bounded-seed42-20261004,18,0,fc1,skewness,-1.3660703594882864,1
tclad-downweight-bounded-seed42-20261004,18,0,fc1,kurtosis,45.74323907981955,1
tclad-downweight-bounded-seed42-20261004,18,0,output,mean,-4.02080611540721e-11,1
tclad-downweight-bounded-seed42-20261004,18,0,output,std,0.005413559614946088,1
tclad-downweight-bounded-seed42-20261004,18,0,output,median,-0.0001661926507949829,1
tclad-downweight-bounded-seed42-20261004,18,0,output,min,-0.011502087116241455,1
tclad-downweight-bounded-seed42-20261004,18,0,output,max,0.0430108979344368,1
tclad-downweight-bounded-seed42-20261004,18,0,output,l1,1.7388699431321584,1
tclad-downweight-bounded-seed42-20261004,18,0,output,l2,0.13801923057303972,1
tclad-downweight-bounded-seed42-20261004,18,0,output,max_abs,0.0430108979344368,1
tclad-downweight-bounded-seed42-20261004,18,0,output,sparsity,0.06769230769230769,1
tclad-downweight-bounded-seed42-20261004,18,0,output,skewness,3.4468415373129684,1
tclad-downweight-bounded-seed42-20261004,18,0,output,kurtosis,16.35404802297814,1
tclad-downweight-bounded-seed42-20261004,18,1,conv1,mean,0.0009582064878486563,0
tclad-downweight-bounded-seed42-20261004,18,1,conv1,std,0.0015714035731556086,0
tclad-downweight-bounded-seed42-20261004,18,1,conv1,median,0.00018464773893356323,0
tclad-downweight-bounded-seed42-20261004,18,1,conv1,min,-0.0006348937749862671,0
tclad-downweight-bounded-seed42-20261004,18,1,conv1,max,0.006218314170837402,0
tclad-downweight-bounded-seed42-20261004,18,1,conv1,l1,0.17177315789740533,0
tclad-downweight-bounded-seed42-20261004,18,1,conv1,l2,0.02328078645778607,0
tclad-downweight-bounded-seed42-20261004,18,1,conv1,max_abs,0.006218314170837402,0
tclad-downweight-bounded-seed42-20261004,18,1,conv1,sparsity,0.0,0
tclad-downweight-bounded-seed42-20261004,18,1,conv1,skewness,1.5431711989957546,0
tclad-downweight-bounded-seed42-20261004,18,1,conv1,kurtosis,1.3711510850041382,0
tclad-downweight-bounded-seed42-20261004,18,1,conv2,mean,8.705142217171794e-05,0
tclad-downweight-bounded-seed42-20261004,18,1,conv2,std,0.00040101134532751474,0
tclad-downweight-bounded-seed42-20261004,18,1,conv2,median,1.513306051492691e-05,0
tclad-downweight-bounded-seed42-20261004,18,1,conv2,min,-0.002190917730331421,0
tclad-downweight-bounded-seed42-20261004,18,1,conv2,max,0.003055378794670105,0
tclad-downweight-bounded-seed42-20261004,18,1,conv2,l1,0.9535319013557455,0
tclad-downweight-bounded-seed42-20261004,18,1,conv2,l2,0.02795211169503029,0
tclad-downweight-bounded-seed42-20261004,18,1,conv2,max_abs,0.003055378794670105,0
tclad-downweight-bounded-seed42-20261004,18,1,conv2,sparsity,0.0,0
tclad-downweight-bounded-seed42-20261004,18,1,conv2,skewness,2.2757284597618916,0
tclad-downweight-bounded-seed42-20261004,18,1,conv2,kurtosis,13.678151989128743,0
tclad-downweight-bounded-seed42-20261004,18,1,fc1,mean,3.4098528790657573e-06,0
tclad-downweight-bounded-seed42-20261004,18,1,fc1,std,0.00025115411627128645,0
tclad-downweight-bounded-seed42-20261004,18,1,fc1,median,0.0,0
tclad-downweight-bounded-seed42-20261004,18,1,fc1,min,-0.0034349802881479263,0
tclad-downweight-bounded-seed42-20261004,18,1,fc1,max,0.0035306885838508606,0
tclad-downweight-bounded-seed42-20261004,18,1,fc1,l1,12.159390951978708,0
tclad-downweight-bounded-seed42-20261004,18,1,fc1,l2,0.07959426592933004,0
tclad-downweight-bounded-seed42-20261004,18,1,fc1,max_abs,0.0035306885838508606,0
tclad-downweight-bounded-seed42-20261004,18,1,fc1,sparsity,0.10366873804971319,0
tclad-downweight-bounded-seed42-20261004,18,1,fc1,skewness,0.009226171403880467,0
tclad-downweight-bounded-seed42-20261004,18,1,fc1,kurtosis,20.966568865179728,0
tclad-downweight-bounded-seed42-20261004,18,1,output,mean,-3.483952381289922e-10,0
tclad-downweight-bounded-seed42-20261004,18,1,output,std,0.0015704277679270031,0
tclad-downweight-bounded-seed42-20261004,18,1,output,median,-7.450580596923828e-09,0
tclad-downweight-bounded-seed42-20261004,18,1,output,min,-0.004593921825289726,0
tclad-downweight-bounded-seed42-20261004,18,1,output,max,0.006002306938171387,0
tclad-downweight-bounded-seed42-20261004,18,1,output,l1,0.7089654830342624,0
tclad-downweight-bounded-seed42-20261004,18,1,output,l2,0.04003820916673974,0
tclad-downweight-bounded-seed42-20261004,18,1,output,max_abs,0.006002306938171387,0
tclad-downweight-bounded-seed42-20261004,18,1,output,sparsity,0.09076923076923077,0
tclad-downweight-bounded-seed42-20261004,18,1,output,skewness,0.33212660380387676,0
tclad-downweight-bounded-seed42-20261004,18,1,output,kurtosis,1.3044023558134876,0
tclad-downweight-bounded-seed42-20261004,18,2,conv1,mean,0.0008488439139910043,0
tclad-downweight-bounded-seed42-20261004,18,2,conv1,std,0.0014562071884202353,0
tclad-downweight-bounded-seed42-20261004,18,2,conv1,median,0.00018605217337608337,0
tclad-downweight-bounded-seed42-20261004,18,2,conv1,min,-0.0005676224827766418,0
tclad-downweight-bounded-seed42-20261004,18,2,conv1,max,0.0055107176303863525,0
tclad-downweight-bounded-seed42-20261004,18,2,conv1,l1,0.15737172029912472,0
tclad-downweight-bounded-seed42-20261004,18,2,conv1,l2,0.021320695545601072,0
tclad-downweight-bounded-seed42-20261004,18,2,conv1,max_abs,0.0055107176303863525,0
tclad-downweight-bounded-seed42-20261004,18,2,conv1,sparsity,0.0,0
tclad-downweight-bounded-seed42-20261004,18,2,conv1,skewness,1.581960905446559,0
tclad-downweight-bounded-seed42-20261004,18,2,conv1,kurtosis,1.5402970948707537,0
tclad-downweight-bounded-seed42-20261004,18,2,conv2,mean,5.338377313270532e-05,0
tclad-downweight-bounded-seed42-20261004,18,2,conv2,std,0.0004051979864258171,0
tclad-downweight-bounded-seed42-20261004,18,2,conv2,median,5.878973752260208e-06,0
tclad-downweight-bounded-seed42-20261004,18,2,conv2,min,-0.0027661994099617004,0
tclad-downweight-bounded-seed42-20261004,18,2,conv2,max,0.0035245269536972046,0
tclad-downweight-bounded-seed42-20261004,18,2,conv2,l1,0.9597888217649597,0
tclad-downweight-bounded-seed42-20261004,18,2,conv2,l2,0.02783960295028707,0
tclad-downweight-bounded-seed42-20261004,18,2,conv2,max_abs,0.0035245269536972046,0
tclad-downweight-bounded-seed42-20261004,18,2,conv2,sparsity,0.0004310344827586207,0
tclad-downweight-bounded-seed42-20261004,18,2,conv2,skewness,1.4360329356748134,0
tclad-downweight-bounded-seed42-20261004,18,2,conv2,kurtosis,15.263182922993188,0
tclad-downweight-bounded-seed42-20261004,18,2,fc1,mean,3.1385287408589793e-06,0
tclad-downweight-bounded-seed42-20261004,18,2,fc1,std,0.000314913515255968,0
tclad-downweight-bounded-seed42-20261004,18,2,fc1,median,0.0,0
tclad-downweight-bounded-seed42-20261004,18,2,fc1,min,-0.006603628396987915,0
tclad-downweight-bounded-seed42-20261004,18,2,fc1,max,0.005409158766269684,0
tclad-downweight-bounded-seed42-20261004,18,2,fc1,l1,14.509808232850673,0
tclad-downweight-bounded-seed42-20261004,18,2,fc1,l2,0.0997962738798071,0
tclad-downweight-bounded-seed42-20261004,18,2,fc1,max_abs,0.006603628396987915,0
tclad-downweight-bounded-seed42-20261004,18,2,fc1,sparsity,0.10471438814531549,0
tclad-downweight-bounded-seed42-20261004,18,2,fc1,skewness,-0.3438589631677609,0
tclad-downweight-bounded-seed42-20261004,18,2,fc1,kurtosis,27.66149470918405,0
tclad-downweight-bounded-seed42-20261004,18,2,output,mean,1.3880288371672997e-10,0
tclad-downweight-bounded-seed42-20261004,18,2,output,std,0.0017971780045562213,0
tclad-downweight-bounded-seed42-20261004,18,2,output,median,-7.450580596923828e-09,0
tclad-downweight-bounded-seed42-20261004,18,2,output,min,-0.005229845643043518,0
tclad-downweight-bounded-seed42-20261004,18,2,output,max,0.007534995675086975,0
tclad-downweight-bounded-seed42-20261004,18,2,output,l1,0.8219588274369016,0
tclad-downweight-bounded-seed42-20261004,18,2,output,l2,0.045819228573159704,0
tclad-downweight-bounded-seed42-20261004,18,2,output,max_abs,0.007534995675086975,0
tclad-downweight-bounded-seed42-20261004,18,2,output,sparsity,0.08153846153846153,0
tclad-downweight-bounded-seed42-20261004,18,2,output,skewness,0.39350821346386006,0
tclad-downweight-bounded-seed42-20261004,18,2,output,kurtosis,1.2526213145557321,0
tclad-downweight-bounded-seed42-20261004,18,3,conv1,mean,0.0009275649121263996,0
tclad-downweight-bounded-seed42-20261004,18,3,conv1,std,0.001479534703806426,0
tclad-downweight-bounded-seed42-20261004,18,3,conv1,median,0.0001833401620388031,0
tclad-downweight-bounded-seed42-20261004,18,3,conv1,min,-0.0005083009600639343,0
tclad-downweight-bounded-seed42-20261004,18,3,conv1,max,0.0056219398975372314,0
tclad-downweight-bounded-seed42-20261004,18,3,conv1,l1,0.1633529863320291,0
tclad-downweight-bounded-seed42-20261004,18,3,conv1,l2,0.022088547642525068,0
tclad-downweight-bounded-seed42-20261004,18,3,conv1,max_abs,0.0056219398975372314,0
tclad-downweight-bounded-seed42-20261004,18,3,conv1,sparsity,0.0,0
tclad-downweight-bounded-seed42-20261004,18,3,conv1,skewness,1.5508866665455008,0
tclad-downweight-bounded-seed42-20261004,18,3,conv1,kurtosis,1.4193610350401364,0
tclad-downweight-bounded-seed42-20261004,18,3,conv2,mean,7.066842126340785e-05,0
tclad-downweight-bounded-seed42-20261004,18,3,conv2,std,0.0004056784148806877,0
tclad-downweight-bounded-seed42-20261004,18,3,conv2,median,7.370486855506897e-06,0
tclad-downweight-bounded-seed42-20261004,18,3,conv2,min,-0.0027191415429115295,0
tclad-downweight-bounded-seed42-20261004,18,3,conv2,max,0.0035315603017807007,0
tclad-downweight-bounded-seed42-20261004,18,3,conv2,l1,0.9627962097620184,0
tclad-downweight-bounded-seed42-20261004,18,3,conv2,l2,0.028049958459449104,0
tclad-downweight-bounded-seed42-20261004,18,3,conv2,max_abs,0.0035315603017807007,0
tclad-downweight-bounded-seed42-20261004,18,3,conv2,sparsity,0.0,0
tclad-downweight-bounded-seed42-20261004,18,3,conv2,skewness,1.7886667331706456,0
tclad-downweight-bounded-seed42-20261004,18,3,conv2,kurtosis,13.27479516278391,0
tclad-downweight-bounded-seed42-20261004,18,3,fc1,mean,-2.792132581209334e-06,0
tclad-downweight-bounded-seed42-20261004,18,3,fc1,std,0.00025330836431709173,0
tclad-downweight-bounded-seed42-20261004,18,3,fc1,median,0.0,0
tclad-downweight-bounded-seed42-20261004,18,3,fc1,min,-0.005354611203074455,0
tclad-downweight-bounded-seed42-20261004,18,3,fc1,max,0.004170078784227371,0
tclad-downweight-bounded-seed42-20261004,18,3,fc1,l1,11.807939927572761,0
tclad-downweight-bounded-seed42-20261004,18,3,fc1,l2,0.08027445596131494,0
tclad-downweight-bounded-seed42-20261004,18,3,fc1,max_abs,0.005354611203074455,0
tclad-downweight-bounded-seed42-20261004,18,3,fc1,sparsity,0.10463471956660293,0
tclad-downweight-bounded-seed42-20261004,18,3,fc1,skewness,-0.938609377025647,0
tclad-downweight-bounded-seed42-20261004,18,3,fc1,kurtosis,31.244166234206446,0
tclad-downweight-bounded-seed42-20261004,18,3,output,mean,-1.6486200575645153e-10,0
tclad-downweight-bounded-seed42-20261004,18,3,output,std,0.001506666620148556,0
tclad-downweight-bounded-seed42-20261004,18,3,output,median,0.0,0
tclad-downweight-bounded-seed42-20261004,18,3,output,min,-0.0062986984848976135,0
tclad-downweight-bounded-seed42-20261004,18,3,output,max,0.004809050355106592,0
tclad-downweight-bounded-seed42-20261004,18,3,output,l1,0.6822026349254884,0
tclad-downweight-bounded-seed42-20261004,18,3,output,l2,0.03841261248308211,0
tclad-downweight-bounded-seed42-20261004,18,3,output,max_abs,0.0062986984848976135,0
tclad-downweight-bounded-seed42-20261004,18,3,output,sparsity,0.08615384615384615,0
tclad-downweight-bounded-seed42-20261004,18,3,output,skewness,-0.23296716400076298,0
tclad-downweight-bounded-seed42-20261004,18,3,output,kurtosis,1.528273378940515,0
tclad-downweight-bounded-seed42-20261004,18,4,conv1,mean,0.0010107519337907434,0
tclad-downweight-bounded-seed42-20261004,18,4,conv1,std,0.0016466697414028381,0
tclad-downweight-bounded-seed42-20261004,18,4,conv1,median,0.0001764930784702301,0
tclad-downweight-bounded-seed42-20261004,18,4,conv1,min,-0.000714719295501709,0
tclad-downweight-bounded-seed42-20261004,18,4,conv1,max,0.006443530321121216,0
tclad-downweight-bounded-seed42-20261004,18,4,conv1,l1,0.1777462288737297,0
tclad-downweight-bounded-seed42-20261004,18,4,conv1,l2,0.024439773186880166,0
tclad-downweight-bounded-seed42-20261004,18,4,conv1,max_abs,0.006443530321121216,0
tclad-downweight-bounded-seed42-20261004,18,4,conv1,sparsity,0.0,0
tclad-downweight-bounded-seed42-20261004,18,4,conv1,skewness,1.5670464326366247,0
tclad-downweight-bounded-seed42-20261004,18,4,conv1,kurtosis,1.4078280585827425,0
tclad-downweight-bounded-seed42-20261004,18,4,conv2,mean,6.194455837932513e-05,0
tclad-downweight-bounded-seed42-20261004,18,4,conv2,std,0.00043347446605007515,0
tclad-downweight-bounded-seed42-20261004,18,4,conv2,median,1.1045485734939575e-06,0
tclad-downweight-bounded-seed42-20261004,18,4,conv2,min,-0.002482995390892029,0
tclad-downweight-bounded-seed42-20261004,18,4,conv2,max,0.004682108759880066,0
tclad-downweight-bounded-seed42-20261004,18,4,conv2,l1,0.9883068252165685,0
tclad-downweight-bounded-seed42-20261004,18,4,conv2,l2,0.029827182206506906,0
tclad-downweight-bounded-seed42-20261004,18,4,conv2,max_abs,0.004682108759880066,0
tclad-downweight-bounded-seed42-20261004,18,4,conv2,sparsity,0.0,0
tclad-downweight-bounded-seed42-20261004,18,4,conv2,skewness,2.8505446718915572,0
tclad-downweight-bounded-seed42-20261004,18,4,conv2,kurtosis,20.640201792315636,0
tclad-downweight-bounded-seed42-20261004,18,4,fc1,mean,2.4626555181543548e-06,0
tclad-downweight-bounded-seed42-20261004,18,4,fc1,std,0.00029769743030910885,0
tclad-downweight-bounded-seed42-20261004,18,4,fc1,median,0.0,0
tclad-downweight-bounded-seed42-20261004,18,4,fc1,min,-0.005235813558101654,0
tclad-downweight-bounded-seed42-20261004,18,4,fc1,max,0.005340958014130592,0
tclad-downweight-bounded-seed42-20261004,18,4,fc1,l1,13.611882960975208,0
tclad-downweight-bounded-seed42-20261004,18,4,fc1,l2,0.09433902943932419,0
tclad-downweight-bounded-seed42-20261004,18,4,fc1,max_abs,0.005340958014130592,0
tclad-downweight-bounded-seed42-20261004,18,4,fc1,sparsity,0.10300151370299554,0
tclad-downweight-bounded-seed42-20261004,18,4,fc1,skewness,0.04258536667363378,0
tclad-downweight-bounded-seed42-20261004,18,4,fc1,kurtosis,32.11106172075598,0
tclad-downweight-bounded-seed42-20261004,18,4,output,mean,2.6784479044950924e-10,0
tclad-downweight-bounded-seed42-20261004,18,4,output,std,0.001803218883359865,0
tclad-downweight-bounded-seed42-20261004,18,4,output,median,0.0,0
tclad-downweight-bounded-seed42-20261004,18,4,output,min,-0.005741909146308899,0
tclad-downweight-bounded-seed42-20261004,18,4,output,max,0.005472968798130751,0
tclad-downweight-bounded-seed42-20261004,18,4,output,l1,0.8539914608118124,0
tclad-downweight-bounded-seed42-20261004,18,4,output,l2,0.045973241367655224,0
tclad-downweight-bounded-seed42-20261004,18,4,output,max_abs,0.005741909146308899,0
tclad-downweight-bounded-seed42-20261004,18,4,output,sparsity,0.08461538461538462,0
tclad-downweight-bounded-seed42-20261004,18,4,output,skewness,0.04439475462489563,0
tclad-downweight-bounded-seed42-20261004,18,4,output,kurtosis,0.515118400382633,0
tclad-downweight-bounded-seed42-20261004,19,0,conv1,mean,0.0008502954828145448,1
tclad-downweight-bounded-seed42-20261004,19,0,conv1,std,0.00139405471295053,1
tclad-downweight-bounded-seed42-20261004,19,0,conv1,median,0.00016211718320846558,1
tclad-downweight-bounded-seed42-20261004,19,0,conv1,min,-0.0005050152540206909,1
tclad-downweight-bounded-seed42-20261004,19,0,conv1,max,0.005443751811981201,1
tclad-downweight-bounded-seed42-20261004,19,0,conv1,l1,0.1522700017085299,1
tclad-downweight-bounded-seed42-20261004,19,0,conv1,l2,0.02065484330918791,1
tclad-downweight-bounded-seed42-20261004,19,0,conv1,max_abs,0.005443751811981201,1
tclad-downweight-bounded-seed42-20261004,19,0,conv1,sparsity,0.0,1
tclad-downweight-bounded-seed42-20261004,19,0,conv1,skewness,1.5567236222436458,1
tclad-downweight-bounded-seed42-20261004,19,0,conv1,kurtosis,1.4206592890927325,1
tclad-downweight-bounded-seed42-20261004,19,0,conv2,mean,6.000463296976673e-05,1
tclad-downweight-bounded-seed42-20261004,19,0,conv2,std,0.00036082303046849223,1
tclad-downweight-bounded-seed42-20261004,19,0,conv2,median,6.707385182380676e-06,1
tclad-downweight-bounded-seed42-20261004,19,0,conv2,min,-0.002418428659439087,1
tclad-downweight-bounded-seed42-20261004,19,0,conv2,max,0.002985745668411255,1
tclad-downweight-bounded-seed42-20261004,19,0,conv2,l1,0.8431156454971642,1
tclad-downweight-bounded-seed42-20261004,19,0,conv2,l2,0.024915924686143308,1
tclad-downweight-bounded-seed42-20261004,19,0,conv2,max_abs,0.002985745668411255,1
tclad-downweight-bounded-seed42-20261004,19,0,conv2,sparsity,0.0,1
tclad-downweight-bounded-seed42-20261004,19,0,conv2,skewness,1.8813697558491989,1
tclad-downweight-bounded-seed42-20261004,19,0,conv2,kurtosis,14.859983616709997,1
tclad-downweight-bounded-seed42-20261004,19,0,fc1,mean,-0.00012113948495251775,1
tclad-downweight-bounded-seed42-20261004,19,0,fc1,std,0.0008548870820182351,1
tclad-downweight-bounded-seed42-20261004,19,0,fc1,median,-5.194917321205139e-06,1
tclad-downweight-bounded-seed42-20261004,19,0,fc1,min,-0.01785276085138321,1
tclad-downweight-bounded-seed42-20261004,19,0,fc1,max,0.013921506702899933,1
tclad-downweight-bounded-seed42-20261004,19,0,fc1,l1,34.724794833827445,1
tclad-downweight-bounded-seed42-20261004,19,0,fc1,l2,0.27360701849169167,1
tclad-downweight-bounded-seed42-20261004,19,0,fc1,max_abs,0.01785276085138321,1
tclad-downweight-bounded-seed42-20261004,19,0,fc1,sparsity,0.09018483110261313,1
tclad-downweight-bounded-seed42-20261004,19,0,fc1,skewness,-1.7580112520225133,1
tclad-downweight-bounded-seed42-20261004,19,0,fc1,kurtosis,46.60256300452678,1
tclad-downweight-bounded-seed42-20261004,19,0,output,mean,1.4265354436177473e-10,1
tclad-downweight-bounded-seed42-20261004,19,0,output,std,0.0051255356563108135,1
tclad-downweight-bounded-seed42-20261004,19,0,output,median,-0.00014594011008739471,1
tclad-downweight-bounded-seed42-20261004,19,0,output,min,-0.011191219091415405,1
tclad-downweight-bounded-seed42-20261004,19,0,output,max,0.04157799482345581,1
tclad-downweight-bounded-seed42-20261004,19,0,output,l1,1.6586518420954235,1
tclad-downweight-bounded-seed42-20261004,19,0,output,l2,0.13067603164572225,1
tclad-downweight-bounded-seed42-20261004,19,0,output,max_abs,0.04157799482345581,1
tclad-downweight-bounded-seed42-20261004,19,0,output,sparsity,0.06769230769230769,1
tclad-downweight-bounded-seed42-20261004,19,0,output,skewness,3.3933276566843125,1
tclad-downweight-bounded-seed42-20261004,19,0,output,kurtosis,16.55007564208695,1
tclad-downweight-bounded-seed42-20261004,19,1,conv1,mean,0.0008735221963434014,0
tclad-downweight-bounded-seed42-20261004,19,1,conv1,std,0.0014324777319682316,0
tclad-downweight-bounded-seed42-20261004,19,1,conv1,median,0.000185355544090271,0
tclad-downweight-bounded-seed42-20261004,19,1,conv1,min,-0.0005802512168884277,0
tclad-downweight-bounded-seed42-20261004,19,1,conv1,max,0.005708962678909302,0
tclad-downweight-bounded-seed42-20261004,19,1,conv1,l1,0.15748490986879915,0
tclad-downweight-bounded-seed42-20261004,19,1,conv1,l2,0.021222755636681863,0
tclad-downweight-bounded-seed42-20261004,19,1,conv1,max_abs,0.005708962678909302,0
tclad-downweight-bounded-seed42-20261004,19,1,conv1,sparsity,0.0,0
tclad-downweight-bounded-seed42-20261004,19,1,conv1,skewness,1.5506158184377272,0
tclad-downweight-bounded-seed42-20261004,19,1,conv1,kurtosis,1.4389305433801045,0
tclad-downweight-bounded-seed42-20261004,19,1,conv2,mean,7.853028154511713e-05,0
tclad-downweight-bounded-seed42-20261004,19,1,conv2,std,0.00037294215719584973,0
tclad-downweight-bounded-seed42-20261004,19,1,conv2,median,1.4254823327064514e-05,0
tclad-downweight-bounded-seed42-20261004,19,1,conv2,min,-0.002101428806781769,0
tclad-downweight-bounded-seed42-20261004,19,1,conv2,max,0.0029425323009490967,0
tclad-downweight-bounded-seed42-20261004,19,1,conv2,l1,0.8931613427048433,0
tclad-downweight-bounded-seed42-20261004,19,1,conv2,l2,0.025960994970979142,0
tclad-downweight-bounded-seed42-20261004,19,1,conv2,max_abs,0.0029425323009490967,0
tclad-downweight-bounded-seed42-20261004,19,1,conv2,sparsity,0.0,0
tclad-downweight-bounded-seed42-20261004,19,1,conv2,skewness,2.0761972238371036,0
tclad-downweight-bounded-seed42-20261004,19,1,conv2,kurtosis,13.200114496748725,0
tclad-downweight-bounded-seed42-20261004,19,1,fc1,mean,5.469452712736497e-06,0
tclad-downweight-bounded-seed42-20261004,19,1,fc1,std,0.0002516170646511417,0
tclad-downweight-bounded-seed42-20261004,19,1,fc1,median,0.0,0
tclad-downweight-bounded-seed42-20261004,19,1,fc1,min,-0.0035055838525295258,0
tclad-downweight-bounded-seed42-20261004,19,1,fc1,max,0.003401242196559906,0
tclad-downweight-bounded-seed42-20261004,19,1,fc1,l1,12.119162405658471,0
tclad-downweight-bounded-seed42-20261004,19,1,fc1,l2,0.07975246764528485,0
tclad-downweight-bounded-seed42-20261004,19,1,fc1,max_abs,0.0035055838525295258,0
tclad-downweight-bounded-seed42-20261004,19,1,fc1,sparsity,0.09447697578075206,0
tclad-downweight-bounded-seed42-20261004,19,1,fc1,skewness,0.061749503164341926,0
tclad-downweight-bounded-seed42-20261004,19,1,fc1,kurtosis,21.473263829248104,0
tclad-downweight-bounded-seed42-20261004,19,1,output,mean,-1.9168230490042613e-10,0
tclad-downweight-bounded-seed42-20261004,19,1,output,std,0.0015629367114663594,0
tclad-downweight-bounded-seed42-20261004,19,1,output,median,-5.587935447692871e-09,0
tclad-downweight-bounded-seed42-20261004,19,1,output,min,-0.004717819392681122,0
tclad-downweight-bounded-seed42-20261004,19,1,output,max,0.005735315382480621,0
tclad-downweight-bounded-seed42-20261004,19,1,output,l1,0.701185309124412,0
tclad-downweight-bounded-seed42-20261004,19,1,output,l2,0.03984722395138781,0
tclad-downweight-bounded-seed42-20261004,19,1,output,max_abs,0.005735315382480621,0
tclad-downweight-bounded-seed42-20261004,19,1,output,sparsity,0.08307692307692308,0
tclad-downweight-bounded-seed42-20261004,19,1,output,skewness,0.21783949638497668,0
tclad-downweight-bounded-seed42-20261004,19,1,output,kurtosis,1.3527579585412868,0
tclad-downweight-bounded-seed42-20261004,19,2,conv1,mean,0.0007632180502696428,0
tclad-downweight-bounded-seed42-20261004,19,2,conv1,std,0.0013244505044687045,0
tclad-downweight-bounded-seed42-20261004,19,2,conv1,median,0.00015190616250038147,0
tclad-downweight-bounded-seed42-20261004,19,2,conv1,min,-0.0005493536591529846,0
tclad-downweight-bounded-seed42-20261004,19,2,conv1,max,0.005025267601013184,0
tclad-downweight-bounded-seed42-20261004,19,2,conv1,l1,0.14324261189904064,0
tclad-downweight-bounded-seed42-20261004,19,2,conv1,l2,0.019335649690847424,0
tclad-downweight-bounded-seed42-20261004,19,2,conv1,max_abs,0.005025267601013184,0
tclad-downweight-bounded-seed42-20261004,19,2,conv1,sparsity,0.0,0
tclad-downweight-bounded-seed42-20261004,19,2,conv1,skewness,1.5910232090980454,0
tclad-downweight-bounded-seed42-20261004,19,2,conv1,kurtosis,1.617355757530457,0
tclad-downweight-bounded-seed42-20261004,19,2,conv2,mean,4.510868756005164e-05,0
tclad-downweight-bounded-seed42-20261004,19,2,conv2,std,0.00037504197421285796,0
tclad-downweight-bounded-seed42-20261004,19,2,conv2,median,5.276873707771301e-06,0
tclad-downweight-bounded-seed42-20261004,19,2,conv2,min,-0.002616994082927704,0
tclad-downweight-bounded-seed42-20261004,19,2,conv2,max,0.0034159421920776367,0
tclad-downweight-bounded-seed42-20261004,19,2,conv2,l1,0.8972738940346972,0
tclad-downweight-bounded-seed42-20261004,19,2,conv2,l2,0.02573106140781972,0
tclad-downweight-bounded-seed42-20261004,19,2,conv2,max_abs,0.0034159421920776367,0
tclad-downweight-bounded-seed42-20261004,19,2,conv2,sparsity,0.0,0
tclad-downweight-bounded-seed42-20261004,19,2,conv2,skewness,1.225387319054834,0
tclad-downweight-bounded-seed42-20261004,19,2,conv2,kurtosis,14.786332608278208,0
tclad-downweight-bounded-seed42-20261004,19,2,fc1,mean,2.791408291962386e-06,0
tclad-downweight-bounded-seed42-20261004,19,2,fc1,std,0.00030967765562439143,0
tclad-downweight-bounded-seed42-20261004,19,2,fc1,median,0.0,0
tclad-downweight-bounded-seed42-20261004,19,2,fc1,min,-0.006699215620756149,0
tclad-downweight-bounded-seed42-20261004,19,2,fc1,max,0.005459167063236237,0
tclad-downweight-bounded-seed42-20261004,19,2,fc1,l1,14.248656965930195,0
tclad-downweight-bounded-seed42-20261004,19,2,fc1,l2,0.09813614003488277,0
tclad-downweight-bounded-seed42-20261004,19,2,fc1,max_abs,0.006699215620756149,0
tclad-downweight-bounded-seed42-20261004,19,2,fc1,sparsity,0.10371853091140854,0
tclad-downweight-bounded-seed42-20261004,19,2,fc1,skewness,-0.32419850645396037,0
tclad-downweight-bounded-seed42-20261004,19,2,fc1,kurtosis,28.40987149438952,0
tclad-downweight-bounded-seed42-20261004,19,2,output,mean,4.5787041577009055e-10,0
tclad-downweight-bounded-seed42-20261004,19,2,output,std,0.0017307619288989132,0
tclad-downweight-bounded-seed42-20261004,19,2,output,median,-7.450580596923828e-09,0
tclad-downweight-bounded-seed42-20261004,19,2,output,min,-0.005482770502567291,0
tclad-downweight-bounded-seed42-20261004,19,2,output,max,0.007413685321807861,0
tclad-downweight-bounded-seed42-20261004,19,2,output,l1,0.7880945867509581,0
tclad-downweight-bounded-seed42-20261004,19,2,output,l2,0.044125944244196774,0
tclad-downweight-bounded-seed42-20261004,19,2,output,max_abs,0.007413685321807861,0
tclad-downweight-bounded-seed42-20261004,19,2,output,sparsity,0.08153846153846153,0
tclad-downweight-bounded-seed42-20261004,19,2,output,skewness,0.2766836785040784,0
tclad-downweight-bounded-seed42-20261004,19,2,output,kurtosis,1.3428785442948312,0
tclad-downweight-bounded-seed42-20261004,19,3,conv1,mean,0.0008458034310024232,0
tclad-downweight-bounded-seed42-20261004,19,3,conv1,std,0.0013555224615419326,0
tclad-downweight-bounded-seed42-20261004,19,3,conv1,median,0.00016046687960624695,0
tclad-downweight-bounded-seed42-20261004,19,3,conv1,min,-0.00045574456453323364,0
tclad-downweight-bounded-seed42-20261004,19,3,conv1,max,0.005109965801239014,0
tclad-downweight-bounded-seed42-20261004,19,3,conv1,l1,0.14968071412295103,0
tclad-downweight-bounded-seed42-20261004,19,3,conv1,l2,0.020210193814568612,0
tclad-downweight-bounded-seed42-20261004,19,3,conv1,max_abs,0.005109965801239014,0
tclad-downweight-bounded-seed42-20261004,19,3,conv1,sparsity,0.0,0
tclad-downweight-bounded-seed42-20261004,19,3,conv1,skewness,1.5647826239320681,0
tclad-downweight-bounded-seed42-20261004,19,3,conv1,kurtosis,1.4960820220826996,0
tclad-downweight-bounded-seed42-20261004,19,3,conv2,mean,6.046364852558138e-05,0
tclad-downweight-bounded-seed42-20261004,19,3,conv2,std,0.00038000204956325866,0
tclad-downweight-bounded-seed42-20261004,19,3,conv2,median,6.485730409622192e-06,0
tclad-downweight-bounded-seed42-20261004,19,3,conv2,min,-0.00267038494348526,0
tclad-downweight-bounded-seed42-20261004,19,3,conv2,max,0.0031586289405822754,0
tclad-downweight-bounded-seed42-20261004,19,3,conv2,l1,0.9040596785143862,0
tclad-downweight-bounded-seed42-20261004,19,3,conv2,l2,0.026210425112138162,0
tclad-downweight-bounded-seed42-20261004,19,3,conv2,max_abs,0.0031586289405822754,0
tclad-downweight-bounded-seed42-20261004,19,3,conv2,sparsity,0.0,0
tclad-downweight-bounded-seed42-20261004,19,3,conv2,skewness,1.4816715394438262,0
tclad-downweight-bounded-seed42-20261004,19,3,conv2,kurtosis,13.12099365575084,0
tclad-downweight-bounded-seed42-20261004,19,3,fc1,mean,-1.1313878930479824e-06,0
tclad-downweight-bounded-seed42-20261004,19,3,fc1,std,0.0002488248119380023,0
tclad-downweight-bounded-seed42-20261004,19,3,fc1,median,0.0,0
tclad-downweight-bounded-seed42-20261004,19,3,fc1,min,-0.005112126469612122,0
tclad-downweight-bounded-seed42-20261004,19,3,fc1,max,0.003765648230910301,0
tclad-downweight-bounded-seed42-20261004,19,3,fc1,l1,11.57635335348914,0
tclad-downweight-bounded-seed42-20261004,19,3,fc1,l2,0.07884962508064122,0
tclad-downweight-bounded-seed42-20261004,19,3,fc1,max_abs,0.005112126469612122,0
tclad-downweight-bounded-seed42-20261004,19,3,fc1,sparsity,0.10480401529636711,0
tclad-downweight-bounded-seed42-20261004,19,3,fc1,skewness,-0.9959111065333722,0
tclad-downweight-bounded-seed42-20261004,19,3,fc1,kurtosis,30.841343442014356,0
tclad-downweight-bounded-seed42-20261004,19,3,output,mean,-8.620330705665625e-11,0
tclad-downweight-bounded-seed42-20261004,19,3,output,std,0.001444739501782723,0
tclad-downweight-bounded-seed42-20261004,19,3,output,median,0.0,0
tclad-downweight-bounded-seed42-20261004,19,3,output,min,-0.006272509694099426,0
tclad-downweight-bounded-seed42-20261004,19,3,output,max,0.0049089109525084496,0
tclad-downweight-bounded-seed42-20261004,19,3,output,l1,0.6542493429369642,0
tclad-downweight-bounded-seed42-20261004,19,3,output,l2,0.036833774558242174,0
tclad-downweight-bounded-seed42-20261004,19,3,output,max_abs,0.006272509694099426,0
tclad-downweight-bounded-seed42-20261004,19,3,output,sparsity,0.09384615384615384,0
tclad-downweight-bounded-seed42-20261004,19,3,output,skewness,-0.2415761311708867,0
tclad-downweight-bounded-seed42-20261004,19,3,output,kurtosis,1.5937008708958196,0
tclad-downweight-bounded-seed42-20261004,19,4,conv1,mean,0.0009186373303236905,0
tclad-downweight-bounded-seed42-20261004,19,4,conv1,std,0.0015067160201539874,0
tclad-downweight-bounded-seed42-20261004,19,4,conv1,median,0.0001632384955883026,0
tclad-downweight-bounded-seed42-20261004,19,4,conv1,min,-0.0006536096334457397,0
tclad-downweight-bounded-seed42-20261004,19,4,conv1,max,0.005930811166763306,0
tclad-downweight-bounded-seed42-20261004,19,4,conv1,l1,0.1625590299954638,0
tclad-downweight-bounded-seed42-20261004,19,4,conv1,l2,0.02232160463784952,0
tclad-downweight-bounded-seed42-20261004,19,4,conv1,max_abs,0.005930811166763306,0
tclad-downweight-bounded-seed42-20261004,19,4,conv1,sparsity,0.0,0
tclad-downweight-bounded-seed42-20261004,19,4,conv1,skewness,1.5815599128100362,0
tclad-downweight-bounded-seed42-20261004,19,4,conv1,kurtosis,1.4894660453378323,0
tclad-downweight-bounded-seed42-20261004,19,4,conv2,mean,5.591579839300062e-05,0
tclad-downweight-bounded-seed42-20261004,19,4,conv2,std,0.00040055959856939456,0
tclad-downweight-bounded-seed42-20261004,19,4,conv2,median,7.189810276031494e-07,0
tclad-downweight-bounded-seed42-20261004,19,4,conv2,min,-0.0023082196712493896,0
tclad-downweight-bounded-seed42-20261004,19,4,conv2,max,0.004130706191062927,0
tclad-downweight-bounded-seed42-20261004,19,4,conv2,l1,0.9193918398632377,0
tclad-downweight-bounded-seed42-20261004,19,4,conv2,l2,0.027549700504982726,0
tclad-downweight-bounded-seed42-20261004,19,4,conv2,max_abs,0.004130706191062927,0
tclad-downweight-bounded-seed42-20261004,19,4,conv2,sparsity,0.0,0
tclad-downweight-bounded-seed42-20261004,19,4,conv2,skewness,2.690233195917272,0
tclad-downweight-bounded-seed42-20261004,19,4,conv2,kurtosis,19.16603261926364,0
tclad-downweight-bounded-seed42-20261004,19,4,fc1,mean,8.61126977324675e-06,0
tclad-downweight-bounded-seed42-20261004,19,4,fc1,std,0.00028960336423406455,0
tclad-downweight-bounded-seed42-20261004,19,4,fc1,median,0.0,0
tclad-downweight-bounded-seed42-20261004,19,4,fc1,min,-0.005349036306142807,0
tclad-downweight-bounded-seed42-20261004,19,4,fc1,max,0.005343744531273842,0
tclad-downweight-bounded-seed42-20261004,19,4,fc1,l1,13.19528540302349,0
tclad-downweight-bounded-seed42-20261004,19,4,fc1,l2,0.0918114756852181,0
tclad-downweight-bounded-seed42-20261004,19,4,fc1,max_abs,0.005349036306142807,0
tclad-downweight-bounded-seed42-20261004,19,4,fc1,sparsity,0.1037284894837476,0
tclad-downweight-bounded-seed42-20261004,19,4,fc1,skewness,0.27445093325455167,0
tclad-downweight-bounded-seed42-20261004,19,4,fc1,kurtosis,33.25416656954847,0
tclad-downweight-bounded-seed42-20261004,19,4,output,mean,2.823519305540965e-10,0
tclad-downweight-bounded-seed42-20261004,19,4,output,std,0.0017359487799190765,0
tclad-downweight-bounded-seed42-20261004,19,4,output,median,0.0,0
tclad-downweight-bounded-seed42-20261004,19,4,output,min,-0.005429409444332123,0
tclad-downweight-bounded-seed42-20261004,19,4,output,max,0.005386775359511375,0
tclad-downweight-bounded-seed42-20261004,19,4,output,l1,0.8218620558618568,0
tclad-downweight-bounded-seed42-20261004,19,4,output,l2,0.04425818351702537,0
tclad-downweight-bounded-seed42-20261004,19,4,output,max_abs,0.005429409444332123,0
tclad-downweight-bounded-seed42-20261004,19,4,output,sparsity,0.08,0
tclad-downweight-bounded-seed42-20261004,19,4,output,skewness,-0.05385373787369635,0
tclad-downweight-bounded-seed42-20261004,19,4,output,kurtosis,0.5520127048702741,0
tclad-downweight-bounded-seed42-20261004,20,0,conv1,mean,0.000787102231697645,1
tclad-downweight-bounded-seed42-20261004,20,0,conv1,std,0.0012936981227799954,1
tclad-downweight-bounded-seed42-20261004,20,0,conv1,median,0.0001448318362236023,1
tclad-downweight-bounded-seed42-20261004,20,0,conv1,min,-0.00048308074474334717,1
tclad-downweight-bounded-seed42-20261004,20,0,conv1,max,0.005048215389251709,1
tclad-downweight-bounded-seed42-20261004,20,0,conv1,l1,0.14130537514574826,1
tclad-downweight-bounded-seed42-20261004,20,0,conv1,l2,0.01915488347561696,1
tclad-downweight-bounded-seed42-20261004,20,0,conv1,max_abs,0.005048215389251709,1
tclad-downweight-bounded-seed42-20261004,20,0,conv1,sparsity,0.0,1
tclad-downweight-bounded-seed42-20261004,20,0,conv1,skewness,1.5669344834737955,1
tclad-downweight-bounded-seed42-20261004,20,0,conv1,kurtosis,1.4794862993973092,1
tclad-downweight-bounded-seed42-20261004,20,0,conv2,mean,5.5383948553698846e-05,1
tclad-downweight-bounded-seed42-20261004,20,0,conv2,std,0.0003374934155754161,1
tclad-downweight-bounded-seed42-20261004,20,0,conv2,median,6.477348506450653e-06,1
tclad-downweight-bounded-seed42-20261004,20,0,conv2,min,-0.0023012086749076843,1
tclad-downweight-bounded-seed42-20261004,20,0,conv2,max,0.002856835722923279,1
tclad-downweight-bounded-seed42-20261004,20,0,conv2,l1,0.7920524739920438,1
tclad-downweight-bounded-seed42-20261004,20,0,conv2,l2,0.0232967171321991,1
tclad-downweight-bounded-seed42-20261004,20,0,conv2,max_abs,0.002856835722923279,1
tclad-downweight-bounded-seed42-20261004,20,0,conv2,sparsity,0.0,1
tclad-downweight-bounded-seed42-20261004,20,0,conv2,skewness,1.7489226823509865,1
tclad-downweight-bounded-seed42-20261004,20,0,conv2,kurtosis,14.521593974572639,1
tclad-downweight-bounded-seed42-20261004,20,0,fc1,mean,-0.0001410338597876185,1
tclad-downweight-bounded-seed42-20261004,20,0,fc1,std,0.000823893341468683,1
tclad-downweight-bounded-seed42-20261004,20,0,fc1,median,-8.431263267993927e-06,1
tclad-downweight-bounded-seed42-20261004,20,0,fc1,min,-0.017165731638669968,1
tclad-downweight-bounded-seed42-20261004,20,0,fc1,max,0.013914666138589382,1
tclad-downweight-bounded-seed42-20261004,20,0,fc1,l1,33.43655724138512,1
tclad-downweight-bounded-seed42-20261004,20,0,fc1,l2,0.2648768282428558,1
tclad-downweight-bounded-seed42-20261004,20,0,fc1,max_abs,0.017165731638669968,1
tclad-downweight-bounded-seed42-20261004,20,0,fc1,sparsity,0.09318236137667305,1
tclad-downweight-bounded-seed42-20261004,20,0,fc1,skewness,-2.102206839189046,1
tclad-downweight-bounded-seed42-20261004,20,0,fc1,kurtosis,48.191940976897754,1
tclad-downweight-bounded-seed42-20261004,20,0,output,mean,-1.4453409956051752e-10,1
tclad-downweight-bounded-seed42-20261004,20,0,output,std,0.004840417660460778,1
tclad-downweight-bounded-seed42-20261004,20,0,output,median,-0.00016234815120697021,1
tclad-downweight-bounded-seed42-20261004,20,0,output,min,-0.011179931461811066,1
tclad-downweight-bounded-seed42-20261004,20,0,output,max,0.04058339446783066,1
tclad-downweight-bounded-seed42-20261004,20,0,output,l1,1.5720189176499844,1
tclad-downweight-bounded-seed42-20261004,20,0,output,l2,0.12340692052314325,1
tclad-downweight-bounded-seed42-20261004,20,0,output,max_abs,0.04058339446783066,1
tclad-downweight-bounded-seed42-20261004,20,0,output,sparsity,0.06769230769230769,1
tclad-downweight-bounded-seed42-20261004,20,0,output,skewness,3.4387494645527594,1
tclad-downweight-bounded-seed42-20261004,20,0,output,kurtosis,17.43562109908563,1
tclad-downweight-bounded-seed42-20261004,20,1,conv1,mean,0.0008047833187447395,0
tclad-downweight-bounded-seed42-20261004,20,1,conv1,std,0.001324096512405268,0
tclad-downweight-bounded-seed42-20261004,20,1,conv1,median,0.00018968433141708374,0
tclad-downweight-bounded-seed42-20261004,20,1,conv1,min,-0.0005541890859603882,0
tclad-downweight-bounded-seed42-20261004,20,1,conv1,max,0.005298972129821777,0
tclad-downweight-bounded-seed42-20261004,20,1,conv1,l1,0.14559806475881487,0
tclad-downweight-bounded-seed42-20261004,20,1,conv1,l2,0.019599623524113277,0
tclad-downweight-bounded-seed42-20261004,20,1,conv1,max_abs,0.005298972129821777,0
tclad-downweight-bounded-seed42-20261004,20,1,conv1,sparsity,0.0,0
tclad-downweight-bounded-seed42-20261004,20,1,conv1,skewness,1.5642454169842765,0
tclad-downweight-bounded-seed42-20261004,20,1,conv1,kurtosis,1.5141607063811762,0
tclad-downweight-bounded-seed42-20261004,20,1,conv2,mean,7.511661314044337e-05,0
tclad-downweight-bounded-seed42-20261004,20,1,conv2,std,0.00034867479554377885,0
tclad-downweight-bounded-seed42-20261004,20,1,conv2,median,1.4448538422584534e-05,0
tclad-downweight-bounded-seed42-20261004,20,1,conv2,min,-0.0019236579537391663,0
tclad-downweight-bounded-seed42-20261004,20,1,conv2,max,0.0028701573610305786,0
tclad-downweight-bounded-seed42-20261004,20,1,conv2,l1,0.8365091780833609,0
tclad-downweight-bounded-seed42-20261004,20,1,conv2,l2,0.024295783798506023,0
tclad-downweight-bounded-seed42-20261004,20,1,conv2,max_abs,0.0028701573610305786,0
tclad-downweight-bounded-seed42-20261004,20,1,conv2,sparsity,0.0,0
tclad-downweight-bounded-seed42-20261004,20,1,conv2,skewness,2.0297998733178,0
tclad-downweight-bounded-seed42-20261004,20,1,conv2,kurtosis,13.205170474060864,0
tclad-downweight-bounded-seed42-20261004,20,1,fc1,mean,8.326815666653162e-06,0
tclad-downweight-bounded-seed42-20261004,20,1,fc1,std,0.0002486027582618101,0
tclad-downweight-bounded-seed42-20261004,20,1,fc1,median,0.0,0
tclad-downweight-bounded-seed42-20261004,20,1,fc1,min,-0.003531515598297119,0
tclad-downweight-bounded-seed42-20261004,20,1,fc1,max,0.0037275380454957485,0
tclad-downweight-bounded-seed42-20261004,20,1,fc1,l1,11.93376947552565,0
tclad-downweight-bounded-seed42-20261004,20,1,fc1,l2,0.07882262211471301,0
tclad-downweight-bounded-seed42-20261004,20,1,fc1,max_abs,0.0037275380454957485,0
tclad-downweight-bounded-seed42-20261004,20,1,fc1,sparsity,0.09407863288718929,0
tclad-downweight-bounded-seed42-20261004,20,1,fc1,skewness,0.3171956852131507,0
tclad-downweight-bounded-seed42-20261004,20,1,fc1,kurtosis,22.16260460476776,0
tclad-downweight-bounded-seed42-20261004,20,1,output,mean,-3.4682810879670655e-10,0
tclad-downweight-bounded-seed42-20261004,20,1,output,std,0.00150509622546365,0
tclad-downweight-bounded-seed42-20261004,20,1,output,median,-7.450580596923828e-09,0
tclad-downweight-bounded-seed42-20261004,20,1,output,min,-0.004885584115982056,0
tclad-downweight-bounded-seed42-20261004,20,1,output,max,0.005566537380218506,0
tclad-downweight-bounded-seed42-20261004,20,1,output,l1,0.6754077957593836,0
tclad-downweight-bounded-seed42-20261004,20,1,output,l2,0.038372575117371,0
tclad-downweight-bounded-seed42-20261004,20,1,output,max_abs,0.005566537380218506,0
tclad-downweight-bounded-seed42-20261004,20,1,output,sparsity,0.08,0
tclad-downweight-bounded-seed42-20261004,20,1,output,skewness,0.16040746955700358,0
tclad-downweight-bounded-seed42-20261004,20,1,output,kurtosis,1.387285357051348,0
tclad-downweight-bounded-seed42-20261004,20,2,conv1,mean,0.0007003387574513909,0
tclad-downweight-bounded-seed42-20261004,20,2,conv1,std,0.0012275121857876826,0
tclad-downweight-bounded-seed42-20261004,20,2,conv1,median,0.00012693554162979126,0
tclad-downweight-bounded-seed42-20261004,20,2,conv1,min,-0.0005479604005813599,0
tclad-downweight-bounded-seed42-20261004,20,2,conv1,max,0.004636108875274658,0
tclad-downweight-bounded-seed42-20261004,20,2,conv1,l1,0.13221103663090616,0
tclad-downweight-bounded-seed42-20261004,20,2,conv1,l2,0.017876288390807807,0
tclad-downweight-bounded-seed42-20261004,20,2,conv1,max_abs,0.004636108875274658,0
tclad-downweight-bounded-seed42-20261004,20,2,conv1,sparsity,0.0,0
tclad-downweight-bounded-seed42-20261004,20,2,conv1,skewness,1.6137921040548613,0
tclad-downweight-bounded-seed42-20261004,20,2,conv1,kurtosis,1.739582373520265,0
tclad-downweight-bounded-seed42-20261004,20,2,conv2,mean,3.8376931777371474e-05,0
tclad-downweight-bounded-seed42-20261004,20,2,conv2,std,0.00035289007552244454,0
tclad-downweight-bounded-seed42-20261004,20,2,conv2,median,4.0084123611450195e-06,0
tclad-downweight-bounded-seed42-20261004,20,2,conv2,min,-0.0025698095560073853,0
tclad-downweight-bounded-seed42-20261004,20,2,conv2,max,0.0032250136137008667,0
tclad-downweight-bounded-seed42-20261004,20,2,conv2,l1,0.8469252695285832,0
tclad-downweight-bounded-seed42-20261004,20,2,conv2,l2,0.024179732453611862,0
tclad-downweight-bounded-seed42-20261004,20,2,conv2,max_abs,0.0032250136137008667,0
tclad-downweight-bounded-seed42-20261004,20,2,conv2,sparsity,0.0,0
tclad-downweight-bounded-seed42-20261004,20,2,conv2,skewness,1.0095554318032882,0
tclad-downweight-bounded-seed42-20261004,20,2,conv2,kurtosis,14.696136751748341,0
tclad-downweight-bounded-seed42-20261004,20,2,fc1,mean,3.3768545656201108e-06,0
tclad-downweight-bounded-seed42-20261004,20,2,fc1,std,0.00029952993061701627,0
tclad-downweight-bounded-seed42-20261004,20,2,fc1,median,0.0,0
tclad-downweight-bounded-seed42-20261004,20,2,fc1,min,-0.006312038749456406,0
tclad-downweight-bounded-seed42-20261004,20,2,fc1,max,0.004963353276252747,0
tclad-downweight-bounded-seed42-20261004,20,2,fc1,l1,13.75237314273329,0
tclad-downweight-bounded-seed42-20261004,20,2,fc1,l2,0.09492252501135746,0
tclad-downweight-bounded-seed42-20261004,20,2,fc1,max_abs,0.006312038749456406,0
tclad-downweight-bounded-seed42-20261004,20,2,fc1,sparsity,0.10395753664754621,0
tclad-downweight-bounded-seed42-20261004,20,2,fc1,skewness,-0.3252697284157009,0
tclad-downweight-bounded-seed42-20261004,20,2,fc1,kurtosis,28.28013575463851,0
tclad-downweight-bounded-seed42-20261004,20,2,output,mean,-2.810534519644884e-10,0
tclad-downweight-bounded-seed42-20261004,20,2,output,std,0.0016406498573187669,0
tclad-downweight-bounded-seed42-20261004,20,2,output,median,-7.450580596923828e-09,0
tclad-downweight-bounded-seed42-20261004,20,2,output,min,-0.005649089813232422,0
tclad-downweight-bounded-seed42-20261004,20,2,output,max,0.007187023758888245,0
tclad-downweight-bounded-seed42-20261004,20,2,output,l1,0.7438047283503693,0
tclad-downweight-bounded-seed42-20261004,20,2,output,l2,0.04182852818720866,0
tclad-downweight-bounded-seed42-20261004,20,2,output,max_abs,0.007187023758888245,0
tclad-downweight-bounded-seed42-20261004,20,2,output,sparsity,0.08461538461538462,0
tclad-downweight-bounded-seed42-20261004,20,2,output,skewness,0.23187403175936175,0
tclad-downweight-bounded-seed42-20261004,20,2,output,kurtosis,1.4131027651998194,0
tclad-downweight-bounded-seed42-20261004,20,3,conv1,mean,0.0007881550016463734,0
tclad-downweight-bounded-seed42-20261004,20,3,conv1,std,0.0012657663981016677,0
tclad-downweight-bounded-seed42-20261004,20,3,conv1,median,0.0001478344202041626,0
tclad-downweight-bounded-seed42-20261004,20,3,conv1,min,-0.00042351335287094116,0
tclad-downweight-bounded-seed42-20261004,20,3,conv1,max,0.004754960536956787,0
tclad-downweight-bounded-seed42-20261004,20,3,conv1,l1,0.13994706491939723,0
tclad-downweight-bounded-seed42-20261004,20,3,conv1,l2,0.018860977201337007,0
tclad-downweight-bounded-seed42-20261004,20,3,conv1,max_abs,0.004754960536956787,0
tclad-downweight-bounded-seed42-20261004,20,3,conv1,sparsity,0.0,0
tclad-downweight-bounded-seed42-20261004,20,3,conv1,skewness,1.5720879225260442,0
tclad-downweight-bounded-seed42-20261004,20,3,conv1,kurtosis,1.5511557904491777,0
tclad-downweight-bounded-seed42-20261004,20,3,conv2,mean,5.6256071642063285e-05,0
tclad-downweight-bounded-seed42-20261004,20,3,conv2,std,0.00035826379416908336,0
tclad-downweight-bounded-seed42-20261004,20,3,conv2,median,6.203539669513702e-06,0
tclad-downweight-bounded-seed42-20261004,20,3,conv2,min,-0.0025196149945259094,0
tclad-downweight-bounded-seed42-20261004,20,3,conv2,max,0.002861395478248596,0
tclad-downweight-bounded-seed42-20261004,20,3,conv2,l1,0.8548322661517886,0
tclad-downweight-bounded-seed42-20261004,20,3,conv2,l2,0.024703078552963244,0
tclad-downweight-bounded-seed42-20261004,20,3,conv2,max_abs,0.002861395478248596,0
tclad-downweight-bounded-seed42-20261004,20,3,conv2,sparsity,0.0,0
tclad-downweight-bounded-seed42-20261004,20,3,conv2,skewness,1.3422836187141571,0
tclad-downweight-bounded-seed42-20261004,20,3,conv2,kurtosis,12.98963031112526,0
tclad-downweight-bounded-seed42-20261004,20,3,fc1,mean,-1.838664028319783e-06,0
tclad-downweight-bounded-seed42-20261004,20,3,fc1,std,0.00023398745559475624,0
tclad-downweight-bounded-seed42-20261004,20,3,fc1,median,0.0,0
tclad-downweight-bounded-seed42-20261004,20,3,fc1,min,-0.004761969670653343,0
tclad-downweight-bounded-seed42-20261004,20,3,fc1,max,0.0034074392169713974,0
tclad-downweight-bounded-seed42-20261004,20,3,fc1,l1,10.940081612945733,0
tclad-downweight-bounded-seed42-20261004,20,3,fc1,l2,0.07414936591972401,0
tclad-downweight-bounded-seed42-20261004,20,3,fc1,max_abs,0.004761969670653343,0
tclad-downweight-bounded-seed42-20261004,20,3,fc1,sparsity,0.11512109623964309,0
tclad-downweight-bounded-seed42-20261004,20,3,fc1,skewness,-0.8559468074262613,0
tclad-downweight-bounded-seed42-20261004,20,3,fc1,kurtosis,29.723193453123272,0
tclad-downweight-bounded-seed42-20261004,20,3,output,mean,-3.260076762391971e-10,0
tclad-downweight-bounded-seed42-20261004,20,3,output,std,0.0013580113424424966,0
tclad-downweight-bounded-seed42-20261004,20,3,output,median,0.0,0
tclad-downweight-bounded-seed42-20261004,20,3,output,min,-0.005580410361289978,0
tclad-downweight-bounded-seed42-20261004,20,3,output,max,0.004998614080250263,0
tclad-downweight-bounded-seed42-20261004,20,3,output,l1,0.6168897133029532,0
tclad-downweight-bounded-seed42-20261004,20,3,output,l2,0.034622631673974114,0
tclad-downweight-bounded-seed42-20261004,20,3,output,max_abs,0.005580410361289978,0
tclad-downweight-bounded-seed42-20261004,20,3,output,sparsity,0.10153846153846154,0
tclad-downweight-bounded-seed42-20261004,20,3,output,skewness,-0.19069519832070905,0
tclad-downweight-bounded-seed42-20261004,20,3,output,kurtosis,1.6341931725659338,0
tclad-downweight-bounded-seed42-20261004,20,4,conv1,mean,0.0008551371873181779,0
tclad-downweight-bounded-seed42-20261004,20,4,conv1,std,0.0014033930311521871,0
tclad-downweight-bounded-seed42-20261004,20,4,conv1,median,0.00015701353549957275,0
tclad-downweight-bounded-seed42-20261004,20,4,conv1,min,-0.0006180703639984131,0
tclad-downweight-bounded-seed42-20261004,20,4,conv1,max,0.005514569580554962,0
tclad-downweight-bounded-seed42-20261004,20,4,conv1,l1,0.151504589128308,0
tclad-downweight-bounded-seed42-20261004,20,4,conv1,l2,0.020787579403176187,0
tclad-downweight-bounded-seed42-20261004,20,4,conv1,max_abs,0.005514569580554962,0
tclad-downweight-bounded-seed42-20261004,20,4,conv1,sparsity,0.0,0
tclad-downweight-bounded-seed42-20261004,20,4,conv1,skewness,1.588965146585547,0
tclad-downweight-bounded-seed42-20261004,20,4,conv1,kurtosis,1.5322130075013316,0
tclad-downweight-bounded-seed42-20261004,20,4,conv2,mean,5.1786155852917955e-05,0
tclad-downweight-bounded-seed42-20261004,20,4,conv2,std,0.0003771126257981798,0
tclad-downweight-bounded-seed42-20261004,20,4,conv2,median,1.3344688341021538e-06,0
tclad-downweight-bounded-seed42-20261004,20,4,conv2,min,-0.00219176709651947,0
tclad-downweight-bounded-seed42-20261004,20,4,conv2,max,0.003799930214881897,0
tclad-downweight-bounded-seed42-20261004,20,4,conv2,l1,0.8720451912995486,0
tclad-downweight-bounded-seed42-20261004,20,4,conv2,l2,0.025929061427697533,0
tclad-downweight-bounded-seed42-20261004,20,4,conv2,max_abs,0.003799930214881897,0
tclad-downweight-bounded-seed42-20261004,20,4,conv2,sparsity,0.0,0
tclad-downweight-bounded-seed42-20261004,20,4,conv2,skewness,2.5860016830386914,0
tclad-downweight-bounded-seed42-20261004,20,4,conv2,kurtosis,18.469374463161206,0
tclad-downweight-bounded-seed42-20261004,20,4,fc1,mean,6.7097519112367705e-06,0
tclad-downweight-bounded-seed42-20261004,20,4,fc1,std,0.00028249448022517223,0
tclad-downweight-bounded-seed42-20261004,20,4,fc1,median,0.0,0
tclad-downweight-bounded-seed42-20261004,20,4,fc1,min,-0.005355361849069595,0
tclad-downweight-bounded-seed42-20261004,20,4,fc1,max,0.005259191617369652,0
tclad-downweight-bounded-seed42-20261004,20,4,fc1,l1,12.873708986911879,0
tclad-downweight-bounded-seed42-20261004,20,4,fc1,l2,0.08954346455283863,0
tclad-downweight-bounded-seed42-20261004,20,4,fc1,max_abs,0.005355361849069595,0
tclad-downweight-bounded-seed42-20261004,20,4,fc1,sparsity,0.10293180369662205,0
tclad-downweight-bounded-seed42-20261004,20,4,fc1,skewness,0.39371058051147023,0
tclad-downweight-bounded-seed42-20261004,20,4,fc1,kurtosis,33.38594020584767,0
tclad-downweight-bounded-seed42-20261004,20,4,output,mean,2.5297944935468528e-11,0
tclad-downweight-bounded-seed42-20261004,20,4,output,std,0.001633881836256828,0
tclad-downweight-bounded-seed42-20261004,20,4,output,median,0.0,0
tclad-downweight-bounded-seed42-20261004,20,4,output,min,-0.005501851439476013,0
tclad-downweight-bounded-seed42-20261004,20,4,output,max,0.005335009656846523,0
tclad-downweight-bounded-seed42-20261004,20,4,output,l1,0.7720711981819477,0
tclad-downweight-bounded-seed42-20261004,20,4,output,l2,0.04165597682989189,0
tclad-downweight-bounded-seed42-20261004,20,4,output,max_abs,0.005501851439476013,0
tclad-downweight-bounded-seed42-20261004,20,4,output,sparsity,0.08153846153846153,0
tclad-downweight-bounded-seed42-20261004,20,4,output,skewness,-0.08873119917304458,0
tclad-downweight-bounded-seed42-20261004,20,4,output,kurtosis,0.6488162743050121,0
