experiment_id,round,client_id,layer_name,feature_name,feature_value,ground_truth
lsa-coordinate-median-late20-seed42-20261004,1,0,conv1,mean,4.151941757299937e-05,0
lsa-coordinate-median-late20-seed42-20261004,1,0,conv1,std,0.00027914022261447166,0
lsa-coordinate-median-late20-seed42-20261004,1,0,conv1,median,4.201754927635193e-05,0
lsa-coordinate-median-late20-seed42-20261004,1,0,conv1,min,-0.0008986219763755798,0
lsa-coordinate-median-late20-seed42-20261004,1,0,conv1,max,0.0006838142871856689,0
lsa-coordinate-median-late20-seed42-20261004,1,0,conv1,l1,0.0360428603598848,0
lsa-coordinate-median-late20-seed42-20261004,1,0,conv1,l2,0.003569719897512585,0
lsa-coordinate-median-late20-seed42-20261004,1,0,conv1,max_abs,0.0008986219763755798,0
lsa-coordinate-median-late20-seed42-20261004,1,0,conv1,sparsity,0.0,0
lsa-coordinate-median-late20-seed42-20261004,1,0,conv1,skewness,-0.23052493097823007,0
lsa-coordinate-median-late20-seed42-20261004,1,0,conv1,kurtosis,0.02722703391171155,0
lsa-coordinate-median-late20-seed42-20261004,1,0,conv2,mean,-1.3647540874350445e-05,0
lsa-coordinate-median-late20-seed42-20261004,1,0,conv2,std,0.0002643862209839288,0
lsa-coordinate-median-late20-seed42-20261004,1,0,conv2,median,-3.3295946195721626e-06,0
lsa-coordinate-median-late20-seed42-20261004,1,0,conv2,min,-0.0018937662243843079,0
lsa-coordinate-median-late20-seed42-20261004,1,0,conv2,max,0.001486453227698803,0
lsa-coordinate-median-late20-seed42-20261004,1,0,conv2,l1,0.7745902568822203,0
lsa-coordinate-median-late20-seed42-20261004,1,0,conv2,l2,0.018033318262923512,0
lsa-coordinate-median-late20-seed42-20261004,1,0,conv2,max_abs,0.0018937662243843079,0
lsa-coordinate-median-late20-seed42-20261004,1,0,conv2,sparsity,0.0,0
lsa-coordinate-median-late20-seed42-20261004,1,0,conv2,skewness,-0.057841841301949706,0
lsa-coordinate-median-late20-seed42-20261004,1,0,conv2,kurtosis,6.19883485982222,0
lsa-coordinate-median-late20-seed42-20261004,1,0,fc1,mean,7.213677504298892e-07,0
lsa-coordinate-median-late20-seed42-20261004,1,0,fc1,std,0.00021164001470348154,0
lsa-coordinate-median-late20-seed42-20261004,1,0,fc1,median,0.0,0
lsa-coordinate-median-late20-seed42-20261004,1,0,fc1,min,-0.0033375322818756104,0
lsa-coordinate-median-late20-seed42-20261004,1,0,fc1,max,0.003186635673046112,0
lsa-coordinate-median-late20-seed42-20261004,1,0,fc1,l1,10.554920883585055,0
lsa-coordinate-median-late20-seed42-20261004,1,0,fc1,l2,0.0670659011588549,0
lsa-coordinate-median-late20-seed42-20261004,1,0,fc1,max_abs,0.0033375322818756104,0
lsa-coordinate-median-late20-seed42-20261004,1,0,fc1,sparsity,0.07050669216061185,0
lsa-coordinate-median-late20-seed42-20261004,1,0,fc1,skewness,-0.04178242982455223,0
lsa-coordinate-median-late20-seed42-20261004,1,0,fc1,kurtosis,23.609287214253502,0
lsa-coordinate-median-late20-seed42-20261004,1,0,output,mean,-1.1372881440015939e-10,0
lsa-coordinate-median-late20-seed42-20261004,1,0,output,std,0.0005533890100076923,0
lsa-coordinate-median-late20-seed42-20261004,1,0,output,median,-1.4808028936386108e-05,0
lsa-coordinate-median-late20-seed42-20261004,1,0,output,min,-0.004226048476994038,0
lsa-coordinate-median-late20-seed42-20261004,1,0,output,max,0.002539863809943199,0
lsa-coordinate-median-late20-seed42-20261004,1,0,output,l1,0.2203636891208589,0
lsa-coordinate-median-late20-seed42-20261004,1,0,output,l2,0.014108706803185378,0
lsa-coordinate-median-late20-seed42-20261004,1,0,output,max_abs,0.004226048476994038,0
lsa-coordinate-median-late20-seed42-20261004,1,0,output,sparsity,0.015384615384615385,0
lsa-coordinate-median-late20-seed42-20261004,1,0,output,skewness,-0.33203336684522716,0
lsa-coordinate-median-late20-seed42-20261004,1,0,output,kurtosis,9.8709137320078,0
lsa-coordinate-median-late20-seed42-20261004,1,1,conv1,mean,-8.055896614678204e-07,0
lsa-coordinate-median-late20-seed42-20261004,1,1,conv1,std,0.0002949839723382335,0
lsa-coordinate-median-late20-seed42-20261004,1,1,conv1,median,-5.334615707397461e-06,0
lsa-coordinate-median-late20-seed42-20261004,1,1,conv1,min,-0.001190289855003357,0
lsa-coordinate-median-late20-seed42-20261004,1,1,conv1,max,0.0006835758686065674,0
lsa-coordinate-median-late20-seed42-20261004,1,1,conv1,l1,0.03509795921854675,0
lsa-coordinate-median-late20-seed42-20261004,1,1,conv1,l2,0.003731298817541074,0
lsa-coordinate-median-late20-seed42-20261004,1,1,conv1,max_abs,0.001190289855003357,0
lsa-coordinate-median-late20-seed42-20261004,1,1,conv1,sparsity,0.0,0
lsa-coordinate-median-late20-seed42-20261004,1,1,conv1,skewness,-0.45513940150364596,0
lsa-coordinate-median-late20-seed42-20261004,1,1,conv1,kurtosis,1.1292712018373416,0
lsa-coordinate-median-late20-seed42-20261004,1,1,conv2,mean,-2.7316334545495355e-05,0
lsa-coordinate-median-late20-seed42-20261004,1,1,conv2,std,0.0002730370276184307,0
lsa-coordinate-median-late20-seed42-20261004,1,1,conv2,median,-7.764436304569244e-06,0
lsa-coordinate-median-late20-seed42-20261004,1,1,conv2,min,-0.001914922147989273,0
lsa-coordinate-median-late20-seed42-20261004,1,1,conv2,max,0.0013894103467464447,0
lsa-coordinate-median-late20-seed42-20261004,1,1,conv2,l1,0.790629804197124,0
lsa-coordinate-median-late20-seed42-20261004,1,1,conv2,l2,0.01869145951252631,0
lsa-coordinate-median-late20-seed42-20261004,1,1,conv2,max_abs,0.001914922147989273,0
lsa-coordinate-median-late20-seed42-20261004,1,1,conv2,sparsity,0.0010775862068965517,0
lsa-coordinate-median-late20-seed42-20261004,1,1,conv2,skewness,-0.7423884196329884,0
lsa-coordinate-median-late20-seed42-20261004,1,1,conv2,kurtosis,6.933389853563689,0
lsa-coordinate-median-late20-seed42-20261004,1,1,fc1,mean,-1.585303208761331e-05,0
lsa-coordinate-median-late20-seed42-20261004,1,1,fc1,std,0.00020182494031405245,0
lsa-coordinate-median-late20-seed42-20261004,1,1,fc1,median,-3.3527612686157227e-08,0
lsa-coordinate-median-late20-seed42-20261004,1,1,fc1,min,-0.00328721571713686,0
lsa-coordinate-median-late20-seed42-20261004,1,1,fc1,max,0.00281609408557415,0
lsa-coordinate-median-late20-seed42-20261004,1,1,fc1,l1,10.372035141087622,0
lsa-coordinate-median-late20-seed42-20261004,1,1,fc1,l2,0.06415225732568088,0
lsa-coordinate-median-late20-seed42-20261004,1,1,fc1,max_abs,0.00328721571713686,0
lsa-coordinate-median-late20-seed42-20261004,1,1,fc1,sparsity,0.07188097514340344,0
lsa-coordinate-median-late20-seed42-20261004,1,1,fc1,skewness,-0.6179254011299808,0
lsa-coordinate-median-late20-seed42-20261004,1,1,fc1,kurtosis,22.061189105155403,0
lsa-coordinate-median-late20-seed42-20261004,1,1,output,mean,-4.696910484479024e-11,0
lsa-coordinate-median-late20-seed42-20261004,1,1,output,std,0.0005855359837015951,0
lsa-coordinate-median-late20-seed42-20261004,1,1,output,median,-1.9069761037826538e-05,0
lsa-coordinate-median-late20-seed42-20261004,1,1,output,min,-0.004067808389663696,0
lsa-coordinate-median-late20-seed42-20261004,1,1,output,max,0.003130272962152958,0
lsa-coordinate-median-late20-seed42-20261004,1,1,output,l1,0.2213062328810338,0
lsa-coordinate-median-late20-seed42-20261004,1,1,output,l2,0.014928297034025949,0
lsa-coordinate-median-late20-seed42-20261004,1,1,output,max_abs,0.004067808389663696,0
lsa-coordinate-median-late20-seed42-20261004,1,1,output,sparsity,0.015384615384615385,0
lsa-coordinate-median-late20-seed42-20261004,1,1,output,skewness,0.7994850988575968,0
lsa-coordinate-median-late20-seed42-20261004,1,1,output,kurtosis,10.037406730674155,0
lsa-coordinate-median-late20-seed42-20261004,1,2,conv1,mean,2.3818090267013758e-05,0
lsa-coordinate-median-late20-seed42-20261004,1,2,conv1,std,0.00031637021673088016,0
lsa-coordinate-median-late20-seed42-20261004,1,2,conv1,median,2.1502375602722168e-05,0
lsa-coordinate-median-late20-seed42-20261004,1,2,conv1,min,-0.0007715299725532532,0
lsa-coordinate-median-late20-seed42-20261004,1,2,conv1,max,0.0009686648845672607,0
lsa-coordinate-median-late20-seed42-20261004,1,2,conv1,l1,0.038662457605823874,0
lsa-coordinate-median-late20-seed42-20261004,1,2,conv1,l2,0.004013126770154398,0
lsa-coordinate-median-late20-seed42-20261004,1,2,conv1,max_abs,0.0009686648845672607,0
lsa-coordinate-median-late20-seed42-20261004,1,2,conv1,sparsity,0.0,0
lsa-coordinate-median-late20-seed42-20261004,1,2,conv1,skewness,0.06228515505590396,0
lsa-coordinate-median-late20-seed42-20261004,1,2,conv1,kurtosis,0.7231752746903295,0
lsa-coordinate-median-late20-seed42-20261004,1,2,conv2,mean,-1.7638969481187562e-05,0
lsa-coordinate-median-late20-seed42-20261004,1,2,conv2,std,0.0002542640454454004,0
lsa-coordinate-median-late20-seed42-20261004,1,2,conv2,median,-3.5017728805541992e-06,0
lsa-coordinate-median-late20-seed42-20261004,1,2,conv2,min,-0.0018912442028522491,0
lsa-coordinate-median-late20-seed42-20261004,1,2,conv2,max,0.0013666749000549316,0
lsa-coordinate-median-late20-seed42-20261004,1,2,conv2,l1,0.7266025004209951,0
lsa-coordinate-median-late20-seed42-20261004,1,2,conv2,l2,0.017361469078245415,0
lsa-coordinate-median-late20-seed42-20261004,1,2,conv2,max_abs,0.0018912442028522491,0
lsa-coordinate-median-late20-seed42-20261004,1,2,conv2,sparsity,0.0,0
lsa-coordinate-median-late20-seed42-20261004,1,2,conv2,skewness,-0.5527870332222491,0
lsa-coordinate-median-late20-seed42-20261004,1,2,conv2,kurtosis,7.641638071916576,0
lsa-coordinate-median-late20-seed42-20261004,1,2,fc1,mean,-9.868122902346945e-06,0
lsa-coordinate-median-late20-seed42-20261004,1,2,fc1,std,0.00020348810536794827,0
lsa-coordinate-median-late20-seed42-20261004,1,2,fc1,median,0.0,0
lsa-coordinate-median-late20-seed42-20261004,1,2,fc1,min,-0.003322632983326912,0
lsa-coordinate-median-late20-seed42-20261004,1,2,fc1,max,0.002904338762164116,0
lsa-coordinate-median-late20-seed42-20261004,1,2,fc1,l1,10.128629579973222,0
lsa-coordinate-median-late20-seed42-20261004,1,2,fc1,l2,0.06455807369924894,0
lsa-coordinate-median-late20-seed42-20261004,1,2,fc1,max_abs,0.003322632983326912,0
lsa-coordinate-median-late20-seed42-20261004,1,2,fc1,sparsity,0.07152246653919694,0
lsa-coordinate-median-late20-seed42-20261004,1,2,fc1,skewness,-0.4204363838188252,0
lsa-coordinate-median-late20-seed42-20261004,1,2,fc1,kurtosis,24.17955154333067,0
lsa-coordinate-median-late20-seed42-20261004,1,2,output,mean,2.3224856704473497e-10,0
lsa-coordinate-median-late20-seed42-20261004,1,2,output,std,0.0005247936438559501,0
lsa-coordinate-median-late20-seed42-20261004,1,2,output,median,-8.955597877502441e-06,0
lsa-coordinate-median-late20-seed42-20261004,1,2,output,min,-0.0034222789108753204,0
lsa-coordinate-median-late20-seed42-20261004,1,2,output,max,0.0032806023955345154,0
lsa-coordinate-median-late20-seed42-20261004,1,2,output,l1,0.20497157881618477,0
lsa-coordinate-median-late20-seed42-20261004,1,2,output,l2,0.013379665153156067,0
lsa-coordinate-median-late20-seed42-20261004,1,2,output,max_abs,0.0034222789108753204,0
lsa-coordinate-median-late20-seed42-20261004,1,2,output,sparsity,0.015384615384615385,0
lsa-coordinate-median-late20-seed42-20261004,1,2,output,skewness,0.9196533977163629,0
lsa-coordinate-median-late20-seed42-20261004,1,2,output,kurtosis,9.339100983451917,0
lsa-coordinate-median-late20-seed42-20261004,1,3,conv1,mean,2.425586062599905e-05,0
lsa-coordinate-median-late20-seed42-20261004,1,3,conv1,std,0.00035180680790366646,0
lsa-coordinate-median-late20-seed42-20261004,1,3,conv1,median,2.218782901763916e-05,0
lsa-coordinate-median-late20-seed42-20261004,1,3,conv1,min,-0.0011418238282203674,0
lsa-coordinate-median-late20-seed42-20261004,1,3,conv1,max,0.001037880778312683,0
lsa-coordinate-median-late20-seed42-20261004,1,3,conv1,l1,0.04323259100783616,0
lsa-coordinate-median-late20-seed42-20261004,1,3,conv1,l2,0.004460607615329107,0
lsa-coordinate-median-late20-seed42-20261004,1,3,conv1,max_abs,0.0011418238282203674,0
lsa-coordinate-median-late20-seed42-20261004,1,3,conv1,sparsity,0.0,0
lsa-coordinate-median-late20-seed42-20261004,1,3,conv1,skewness,-0.16707594830375036,0
lsa-coordinate-median-late20-seed42-20261004,1,3,conv1,kurtosis,0.6790252888538157,0
lsa-coordinate-median-late20-seed42-20261004,1,3,conv2,mean,-3.119772510876044e-06,0
lsa-coordinate-median-late20-seed42-20261004,1,3,conv2,std,0.00028521172289894926,0
lsa-coordinate-median-late20-seed42-20261004,1,3,conv2,median,1.3150274753570557e-06,0
lsa-coordinate-median-late20-seed42-20261004,1,3,conv2,min,-0.002059768885374069,0
lsa-coordinate-median-late20-seed42-20261004,1,3,conv2,max,0.0016230624169111252,0
lsa-coordinate-median-late20-seed42-20261004,1,3,conv2,l1,0.8138502521760529,0
lsa-coordinate-median-late20-seed42-20261004,1,3,conv2,l2,0.019429084737787077,0
lsa-coordinate-median-late20-seed42-20261004,1,3,conv2,max_abs,0.002059768885374069,0
lsa-coordinate-median-late20-seed42-20261004,1,3,conv2,sparsity,0.0004310344827586207,0
lsa-coordinate-median-late20-seed42-20261004,1,3,conv2,skewness,-0.3373083727580279,0
lsa-coordinate-median-late20-seed42-20261004,1,3,conv2,kurtosis,6.739710429099587,0
lsa-coordinate-median-late20-seed42-20261004,1,3,fc1,mean,-1.0702770929699685e-05,0
lsa-coordinate-median-late20-seed42-20261004,1,3,fc1,std,0.00022547220846059267,0
lsa-coordinate-median-late20-seed42-20261004,1,3,fc1,median,0.0,0
lsa-coordinate-median-late20-seed42-20261004,1,3,fc1,min,-0.004460759460926056,0
lsa-coordinate-median-late20-seed42-20261004,1,3,fc1,max,0.003436736762523651,0
lsa-coordinate-median-late20-seed42-20261004,1,3,fc1,l1,11.172941725238445,0
lsa-coordinate-median-late20-seed42-20261004,1,3,fc1,l2,0.07152917413239178,0
lsa-coordinate-median-late20-seed42-20261004,1,3,fc1,max_abs,0.004460759460926056,0
lsa-coordinate-median-late20-seed42-20261004,1,3,fc1,sparsity,0.06973988209050351,0
lsa-coordinate-median-late20-seed42-20261004,1,3,fc1,skewness,-0.7127050578813999,0
lsa-coordinate-median-late20-seed42-20261004,1,3,fc1,kurtosis,27.747097781114462,0
lsa-coordinate-median-late20-seed42-20261004,1,3,output,mean,-5.587935447692871e-11,0
lsa-coordinate-median-late20-seed42-20261004,1,3,output,std,0.0006376014151706946,0
lsa-coordinate-median-late20-seed42-20261004,1,3,output,median,-1.54152512550354e-05,0
lsa-coordinate-median-late20-seed42-20261004,1,3,output,min,-0.0044699907302856445,0
lsa-coordinate-median-late20-seed42-20261004,1,3,output,max,0.004620589315891266,0
lsa-coordinate-median-late20-seed42-20261004,1,3,output,l1,0.23771252087317407,0
lsa-coordinate-median-late20-seed42-20261004,1,3,output,l2,0.016255710289248795,0
lsa-coordinate-median-late20-seed42-20261004,1,3,output,max_abs,0.004620589315891266,0
lsa-coordinate-median-late20-seed42-20261004,1,3,output,sparsity,0.015384615384615385,0
lsa-coordinate-median-late20-seed42-20261004,1,3,output,skewness,1.0724898932118978,0
lsa-coordinate-median-late20-seed42-20261004,1,3,output,kurtosis,13.901468599178322,0
lsa-coordinate-median-late20-seed42-20261004,1,4,conv1,mean,4.1149296885123475e-05,0
lsa-coordinate-median-late20-seed42-20261004,1,4,conv1,std,0.0003216528865647625,0
lsa-coordinate-median-late20-seed42-20261004,1,4,conv1,median,2.7254223823547363e-05,0
lsa-coordinate-median-late20-seed42-20261004,1,4,conv1,min,-0.0009411126375198364,0
lsa-coordinate-median-late20-seed42-20261004,1,4,conv1,max,0.0007703900337219238,0
lsa-coordinate-median-late20-seed42-20261004,1,4,conv1,l1,0.040983368060551584,0
lsa-coordinate-median-late20-seed42-20261004,1,4,conv1,l2,0.004101781936077713,0
lsa-coordinate-median-late20-seed42-20261004,1,4,conv1,max_abs,0.0009411126375198364,0
lsa-coordinate-median-late20-seed42-20261004,1,4,conv1,sparsity,0.0,0
lsa-coordinate-median-late20-seed42-20261004,1,4,conv1,skewness,-0.3362194321979605,0
lsa-coordinate-median-late20-seed42-20261004,1,4,conv1,kurtosis,-0.1272080246794185,0
lsa-coordinate-median-late20-seed42-20261004,1,4,conv2,mean,-3.0127175327167824e-05,0
lsa-coordinate-median-late20-seed42-20261004,1,4,conv2,std,0.00027884118608908473,0
lsa-coordinate-median-late20-seed42-20261004,1,4,conv2,median,-6.757676601409912e-06,0
lsa-coordinate-median-late20-seed42-20261004,1,4,conv2,min,-0.0016993694007396698,0
lsa-coordinate-median-late20-seed42-20261004,1,4,conv2,max,0.0016294419765472412,0
lsa-coordinate-median-late20-seed42-20261004,1,4,conv2,l1,0.8147833389293737,0
lsa-coordinate-median-late20-seed42-20261004,1,4,conv2,l2,0.01910451908352611,0
lsa-coordinate-median-late20-seed42-20261004,1,4,conv2,max_abs,0.0016993694007396698,0
lsa-coordinate-median-late20-seed42-20261004,1,4,conv2,sparsity,0.00021551724137931034,0
lsa-coordinate-median-late20-seed42-20261004,1,4,conv2,skewness,-0.5180403870435583,0
lsa-coordinate-median-late20-seed42-20261004,1,4,conv2,kurtosis,4.8977957484207995,0
lsa-coordinate-median-late20-seed42-20261004,1,4,fc1,mean,-1.4939423251076193e-05,0
lsa-coordinate-median-late20-seed42-20261004,1,4,fc1,std,0.00021938232239003338,0
lsa-coordinate-median-late20-seed42-20261004,1,4,fc1,median,0.0,0
lsa-coordinate-median-late20-seed42-20261004,1,4,fc1,min,-0.004616023972630501,0
lsa-coordinate-median-late20-seed42-20261004,1,4,fc1,max,0.0033089350908994675,0
lsa-coordinate-median-late20-seed42-20261004,1,4,fc1,l1,10.878039785283818,0
lsa-coordinate-median-late20-seed42-20261004,1,4,fc1,l2,0.06967993483755254,0
lsa-coordinate-median-late20-seed42-20261004,1,4,fc1,max_abs,0.004616023972630501,0
lsa-coordinate-median-late20-seed42-20261004,1,4,fc1,sparsity,0.06847514340344169,0
lsa-coordinate-median-late20-seed42-20261004,1,4,fc1,skewness,-0.7368360102072176,0
lsa-coordinate-median-late20-seed42-20261004,1,4,fc1,kurtosis,26.449595295491726,0
lsa-coordinate-median-late20-seed42-20261004,1,4,output,mean,-6.013299123598979e-11,0
lsa-coordinate-median-late20-seed42-20261004,1,4,output,std,0.0006654675201176899,0
lsa-coordinate-median-late20-seed42-20261004,1,4,output,median,-1.5556812286376953e-05,0
lsa-coordinate-median-late20-seed42-20261004,1,4,output,min,-0.0047114938497543335,0
lsa-coordinate-median-late20-seed42-20261004,1,4,output,max,0.006074748933315277,0
lsa-coordinate-median-late20-seed42-20261004,1,4,output,l1,0.24233111130888574,0
lsa-coordinate-median-late20-seed42-20261004,1,4,output,l2,0.016966159353711572,0
lsa-coordinate-median-late20-seed42-20261004,1,4,output,max_abs,0.006074748933315277,0
lsa-coordinate-median-late20-seed42-20261004,1,4,output,sparsity,0.015384615384615385,0
lsa-coordinate-median-late20-seed42-20261004,1,4,output,skewness,1.2134714642949742,0
lsa-coordinate-median-late20-seed42-20261004,1,4,output,kurtosis,19.051727729935045,0
lsa-coordinate-median-late20-seed42-20261004,2,0,conv1,mean,0.00023674803087487818,0
lsa-coordinate-median-late20-seed42-20261004,2,0,conv1,std,0.0005327843621612674,0
lsa-coordinate-median-late20-seed42-20261004,2,0,conv1,median,7.75456428527832e-05,0
lsa-coordinate-median-late20-seed42-20261004,2,0,conv1,min,-0.0006017833948135376,0
lsa-coordinate-median-late20-seed42-20261004,2,0,conv1,max,0.002054959535598755,0
lsa-coordinate-median-late20-seed42-20261004,2,0,conv1,l1,0.06314204353839159,0
lsa-coordinate-median-late20-seed42-20261004,2,0,conv1,l2,0.007374646369140374,0
lsa-coordinate-median-late20-seed42-20261004,2,0,conv1,max_abs,0.002054959535598755,0
lsa-coordinate-median-late20-seed42-20261004,2,0,conv1,sparsity,0.0,0
lsa-coordinate-median-late20-seed42-20261004,2,0,conv1,skewness,1.2100054302958547,0
lsa-coordinate-median-late20-seed42-20261004,2,0,conv1,kurtosis,1.211424257252589,0
lsa-coordinate-median-late20-seed42-20261004,2,0,conv2,mean,6.978657036848619e-05,0
lsa-coordinate-median-late20-seed42-20261004,2,0,conv2,std,0.00032105113363055864,0
lsa-coordinate-median-late20-seed42-20261004,2,0,conv2,median,2.080807462334633e-05,0
lsa-coordinate-median-late20-seed42-20261004,2,0,conv2,min,-0.002127651125192642,0
lsa-coordinate-median-late20-seed42-20261004,2,0,conv2,max,0.0025096461176872253,0
lsa-coordinate-median-late20-seed42-20261004,2,0,conv2,l1,0.8793151065692655,0
lsa-coordinate-median-late20-seed42-20261004,2,0,conv2,l2,0.022379904837933916,0
lsa-coordinate-median-late20-seed42-20261004,2,0,conv2,max_abs,0.0025096461176872253,0
lsa-coordinate-median-late20-seed42-20261004,2,0,conv2,sparsity,0.0,0
lsa-coordinate-median-late20-seed42-20261004,2,0,conv2,skewness,1.476574516291733,0
lsa-coordinate-median-late20-seed42-20261004,2,0,conv2,kurtosis,10.473991244062967,0
lsa-coordinate-median-late20-seed42-20261004,2,0,fc1,mean,1.647615252883797e-05,0
lsa-coordinate-median-late20-seed42-20261004,2,0,fc1,std,0.0002140500953992988,0
lsa-coordinate-median-late20-seed42-20261004,2,0,fc1,median,0.0,0
lsa-coordinate-median-late20-seed42-20261004,2,0,fc1,min,-0.003280041739344597,0
lsa-coordinate-median-late20-seed42-20261004,2,0,fc1,max,0.00362202525138855,0
lsa-coordinate-median-late20-seed42-20261004,2,0,fc1,l1,10.370037226919521,0
lsa-coordinate-median-late20-seed42-20261004,2,0,fc1,l2,0.06802987343475195,0
lsa-coordinate-median-late20-seed42-20261004,2,0,fc1,max_abs,0.00362202525138855,0
lsa-coordinate-median-late20-seed42-20261004,2,0,fc1,sparsity,0.07328513384321224,0
lsa-coordinate-median-late20-seed42-20261004,2,0,fc1,skewness,1.0653184568373184,0
lsa-coordinate-median-late20-seed42-20261004,2,0,fc1,kurtosis,26.03613263397564,0
lsa-coordinate-median-late20-seed42-20261004,2,0,output,mean,6.210309668229176e-11,0
lsa-coordinate-median-late20-seed42-20261004,2,0,output,std,0.0005733183550204638,0
lsa-coordinate-median-late20-seed42-20261004,2,0,output,median,-9.626150131225586e-06,0
lsa-coordinate-median-late20-seed42-20261004,2,0,output,min,-0.0037003513425588608,0
lsa-coordinate-median-late20-seed42-20261004,2,0,output,max,0.002400912344455719,0
lsa-coordinate-median-late20-seed42-20261004,2,0,output,l1,0.23635911245946772,0
lsa-coordinate-median-late20-seed42-20261004,2,0,output,l2,0.014616807398751392,0
lsa-coordinate-median-late20-seed42-20261004,2,0,output,max_abs,0.0037003513425588608,0
lsa-coordinate-median-late20-seed42-20261004,2,0,output,sparsity,0.015384615384615385,0
lsa-coordinate-median-late20-seed42-20261004,2,0,output,skewness,-0.030167131076845904,0
lsa-coordinate-median-late20-seed42-20261004,2,0,output,kurtosis,5.972005972121455,0
lsa-coordinate-median-late20-seed42-20261004,2,1,conv1,mean,0.00019811921374639495,0
lsa-coordinate-median-late20-seed42-20261004,2,1,conv1,std,0.0004789963020730851,0
lsa-coordinate-median-late20-seed42-20261004,2,1,conv1,median,8.492916822433472e-05,0
lsa-coordinate-median-late20-seed42-20261004,2,1,conv1,min,-0.0006716325879096985,0
lsa-coordinate-median-late20-seed42-20261004,2,1,conv1,max,0.0017802417278289795,0
lsa-coordinate-median-late20-seed42-20261004,2,1,conv1,l1,0.057230789912864566,0
lsa-coordinate-median-late20-seed42-20261004,2,1,conv1,l2,0.006556690387751186,0
lsa-coordinate-median-late20-seed42-20261004,2,1,conv1,max_abs,0.0017802417278289795,0
lsa-coordinate-median-late20-seed42-20261004,2,1,conv1,sparsity,0.0,0
lsa-coordinate-median-late20-seed42-20261004,2,1,conv1,skewness,1.0110076974090438,0
lsa-coordinate-median-late20-seed42-20261004,2,1,conv1,kurtosis,0.9626283436386078,0
lsa-coordinate-median-late20-seed42-20261004,2,1,conv2,mean,5.5921055530328385e-05,0
lsa-coordinate-median-late20-seed42-20261004,2,1,conv2,std,0.000289501094230325,0
lsa-coordinate-median-late20-seed42-20261004,2,1,conv2,median,1.6884878277778625e-05,0
lsa-coordinate-median-late20-seed42-20261004,2,1,conv2,min,-0.0016526952385902405,0
lsa-coordinate-median-late20-seed42-20261004,2,1,conv2,max,0.0021491143852472305,0
lsa-coordinate-median-late20-seed42-20261004,2,1,conv2,l1,0.809893398614804,0
lsa-coordinate-median-late20-seed42-20261004,2,1,conv2,l2,0.0200846344944717,0
lsa-coordinate-median-late20-seed42-20261004,2,1,conv2,max_abs,0.0021491143852472305,0
lsa-coordinate-median-late20-seed42-20261004,2,1,conv2,sparsity,0.0010775862068965517,0
lsa-coordinate-median-late20-seed42-20261004,2,1,conv2,skewness,1.3664791509514769,0
lsa-coordinate-median-late20-seed42-20261004,2,1,conv2,kurtosis,8.914514859741521,0
lsa-coordinate-median-late20-seed42-20261004,2,1,fc1,mean,5.84611228109543e-06,0
lsa-coordinate-median-late20-seed42-20261004,2,1,fc1,std,0.00019808161190629526,0
lsa-coordinate-median-late20-seed42-20261004,2,1,fc1,median,0.0,0
lsa-coordinate-median-late20-seed42-20261004,2,1,fc1,min,-0.003289243206381798,0
lsa-coordinate-median-late20-seed42-20261004,2,1,fc1,max,0.003319697454571724,0
lsa-coordinate-median-late20-seed42-20261004,2,1,fc1,l1,9.770101862027673,0
lsa-coordinate-median-late20-seed42-20261004,2,1,fc1,l2,0.06279639105278012,0
lsa-coordinate-median-late20-seed42-20261004,2,1,fc1,max_abs,0.003319697454571724,0
lsa-coordinate-median-late20-seed42-20261004,2,1,fc1,sparsity,0.07480879541108987,0
lsa-coordinate-median-late20-seed42-20261004,2,1,fc1,skewness,0.44816742496068074,0
lsa-coordinate-median-late20-seed42-20261004,2,1,fc1,kurtosis,25.3405836481014,0
lsa-coordinate-median-late20-seed42-20261004,2,1,output,mean,-3.493802908521432e-10,0
lsa-coordinate-median-late20-seed42-20261004,2,1,output,std,0.0005915794458304989,0
lsa-coordinate-median-late20-seed42-20261004,2,1,output,median,-1.2032687664031982e-05,0
lsa-coordinate-median-late20-seed42-20261004,2,1,output,min,-0.003840826451778412,0
lsa-coordinate-median-late20-seed42-20261004,2,1,output,max,0.0030576959252357483,0
lsa-coordinate-median-late20-seed42-20261004,2,1,output,l1,0.23387908886070363,0
lsa-coordinate-median-late20-seed42-20261004,2,1,output,l2,0.01508237569065323,0
lsa-coordinate-median-late20-seed42-20261004,2,1,output,max_abs,0.003840826451778412,0
lsa-coordinate-median-late20-seed42-20261004,2,1,output,sparsity,0.015384615384615385,0
lsa-coordinate-median-late20-seed42-20261004,2,1,output,skewness,0.767209476636962,0
lsa-coordinate-median-late20-seed42-20261004,2,1,output,kurtosis,7.076318237932282,0
lsa-coordinate-median-late20-seed42-20261004,2,2,conv1,mean,0.0002240679576061666,0
lsa-coordinate-median-late20-seed42-20261004,2,2,conv1,std,0.0005306233739931424,0
lsa-coordinate-median-late20-seed42-20261004,2,2,conv1,median,9.746849536895752e-05,0
lsa-coordinate-median-late20-seed42-20261004,2,2,conv1,min,-0.0008627176284790039,0
lsa-coordinate-median-late20-seed42-20261004,2,2,conv1,max,0.0019385218620300293,0
lsa-coordinate-median-late20-seed42-20261004,2,2,conv1,l1,0.06018869113177061,0
lsa-coordinate-median-late20-seed42-20261004,2,2,conv1,l2,0.007285795656246915,0
lsa-coordinate-median-late20-seed42-20261004,2,2,conv1,max_abs,0.0019385218620300293,0
lsa-coordinate-median-late20-seed42-20261004,2,2,conv1,sparsity,0.0,0
lsa-coordinate-median-late20-seed42-20261004,2,2,conv1,skewness,1.1299655909955264,0
lsa-coordinate-median-late20-seed42-20261004,2,2,conv1,kurtosis,0.8531642654050113,0
lsa-coordinate-median-late20-seed42-20261004,2,2,conv2,mean,6.038474965203806e-05,0
lsa-coordinate-median-late20-seed42-20261004,2,2,conv2,std,0.0003184254253726386,0
lsa-coordinate-median-late20-seed42-20261004,2,2,conv2,median,1.3193115592002869e-05,0
lsa-coordinate-median-late20-seed42-20261004,2,2,conv2,min,-0.0020497776567935944,0
lsa-coordinate-median-late20-seed42-20261004,2,2,conv2,max,0.0024018138647079468,0
lsa-coordinate-median-late20-seed42-20261004,2,2,conv2,l1,0.8357713804180094,0
lsa-coordinate-median-late20-seed42-20261004,2,2,conv2,l2,0.022076923756408705,0
lsa-coordinate-median-late20-seed42-20261004,2,2,conv2,max_abs,0.0024018138647079468,0
lsa-coordinate-median-late20-seed42-20261004,2,2,conv2,sparsity,0.0,0
lsa-coordinate-median-late20-seed42-20261004,2,2,conv2,skewness,1.6834641566863857,0
lsa-coordinate-median-late20-seed42-20261004,2,2,conv2,kurtosis,12.258712327823288,0
lsa-coordinate-median-late20-seed42-20261004,2,2,fc1,mean,1.5320577378718335e-05,0
lsa-coordinate-median-late20-seed42-20261004,2,2,fc1,std,0.0002069637266728697,0
lsa-coordinate-median-late20-seed42-20261004,2,2,fc1,median,0.0,0
lsa-coordinate-median-late20-seed42-20261004,2,2,fc1,min,-0.0033814776688814163,0
lsa-coordinate-median-late20-seed42-20261004,2,2,fc1,max,0.003666825592517853,0
lsa-coordinate-median-late20-seed42-20261004,2,2,fc1,l1,10.01754319170442,0
lsa-coordinate-median-late20-seed42-20261004,2,2,fc1,l2,0.06576311280590183,0
lsa-coordinate-median-late20-seed42-20261004,2,2,fc1,max_abs,0.003666825592517853,0
lsa-coordinate-median-late20-seed42-20261004,2,2,fc1,sparsity,0.07085524219247928,0
lsa-coordinate-median-late20-seed42-20261004,2,2,fc1,skewness,1.1165470984057286,0
lsa-coordinate-median-late20-seed42-20261004,2,2,fc1,kurtosis,27.340840591494903,0
lsa-coordinate-median-late20-seed42-20261004,2,2,output,mean,-3.6715601499264056e-11,0
lsa-coordinate-median-late20-seed42-20261004,2,2,output,std,0.0005420146026264389,0
lsa-coordinate-median-late20-seed42-20261004,2,2,output,median,-6.202608346939087e-06,0
lsa-coordinate-median-late20-seed42-20261004,2,2,output,min,-0.0032380297780036926,0
lsa-coordinate-median-late20-seed42-20261004,2,2,output,max,0.0031774863600730896,0
lsa-coordinate-median-late20-seed42-20261004,2,2,output,l1,0.220824895077385,0
lsa-coordinate-median-late20-seed42-20261004,2,2,output,l2,0.013818715177222288,0
lsa-coordinate-median-late20-seed42-20261004,2,2,output,max_abs,0.0032380297780036926,0
lsa-coordinate-median-late20-seed42-20261004,2,2,output,sparsity,0.015384615384615385,0
lsa-coordinate-median-late20-seed42-20261004,2,2,output,skewness,0.6499632838028863,0
lsa-coordinate-median-late20-seed42-20261004,2,2,output,kurtosis,5.93592790685517,0
lsa-coordinate-median-late20-seed42-20261004,2,3,conv1,mean,0.0002483248128555715,0
lsa-coordinate-median-late20-seed42-20261004,2,3,conv1,std,0.0005554497676324721,0
lsa-coordinate-median-late20-seed42-20261004,2,3,conv1,median,9.645707905292511e-05,0
lsa-coordinate-median-late20-seed42-20261004,2,3,conv1,min,-0.0007585808634757996,0
lsa-coordinate-median-late20-seed42-20261004,2,3,conv1,max,0.0019959211349487305,0
lsa-coordinate-median-late20-seed42-20261004,2,3,conv1,l1,0.06589338928461075,0
lsa-coordinate-median-late20-seed42-20261004,2,3,conv1,l2,0.007696125332063888,0
lsa-coordinate-median-late20-seed42-20261004,2,3,conv1,max_abs,0.0019959211349487305,0
lsa-coordinate-median-late20-seed42-20261004,2,3,conv1,sparsity,0.0,0
lsa-coordinate-median-late20-seed42-20261004,2,3,conv1,skewness,1.131605076313733,0
lsa-coordinate-median-late20-seed42-20261004,2,3,conv1,kurtosis,0.9276967595721497,0
lsa-coordinate-median-late20-seed42-20261004,2,3,conv2,mean,7.79984614911788e-05,0
lsa-coordinate-median-late20-seed42-20261004,2,3,conv2,std,0.00032755276488653513,0
lsa-coordinate-median-late20-seed42-20261004,2,3,conv2,median,2.0226201741024852e-05,0
lsa-coordinate-median-late20-seed42-20261004,2,3,conv2,min,-0.0019290503114461899,0
lsa-coordinate-median-late20-seed42-20261004,2,3,conv2,max,0.002519698813557625,0
lsa-coordinate-median-late20-seed42-20261004,2,3,conv2,l1,0.8950589957403281,0
lsa-coordinate-median-late20-seed42-20261004,2,3,conv2,l2,0.022935954794564225,0
lsa-coordinate-median-late20-seed42-20261004,2,3,conv2,max_abs,0.002519698813557625,0
lsa-coordinate-median-late20-seed42-20261004,2,3,conv2,sparsity,0.0004310344827586207,0
lsa-coordinate-median-late20-seed42-20261004,2,3,conv2,skewness,1.6604109106099327,0
lsa-coordinate-median-late20-seed42-20261004,2,3,conv2,kurtosis,9.369078492322345,0
lsa-coordinate-median-late20-seed42-20261004,2,3,fc1,mean,1.203574720595227e-05,0
lsa-coordinate-median-late20-seed42-20261004,2,3,fc1,std,0.0002182478338689383,0
lsa-coordinate-median-late20-seed42-20261004,2,3,fc1,median,0.0,0
lsa-coordinate-median-late20-seed42-20261004,2,3,fc1,min,-0.003476853482425213,0
lsa-coordinate-median-late20-seed42-20261004,2,3,fc1,max,0.003817945718765259,0
lsa-coordinate-median-late20-seed42-20261004,2,3,fc1,l1,10.591746433851313,0
lsa-coordinate-median-late20-seed42-20261004,2,3,fc1,l2,0.0692645135839979,0
lsa-coordinate-median-late20-seed42-20261004,2,3,fc1,max_abs,0.003817945718765259,0
lsa-coordinate-median-late20-seed42-20261004,2,3,fc1,sparsity,0.07187101657106437,0
lsa-coordinate-median-late20-seed42-20261004,2,3,fc1,skewness,0.8890507174618784,0
lsa-coordinate-median-late20-seed42-20261004,2,3,fc1,kurtosis,26.896827073153325,0
lsa-coordinate-median-late20-seed42-20261004,2,3,output,mean,4.917651844712404e-10,0
lsa-coordinate-median-late20-seed42-20261004,2,3,output,std,0.0006408644204737313,0
lsa-coordinate-median-late20-seed42-20261004,2,3,output,median,-1.169741153717041e-05,0
lsa-coordinate-median-late20-seed42-20261004,2,3,output,min,-0.004003786016255617,0
lsa-coordinate-median-late20-seed42-20261004,2,3,output,max,0.0038122013211250305,0
lsa-coordinate-median-late20-seed42-20261004,2,3,output,l1,0.2498086082341615,0
lsa-coordinate-median-late20-seed42-20261004,2,3,output,l2,0.01633890092781925,0
lsa-coordinate-median-late20-seed42-20261004,2,3,output,max_abs,0.004003786016255617,0
lsa-coordinate-median-late20-seed42-20261004,2,3,output,sparsity,0.015384615384615385,0
lsa-coordinate-median-late20-seed42-20261004,2,3,output,skewness,0.8971063714228237,0
lsa-coordinate-median-late20-seed42-20261004,2,3,output,kurtosis,8.638414356179883,0
lsa-coordinate-median-late20-seed42-20261004,2,4,conv1,mean,0.00024693059385754167,0
lsa-coordinate-median-late20-seed42-20261004,2,4,conv1,std,0.0005212695079116709,0
lsa-coordinate-median-late20-seed42-20261004,2,4,conv1,median,0.00011102482676506042,0
lsa-coordinate-median-late20-seed42-20261004,2,4,conv1,min,-0.0008303225040435791,0
lsa-coordinate-median-late20-seed42-20261004,2,4,conv1,max,0.0018785148859024048,0
lsa-coordinate-median-late20-seed42-20261004,2,4,conv1,l1,0.060438789427280426,0
lsa-coordinate-median-late20-seed42-20261004,2,4,conv1,l2,0.007295989233120496,0
lsa-coordinate-median-late20-seed42-20261004,2,4,conv1,max_abs,0.0018785148859024048,0
lsa-coordinate-median-late20-seed42-20261004,2,4,conv1,sparsity,0.0,0
lsa-coordinate-median-late20-seed42-20261004,2,4,conv1,skewness,1.2364663870594506,0
lsa-coordinate-median-late20-seed42-20261004,2,4,conv1,kurtosis,1.4799355356434036,0
lsa-coordinate-median-late20-seed42-20261004,2,4,conv2,mean,5.4613390624706816e-05,0
lsa-coordinate-median-late20-seed42-20261004,2,4,conv2,std,0.0003236415209731537,0
lsa-coordinate-median-late20-seed42-20261004,2,4,conv2,median,1.1391937732696533e-05,0
lsa-coordinate-median-late20-seed42-20261004,2,4,conv2,min,-0.00165550597012043,0
lsa-coordinate-median-late20-seed42-20261004,2,4,conv2,max,0.0025235554203391075,0
lsa-coordinate-median-late20-seed42-20261004,2,4,conv2,l1,0.8802314793283585,0
lsa-coordinate-median-late20-seed42-20261004,2,4,conv2,l2,0.02235734238040631,0
lsa-coordinate-median-late20-seed42-20261004,2,4,conv2,max_abs,0.0025235554203391075,0
lsa-coordinate-median-late20-seed42-20261004,2,4,conv2,sparsity,0.00021551724137931034,0
lsa-coordinate-median-late20-seed42-20261004,2,4,conv2,skewness,1.6374901043177452,0
lsa-coordinate-median-late20-seed42-20261004,2,4,conv2,kurtosis,9.791485274785094,0
lsa-coordinate-median-late20-seed42-20261004,2,4,fc1,mean,1.1999908803082453e-05,0
lsa-coordinate-median-late20-seed42-20261004,2,4,fc1,std,0.00021507857092878643,0
lsa-coordinate-median-late20-seed42-20261004,2,4,fc1,median,0.0,0
lsa-coordinate-median-late20-seed42-20261004,2,4,fc1,min,-0.003284851321950555,0
lsa-coordinate-median-late20-seed42-20261004,2,4,fc1,max,0.0036823516711592674,0
lsa-coordinate-median-late20-seed42-20261004,2,4,fc1,l1,10.397699301526927,0
lsa-coordinate-median-late20-seed42-20261004,2,4,fc1,l2,0.06826113468754014,0
lsa-coordinate-median-late20-seed42-20261004,2,4,fc1,max_abs,0.0036823516711592674,0
lsa-coordinate-median-late20-seed42-20261004,2,4,fc1,sparsity,0.07086520076481835,0
lsa-coordinate-median-late20-seed42-20261004,2,4,fc1,skewness,0.9886039934522012,0
lsa-coordinate-median-late20-seed42-20261004,2,4,fc1,kurtosis,26.715738624072266,0
lsa-coordinate-median-late20-seed42-20261004,2,4,output,mean,8.287875411602166e-11,0
lsa-coordinate-median-late20-seed42-20261004,2,4,output,std,0.0006773453399121781,0
lsa-coordinate-median-late20-seed42-20261004,2,4,output,median,-1.1630356311798096e-05,0
lsa-coordinate-median-late20-seed42-20261004,2,4,output,min,-0.004577048122882843,0
lsa-coordinate-median-late20-seed42-20261004,2,4,output,max,0.005627349019050598,0
lsa-coordinate-median-late20-seed42-20261004,2,4,output,l1,0.2564868951740209,0
lsa-coordinate-median-late20-seed42-20261004,2,4,output,l2,0.017268985528266802,0
lsa-coordinate-median-late20-seed42-20261004,2,4,output,max_abs,0.005627349019050598,0
lsa-coordinate-median-late20-seed42-20261004,2,4,output,sparsity,0.015384615384615385,0
lsa-coordinate-median-late20-seed42-20261004,2,4,output,skewness,1.1016521268663384,0
lsa-coordinate-median-late20-seed42-20261004,2,4,output,kurtosis,13.854070384066532,0
lsa-coordinate-median-late20-seed42-20261004,3,0,conv1,mean,0.0004536982785793953,0
lsa-coordinate-median-late20-seed42-20261004,3,0,conv1,std,0.0008868210558196991,0
lsa-coordinate-median-late20-seed42-20261004,3,0,conv1,median,0.00010471045970916748,0
lsa-coordinate-median-late20-seed42-20261004,3,0,conv1,min,-0.0009953677654266357,0
lsa-coordinate-median-late20-seed42-20261004,3,0,conv1,max,0.0034026801586151123,0
lsa-coordinate-median-late20-seed42-20261004,3,0,conv1,l1,0.09726497693918645,0
lsa-coordinate-median-late20-seed42-20261004,3,0,conv1,l2,0.012600277539997743,0
lsa-coordinate-median-late20-seed42-20261004,3,0,conv1,max_abs,0.0034026801586151123,0
lsa-coordinate-median-late20-seed42-20261004,3,0,conv1,sparsity,0.0,0
lsa-coordinate-median-late20-seed42-20261004,3,0,conv1,skewness,1.4893212831743143,0
lsa-coordinate-median-late20-seed42-20261004,3,0,conv1,kurtosis,1.6238344306061903,0
lsa-coordinate-median-late20-seed42-20261004,3,0,conv2,mean,0.00013556596015624908,0
lsa-coordinate-median-late20-seed42-20261004,3,0,conv2,std,0.00040727039310648806,0
lsa-coordinate-median-late20-seed42-20261004,3,0,conv2,median,3.473367542028427e-05,0
lsa-coordinate-median-late20-seed42-20261004,3,0,conv2,min,-0.0016270484775304794,0
lsa-coordinate-median-late20-seed42-20261004,3,0,conv2,max,0.004016369581222534,0
lsa-coordinate-median-late20-seed42-20261004,3,0,conv2,l1,1.0490760350439814,0
lsa-coordinate-median-late20-seed42-20261004,3,0,conv2,l2,0.029238801006804014,0
lsa-coordinate-median-late20-seed42-20261004,3,0,conv2,max_abs,0.004016369581222534,0
lsa-coordinate-median-late20-seed42-20261004,3,0,conv2,sparsity,0.0,0
lsa-coordinate-median-late20-seed42-20261004,3,0,conv2,skewness,3.063597881168591,0
lsa-coordinate-median-late20-seed42-20261004,3,0,conv2,kurtosis,17.468264690019083,0
lsa-coordinate-median-late20-seed42-20261004,3,0,fc1,mean,2.3062024756337134e-05,0
lsa-coordinate-median-late20-seed42-20261004,3,0,fc1,std,0.000208277255562457,0
lsa-coordinate-median-late20-seed42-20261004,3,0,fc1,median,0.0,0
lsa-coordinate-median-late20-seed42-20261004,3,0,fc1,min,-0.0032778866589069366,0
lsa-coordinate-median-late20-seed42-20261004,3,0,fc1,max,0.003920259885489941,0
lsa-coordinate-median-late20-seed42-20261004,3,0,fc1,l1,9.798426882543936,0
lsa-coordinate-median-late20-seed42-20261004,3,0,fc1,l2,0.06640327029802084,0
lsa-coordinate-median-late20-seed42-20261004,3,0,fc1,max_abs,0.003920259885489941,0
lsa-coordinate-median-late20-seed42-20261004,3,0,fc1,sparsity,0.08655991077119184,0
lsa-coordinate-median-late20-seed42-20261004,3,0,fc1,skewness,1.6363788465168445,0
lsa-coordinate-median-late20-seed42-20261004,3,0,fc1,kurtosis,28.796755931947885,0
lsa-coordinate-median-late20-seed42-20261004,3,0,output,mean,-1.8872714673097317e-10,0
lsa-coordinate-median-late20-seed42-20261004,3,0,output,std,0.0006811898151663217,0
lsa-coordinate-median-late20-seed42-20261004,3,0,output,median,-5.885958671569824e-06,0
lsa-coordinate-median-late20-seed42-20261004,3,0,output,min,-0.003529572393745184,0
lsa-coordinate-median-late20-seed42-20261004,3,0,output,max,0.0026415064930915833,0
lsa-coordinate-median-late20-seed42-20261004,3,0,output,l1,0.2844273899390828,0
lsa-coordinate-median-late20-seed42-20261004,3,0,output,l2,0.01736700079996935,0
lsa-coordinate-median-late20-seed42-20261004,3,0,output,max_abs,0.003529572393745184,0
lsa-coordinate-median-late20-seed42-20261004,3,0,output,sparsity,0.03076923076923077,0
lsa-coordinate-median-late20-seed42-20261004,3,0,output,skewness,0.11494756940688146,0
lsa-coordinate-median-late20-seed42-20261004,3,0,output,kurtosis,3.371396820184822,0
lsa-coordinate-median-late20-seed42-20261004,3,1,conv1,mean,0.00040652063180459665,0
lsa-coordinate-median-late20-seed42-20261004,3,1,conv1,std,0.0008262370791791217,0
lsa-coordinate-median-late20-seed42-20261004,3,1,conv1,median,0.00011037290096282959,0
lsa-coordinate-median-late20-seed42-20261004,3,1,conv1,min,-0.0009554028511047363,0
lsa-coordinate-median-late20-seed42-20261004,3,1,conv1,max,0.0030654966831207275,0
lsa-coordinate-median-late20-seed42-20261004,3,1,conv1,l1,0.09184379666112363,0
lsa-coordinate-median-late20-seed42-20261004,3,1,conv1,l2,0.011647672626534484,0
lsa-coordinate-median-late20-seed42-20261004,3,1,conv1,max_abs,0.0030654966831207275,0
lsa-coordinate-median-late20-seed42-20261004,3,1,conv1,sparsity,0.0,0
lsa-coordinate-median-late20-seed42-20261004,3,1,conv1,skewness,1.3672107287161674,0
lsa-coordinate-median-late20-seed42-20261004,3,1,conv1,kurtosis,1.2773051750646705,0
lsa-coordinate-median-late20-seed42-20261004,3,1,conv2,mean,0.00011688721849231084,0
lsa-coordinate-median-late20-seed42-20261004,3,1,conv2,std,0.0003688834319731028,0
lsa-coordinate-median-late20-seed42-20261004,3,1,conv2,median,3.233179450035095e-05,0
lsa-coordinate-median-late20-seed42-20261004,3,1,conv2,min,-0.0013455115258693695,0
lsa-coordinate-median-late20-seed42-20261004,3,1,conv2,max,0.0035359282046556473,0
lsa-coordinate-median-late20-seed42-20261004,3,1,conv2,l1,0.9688207462095306,0
lsa-coordinate-median-late20-seed42-20261004,3,1,conv2,l2,0.0263587272490994,0
lsa-coordinate-median-late20-seed42-20261004,3,1,conv2,max_abs,0.0035359282046556473,0
lsa-coordinate-median-late20-seed42-20261004,3,1,conv2,sparsity,0.0010775862068965517,0
lsa-coordinate-median-late20-seed42-20261004,3,1,conv2,skewness,2.8718858784482713,0
lsa-coordinate-median-late20-seed42-20261004,3,1,conv2,kurtosis,15.687189134752089,0
lsa-coordinate-median-late20-seed42-20261004,3,1,fc1,mean,1.1827540058583346e-05,0
lsa-coordinate-median-late20-seed42-20261004,3,1,fc1,std,0.0001982531173352692,0
lsa-coordinate-median-late20-seed42-20261004,3,1,fc1,median,0.0,0
lsa-coordinate-median-late20-seed42-20261004,3,1,fc1,min,-0.003255564719438553,0
lsa-coordinate-median-late20-seed42-20261004,3,1,fc1,max,0.002995343878865242,0
lsa-coordinate-median-late20-seed42-20261004,3,1,fc1,l1,9.536058540819795,0
lsa-coordinate-median-late20-seed42-20261004,3,1,fc1,l2,0.06293510710582391,0
lsa-coordinate-median-late20-seed42-20261004,3,1,fc1,max_abs,0.003255564719438553,0
lsa-coordinate-median-late20-seed42-20261004,3,1,fc1,sparsity,0.07542622689611217,0
lsa-coordinate-median-late20-seed42-20261004,3,1,fc1,skewness,1.0033193016945052,0
lsa-coordinate-median-late20-seed42-20261004,3,1,fc1,kurtosis,26.369867726210824,0
lsa-coordinate-median-late20-seed42-20261004,3,1,output,mean,-5.69629124723948e-10,0
lsa-coordinate-median-late20-seed42-20261004,3,1,output,std,0.0006958185139047694,0
lsa-coordinate-median-late20-seed42-20261004,3,1,output,median,-6.265006959438324e-06,0
lsa-coordinate-median-late20-seed42-20261004,3,1,output,min,-0.0038947686553001404,0
lsa-coordinate-median-late20-seed42-20261004,3,1,output,max,0.0034311600029468536,0
lsa-coordinate-median-late20-seed42-20261004,3,1,output,l1,0.282018868427258,0
lsa-coordinate-median-late20-seed42-20261004,3,1,output,l2,0.0177399609016037,0
lsa-coordinate-median-late20-seed42-20261004,3,1,output,max_abs,0.0038947686553001404,0
lsa-coordinate-median-late20-seed42-20261004,3,1,output,sparsity,0.015384615384615385,0
lsa-coordinate-median-late20-seed42-20261004,3,1,output,skewness,0.7371405872935782,0
lsa-coordinate-median-late20-seed42-20261004,3,1,output,kurtosis,4.892268138373899,0
lsa-coordinate-median-late20-seed42-20261004,3,2,conv1,mean,0.00043089807295473295,0
lsa-coordinate-median-late20-seed42-20261004,3,2,conv1,std,0.0008753766886790591,0
lsa-coordinate-median-late20-seed42-20261004,3,2,conv1,median,6.0774385929107666e-05,0
lsa-coordinate-median-late20-seed42-20261004,3,2,conv1,min,-0.0011978000402450562,0
lsa-coordinate-median-late20-seed42-20261004,3,2,conv1,max,0.0033753514289855957,0
lsa-coordinate-median-late20-seed42-20261004,3,2,conv1,l1,0.09236000129021704,0
lsa-coordinate-median-late20-seed42-20261004,3,2,conv1,l2,0.012341523383173191,0
lsa-coordinate-median-late20-seed42-20261004,3,2,conv1,max_abs,0.0033753514289855957,0
lsa-coordinate-median-late20-seed42-20261004,3,2,conv1,sparsity,0.0,0
lsa-coordinate-median-late20-seed42-20261004,3,2,conv1,skewness,1.4052233521611734,0
lsa-coordinate-median-late20-seed42-20261004,3,2,conv1,kurtosis,1.342325946018363,0
lsa-coordinate-median-late20-seed42-20261004,3,2,conv2,mean,0.00012028815269551504,0
lsa-coordinate-median-late20-seed42-20261004,3,2,conv2,std,0.00039526320986003183,0
lsa-coordinate-median-late20-seed42-20261004,3,2,conv2,median,2.812175080180168e-05,0
lsa-coordinate-median-late20-seed42-20261004,3,2,conv2,min,-0.0016605239361524582,0
lsa-coordinate-median-late20-seed42-20261004,3,2,conv2,max,0.003996602259576321,0
lsa-coordinate-median-late20-seed42-20261004,3,2,conv2,l1,0.9850732623890508,0
lsa-coordinate-median-late20-seed42-20261004,3,2,conv2,l2,0.028143532394310132,0
lsa-coordinate-median-late20-seed42-20261004,3,2,conv2,max_abs,0.003996602259576321,0
lsa-coordinate-median-late20-seed42-20261004,3,2,conv2,sparsity,0.0,0
lsa-coordinate-median-late20-seed42-20261004,3,2,conv2,skewness,3.1615144216495934,0
lsa-coordinate-median-late20-seed42-20261004,3,2,conv2,kurtosis,19.000729113316716,0
lsa-coordinate-median-late20-seed42-20261004,3,2,fc1,mean,2.4896208033198642e-05,0
lsa-coordinate-median-late20-seed42-20261004,3,2,fc1,std,0.00019922032427634222,0
lsa-coordinate-median-late20-seed42-20261004,3,2,fc1,median,0.0,0
lsa-coordinate-median-late20-seed42-20261004,3,2,fc1,min,-0.0028479155153036118,0
lsa-coordinate-median-late20-seed42-20261004,3,2,fc1,max,0.0029672719538211823,0
lsa-coordinate-median-late20-seed42-20261004,3,2,fc1,l1,9.548560940085963,0
lsa-coordinate-median-late20-seed42-20261004,3,2,fc1,l2,0.06362094182242568,0
lsa-coordinate-median-late20-seed42-20261004,3,2,fc1,max_abs,0.0029672719538211823,0
lsa-coordinate-median-late20-seed42-20261004,3,2,fc1,sparsity,0.07197060229445507,0
lsa-coordinate-median-late20-seed42-20261004,3,2,fc1,skewness,1.6624828415432897,0
lsa-coordinate-median-late20-seed42-20261004,3,2,fc1,kurtosis,25.611272852138207,0
lsa-coordinate-median-late20-seed42-20261004,3,2,output,mean,-1.0316188518817608e-10,0
lsa-coordinate-median-late20-seed42-20261004,3,2,output,std,0.0006488223324547672,0
lsa-coordinate-median-late20-seed42-20261004,3,2,output,median,-5.1781535148620605e-06,0
lsa-coordinate-median-late20-seed42-20261004,3,2,output,min,-0.0029532313346862793,0
lsa-coordinate-median-late20-seed42-20261004,3,2,output,max,0.003566613420844078,0
lsa-coordinate-median-late20-seed42-20261004,3,2,output,l1,0.2666600118391216,0
lsa-coordinate-median-late20-seed42-20261004,3,2,output,l2,0.016541788670208425,0
lsa-coordinate-median-late20-seed42-20261004,3,2,output,max_abs,0.003566613420844078,0
lsa-coordinate-median-late20-seed42-20261004,3,2,output,sparsity,0.015384615384615385,0
lsa-coordinate-median-late20-seed42-20261004,3,2,output,skewness,0.6031327488725468,0
lsa-coordinate-median-late20-seed42-20261004,3,2,output,kurtosis,4.2233328931441445,0
lsa-coordinate-median-late20-seed42-20261004,3,3,conv1,mean,0.00047298182325903324,0
lsa-coordinate-median-late20-seed42-20261004,3,3,conv1,std,0.0009379890195358567,0
lsa-coordinate-median-late20-seed42-20261004,3,3,conv1,median,9.428057819604874e-05,0
lsa-coordinate-median-late20-seed42-20261004,3,3,conv1,min,-0.001041024923324585,0
lsa-coordinate-median-late20-seed42-20261004,3,3,conv1,max,0.003568023443222046,0
lsa-coordinate-median-late20-seed42-20261004,3,3,conv1,l1,0.10087174223735929,0
lsa-coordinate-median-late20-seed42-20261004,3,3,conv1,l2,0.013287800154447098,0
lsa-coordinate-median-late20-seed42-20261004,3,3,conv1,max_abs,0.003568023443222046,0
lsa-coordinate-median-late20-seed42-20261004,3,3,conv1,sparsity,0.0,0
lsa-coordinate-median-late20-seed42-20261004,3,3,conv1,skewness,1.486102724878389,0
lsa-coordinate-median-late20-seed42-20261004,3,3,conv1,kurtosis,1.6085694871293974,0
lsa-coordinate-median-late20-seed42-20261004,3,3,conv2,mean,0.00014836493428133665,0
lsa-coordinate-median-late20-seed42-20261004,3,3,conv2,std,0.00041701946773078637,0
lsa-coordinate-median-late20-seed42-20261004,3,3,conv2,median,4.087388515472412e-05,0
lsa-coordinate-median-late20-seed42-20261004,3,3,conv2,min,-0.0014880849048495293,0
lsa-coordinate-median-late20-seed42-20261004,3,3,conv2,max,0.003740980289876461,0
lsa-coordinate-median-late20-seed42-20261004,3,3,conv2,l1,1.068559351420845,0
lsa-coordinate-median-late20-seed42-20261004,3,3,conv2,l2,0.03015056700105638,0
lsa-coordinate-median-late20-seed42-20261004,3,3,conv2,max_abs,0.003740980289876461,0
lsa-coordinate-median-late20-seed42-20261004,3,3,conv2,sparsity,0.0008620689655172414,0
lsa-coordinate-median-late20-seed42-20261004,3,3,conv2,skewness,3.1348004633709454,0
lsa-coordinate-median-late20-seed42-20261004,3,3,conv2,kurtosis,15.656248234839673,0
lsa-coordinate-median-late20-seed42-20261004,3,3,fc1,mean,2.739821961014165e-05,0
lsa-coordinate-median-late20-seed42-20261004,3,3,fc1,std,0.00021442491207641977,0
lsa-coordinate-median-late20-seed42-20261004,3,3,fc1,median,0.0,0
lsa-coordinate-median-late20-seed42-20261004,3,3,fc1,min,-0.002971221227198839,0
lsa-coordinate-median-late20-seed42-20261004,3,3,fc1,max,0.0035054218024015427,0
lsa-coordinate-median-late20-seed42-20261004,3,3,fc1,l1,10.130737671884646,0
lsa-coordinate-median-late20-seed42-20261004,3,3,fc1,l2,0.06850043559793625,0
lsa-coordinate-median-late20-seed42-20261004,3,3,fc1,max_abs,0.0035054218024015427,0
lsa-coordinate-median-late20-seed42-20261004,3,3,fc1,sparsity,0.07238886233269598,0
lsa-coordinate-median-late20-seed42-20261004,3,3,fc1,skewness,1.9624839791580224,0
lsa-coordinate-median-late20-seed42-20261004,3,3,fc1,kurtosis,27.2440079533505,0
lsa-coordinate-median-late20-seed42-20261004,3,3,output,mean,-2.879040459027657e-10,0
lsa-coordinate-median-late20-seed42-20261004,3,3,output,std,0.0007486156849059301,0
lsa-coordinate-median-late20-seed42-20261004,3,3,output,median,-9.201467037200928e-06,0
lsa-coordinate-median-late20-seed42-20261004,3,3,output,min,-0.0038780230097472668,0
lsa-coordinate-median-late20-seed42-20261004,3,3,output,max,0.0041044894605875015,0
lsa-coordinate-median-late20-seed42-20261004,3,3,output,l1,0.3000135979964398,0
lsa-coordinate-median-late20-seed42-20261004,3,3,output,l2,0.019086029927586238,0
lsa-coordinate-median-late20-seed42-20261004,3,3,output,max_abs,0.0041044894605875015,0
lsa-coordinate-median-late20-seed42-20261004,3,3,output,sparsity,0.015384615384615385,0
lsa-coordinate-median-late20-seed42-20261004,3,3,output,skewness,0.875345833078198,0
lsa-coordinate-median-late20-seed42-20261004,3,3,output,kurtosis,5.446810178416563,0
lsa-coordinate-median-late20-seed42-20261004,3,4,conv1,mean,0.00045397937719826587,0
lsa-coordinate-median-late20-seed42-20261004,3,4,conv1,std,0.0009118083151667492,0
lsa-coordinate-median-late20-seed42-20261004,3,4,conv1,median,7.602572441101074e-05,0
lsa-coordinate-median-late20-seed42-20261004,3,4,conv1,min,-0.0012347698211669922,0
lsa-coordinate-median-late20-seed42-20261004,3,4,conv1,max,0.003473997116088867,0
lsa-coordinate-median-late20-seed42-20261004,3,4,conv1,l1,0.09541239880491048,0
lsa-coordinate-median-late20-seed42-20261004,3,4,conv1,l2,0.012884047056906,0
lsa-coordinate-median-late20-seed42-20261004,3,4,conv1,max_abs,0.003473997116088867,0
lsa-coordinate-median-late20-seed42-20261004,3,4,conv1,sparsity,0.0,0
lsa-coordinate-median-late20-seed42-20261004,3,4,conv1,skewness,1.5438858992264555,0
lsa-coordinate-median-late20-seed42-20261004,3,4,conv1,kurtosis,1.9061123675753562,0
lsa-coordinate-median-late20-seed42-20261004,3,4,conv2,mean,0.00012646560961017932,0
lsa-coordinate-median-late20-seed42-20261004,3,4,conv2,std,0.0004195207255525237,0
lsa-coordinate-median-late20-seed42-20261004,3,4,conv2,median,2.660416066646576e-05,0
lsa-coordinate-median-late20-seed42-20261004,3,4,conv2,min,-0.0013486770913004875,0
lsa-coordinate-median-late20-seed42-20261004,3,4,conv2,max,0.004257087595760822,0
lsa-coordinate-median-late20-seed42-20261004,3,4,conv2,l1,1.06019488234233,0
lsa-coordinate-median-late20-seed42-20261004,3,4,conv2,l2,0.02984692814447347,0
lsa-coordinate-median-late20-seed42-20261004,3,4,conv2,max_abs,0.004257087595760822,0
lsa-coordinate-median-late20-seed42-20261004,3,4,conv2,sparsity,0.00021551724137931034,0
lsa-coordinate-median-late20-seed42-20261004,3,4,conv2,skewness,3.1934252400698675,0
lsa-coordinate-median-late20-seed42-20261004,3,4,conv2,kurtosis,18.626358325450763,0
lsa-coordinate-median-late20-seed42-20261004,3,4,fc1,mean,2.1052164981512712e-05,0
lsa-coordinate-median-late20-seed42-20261004,3,4,fc1,std,0.00021431110061273338,0
lsa-coordinate-median-late20-seed42-20261004,3,4,fc1,median,0.0,0
lsa-coordinate-median-late20-seed42-20261004,3,4,fc1,min,-0.0029580313712358475,0
lsa-coordinate-median-late20-seed42-20261004,3,4,fc1,max,0.003465978428721428,0
lsa-coordinate-median-late20-seed42-20261004,3,4,fc1,l1,10.107272213524993,0
lsa-coordinate-median-late20-seed42-20261004,3,4,fc1,l2,0.06823880923116578,0
lsa-coordinate-median-late20-seed42-20261004,3,4,fc1,max_abs,0.003465978428721428,0
lsa-coordinate-median-late20-seed42-20261004,3,4,fc1,sparsity,0.0838013862332696,0
lsa-coordinate-median-late20-seed42-20261004,3,4,fc1,skewness,1.6777496889142427,0
lsa-coordinate-median-late20-seed42-20261004,3,4,fc1,kurtosis,29.372940766282014,0
lsa-coordinate-median-late20-seed42-20261004,3,4,output,mean,-2.8047137535535373e-10,0
lsa-coordinate-median-late20-seed42-20261004,3,4,output,std,0.0007831627449069015,0
lsa-coordinate-median-late20-seed42-20261004,3,4,output,median,-9.484589099884033e-06,0
lsa-coordinate-median-late20-seed42-20261004,3,4,output,min,-0.004670433700084686,0
lsa-coordinate-median-late20-seed42-20261004,3,4,output,max,0.005327358841896057,0
lsa-coordinate-median-late20-seed42-20261004,3,4,output,l1,0.30820462782867253,0
lsa-coordinate-median-late20-seed42-20261004,3,4,output,l2,0.019966810592997174,0
lsa-coordinate-median-late20-seed42-20261004,3,4,output,max_abs,0.005327358841896057,0
lsa-coordinate-median-late20-seed42-20261004,3,4,output,sparsity,0.03076923076923077,0
lsa-coordinate-median-late20-seed42-20261004,3,4,output,skewness,0.9932853267132558,0
lsa-coordinate-median-late20-seed42-20261004,3,4,output,kurtosis,8.156185182863341,0
lsa-coordinate-median-late20-seed42-20261004,4,0,conv1,mean,0.0007201808832178358,0
lsa-coordinate-median-late20-seed42-20261004,4,0,conv1,std,0.0013100306589842407,0
lsa-coordinate-median-late20-seed42-20261004,4,0,conv1,median,9.815767407417297e-05,0
lsa-coordinate-median-late20-seed42-20261004,4,0,conv1,min,-0.0012983530759811401,0
lsa-coordinate-median-late20-seed42-20261004,4,0,conv1,max,0.005018740892410278,0
lsa-coordinate-median-late20-seed42-20261004,4,0,conv1,l1,0.13949686603154987,0
lsa-coordinate-median-late20-seed42-20261004,4,0,conv1,l2,0.01890964127435994,0
lsa-coordinate-median-late20-seed42-20261004,4,0,conv1,max_abs,0.005018740892410278,0
lsa-coordinate-median-late20-seed42-20261004,4,0,conv1,sparsity,0.0,0
lsa-coordinate-median-late20-seed42-20261004,4,0,conv1,skewness,1.5015678067682834,0
lsa-coordinate-median-late20-seed42-20261004,4,0,conv1,kurtosis,1.434036877697097,0
lsa-coordinate-median-late20-seed42-20261004,4,0,conv2,mean,0.0001940077905099566,0
lsa-coordinate-median-late20-seed42-20261004,4,0,conv2,std,0.0005312149499863343,0
lsa-coordinate-median-late20-seed42-20261004,4,0,conv2,median,4.975125193595886e-05,0
lsa-coordinate-median-late20-seed42-20261004,4,0,conv2,min,-0.0013925954699516296,0
lsa-coordinate-median-late20-seed42-20261004,4,0,conv2,max,0.005404345691204071,0
lsa-coordinate-median-late20-seed42-20261004,4,0,conv2,l1,1.3316196933883475,0
lsa-coordinate-median-late20-seed42-20261004,4,0,conv2,l2,0.038522766318443175,0
lsa-coordinate-median-late20-seed42-20261004,4,0,conv2,max_abs,0.005404345691204071,0
lsa-coordinate-median-late20-seed42-20261004,4,0,conv2,sparsity,0.0,0
lsa-coordinate-median-late20-seed42-20261004,4,0,conv2,skewness,3.4112492925454334,0
lsa-coordinate-median-late20-seed42-20261004,4,0,conv2,kurtosis,18.848416975602177,0
lsa-coordinate-median-late20-seed42-20261004,4,0,fc1,mean,3.0951101170436993e-05,0
lsa-coordinate-median-late20-seed42-20261004,4,0,fc1,std,0.00023315749869686145,0
lsa-coordinate-median-late20-seed42-20261004,4,0,fc1,median,3.91155481338501e-08,0
lsa-coordinate-median-late20-seed42-20261004,4,0,fc1,min,-0.003625813638791442,0
lsa-coordinate-median-late20-seed42-20261004,4,0,fc1,max,0.004280440509319305,0
lsa-coordinate-median-late20-seed42-20261004,4,0,fc1,l1,10.726328818228922,0
lsa-coordinate-median-late20-seed42-20261004,4,0,fc1,l2,0.0745322230206952,0
lsa-coordinate-median-late20-seed42-20261004,4,0,fc1,max_abs,0.004280440509319305,0
lsa-coordinate-median-late20-seed42-20261004,4,0,fc1,sparsity,0.07595403123008286,0
lsa-coordinate-median-late20-seed42-20261004,4,0,fc1,skewness,2.0690023996698663,0
lsa-coordinate-median-late20-seed42-20261004,4,0,fc1,kurtosis,32.01374022994211,0
lsa-coordinate-median-late20-seed42-20261004,4,0,output,mean,-4.4676618507275215e-10,0
lsa-coordinate-median-late20-seed42-20261004,4,0,output,std,0.0008459540708727688,0
lsa-coordinate-median-late20-seed42-20261004,4,0,output,median,-2.6030465960502625e-06,0
lsa-coordinate-median-late20-seed42-20261004,4,0,output,min,-0.003557105315849185,0
lsa-coordinate-median-late20-seed42-20261004,4,0,output,max,0.0033763274550437927,0
lsa-coordinate-median-late20-seed42-20261004,4,0,output,l1,0.3538706270628609,0
lsa-coordinate-median-late20-seed42-20261004,4,0,output,l2,0.021567681574920516,0
lsa-coordinate-median-late20-seed42-20261004,4,0,output,max_abs,0.003557105315849185,0
lsa-coordinate-median-late20-seed42-20261004,4,0,output,sparsity,0.015384615384615385,0
lsa-coordinate-median-late20-seed42-20261004,4,0,output,skewness,0.17755639905409182,0
lsa-coordinate-median-late20-seed42-20261004,4,0,output,kurtosis,2.388256386981203,0
lsa-coordinate-median-late20-seed42-20261004,4,1,conv1,mean,0.0006596612933208234,0
lsa-coordinate-median-late20-seed42-20261004,4,1,conv1,std,0.0012327001344467493,0
lsa-coordinate-median-late20-seed42-20261004,4,1,conv1,median,8.164718747138977e-05,0
lsa-coordinate-median-late20-seed42-20261004,4,1,conv1,min,-0.0011837780475616455,0
lsa-coordinate-median-late20-seed42-20261004,4,1,conv1,max,0.004703164100646973,0
lsa-coordinate-median-late20-seed42-20261004,4,1,conv1,l1,0.13154946570284665,0
lsa-coordinate-median-late20-seed42-20261004,4,1,conv1,l2,0.0176848076873716,0
lsa-coordinate-median-late20-seed42-20261004,4,1,conv1,max_abs,0.004703164100646973,0
lsa-coordinate-median-late20-seed42-20261004,4,1,conv1,sparsity,0.0,0
lsa-coordinate-median-late20-seed42-20261004,4,1,conv1,skewness,1.4636944948690243,0
lsa-coordinate-median-late20-seed42-20261004,4,1,conv1,kurtosis,1.2934633222794787,0
lsa-coordinate-median-late20-seed42-20261004,4,1,conv2,mean,0.00017532229028935538,0
lsa-coordinate-median-late20-seed42-20261004,4,1,conv2,std,0.0004887338005157348,0
lsa-coordinate-median-late20-seed42-20261004,4,1,conv2,median,4.659593105316162e-05,0
lsa-coordinate-median-late20-seed42-20261004,4,1,conv2,min,-0.0013006925582885742,0
lsa-coordinate-median-late20-seed42-20261004,4,1,conv2,max,0.005124107003211975,0
lsa-coordinate-median-late20-seed42-20261004,4,1,conv2,l1,1.2331516887152247,0
lsa-coordinate-median-late20-seed42-20261004,4,1,conv2,l2,0.035368597063331564,0
lsa-coordinate-median-late20-seed42-20261004,4,1,conv2,max_abs,0.005124107003211975,0
lsa-coordinate-median-late20-seed42-20261004,4,1,conv2,sparsity,0.0010775862068965517,0
lsa-coordinate-median-late20-seed42-20261004,4,1,conv2,skewness,3.468897020613612,0
lsa-coordinate-median-late20-seed42-20261004,4,1,conv2,kurtosis,20.304661881873418,0
lsa-coordinate-median-late20-seed42-20261004,4,1,fc1,mean,1.7284934397010862e-05,0
lsa-coordinate-median-late20-seed42-20261004,4,1,fc1,std,0.00021950899597329335,0
lsa-coordinate-median-late20-seed42-20261004,4,1,fc1,median,0.0,0
lsa-coordinate-median-late20-seed42-20261004,4,1,fc1,min,-0.003405890427529812,0
lsa-coordinate-median-late20-seed42-20261004,4,1,fc1,max,0.0038351155817508698,0
lsa-coordinate-median-late20-seed42-20261004,4,1,fc1,l1,10.43545233152372,0
lsa-coordinate-median-late20-seed42-20261004,4,1,fc1,l2,0.06977439173387094,0
lsa-coordinate-median-late20-seed42-20261004,4,1,fc1,max_abs,0.0038351155817508698,0
lsa-coordinate-median-late20-seed42-20261004,4,1,fc1,sparsity,0.07575485978330146,0
lsa-coordinate-median-late20-seed42-20261004,4,1,fc1,skewness,1.4195926510351626,0
lsa-coordinate-median-late20-seed42-20261004,4,1,fc1,kurtosis,27.13148335799877,0
lsa-coordinate-median-late20-seed42-20261004,4,1,output,mean,-3.001276546945939e-10,0
lsa-coordinate-median-late20-seed42-20261004,4,1,output,std,0.0008624790011510387,0
lsa-coordinate-median-late20-seed42-20261004,4,1,output,median,-4.030764102935791e-06,0
lsa-coordinate-median-late20-seed42-20261004,4,1,output,min,-0.0038442015647888184,0
lsa-coordinate-median-late20-seed42-20261004,4,1,output,max,0.0040926821529865265,0
lsa-coordinate-median-late20-seed42-20261004,4,1,output,l1,0.3492269369016867,0
lsa-coordinate-median-late20-seed42-20261004,4,1,output,l2,0.02198898628466713,0
lsa-coordinate-median-late20-seed42-20261004,4,1,output,max_abs,0.0040926821529865265,0
lsa-coordinate-median-late20-seed42-20261004,4,1,output,sparsity,0.015384615384615385,0
lsa-coordinate-median-late20-seed42-20261004,4,1,output,skewness,0.8171855362590914,0
lsa-coordinate-median-late20-seed42-20261004,4,1,output,kurtosis,4.069810966479899,0
lsa-coordinate-median-late20-seed42-20261004,4,2,conv1,mean,0.0006796777823183219,0
lsa-coordinate-median-late20-seed42-20261004,4,2,conv1,std,0.0012765423165108532,0
lsa-coordinate-median-late20-seed42-20261004,4,2,conv1,median,8.391216397285461e-05,0
lsa-coordinate-median-late20-seed42-20261004,4,2,conv1,min,-0.0014174282550811768,0
lsa-coordinate-median-late20-seed42-20261004,4,2,conv1,max,0.004980504512786865,0
lsa-coordinate-median-late20-seed42-20261004,4,2,conv1,l1,0.13413961336482316,0
lsa-coordinate-median-late20-seed42-20261004,4,2,conv1,l2,0.01829326509344922,0
lsa-coordinate-median-late20-seed42-20261004,4,2,conv1,max_abs,0.004980504512786865,0
lsa-coordinate-median-late20-seed42-20261004,4,2,conv1,sparsity,0.0,0
lsa-coordinate-median-late20-seed42-20261004,4,2,conv1,skewness,1.4857182618214417,0
lsa-coordinate-median-late20-seed42-20261004,4,2,conv1,kurtosis,1.4047562353514147,0
lsa-coordinate-median-late20-seed42-20261004,4,2,conv2,mean,0.0001760436210337628,0
lsa-coordinate-median-late20-seed42-20261004,4,2,conv2,std,0.000511703796282573,0
lsa-coordinate-median-late20-seed42-20261004,4,2,conv2,median,3.982335329055786e-05,0
lsa-coordinate-median-late20-seed42-20261004,4,2,conv2,min,-0.001588442362844944,0
lsa-coordinate-median-late20-seed42-20261004,4,2,conv2,max,0.00554201565682888,0
lsa-coordinate-median-late20-seed42-20261004,4,2,conv2,l1,1.2348129823731142,0
lsa-coordinate-median-late20-seed42-20261004,4,2,conv2,l2,0.03686110539300439,0
lsa-coordinate-median-late20-seed42-20261004,4,2,conv2,max_abs,0.00554201565682888,0
lsa-coordinate-median-late20-seed42-20261004,4,2,conv2,sparsity,0.0,0
lsa-coordinate-median-late20-seed42-20261004,4,2,conv2,skewness,3.676090037071231,0
lsa-coordinate-median-late20-seed42-20261004,4,2,conv2,kurtosis,22.569852797832322,0
lsa-coordinate-median-late20-seed42-20261004,4,2,fc1,mean,3.365526384980162e-05,0
lsa-coordinate-median-late20-seed42-20261004,4,2,fc1,std,0.0002189282960744759,0
lsa-coordinate-median-late20-seed42-20261004,4,2,fc1,median,1.4633405953645706e-07,0
lsa-coordinate-median-late20-seed42-20261004,4,2,fc1,min,-0.0029707178473472595,0
lsa-coordinate-median-late20-seed42-20261004,4,2,fc1,max,0.003605492413043976,0
lsa-coordinate-median-late20-seed42-20261004,4,2,fc1,l1,10.401284505736044,0
lsa-coordinate-median-late20-seed42-20261004,4,2,fc1,l2,0.0701900097402741,0
lsa-coordinate-median-late20-seed42-20261004,4,2,fc1,max_abs,0.003605492413043976,0
lsa-coordinate-median-late20-seed42-20261004,4,2,fc1,sparsity,0.0750278840025494,0
lsa-coordinate-median-late20-seed42-20261004,4,2,fc1,skewness,1.9106503862178135,0
lsa-coordinate-median-late20-seed42-20261004,4,2,fc1,kurtosis,24.968201336439286,0
lsa-coordinate-median-late20-seed42-20261004,4,2,output,mean,-2.6184492386304414e-10,0
lsa-coordinate-median-late20-seed42-20261004,4,2,output,std,0.0008166459041634872,0
lsa-coordinate-median-late20-seed42-20261004,4,2,output,median,-4.470348358154297e-06,0
lsa-coordinate-median-late20-seed42-20261004,4,2,output,min,-0.0033019743859767914,0
lsa-coordinate-median-late20-seed42-20261004,4,2,output,max,0.004215361550450325,0
lsa-coordinate-median-late20-seed42-20261004,4,2,output,l1,0.3309683189727366,0
lsa-coordinate-median-late20-seed42-20261004,4,2,output,l2,0.02082046700512729,0
lsa-coordinate-median-late20-seed42-20261004,4,2,output,max_abs,0.004215361550450325,0
lsa-coordinate-median-late20-seed42-20261004,4,2,output,sparsity,0.015384615384615385,0
lsa-coordinate-median-late20-seed42-20261004,4,2,output,skewness,0.6466325356643243,0
lsa-coordinate-median-late20-seed42-20261004,4,2,output,kurtosis,4.186820460833459,0
lsa-coordinate-median-late20-seed42-20261004,4,3,conv1,mean,0.0007550416041340214,0
lsa-coordinate-median-late20-seed42-20261004,4,3,conv1,std,0.0014106704897181256,0
lsa-coordinate-median-late20-seed42-20261004,4,3,conv1,median,7.303059101104736e-05,0
lsa-coordinate-median-late20-seed42-20261004,4,3,conv1,min,-0.0014795809984207153,0
lsa-coordinate-median-late20-seed42-20261004,4,3,conv1,max,0.005494147539138794,0
lsa-coordinate-median-late20-seed42-20261004,4,3,conv1,l1,0.14742994669359177,0
lsa-coordinate-median-late20-seed42-20261004,4,3,conv1,l2,0.02023888951315206,0
lsa-coordinate-median-late20-seed42-20261004,4,3,conv1,max_abs,0.005494147539138794,0
lsa-coordinate-median-late20-seed42-20261004,4,3,conv1,sparsity,0.0,0
lsa-coordinate-median-late20-seed42-20261004,4,3,conv1,skewness,1.5120159206023325,0
lsa-coordinate-median-late20-seed42-20261004,4,3,conv1,kurtosis,1.5295162910770088,0
lsa-coordinate-median-late20-seed42-20261004,4,3,conv2,mean,0.0002179871244211113,0
lsa-coordinate-median-late20-seed42-20261004,4,3,conv2,std,0.0005496042627827617,0
lsa-coordinate-median-late20-seed42-20261004,4,3,conv2,median,5.8877281844615936e-05,0
lsa-coordinate-median-late20-seed42-20261004,4,3,conv2,min,-0.0014564050361514091,0
lsa-coordinate-median-late20-seed42-20261004,4,3,conv2,max,0.0053936392068862915,0
lsa-coordinate-median-late20-seed42-20261004,4,3,conv2,l1,1.3610947595134348,0
lsa-coordinate-median-late20-seed42-20261004,4,3,conv2,l2,0.040274882952805555,0
lsa-coordinate-median-late20-seed42-20261004,4,3,conv2,max_abs,0.0053936392068862915,0
lsa-coordinate-median-late20-seed42-20261004,4,3,conv2,sparsity,0.0004310344827586207,0
lsa-coordinate-median-late20-seed42-20261004,4,3,conv2,skewness,3.5225722960218326,0
lsa-coordinate-median-late20-seed42-20261004,4,3,conv2,kurtosis,18.598925362466463,0
lsa-coordinate-median-late20-seed42-20261004,4,3,fc1,mean,3.267072724138126e-05,0
lsa-coordinate-median-late20-seed42-20261004,4,3,fc1,std,0.00022990506246660204,0
lsa-coordinate-median-late20-seed42-20261004,4,3,fc1,median,0.0,0
lsa-coordinate-median-late20-seed42-20261004,4,3,fc1,min,-0.002707553096115589,0
lsa-coordinate-median-late20-seed42-20261004,4,3,fc1,max,0.003792833536863327,0
lsa-coordinate-median-late20-seed42-20261004,4,3,fc1,l1,10.679516535264668,0
lsa-coordinate-median-late20-seed42-20261004,4,3,fc1,l2,0.07358534964052596,0
lsa-coordinate-median-late20-seed42-20261004,4,3,fc1,max_abs,0.003792833536863327,0
lsa-coordinate-median-late20-seed42-20261004,4,3,fc1,sparsity,0.08355242192479286,0
lsa-coordinate-median-late20-seed42-20261004,4,3,fc1,skewness,2.2421288435316202,0
lsa-coordinate-median-late20-seed42-20261004,4,3,fc1,kurtosis,28.541566002283098,0
lsa-coordinate-median-late20-seed42-20261004,4,3,output,mean,1.1910182925371023e-11,0
lsa-coordinate-median-late20-seed42-20261004,4,3,output,std,0.0009226943603769374,0
lsa-coordinate-median-late20-seed42-20261004,4,3,output,median,-5.4836273193359375e-06,0
lsa-coordinate-median-late20-seed42-20261004,4,3,output,min,-0.003846274223178625,0
lsa-coordinate-median-late20-seed42-20261004,4,3,output,max,0.004878979176282883,0
lsa-coordinate-median-late20-seed42-20261004,4,3,output,l1,0.371651487366762,0
lsa-coordinate-median-late20-seed42-20261004,4,3,output,l2,0.023524182743220087,0
lsa-coordinate-median-late20-seed42-20261004,4,3,output,max_abs,0.004878979176282883,0
lsa-coordinate-median-late20-seed42-20261004,4,3,output,sparsity,0.03076923076923077,0
lsa-coordinate-median-late20-seed42-20261004,4,3,output,skewness,0.9732782288616034,0
lsa-coordinate-median-late20-seed42-20261004,4,3,output,kurtosis,4.855990814412327,0
lsa-coordinate-median-late20-seed42-20261004,4,4,conv1,mean,0.000733605540881399,0
lsa-coordinate-median-late20-seed42-20261004,4,4,conv1,std,0.0013662397457513157,0
lsa-coordinate-median-late20-seed42-20261004,4,4,conv1,median,9.075552225112915e-05,0
lsa-coordinate-median-late20-seed42-20261004,4,4,conv1,min,-0.0014728009700775146,0
lsa-coordinate-median-late20-seed42-20261004,4,4,conv1,max,0.005307793617248535,0
lsa-coordinate-median-late20-seed42-20261004,4,4,conv1,l1,0.14188493019901216,0
lsa-coordinate-median-late20-seed42-20261004,4,4,conv1,l2,0.019615455671413845,0
lsa-coordinate-median-late20-seed42-20261004,4,4,conv1,max_abs,0.005307793617248535,0
lsa-coordinate-median-late20-seed42-20261004,4,4,conv1,sparsity,0.0,0
lsa-coordinate-median-late20-seed42-20261004,4,4,conv1,skewness,1.5659013526022991,0
lsa-coordinate-median-late20-seed42-20261004,4,4,conv1,kurtosis,1.6845960736048262,0
lsa-coordinate-median-late20-seed42-20261004,4,4,conv2,mean,0.00018942512768199807,0
lsa-coordinate-median-late20-seed42-20261004,4,4,conv2,std,0.000552934933570788,0
lsa-coordinate-median-late20-seed42-20261004,4,4,conv2,median,4.022754728794098e-05,0
lsa-coordinate-median-late20-seed42-20261004,4,4,conv2,min,-0.0014250054955482483,0
lsa-coordinate-median-late20-seed42-20261004,4,4,conv2,max,0.0060112364590168,0
lsa-coordinate-median-late20-seed42-20261004,4,4,conv2,l1,1.326065146829933,0
lsa-coordinate-median-late20-seed42-20261004,4,4,conv2,l2,0.039813462392608696,0
lsa-coordinate-median-late20-seed42-20261004,4,4,conv2,max_abs,0.0060112364590168,0
lsa-coordinate-median-late20-seed42-20261004,4,4,conv2,sparsity,0.00021551724137931034,0
lsa-coordinate-median-late20-seed42-20261004,4,4,conv2,skewness,3.7522415494136334,0
lsa-coordinate-median-late20-seed42-20261004,4,4,conv2,kurtosis,23.126952440360313,0
lsa-coordinate-median-late20-seed42-20261004,4,4,fc1,mean,3.0162923614353893e-05,0
lsa-coordinate-median-late20-seed42-20261004,4,4,fc1,std,0.0002360997157391065,0
lsa-coordinate-median-late20-seed42-20261004,4,4,fc1,median,0.0,0
lsa-coordinate-median-late20-seed42-20261004,4,4,fc1,min,-0.0030015353113412857,0
lsa-coordinate-median-late20-seed42-20261004,4,4,fc1,max,0.004136534407734871,0
lsa-coordinate-median-late20-seed42-20261004,4,4,fc1,l1,11.034936233251699,0
lsa-coordinate-median-late20-seed42-20261004,4,4,fc1,l2,0.07542450112822871,0
lsa-coordinate-median-late20-seed42-20261004,4,4,fc1,max_abs,0.004136534407734871,0
lsa-coordinate-median-late20-seed42-20261004,4,4,fc1,sparsity,0.08309432759719566,0
lsa-coordinate-median-late20-seed42-20261004,4,4,fc1,skewness,2.188419973832717,0
lsa-coordinate-median-late20-seed42-20261004,4,4,fc1,kurtosis,30.63264275919891,0
lsa-coordinate-median-late20-seed42-20261004,4,4,output,mean,3.5936514345499185e-10,0
lsa-coordinate-median-late20-seed42-20261004,4,4,output,std,0.000956308231326749,0
lsa-coordinate-median-late20-seed42-20261004,4,4,output,median,-5.947425961494446e-06,0
lsa-coordinate-median-late20-seed42-20261004,4,4,output,min,-0.0046149566769599915,0
lsa-coordinate-median-late20-seed42-20261004,4,4,output,max,0.005171380937099457,0
lsa-coordinate-median-late20-seed42-20261004,4,4,output,l1,0.38120413693832234,0
lsa-coordinate-median-late20-seed42-20261004,4,4,output,l2,0.024381171662724202,0
lsa-coordinate-median-late20-seed42-20261004,4,4,output,max_abs,0.005171380937099457,0
lsa-coordinate-median-late20-seed42-20261004,4,4,output,sparsity,0.03076923076923077,0
lsa-coordinate-median-late20-seed42-20261004,4,4,output,skewness,1.0432464773403776,0
lsa-coordinate-median-late20-seed42-20261004,4,4,output,kurtosis,5.57445871738739,0
lsa-coordinate-median-late20-seed42-20261004,5,0,conv1,mean,0.0010908273994573391,0
lsa-coordinate-median-late20-seed42-20261004,5,0,conv1,std,0.001898164781735931,0
lsa-coordinate-median-late20-seed42-20261004,5,0,conv1,median,0.00021167472004890442,0
lsa-coordinate-median-late20-seed42-20261004,5,0,conv1,min,-0.001743704080581665,0
lsa-coordinate-median-late20-seed42-20261004,5,0,conv1,max,0.007191449403762817,0
lsa-coordinate-median-late20-seed42-20261004,5,0,conv1,l1,0.2031337923835963,0
lsa-coordinate-median-late20-seed42-20261004,5,0,conv1,l2,0.02769240749094806,0
lsa-coordinate-median-late20-seed42-20261004,5,0,conv1,max_abs,0.007191449403762817,0
lsa-coordinate-median-late20-seed42-20261004,5,0,conv1,sparsity,0.0,0
lsa-coordinate-median-late20-seed42-20261004,5,0,conv1,skewness,1.4760518578832134,0
lsa-coordinate-median-late20-seed42-20261004,5,0,conv1,kurtosis,1.2254639873941597,0
lsa-coordinate-median-late20-seed42-20261004,5,0,conv2,mean,0.0002611639522781623,0
lsa-coordinate-median-late20-seed42-20261004,5,0,conv2,std,0.0006890495849108906,0
lsa-coordinate-median-late20-seed42-20261004,5,0,conv2,median,6.460770964622498e-05,0
lsa-coordinate-median-late20-seed42-20261004,5,0,conv2,min,-0.0016135945916175842,0
lsa-coordinate-median-late20-seed42-20261004,5,0,conv2,max,0.0074335262179374695,0
lsa-coordinate-median-late20-seed42-20261004,5,0,conv2,l1,1.678274056479495,0
lsa-coordinate-median-late20-seed42-20261004,5,0,conv2,l2,0.050194632816869506,0
lsa-coordinate-median-late20-seed42-20261004,5,0,conv2,max_abs,0.0074335262179374695,0
lsa-coordinate-median-late20-seed42-20261004,5,0,conv2,sparsity,0.0,0
lsa-coordinate-median-late20-seed42-20261004,5,0,conv2,skewness,3.721769227457818,0
lsa-coordinate-median-late20-seed42-20261004,5,0,conv2,kurtosis,21.959017117191518,0
lsa-coordinate-median-late20-seed42-20261004,5,0,fc1,mean,3.682228988511724e-05,0
lsa-coordinate-median-late20-seed42-20261004,5,0,fc1,std,0.0002681608402554558,0
lsa-coordinate-median-late20-seed42-20261004,5,0,fc1,median,3.3527612686157227e-08,0
lsa-coordinate-median-late20-seed42-20261004,5,0,fc1,min,-0.0040906378999352455,0
lsa-coordinate-median-late20-seed42-20261004,5,0,fc1,max,0.004838373512029648,0
lsa-coordinate-median-late20-seed42-20261004,5,0,fc1,l1,12.300916331687631,0
lsa-coordinate-median-late20-seed42-20261004,5,0,fc1,l2,0.08577348327238196,0
lsa-coordinate-median-late20-seed42-20261004,5,0,fc1,max_abs,0.004838373512029648,0
lsa-coordinate-median-late20-seed42-20261004,5,0,fc1,sparsity,0.07511751115360102,0
lsa-coordinate-median-late20-seed42-20261004,5,0,fc1,skewness,2.1782030784405495,0
lsa-coordinate-median-late20-seed42-20261004,5,0,fc1,kurtosis,33.02696449900558,0
lsa-coordinate-median-late20-seed42-20261004,5,0,output,mean,-3.500071425850575e-10,0
lsa-coordinate-median-late20-seed42-20261004,5,0,output,std,0.0010912311060295439,0
lsa-coordinate-median-late20-seed42-20261004,5,0,output,median,-3.043562173843384e-06,0
lsa-coordinate-median-late20-seed42-20261004,5,0,output,min,-0.004352353513240814,0
lsa-coordinate-median-late20-seed42-20261004,5,0,output,max,0.004350088536739349,0
lsa-coordinate-median-late20-seed42-20261004,5,0,output,l1,0.46204098759335466,0
lsa-coordinate-median-late20-seed42-20261004,5,0,output,l2,0.02782104351742184,0
lsa-coordinate-median-late20-seed42-20261004,5,0,output,max_abs,0.004352353513240814,0
lsa-coordinate-median-late20-seed42-20261004,5,0,output,sparsity,0.015384615384615385,0
lsa-coordinate-median-late20-seed42-20261004,5,0,output,skewness,0.20898382269535878,0
lsa-coordinate-median-late20-seed42-20261004,5,0,output,kurtosis,2.035637940411423,0
lsa-coordinate-median-late20-seed42-20261004,5,1,conv1,mean,0.0010197829724347685,0
lsa-coordinate-median-late20-seed42-20261004,5,1,conv1,std,0.0018000775025454508,0
lsa-coordinate-median-late20-seed42-20261004,5,1,conv1,median,0.00020241737365722656,0
lsa-coordinate-median-late20-seed42-20261004,5,1,conv1,min,-0.0015132427215576172,0
lsa-coordinate-median-late20-seed42-20261004,5,1,conv1,max,0.00694584846496582,0
lsa-coordinate-median-late20-seed42-20261004,5,1,conv1,l1,0.19208091555628926,0
lsa-coordinate-median-late20-seed42-20261004,5,1,conv1,l2,0.02616940603388058,0
lsa-coordinate-median-late20-seed42-20261004,5,1,conv1,max_abs,0.00694584846496582,0
lsa-coordinate-median-late20-seed42-20261004,5,1,conv1,sparsity,0.0,0
lsa-coordinate-median-late20-seed42-20261004,5,1,conv1,skewness,1.4850763751712281,0
lsa-coordinate-median-late20-seed42-20261004,5,1,conv1,kurtosis,1.2638850854634445,0
lsa-coordinate-median-late20-seed42-20261004,5,1,conv2,mean,0.00023942645712685557,0
lsa-coordinate-median-late20-seed42-20261004,5,1,conv2,std,0.0006580868603109091,0
lsa-coordinate-median-late20-seed42-20261004,5,1,conv2,median,6.153807044029236e-05,0
lsa-coordinate-median-late20-seed42-20261004,5,1,conv2,min,-0.0016737356781959534,0
lsa-coordinate-median-late20-seed42-20261004,5,1,conv2,max,0.0071363188326358795,0
lsa-coordinate-median-late20-seed42-20261004,5,1,conv2,l1,1.599298144070417,0
lsa-coordinate-median-late20-seed42-20261004,5,1,conv2,l2,0.0477019026513609,0
lsa-coordinate-median-late20-seed42-20261004,5,1,conv2,max_abs,0.0071363188326358795,0
lsa-coordinate-median-late20-seed42-20261004,5,1,conv2,sparsity,0.000646551724137931,0
lsa-coordinate-median-late20-seed42-20261004,5,1,conv2,skewness,3.7937355531250776,0
lsa-coordinate-median-late20-seed42-20261004,5,1,conv2,kurtosis,23.072222962085878,0
lsa-coordinate-median-late20-seed42-20261004,5,1,fc1,mean,2.3744843408883665e-05,0
lsa-coordinate-median-late20-seed42-20261004,5,1,fc1,std,0.0002559344336812294,0
lsa-coordinate-median-late20-seed42-20261004,5,1,fc1,median,0.0,0
lsa-coordinate-median-late20-seed42-20261004,5,1,fc1,min,-0.0039578452706336975,0
lsa-coordinate-median-late20-seed42-20261004,5,1,fc1,max,0.004211153835058212,0
lsa-coordinate-median-late20-seed42-20261004,5,1,fc1,l1,12.029932524599417,0
lsa-coordinate-median-late20-seed42-20261004,5,1,fc1,l2,0.08145003839181547,0
lsa-coordinate-median-late20-seed42-20261004,5,1,fc1,max_abs,0.004211153835058212,0
lsa-coordinate-median-late20-seed42-20261004,5,1,fc1,sparsity,0.0732652166985341,0
lsa-coordinate-median-late20-seed42-20261004,5,1,fc1,skewness,1.789544701761898,0
lsa-coordinate-median-late20-seed42-20261004,5,1,fc1,kurtosis,28.600970134755332,0
lsa-coordinate-median-late20-seed42-20261004,5,1,output,mean,2.5065114291814655e-10,0
lsa-coordinate-median-late20-seed42-20261004,5,1,output,std,0.0011120854192240618,0
lsa-coordinate-median-late20-seed42-20261004,5,1,output,median,-3.4347176551818848e-06,0
lsa-coordinate-median-late20-seed42-20261004,5,1,output,min,-0.003999561071395874,0
lsa-coordinate-median-late20-seed42-20261004,5,1,output,max,0.004990030080080032,0
lsa-coordinate-median-late20-seed42-20261004,5,1,output,l1,0.45072769332909957,0
lsa-coordinate-median-late20-seed42-20261004,5,1,output,l2,0.028352726267028238,0
lsa-coordinate-median-late20-seed42-20261004,5,1,output,max_abs,0.004990030080080032,0
lsa-coordinate-median-late20-seed42-20261004,5,1,output,sparsity,0.015384615384615385,0
lsa-coordinate-median-late20-seed42-20261004,5,1,output,skewness,0.849665579855896,0
lsa-coordinate-median-late20-seed42-20261004,5,1,output,kurtosis,3.7441099864310114,0
lsa-coordinate-median-late20-seed42-20261004,5,2,conv1,mean,0.0010379414539784192,0
lsa-coordinate-median-late20-seed42-20261004,5,2,conv1,std,0.0018430283402922389,0
lsa-coordinate-median-late20-seed42-20261004,5,2,conv1,median,0.0001586340367794037,0
lsa-coordinate-median-late20-seed42-20261004,5,2,conv1,min,-0.001750558614730835,0
lsa-coordinate-median-late20-seed42-20261004,5,2,conv1,max,0.00710982084274292,0
lsa-coordinate-median-late20-seed42-20261004,5,2,conv1,l1,0.19459599535912275,0
lsa-coordinate-median-late20-seed42-20261004,5,2,conv1,l2,0.02675541343356802,0
lsa-coordinate-median-late20-seed42-20261004,5,2,conv1,max_abs,0.00710982084274292,0
lsa-coordinate-median-late20-seed42-20261004,5,2,conv1,sparsity,0.0,0
lsa-coordinate-median-late20-seed42-20261004,5,2,conv1,skewness,1.4844844704551525,0
lsa-coordinate-median-late20-seed42-20261004,5,2,conv1,kurtosis,1.255411403031613,0
lsa-coordinate-median-late20-seed42-20261004,5,2,conv2,mean,0.00025336622945403556,0
lsa-coordinate-median-late20-seed42-20261004,5,2,conv2,std,0.0006691592537549612,0
lsa-coordinate-median-late20-seed42-20261004,5,2,conv2,median,6.0667283833026886e-05,0
lsa-coordinate-median-late20-seed42-20261004,5,2,conv2,min,-0.0017036348581314087,0
lsa-coordinate-median-late20-seed42-20261004,5,2,conv2,max,0.007325127720832825,0
lsa-coordinate-median-late20-seed42-20261004,5,2,conv2,l1,1.5989645420841043,0
lsa-coordinate-median-late20-seed42-20261004,5,2,conv2,l2,0.04873945102734892,0
lsa-coordinate-median-late20-seed42-20261004,5,2,conv2,max_abs,0.007325127720832825,0
lsa-coordinate-median-late20-seed42-20261004,5,2,conv2,sparsity,0.0,0
lsa-coordinate-median-late20-seed42-20261004,5,2,conv2,skewness,3.863912527916736,0
lsa-coordinate-median-late20-seed42-20261004,5,2,conv2,kurtosis,23.75363161219544,0
lsa-coordinate-median-late20-seed42-20261004,5,2,fc1,mean,4.4873953065692774e-05,0
lsa-coordinate-median-late20-seed42-20261004,5,2,fc1,std,0.00025310083380810364,0
lsa-coordinate-median-late20-seed42-20261004,5,2,fc1,median,2.2258609533309937e-07,0
lsa-coordinate-median-late20-seed42-20261004,5,2,fc1,min,-0.003736319951713085,0
lsa-coordinate-median-late20-seed42-20261004,5,2,fc1,max,0.004209540784358978,0
lsa-coordinate-median-late20-seed42-20261004,5,2,fc1,l1,12.194158162549456,0
lsa-coordinate-median-late20-seed42-20261004,5,2,fc1,l2,0.08145463175636472,0
lsa-coordinate-median-late20-seed42-20261004,5,2,fc1,max_abs,0.004209540784358978,0
lsa-coordinate-median-late20-seed42-20261004,5,2,fc1,sparsity,0.07294654238368388,0
lsa-coordinate-median-late20-seed42-20261004,5,2,fc1,skewness,1.890126852576017,0
lsa-coordinate-median-late20-seed42-20261004,5,2,fc1,kurtosis,23.826486546747088,0
lsa-coordinate-median-late20-seed42-20261004,5,2,output,mean,-2.3260676803497168e-10,0
lsa-coordinate-median-late20-seed42-20261004,5,2,output,std,0.0010583627585187686,0
lsa-coordinate-median-late20-seed42-20261004,5,2,output,median,-2.8925715014338493e-06,0
lsa-coordinate-median-late20-seed42-20261004,5,2,output,min,-0.004354402422904968,0
lsa-coordinate-median-late20-seed42-20261004,5,2,output,max,0.005078110843896866,0
lsa-coordinate-median-late20-seed42-20261004,5,2,output,l1,0.42699391578207724,0
lsa-coordinate-median-late20-seed42-20261004,5,2,output,l2,0.026983061790736097,0
lsa-coordinate-median-late20-seed42-20261004,5,2,output,max_abs,0.005078110843896866,0
lsa-coordinate-median-late20-seed42-20261004,5,2,output,sparsity,0.015384615384615385,0
lsa-coordinate-median-late20-seed42-20261004,5,2,output,skewness,0.6175756246209381,0
lsa-coordinate-median-late20-seed42-20261004,5,2,output,kurtosis,4.139916061302497,0
lsa-coordinate-median-late20-seed42-20261004,5,3,conv1,mean,0.001136358039366314,0
lsa-coordinate-median-late20-seed42-20261004,5,3,conv1,std,0.0020258035291685953,0
lsa-coordinate-median-late20-seed42-20261004,5,3,conv1,median,0.00018436089158058167,0
lsa-coordinate-median-late20-seed42-20261004,5,3,conv1,min,-0.0016831159591674805,0
lsa-coordinate-median-late20-seed42-20261004,5,3,conv1,max,0.007914125919342041,0
lsa-coordinate-median-late20-seed42-20261004,5,3,conv1,l1,0.2099505135556683,0
lsa-coordinate-median-late20-seed42-20261004,5,3,conv1,l2,0.02938078156189693,0
lsa-coordinate-median-late20-seed42-20261004,5,3,conv1,max_abs,0.007914125919342041,0
lsa-coordinate-median-late20-seed42-20261004,5,3,conv1,sparsity,0.0,0
lsa-coordinate-median-late20-seed42-20261004,5,3,conv1,skewness,1.5539494727686582,0
lsa-coordinate-median-late20-seed42-20261004,5,3,conv1,kurtosis,1.4940463268990953,0
lsa-coordinate-median-late20-seed42-20261004,5,3,conv2,mean,0.000291226281318155,0
lsa-coordinate-median-late20-seed42-20261004,5,3,conv2,std,0.0007160822095343992,0
lsa-coordinate-median-late20-seed42-20261004,5,3,conv2,median,7.888488471508026e-05,0
lsa-coordinate-median-late20-seed42-20261004,5,3,conv2,min,-0.0016754642128944397,0
lsa-coordinate-median-late20-seed42-20261004,5,3,conv2,max,0.007374409586191177,0
lsa-coordinate-median-late20-seed42-20261004,5,3,conv2,l1,1.7371660346216231,0
lsa-coordinate-median-late20-seed42-20261004,5,3,conv2,l2,0.052657395081063374,0
lsa-coordinate-median-late20-seed42-20261004,5,3,conv2,max_abs,0.007374409586191177,0
lsa-coordinate-median-late20-seed42-20261004,5,3,conv2,sparsity,0.0004310344827586207,0
lsa-coordinate-median-late20-seed42-20261004,5,3,conv2,skewness,3.743062153675611,0
lsa-coordinate-median-late20-seed42-20261004,5,3,conv2,kurtosis,20.879074571721976,0
lsa-coordinate-median-late20-seed42-20261004,5,3,fc1,mean,3.588444160119861e-05,0
lsa-coordinate-median-late20-seed42-20261004,5,3,fc1,std,0.0002590160766970905,0
lsa-coordinate-median-late20-seed42-20261004,5,3,fc1,median,0.0,0
lsa-coordinate-median-late20-seed42-20261004,5,3,fc1,min,-0.0031705908477306366,0
lsa-coordinate-median-late20-seed42-20261004,5,3,fc1,max,0.00428383145481348,0
lsa-coordinate-median-late20-seed42-20261004,5,3,fc1,l1,11.928239461028511,0
lsa-coordinate-median-late20-seed42-20261004,5,3,fc1,l2,0.08286221668801233,0
lsa-coordinate-median-late20-seed42-20261004,5,3,fc1,max_abs,0.00428383145481348,0
lsa-coordinate-median-late20-seed42-20261004,5,3,fc1,sparsity,0.08326362332695984,0
lsa-coordinate-median-late20-seed42-20261004,5,3,fc1,skewness,2.2366549594693916,0
lsa-coordinate-median-late20-seed42-20261004,5,3,fc1,kurtosis,28.882827417332567,0
lsa-coordinate-median-late20-seed42-20261004,5,3,output,mean,2.4805418573893034e-11,0
lsa-coordinate-median-late20-seed42-20261004,5,3,output,std,0.0011778224860560188,0
lsa-coordinate-median-late20-seed42-20261004,5,3,output,median,-3.952533006668091e-06,0
lsa-coordinate-median-late20-seed42-20261004,5,3,output,min,-0.004377961158752441,0
lsa-coordinate-median-late20-seed42-20261004,5,3,output,max,0.005901645869016647,0
lsa-coordinate-median-late20-seed42-20261004,5,3,output,l1,0.4764108275412582,0
lsa-coordinate-median-late20-seed42-20261004,5,3,output,l2,0.030028699199740036,0
lsa-coordinate-median-late20-seed42-20261004,5,3,output,max_abs,0.005901645869016647,0
lsa-coordinate-median-late20-seed42-20261004,5,3,output,sparsity,0.03076923076923077,0
lsa-coordinate-median-late20-seed42-20261004,5,3,output,skewness,1.0043821222479423,0
lsa-coordinate-median-late20-seed42-20261004,5,3,output,kurtosis,4.702394466948756,0
lsa-coordinate-median-late20-seed42-20261004,5,4,conv1,mean,0.0011267585316090845,0
lsa-coordinate-median-late20-seed42-20261004,5,4,conv1,std,0.0019744228677426433,0
lsa-coordinate-median-late20-seed42-20261004,5,4,conv1,median,0.00020086020231246948,0
lsa-coordinate-median-late20-seed42-20261004,5,4,conv1,min,-0.0017262101173400879,0
lsa-coordinate-median-late20-seed42-20261004,5,4,conv1,max,0.007743120193481445,0
lsa-coordinate-median-late20-seed42-20261004,5,4,conv1,l1,0.20604171161539853,0
lsa-coordinate-median-late20-seed42-20261004,5,4,conv1,l2,0.02875532771287837,0
lsa-coordinate-median-late20-seed42-20261004,5,4,conv1,max_abs,0.007743120193481445,0
lsa-coordinate-median-late20-seed42-20261004,5,4,conv1,sparsity,0.0,0
lsa-coordinate-median-late20-seed42-20261004,5,4,conv1,skewness,1.57067766341222,0
lsa-coordinate-median-late20-seed42-20261004,5,4,conv1,kurtosis,1.541166939881288,0
lsa-coordinate-median-late20-seed42-20261004,5,4,conv2,mean,0.0002688504754485558,0
lsa-coordinate-median-late20-seed42-20261004,5,4,conv2,std,0.0007265947616705855,0
lsa-coordinate-median-late20-seed42-20261004,5,4,conv2,median,5.9871701523661613e-05,0
lsa-coordinate-median-late20-seed42-20261004,5,4,conv2,min,-0.001722767949104309,0
lsa-coordinate-median-late20-seed42-20261004,5,4,conv2,max,0.00806482881307602,0
lsa-coordinate-median-late20-seed42-20261004,5,4,conv2,l1,1.6998576623554982,0
lsa-coordinate-median-late20-seed42-20261004,5,4,conv2,l2,0.0527733193941718,0
lsa-coordinate-median-late20-seed42-20261004,5,4,conv2,max_abs,0.00806482881307602,0
lsa-coordinate-median-late20-seed42-20261004,5,4,conv2,sparsity,0.00021551724137931034,0
lsa-coordinate-median-late20-seed42-20261004,5,4,conv2,skewness,3.976262553166209,0
lsa-coordinate-median-late20-seed42-20261004,5,4,conv2,kurtosis,24.77177369620477,0
lsa-coordinate-median-late20-seed42-20261004,5,4,fc1,mean,3.994740941850475e-05,0
lsa-coordinate-median-late20-seed42-20261004,5,4,fc1,std,0.0002680080146040866,0
lsa-coordinate-median-late20-seed42-20261004,5,4,fc1,median,0.0,0
lsa-coordinate-median-late20-seed42-20261004,5,4,fc1,min,-0.0035692639648914337,0
lsa-coordinate-median-late20-seed42-20261004,5,4,fc1,max,0.0050833988934755325,0
lsa-coordinate-median-late20-seed42-20261004,5,4,fc1,l1,12.484910482467058,0
lsa-coordinate-median-late20-seed42-20261004,5,4,fc1,l2,0.08586590454397185,0
lsa-coordinate-median-late20-seed42-20261004,5,4,fc1,max_abs,0.0050833988934755325,0
lsa-coordinate-median-late20-seed42-20261004,5,4,fc1,sparsity,0.08346279477374123,0
lsa-coordinate-median-late20-seed42-20261004,5,4,fc1,skewness,2.430172179112949,0
lsa-coordinate-median-late20-seed42-20261004,5,4,fc1,kurtosis,32.20490349467892,0
lsa-coordinate-median-late20-seed42-20261004,5,4,output,mean,7.383417911254443e-11,0
lsa-coordinate-median-late20-seed42-20261004,5,4,output,std,0.0012104763257609623,0
lsa-coordinate-median-late20-seed42-20261004,5,4,output,median,-4.926696419715881e-06,0
lsa-coordinate-median-late20-seed42-20261004,5,4,output,min,-0.004456527531147003,0
lsa-coordinate-median-late20-seed42-20261004,5,4,output,max,0.006230488419532776,0
lsa-coordinate-median-late20-seed42-20261004,5,4,output,l1,0.4859669356083032,0
lsa-coordinate-median-late20-seed42-20261004,5,4,output,l2,0.030861212028986278,0
lsa-coordinate-median-late20-seed42-20261004,5,4,output,max_abs,0.006230488419532776,0
lsa-coordinate-median-late20-seed42-20261004,5,4,output,sparsity,0.03076923076923077,0
lsa-coordinate-median-late20-seed42-20261004,5,4,output,skewness,1.0601457492466069,0
lsa-coordinate-median-late20-seed42-20261004,5,4,output,kurtosis,4.563070442404423,0
lsa-coordinate-median-late20-seed42-20261004,6,0,conv1,mean,0.0015854580793529748,0
lsa-coordinate-median-late20-seed42-20261004,6,0,conv1,std,0.00267592313769268,0
lsa-coordinate-median-late20-seed42-20261004,6,0,conv1,median,0.0003042295575141907,0
lsa-coordinate-median-late20-seed42-20261004,6,0,conv1,min,-0.002142399549484253,0
lsa-coordinate-median-late20-seed42-20261004,6,0,conv1,max,0.010004609823226929,0
lsa-coordinate-median-late20-seed42-20261004,6,0,conv1,l1,0.28704735916107893,0
lsa-coordinate-median-late20-seed42-20261004,6,0,conv1,l2,0.03934308978252656,0
lsa-coordinate-median-late20-seed42-20261004,6,0,conv1,max_abs,0.010004609823226929,0
lsa-coordinate-median-late20-seed42-20261004,6,0,conv1,sparsity,0.0,0
lsa-coordinate-median-late20-seed42-20261004,6,0,conv1,skewness,1.4905166605144775,0
lsa-coordinate-median-late20-seed42-20261004,6,0,conv1,kurtosis,1.17948367032949,0
lsa-coordinate-median-late20-seed42-20261004,6,0,conv2,mean,0.0003410905483737428,0
lsa-coordinate-median-late20-seed42-20261004,6,0,conv2,std,0.000880081558514585,0
lsa-coordinate-median-late20-seed42-20261004,6,0,conv2,median,9.188847616314888e-05,0
lsa-coordinate-median-late20-seed42-20261004,6,0,conv2,min,-0.002159208059310913,0
lsa-coordinate-median-late20-seed42-20261004,6,0,conv2,max,0.009809255599975586,0
lsa-coordinate-median-late20-seed42-20261004,6,0,conv2,l1,2.121239063398207,0
lsa-coordinate-median-late20-seed42-20261004,6,0,conv2,l2,0.06429395373500495,0
lsa-coordinate-median-late20-seed42-20261004,6,0,conv2,max_abs,0.009809255599975586,0
lsa-coordinate-median-late20-seed42-20261004,6,0,conv2,sparsity,0.00021551724137931034,0
lsa-coordinate-median-late20-seed42-20261004,6,0,conv2,skewness,3.858448502903852,0
lsa-coordinate-median-late20-seed42-20261004,6,0,conv2,kurtosis,23.571018247847704,0
lsa-coordinate-median-late20-seed42-20261004,6,0,fc1,mean,4.03529347293183e-05,0
lsa-coordinate-median-late20-seed42-20261004,6,0,fc1,std,0.00031139360226779383,0
lsa-coordinate-median-late20-seed42-20261004,6,0,fc1,median,3.119930624961853e-08,0
lsa-coordinate-median-late20-seed42-20261004,6,0,fc1,min,-0.004893103614449501,0
lsa-coordinate-median-late20-seed42-20261004,6,0,fc1,max,0.00558396615087986,0
lsa-coordinate-median-late20-seed42-20261004,6,0,fc1,l1,14.273234372742309,0
lsa-coordinate-median-late20-seed42-20261004,6,0,fc1,l2,0.09950099864205375,0
lsa-coordinate-median-late20-seed42-20261004,6,0,fc1,max_abs,0.00558396615087986,0
lsa-coordinate-median-late20-seed42-20261004,6,0,fc1,sparsity,0.08252668897386871,0
lsa-coordinate-median-late20-seed42-20261004,6,0,fc1,skewness,1.84084564156822,0
lsa-coordinate-median-late20-seed42-20261004,6,0,fc1,kurtosis,32.66234608957456,0
lsa-coordinate-median-late20-seed42-20261004,6,0,output,mean,3.3223141844456015e-11,0
lsa-coordinate-median-late20-seed42-20261004,6,0,output,std,0.001452392438477779,0
lsa-coordinate-median-late20-seed42-20261004,6,0,output,median,-2.304092049598694e-06,0
lsa-coordinate-median-late20-seed42-20261004,6,0,output,min,-0.005816008895635605,0
lsa-coordinate-median-late20-seed42-20261004,6,0,output,max,0.005578354001045227,0
lsa-coordinate-median-late20-seed42-20261004,6,0,output,l1,0.6219721835223027,0
lsa-coordinate-median-late20-seed42-20261004,6,0,output,l2,0.03702888692596403,0
lsa-coordinate-median-late20-seed42-20261004,6,0,output,max_abs,0.005816008895635605,0
lsa-coordinate-median-late20-seed42-20261004,6,0,output,sparsity,0.03076923076923077,0
lsa-coordinate-median-late20-seed42-20261004,6,0,output,skewness,0.19382298739708395,0
lsa-coordinate-median-late20-seed42-20261004,6,0,output,kurtosis,1.9742566265970662,0
lsa-coordinate-median-late20-seed42-20261004,6,1,conv1,mean,0.0015332462040532845,0
lsa-coordinate-median-late20-seed42-20261004,6,1,conv1,std,0.0026151249188280843,0
lsa-coordinate-median-late20-seed42-20261004,6,1,conv1,median,0.00033475644886493683,0
lsa-coordinate-median-late20-seed42-20261004,6,1,conv1,min,-0.0018658041954040527,0
lsa-coordinate-median-late20-seed42-20261004,6,1,conv1,max,0.009924441576004028,0
lsa-coordinate-median-late20-seed42-20261004,6,1,conv1,l1,0.2799805357353762,0
lsa-coordinate-median-late20-seed42-20261004,6,1,conv1,l2,0.03834521563547536,0
lsa-coordinate-median-late20-seed42-20261004,6,1,conv1,max_abs,0.009924441576004028,0
lsa-coordinate-median-late20-seed42-20261004,6,1,conv1,sparsity,0.0,0
lsa-coordinate-median-late20-seed42-20261004,6,1,conv1,skewness,1.5022299826090064,0
lsa-coordinate-median-late20-seed42-20261004,6,1,conv1,kurtosis,1.2078416066700148,0
lsa-coordinate-median-late20-seed42-20261004,6,1,conv2,mean,0.00032526998215401143,0
lsa-coordinate-median-late20-seed42-20261004,6,1,conv2,std,0.0008670070875417003,0
lsa-coordinate-median-late20-seed42-20261004,6,1,conv2,median,8.019478991627693e-05,0
lsa-coordinate-median-late20-seed42-20261004,6,1,conv2,min,-0.0021947547793388367,0
lsa-coordinate-median-late20-seed42-20261004,6,1,conv2,max,0.0094895139336586,0
lsa-coordinate-median-late20-seed42-20261004,6,1,conv2,l1,2.064949751715176,0
lsa-coordinate-median-late20-seed42-20261004,6,1,conv2,l2,0.06307779791083688,0
lsa-coordinate-median-late20-seed42-20261004,6,1,conv2,max_abs,0.0094895139336586,0
lsa-coordinate-median-late20-seed42-20261004,6,1,conv2,sparsity,0.000646551724137931,0
lsa-coordinate-median-late20-seed42-20261004,6,1,conv2,skewness,3.9185755254364087,0
lsa-coordinate-median-late20-seed42-20261004,6,1,conv2,kurtosis,24.178624452236555,0
lsa-coordinate-median-late20-seed42-20261004,6,1,fc1,mean,2.764895617942918e-05,0
lsa-coordinate-median-late20-seed42-20261004,6,1,fc1,std,0.00029838012767873174,0
lsa-coordinate-median-late20-seed42-20261004,6,1,fc1,median,0.0,0
lsa-coordinate-median-late20-seed42-20261004,6,1,fc1,min,-0.00457097589969635,0
lsa-coordinate-median-late20-seed42-20261004,6,1,fc1,max,0.0048657553270459175,0
lsa-coordinate-median-late20-seed42-20261004,6,1,fc1,l1,14.018832088478803,0
lsa-coordinate-median-late20-seed42-20261004,6,1,fc1,l2,0.09495720786719311,0
lsa-coordinate-median-late20-seed42-20261004,6,1,fc1,max_abs,0.0048657553270459175,0
lsa-coordinate-median-late20-seed42-20261004,6,1,fc1,sparsity,0.0735241395793499,0
lsa-coordinate-median-late20-seed42-20261004,6,1,fc1,skewness,1.6247349166669285,0
lsa-coordinate-median-late20-seed42-20261004,6,1,fc1,kurtosis,28.302857440088225,0
lsa-coordinate-median-late20-seed42-20261004,6,1,output,mean,-2.0336861220689921e-10,0
lsa-coordinate-median-late20-seed42-20261004,6,1,output,std,0.0014782978710435493,0
lsa-coordinate-median-late20-seed42-20261004,6,1,output,median,-2.180226147174835e-06,0
lsa-coordinate-median-late20-seed42-20261004,6,1,output,min,-0.005252912640571594,0
lsa-coordinate-median-late20-seed42-20261004,6,1,output,max,0.006495632231235504,0
lsa-coordinate-median-late20-seed42-20261004,6,1,output,l1,0.6033692266209982,0
lsa-coordinate-median-late20-seed42-20261004,6,1,output,l2,0.037689348456768995,0
lsa-coordinate-median-late20-seed42-20261004,6,1,output,max_abs,0.006495632231235504,0
lsa-coordinate-median-late20-seed42-20261004,6,1,output,sparsity,0.015384615384615385,0
lsa-coordinate-median-late20-seed42-20261004,6,1,output,skewness,0.806771297989408,0
lsa-coordinate-median-late20-seed42-20261004,6,1,output,kurtosis,3.421367106883231,0
lsa-coordinate-median-late20-seed42-20261004,6,2,conv1,mean,0.0015237576786603312,0
lsa-coordinate-median-late20-seed42-20261004,6,2,conv1,std,0.0026034963022366583,0
lsa-coordinate-median-late20-seed42-20261004,6,2,conv1,median,0.00034492649137973785,0
lsa-coordinate-median-late20-seed42-20261004,6,2,conv1,min,-0.0018945932388305664,0
lsa-coordinate-median-late20-seed42-20261004,6,2,conv1,max,0.009976446628570557,0
lsa-coordinate-median-late20-seed42-20261004,6,2,conv1,l1,0.276889152941294,0
lsa-coordinate-median-late20-seed42-20261004,6,2,conv1,l2,0.038157631916116125,0
lsa-coordinate-median-late20-seed42-20261004,6,2,conv1,max_abs,0.009976446628570557,0
lsa-coordinate-median-late20-seed42-20261004,6,2,conv1,sparsity,0.0,0
lsa-coordinate-median-late20-seed42-20261004,6,2,conv1,skewness,1.4981256777117344,0
lsa-coordinate-median-late20-seed42-20261004,6,2,conv1,kurtosis,1.1887124076619813,0
lsa-coordinate-median-late20-seed42-20261004,6,2,conv2,mean,0.0003316893539320141,0
lsa-coordinate-median-late20-seed42-20261004,6,2,conv2,std,0.0008621271833946725,0
lsa-coordinate-median-late20-seed42-20261004,6,2,conv2,median,8.112657815217972e-05,0
lsa-coordinate-median-late20-seed42-20261004,6,2,conv2,min,-0.0021125897765159607,0
lsa-coordinate-median-late20-seed42-20261004,6,2,conv2,max,0.009507715702056885,0
lsa-coordinate-median-late20-seed42-20261004,6,2,conv2,l1,2.0290369836038735,0
lsa-coordinate-median-late20-seed42-20261004,6,2,conv2,l2,0.06292236756885256,0
lsa-coordinate-median-late20-seed42-20261004,6,2,conv2,max_abs,0.009507715702056885,0
lsa-coordinate-median-late20-seed42-20261004,6,2,conv2,sparsity,0.0,0
lsa-coordinate-median-late20-seed42-20261004,6,2,conv2,skewness,3.984141102687251,0
lsa-coordinate-median-late20-seed42-20261004,6,2,conv2,kurtosis,24.736971943514032,0
lsa-coordinate-median-late20-seed42-20261004,6,2,fc1,mean,5.4060891265051806e-05,0
lsa-coordinate-median-late20-seed42-20261004,6,2,fc1,std,0.0002951649109487471,0
lsa-coordinate-median-late20-seed42-20261004,6,2,fc1,median,6.94766640663147e-07,0
lsa-coordinate-median-late20-seed42-20261004,6,2,fc1,min,-0.0047758701257407665,0
lsa-coordinate-median-late20-seed42-20261004,6,2,fc1,max,0.005508890375494957,0
lsa-coordinate-median-late20-seed42-20261004,6,2,fc1,l1,14.210031463650239,0
lsa-coordinate-median-late20-seed42-20261004,6,2,fc1,l2,0.09508916416867472,0
lsa-coordinate-median-late20-seed42-20261004,6,2,fc1,max_abs,0.005508890375494957,0
lsa-coordinate-median-late20-seed42-20261004,6,2,fc1,sparsity,0.08195905035054174,0
lsa-coordinate-median-late20-seed42-20261004,6,2,fc1,skewness,1.8420140691552391,0
lsa-coordinate-median-late20-seed42-20261004,6,2,fc1,kurtosis,24.565790486131025,0
lsa-coordinate-median-late20-seed42-20261004,6,2,output,mean,-6.975964284860171e-11,0
lsa-coordinate-median-late20-seed42-20261004,6,2,output,std,0.0013933303603474668,0
lsa-coordinate-median-late20-seed42-20261004,6,2,output,median,-2.2388994693756104e-06,0
lsa-coordinate-median-late20-seed42-20261004,6,2,output,min,-0.005709551274776459,0
lsa-coordinate-median-late20-seed42-20261004,6,2,output,max,0.006166227161884308,0
lsa-coordinate-median-late20-seed42-20261004,6,2,output,l1,0.5705908975214697,0
lsa-coordinate-median-late20-seed42-20261004,6,2,output,l2,0.03552309348146505,0
lsa-coordinate-median-late20-seed42-20261004,6,2,output,max_abs,0.006166227161884308,0
lsa-coordinate-median-late20-seed42-20261004,6,2,output,sparsity,0.03076923076923077,0
lsa-coordinate-median-late20-seed42-20261004,6,2,output,skewness,0.5101103395277092,0
lsa-coordinate-median-late20-seed42-20261004,6,2,output,kurtosis,3.746613052161411,0
lsa-coordinate-median-late20-seed42-20261004,6,3,conv1,mean,0.0016732924697862473,0
lsa-coordinate-median-late20-seed42-20261004,6,3,conv1,std,0.0028549441977306364,0
lsa-coordinate-median-late20-seed42-20261004,6,3,conv1,median,0.00028228759765625,0
lsa-coordinate-median-late20-seed42-20261004,6,3,conv1,min,-0.0020145028829574585,0
lsa-coordinate-median-late20-seed42-20261004,6,3,conv1,max,0.011036217212677002,0
lsa-coordinate-median-late20-seed42-20261004,6,3,conv1,l1,0.2994475901359692,0
lsa-coordinate-median-late20-seed42-20261004,6,3,conv1,l2,0.04185807269638522,0
lsa-coordinate-median-late20-seed42-20261004,6,3,conv1,max_abs,0.011036217212677002,0
lsa-coordinate-median-late20-seed42-20261004,6,3,conv1,sparsity,0.0,0
lsa-coordinate-median-late20-seed42-20261004,6,3,conv1,skewness,1.538602766138565,0
lsa-coordinate-median-late20-seed42-20261004,6,3,conv1,kurtosis,1.3355740598416004,0
lsa-coordinate-median-late20-seed42-20261004,6,3,conv2,mean,0.0003789896809829268,0
lsa-coordinate-median-late20-seed42-20261004,6,3,conv2,std,0.0009301842650050223,0
lsa-coordinate-median-late20-seed42-20261004,6,3,conv2,median,9.945966303348541e-05,0
lsa-coordinate-median-late20-seed42-20261004,6,3,conv2,min,-0.002175658941268921,0
lsa-coordinate-median-late20-seed42-20261004,6,3,conv2,max,0.00994957983493805,0
lsa-coordinate-median-late20-seed42-20261004,6,3,conv2,l1,2.2136578765184822,0
lsa-coordinate-median-late20-seed42-20261004,6,3,conv2,l2,0.06841918141513212,0
lsa-coordinate-median-late20-seed42-20261004,6,3,conv2,max_abs,0.00994957983493805,0
lsa-coordinate-median-late20-seed42-20261004,6,3,conv2,sparsity,0.00021551724137931034,0
lsa-coordinate-median-late20-seed42-20261004,6,3,conv2,skewness,3.912943346800752,0
lsa-coordinate-median-late20-seed42-20261004,6,3,conv2,kurtosis,23.137010789512686,0
lsa-coordinate-median-late20-seed42-20261004,6,3,fc1,mean,4.161646282517784e-05,0
lsa-coordinate-median-late20-seed42-20261004,6,3,fc1,std,0.00030038543126982163,0
lsa-coordinate-median-late20-seed42-20261004,6,3,fc1,median,0.0,0
lsa-coordinate-median-late20-seed42-20261004,6,3,fc1,min,-0.0038747675716876984,0
lsa-coordinate-median-late20-seed42-20261004,6,3,fc1,max,0.005257007200270891,0
lsa-coordinate-median-late20-seed42-20261004,6,3,fc1,l1,13.756478121081386,0
lsa-coordinate-median-late20-seed42-20261004,6,3,fc1,l2,0.09609677662668643,0
lsa-coordinate-median-late20-seed42-20261004,6,3,fc1,max_abs,0.005257007200270891,0
lsa-coordinate-median-late20-seed42-20261004,6,3,fc1,sparsity,0.08156070745697896,0
lsa-coordinate-median-late20-seed42-20261004,6,3,fc1,skewness,2.1701689754639393,0
lsa-coordinate-median-late20-seed42-20261004,6,3,fc1,kurtosis,29.78804301025899,0
lsa-coordinate-median-late20-seed42-20261004,6,3,output,mean,-3.2238089121305025e-10,0
lsa-coordinate-median-late20-seed42-20261004,6,3,output,std,0.0015419096793403884,0
lsa-coordinate-median-late20-seed42-20261004,6,3,output,median,-2.7194619178771973e-06,0
lsa-coordinate-median-late20-seed42-20261004,6,3,output,min,-0.005805842578411102,0
lsa-coordinate-median-late20-seed42-20261004,6,3,output,max,0.007200136780738831,0
lsa-coordinate-median-late20-seed42-20261004,6,3,output,l1,0.6331118545494974,0
lsa-coordinate-median-late20-seed42-20261004,6,3,output,l2,0.03931113771577203,0
lsa-coordinate-median-late20-seed42-20261004,6,3,output,max_abs,0.007200136780738831,0
lsa-coordinate-median-late20-seed42-20261004,6,3,output,sparsity,0.03076923076923077,0
lsa-coordinate-median-late20-seed42-20261004,6,3,output,skewness,0.9059328587290468,0
lsa-coordinate-median-late20-seed42-20261004,6,3,output,kurtosis,4.170613977669172,0
lsa-coordinate-median-late20-seed42-20261004,6,4,conv1,mean,0.001659933355404064,0
lsa-coordinate-median-late20-seed42-20261004,6,4,conv1,std,0.0028117218700240885,0
lsa-coordinate-median-late20-seed42-20261004,6,4,conv1,median,0.0003375113010406494,0
lsa-coordinate-median-late20-seed42-20261004,6,4,conv1,min,-0.0020980387926101685,0
lsa-coordinate-median-late20-seed42-20261004,6,4,conv1,max,0.010790586471557617,0
lsa-coordinate-median-late20-seed42-20261004,6,4,conv1,l1,0.2973948838189244,0
lsa-coordinate-median-late20-seed42-20261004,6,4,conv1,l2,0.04130115469331045,0
lsa-coordinate-median-late20-seed42-20261004,6,4,conv1,max_abs,0.010790586471557617,0
lsa-coordinate-median-late20-seed42-20261004,6,4,conv1,sparsity,0.0,0
lsa-coordinate-median-late20-seed42-20261004,6,4,conv1,skewness,1.553008208473943,0
lsa-coordinate-median-late20-seed42-20261004,6,4,conv1,kurtosis,1.3959889751820924,0
lsa-coordinate-median-late20-seed42-20261004,6,4,conv2,mean,0.0003539828264522306,0
lsa-coordinate-median-late20-seed42-20261004,6,4,conv2,std,0.0009381105227052945,0
lsa-coordinate-median-late20-seed42-20261004,6,4,conv2,median,7.685832679271698e-05,0
lsa-coordinate-median-late20-seed42-20261004,6,4,conv2,min,-0.0021393895149230957,0
lsa-coordinate-median-late20-seed42-20261004,6,4,conv2,max,0.010655321180820465,0
lsa-coordinate-median-late20-seed42-20261004,6,4,conv2,l1,2.152446619802504,0
lsa-coordinate-median-late20-seed42-20261004,6,4,conv2,l2,0.06829969327342174,0
lsa-coordinate-median-late20-seed42-20261004,6,4,conv2,max_abs,0.010655321180820465,0
lsa-coordinate-median-late20-seed42-20261004,6,4,conv2,sparsity,0.00021551724137931034,0
lsa-coordinate-median-late20-seed42-20261004,6,4,conv2,skewness,4.113936682443846,0
lsa-coordinate-median-late20-seed42-20261004,6,4,conv2,kurtosis,26.13440374929668,0
lsa-coordinate-median-late20-seed42-20261004,6,4,fc1,mean,4.6739936390263445e-05,0
lsa-coordinate-median-late20-seed42-20261004,6,4,fc1,std,0.0003085651161825161,0
lsa-coordinate-median-late20-seed42-20261004,6,4,fc1,median,1.3224780559539795e-07,0
lsa-coordinate-median-late20-seed42-20261004,6,4,fc1,min,-0.004274675622582436,0
lsa-coordinate-median-late20-seed42-20261004,6,4,fc1,max,0.006014479324221611,0
lsa-coordinate-median-late20-seed42-20261004,6,4,fc1,l1,14.292759274137325,0
lsa-coordinate-median-late20-seed42-20261004,6,4,fc1,l2,0.09889500711220058,0
lsa-coordinate-median-late20-seed42-20261004,6,4,fc1,max_abs,0.006014479324221611,0
lsa-coordinate-median-late20-seed42-20261004,6,4,fc1,sparsity,0.08128186743148502,0
lsa-coordinate-median-late20-seed42-20261004,6,4,fc1,skewness,2.3461940561309547,0
lsa-coordinate-median-late20-seed42-20261004,6,4,fc1,kurtosis,32.136897241881854,0
lsa-coordinate-median-late20-seed42-20261004,6,4,output,mean,5.1536167470308454e-11,0
lsa-coordinate-median-late20-seed42-20261004,6,4,output,std,0.001577447449090608,0
lsa-coordinate-median-late20-seed42-20261004,6,4,output,median,-1.7695128917694092e-06,0
lsa-coordinate-median-late20-seed42-20261004,6,4,output,min,-0.005056224763393402,0
lsa-coordinate-median-late20-seed42-20261004,6,4,output,max,0.007985636591911316,0
lsa-coordinate-median-late20-seed42-20261004,6,4,output,l1,0.6409325698914472,0
lsa-coordinate-median-late20-seed42-20261004,6,4,output,l2,0.040217176622900884,0
lsa-coordinate-median-late20-seed42-20261004,6,4,output,max_abs,0.007985636591911316,0
lsa-coordinate-median-late20-seed42-20261004,6,4,output,sparsity,0.03076923076923077,0
lsa-coordinate-median-late20-seed42-20261004,6,4,output,skewness,0.9959930685025253,0
lsa-coordinate-median-late20-seed42-20261004,6,4,output,kurtosis,4.023143808673247,0
lsa-coordinate-median-late20-seed42-20261004,7,0,conv1,mean,0.00223509542629472,0
lsa-coordinate-median-late20-seed42-20261004,7,0,conv1,std,0.003674572762135261,0
lsa-coordinate-median-late20-seed42-20261004,7,0,conv1,median,0.00045786425471305847,0
lsa-coordinate-median-late20-seed42-20261004,7,0,conv1,min,-0.002318277955055237,0
lsa-coordinate-median-late20-seed42-20261004,7,0,conv1,max,0.013686776161193848,0
lsa-coordinate-median-late20-seed42-20261004,7,0,conv1,l1,0.395281360601075,0
lsa-coordinate-median-late20-seed42-20261004,7,0,conv1,l2,0.05440314189290164,0
lsa-coordinate-median-late20-seed42-20261004,7,0,conv1,max_abs,0.013686776161193848,0
lsa-coordinate-median-late20-seed42-20261004,7,0,conv1,sparsity,0.0,0
lsa-coordinate-median-late20-seed42-20261004,7,0,conv1,skewness,1.4981319284506147,0
lsa-coordinate-median-late20-seed42-20261004,7,0,conv1,kurtosis,1.1118494621459716,0
lsa-coordinate-median-late20-seed42-20261004,7,0,conv2,mean,0.00041994404703488944,0
lsa-coordinate-median-late20-seed42-20261004,7,0,conv2,std,0.001113107157744289,0
lsa-coordinate-median-late20-seed42-20261004,7,0,conv2,median,0.00010772258974611759,0
lsa-coordinate-median-late20-seed42-20261004,7,0,conv2,min,-0.002807609736919403,0
lsa-coordinate-median-late20-seed42-20261004,7,0,conv2,max,0.012713469564914703,0
lsa-coordinate-median-late20-seed42-20261004,7,0,conv2,l1,2.614770582931669,0
lsa-coordinate-median-late20-seed42-20261004,7,0,conv2,l2,0.08103871259647376,0
lsa-coordinate-median-late20-seed42-20261004,7,0,conv2,max_abs,0.012713469564914703,0
lsa-coordinate-median-late20-seed42-20261004,7,0,conv2,sparsity,0.0,0
lsa-coordinate-median-late20-seed42-20261004,7,0,conv2,skewness,4.012201493381898,0
lsa-coordinate-median-late20-seed42-20261004,7,0,conv2,kurtosis,25.339425573823707,0
lsa-coordinate-median-late20-seed42-20261004,7,0,fc1,mean,4.483931671930039e-05,0
lsa-coordinate-median-late20-seed42-20261004,7,0,fc1,std,0.00037152181384538646,0
lsa-coordinate-median-late20-seed42-20261004,7,0,fc1,median,0.0,0
lsa-coordinate-median-late20-seed42-20261004,7,0,fc1,min,-0.005980847403407097,0
lsa-coordinate-median-late20-seed42-20261004,7,0,fc1,max,0.006692234426736832,0
lsa-coordinate-median-late20-seed42-20261004,7,0,fc1,l1,16.99172333159254,0
lsa-coordinate-median-late20-seed42-20261004,7,0,fc1,l2,0.11858397228140272,0
lsa-coordinate-median-late20-seed42-20261004,7,0,fc1,max_abs,0.006692234426736832,0
lsa-coordinate-median-late20-seed42-20261004,7,0,fc1,sparsity,0.07996733588272785,0
lsa-coordinate-median-late20-seed42-20261004,7,0,fc1,skewness,1.632847955915467,0
lsa-coordinate-median-late20-seed42-20261004,7,0,fc1,kurtosis,32.66782524456836,0
lsa-coordinate-median-late20-seed42-20261004,7,0,output,mean,-1.4775790847264803e-11,0
lsa-coordinate-median-late20-seed42-20261004,7,0,output,std,0.0019498613885399014,0
lsa-coordinate-median-late20-seed42-20261004,7,0,output,median,-1.993030309677124e-06,0
lsa-coordinate-median-late20-seed42-20261004,7,0,output,min,-0.0076827481389045715,0
lsa-coordinate-median-late20-seed42-20261004,7,0,output,max,0.007735058665275574,0
lsa-coordinate-median-late20-seed42-20261004,7,0,output,l1,0.8410286496509798,0
lsa-coordinate-median-late20-seed42-20261004,7,0,output,l2,0.0497119063448304,0
lsa-coordinate-median-late20-seed42-20261004,7,0,output,max_abs,0.007735058665275574,0
lsa-coordinate-median-late20-seed42-20261004,7,0,output,sparsity,0.03076923076923077,0
lsa-coordinate-median-late20-seed42-20261004,7,0,output,skewness,0.19863970277054638,0
lsa-coordinate-median-late20-seed42-20261004,7,0,output,kurtosis,2.1033262161199984,0
lsa-coordinate-median-late20-seed42-20261004,7,1,conv1,mean,0.002213735506666126,0
lsa-coordinate-median-late20-seed42-20261004,7,1,conv1,std,0.003648681545170571,0
lsa-coordinate-median-late20-seed42-20261004,7,1,conv1,median,0.0005182698369026184,0
lsa-coordinate-median-late20-seed42-20261004,7,1,conv1,min,-0.002093687653541565,0
lsa-coordinate-median-late20-seed42-20261004,7,1,conv1,max,0.013428300619125366,0
lsa-coordinate-median-late20-seed42-20261004,7,1,conv1,l1,0.39301153214182705,0
lsa-coordinate-median-late20-seed42-20261004,7,1,conv1,l2,0.05398296310732509,0
lsa-coordinate-median-late20-seed42-20261004,7,1,conv1,max_abs,0.013428300619125366,0
lsa-coordinate-median-late20-seed42-20261004,7,1,conv1,sparsity,0.0,0
lsa-coordinate-median-late20-seed42-20261004,7,1,conv1,skewness,1.487992246112368,0
lsa-coordinate-median-late20-seed42-20261004,7,1,conv1,kurtosis,1.0471678201574104,0
lsa-coordinate-median-late20-seed42-20261004,7,1,conv2,mean,0.0004249662383699615,0
lsa-coordinate-median-late20-seed42-20261004,7,1,conv2,std,0.0011154016906600903,0
lsa-coordinate-median-late20-seed42-20261004,7,1,conv2,median,0.00010181916877627373,0
lsa-coordinate-median-late20-seed42-20261004,7,1,conv2,min,-0.0027045533061027527,0
lsa-coordinate-median-late20-seed42-20261004,7,1,conv2,max,0.012311205267906189,0
lsa-coordinate-median-late20-seed42-20261004,7,1,conv2,l1,2.598421536386013,0
lsa-coordinate-median-late20-seed42-20261004,7,1,conv2,l2,0.08130613735571934,0
lsa-coordinate-median-late20-seed42-20261004,7,1,conv2,max_abs,0.012311205267906189,0
lsa-coordinate-median-late20-seed42-20261004,7,1,conv2,sparsity,0.0004310344827586207,0
lsa-coordinate-median-late20-seed42-20261004,7,1,conv2,skewness,4.005170616970971,0
lsa-coordinate-median-late20-seed42-20261004,7,1,conv2,kurtosis,24.696953516383452,0
lsa-coordinate-median-late20-seed42-20261004,7,1,fc1,mean,4.012509616567179e-05,0
lsa-coordinate-median-late20-seed42-20261004,7,1,fc1,std,0.00035539183093669384,0
lsa-coordinate-median-late20-seed42-20261004,7,1,fc1,median,0.0,0
lsa-coordinate-median-late20-seed42-20261004,7,1,fc1,min,-0.005062717944383621,0
lsa-coordinate-median-late20-seed42-20261004,7,1,fc1,max,0.0056730005890131,0
lsa-coordinate-median-late20-seed42-20261004,7,1,fc1,l1,16.753796848551104,0
lsa-coordinate-median-late20-seed42-20261004,7,1,fc1,l2,0.11333379746857931,0
lsa-coordinate-median-late20-seed42-20261004,7,1,fc1,max_abs,0.0056730005890131,0
lsa-coordinate-median-late20-seed42-20261004,7,1,fc1,sparsity,0.07155234225621415,0
lsa-coordinate-median-late20-seed42-20261004,7,1,fc1,skewness,1.732120537782301,0
lsa-coordinate-median-late20-seed42-20261004,7,1,fc1,kurtosis,27.137920660119068,0
lsa-coordinate-median-late20-seed42-20261004,7,1,output,mean,2.866055673131576e-10,0
lsa-coordinate-median-late20-seed42-20261004,7,1,output,std,0.0019774540773241393,0
lsa-coordinate-median-late20-seed42-20261004,7,1,output,median,-1.4491379261016846e-06,0
lsa-coordinate-median-late20-seed42-20261004,7,1,output,min,-0.006826572120189667,0
lsa-coordinate-median-late20-seed42-20261004,7,1,output,max,0.008436925709247589,0
lsa-coordinate-median-late20-seed42-20261004,7,1,output,l1,0.826666622859193,0
lsa-coordinate-median-late20-seed42-20261004,7,1,output,l2,0.050415384637547536,0
lsa-coordinate-median-late20-seed42-20261004,7,1,output,max_abs,0.008436925709247589,0
lsa-coordinate-median-late20-seed42-20261004,7,1,output,sparsity,0.015384615384615385,0
lsa-coordinate-median-late20-seed42-20261004,7,1,output,skewness,0.7039783874968805,0
lsa-coordinate-median-late20-seed42-20261004,7,1,output,kurtosis,2.821468945710434,0
lsa-coordinate-median-late20-seed42-20261004,7,2,conv1,mean,0.002151088717073435,0
lsa-coordinate-median-late20-seed42-20261004,7,2,conv1,std,0.003572128227887995,0
lsa-coordinate-median-late20-seed42-20261004,7,2,conv1,median,0.0004116073250770569,0
lsa-coordinate-median-late20-seed42-20261004,7,2,conv1,min,-0.002140909433364868,0
lsa-coordinate-median-late20-seed42-20261004,7,2,conv1,max,0.013530999422073364,0
lsa-coordinate-median-late20-seed42-20261004,7,2,conv1,l1,0.3828952492913231,0
lsa-coordinate-median-late20-seed42-20261004,7,2,conv1,l2,0.05274433845666451,0
lsa-coordinate-median-late20-seed42-20261004,7,2,conv1,max_abs,0.013530999422073364,0
lsa-coordinate-median-late20-seed42-20261004,7,2,conv1,sparsity,0.0,0
lsa-coordinate-median-late20-seed42-20261004,7,2,conv1,skewness,1.4926568078564098,0
lsa-coordinate-median-late20-seed42-20261004,7,2,conv1,kurtosis,1.106467920795402,0
lsa-coordinate-median-late20-seed42-20261004,7,2,conv2,mean,0.0004106703885432925,0
lsa-coordinate-median-late20-seed42-20261004,7,2,conv2,std,0.0010839316712181993,0
lsa-coordinate-median-late20-seed42-20261004,7,2,conv2,median,9.413622319698334e-05,0
lsa-coordinate-median-late20-seed42-20261004,7,2,conv2,min,-0.002614617347717285,0
lsa-coordinate-median-late20-seed42-20261004,7,2,conv2,max,0.012205488979816437,0
lsa-coordinate-median-late20-seed42-20261004,7,2,conv2,l1,2.4942880855141993,0
lsa-coordinate-median-late20-seed42-20261004,7,2,conv2,l2,0.07895637584488198,0
lsa-coordinate-median-late20-seed42-20261004,7,2,conv2,max_abs,0.012205488979816437,0
lsa-coordinate-median-late20-seed42-20261004,7,2,conv2,sparsity,0.0,0
lsa-coordinate-median-late20-seed42-20261004,7,2,conv2,skewness,4.10650016633519,0
lsa-coordinate-median-late20-seed42-20261004,7,2,conv2,kurtosis,25.905201604884724,0
lsa-coordinate-median-late20-seed42-20261004,7,2,fc1,mean,5.984030600502298e-05,0
lsa-coordinate-median-late20-seed42-20261004,7,2,fc1,std,0.0003443443463279005,0
lsa-coordinate-median-late20-seed42-20261004,7,2,fc1,median,7.115304470062256e-07,0
lsa-coordinate-median-late20-seed42-20261004,7,2,fc1,min,-0.00599710363894701,0
lsa-coordinate-median-late20-seed42-20261004,7,2,fc1,max,0.006159879267215729,0
lsa-coordinate-median-late20-seed42-20261004,7,2,fc1,l1,16.403764614272177,0
lsa-coordinate-median-late20-seed42-20261004,7,2,fc1,l2,0.11075290120697437,0
lsa-coordinate-median-late20-seed42-20261004,7,2,fc1,max_abs,0.006159879267215729,0
lsa-coordinate-median-late20-seed42-20261004,7,2,fc1,sparsity,0.0771789356277884,0
lsa-coordinate-median-late20-seed42-20261004,7,2,fc1,skewness,1.7570795043351095,0
lsa-coordinate-median-late20-seed42-20261004,7,2,fc1,kurtosis,24.96454958025075,0
lsa-coordinate-median-late20-seed42-20261004,7,2,output,mean,-2.7057607300006427e-10,0
lsa-coordinate-median-late20-seed42-20261004,7,2,output,std,0.001826705209852266,0
lsa-coordinate-median-late20-seed42-20261004,7,2,output,median,-9.10833477973938e-07,0
lsa-coordinate-median-late20-seed42-20261004,7,2,output,min,-0.007446408271789551,0
lsa-coordinate-median-late20-seed42-20261004,7,2,output,max,0.007734037935733795,0
lsa-coordinate-median-late20-seed42-20261004,7,2,output,l1,0.7695104698941577,0
lsa-coordinate-median-late20-seed42-20261004,7,2,output,l2,0.04657202755309205,0
lsa-coordinate-median-late20-seed42-20261004,7,2,output,max_abs,0.007734037935733795,0
lsa-coordinate-median-late20-seed42-20261004,7,2,output,sparsity,0.03230769230769231,0
lsa-coordinate-median-late20-seed42-20261004,7,2,output,skewness,0.255523033467263,0
lsa-coordinate-median-late20-seed42-20261004,7,2,output,kurtosis,2.8725245553430376,0
lsa-coordinate-median-late20-seed42-20261004,7,3,conv1,mean,0.0023710579895123373,0
lsa-coordinate-median-late20-seed42-20261004,7,3,conv1,std,0.0039144202030958475,0
lsa-coordinate-median-late20-seed42-20261004,7,3,conv1,median,0.0004870370030403137,0
lsa-coordinate-median-late20-seed42-20261004,7,3,conv1,min,-0.002285301685333252,0
lsa-coordinate-median-late20-seed42-20261004,7,3,conv1,max,0.014774709939956665,0
lsa-coordinate-median-late20-seed42-20261004,7,3,conv1,l1,0.415204377961345,0
lsa-coordinate-median-late20-seed42-20261004,7,3,conv1,l2,0.05788899932254518,0
lsa-coordinate-median-late20-seed42-20261004,7,3,conv1,max_abs,0.014774709939956665,0
lsa-coordinate-median-late20-seed42-20261004,7,3,conv1,sparsity,0.0,0
lsa-coordinate-median-late20-seed42-20261004,7,3,conv1,skewness,1.5246356410402728,0
lsa-coordinate-median-late20-seed42-20261004,7,3,conv1,kurtosis,1.1922415210328738,0
lsa-coordinate-median-late20-seed42-20261004,7,3,conv2,mean,0.00046974126528076684,0
lsa-coordinate-median-late20-seed42-20261004,7,3,conv2,std,0.0011835676441488599,0
lsa-coordinate-median-late20-seed42-20261004,7,3,conv2,median,0.00011532334610819817,0
lsa-coordinate-median-late20-seed42-20261004,7,3,conv2,min,-0.002703823149204254,0
lsa-coordinate-median-late20-seed42-20261004,7,3,conv2,max,0.013234376907348633,0
lsa-coordinate-median-late20-seed42-20261004,7,3,conv2,l1,2.7404114080345607,0
lsa-coordinate-median-late20-seed42-20261004,7,3,conv2,l2,0.08673932212133187,0
lsa-coordinate-median-late20-seed42-20261004,7,3,conv2,max_abs,0.013234376907348633,0
lsa-coordinate-median-late20-seed42-20261004,7,3,conv2,sparsity,0.0,0
lsa-coordinate-median-late20-seed42-20261004,7,3,conv2,skewness,4.099942728398907,0
lsa-coordinate-median-late20-seed42-20261004,7,3,conv2,kurtosis,25.471762539660617,0
lsa-coordinate-median-late20-seed42-20261004,7,3,fc1,mean,5.186108287178759e-05,0
lsa-coordinate-median-late20-seed42-20261004,7,3,fc1,std,0.00035346559881656363,0
lsa-coordinate-median-late20-seed42-20261004,7,3,fc1,median,0.0,0
lsa-coordinate-median-late20-seed42-20261004,7,3,fc1,min,-0.004793813452124596,0
lsa-coordinate-median-late20-seed42-20261004,7,3,fc1,max,0.0064803375862538815,0
lsa-coordinate-median-late20-seed42-20261004,7,3,fc1,l1,16.398151381848947,0
lsa-coordinate-median-late20-seed42-20261004,7,3,fc1,l2,0.11320708099296352,0
lsa-coordinate-median-late20-seed42-20261004,7,3,fc1,max_abs,0.0064803375862538815,0
lsa-coordinate-median-late20-seed42-20261004,7,3,fc1,sparsity,0.08030592734225621,0
lsa-coordinate-median-late20-seed42-20261004,7,3,fc1,skewness,2.0672794517727944,0
lsa-coordinate-median-late20-seed42-20261004,7,3,fc1,kurtosis,28.627027351781386,0
lsa-coordinate-median-late20-seed42-20261004,7,3,output,mean,8.350560584893593e-11,0
lsa-coordinate-median-late20-seed42-20261004,7,3,output,std,0.0020122469994584957,0
lsa-coordinate-median-late20-seed42-20261004,7,3,output,median,-1.3969838619232178e-06,0
lsa-coordinate-median-late20-seed42-20261004,7,3,output,min,-0.007664710283279419,0
lsa-coordinate-median-late20-seed42-20261004,7,3,output,max,0.008907683193683624,0
lsa-coordinate-median-late20-seed42-20261004,7,3,output,l1,0.8511769134493079,0
lsa-coordinate-median-late20-seed42-20261004,7,3,output,l2,0.05130243358203704,0
lsa-coordinate-median-late20-seed42-20261004,7,3,output,max_abs,0.008907683193683624,0
lsa-coordinate-median-late20-seed42-20261004,7,3,output,sparsity,0.03076923076923077,0
lsa-coordinate-median-late20-seed42-20261004,7,3,output,skewness,0.6604711799178794,0
lsa-coordinate-median-late20-seed42-20261004,7,3,output,kurtosis,3.117240172666939,0
lsa-coordinate-median-late20-seed42-20261004,7,4,conv1,mean,0.00235585245245602,0
lsa-coordinate-median-late20-seed42-20261004,7,4,conv1,std,0.0038977584328500803,0
lsa-coordinate-median-late20-seed42-20261004,7,4,conv1,median,0.0004325099289417267,0
lsa-coordinate-median-late20-seed42-20261004,7,4,conv1,min,-0.002506762742996216,0
lsa-coordinate-median-late20-seed42-20261004,7,4,conv1,max,0.014628708362579346,0
lsa-coordinate-median-late20-seed42-20261004,7,4,conv1,l1,0.4133045859634876,0
lsa-coordinate-median-late20-seed42-20261004,7,4,conv1,l2,0.05760911258278079,0
lsa-coordinate-median-late20-seed42-20261004,7,4,conv1,max_abs,0.014628708362579346,0
lsa-coordinate-median-late20-seed42-20261004,7,4,conv1,sparsity,0.0,0
lsa-coordinate-median-late20-seed42-20261004,7,4,conv1,skewness,1.5191875379674504,0
lsa-coordinate-median-late20-seed42-20261004,7,4,conv1,kurtosis,1.1666656256303707,0
lsa-coordinate-median-late20-seed42-20261004,7,4,conv2,mean,0.000440734231748875,0
lsa-coordinate-median-late20-seed42-20261004,7,4,conv2,std,0.0011920140552691793,0
lsa-coordinate-median-late20-seed42-20261004,7,4,conv2,median,9.426753968000412e-05,0
lsa-coordinate-median-late20-seed42-20261004,7,4,conv2,min,-0.0027346163988113403,0
lsa-coordinate-median-late20-seed42-20261004,7,4,conv2,max,0.013885371387004852,0
lsa-coordinate-median-late20-seed42-20261004,7,4,conv2,l1,2.6722869464338146,0
lsa-coordinate-median-late20-seed42-20261004,7,4,conv2,l2,0.086569445842137,0
lsa-coordinate-median-late20-seed42-20261004,7,4,conv2,max_abs,0.013885371387004852,0
lsa-coordinate-median-late20-seed42-20261004,7,4,conv2,sparsity,0.00021551724137931034,0
lsa-coordinate-median-late20-seed42-20261004,7,4,conv2,skewness,4.2778664970267,0
lsa-coordinate-median-late20-seed42-20261004,7,4,conv2,kurtosis,28.059878695579336,0
lsa-coordinate-median-late20-seed42-20261004,7,4,fc1,mean,5.5584580026776834e-05,0
lsa-coordinate-median-late20-seed42-20261004,7,4,fc1,std,0.0003635857636448758,0
lsa-coordinate-median-late20-seed42-20261004,7,4,fc1,median,6.239861249923706e-08,0
lsa-coordinate-median-late20-seed42-20261004,7,4,fc1,min,-0.005248613655567169,0
lsa-coordinate-median-late20-seed42-20261004,7,4,fc1,max,0.007090512663125992,0
lsa-coordinate-median-late20-seed42-20261004,7,4,fc1,l1,16.969002945249485,0
lsa-coordinate-median-late20-seed42-20261004,7,4,fc1,l2,0.11655343648074835,0
lsa-coordinate-median-late20-seed42-20261004,7,4,fc1,max_abs,0.007090512663125992,0
lsa-coordinate-median-late20-seed42-20261004,7,4,fc1,sparsity,0.07845363288718929,0
lsa-coordinate-median-late20-seed42-20261004,7,4,fc1,skewness,2.1932272062266143,0
lsa-coordinate-median-late20-seed42-20261004,7,4,fc1,kurtosis,31.00051252708495,0
lsa-coordinate-median-late20-seed42-20261004,7,4,output,mean,-9.344568332800499e-11,0
lsa-coordinate-median-late20-seed42-20261004,7,4,output,std,0.0020550874599652717,0
lsa-coordinate-median-late20-seed42-20261004,7,4,output,median,-1.0794028639793396e-06,0
lsa-coordinate-median-late20-seed42-20261004,7,4,output,min,-0.0066766440868377686,0
lsa-coordinate-median-late20-seed42-20261004,7,4,output,max,0.01010306179523468,0
lsa-coordinate-median-late20-seed42-20261004,7,4,output,l1,0.8568578376143705,0
lsa-coordinate-median-late20-seed42-20261004,7,4,output,l2,0.05239465530251381,0
lsa-coordinate-median-late20-seed42-20261004,7,4,output,max_abs,0.01010306179523468,0
lsa-coordinate-median-late20-seed42-20261004,7,4,output,sparsity,0.03076923076923077,0
lsa-coordinate-median-late20-seed42-20261004,7,4,output,skewness,0.8226227364287131,0
lsa-coordinate-median-late20-seed42-20261004,7,4,output,kurtosis,3.365573487650537,0
lsa-coordinate-median-late20-seed42-20261004,8,0,conv1,mean,0.0029754971197689883,0
lsa-coordinate-median-late20-seed42-20261004,8,0,conv1,std,0.004788291274423745,0
lsa-coordinate-median-late20-seed42-20261004,8,0,conv1,median,0.0006752274930477142,0
lsa-coordinate-median-late20-seed42-20261004,8,0,conv1,min,-0.00244159996509552,0
lsa-coordinate-median-late20-seed42-20261004,8,0,conv1,max,0.01772555708885193,0
lsa-coordinate-median-late20-seed42-20261004,8,0,conv1,l1,0.5181229256559163,0
lsa-coordinate-median-late20-seed42-20261004,8,0,conv1,l2,0.07130926047966127,0
lsa-coordinate-median-late20-seed42-20261004,8,0,conv1,max_abs,0.01772555708885193,0
lsa-coordinate-median-late20-seed42-20261004,8,0,conv1,sparsity,0.0,0
lsa-coordinate-median-late20-seed42-20261004,8,0,conv1,skewness,1.4904419385210892,0
lsa-coordinate-median-late20-seed42-20261004,8,0,conv1,kurtosis,1.0419807240925163,0
lsa-coordinate-median-late20-seed42-20261004,8,0,conv2,mean,0.0004948941895393012,0
lsa-coordinate-median-late20-seed42-20261004,8,0,conv2,std,0.0013519199148231019,0
lsa-coordinate-median-late20-seed42-20261004,8,0,conv2,median,0.00011199247092008591,0
lsa-coordinate-median-late20-seed42-20261004,8,0,conv2,min,-0.003224208950996399,0
lsa-coordinate-median-late20-seed42-20261004,8,0,conv2,max,0.015547990798950195,0
lsa-coordinate-median-late20-seed42-20261004,8,0,conv2,l1,3.109329972328851,0
lsa-coordinate-median-late20-seed42-20261004,8,0,conv2,l2,0.09806579320690116,0
lsa-coordinate-median-late20-seed42-20261004,8,0,conv2,max_abs,0.015547990798950195,0
lsa-coordinate-median-late20-seed42-20261004,8,0,conv2,sparsity,0.0,0
lsa-coordinate-median-late20-seed42-20261004,8,0,conv2,skewness,4.105525245081009,0
lsa-coordinate-median-late20-seed42-20261004,8,0,conv2,kurtosis,26.213856946793857,0
lsa-coordinate-median-late20-seed42-20261004,8,0,fc1,mean,4.695627735860526e-05,0
lsa-coordinate-median-late20-seed42-20261004,8,0,fc1,std,0.00044531228467873356,0
lsa-coordinate-median-late20-seed42-20261004,8,0,fc1,median,0.0,0
lsa-coordinate-median-late20-seed42-20261004,8,0,fc1,min,-0.0077292416244745255,0
lsa-coordinate-median-late20-seed42-20261004,8,0,fc1,max,0.007967950776219368,0
lsa-coordinate-median-late20-seed42-20261004,8,0,fc1,l1,20.240840288864575,0
lsa-coordinate-median-late20-seed42-20261004,8,0,fc1,l2,0.14189504425042737,0
lsa-coordinate-median-late20-seed42-20261004,8,0,fc1,max_abs,0.007967950776219368,0
lsa-coordinate-median-late20-seed42-20261004,8,0,fc1,sparsity,0.0744403282345443,0
lsa-coordinate-median-late20-seed42-20261004,8,0,fc1,skewness,1.4440547415728795,0
lsa-coordinate-median-late20-seed42-20261004,8,0,fc1,kurtosis,32.2014151893096,0
lsa-coordinate-median-late20-seed42-20261004,8,0,output,mean,3.3670893082251916e-11,0
lsa-coordinate-median-late20-seed42-20261004,8,0,output,std,0.002580615214893287,0
lsa-coordinate-median-late20-seed42-20261004,8,0,output,median,-1.996755599975586e-06,0
lsa-coordinate-median-late20-seed42-20261004,8,0,output,min,-0.009598977863788605,0
lsa-coordinate-median-late20-seed42-20261004,8,0,output,max,0.012589618563652039,0
lsa-coordinate-median-late20-seed42-20261004,8,0,output,l1,1.1223073285073042,0
lsa-coordinate-median-late20-seed42-20261004,8,0,output,l2,0.06579303668907655,0
lsa-coordinate-median-late20-seed42-20261004,8,0,output,max_abs,0.012589618563652039,0
lsa-coordinate-median-late20-seed42-20261004,8,0,output,sparsity,0.03076923076923077,0
lsa-coordinate-median-late20-seed42-20261004,8,0,output,skewness,0.33244008006908066,0
lsa-coordinate-median-late20-seed42-20261004,8,0,output,kurtosis,2.441422173336342,0
lsa-coordinate-median-late20-seed42-20261004,8,1,conv1,mean,0.0029837818365194835,0
lsa-coordinate-median-late20-seed42-20261004,8,1,conv1,std,0.004818170825083564,0
lsa-coordinate-median-late20-seed42-20261004,8,1,conv1,median,0.0006945356726646423,0
lsa-coordinate-median-late20-seed42-20261004,8,1,conv1,min,-0.0023732036352157593,0
lsa-coordinate-median-late20-seed42-20261004,8,1,conv1,max,0.017521679401397705,0
lsa-coordinate-median-late20-seed42-20261004,8,1,conv1,l1,0.5211950547527522,0
lsa-coordinate-median-late20-seed42-20261004,8,1,conv1,l2,0.07168567404733531,0
lsa-coordinate-median-late20-seed42-20261004,8,1,conv1,max_abs,0.017521679401397705,0
lsa-coordinate-median-late20-seed42-20261004,8,1,conv1,sparsity,0.0,0
lsa-coordinate-median-late20-seed42-20261004,8,1,conv1,skewness,1.477841560187844,0
lsa-coordinate-median-late20-seed42-20261004,8,1,conv1,kurtosis,0.9595765488636037,0
lsa-coordinate-median-late20-seed42-20261004,8,1,conv2,mean,0.0005032766922372032,0
lsa-coordinate-median-late20-seed42-20261004,8,1,conv2,std,0.001363140714169641,0
lsa-coordinate-median-late20-seed42-20261004,8,1,conv2,median,0.00010904110968112946,0
lsa-coordinate-median-late20-seed42-20261004,8,1,conv2,min,-0.003258839249610901,0
lsa-coordinate-median-late20-seed42-20261004,8,1,conv2,max,0.015332326292991638,0
lsa-coordinate-median-late20-seed42-20261004,8,1,conv2,l1,3.077533982723253,0
lsa-coordinate-median-late20-seed42-20261004,8,1,conv2,l2,0.09898020895650447,0
lsa-coordinate-median-late20-seed42-20261004,8,1,conv2,max_abs,0.015332326292991638,0
lsa-coordinate-median-late20-seed42-20261004,8,1,conv2,sparsity,0.0,0
lsa-coordinate-median-late20-seed42-20261004,8,1,conv2,skewness,4.173353610641816,0
lsa-coordinate-median-late20-seed42-20261004,8,1,conv2,kurtosis,26.35893354162424,0
lsa-coordinate-median-late20-seed42-20261004,8,1,fc1,mean,4.505088532289989e-05,0
lsa-coordinate-median-late20-seed42-20261004,8,1,fc1,std,0.0004103944300618413,0
lsa-coordinate-median-late20-seed42-20261004,8,1,fc1,median,0.0,0
lsa-coordinate-median-late20-seed42-20261004,8,1,fc1,min,-0.004980697762221098,0
lsa-coordinate-median-late20-seed42-20261004,8,1,fc1,max,0.006498919799923897,0
lsa-coordinate-median-late20-seed42-20261004,8,1,fc1,l1,19.49241772033099,0
lsa-coordinate-median-late20-seed42-20261004,8,1,fc1,l2,0.13082899360746314,0
lsa-coordinate-median-late20-seed42-20261004,8,1,fc1,max_abs,0.006498919799923897,0
lsa-coordinate-median-late20-seed42-20261004,8,1,fc1,sparsity,0.0772088113448056,0
lsa-coordinate-median-late20-seed42-20261004,8,1,fc1,skewness,1.705282030352838,0
lsa-coordinate-median-late20-seed42-20261004,8,1,fc1,kurtosis,26.62691828871032,0
lsa-coordinate-median-late20-seed42-20261004,8,1,output,mean,-1.6441425451865563e-10,0
lsa-coordinate-median-late20-seed42-20261004,8,1,output,std,0.002555166260186951,0
lsa-coordinate-median-late20-seed42-20261004,8,1,output,median,-1.0137446224689484e-06,0
lsa-coordinate-median-late20-seed42-20261004,8,1,output,min,-0.008340708911418915,0
lsa-coordinate-median-late20-seed42-20261004,8,1,output,max,0.009788423776626587,0
lsa-coordinate-median-late20-seed42-20261004,8,1,output,l1,1.0957060470245779,0
lsa-coordinate-median-late20-seed42-20261004,8,1,output,l2,0.06514421310583594,0
lsa-coordinate-median-late20-seed42-20261004,8,1,output,max_abs,0.009788423776626587,0
lsa-coordinate-median-late20-seed42-20261004,8,1,output,sparsity,0.03076923076923077,0
lsa-coordinate-median-late20-seed42-20261004,8,1,output,skewness,0.5971311487591267,0
lsa-coordinate-median-late20-seed42-20261004,8,1,output,kurtosis,2.2429207143187497,0
lsa-coordinate-median-late20-seed42-20261004,8,2,conv1,mean,0.002830461373378057,0
lsa-coordinate-median-late20-seed42-20261004,8,2,conv1,std,0.004610593350854008,0
lsa-coordinate-median-late20-seed42-20261004,8,2,conv1,median,0.000546034425497055,0
lsa-coordinate-median-late20-seed42-20261004,8,2,conv1,min,-0.002161383628845215,0
lsa-coordinate-median-late20-seed42-20261004,8,2,conv1,max,0.017239004373550415,0
lsa-coordinate-median-late20-seed42-20261004,8,2,conv1,l1,0.4937951669562608,0
lsa-coordinate-median-late20-seed42-20261004,8,2,conv1,l2,0.0684328373027153,0
lsa-coordinate-median-late20-seed42-20261004,8,2,conv1,max_abs,0.017239004373550415,0
lsa-coordinate-median-late20-seed42-20261004,8,2,conv1,sparsity,0.0,0
lsa-coordinate-median-late20-seed42-20261004,8,2,conv1,skewness,1.4947978445779295,0
lsa-coordinate-median-late20-seed42-20261004,8,2,conv1,kurtosis,1.0397502654780268,0
lsa-coordinate-median-late20-seed42-20261004,8,2,conv2,mean,0.0004840805793280416,0
lsa-coordinate-median-late20-seed42-20261004,8,2,conv2,std,0.0013009199579306963,0
lsa-coordinate-median-late20-seed42-20261004,8,2,conv2,median,0.00010234024375677109,0
lsa-coordinate-median-late20-seed42-20261004,8,2,conv2,min,-0.003026030957698822,0
lsa-coordinate-median-late20-seed42-20261004,8,2,conv2,max,0.014777392148971558,0
lsa-coordinate-median-late20-seed42-20261004,8,2,conv2,l1,2.9404509018204408,0
lsa-coordinate-median-late20-seed42-20261004,8,2,conv2,l2,0.09455163717886589,0
lsa-coordinate-median-late20-seed42-20261004,8,2,conv2,max_abs,0.014777392148971558,0
lsa-coordinate-median-late20-seed42-20261004,8,2,conv2,sparsity,0.00021551724137931034,0
lsa-coordinate-median-late20-seed42-20261004,8,2,conv2,skewness,4.139271886796853,0
lsa-coordinate-median-late20-seed42-20261004,8,2,conv2,kurtosis,25.924869680226177,0
lsa-coordinate-median-late20-seed42-20261004,8,2,fc1,mean,6.525779737704456e-05,0
lsa-coordinate-median-late20-seed42-20261004,8,2,fc1,std,0.00039986344675618064,0
lsa-coordinate-median-late20-seed42-20261004,8,2,fc1,median,2.4959444999694824e-07,0
lsa-coordinate-median-late20-seed42-20261004,8,2,fc1,min,-0.006999695673584938,0
lsa-coordinate-median-late20-seed42-20261004,8,2,fc1,max,0.00722937285900116,0
lsa-coordinate-median-late20-seed42-20261004,8,2,fc1,l1,18.924926458341375,0
lsa-coordinate-median-late20-seed42-20261004,8,2,fc1,l2,0.12838699992285219,0
lsa-coordinate-median-late20-seed42-20261004,8,2,fc1,max_abs,0.00722937285900116,0
lsa-coordinate-median-late20-seed42-20261004,8,2,fc1,sparsity,0.08700804652644997,0
lsa-coordinate-median-late20-seed42-20261004,8,2,fc1,skewness,1.6674576749074217,0
lsa-coordinate-median-late20-seed42-20261004,8,2,fc1,kurtosis,24.838450605273984,0
lsa-coordinate-median-late20-seed42-20261004,8,2,output,mean,5.999866586465102e-12,0
lsa-coordinate-median-late20-seed42-20261004,8,2,output,std,0.002316453367187024,0
lsa-coordinate-median-late20-seed42-20261004,8,2,output,median,-6.183981895446777e-07,0
lsa-coordinate-median-late20-seed42-20261004,8,2,output,min,-0.009343966841697693,0
lsa-coordinate-median-late20-seed42-20261004,8,2,output,max,0.008151240646839142,0
lsa-coordinate-median-late20-seed42-20261004,8,2,output,l1,1.0161029531736858,0
lsa-coordinate-median-late20-seed42-20261004,8,2,output,l2,0.059058204608071735,0
lsa-coordinate-median-late20-seed42-20261004,8,2,output,max_abs,0.009343966841697693,0
lsa-coordinate-median-late20-seed42-20261004,8,2,output,sparsity,0.046153846153846156,0
lsa-coordinate-median-late20-seed42-20261004,8,2,output,skewness,-0.07317103505162117,0
lsa-coordinate-median-late20-seed42-20261004,8,2,output,kurtosis,1.789303627023088,0
lsa-coordinate-median-late20-seed42-20261004,8,3,conv1,mean,0.003117528669099556,0
lsa-coordinate-median-late20-seed42-20261004,8,3,conv1,std,0.0050436919004587105,0
lsa-coordinate-median-late20-seed42-20261004,8,3,conv1,median,0.0006773620843887329,0
lsa-coordinate-median-late20-seed42-20261004,8,3,conv1,min,-0.002536475658416748,0
lsa-coordinate-median-late20-seed42-20261004,8,3,conv1,max,0.01884576678276062,0
lsa-coordinate-median-late20-seed42-20261004,8,3,conv1,l1,0.5397475705249235,0
lsa-coordinate-median-late20-seed42-20261004,8,3,conv1,l2,0.07500166717017476,0
lsa-coordinate-median-late20-seed42-20261004,8,3,conv1,max_abs,0.01884576678276062,0
lsa-coordinate-median-late20-seed42-20261004,8,3,conv1,sparsity,0.0,0
lsa-coordinate-median-late20-seed42-20261004,8,3,conv1,skewness,1.5070907879270512,0
lsa-coordinate-median-late20-seed42-20261004,8,3,conv1,kurtosis,1.0846305121020121,0
lsa-coordinate-median-late20-seed42-20261004,8,3,conv2,mean,0.0005377511604271196,0
lsa-coordinate-median-late20-seed42-20261004,8,3,conv2,std,0.0014208646914262181,0
lsa-coordinate-median-late20-seed42-20261004,8,3,conv2,median,0.0001170039176940918,0
lsa-coordinate-median-late20-seed42-20261004,8,3,conv2,min,-0.0030760467052459717,0
lsa-coordinate-median-late20-seed42-20261004,8,3,conv2,max,0.01613450050354004,0
lsa-coordinate-median-late20-seed42-20261004,8,3,conv2,l1,3.19282522204594,0
lsa-coordinate-median-late20-seed42-20261004,8,3,conv2,l2,0.1034856130480682,0
lsa-coordinate-median-late20-seed42-20261004,8,3,conv2,max_abs,0.01613450050354004,0
lsa-coordinate-median-late20-seed42-20261004,8,3,conv2,sparsity,0.0,0
lsa-coordinate-median-late20-seed42-20261004,8,3,conv2,skewness,4.213920291999891,0
lsa-coordinate-median-late20-seed42-20261004,8,3,conv2,kurtosis,26.672052976189416,0
lsa-coordinate-median-late20-seed42-20261004,8,3,fc1,mean,5.411285008189211e-05,0
lsa-coordinate-median-late20-seed42-20261004,8,3,fc1,std,0.0004048041384051362,0
lsa-coordinate-median-late20-seed42-20261004,8,3,fc1,median,0.0,0
lsa-coordinate-median-late20-seed42-20261004,8,3,fc1,min,-0.004927909001708031,0
lsa-coordinate-median-late20-seed42-20261004,8,3,fc1,max,0.007694450207054615,0
lsa-coordinate-median-late20-seed42-20261004,8,3,fc1,l1,18.71583105100092,0
lsa-coordinate-median-late20-seed42-20261004,8,3,fc1,l2,0.1294173313403301,0
lsa-coordinate-median-late20-seed42-20261004,8,3,fc1,max_abs,0.007694450207054615,0
lsa-coordinate-median-late20-seed42-20261004,8,3,fc1,sparsity,0.06296805289993626,0
lsa-coordinate-median-late20-seed42-20261004,8,3,fc1,skewness,2.026349699813366,0
lsa-coordinate-median-late20-seed42-20261004,8,3,fc1,kurtosis,28.38029494154995,0
lsa-coordinate-median-late20-seed42-20261004,8,3,output,mean,3.42843122780323e-10,0
lsa-coordinate-median-late20-seed42-20261004,8,3,output,std,0.002525119992723331,0
lsa-coordinate-median-late20-seed42-20261004,8,3,output,median,-8.102506399154663e-07,0
lsa-coordinate-median-late20-seed42-20261004,8,3,output,min,-0.009569868445396423,0
lsa-coordinate-median-late20-seed42-20261004,8,3,output,max,0.009703800082206726,0
lsa-coordinate-median-late20-seed42-20261004,8,3,output,l1,1.1012722407176625,0
lsa-coordinate-median-late20-seed42-20261004,8,3,output,l2,0.06437818058529828,0
lsa-coordinate-median-late20-seed42-20261004,8,3,output,max_abs,0.009703800082206726,0
lsa-coordinate-median-late20-seed42-20261004,8,3,output,sparsity,0.015384615384615385,0
lsa-coordinate-median-late20-seed42-20261004,8,3,output,skewness,0.3841378358921671,0
lsa-coordinate-median-late20-seed42-20261004,8,3,output,kurtosis,2.0188750438783023,0
lsa-coordinate-median-late20-seed42-20261004,8,4,conv1,mean,0.003136923239071621,0
lsa-coordinate-median-late20-seed42-20261004,8,4,conv1,std,0.005055381198395912,0
lsa-coordinate-median-late20-seed42-20261004,8,4,conv1,median,0.0005841702222824097,0
lsa-coordinate-median-late20-seed42-20261004,8,4,conv1,min,-0.002642691135406494,0
lsa-coordinate-median-late20-seed42-20261004,8,4,conv1,max,0.018741518259048462,0
lsa-coordinate-median-late20-seed42-20261004,8,4,conv1,l1,0.542024330352433,0
lsa-coordinate-median-late20-seed42-20261004,8,4,conv1,l2,0.07525653881907934,0
lsa-coordinate-median-late20-seed42-20261004,8,4,conv1,max_abs,0.018741518259048462,0
lsa-coordinate-median-late20-seed42-20261004,8,4,conv1,sparsity,0.0,0
lsa-coordinate-median-late20-seed42-20261004,8,4,conv1,skewness,1.4878049061078986,0
lsa-coordinate-median-late20-seed42-20261004,8,4,conv1,kurtosis,0.9998169855572643,0
lsa-coordinate-median-late20-seed42-20261004,8,4,conv2,mean,0.0005068843465221954,0
lsa-coordinate-median-late20-seed42-20261004,8,4,conv2,std,0.0014334767179665726,0
lsa-coordinate-median-late20-seed42-20261004,8,4,conv2,median,9.791553020477295e-05,0
lsa-coordinate-median-late20-seed42-20261004,8,4,conv2,min,-0.0032465457916259766,0
lsa-coordinate-median-late20-seed42-20261004,8,4,conv2,max,0.01693876087665558,0
lsa-coordinate-median-late20-seed42-20261004,8,4,conv2,l1,3.1414020474512654,0
lsa-coordinate-median-late20-seed42-20261004,8,4,conv2,l2,0.1035697484862,0
lsa-coordinate-median-late20-seed42-20261004,8,4,conv2,max_abs,0.01693876087665558,0
lsa-coordinate-median-late20-seed42-20261004,8,4,conv2,sparsity,0.0,0
lsa-coordinate-median-late20-seed42-20261004,8,4,conv2,skewness,4.365152227418738,0
lsa-coordinate-median-late20-seed42-20261004,8,4,conv2,kurtosis,29.037546530623786,0
lsa-coordinate-median-late20-seed42-20261004,8,4,fc1,mean,5.551442399433218e-05,0
lsa-coordinate-median-late20-seed42-20261004,8,4,fc1,std,0.00042075483222614213,0
lsa-coordinate-median-late20-seed42-20261004,8,4,fc1,median,0.0,0
lsa-coordinate-median-late20-seed42-20261004,8,4,fc1,min,-0.006211631000041962,0
lsa-coordinate-median-late20-seed42-20261004,8,4,fc1,max,0.008078105747699738,0
lsa-coordinate-median-late20-seed42-20261004,8,4,fc1,l1,19.567148412604183,0
lsa-coordinate-median-late20-seed42-20261004,8,4,fc1,l2,0.13448634305026733,0
lsa-coordinate-median-late20-seed42-20261004,8,4,fc1,max_abs,0.008078105747699738,0
lsa-coordinate-median-late20-seed42-20261004,8,4,fc1,sparsity,0.0746693753983429,0
lsa-coordinate-median-late20-seed42-20261004,8,4,fc1,skewness,2.029354997370554,0
lsa-coordinate-median-late20-seed42-20261004,8,4,fc1,kurtosis,30.78261900464303,0
lsa-coordinate-median-late20-seed42-20261004,8,4,output,mean,1.0625136872896781e-10,0
lsa-coordinate-median-late20-seed42-20261004,8,4,output,std,0.002559179613352573,0
lsa-coordinate-median-late20-seed42-20261004,8,4,output,median,-5.550682544708252e-07,0
lsa-coordinate-median-late20-seed42-20261004,8,4,output,min,-0.008336454629898071,0
lsa-coordinate-median-late20-seed42-20261004,8,4,output,max,0.011968038976192474,0
lsa-coordinate-median-late20-seed42-20261004,8,4,output,l1,1.110501494113123,0
lsa-coordinate-median-late20-seed42-20261004,8,4,output,l2,0.0652465339363681,0
lsa-coordinate-median-late20-seed42-20261004,8,4,output,max_abs,0.011968038976192474,0
lsa-coordinate-median-late20-seed42-20261004,8,4,output,sparsity,0.03076923076923077,0
lsa-coordinate-median-late20-seed42-20261004,8,4,output,skewness,0.5280331630420958,0
lsa-coordinate-median-late20-seed42-20261004,8,4,output,kurtosis,2.394778649882312,0
lsa-coordinate-median-late20-seed42-20261004,9,0,conv1,mean,0.003487233094347175,0
lsa-coordinate-median-late20-seed42-20261004,9,0,conv1,std,0.005542892306457191,0
lsa-coordinate-median-late20-seed42-20261004,9,0,conv1,median,0.0008084625005722046,0
lsa-coordinate-median-late20-seed42-20261004,9,0,conv1,min,-0.0023115873336791992,0
lsa-coordinate-median-late20-seed42-20261004,9,0,conv1,max,0.020557373762130737,0
lsa-coordinate-median-late20-seed42-20261004,9,0,conv1,l1,0.6008612920995802,0
lsa-coordinate-median-late20-seed42-20261004,9,0,conv1,l2,0.08283424390942913,0
lsa-coordinate-median-late20-seed42-20261004,9,0,conv1,max_abs,0.020557373762130737,0
lsa-coordinate-median-late20-seed42-20261004,9,0,conv1,sparsity,0.0,0
lsa-coordinate-median-late20-seed42-20261004,9,0,conv1,skewness,1.4999297712920425,0
lsa-coordinate-median-late20-seed42-20261004,9,0,conv1,kurtosis,1.0441531640550057,0
lsa-coordinate-median-late20-seed42-20261004,9,0,conv2,mean,0.0005269364570330222,0
lsa-coordinate-median-late20-seed42-20261004,9,0,conv2,std,0.0014795760188066234,0
lsa-coordinate-median-late20-seed42-20261004,9,0,conv2,median,0.0001116488128900528,0
lsa-coordinate-median-late20-seed42-20261004,9,0,conv2,min,-0.003402993083000183,0
lsa-coordinate-median-late20-seed42-20261004,9,0,conv2,max,0.016896754503250122,0
lsa-coordinate-median-late20-seed42-20261004,9,0,conv2,l1,3.339222315349616,0
lsa-coordinate-median-late20-seed42-20261004,9,0,conv2,l2,0.10698591274007394,0
lsa-coordinate-median-late20-seed42-20261004,9,0,conv2,max_abs,0.016896754503250122,0
lsa-coordinate-median-late20-seed42-20261004,9,0,conv2,sparsity,0.0,0
lsa-coordinate-median-late20-seed42-20261004,9,0,conv2,skewness,4.116878838680474,0
lsa-coordinate-median-late20-seed42-20261004,9,0,conv2,kurtosis,25.887534696143273,0
lsa-coordinate-median-late20-seed42-20261004,9,0,fc1,mean,5.429552829972856e-05,0
lsa-coordinate-median-late20-seed42-20261004,9,0,fc1,std,0.0005008686286055721,0
lsa-coordinate-median-late20-seed42-20261004,9,0,fc1,median,0.0,0
lsa-coordinate-median-late20-seed42-20261004,9,0,fc1,min,-0.00893961451947689,0
lsa-coordinate-median-late20-seed42-20261004,9,0,fc1,max,0.009008783847093582,0
lsa-coordinate-median-late20-seed42-20261004,9,0,fc1,l1,22.716381258053104,0
lsa-coordinate-median-late20-seed42-20261004,9,0,fc1,l2,0.15964750791873755,0
lsa-coordinate-median-late20-seed42-20261004,9,0,fc1,max_abs,0.009008783847093582,0
lsa-coordinate-median-late20-seed42-20261004,9,0,fc1,sparsity,0.07171167941363926,0
lsa-coordinate-median-late20-seed42-20261004,9,0,fc1,skewness,1.2960250414314474,0
lsa-coordinate-median-late20-seed42-20261004,9,0,fc1,kurtosis,31.269842891946638,0
lsa-coordinate-median-late20-seed42-20261004,9,0,output,mean,1.6159342172054143e-10,0
lsa-coordinate-median-late20-seed42-20261004,9,0,output,std,0.0031331140569114927,0
lsa-coordinate-median-late20-seed42-20261004,9,0,output,median,-1.7816200852394104e-06,0
lsa-coordinate-median-late20-seed42-20261004,9,0,output,min,-0.010543569922447205,0
lsa-coordinate-median-late20-seed42-20261004,9,0,output,max,0.017696067690849304,0
lsa-coordinate-median-late20-seed42-20261004,9,0,output,l1,1.3576434892311227,0
lsa-coordinate-median-late20-seed42-20261004,9,0,output,l2,0.07987904857251789,0
lsa-coordinate-median-late20-seed42-20261004,9,0,output,max_abs,0.017696067690849304,0
lsa-coordinate-median-late20-seed42-20261004,9,0,output,sparsity,0.03076923076923077,0
lsa-coordinate-median-late20-seed42-20261004,9,0,output,skewness,0.6263640689413613,0
lsa-coordinate-median-late20-seed42-20261004,9,0,output,kurtosis,3.0674687112378116,0
lsa-coordinate-median-late20-seed42-20261004,9,1,conv1,mean,0.0035284460929688065,0
lsa-coordinate-median-late20-seed42-20261004,9,1,conv1,std,0.0056565682494286226,0
lsa-coordinate-median-late20-seed42-20261004,9,1,conv1,median,0.0008050128817558289,0
lsa-coordinate-median-late20-seed42-20261004,9,1,conv1,min,-0.002312898635864258,0
lsa-coordinate-median-late20-seed42-20261004,9,1,conv1,max,0.020621895790100098,0
lsa-coordinate-median-late20-seed42-20261004,9,1,conv1,l1,0.6090879798866808,0
lsa-coordinate-median-late20-seed42-20261004,9,1,conv1,l2,0.08432954043885767,0
lsa-coordinate-median-late20-seed42-20261004,9,1,conv1,max_abs,0.020621895790100098,0
lsa-coordinate-median-late20-seed42-20261004,9,1,conv1,sparsity,0.0,0
lsa-coordinate-median-late20-seed42-20261004,9,1,conv1,skewness,1.5005291046885865,0
lsa-coordinate-median-late20-seed42-20261004,9,1,conv1,kurtosis,1.0157218180024818,0
lsa-coordinate-median-late20-seed42-20261004,9,1,conv2,mean,0.0005419309099846127,0
lsa-coordinate-median-late20-seed42-20261004,9,1,conv2,std,0.001510563905202733,0
lsa-coordinate-median-late20-seed42-20261004,9,1,conv2,median,0.00010950211435556412,0
lsa-coordinate-median-late20-seed42-20261004,9,1,conv2,min,-0.003366805613040924,0
lsa-coordinate-median-late20-seed42-20261004,9,1,conv2,max,0.017041608691215515,0
lsa-coordinate-median-late20-seed42-20261004,9,1,conv2,l1,3.3190118091006298,0
lsa-coordinate-median-late20-seed42-20261004,9,1,conv2,l2,0.10931735837572684,0
lsa-coordinate-median-late20-seed42-20261004,9,1,conv2,max_abs,0.017041608691215515,0
lsa-coordinate-median-late20-seed42-20261004,9,1,conv2,sparsity,0.0,0
lsa-coordinate-median-late20-seed42-20261004,9,1,conv2,skewness,4.289875201716192,0
lsa-coordinate-median-late20-seed42-20261004,9,1,conv2,kurtosis,27.328696422656208,0
lsa-coordinate-median-late20-seed42-20261004,9,1,fc1,mean,5.103659081813245e-05,0
lsa-coordinate-median-late20-seed42-20261004,9,1,fc1,std,0.00043723943984243284,0
lsa-coordinate-median-late20-seed42-20261004,9,1,fc1,median,0.0,0
lsa-coordinate-median-late20-seed42-20261004,9,1,fc1,min,-0.0055990926921367645,0
lsa-coordinate-median-late20-seed42-20261004,9,1,fc1,max,0.006825671996921301,0
lsa-coordinate-median-late20-seed42-20261004,9,1,fc1,l1,20.780514355499804,0
lsa-coordinate-median-late20-seed42-20261004,9,1,fc1,l2,0.13949523249606172,0
lsa-coordinate-median-late20-seed42-20261004,9,1,fc1,max_abs,0.006825671996921301,0
lsa-coordinate-median-late20-seed42-20261004,9,1,fc1,sparsity,0.08383126195028681,0
lsa-coordinate-median-late20-seed42-20261004,9,1,fc1,skewness,1.7468324729453184,0
lsa-coordinate-median-late20-seed42-20261004,9,1,fc1,kurtosis,26.30926881983933,0
lsa-coordinate-median-late20-seed42-20261004,9,1,output,mean,-8.023702181302584e-11,0
lsa-coordinate-median-late20-seed42-20261004,9,1,output,std,0.0029856304356195907,0
lsa-coordinate-median-late20-seed42-20261004,9,1,output,median,-4.209578037261963e-07,0
lsa-coordinate-median-late20-seed42-20261004,9,1,output,min,-0.009199313819408417,0
lsa-coordinate-median-late20-seed42-20261004,9,1,output,max,0.013668015599250793,0
lsa-coordinate-median-late20-seed42-20261004,9,1,output,l1,1.3051656316965818,0
lsa-coordinate-median-late20-seed42-20261004,9,1,output,l2,0.07611893925800413,0
lsa-coordinate-median-late20-seed42-20261004,9,1,output,max_abs,0.013668015599250793,0
lsa-coordinate-median-late20-seed42-20261004,9,1,output,sparsity,0.046153846153846156,0
lsa-coordinate-median-late20-seed42-20261004,9,1,output,skewness,0.5725089024210147,0
lsa-coordinate-median-late20-seed42-20261004,9,1,output,kurtosis,2.271828880128158,0
lsa-coordinate-median-late20-seed42-20261004,9,2,conv1,mean,0.003279535890033003,0
lsa-coordinate-median-late20-seed42-20261004,9,2,conv1,std,0.005279133231906475,0
lsa-coordinate-median-late20-seed42-20261004,9,2,conv1,median,0.0006331875920295715,0
lsa-coordinate-median-late20-seed42-20261004,9,2,conv1,min,-0.00203627347946167,0
lsa-coordinate-median-late20-seed42-20261004,9,2,conv1,max,0.019670993089675903,0
lsa-coordinate-median-late20-seed42-20261004,9,2,conv1,l1,0.565403368556872,0
lsa-coordinate-median-late20-seed42-20261004,9,2,conv1,l2,0.07861257236267885,0
lsa-coordinate-median-late20-seed42-20261004,9,2,conv1,max_abs,0.019670993089675903,0
lsa-coordinate-median-late20-seed42-20261004,9,2,conv1,sparsity,0.0,0
lsa-coordinate-median-late20-seed42-20261004,9,2,conv1,skewness,1.5159082026037378,0
lsa-coordinate-median-late20-seed42-20261004,9,2,conv1,kurtosis,1.0845654387388493,0
lsa-coordinate-median-late20-seed42-20261004,9,2,conv2,mean,0.0005017994396031758,0
lsa-coordinate-median-late20-seed42-20261004,9,2,conv2,std,0.0014105230326643958,0
lsa-coordinate-median-late20-seed42-20261004,9,2,conv2,median,9.640306234359741e-05,0
lsa-coordinate-median-late20-seed42-20261004,9,2,conv2,min,-0.003033190965652466,0
lsa-coordinate-median-late20-seed42-20261004,9,2,conv2,max,0.016070708632469177,0
lsa-coordinate-median-late20-seed42-20261004,9,2,conv2,l1,3.10621032648487,0
lsa-coordinate-median-late20-seed42-20261004,9,2,conv2,l2,0.10198035826147851,0
lsa-coordinate-median-late20-seed42-20261004,9,2,conv2,max_abs,0.016070708632469177,0
lsa-coordinate-median-late20-seed42-20261004,9,2,conv2,sparsity,0.0,0
lsa-coordinate-median-late20-seed42-20261004,9,2,conv2,skewness,4.212209654377604,0
lsa-coordinate-median-late20-seed42-20261004,9,2,conv2,kurtosis,26.46506889224716,0
lsa-coordinate-median-late20-seed42-20261004,9,2,fc1,mean,6.32776054617019e-05,0
lsa-coordinate-median-late20-seed42-20261004,9,2,fc1,std,0.000437836810527829,0
lsa-coordinate-median-late20-seed42-20261004,9,2,fc1,median,0.0,0
lsa-coordinate-median-late20-seed42-20261004,9,2,fc1,min,-0.007391385268419981,0
lsa-coordinate-median-late20-seed42-20261004,9,2,fc1,max,0.007617194205522537,0
lsa-coordinate-median-late20-seed42-20261004,9,2,fc1,l1,20.62733551098404,0
lsa-coordinate-median-late20-seed42-20261004,9,2,fc1,l2,0.14018532781238355,0
lsa-coordinate-median-late20-seed42-20261004,9,2,fc1,max_abs,0.007617194205522537,0
lsa-coordinate-median-late20-seed42-20261004,9,2,fc1,sparsity,0.08473749203314213,0
lsa-coordinate-median-late20-seed42-20261004,9,2,fc1,skewness,1.5561277221243377,0
lsa-coordinate-median-late20-seed42-20261004,9,2,fc1,kurtosis,24.6272378253773,0
lsa-coordinate-median-late20-seed42-20261004,9,2,output,mean,-5.021530131881054e-10,0
lsa-coordinate-median-late20-seed42-20261004,9,2,output,std,0.002769320518889475,0
lsa-coordinate-median-late20-seed42-20261004,9,2,output,median,-2.775341272354126e-07,0
lsa-coordinate-median-late20-seed42-20261004,9,2,output,min,-0.010541118681430817,0
lsa-coordinate-median-late20-seed42-20261004,9,2,output,max,0.010039091110229492,0
lsa-coordinate-median-late20-seed42-20261004,9,2,output,l1,1.2474829312122893,0
lsa-coordinate-median-late20-seed42-20261004,9,2,output,l2,0.0706040968260528,0
lsa-coordinate-median-late20-seed42-20261004,9,2,output,max_abs,0.010541118681430817,0
lsa-coordinate-median-late20-seed42-20261004,9,2,output,sparsity,0.046153846153846156,0
lsa-coordinate-median-late20-seed42-20261004,9,2,output,skewness,-0.09318453049506935,0
lsa-coordinate-median-late20-seed42-20261004,9,2,output,kurtosis,1.2505234428736358,0
lsa-coordinate-median-late20-seed42-20261004,9,3,conv1,mean,0.0036193989144521765,0
lsa-coordinate-median-late20-seed42-20261004,9,3,conv1,std,0.005770372024826222,0
lsa-coordinate-median-late20-seed42-20261004,9,3,conv1,median,0.0007107406854629517,0
lsa-coordinate-median-late20-seed42-20261004,9,3,conv1,min,-0.0024114400148391724,0
lsa-coordinate-median-late20-seed42-20261004,9,3,conv1,max,0.021486103534698486,0
lsa-coordinate-median-late20-seed42-20261004,9,3,conv1,l1,0.6187713753897697,0
lsa-coordinate-median-late20-seed42-20261004,9,3,conv1,l2,0.08616007595803027,0
lsa-coordinate-median-late20-seed42-20261004,9,3,conv1,max_abs,0.021486103534698486,0
lsa-coordinate-median-late20-seed42-20261004,9,3,conv1,sparsity,0.0,0
lsa-coordinate-median-late20-seed42-20261004,9,3,conv1,skewness,1.512007522693395,0
lsa-coordinate-median-late20-seed42-20261004,9,3,conv1,kurtosis,1.0779421064308767,0
lsa-coordinate-median-late20-seed42-20261004,9,3,conv2,mean,0.000561602741737292,0
lsa-coordinate-median-late20-seed42-20261004,9,3,conv2,std,0.0015364156487574553,0
lsa-coordinate-median-late20-seed42-20261004,9,3,conv2,median,0.0001148078590631485,0
lsa-coordinate-median-late20-seed42-20261004,9,3,conv2,min,-0.003241434693336487,0
lsa-coordinate-median-late20-seed42-20261004,9,3,conv2,max,0.0175677090883255,0
lsa-coordinate-median-late20-seed42-20261004,9,3,conv2,l1,3.386370551568689,0
lsa-coordinate-median-late20-seed42-20261004,9,3,conv2,l2,0.11142936767149705,0
lsa-coordinate-median-late20-seed42-20261004,9,3,conv2,max_abs,0.0175677090883255,0
lsa-coordinate-median-late20-seed42-20261004,9,3,conv2,sparsity,0.0,0
lsa-coordinate-median-late20-seed42-20261004,9,3,conv2,skewness,4.272718873353843,0
lsa-coordinate-median-late20-seed42-20261004,9,3,conv2,kurtosis,27.21206896895103,0
lsa-coordinate-median-late20-seed42-20261004,9,3,fc1,mean,5.5730167848375197e-05,0
lsa-coordinate-median-late20-seed42-20261004,9,3,fc1,std,0.0004327605193525163,0
lsa-coordinate-median-late20-seed42-20261004,9,3,fc1,median,0.0,0
lsa-coordinate-median-late20-seed42-20261004,9,3,fc1,min,-0.00541301816701889,0
lsa-coordinate-median-late20-seed42-20261004,9,3,fc1,max,0.008129037916660309,0
lsa-coordinate-median-late20-seed42-20261004,9,3,fc1,l1,20.07995729003494,0
lsa-coordinate-median-late20-seed42-20261004,9,3,fc1,l2,0.13826768631771394,0
lsa-coordinate-median-late20-seed42-20261004,9,3,fc1,max_abs,0.008129037916660309,0
lsa-coordinate-median-late20-seed42-20261004,9,3,fc1,sparsity,0.07448016252390058,0
lsa-coordinate-median-late20-seed42-20261004,9,3,fc1,skewness,1.8175275295714828,0
lsa-coordinate-median-late20-seed42-20261004,9,3,fc1,kurtosis,27.196933355478993,0
lsa-coordinate-median-late20-seed42-20261004,9,3,output,mean,-2.4662138177798344e-10,0
lsa-coordinate-median-late20-seed42-20261004,9,3,output,std,0.002892990400756284,0
lsa-coordinate-median-late20-seed42-20261004,9,3,output,median,-5.718320608139038e-07,0
lsa-coordinate-median-late20-seed42-20261004,9,3,output,min,-0.010453082621097565,0
lsa-coordinate-median-late20-seed42-20261004,9,3,output,max,0.011124074459075928,0
lsa-coordinate-median-late20-seed42-20261004,9,3,output,l1,1.2792270361678675,0
lsa-coordinate-median-late20-seed42-20261004,9,3,output,l2,0.07375707253046478,0
lsa-coordinate-median-late20-seed42-20261004,9,3,output,max_abs,0.011124074459075928,0
lsa-coordinate-median-late20-seed42-20261004,9,3,output,sparsity,0.03076923076923077,0
lsa-coordinate-median-late20-seed42-20261004,9,3,output,skewness,0.29362175342524527,0
lsa-coordinate-median-late20-seed42-20261004,9,3,output,kurtosis,1.5291343003738405,0
lsa-coordinate-median-late20-seed42-20261004,9,4,conv1,mean,0.003610983484031749,0
lsa-coordinate-median-late20-seed42-20261004,9,4,conv1,std,0.005765741251510749,0
lsa-coordinate-median-late20-seed42-20261004,9,4,conv1,median,0.0006833765655755997,0
lsa-coordinate-median-late20-seed42-20261004,9,4,conv1,min,-0.0024580061435699463,0
lsa-coordinate-median-late20-seed42-20261004,9,4,conv1,max,0.021512001752853394,0
lsa-coordinate-median-late20-seed42-20261004,9,4,conv1,l1,0.6193162819254212,0
lsa-coordinate-median-late20-seed42-20261004,9,4,conv1,l2,0.08605391231205964,0
lsa-coordinate-median-late20-seed42-20261004,9,4,conv1,max_abs,0.021512001752853394,0
lsa-coordinate-median-late20-seed42-20261004,9,4,conv1,sparsity,0.0,0
lsa-coordinate-median-late20-seed42-20261004,9,4,conv1,skewness,1.5070302459027474,0
lsa-coordinate-median-late20-seed42-20261004,9,4,conv1,kurtosis,1.0498148343155531,0
lsa-coordinate-median-late20-seed42-20261004,9,4,conv2,mean,0.0005252486835192469,0
lsa-coordinate-median-late20-seed42-20261004,9,4,conv2,std,0.0015434793227839096,0
lsa-coordinate-median-late20-seed42-20261004,9,4,conv2,median,9.33576375246048e-05,0
lsa-coordinate-median-late20-seed42-20261004,9,4,conv2,min,-0.0034024715423583984,0
lsa-coordinate-median-late20-seed42-20261004,9,4,conv2,max,0.01851104199886322,0
lsa-coordinate-median-late20-seed42-20261004,9,4,conv2,l1,3.308590303029632,0
lsa-coordinate-median-late20-seed42-20261004,9,4,conv2,l2,0.11105906420106747,0
lsa-coordinate-median-late20-seed42-20261004,9,4,conv2,max_abs,0.01851104199886322,0
lsa-coordinate-median-late20-seed42-20261004,9,4,conv2,sparsity,0.0,0
lsa-coordinate-median-late20-seed42-20261004,9,4,conv2,skewness,4.460266491031116,0
lsa-coordinate-median-late20-seed42-20261004,9,4,conv2,kurtosis,29.93908458934181,0
lsa-coordinate-median-late20-seed42-20261004,9,4,fc1,mean,5.713044640145863e-05,0
lsa-coordinate-median-late20-seed42-20261004,9,4,fc1,std,0.00044456573386134914,0
lsa-coordinate-median-late20-seed42-20261004,9,4,fc1,median,0.0,0
lsa-coordinate-median-late20-seed42-20261004,9,4,fc1,min,-0.006882604211568832,0
lsa-coordinate-median-late20-seed42-20261004,9,4,fc1,max,0.008757717907428741,0
lsa-coordinate-median-late20-seed42-20261004,9,4,fc1,l1,20.72870384831276,0
lsa-coordinate-median-late20-seed42-20261004,9,4,fc1,l2,0.14203462055462726,0
lsa-coordinate-median-late20-seed42-20261004,9,4,fc1,max_abs,0.008757717907428741,0
lsa-coordinate-median-late20-seed42-20261004,9,4,fc1,sparsity,0.07188097514340344,0
lsa-coordinate-median-late20-seed42-20261004,9,4,fc1,skewness,1.8298443903658754,0
lsa-coordinate-median-late20-seed42-20261004,9,4,fc1,kurtosis,29.82889612351285,0
lsa-coordinate-median-late20-seed42-20261004,9,4,output,mean,6.228219717741012e-10,0
lsa-coordinate-median-late20-seed42-20261004,9,4,output,std,0.0029150856661015875,0
lsa-coordinate-median-late20-seed42-20261004,9,4,output,median,-4.246830940246582e-07,0
lsa-coordinate-median-late20-seed42-20261004,9,4,output,min,-0.009033948183059692,0
lsa-coordinate-median-late20-seed42-20261004,9,4,output,max,0.012404203414916992,0
lsa-coordinate-median-late20-seed42-20261004,9,4,output,l1,1.3140904568717815,0
lsa-coordinate-median-late20-seed42-20261004,9,4,output,l2,0.07432039347623477,0
lsa-coordinate-median-late20-seed42-20261004,9,4,output,max_abs,0.012404203414916992,0
lsa-coordinate-median-late20-seed42-20261004,9,4,output,sparsity,0.03076923076923077,0
lsa-coordinate-median-late20-seed42-20261004,9,4,output,skewness,0.3028771238731866,0
lsa-coordinate-median-late20-seed42-20261004,9,4,output,kurtosis,1.545519744033074,0
lsa-coordinate-median-late20-seed42-20261004,10,0,conv1,mean,0.003491866533840948,0
lsa-coordinate-median-late20-seed42-20261004,10,0,conv1,std,0.0055262420395476184,0
lsa-coordinate-median-late20-seed42-20261004,10,0,conv1,median,0.0006901770830154419,0
lsa-coordinate-median-late20-seed42-20261004,10,0,conv1,min,-0.002056524157524109,0
lsa-coordinate-median-late20-seed42-20261004,10,0,conv1,max,0.020533204078674316,0
lsa-coordinate-median-late20-seed42-20261004,10,0,conv1,l1,0.5991027335694525,0
lsa-coordinate-median-late20-seed42-20261004,10,0,conv1,l2,0.08268734652394821,0
lsa-coordinate-median-late20-seed42-20261004,10,0,conv1,max_abs,0.020533204078674316,0
lsa-coordinate-median-late20-seed42-20261004,10,0,conv1,sparsity,0.0,0
lsa-coordinate-median-late20-seed42-20261004,10,0,conv1,skewness,1.4974919724978892,0
lsa-coordinate-median-late20-seed42-20261004,10,0,conv1,kurtosis,1.0303475312333443,0
lsa-coordinate-median-late20-seed42-20261004,10,0,conv2,mean,0.00048733984748306,0
lsa-coordinate-median-late20-seed42-20261004,10,0,conv2,std,0.0014177665041705395,0
lsa-coordinate-median-late20-seed42-20261004,10,0,conv2,median,9.313225746154785e-05,0
lsa-coordinate-median-late20-seed42-20261004,10,0,conv2,min,-0.003214087337255478,0
lsa-coordinate-median-late20-seed42-20261004,10,0,conv2,max,0.01597839593887329,0
lsa-coordinate-median-late20-seed42-20261004,10,0,conv2,l1,3.1628084392868914,0
lsa-coordinate-median-late20-seed42-20261004,10,0,conv2,l2,0.1021209460445722,0
lsa-coordinate-median-late20-seed42-20261004,10,0,conv2,max_abs,0.01597839593887329,0
lsa-coordinate-median-late20-seed42-20261004,10,0,conv2,sparsity,0.0,0
lsa-coordinate-median-late20-seed42-20261004,10,0,conv2,skewness,4.0637021326624625,0
lsa-coordinate-median-late20-seed42-20261004,10,0,conv2,kurtosis,25.05197760347774,0
lsa-coordinate-median-late20-seed42-20261004,10,0,fc1,mean,5.3281205270578794e-05,0
lsa-coordinate-median-late20-seed42-20261004,10,0,fc1,std,0.0005118558751853308,0
lsa-coordinate-median-late20-seed42-20261004,10,0,fc1,median,0.0,0
lsa-coordinate-median-late20-seed42-20261004,10,0,fc1,min,-0.008612344041466713,0
lsa-coordinate-median-late20-seed42-20261004,10,0,fc1,max,0.009042147547006607,0
lsa-coordinate-median-late20-seed42-20261004,10,0,fc1,l1,23.27748585639864,0
lsa-coordinate-median-late20-seed42-20261004,10,0,fc1,l2,0.16307576114917302,0
lsa-coordinate-median-late20-seed42-20261004,10,0,fc1,max_abs,0.009042147547006607,0
lsa-coordinate-median-late20-seed42-20261004,10,0,fc1,sparsity,0.06971996494582537,0
lsa-coordinate-median-late20-seed42-20261004,10,0,fc1,skewness,1.2069654997142447,0
lsa-coordinate-median-late20-seed42-20261004,10,0,fc1,kurtosis,30.22389717224248,0
lsa-coordinate-median-late20-seed42-20261004,10,0,output,mean,2.787251455279497e-10,0
lsa-coordinate-median-late20-seed42-20261004,10,0,output,std,0.0033122605932260634,0
lsa-coordinate-median-late20-seed42-20261004,10,0,output,median,-1.5581026673316956e-06,0
lsa-coordinate-median-late20-seed42-20261004,10,0,output,min,-0.009454280138015747,0
lsa-coordinate-median-late20-seed42-20261004,10,0,output,max,0.020286351442337036,0
lsa-coordinate-median-late20-seed42-20261004,10,0,output,l1,1.4382709674246144,0
lsa-coordinate-median-late20-seed42-20261004,10,0,output,l2,0.08444640699482085,0
lsa-coordinate-median-late20-seed42-20261004,10,0,output,max_abs,0.020286351442337036,0
lsa-coordinate-median-late20-seed42-20261004,10,0,output,sparsity,0.03076923076923077,0
lsa-coordinate-median-late20-seed42-20261004,10,0,output,skewness,0.9432897587603533,0
lsa-coordinate-median-late20-seed42-20261004,10,0,output,kurtosis,3.7253383486212943,0
lsa-coordinate-median-late20-seed42-20261004,10,1,conv1,mean,0.003565713590796804,0
lsa-coordinate-median-late20-seed42-20261004,10,1,conv1,std,0.005673138164256405,0
lsa-coordinate-median-late20-seed42-20261004,10,1,conv1,median,0.0007460322231054306,0
lsa-coordinate-median-late20-seed42-20261004,10,1,conv1,min,-0.0019905269145965576,0
lsa-coordinate-median-late20-seed42-20261004,10,1,conv1,max,0.020753800868988037,0
lsa-coordinate-median-late20-seed42-20261004,10,1,conv1,l1,0.6112170546548441,0
lsa-coordinate-median-late20-seed42-20261004,10,1,conv1,l2,0.08475735724274142,0
lsa-coordinate-median-late20-seed42-20261004,10,1,conv1,max_abs,0.020753800868988037,0
lsa-coordinate-median-late20-seed42-20261004,10,1,conv1,sparsity,0.0,0
lsa-coordinate-median-late20-seed42-20261004,10,1,conv1,skewness,1.5006724723129028,0
lsa-coordinate-median-late20-seed42-20261004,10,1,conv1,kurtosis,1.0127862715092961,0
lsa-coordinate-median-late20-seed42-20261004,10,1,conv2,mean,0.0004977839224983623,0
lsa-coordinate-median-late20-seed42-20261004,10,1,conv2,std,0.0014482102517759934,0
lsa-coordinate-median-late20-seed42-20261004,10,1,conv2,median,8.933269418776035e-05,0
lsa-coordinate-median-late20-seed42-20261004,10,1,conv2,min,-0.003095962107181549,0
lsa-coordinate-median-late20-seed42-20261004,10,1,conv2,max,0.016399577260017395,0
lsa-coordinate-median-late20-seed42-20261004,10,1,conv2,l1,3.1278313782677287,0
lsa-coordinate-median-late20-seed42-20261004,10,1,conv2,l2,0.10431333662657814,0
lsa-coordinate-median-late20-seed42-20261004,10,1,conv2,max_abs,0.016399577260017395,0
lsa-coordinate-median-late20-seed42-20261004,10,1,conv2,sparsity,0.0,0
lsa-coordinate-median-late20-seed42-20261004,10,1,conv2,skewness,4.304891716326117,0
lsa-coordinate-median-late20-seed42-20261004,10,1,conv2,kurtosis,27.273405514167294,0
lsa-coordinate-median-late20-seed42-20261004,10,1,fc1,mean,4.4068747739660295e-05,0
lsa-coordinate-median-late20-seed42-20261004,10,1,fc1,std,0.0004201099142414218,0
lsa-coordinate-median-late20-seed42-20261004,10,1,fc1,median,0.0,0
lsa-coordinate-median-late20-seed42-20261004,10,1,fc1,min,-0.005467068403959274,0
lsa-coordinate-median-late20-seed42-20261004,10,1,fc1,max,0.006567543372511864,0
lsa-coordinate-median-late20-seed42-20261004,10,1,fc1,l1,20.07424060630626,0
lsa-coordinate-median-late20-seed42-20261004,10,1,fc1,l2,0.13385689435090486,0
lsa-coordinate-median-late20-seed42-20261004,10,1,fc1,max_abs,0.006567543372511864,0
lsa-coordinate-median-late20-seed42-20261004,10,1,fc1,sparsity,0.08182958891013384,0
lsa-coordinate-median-late20-seed42-20261004,10,1,fc1,skewness,1.4724279642892713,0
lsa-coordinate-median-late20-seed42-20261004,10,1,fc1,kurtosis,24.85727835358842,0
lsa-coordinate-median-late20-seed42-20261004,10,1,output,mean,-8.717716599886234e-11,0
lsa-coordinate-median-late20-seed42-20261004,10,1,output,std,0.0029794621559670934,0
lsa-coordinate-median-late20-seed42-20261004,10,1,output,median,-2.086162567138672e-07,0
lsa-coordinate-median-late20-seed42-20261004,10,1,output,min,-0.008561983704566956,0
lsa-coordinate-median-late20-seed42-20261004,10,1,output,max,0.015245646238327026,0
lsa-coordinate-median-late20-seed42-20261004,10,1,output,l1,1.3276453899161424,0
lsa-coordinate-median-late20-seed42-20261004,10,1,output,l2,0.07596167836643722,0
lsa-coordinate-median-late20-seed42-20261004,10,1,output,max_abs,0.015245646238327026,0
lsa-coordinate-median-late20-seed42-20261004,10,1,output,sparsity,0.046153846153846156,0
lsa-coordinate-median-late20-seed42-20261004,10,1,output,skewness,0.6004127494373583,0
lsa-coordinate-median-late20-seed42-20261004,10,1,output,kurtosis,2.601537457044998,0
lsa-coordinate-median-late20-seed42-20261004,10,2,conv1,mean,0.0033029403959517365,0
lsa-coordinate-median-late20-seed42-20261004,10,2,conv1,std,0.005266148626925869,0
lsa-coordinate-median-late20-seed42-20261004,10,2,conv1,median,0.0005720909684896469,0
lsa-coordinate-median-late20-seed42-20261004,10,2,conv1,min,-0.0017587244510650635,0
lsa-coordinate-median-late20-seed42-20261004,10,2,conv1,max,0.01968836784362793,0
lsa-coordinate-median-late20-seed42-20261004,10,2,conv1,l1,0.5671657987404615,0
lsa-coordinate-median-late20-seed42-20261004,10,2,conv1,l2,0.07863000609953738,0
lsa-coordinate-median-late20-seed42-20261004,10,2,conv1,max_abs,0.01968836784362793,0
lsa-coordinate-median-late20-seed42-20261004,10,2,conv1,sparsity,0.0,0
lsa-coordinate-median-late20-seed42-20261004,10,2,conv1,skewness,1.5149140048613499,0
lsa-coordinate-median-late20-seed42-20261004,10,2,conv1,kurtosis,1.0838791400663075,0
lsa-coordinate-median-late20-seed42-20261004,10,2,conv2,mean,0.0004626892186495062,0
lsa-coordinate-median-late20-seed42-20261004,10,2,conv2,std,0.0013492156441378157,0
lsa-coordinate-median-late20-seed42-20261004,10,2,conv2,median,8.280575275421143e-05,0
lsa-coordinate-median-late20-seed42-20261004,10,2,conv2,min,-0.002940218895673752,0
lsa-coordinate-median-late20-seed42-20261004,10,2,conv2,max,0.0154513418674469,0
lsa-coordinate-median-late20-seed42-20261004,10,2,conv2,l1,2.932293366640806,0
lsa-coordinate-median-late20-seed42-20261004,10,2,conv2,l2,0.09715921848658984,0
lsa-coordinate-median-late20-seed42-20261004,10,2,conv2,max_abs,0.0154513418674469,0
lsa-coordinate-median-late20-seed42-20261004,10,2,conv2,sparsity,0.00021551724137931034,0
lsa-coordinate-median-late20-seed42-20261004,10,2,conv2,skewness,4.218334468112874,0
lsa-coordinate-median-late20-seed42-20261004,10,2,conv2,kurtosis,26.41589356957201,0
lsa-coordinate-median-late20-seed42-20261004,10,2,fc1,mean,5.5682417744347753e-05,0
lsa-coordinate-median-late20-seed42-20261004,10,2,fc1,std,0.0004460128326697852,0
lsa-coordinate-median-late20-seed42-20261004,10,2,fc1,median,0.0,0
lsa-coordinate-median-late20-seed42-20261004,10,2,fc1,min,-0.007441660854965448,0
lsa-coordinate-median-late20-seed42-20261004,10,2,fc1,max,0.007876303046941757,0
lsa-coordinate-median-late20-seed42-20261004,10,2,fc1,l1,21.016520823082374,0
lsa-coordinate-median-late20-seed42-20261004,10,2,fc1,l2,0.1424318836998086,0
lsa-coordinate-median-late20-seed42-20261004,10,2,fc1,max_abs,0.007876303046941757,0
lsa-coordinate-median-late20-seed42-20261004,10,2,fc1,sparsity,0.08255656469088592,0
lsa-coordinate-median-late20-seed42-20261004,10,2,fc1,skewness,1.4151563304716193,0
lsa-coordinate-median-late20-seed42-20261004,10,2,fc1,kurtosis,25.2531156230358,0
lsa-coordinate-median-late20-seed42-20261004,10,2,output,mean,-1.9656279339240147e-11,0
lsa-coordinate-median-late20-seed42-20261004,10,2,output,std,0.00300759749048021,0
lsa-coordinate-median-late20-seed42-20261004,10,2,output,median,-2.7194619178771973e-07,0
lsa-coordinate-median-late20-seed42-20261004,10,2,output,min,-0.00988788902759552,0
lsa-coordinate-median-late20-seed42-20261004,10,2,output,max,0.012085966765880585,0
lsa-coordinate-median-late20-seed42-20261004,10,2,output,l1,1.3796289593155961,0
lsa-coordinate-median-late20-seed42-20261004,10,2,output,l2,0.07667899146495641,0
lsa-coordinate-median-late20-seed42-20261004,10,2,output,max_abs,0.012085966765880585,0
lsa-coordinate-median-late20-seed42-20261004,10,2,output,sparsity,0.046153846153846156,0
lsa-coordinate-median-late20-seed42-20261004,10,2,output,skewness,0.20123983047402827,0
lsa-coordinate-median-late20-seed42-20261004,10,2,output,kurtosis,1.0090579078266417,0
lsa-coordinate-median-late20-seed42-20261004,10,3,conv1,mean,0.0035663874716192366,0
lsa-coordinate-median-late20-seed42-20261004,10,3,conv1,std,0.00565623487326761,0
lsa-coordinate-median-late20-seed42-20261004,10,3,conv1,median,0.0006828159093856812,0
lsa-coordinate-median-late20-seed42-20261004,10,3,conv1,min,-0.0020589083433151245,0
lsa-coordinate-median-late20-seed42-20261004,10,3,conv1,max,0.02109771966934204,0
lsa-coordinate-median-late20-seed42-20261004,10,3,conv1,l1,0.6077593595546205,0
lsa-coordinate-median-late20-seed42-20261004,10,3,conv1,l2,0.08458095534035193,0
lsa-coordinate-median-late20-seed42-20261004,10,3,conv1,max_abs,0.02109771966934204,0
lsa-coordinate-median-late20-seed42-20261004,10,3,conv1,sparsity,0.0,0
lsa-coordinate-median-late20-seed42-20261004,10,3,conv1,skewness,1.51012870062856,0
lsa-coordinate-median-late20-seed42-20261004,10,3,conv1,kurtosis,1.0622317888918378,0
lsa-coordinate-median-late20-seed42-20261004,10,3,conv2,mean,0.0004969037298819942,0
lsa-coordinate-median-late20-seed42-20261004,10,3,conv2,std,0.0014438683409226665,0
lsa-coordinate-median-late20-seed42-20261004,10,3,conv2,median,9.122610208578408e-05,0
lsa-coordinate-median-late20-seed42-20261004,10,3,conv2,min,-0.00296860933303833,0
lsa-coordinate-median-late20-seed42-20261004,10,3,conv2,max,0.01638634502887726,0
lsa-coordinate-median-late20-seed42-20261004,10,3,conv2,l1,3.129473979181057,0
lsa-coordinate-median-late20-seed42-20261004,10,3,conv2,l2,0.1040141559427315,0
lsa-coordinate-median-late20-seed42-20261004,10,3,conv2,max_abs,0.01638634502887726,0
lsa-coordinate-median-late20-seed42-20261004,10,3,conv2,sparsity,0.0,0
lsa-coordinate-median-late20-seed42-20261004,10,3,conv2,skewness,4.223772325141786,0
lsa-coordinate-median-late20-seed42-20261004,10,3,conv2,kurtosis,26.540490225391583,0
lsa-coordinate-median-late20-seed42-20261004,10,3,fc1,mean,4.882698396360174e-05,0
lsa-coordinate-median-late20-seed42-20261004,10,3,fc1,std,0.0004130219802978849,0
lsa-coordinate-median-late20-seed42-20261004,10,3,fc1,median,0.0,0
lsa-coordinate-median-late20-seed42-20261004,10,3,fc1,min,-0.005250661168247461,0
lsa-coordinate-median-late20-seed42-20261004,10,3,fc1,max,0.007515620440244675,0
lsa-coordinate-median-late20-seed42-20261004,10,3,fc1,l1,19.393904179144556,0
lsa-coordinate-median-late20-seed42-20261004,10,3,fc1,l2,0.13179180205587465,0
lsa-coordinate-median-late20-seed42-20261004,10,3,fc1,max_abs,0.007515620440244675,0
lsa-coordinate-median-late20-seed42-20261004,10,3,fc1,sparsity,0.08469765774378585,0
lsa-coordinate-median-late20-seed42-20261004,10,3,fc1,skewness,1.5997321927538746,0
lsa-coordinate-median-late20-seed42-20261004,10,3,fc1,kurtosis,26.097124295301462,0
lsa-coordinate-median-late20-seed42-20261004,10,3,output,mean,-6.680448467914875e-11,0
lsa-coordinate-median-late20-seed42-20261004,10,3,output,std,0.002876839608434233,0
lsa-coordinate-median-late20-seed42-20261004,10,3,output,median,-5.19677996635437e-07,0
lsa-coordinate-median-late20-seed42-20261004,10,3,output,min,-0.009295344352722168,0
lsa-coordinate-median-late20-seed42-20261004,10,3,output,max,0.01168765127658844,0
lsa-coordinate-median-late20-seed42-20261004,10,3,output,l1,1.2777466202387586,0
lsa-coordinate-median-late20-seed42-20261004,10,3,output,l2,0.07334530650441391,0
lsa-coordinate-median-late20-seed42-20261004,10,3,output,max_abs,0.01168765127658844,0
lsa-coordinate-median-late20-seed42-20261004,10,3,output,sparsity,0.046153846153846156,0
lsa-coordinate-median-late20-seed42-20261004,10,3,output,skewness,0.34967444317173524,0
lsa-coordinate-median-late20-seed42-20261004,10,3,output,kurtosis,1.5353821989838217,0
lsa-coordinate-median-late20-seed42-20261004,10,4,conv1,mean,0.003572238696324348,0
lsa-coordinate-median-late20-seed42-20261004,10,4,conv1,std,0.005664788596930096,0
lsa-coordinate-median-late20-seed42-20261004,10,4,conv1,median,0.0007524751126766205,0
lsa-coordinate-median-late20-seed42-20261004,10,4,conv1,min,-0.0021174103021621704,0
lsa-coordinate-median-late20-seed42-20261004,10,4,conv1,max,0.021250128746032715,0
lsa-coordinate-median-late20-seed42-20261004,10,4,conv1,l1,0.6095278240100015,0
lsa-coordinate-median-late20-seed42-20261004,10,4,conv1,l2,0.08471195349080442,0
lsa-coordinate-median-late20-seed42-20261004,10,4,conv1,max_abs,0.021250128746032715,0
lsa-coordinate-median-late20-seed42-20261004,10,4,conv1,sparsity,0.0,0
lsa-coordinate-median-late20-seed42-20261004,10,4,conv1,skewness,1.5078837560323355,0
lsa-coordinate-median-late20-seed42-20261004,10,4,conv1,kurtosis,1.051220987118108,0
lsa-coordinate-median-late20-seed42-20261004,10,4,conv2,mean,0.00046779132882075546,0
lsa-coordinate-median-late20-seed42-20261004,10,4,conv2,std,0.0014524574475166514,0
lsa-coordinate-median-late20-seed42-20261004,10,4,conv2,median,6.999913603067398e-05,0
lsa-coordinate-median-late20-seed42-20261004,10,4,conv2,min,-0.0030741021037101746,0
lsa-coordinate-median-late20-seed42-20261004,10,4,conv2,max,0.017451807856559753,0
lsa-coordinate-median-late20-seed42-20261004,10,4,conv2,l1,3.0584156621080183,0
lsa-coordinate-median-late20-seed42-20261004,10,4,conv2,l2,0.10394258381304768,0
lsa-coordinate-median-late20-seed42-20261004,10,4,conv2,max_abs,0.017451807856559753,0
lsa-coordinate-median-late20-seed42-20261004,10,4,conv2,sparsity,0.0,0
lsa-coordinate-median-late20-seed42-20261004,10,4,conv2,skewness,4.450217628814294,0
lsa-coordinate-median-late20-seed42-20261004,10,4,conv2,kurtosis,29.659769045925472,0
lsa-coordinate-median-late20-seed42-20261004,10,4,fc1,mean,4.921132956892272e-05,0
lsa-coordinate-median-late20-seed42-20261004,10,4,fc1,std,0.00043041064248410145,0
lsa-coordinate-median-late20-seed42-20261004,10,4,fc1,median,0.0,0
lsa-coordinate-median-late20-seed42-20261004,10,4,fc1,min,-0.007020723074674606,0
lsa-coordinate-median-late20-seed42-20261004,10,4,fc1,max,0.00831858441233635,0
lsa-coordinate-median-late20-seed42-20261004,10,4,fc1,l1,20.199457614862467,0
lsa-coordinate-median-late20-seed42-20261004,10,4,fc1,l2,0.13727920615963063,0
lsa-coordinate-median-late20-seed42-20261004,10,4,fc1,max_abs,0.00831858441233635,0
lsa-coordinate-median-late20-seed42-20261004,10,4,fc1,sparsity,0.09154915551306565,0
lsa-coordinate-median-late20-seed42-20261004,10,4,fc1,skewness,1.6353770995387518,0
lsa-coordinate-median-late20-seed42-20261004,10,4,fc1,kurtosis,29.488681176828287,0
lsa-coordinate-median-late20-seed42-20261004,10,4,output,mean,1.6204117295833733e-10,0
lsa-coordinate-median-late20-seed42-20261004,10,4,output,std,0.0030187685115547515,0
lsa-coordinate-median-late20-seed42-20261004,10,4,output,median,-5.438923835754395e-07,0
lsa-coordinate-median-late20-seed42-20261004,10,4,output,min,-0.008421376347541809,0
lsa-coordinate-median-late20-seed42-20261004,10,4,output,max,0.011308252811431885,0
lsa-coordinate-median-late20-seed42-20261004,10,4,output,l1,1.3973205277288798,0
lsa-coordinate-median-late20-seed42-20261004,10,4,output,l2,0.07696379773718573,0
lsa-coordinate-median-late20-seed42-20261004,10,4,output,max_abs,0.011308252811431885,0
lsa-coordinate-median-late20-seed42-20261004,10,4,output,sparsity,0.06153846153846154,0
lsa-coordinate-median-late20-seed42-20261004,10,4,output,skewness,0.2807284371936159,0
lsa-coordinate-median-late20-seed42-20261004,10,4,output,kurtosis,1.0141300249295737,0
lsa-coordinate-median-late20-seed42-20261004,11,0,conv1,mean,0.0030460916012089003,0
lsa-coordinate-median-late20-seed42-20261004,11,0,conv1,std,0.004809314647954996,0
lsa-coordinate-median-late20-seed42-20261004,11,0,conv1,median,0.0005420446395874023,0
lsa-coordinate-median-late20-seed42-20261004,11,0,conv1,min,-0.0017001479864120483,0
lsa-coordinate-median-late20-seed42-20261004,11,0,conv1,max,0.01798468828201294,0
lsa-coordinate-median-late20-seed42-20261004,11,0,conv1,l1,0.5230711975018494,0
lsa-coordinate-median-late20-seed42-20261004,11,0,conv1,l2,0.07200908989952853,0
lsa-coordinate-median-late20-seed42-20261004,11,0,conv1,max_abs,0.01798468828201294,0
lsa-coordinate-median-late20-seed42-20261004,11,0,conv1,sparsity,0.0,0
lsa-coordinate-median-late20-seed42-20261004,11,0,conv1,skewness,1.4905843892324628,0
lsa-coordinate-median-late20-seed42-20261004,11,0,conv1,kurtosis,1.0221150062140953,0
lsa-coordinate-median-late20-seed42-20261004,11,0,conv2,mean,0.0003929504810253877,0
lsa-coordinate-median-late20-seed42-20261004,11,0,conv2,std,0.0012059024756015154,0
lsa-coordinate-median-late20-seed42-20261004,11,0,conv2,median,6.842799484729767e-05,0
lsa-coordinate-median-late20-seed42-20261004,11,0,conv2,min,-0.0031074322760105133,0
lsa-coordinate-median-late20-seed42-20261004,11,0,conv2,max,0.013276129961013794,0
lsa-coordinate-median-late20-seed42-20261004,11,0,conv2,l1,2.6940536102920305,0
lsa-coordinate-median-late20-seed42-20261004,11,0,conv2,l2,0.0863941803362226,0
lsa-coordinate-median-late20-seed42-20261004,11,0,conv2,max_abs,0.013276129961013794,0
lsa-coordinate-median-late20-seed42-20261004,11,0,conv2,sparsity,0.0,0
lsa-coordinate-median-late20-seed42-20261004,11,0,conv2,skewness,3.90962490303981,0
lsa-coordinate-median-late20-seed42-20261004,11,0,conv2,kurtosis,23.350145265137108,0
lsa-coordinate-median-late20-seed42-20261004,11,0,fc1,mean,4.02971718079347e-05,0
lsa-coordinate-median-late20-seed42-20261004,11,0,fc1,std,0.0004842003919631854,0
lsa-coordinate-median-late20-seed42-20261004,11,0,fc1,median,0.0,0
lsa-coordinate-median-late20-seed42-20261004,11,0,fc1,min,-0.007893674075603485,0
lsa-coordinate-median-late20-seed42-20261004,11,0,fc1,max,0.008259974420070648,0
lsa-coordinate-median-late20-seed42-20261004,11,0,fc1,l1,21.846535738238686,0
lsa-coordinate-median-late20-seed42-20261004,11,0,fc1,l2,0.1539662134952386,0
lsa-coordinate-median-late20-seed42-20261004,11,0,fc1,max_abs,0.008259974420070648,0
lsa-coordinate-median-late20-seed42-20261004,11,0,fc1,sparsity,0.06893323773103888,0
lsa-coordinate-median-late20-seed42-20261004,11,0,fc1,skewness,1.0295746590525614,0
lsa-coordinate-median-late20-seed42-20261004,11,0,fc1,kurtosis,30.110830093449508,0
lsa-coordinate-median-late20-seed42-20261004,11,0,output,mean,1.747125329879614e-10,0
lsa-coordinate-median-late20-seed42-20261004,11,0,output,std,0.0031441535389826053,0
lsa-coordinate-median-late20-seed42-20261004,11,0,output,median,-2.8796494007110596e-06,0
lsa-coordinate-median-late20-seed42-20261004,11,0,output,min,-0.007634639739990234,0
lsa-coordinate-median-late20-seed42-20261004,11,0,output,max,0.02081986516714096,0
lsa-coordinate-median-late20-seed42-20261004,11,0,output,l1,1.3556054314249195,0
lsa-coordinate-median-late20-seed42-20261004,11,0,output,l2,0.08016050124502071,0
lsa-coordinate-median-late20-seed42-20261004,11,0,output,max_abs,0.02081986516714096,0
lsa-coordinate-median-late20-seed42-20261004,11,0,output,sparsity,0.03076923076923077,0
lsa-coordinate-median-late20-seed42-20261004,11,0,output,skewness,1.2699971617873886,0
lsa-coordinate-median-late20-seed42-20261004,11,0,output,kurtosis,4.981937498393088,0
lsa-coordinate-median-late20-seed42-20261004,11,1,conv1,mean,0.0031011590541311306,0
lsa-coordinate-median-late20-seed42-20261004,11,1,conv1,std,0.004930534920980633,0
lsa-coordinate-median-late20-seed42-20261004,11,1,conv1,median,0.0006006807088851929,0
lsa-coordinate-median-late20-seed42-20261004,11,1,conv1,min,-0.0015979856252670288,0
lsa-coordinate-median-late20-seed42-20261004,11,1,conv1,max,0.018209129571914673,0
lsa-coordinate-median-late20-seed42-20261004,11,1,conv1,l1,0.5313304302399047,0
lsa-coordinate-median-late20-seed42-20261004,11,1,conv1,l2,0.07367752665341473,0
lsa-coordinate-median-late20-seed42-20261004,11,1,conv1,max_abs,0.018209129571914673,0
lsa-coordinate-median-late20-seed42-20261004,11,1,conv1,sparsity,0.0,0
lsa-coordinate-median-late20-seed42-20261004,11,1,conv1,skewness,1.497730295686969,0
lsa-coordinate-median-late20-seed42-20261004,11,1,conv1,kurtosis,1.012829281983814,0
lsa-coordinate-median-late20-seed42-20261004,11,1,conv2,mean,0.00039720598894024895,0
lsa-coordinate-median-late20-seed42-20261004,11,1,conv2,std,0.0012216841448920565,0
lsa-coordinate-median-late20-seed42-20261004,11,1,conv2,median,6.289221346378326e-05,0
lsa-coordinate-median-late20-seed42-20261004,11,1,conv2,min,-0.00262383371591568,0
lsa-coordinate-median-late20-seed42-20261004,11,1,conv2,max,0.013702422380447388,0
lsa-coordinate-median-late20-seed42-20261004,11,1,conv2,l1,2.623761427879799,0
lsa-coordinate-median-late20-seed42-20261004,11,1,conv2,l2,0.08750612109185364,0
lsa-coordinate-median-late20-seed42-20261004,11,1,conv2,max_abs,0.013702422380447388,0
lsa-coordinate-median-late20-seed42-20261004,11,1,conv2,sparsity,0.0,0
lsa-coordinate-median-late20-seed42-20261004,11,1,conv2,skewness,4.207021714927552,0
lsa-coordinate-median-late20-seed42-20261004,11,1,conv2,kurtosis,26.10325241377023,0
lsa-coordinate-median-late20-seed42-20261004,11,1,fc1,mean,2.9825341078606758e-05,0
lsa-coordinate-median-late20-seed42-20261004,11,1,fc1,std,0.00036957334240184103,0
lsa-coordinate-median-late20-seed42-20261004,11,1,fc1,median,0.0,0
lsa-coordinate-median-late20-seed42-20261004,11,1,fc1,min,-0.004844545386731625,0
lsa-coordinate-median-late20-seed42-20261004,11,1,fc1,max,0.005911741405725479,0
lsa-coordinate-median-late20-seed42-20261004,11,1,fc1,l1,17.742221268913227,0
lsa-coordinate-median-late20-seed42-20261004,11,1,fc1,l2,0.11749293521360477,0
lsa-coordinate-median-late20-seed42-20261004,11,1,fc1,max_abs,0.005911741405725479,0
lsa-coordinate-median-late20-seed42-20261004,11,1,fc1,sparsity,0.07963870299553856,0
lsa-coordinate-median-late20-seed42-20261004,11,1,fc1,skewness,1.1038761366444096,0
lsa-coordinate-median-late20-seed42-20261004,11,1,fc1,kurtosis,23.754799866968643,0
lsa-coordinate-median-late20-seed42-20261004,11,1,output,mean,-3.951404673548845e-10,0
lsa-coordinate-median-late20-seed42-20261004,11,1,output,std,0.002605526774540743,0
lsa-coordinate-median-late20-seed42-20261004,11,1,output,median,-4.833564162254333e-07,0
lsa-coordinate-median-late20-seed42-20261004,11,1,output,min,-0.008178547024726868,0
lsa-coordinate-median-late20-seed42-20261004,11,1,output,max,0.013411924242973328,0
lsa-coordinate-median-late20-seed42-20261004,11,1,output,l1,1.1771484404162038,0
lsa-coordinate-median-late20-seed42-20261004,11,1,output,l2,0.06642815933285935,0
lsa-coordinate-median-late20-seed42-20261004,11,1,output,max_abs,0.013411924242973328,0
lsa-coordinate-median-late20-seed42-20261004,11,1,output,sparsity,0.046153846153846156,0
lsa-coordinate-median-late20-seed42-20261004,11,1,output,skewness,0.5345729444599645,0
lsa-coordinate-median-late20-seed42-20261004,11,1,output,kurtosis,2.367011497987468,0
lsa-coordinate-median-late20-seed42-20261004,11,2,conv1,mean,0.002894125453894958,0
lsa-coordinate-median-late20-seed42-20261004,11,2,conv1,std,0.004609093364889344,0
lsa-coordinate-median-late20-seed42-20261004,11,2,conv1,median,0.0005478113889694214,0
lsa-coordinate-median-late20-seed42-20261004,11,2,conv1,min,-0.0013428181409835815,0
lsa-coordinate-median-late20-seed42-20261004,11,2,conv1,max,0.01734060049057007,0
lsa-coordinate-median-late20-seed42-20261004,11,2,conv1,l1,0.495706963352859,0
lsa-coordinate-median-late20-seed42-20261004,11,2,conv1,l2,0.06884150351542265,0
lsa-coordinate-median-late20-seed42-20261004,11,2,conv1,max_abs,0.01734060049057007,0
lsa-coordinate-median-late20-seed42-20261004,11,2,conv1,sparsity,0.0,0
lsa-coordinate-median-late20-seed42-20261004,11,2,conv1,skewness,1.5216475316386122,0
lsa-coordinate-median-late20-seed42-20261004,11,2,conv1,kurtosis,1.115234690555238,0
lsa-coordinate-median-late20-seed42-20261004,11,2,conv2,mean,0.00037257084586756183,0
lsa-coordinate-median-late20-seed42-20261004,11,2,conv2,std,0.0011525684253093761,0
lsa-coordinate-median-late20-seed42-20261004,11,2,conv2,median,5.777226760983467e-05,0
lsa-coordinate-median-late20-seed42-20261004,11,2,conv2,min,-0.003152076154947281,0
lsa-coordinate-median-late20-seed42-20261004,11,2,conv2,max,0.012996628880500793,0
lsa-coordinate-median-late20-seed42-20261004,11,2,conv2,l1,2.491974138531077,0
lsa-coordinate-median-late20-seed42-20261004,11,2,conv2,l2,0.08251008888237371,0
lsa-coordinate-median-late20-seed42-20261004,11,2,conv2,max_abs,0.012996628880500793,0
lsa-coordinate-median-late20-seed42-20261004,11,2,conv2,sparsity,0.0,0
lsa-coordinate-median-late20-seed42-20261004,11,2,conv2,skewness,4.102642014156553,0
lsa-coordinate-median-late20-seed42-20261004,11,2,conv2,kurtosis,25.20302701833794,0
lsa-coordinate-median-late20-seed42-20261004,11,2,fc1,mean,4.194522351399663e-05,0
lsa-coordinate-median-late20-seed42-20261004,11,2,fc1,std,0.0004270382664898385,0
lsa-coordinate-median-late20-seed42-20261004,11,2,fc1,median,0.0,0
lsa-coordinate-median-late20-seed42-20261004,11,2,fc1,min,-0.007568176835775375,0
lsa-coordinate-median-late20-seed42-20261004,11,2,fc1,max,0.007177039980888367,0
lsa-coordinate-median-late20-seed42-20261004,11,2,fc1,l1,20.05257855063911,0
lsa-coordinate-median-late20-seed42-20261004,11,2,fc1,l2,0.13597316887048935,0
lsa-coordinate-median-late20-seed42-20261004,11,2,fc1,max_abs,0.007568176835775375,0
lsa-coordinate-median-late20-seed42-20261004,11,2,fc1,sparsity,0.08224784894837477,0
lsa-coordinate-median-late20-seed42-20261004,11,2,fc1,skewness,1.0823799685268671,0
lsa-coordinate-median-late20-seed42-20261004,11,2,fc1,kurtosis,26.065177917721854,0
lsa-coordinate-median-late20-seed42-20261004,11,2,output,mean,1.3387762010097504e-11,0
lsa-coordinate-median-late20-seed42-20261004,11,2,output,std,0.0029310029853653473,0
lsa-coordinate-median-late20-seed42-20261004,11,2,output,median,-3.2782554626464844e-07,0
lsa-coordinate-median-late20-seed42-20261004,11,2,output,min,-0.008216112852096558,0
lsa-coordinate-median-late20-seed42-20261004,11,2,output,max,0.012507356703281403,0
lsa-coordinate-median-late20-seed42-20261004,11,2,output,l1,1.353966157330433,0
lsa-coordinate-median-late20-seed42-20261004,11,2,output,l2,0.07472620708388306,0
lsa-coordinate-median-late20-seed42-20261004,11,2,output,max_abs,0.012507356703281403,0
lsa-coordinate-median-late20-seed42-20261004,11,2,output,sparsity,0.046153846153846156,0
lsa-coordinate-median-late20-seed42-20261004,11,2,output,skewness,0.4198881756627563,0
lsa-coordinate-median-late20-seed42-20261004,11,2,output,kurtosis,0.9935532938789144,0
lsa-coordinate-median-late20-seed42-20261004,11,3,conv1,mean,0.0030656182058010017,0
lsa-coordinate-median-late20-seed42-20261004,11,3,conv1,std,0.0048368767988366335,0
lsa-coordinate-median-late20-seed42-20261004,11,3,conv1,median,0.0005256980657577515,0
lsa-coordinate-median-late20-seed42-20261004,11,3,conv1,min,-0.0016147792339324951,0
lsa-coordinate-median-late20-seed42-20261004,11,3,conv1,max,0.01821112632751465,0
lsa-coordinate-median-late20-seed42-20261004,11,3,conv1,l1,0.5217670365818776,0
lsa-coordinate-median-late20-seed42-20261004,11,3,conv1,l2,0.0724357835889005,0
lsa-coordinate-median-late20-seed42-20261004,11,3,conv1,max_abs,0.01821112632751465,0
lsa-coordinate-median-late20-seed42-20261004,11,3,conv1,sparsity,0.0,0
lsa-coordinate-median-late20-seed42-20261004,11,3,conv1,skewness,1.512016748512225,0
lsa-coordinate-median-late20-seed42-20261004,11,3,conv1,kurtosis,1.086550492085241,0
lsa-coordinate-median-late20-seed42-20261004,11,3,conv2,mean,0.0003916598108883685,0
lsa-coordinate-median-late20-seed42-20261004,11,3,conv2,std,0.0012081860724166627,0
lsa-coordinate-median-late20-seed42-20261004,11,3,conv2,median,6.347242742776871e-05,0
lsa-coordinate-median-late20-seed42-20261004,11,3,conv2,min,-0.003111954778432846,0
lsa-coordinate-median-late20-seed42-20261004,11,3,conv2,max,0.013409018516540527,0
lsa-coordinate-median-late20-seed42-20261004,11,3,conv2,l1,2.6220874477112375,0
lsa-coordinate-median-late20-seed42-20261004,11,3,conv2,l2,0.08651494095089445,0
lsa-coordinate-median-late20-seed42-20261004,11,3,conv2,max_abs,0.013409018516540527,0
lsa-coordinate-median-late20-seed42-20261004,11,3,conv2,sparsity,0.00021551724137931034,0
lsa-coordinate-median-late20-seed42-20261004,11,3,conv2,skewness,4.061195327310947,0
lsa-coordinate-median-late20-seed42-20261004,11,3,conv2,kurtosis,24.81791064430145,0
lsa-coordinate-median-late20-seed42-20261004,11,3,fc1,mean,3.6240392934412755e-05,0
lsa-coordinate-median-late20-seed42-20261004,11,3,fc1,std,0.00036788100377950906,0
lsa-coordinate-median-late20-seed42-20261004,11,3,fc1,median,0.0,0
lsa-coordinate-median-late20-seed42-20261004,11,3,fc1,min,-0.005045401863753796,0
lsa-coordinate-median-late20-seed42-20261004,11,3,fc1,max,0.00645923987030983,0
lsa-coordinate-median-late20-seed42-20261004,11,3,fc1,l1,17.372926068852166,0
lsa-coordinate-median-late20-seed42-20261004,11,3,fc1,l2,0.11714019898642425,0
lsa-coordinate-median-late20-seed42-20261004,11,3,fc1,max_abs,0.00645923987030983,0
lsa-coordinate-median-late20-seed42-20261004,11,3,fc1,sparsity,0.08303457616316125,0
lsa-coordinate-median-late20-seed42-20261004,11,3,fc1,skewness,1.2757762717985242,0
lsa-coordinate-median-late20-seed42-20261004,11,3,fc1,kurtosis,24.966950202795864,0
lsa-coordinate-median-late20-seed42-20261004,11,3,output,mean,-8.995322367319694e-11,0
lsa-coordinate-median-late20-seed42-20261004,11,3,output,std,0.002535107405231908,0
lsa-coordinate-median-late20-seed42-20261004,11,3,output,median,-3.2084062695503235e-07,0
lsa-coordinate-median-late20-seed42-20261004,11,3,output,min,-0.008029475808143616,0
lsa-coordinate-median-late20-seed42-20261004,11,3,output,max,0.011162906885147095,0
lsa-coordinate-median-late20-seed42-20261004,11,3,output,l1,1.126741433981806,0
lsa-coordinate-median-late20-seed42-20261004,11,3,output,l2,0.0646328106416554,0
lsa-coordinate-median-late20-seed42-20261004,11,3,output,max_abs,0.011162906885147095,0
lsa-coordinate-median-late20-seed42-20261004,11,3,output,sparsity,0.046153846153846156,0
lsa-coordinate-median-late20-seed42-20261004,11,3,output,skewness,0.3697222946335617,0
lsa-coordinate-median-late20-seed42-20261004,11,3,output,kurtosis,1.6724051280053374,0
lsa-coordinate-median-late20-seed42-20261004,11,4,conv1,mean,0.00310826597524283,0
lsa-coordinate-median-late20-seed42-20261004,11,4,conv1,std,0.00490719991782313,0
lsa-coordinate-median-late20-seed42-20261004,11,4,conv1,median,0.0006240382790565491,0
lsa-coordinate-median-late20-seed42-20261004,11,4,conv1,min,-0.0016930997371673584,0
lsa-coordinate-median-late20-seed42-20261004,11,4,conv1,max,0.01855337619781494,0
lsa-coordinate-median-late20-seed42-20261004,11,4,conv1,l1,0.5289641651907004,0
lsa-coordinate-median-late20-seed42-20261004,11,4,conv1,l2,0.07347590451987436,0
lsa-coordinate-median-late20-seed42-20261004,11,4,conv1,max_abs,0.01855337619781494,0
lsa-coordinate-median-late20-seed42-20261004,11,4,conv1,sparsity,0.0,0
lsa-coordinate-median-late20-seed42-20261004,11,4,conv1,skewness,1.5075479379241967,0
lsa-coordinate-median-late20-seed42-20261004,11,4,conv1,kurtosis,1.0652140453617012,0
lsa-coordinate-median-late20-seed42-20261004,11,4,conv2,mean,0.0003711985277944003,0
lsa-coordinate-median-late20-seed42-20261004,11,4,conv2,std,0.001228268936355368,0
lsa-coordinate-median-late20-seed42-20261004,11,4,conv2,median,4.975590854883194e-05,0
lsa-coordinate-median-late20-seed42-20261004,11,4,conv2,min,-0.0027377568185329437,0
lsa-coordinate-median-late20-seed42-20261004,11,4,conv2,max,0.014708131551742554,0
lsa-coordinate-median-late20-seed42-20261004,11,4,conv2,l1,2.5717949729551037,0
lsa-coordinate-median-late20-seed42-20261004,11,4,conv2,l2,0.08740394030890464,0
lsa-coordinate-median-late20-seed42-20261004,11,4,conv2,max_abs,0.014708131551742554,0
lsa-coordinate-median-late20-seed42-20261004,11,4,conv2,sparsity,0.0,0
lsa-coordinate-median-late20-seed42-20261004,11,4,conv2,skewness,4.375345733493863,0
lsa-coordinate-median-late20-seed42-20261004,11,4,conv2,kurtosis,28.897289570190903,0
lsa-coordinate-median-late20-seed42-20261004,11,4,fc1,mean,3.294937703677223e-05,0
lsa-coordinate-median-late20-seed42-20261004,11,4,fc1,std,0.0003946047364638201,0
lsa-coordinate-median-late20-seed42-20261004,11,4,fc1,median,0.0,0
lsa-coordinate-median-late20-seed42-20261004,11,4,fc1,min,-0.006828665733337402,0
lsa-coordinate-median-late20-seed42-20261004,11,4,fc1,max,0.0071750059723854065,0
lsa-coordinate-median-late20-seed42-20261004,11,4,fc1,l1,18.427308157728703,0
lsa-coordinate-median-late20-seed42-20261004,11,4,fc1,l2,0.12547941723416528,0
lsa-coordinate-median-late20-seed42-20261004,11,4,fc1,max_abs,0.0071750059723854065,0
lsa-coordinate-median-late20-seed42-20261004,11,4,fc1,sparsity,0.08975661249203314,0
lsa-coordinate-median-late20-seed42-20261004,11,4,fc1,skewness,1.4149699430177392,0
lsa-coordinate-median-late20-seed42-20261004,11,4,fc1,kurtosis,30.51218293823355,0
lsa-coordinate-median-late20-seed42-20261004,11,4,output,mean,-2.6417323029958285e-12,0
lsa-coordinate-median-late20-seed42-20261004,11,4,output,std,0.002911551743935941,0
lsa-coordinate-median-late20-seed42-20261004,11,4,output,median,-6.086193025112152e-07,0
lsa-coordinate-median-late20-seed42-20261004,11,4,output,min,-0.008719801902770996,0
lsa-coordinate-median-late20-seed42-20261004,11,4,output,max,0.009738132357597351,0
lsa-coordinate-median-late20-seed42-20261004,11,4,output,l1,1.3600956917216536,0
lsa-coordinate-median-late20-seed42-20261004,11,4,output,l2,0.07423029578582233,0
lsa-coordinate-median-late20-seed42-20261004,11,4,output,max_abs,0.009738132357597351,0
lsa-coordinate-median-late20-seed42-20261004,11,4,output,sparsity,0.06153846153846154,0
lsa-coordinate-median-late20-seed42-20261004,11,4,output,skewness,0.2960740918467086,0
lsa-coordinate-median-late20-seed42-20261004,11,4,output,kurtosis,0.7749755264703864,0
lsa-coordinate-median-late20-seed42-20261004,12,0,conv1,mean,0.0024734084544434155,0
lsa-coordinate-median-late20-seed42-20261004,12,0,conv1,std,0.003905237304635439,0
lsa-coordinate-median-late20-seed42-20261004,12,0,conv1,median,0.0004197806119918823,0
lsa-coordinate-median-late20-seed42-20261004,12,0,conv1,min,-0.0012829005718231201,0
lsa-coordinate-median-late20-seed42-20261004,12,0,conv1,max,0.014868289232254028,0
lsa-coordinate-median-late20-seed42-20261004,12,0,conv1,l1,0.4259759682609001,0
lsa-coordinate-median-late20-seed42-20261004,12,0,conv1,l2,0.058472048417038965,0
lsa-coordinate-median-late20-seed42-20261004,12,0,conv1,max_abs,0.014868289232254028,0
lsa-coordinate-median-late20-seed42-20261004,12,0,conv1,sparsity,0.0,0
lsa-coordinate-median-late20-seed42-20261004,12,0,conv1,skewness,1.4920195157329101,0
lsa-coordinate-median-late20-seed42-20261004,12,0,conv1,kurtosis,1.0515295042083528,0
lsa-coordinate-median-late20-seed42-20261004,12,0,conv2,mean,0.00029986991588226247,0
lsa-coordinate-median-late20-seed42-20261004,12,0,conv2,std,0.0009720230229318951,0
lsa-coordinate-median-late20-seed42-20261004,12,0,conv2,median,5.291961133480072e-05,0
lsa-coordinate-median-late20-seed42-20261004,12,0,conv2,min,-0.0028168782591819763,0
lsa-coordinate-median-late20-seed42-20261004,12,0,conv2,max,0.010431662201881409,0
lsa-coordinate-median-late20-seed42-20261004,12,0,conv2,l1,2.204807052075921,0
lsa-coordinate-median-late20-seed42-20261004,12,0,conv2,l2,0.06929100488030572,0
lsa-coordinate-median-late20-seed42-20261004,12,0,conv2,max_abs,0.010431662201881409,0
lsa-coordinate-median-late20-seed42-20261004,12,0,conv2,sparsity,0.0,0
lsa-coordinate-median-late20-seed42-20261004,12,0,conv2,skewness,3.7141264475659037,0
lsa-coordinate-median-late20-seed42-20261004,12,0,conv2,kurtosis,21.579012016885663,0
lsa-coordinate-median-late20-seed42-20261004,12,0,fc1,mean,3.320697542014023e-05,0
lsa-coordinate-median-late20-seed42-20261004,12,0,fc1,std,0.00043988007755394577,0
lsa-coordinate-median-late20-seed42-20261004,12,0,fc1,median,0.0,0
lsa-coordinate-median-late20-seed42-20261004,12,0,fc1,min,-0.007309906184673309,0
lsa-coordinate-median-late20-seed42-20261004,12,0,fc1,max,0.007228090427815914,0
lsa-coordinate-median-late20-seed42-20261004,12,0,fc1,l1,19.97899998888738,0
lsa-coordinate-median-late20-seed42-20261004,12,0,fc1,l2,0.13978795017401752,0
lsa-coordinate-median-late20-seed42-20261004,12,0,fc1,max_abs,0.007309906184673309,0
lsa-coordinate-median-late20-seed42-20261004,12,0,fc1,sparsity,0.06588591459528362,0
lsa-coordinate-median-late20-seed42-20261004,12,0,fc1,skewness,0.8222185453709326,0
lsa-coordinate-median-late20-seed42-20261004,12,0,fc1,kurtosis,29.550109450469975,0
lsa-coordinate-median-late20-seed42-20261004,12,0,output,mean,-7.629681092042189e-11,0
lsa-coordinate-median-late20-seed42-20261004,12,0,output,std,0.0027873958895555857,0
lsa-coordinate-median-late20-seed42-20261004,12,0,output,median,-2.316199243068695e-06,0
lsa-coordinate-median-late20-seed42-20261004,12,0,output,min,-0.006786540150642395,0
lsa-coordinate-median-late20-seed42-20261004,12,0,output,max,0.019156262278556824,0
lsa-coordinate-median-late20-seed42-20261004,12,0,output,l1,1.1935595290269703,0
lsa-coordinate-median-late20-seed42-20261004,12,0,output,l2,0.07106493016476127,0
lsa-coordinate-median-late20-seed42-20261004,12,0,output,max_abs,0.019156262278556824,0
lsa-coordinate-median-late20-seed42-20261004,12,0,output,sparsity,0.03076923076923077,0
lsa-coordinate-median-late20-seed42-20261004,12,0,output,skewness,1.429350663805967,0
lsa-coordinate-median-late20-seed42-20261004,12,0,output,kurtosis,5.843303129319754,0
lsa-coordinate-median-late20-seed42-20261004,12,1,conv1,mean,0.002529612684793392,0
lsa-coordinate-median-late20-seed42-20261004,12,1,conv1,std,0.004003925620006857,0
lsa-coordinate-median-late20-seed42-20261004,12,1,conv1,median,0.00046700984239578247,0
lsa-coordinate-median-late20-seed42-20261004,12,1,conv1,min,-0.001216098666191101,0
lsa-coordinate-median-late20-seed42-20261004,12,1,conv1,max,0.014981508255004883,0
lsa-coordinate-median-late20-seed42-20261004,12,1,conv1,l1,0.4337974226946244,0
lsa-coordinate-median-late20-seed42-20261004,12,1,conv1,l2,0.05990707564969591,0
lsa-coordinate-median-late20-seed42-20261004,12,1,conv1,max_abs,0.014981508255004883,0
lsa-coordinate-median-late20-seed42-20261004,12,1,conv1,sparsity,0.0,0
lsa-coordinate-median-late20-seed42-20261004,12,1,conv1,skewness,1.4924077699606833,0
lsa-coordinate-median-late20-seed42-20261004,12,1,conv1,kurtosis,1.014125376292525,0
lsa-coordinate-median-late20-seed42-20261004,12,1,conv2,mean,0.00029553726536693737,0
lsa-coordinate-median-late20-seed42-20261004,12,1,conv2,std,0.0009797014336476813,0
lsa-coordinate-median-late20-seed42-20261004,12,1,conv2,median,4.487810656428337e-05,0
lsa-coordinate-median-late20-seed42-20261004,12,1,conv2,min,-0.002784445881843567,0
lsa-coordinate-median-late20-seed42-20261004,12,1,conv2,max,0.010799899697303772,0
lsa-coordinate-median-late20-seed42-20261004,12,1,conv2,l1,2.1173035938772955,0
lsa-coordinate-median-late20-seed42-20261004,12,1,conv2,l2,0.06970515970003345,0
lsa-coordinate-median-late20-seed42-20261004,12,1,conv2,max_abs,0.010799899697303772,0
lsa-coordinate-median-late20-seed42-20261004,12,1,conv2,sparsity,0.0,0
lsa-coordinate-median-late20-seed42-20261004,12,1,conv2,skewness,4.030157185833675,0
lsa-coordinate-median-late20-seed42-20261004,12,1,conv2,kurtosis,24.62764492129332,0
lsa-coordinate-median-late20-seed42-20261004,12,1,fc1,mean,1.314178836906926e-05,0
lsa-coordinate-median-late20-seed42-20261004,12,1,fc1,std,0.0003221214384377609,0
lsa-coordinate-median-late20-seed42-20261004,12,1,fc1,median,0.0,0
lsa-coordinate-median-late20-seed42-20261004,12,1,fc1,min,-0.004187213256955147,0
lsa-coordinate-median-late20-seed42-20261004,12,1,fc1,max,0.0049639418721199036,0
lsa-coordinate-median-late20-seed42-20261004,12,1,fc1,l1,15.55153364628029,0
lsa-coordinate-median-late20-seed42-20261004,12,1,fc1,l2,0.1021603137240646,0
lsa-coordinate-median-late20-seed42-20261004,12,1,fc1,max_abs,0.0049639418721199036,0
lsa-coordinate-median-late20-seed42-20261004,12,1,fc1,sparsity,0.07858309432759719,0
lsa-coordinate-median-late20-seed42-20261004,12,1,fc1,skewness,0.5674334814526745,0
lsa-coordinate-median-late20-seed42-20261004,12,1,fc1,kurtosis,22.47594492554868,0
lsa-coordinate-median-late20-seed42-20261004,12,1,output,mean,4.303337146456425e-10,0
lsa-coordinate-median-late20-seed42-20261004,12,1,output,std,0.0021818420751249573,0
lsa-coordinate-median-late20-seed42-20261004,12,1,output,median,-7.874332368373871e-07,0
lsa-coordinate-median-late20-seed42-20261004,12,1,output,min,-0.008140340447425842,0
lsa-coordinate-median-late20-seed42-20261004,12,1,output,max,0.010594397783279419,0
lsa-coordinate-median-late20-seed42-20261004,12,1,output,l1,0.9990966127079446,0
lsa-coordinate-median-late20-seed42-20261004,12,1,output,l2,0.05562627658320074,0
lsa-coordinate-median-late20-seed42-20261004,12,1,output,max_abs,0.010594397783279419,0
lsa-coordinate-median-late20-seed42-20261004,12,1,output,sparsity,0.046153846153846156,0
lsa-coordinate-median-late20-seed42-20261004,12,1,output,skewness,0.4224732486516171,0
lsa-coordinate-median-late20-seed42-20261004,12,1,output,kurtosis,1.8384595967215631,0
lsa-coordinate-median-late20-seed42-20261004,12,2,conv1,mean,0.0023457073195459087,0
lsa-coordinate-median-late20-seed42-20261004,12,2,conv1,std,0.003756807002965106,0
lsa-coordinate-median-late20-seed42-20261004,12,2,conv1,median,0.000402890145778656,0
lsa-coordinate-median-late20-seed42-20261004,12,2,conv1,min,-0.0010412037372589111,0
lsa-coordinate-median-late20-seed42-20261004,12,2,conv1,max,0.014224052429199219,0
lsa-coordinate-median-late20-seed42-20261004,12,2,conv1,l1,0.4040194610715844,0
lsa-coordinate-median-late20-seed42-20261004,12,2,conv1,l2,0.056022769208954916,0
lsa-coordinate-median-late20-seed42-20261004,12,2,conv1,max_abs,0.014224052429199219,0
lsa-coordinate-median-late20-seed42-20261004,12,2,conv1,sparsity,0.0,0
lsa-coordinate-median-late20-seed42-20261004,12,2,conv1,skewness,1.5280351767492677,0
lsa-coordinate-median-late20-seed42-20261004,12,2,conv1,kurtosis,1.158792744788153,0
lsa-coordinate-median-late20-seed42-20261004,12,2,conv2,mean,0.000279418427408018,0
lsa-coordinate-median-late20-seed42-20261004,12,2,conv2,std,0.0009329958805605865,0
lsa-coordinate-median-late20-seed42-20261004,12,2,conv2,median,4.5452266931533813e-05,0
lsa-coordinate-median-late20-seed42-20261004,12,2,conv2,min,-0.0031940899789333344,0
lsa-coordinate-median-late20-seed42-20261004,12,2,conv2,max,0.010249510407447815,0
lsa-coordinate-median-late20-seed42-20261004,12,2,conv2,l1,2.0463865730780526,0
lsa-coordinate-median-late20-seed42-20261004,12,2,conv2,l2,0.06634229197225869,0
lsa-coordinate-median-late20-seed42-20261004,12,2,conv2,max_abs,0.010249510407447815,0
lsa-coordinate-median-late20-seed42-20261004,12,2,conv2,sparsity,0.0,0
lsa-coordinate-median-late20-seed42-20261004,12,2,conv2,skewness,3.8526024826362555,0
lsa-coordinate-median-late20-seed42-20261004,12,2,conv2,kurtosis,23.25222959272852,0
lsa-coordinate-median-late20-seed42-20261004,12,2,fc1,mean,2.8767116313889233e-05,0
lsa-coordinate-median-late20-seed42-20261004,12,2,fc1,std,0.0004083166426133262,0
lsa-coordinate-median-late20-seed42-20261004,12,2,fc1,median,0.0,0
lsa-coordinate-median-late20-seed42-20261004,12,2,fc1,min,-0.00795026496052742,0
lsa-coordinate-median-late20-seed42-20261004,12,2,fc1,max,0.006517380475997925,0
lsa-coordinate-median-late20-seed42-20261004,12,2,fc1,l1,18.964106129686456,0
lsa-coordinate-median-late20-seed42-20261004,12,2,fc1,l2,0.12971007506393567,0
lsa-coordinate-median-late20-seed42-20261004,12,2,fc1,max_abs,0.00795026496052742,0
lsa-coordinate-median-late20-seed42-20261004,12,2,fc1,sparsity,0.07973828871892925,0
lsa-coordinate-median-late20-seed42-20261004,12,2,fc1,skewness,0.5512128608022138,0
lsa-coordinate-median-late20-seed42-20261004,12,2,fc1,kurtosis,27.706010760740348,0
lsa-coordinate-median-late20-seed42-20261004,12,2,output,mean,1.9078680242483432e-10,0
lsa-coordinate-median-late20-seed42-20261004,12,2,output,std,0.002744607241191017,0
lsa-coordinate-median-late20-seed42-20261004,12,2,output,median,-5.476176738739014e-07,0
lsa-coordinate-median-late20-seed42-20261004,12,2,output,min,-0.008219093084335327,0
lsa-coordinate-median-late20-seed42-20261004,12,2,output,max,0.011989541351795197,0
lsa-coordinate-median-late20-seed42-20261004,12,2,output,l1,1.2531156340555754,0
lsa-coordinate-median-late20-seed42-20261004,12,2,output,l2,0.06997402939990544,0
lsa-coordinate-median-late20-seed42-20261004,12,2,output,max_abs,0.011989541351795197,0
lsa-coordinate-median-late20-seed42-20261004,12,2,output,sparsity,0.05076923076923077,0
lsa-coordinate-median-late20-seed42-20261004,12,2,output,skewness,0.48015366448121194,0
lsa-coordinate-median-late20-seed42-20261004,12,2,output,kurtosis,1.2275815835392692,0
lsa-coordinate-median-late20-seed42-20261004,12,3,conv1,mean,0.0024648581784276757,0
lsa-coordinate-median-late20-seed42-20261004,12,3,conv1,std,0.003869034460182132,0
lsa-coordinate-median-late20-seed42-20261004,12,3,conv1,median,0.00039315223693847656,0
lsa-coordinate-median-late20-seed42-20261004,12,3,conv1,min,-0.0011882036924362183,0
lsa-coordinate-median-late20-seed42-20261004,12,3,conv1,max,0.014734625816345215,0
lsa-coordinate-median-late20-seed42-20261004,12,3,conv1,l1,0.4199582071742043,0
lsa-coordinate-median-late20-seed42-20261004,12,3,conv1,l2,0.05802751553370334,0
lsa-coordinate-median-late20-seed42-20261004,12,3,conv1,max_abs,0.014734625816345215,0
lsa-coordinate-median-late20-seed42-20261004,12,3,conv1,sparsity,0.0,0
lsa-coordinate-median-late20-seed42-20261004,12,3,conv1,skewness,1.5112157789752758,0
lsa-coordinate-median-late20-seed42-20261004,12,3,conv1,kurtosis,1.1057947476394894,0
lsa-coordinate-median-late20-seed42-20261004,12,3,conv2,mean,0.000287654519988321,0
lsa-coordinate-median-late20-seed42-20261004,12,3,conv2,std,0.0009613691473961725,0
lsa-coordinate-median-late20-seed42-20261004,12,3,conv2,median,4.561105743050575e-05,0
lsa-coordinate-median-late20-seed42-20261004,12,3,conv2,min,-0.0031326785683631897,0
lsa-coordinate-median-late20-seed42-20261004,12,3,conv2,max,0.01030595600605011,0
lsa-coordinate-median-late20-seed42-20261004,12,3,conv2,l1,2.1056254157774674,0
lsa-coordinate-median-late20-seed42-20261004,12,3,conv2,l2,0.06835471840639964,0
lsa-coordinate-median-late20-seed42-20261004,12,3,conv2,max_abs,0.01030595600605011,0
lsa-coordinate-median-late20-seed42-20261004,12,3,conv2,sparsity,0.0,0
lsa-coordinate-median-late20-seed42-20261004,12,3,conv2,skewness,3.808254160373759,0
lsa-coordinate-median-late20-seed42-20261004,12,3,conv2,kurtosis,22.537939496530523,0
lsa-coordinate-median-late20-seed42-20261004,12,3,fc1,mean,2.212082625700912e-05,0
lsa-coordinate-median-late20-seed42-20261004,12,3,fc1,std,0.0003233783462221421,0
lsa-coordinate-median-late20-seed42-20261004,12,3,fc1,median,0.0,0
lsa-coordinate-median-late20-seed42-20261004,12,3,fc1,min,-0.004569917917251587,0
lsa-coordinate-median-late20-seed42-20261004,12,3,fc1,max,0.005350347608327866,0
lsa-coordinate-median-late20-seed42-20261004,12,3,fc1,l1,15.328782027571265,0
lsa-coordinate-median-late20-seed42-20261004,12,3,fc1,l2,0.1027131672982683,0
lsa-coordinate-median-late20-seed42-20261004,12,3,fc1,max_abs,0.005350347608327866,0
lsa-coordinate-median-late20-seed42-20261004,12,3,fc1,sparsity,0.0810926545570427,0
lsa-coordinate-median-late20-seed42-20261004,12,3,fc1,skewness,0.8164015024633455,0
lsa-coordinate-median-late20-seed42-20261004,12,3,fc1,kurtosis,24.753669523266456,0
lsa-coordinate-median-late20-seed42-20261004,12,3,output,mean,3.5752936338002866e-11,0
lsa-coordinate-median-late20-seed42-20261004,12,3,output,std,0.0021679248684877295,0
lsa-coordinate-median-late20-seed42-20261004,12,3,output,median,-1.9371509552001953e-07,0
lsa-coordinate-median-late20-seed42-20261004,12,3,output,min,-0.0077820271253585815,0
lsa-coordinate-median-late20-seed42-20261004,12,3,output,max,0.00958108901977539,0
lsa-coordinate-median-late20-seed42-20261004,12,3,output,l1,0.9699360986269312,0
lsa-coordinate-median-late20-seed42-20261004,12,3,output,l2,0.055271456042110034,0
lsa-coordinate-median-late20-seed42-20261004,12,3,output,max_abs,0.00958108901977539,0
lsa-coordinate-median-late20-seed42-20261004,12,3,output,sparsity,0.046153846153846156,0
lsa-coordinate-median-late20-seed42-20261004,12,3,output,skewness,0.3131963995612359,0
lsa-coordinate-median-late20-seed42-20261004,12,3,output,kurtosis,1.5762368815150793,0
lsa-coordinate-median-late20-seed42-20261004,12,4,conv1,mean,0.002538766855286667,0
lsa-coordinate-median-late20-seed42-20261004,12,4,conv1,std,0.0040148256289183285,0
lsa-coordinate-median-late20-seed42-20261004,12,4,conv1,median,0.0004388093948364258,0
lsa-coordinate-median-late20-seed42-20261004,12,4,conv1,min,-0.0012895166873931885,0
lsa-coordinate-median-late20-seed42-20261004,12,4,conv1,max,0.015313476324081421,0
lsa-coordinate-median-late20-seed42-20261004,12,4,conv1,l1,0.43295676389243454,0
lsa-coordinate-median-late20-seed42-20261004,12,4,conv1,l2,0.06008548839927538,0
lsa-coordinate-median-late20-seed42-20261004,12,4,conv1,max_abs,0.015313476324081421,0
lsa-coordinate-median-late20-seed42-20261004,12,4,conv1,sparsity,0.0,0
lsa-coordinate-median-late20-seed42-20261004,12,4,conv1,skewness,1.5079766713394425,0
lsa-coordinate-median-late20-seed42-20261004,12,4,conv1,kurtosis,1.0837878772414618,0
lsa-coordinate-median-late20-seed42-20261004,12,4,conv2,mean,0.0002748810821732808,0
lsa-coordinate-median-late20-seed42-20261004,12,4,conv2,std,0.0009931384438387606,0
lsa-coordinate-median-late20-seed42-20261004,12,4,conv2,median,3.324821591377258e-05,0
lsa-coordinate-median-late20-seed42-20261004,12,4,conv2,min,-0.0027380697429180145,0
lsa-coordinate-median-late20-seed42-20261004,12,4,conv2,max,0.011728435754776001,0
lsa-coordinate-median-late20-seed42-20261004,12,4,conv2,l1,2.0929021839765483,0
lsa-coordinate-median-late20-seed42-20261004,12,4,conv2,l2,0.0701935880388511,0
lsa-coordinate-median-late20-seed42-20261004,12,4,conv2,max_abs,0.011728435754776001,0
lsa-coordinate-median-late20-seed42-20261004,12,4,conv2,sparsity,0.0,0
lsa-coordinate-median-late20-seed42-20261004,12,4,conv2,skewness,4.21332121947174,0
lsa-coordinate-median-late20-seed42-20261004,12,4,conv2,kurtosis,27.607305391510078,0
lsa-coordinate-median-late20-seed42-20261004,12,4,fc1,mean,2.0226279206588594e-05,0
lsa-coordinate-median-late20-seed42-20261004,12,4,fc1,std,0.0003619665493890561,0
lsa-coordinate-median-late20-seed42-20261004,12,4,fc1,median,0.0,0
lsa-coordinate-median-late20-seed42-20261004,12,4,fc1,min,-0.006434101611375809,0
lsa-coordinate-median-late20-seed42-20261004,12,4,fc1,max,0.006451867520809174,0
lsa-coordinate-median-late20-seed42-20261004,12,4,fc1,l1,16.78470288571515,0
lsa-coordinate-median-late20-seed42-20261004,12,4,fc1,l2,0.11488064650313867,0
lsa-coordinate-median-late20-seed42-20261004,12,4,fc1,max_abs,0.006451867520809174,0
lsa-coordinate-median-late20-seed42-20261004,12,4,fc1,sparsity,0.08873087954110899,0
lsa-coordinate-median-late20-seed42-20261004,12,4,fc1,skewness,1.046616896662751,0
lsa-coordinate-median-late20-seed42-20261004,12,4,fc1,kurtosis,31.88467082236862,0
lsa-coordinate-median-late20-seed42-20261004,12,4,output,mean,-1.9880154958138098e-11,0
lsa-coordinate-median-late20-seed42-20261004,12,4,output,std,0.0027089786061401627,0
lsa-coordinate-median-late20-seed42-20261004,12,4,output,median,-5.234032869338989e-07,0
lsa-coordinate-median-late20-seed42-20261004,12,4,output,min,-0.00864383578300476,0
lsa-coordinate-median-late20-seed42-20261004,12,4,output,max,0.008808135986328125,0
lsa-coordinate-median-late20-seed42-20261004,12,4,output,l1,1.2552905132761225,0
lsa-coordinate-median-late20-seed42-20261004,12,4,output,l2,0.06906567387307036,0
lsa-coordinate-median-late20-seed42-20261004,12,4,output,max_abs,0.008808135986328125,0
lsa-coordinate-median-late20-seed42-20261004,12,4,output,sparsity,0.06153846153846154,0
lsa-coordinate-median-late20-seed42-20261004,12,4,output,skewness,0.23441695634871615,0
lsa-coordinate-median-late20-seed42-20261004,12,4,output,kurtosis,0.7974455465874288,0
lsa-coordinate-median-late20-seed42-20261004,13,0,conv1,mean,0.0019740277013625017,0
lsa-coordinate-median-late20-seed42-20261004,13,0,conv1,std,0.003120956308481417,0
lsa-coordinate-median-late20-seed42-20261004,13,0,conv1,median,0.00031703338027000427,0
lsa-coordinate-median-late20-seed42-20261004,13,0,conv1,min,-0.0009748190641403198,0
lsa-coordinate-median-late20-seed42-20261004,13,0,conv1,max,0.012172311544418335,0
lsa-coordinate-median-late20-seed42-20261004,13,0,conv1,l1,0.3422438215930015,0
lsa-coordinate-median-late20-seed42-20261004,13,0,conv1,l2,0.046711289676388046,0
lsa-coordinate-median-late20-seed42-20261004,13,0,conv1,max_abs,0.012172311544418335,0
lsa-coordinate-median-late20-seed42-20261004,13,0,conv1,sparsity,0.0,0
lsa-coordinate-median-late20-seed42-20261004,13,0,conv1,skewness,1.4943235370328598,0
lsa-coordinate-median-late20-seed42-20261004,13,0,conv1,kurtosis,1.101091345220106,0
lsa-coordinate-median-late20-seed42-20261004,13,0,conv2,mean,0.0002299624194494817,0
lsa-coordinate-median-late20-seed42-20261004,13,0,conv2,std,0.0007789422817846217,0
lsa-coordinate-median-late20-seed42-20261004,13,0,conv2,median,4.016980528831482e-05,0
lsa-coordinate-median-late20-seed42-20261004,13,0,conv2,min,-0.002596035599708557,0
lsa-coordinate-median-late20-seed42-20261004,13,0,conv2,max,0.007952168583869934,0
lsa-coordinate-median-late20-seed42-20261004,13,0,conv2,l1,1.806679563211219,0
lsa-coordinate-median-late20-seed42-20261004,13,0,conv2,l2,0.055323600734031586,0
lsa-coordinate-median-late20-seed42-20261004,13,0,conv2,max_abs,0.007952168583869934,0
lsa-coordinate-median-late20-seed42-20261004,13,0,conv2,sparsity,0.0,0
lsa-coordinate-median-late20-seed42-20261004,13,0,conv2,skewness,3.430865398867737,0
lsa-coordinate-median-late20-seed42-20261004,13,0,conv2,kurtosis,19.118024626177974,0
lsa-coordinate-median-late20-seed42-20261004,13,0,fc1,mean,2.805145270519389e-05,0
lsa-coordinate-median-late20-seed42-20261004,13,0,fc1,std,0.0003916041055014816,0
lsa-coordinate-median-late20-seed42-20261004,13,0,fc1,median,0.0,0
lsa-coordinate-median-late20-seed42-20261004,13,0,fc1,min,-0.005017965100705624,0
lsa-coordinate-median-late20-seed42-20261004,13,0,fc1,max,0.0063188206404447556,0
lsa-coordinate-median-late20-seed42-20261004,13,0,fc1,l1,17.86556316576832,0
lsa-coordinate-median-late20-seed42-20261004,13,0,fc1,l2,0.12441136788403878,0
lsa-coordinate-median-late20-seed42-20261004,13,0,fc1,max_abs,0.0063188206404447556,0
lsa-coordinate-median-late20-seed42-20261004,13,0,fc1,sparsity,0.06415312300828553,0
lsa-coordinate-median-late20-seed42-20261004,13,0,fc1,skewness,0.9815654105261239,0
lsa-coordinate-median-late20-seed42-20261004,13,0,fc1,kurtosis,27.944067153111053,0
lsa-coordinate-median-late20-seed42-20261004,13,0,output,mean,2.6596423525076647e-11,0
lsa-coordinate-median-late20-seed42-20261004,13,0,output,std,0.0025133254173140746,0
lsa-coordinate-median-late20-seed42-20261004,13,0,output,median,-5.148351192474365e-06,0
lsa-coordinate-median-late20-seed42-20261004,13,0,output,min,-0.006947726011276245,0
lsa-coordinate-median-late20-seed42-20261004,13,0,output,max,0.017966419458389282,0
lsa-coordinate-median-late20-seed42-20261004,13,0,output,l1,1.05437007144792,0
lsa-coordinate-median-late20-seed42-20261004,13,0,output,l2,0.06407747673446597,0
lsa-coordinate-median-late20-seed42-20261004,13,0,output,max_abs,0.017966419458389282,0
lsa-coordinate-median-late20-seed42-20261004,13,0,output,sparsity,0.03230769230769231,0
lsa-coordinate-median-late20-seed42-20261004,13,0,output,skewness,1.6038901478744918,0
lsa-coordinate-median-late20-seed42-20261004,13,0,output,kurtosis,7.085959946576967,0
lsa-coordinate-median-late20-seed42-20261004,13,1,conv1,mean,0.0020516068954748333,0
lsa-coordinate-median-late20-seed42-20261004,13,1,conv1,std,0.0032464397478711056,0
lsa-coordinate-median-late20-seed42-20261004,13,1,conv1,median,0.00036088377237319946,0
lsa-coordinate-median-late20-seed42-20261004,13,1,conv1,min,-0.0009543746709823608,0
lsa-coordinate-median-late20-seed42-20261004,13,1,conv1,max,0.012301921844482422,0
lsa-coordinate-median-late20-seed42-20261004,13,1,conv1,l1,0.353609437297564,0
lsa-coordinate-median-late20-seed42-20261004,13,1,conv1,l2,0.04857729822065825,0
lsa-coordinate-median-late20-seed42-20261004,13,1,conv1,max_abs,0.012301921844482422,0
lsa-coordinate-median-late20-seed42-20261004,13,1,conv1,sparsity,0.0,0
lsa-coordinate-median-late20-seed42-20261004,13,1,conv1,skewness,1.4911200882395579,0
lsa-coordinate-median-late20-seed42-20261004,13,1,conv1,kurtosis,1.040212183410806,0
lsa-coordinate-median-late20-seed42-20261004,13,1,conv2,mean,0.0002240603772500843,0
lsa-coordinate-median-late20-seed42-20261004,13,1,conv2,std,0.0007902850009794944,0
lsa-coordinate-median-late20-seed42-20261004,13,1,conv2,median,3.6383047699928284e-05,0
lsa-coordinate-median-late20-seed42-20261004,13,1,conv2,min,-0.002749115228652954,0
lsa-coordinate-median-late20-seed42-20261004,13,1,conv2,max,0.008373215794563293,0
lsa-coordinate-median-late20-seed42-20261004,13,1,conv2,l1,1.7410129776690155,0
lsa-coordinate-median-late20-seed42-20261004,13,1,conv2,l2,0.05595405204611609,0
lsa-coordinate-median-late20-seed42-20261004,13,1,conv2,max_abs,0.008373215794563293,0
lsa-coordinate-median-late20-seed42-20261004,13,1,conv2,sparsity,0.0,0
lsa-coordinate-median-late20-seed42-20261004,13,1,conv2,skewness,3.7303481625535775,0
lsa-coordinate-median-late20-seed42-20261004,13,1,conv2,kurtosis,22.041982115084163,0
lsa-coordinate-median-late20-seed42-20261004,13,1,fc1,mean,7.671885169954729e-06,0
lsa-coordinate-median-late20-seed42-20261004,13,1,fc1,std,0.00028321289398453627,0
lsa-coordinate-median-late20-seed42-20261004,13,1,fc1,median,0.0,0
lsa-coordinate-median-late20-seed42-20261004,13,1,fc1,min,-0.003796047531068325,0
lsa-coordinate-median-late20-seed42-20261004,13,1,fc1,max,0.004093334078788757,0
lsa-coordinate-median-late20-seed42-20261004,13,1,fc1,l1,13.810816680992048,0
lsa-coordinate-median-late20-seed42-20261004,13,1,fc1,l2,0.08977879353717355,0
lsa-coordinate-median-late20-seed42-20261004,13,1,fc1,max_abs,0.004093334078788757,0
lsa-coordinate-median-late20-seed42-20261004,13,1,fc1,sparsity,0.08008683875079668,0
lsa-coordinate-median-late20-seed42-20261004,13,1,fc1,skewness,0.3258145265979746,0
lsa-coordinate-median-late20-seed42-20261004,13,1,fc1,kurtosis,21.294348092505228,0
lsa-coordinate-median-late20-seed42-20261004,13,1,output,mean,1.7001114499110442e-10,0
lsa-coordinate-median-late20-seed42-20261004,13,1,output,std,0.0018573888286313232,0
lsa-coordinate-median-late20-seed42-20261004,13,1,output,median,-2.384185791015625e-07,0
lsa-coordinate-median-late20-seed42-20261004,13,1,output,min,-0.007834300398826599,0
lsa-coordinate-median-late20-seed42-20261004,13,1,output,max,0.008463084697723389,0
lsa-coordinate-median-late20-seed42-20261004,13,1,output,l1,0.855993708682945,0
lsa-coordinate-median-late20-seed42-20261004,13,1,output,l2,0.047354309407602005,0
lsa-coordinate-median-late20-seed42-20261004,13,1,output,max_abs,0.008463084697723389,0
lsa-coordinate-median-late20-seed42-20261004,13,1,output,sparsity,0.047692307692307694,0
lsa-coordinate-median-late20-seed42-20261004,13,1,output,skewness,0.33079859151110974,0
lsa-coordinate-median-late20-seed42-20261004,13,1,output,kurtosis,1.5957536117369813,0
lsa-coordinate-median-late20-seed42-20261004,13,2,conv1,mean,0.0018771971397654851,0
lsa-coordinate-median-late20-seed42-20261004,13,2,conv1,std,0.003025576954368418,0
lsa-coordinate-median-late20-seed42-20261004,13,2,conv1,median,0.0003521740436553955,0
lsa-coordinate-median-late20-seed42-20261004,13,2,conv1,min,-0.0008278191089630127,0
lsa-coordinate-median-late20-seed42-20261004,13,2,conv1,max,0.011564433574676514,0
lsa-coordinate-median-late20-seed42-20261004,13,2,conv1,l1,0.3254159866482951,0
lsa-coordinate-median-late20-seed42-20261004,13,2,conv1,l2,0.04503862343961945,0
lsa-coordinate-median-late20-seed42-20261004,13,2,conv1,max_abs,0.011564433574676514,0
lsa-coordinate-median-late20-seed42-20261004,13,2,conv1,sparsity,0.0,0
lsa-coordinate-median-late20-seed42-20261004,13,2,conv1,skewness,1.5418650512025178,0
lsa-coordinate-median-late20-seed42-20261004,13,2,conv1,kurtosis,1.2437650766150155,0
lsa-coordinate-median-late20-seed42-20261004,13,2,conv2,mean,0.00020695056616738117,0
lsa-coordinate-median-late20-seed42-20261004,13,2,conv2,std,0.0007583666981966365,0
lsa-coordinate-median-late20-seed42-20261004,13,2,conv2,median,3.190804272890091e-05,0
lsa-coordinate-median-late20-seed42-20261004,13,2,conv2,min,-0.0031340233981609344,0
lsa-coordinate-median-late20-seed42-20261004,13,2,conv2,max,0.008023574948310852,0
lsa-coordinate-median-late20-seed42-20261004,13,2,conv2,l1,1.6960078223492019,0
lsa-coordinate-median-late20-seed42-20261004,13,2,conv2,l2,0.05354700213808331,0
lsa-coordinate-median-late20-seed42-20261004,13,2,conv2,max_abs,0.008023574948310852,0
lsa-coordinate-median-late20-seed42-20261004,13,2,conv2,sparsity,0.0,0
lsa-coordinate-median-late20-seed42-20261004,13,2,conv2,skewness,3.473072421921919,0
lsa-coordinate-median-late20-seed42-20261004,13,2,conv2,kurtosis,20.854180616682594,0
lsa-coordinate-median-late20-seed42-20261004,13,2,fc1,mean,2.2650262902847202e-05,0
lsa-coordinate-median-late20-seed42-20261004,13,2,fc1,std,0.00038919396222446143,0
lsa-coordinate-median-late20-seed42-20261004,13,2,fc1,median,0.0,0
lsa-coordinate-median-late20-seed42-20261004,13,2,fc1,min,-0.007964495569467545,0
lsa-coordinate-median-late20-seed42-20261004,13,2,fc1,max,0.006258673965930939,0
lsa-coordinate-median-late20-seed42-20261004,13,2,fc1,l1,17.974518459363594,0
lsa-coordinate-median-late20-seed42-20261004,13,2,fc1,l2,0.12353834713806576,0
lsa-coordinate-median-late20-seed42-20261004,13,2,fc1,max_abs,0.007964495569467545,0
lsa-coordinate-median-late20-seed42-20261004,13,2,fc1,sparsity,0.08827278521351178,0
lsa-coordinate-median-late20-seed42-20261004,13,2,fc1,skewness,0.27173607938674915,0
lsa-coordinate-median-late20-seed42-20261004,13,2,fc1,kurtosis,28.534013043142412,0
lsa-coordinate-median-late20-seed42-20261004,13,2,output,mean,1.9163752977664653e-10,0
lsa-coordinate-median-late20-seed42-20261004,13,2,output,std,0.002554557512934279,0
lsa-coordinate-median-late20-seed42-20261004,13,2,output,median,-9.220093488693237e-07,0
lsa-coordinate-median-late20-seed42-20261004,13,2,output,min,-0.007877424359321594,0
lsa-coordinate-median-late20-seed42-20261004,13,2,output,max,0.011168770492076874,0
lsa-coordinate-median-late20-seed42-20261004,13,2,output,l1,1.14441545936279,0
lsa-coordinate-median-late20-seed42-20261004,13,2,output,l2,0.06512869303523489,0
lsa-coordinate-median-late20-seed42-20261004,13,2,output,max_abs,0.011168770492076874,0
lsa-coordinate-median-late20-seed42-20261004,13,2,output,sparsity,0.06153846153846154,0
lsa-coordinate-median-late20-seed42-20261004,13,2,output,skewness,0.43872721254292085,0
lsa-coordinate-median-late20-seed42-20261004,13,2,output,kurtosis,1.63634026201707,0
lsa-coordinate-median-late20-seed42-20261004,13,3,conv1,mean,0.0019665691506816074,0
lsa-coordinate-median-late20-seed42-20261004,13,3,conv1,std,0.003091416763589642,0
lsa-coordinate-median-late20-seed42-20261004,13,3,conv1,median,0.00033948570489883423,0
lsa-coordinate-median-late20-seed42-20261004,13,3,conv1,min,-0.0009077489376068115,0
lsa-coordinate-median-late20-seed42-20261004,13,3,conv1,max,0.011943995952606201,0
lsa-coordinate-median-late20-seed42-20261004,13,3,conv1,l1,0.3366539585404098,0
lsa-coordinate-median-late20-seed42-20261004,13,3,conv1,l2,0.0463452294513524,0
lsa-coordinate-median-late20-seed42-20261004,13,3,conv1,max_abs,0.011943995952606201,0
lsa-coordinate-median-late20-seed42-20261004,13,3,conv1,sparsity,0.0,0
lsa-coordinate-median-late20-seed42-20261004,13,3,conv1,skewness,1.5161961994026705,0
lsa-coordinate-median-late20-seed42-20261004,13,3,conv1,kurtosis,1.1568009655840141,0
lsa-coordinate-median-late20-seed42-20261004,13,3,conv2,mean,0.00020960201558691864,0
lsa-coordinate-median-late20-seed42-20261004,13,3,conv2,std,0.0007740072805785207,0
lsa-coordinate-median-late20-seed42-20261004,13,3,conv2,median,3.094226121902466e-05,0
lsa-coordinate-median-late20-seed42-20261004,13,3,conv2,min,-0.00312061607837677,0
lsa-coordinate-median-late20-seed42-20261004,13,3,conv2,max,0.00791981816291809,0
lsa-coordinate-median-late20-seed42-20261004,13,3,conv2,l1,1.7300498400945798,0
lsa-coordinate-median-late20-seed42-20261004,13,3,conv2,l2,0.05462246861425875,0
lsa-coordinate-median-late20-seed42-20261004,13,3,conv2,max_abs,0.00791981816291809,0
lsa-coordinate-median-late20-seed42-20261004,13,3,conv2,sparsity,0.0,0
lsa-coordinate-median-late20-seed42-20261004,13,3,conv2,skewness,3.4445468200651557,0
lsa-coordinate-median-late20-seed42-20261004,13,3,conv2,kurtosis,19.843299578287294,0
lsa-coordinate-median-late20-seed42-20261004,13,3,fc1,mean,1.6344472877317027e-05,0
lsa-coordinate-median-late20-seed42-20261004,13,3,fc1,std,0.0003031383572575215,0
lsa-coordinate-median-late20-seed42-20261004,13,3,fc1,median,0.0,0
lsa-coordinate-median-late20-seed42-20261004,13,3,fc1,min,-0.004448644816875458,0
lsa-coordinate-median-late20-seed42-20261004,13,3,fc1,max,0.005032850429415703,0
lsa-coordinate-median-late20-seed42-20261004,13,3,fc1,l1,14.341239784248046,0
lsa-coordinate-median-late20-seed42-20261004,13,3,fc1,l2,0.09619947559993937,0
lsa-coordinate-median-late20-seed42-20261004,13,3,fc1,max_abs,0.005032850429415703,0
lsa-coordinate-median-late20-seed42-20261004,13,3,fc1,sparsity,0.09276410133843212,0
lsa-coordinate-median-late20-seed42-20261004,13,3,fc1,skewness,0.4925313119044669,0
lsa-coordinate-median-late20-seed42-20261004,13,3,fc1,kurtosis,25.64239355850393,0
lsa-coordinate-median-late20-seed42-20261004,13,3,output,mean,1.8756299351270382e-10,0
lsa-coordinate-median-late20-seed42-20261004,13,3,output,std,0.001919040914668219,0
lsa-coordinate-median-late20-seed42-20261004,13,3,output,median,-1.8812716007232666e-07,0
lsa-coordinate-median-late20-seed42-20261004,13,3,output,min,-0.007204115390777588,0
lsa-coordinate-median-late20-seed42-20261004,13,3,output,max,0.008091658353805542,0
lsa-coordinate-median-late20-seed42-20261004,13,3,output,l1,0.8629502479161602,0
lsa-coordinate-median-late20-seed42-20261004,13,3,output,l2,0.04892613535638122,0
lsa-coordinate-median-late20-seed42-20261004,13,3,output,max_abs,0.008091658353805542,0
lsa-coordinate-median-late20-seed42-20261004,13,3,output,sparsity,0.06153846153846154,0
lsa-coordinate-median-late20-seed42-20261004,13,3,output,skewness,0.21392574944080092,0
lsa-coordinate-median-late20-seed42-20261004,13,3,output,kurtosis,1.3195934391821051,0
lsa-coordinate-median-late20-seed42-20261004,13,4,conv1,mean,0.002066210238263011,0
lsa-coordinate-median-late20-seed42-20261004,13,4,conv1,std,0.0032742836225461295,0
lsa-coordinate-median-late20-seed42-20261004,13,4,conv1,median,0.00034596771001815796,0
lsa-coordinate-median-late20-seed42-20261004,13,4,conv1,min,-0.0011013895273208618,0
lsa-coordinate-median-late20-seed42-20261004,13,4,conv1,max,0.012691348791122437,0
lsa-coordinate-median-late20-seed42-20261004,13,4,conv1,l1,0.353643168695271,0
lsa-coordinate-median-late20-seed42-20261004,13,4,conv1,l2,0.04897372028274216,0
lsa-coordinate-median-late20-seed42-20261004,13,4,conv1,max_abs,0.012691348791122437,0
lsa-coordinate-median-late20-seed42-20261004,13,4,conv1,sparsity,0.0,0
lsa-coordinate-median-late20-seed42-20261004,13,4,conv1,skewness,1.5129686157137303,0
lsa-coordinate-median-late20-seed42-20261004,13,4,conv1,kurtosis,1.131873534459837,0
lsa-coordinate-median-late20-seed42-20261004,13,4,conv2,mean,0.00020323530458630682,0
lsa-coordinate-median-late20-seed42-20261004,13,4,conv2,std,0.0008088877899064096,0
lsa-coordinate-median-late20-seed42-20261004,13,4,conv2,median,2.2077467292547226e-05,0
lsa-coordinate-median-late20-seed42-20261004,13,4,conv2,min,-0.002774897962808609,0
lsa-coordinate-median-late20-seed42-20261004,13,4,conv2,max,0.00938725471496582,0
lsa-coordinate-median-late20-seed42-20261004,13,4,conv2,l1,1.7319667508199927,0
lsa-coordinate-median-late20-seed42-20261004,13,4,conv2,l2,0.056811994965864705,0
lsa-coordinate-median-late20-seed42-20261004,13,4,conv2,max_abs,0.00938725471496582,0
lsa-coordinate-median-late20-seed42-20261004,13,4,conv2,sparsity,0.0,0
lsa-coordinate-median-late20-seed42-20261004,13,4,conv2,skewness,3.980458541702888,0
lsa-coordinate-median-late20-seed42-20261004,13,4,conv2,kurtosis,26.21963458433191,0
lsa-coordinate-median-late20-seed42-20261004,13,4,fc1,mean,1.7791237133727344e-05,0
lsa-coordinate-median-late20-seed42-20261004,13,4,fc1,std,0.0003435999883577005,0
lsa-coordinate-median-late20-seed42-20261004,13,4,fc1,median,0.0,0
lsa-coordinate-median-late20-seed42-20261004,13,4,fc1,min,-0.006043415516614914,0
lsa-coordinate-median-late20-seed42-20261004,13,4,fc1,max,0.006232524290680885,0
lsa-coordinate-median-late20-seed42-20261004,13,4,fc1,l1,15.877598004054448,0
lsa-coordinate-median-late20-seed42-20261004,13,4,fc1,l2,0.10902748755953792,0
lsa-coordinate-median-late20-seed42-20261004,13,4,fc1,max_abs,0.006232524290680885,0
lsa-coordinate-median-late20-seed42-20261004,13,4,fc1,sparsity,0.08796406947100063,0
lsa-coordinate-median-late20-seed42-20261004,13,4,fc1,skewness,1.0618230537504836,0
lsa-coordinate-median-late20-seed42-20261004,13,4,fc1,kurtosis,31.749591811139723,0
lsa-coordinate-median-late20-seed42-20261004,13,4,output,mean,-1.3329554349184036e-10,0
lsa-coordinate-median-late20-seed42-20261004,13,4,output,std,0.002547175695684612,0
lsa-coordinate-median-late20-seed42-20261004,13,4,output,median,-1.434236764907837e-07,0
lsa-coordinate-median-late20-seed42-20261004,13,4,output,min,-0.008325457572937012,0
lsa-coordinate-median-late20-seed42-20261004,13,4,output,max,0.008608013391494751,0
lsa-coordinate-median-late20-seed42-20261004,13,4,output,l1,1.1672224100038875,0
lsa-coordinate-median-late20-seed42-20261004,13,4,output,l2,0.06494049288422567,0
lsa-coordinate-median-late20-seed42-20261004,13,4,output,max_abs,0.008608013391494751,0
lsa-coordinate-median-late20-seed42-20261004,13,4,output,sparsity,0.06153846153846154,0
lsa-coordinate-median-late20-seed42-20261004,13,4,output,skewness,0.12120612976174978,0
lsa-coordinate-median-late20-seed42-20261004,13,4,output,kurtosis,0.9292313248457083,0
lsa-coordinate-median-late20-seed42-20261004,14,0,conv1,mean,0.0015815963550267042,0
lsa-coordinate-median-late20-seed42-20261004,14,0,conv1,std,0.00252308527652768,0
lsa-coordinate-median-late20-seed42-20261004,14,0,conv1,median,0.0002493560314178467,0
lsa-coordinate-median-late20-seed42-20261004,14,0,conv1,min,-0.000790029764175415,0
lsa-coordinate-median-late20-seed42-20261004,14,0,conv1,max,0.010124146938323975,0
lsa-coordinate-median-late20-seed42-20261004,14,0,conv1,l1,0.2763979213195853,0
lsa-coordinate-median-late20-seed42-20261004,14,0,conv1,l2,0.037666762733985025,0
lsa-coordinate-median-late20-seed42-20261004,14,0,conv1,max_abs,0.010124146938323975,0
lsa-coordinate-median-late20-seed42-20261004,14,0,conv1,sparsity,0.0,0
lsa-coordinate-median-late20-seed42-20261004,14,0,conv1,skewness,1.5121329690299514,0
lsa-coordinate-median-late20-seed42-20261004,14,0,conv1,kurtosis,1.213539018175867,0
lsa-coordinate-median-late20-seed42-20261004,14,0,conv2,mean,0.0001803674949832353,0
lsa-coordinate-median-late20-seed42-20261004,14,0,conv2,std,0.0006347660277058637,0
lsa-coordinate-median-late20-seed42-20261004,14,0,conv2,median,3.289885353296995e-05,0
lsa-coordinate-median-late20-seed42-20261004,14,0,conv2,min,-0.002399228513240814,0
lsa-coordinate-median-late20-seed42-20261004,14,0,conv2,max,0.0061224400997161865,0
lsa-coordinate-median-late20-seed42-20261004,14,0,conv2,l1,1.505807890483993,0
lsa-coordinate-median-late20-seed42-20261004,14,0,conv2,l2,0.04495037254947594,0
lsa-coordinate-median-late20-seed42-20261004,14,0,conv2,max_abs,0.0061224400997161865,0
lsa-coordinate-median-late20-seed42-20261004,14,0,conv2,sparsity,0.00021551724137931034,0
lsa-coordinate-median-late20-seed42-20261004,14,0,conv2,skewness,3.0947691968300215,0
lsa-coordinate-median-late20-seed42-20261004,14,0,conv2,kurtosis,16.701944078272867,0
lsa-coordinate-median-late20-seed42-20261004,14,0,fc1,mean,2.289647264626951e-05,0
lsa-coordinate-median-late20-seed42-20261004,14,0,fc1,std,0.00035846704580656775,0
lsa-coordinate-median-late20-seed42-20261004,14,0,fc1,median,0.0,0
lsa-coordinate-median-late20-seed42-20261004,14,0,fc1,min,-0.004673954099416733,0
lsa-coordinate-median-late20-seed42-20261004,14,0,fc1,max,0.0056132059544324875,0
lsa-coordinate-median-late20-seed42-20261004,14,0,fc1,l1,16.236140160335935,0
lsa-coordinate-median-late20-seed42-20261004,14,0,fc1,l2,0.1138242533618856,0
lsa-coordinate-median-late20-seed42-20261004,14,0,fc1,max_abs,0.0056132059544324875,0
lsa-coordinate-median-late20-seed42-20261004,14,0,fc1,sparsity,0.0634161886551944,0
lsa-coordinate-median-late20-seed42-20261004,14,0,fc1,skewness,1.0333598363716399,0
lsa-coordinate-median-late20-seed42-20261004,14,0,fc1,kurtosis,29.04112204783427,0
lsa-coordinate-median-late20-seed42-20261004,14,0,output,mean,9.559488926942532e-11,0
lsa-coordinate-median-late20-seed42-20261004,14,0,output,std,0.0022464790804064393,0
lsa-coordinate-median-late20-seed42-20261004,14,0,output,median,-2.522021532058716e-06,0
lsa-coordinate-median-late20-seed42-20261004,14,0,output,min,-0.0067826807498931885,0
lsa-coordinate-median-late20-seed42-20261004,14,0,output,max,0.016006991267204285,0
lsa-coordinate-median-late20-seed42-20261004,14,0,output,l1,0.9355174931988586,0
lsa-coordinate-median-late20-seed42-20261004,14,0,output,l2,0.0572742033393521,0
lsa-coordinate-median-late20-seed42-20261004,14,0,output,max_abs,0.016006991267204285,0
lsa-coordinate-median-late20-seed42-20261004,14,0,output,sparsity,0.03230769230769231,0
lsa-coordinate-median-late20-seed42-20261004,14,0,output,skewness,1.6156114872556986,0
lsa-coordinate-median-late20-seed42-20261004,14,0,output,kurtosis,7.293869234891865,0
lsa-coordinate-median-late20-seed42-20261004,14,1,conv1,mean,0.0016899397360248258,0
lsa-coordinate-median-late20-seed42-20261004,14,1,conv1,std,0.0026777702718773057,0
lsa-coordinate-median-late20-seed42-20261004,14,1,conv1,median,0.00031005963683128357,0
lsa-coordinate-median-late20-seed42-20261004,14,1,conv1,min,-0.0007977187633514404,0
lsa-coordinate-median-late20-seed42-20261004,14,1,conv1,max,0.010303527116775513,0
lsa-coordinate-median-late20-seed42-20261004,14,1,conv1,l1,0.2924991231993772,0
lsa-coordinate-median-late20-seed42-20261004,14,1,conv1,l2,0.040052665210386224,0
lsa-coordinate-median-late20-seed42-20261004,14,1,conv1,max_abs,0.010303527116775513,0
lsa-coordinate-median-late20-seed42-20261004,14,1,conv1,sparsity,0.0,0
lsa-coordinate-median-late20-seed42-20261004,14,1,conv1,skewness,1.497951190761995,0
lsa-coordinate-median-late20-seed42-20261004,14,1,conv1,kurtosis,1.092018832851517,0
lsa-coordinate-median-late20-seed42-20261004,14,1,conv2,mean,0.00017343152597371452,0
lsa-coordinate-median-late20-seed42-20261004,14,1,conv2,std,0.0006520085218123705,0
lsa-coordinate-median-late20-seed42-20261004,14,1,conv2,median,2.8000911697745323e-05,0
lsa-coordinate-median-late20-seed42-20261004,14,1,conv2,min,-0.0026291795074939728,0
lsa-coordinate-median-late20-seed42-20261004,14,1,conv2,max,0.006651267409324646,0
lsa-coordinate-median-late20-seed42-20261004,14,1,conv2,l1,1.4609427623072406,0
lsa-coordinate-median-late20-seed42-20261004,14,1,conv2,l2,0.045957571032086864,0
lsa-coordinate-median-late20-seed42-20261004,14,1,conv2,max_abs,0.006651267409324646,0
lsa-coordinate-median-late20-seed42-20261004,14,1,conv2,sparsity,0.0,0
lsa-coordinate-median-late20-seed42-20261004,14,1,conv2,skewness,3.4402235104906156,0
lsa-coordinate-median-late20-seed42-20261004,14,1,conv2,kurtosis,20.073164958320255,0
lsa-coordinate-median-late20-seed42-20261004,14,1,fc1,mean,3.139944358442619e-06,0
lsa-coordinate-median-late20-seed42-20261004,14,1,fc1,std,0.00025711842341032587,0
lsa-coordinate-median-late20-seed42-20261004,14,1,fc1,median,0.0,0
lsa-coordinate-median-late20-seed42-20261004,14,1,fc1,min,-0.003736770711839199,0
lsa-coordinate-median-late20-seed42-20261004,14,1,fc1,max,0.00368855195119977,0
lsa-coordinate-median-late20-seed42-20261004,14,1,fc1,l1,12.596074307082858,0
lsa-coordinate-median-late20-seed42-20261004,14,1,fc1,l2,0.08148300499986563,0
lsa-coordinate-median-late20-seed42-20261004,14,1,fc1,max_abs,0.003736770711839199,0
lsa-coordinate-median-late20-seed42-20261004,14,1,fc1,sparsity,0.09133006692160611,0
lsa-coordinate-median-late20-seed42-20261004,14,1,fc1,skewness,0.2591521294960089,0
lsa-coordinate-median-late20-seed42-20261004,14,1,fc1,kurtosis,21.03322230073027,0
lsa-coordinate-median-late20-seed42-20261004,14,1,output,mean,-2.4465127633168145e-10,0
lsa-coordinate-median-late20-seed42-20261004,14,1,output,std,0.001632989826613496,0
lsa-coordinate-median-late20-seed42-20261004,14,1,output,median,-1.9371509552001953e-07,0
lsa-coordinate-median-late20-seed42-20261004,14,1,output,min,-0.007392510771751404,0
lsa-coordinate-median-late20-seed42-20261004,14,1,output,max,0.006916716694831848,0
lsa-coordinate-median-late20-seed42-20261004,14,1,output,l1,0.7542742791119963,0
lsa-coordinate-median-late20-seed42-20261004,14,1,output,l2,0.041633234957004044,0
lsa-coordinate-median-late20-seed42-20261004,14,1,output,max_abs,0.007392510771751404,0
lsa-coordinate-median-late20-seed42-20261004,14,1,output,sparsity,0.06153846153846154,0
lsa-coordinate-median-late20-seed42-20261004,14,1,output,skewness,0.28664786539244774,0
lsa-coordinate-median-late20-seed42-20261004,14,1,output,kurtosis,1.548787254397297,0
lsa-coordinate-median-late20-seed42-20261004,14,2,conv1,mean,0.0015112888366275,0
lsa-coordinate-median-late20-seed42-20261004,14,2,conv1,std,0.002471094023584061,0
lsa-coordinate-median-late20-seed42-20261004,14,2,conv1,median,0.0002659112215042114,0
lsa-coordinate-median-late20-seed42-20261004,14,2,conv1,min,-0.0007445812225341797,0
lsa-coordinate-median-late20-seed42-20261004,14,2,conv1,max,0.009464770555496216,0
lsa-coordinate-median-late20-seed42-20261004,14,2,conv1,l1,0.26583634165581316,0
lsa-coordinate-median-late20-seed42-20261004,14,2,conv1,l2,0.03663943148272422,0
lsa-coordinate-median-late20-seed42-20261004,14,2,conv1,max_abs,0.009464770555496216,0
lsa-coordinate-median-late20-seed42-20261004,14,2,conv1,sparsity,0.0,0
lsa-coordinate-median-late20-seed42-20261004,14,2,conv1,skewness,1.5536810449902825,0
lsa-coordinate-median-late20-seed42-20261004,14,2,conv1,kurtosis,1.3228674149258062,0
lsa-coordinate-median-late20-seed42-20261004,14,2,conv2,mean,0.00014926470793209868,0
lsa-coordinate-median-late20-seed42-20261004,14,2,conv2,std,0.0006314595053067325,0
lsa-coordinate-median-late20-seed42-20261004,14,2,conv2,median,2.1357089281082153e-05,0
lsa-coordinate-median-late20-seed42-20261004,14,2,conv2,min,-0.003113050013780594,0
lsa-coordinate-median-late20-seed42-20261004,14,2,conv2,max,0.006355032324790955,0
lsa-coordinate-median-late20-seed42-20261004,14,2,conv2,l1,1.4355061138849123,0
lsa-coordinate-median-late20-seed42-20261004,14,2,conv2,l2,0.044198842946687314,0
lsa-coordinate-median-late20-seed42-20261004,14,2,conv2,max_abs,0.006355032324790955,0
lsa-coordinate-median-late20-seed42-20261004,14,2,conv2,sparsity,0.0,0
lsa-coordinate-median-late20-seed42-20261004,14,2,conv2,skewness,3.013318705341339,0
lsa-coordinate-median-late20-seed42-20261004,14,2,conv2,kurtosis,18.84795650627198,0
lsa-coordinate-median-late20-seed42-20261004,14,2,fc1,mean,1.5345635515147847e-05,0
lsa-coordinate-median-late20-seed42-20261004,14,2,fc1,std,0.0003731981391891981,0
lsa-coordinate-median-late20-seed42-20261004,14,2,fc1,median,0.0,0
lsa-coordinate-median-late20-seed42-20261004,14,2,fc1,min,-0.007748141884803772,0
lsa-coordinate-median-late20-seed42-20261004,14,2,fc1,max,0.00612378865480423,0
lsa-coordinate-median-late20-seed42-20261004,14,2,fc1,l1,17.09273168176651,0
lsa-coordinate-median-late20-seed42-20261004,14,2,fc1,l2,0.1183607667077559,0
lsa-coordinate-median-late20-seed42-20261004,14,2,fc1,max_abs,0.007748141884803772,0
lsa-coordinate-median-late20-seed42-20261004,14,2,fc1,sparsity,0.08756572657743786,0
lsa-coordinate-median-late20-seed42-20261004,14,2,fc1,skewness,-0.05391534647726746,0
lsa-coordinate-median-late20-seed42-20261004,14,2,fc1,kurtosis,29.646920741200226,0
lsa-coordinate-median-late20-seed42-20261004,14,2,output,mean,2.2217416419432713e-10,0
lsa-coordinate-median-late20-seed42-20261004,14,2,output,std,0.0023815854129539144,0
lsa-coordinate-median-late20-seed42-20261004,14,2,output,median,-6.09084963798523e-07,0
lsa-coordinate-median-late20-seed42-20261004,14,2,output,min,-0.008094385266304016,0
lsa-coordinate-median-late20-seed42-20261004,14,2,output,max,0.010341942310333252,0
lsa-coordinate-median-late20-seed42-20261004,14,2,output,l1,1.05310912191635,0
lsa-coordinate-median-late20-seed42-20261004,14,2,output,l2,0.06071875246969996,0
lsa-coordinate-median-late20-seed42-20261004,14,2,output,max_abs,0.010341942310333252,0
lsa-coordinate-median-late20-seed42-20261004,14,2,output,sparsity,0.06153846153846154,0
lsa-coordinate-median-late20-seed42-20261004,14,2,output,skewness,0.41036188320167105,0
lsa-coordinate-median-late20-seed42-20261004,14,2,output,kurtosis,2.024495543471539,0
lsa-coordinate-median-late20-seed42-20261004,14,3,conv1,mean,0.001590229708017432,0
lsa-coordinate-median-late20-seed42-20261004,14,3,conv1,std,0.002513018551244914,0
lsa-coordinate-median-late20-seed42-20261004,14,3,conv1,median,0.0002938099205493927,0
lsa-coordinate-median-late20-seed42-20261004,14,3,conv1,min,-0.000723525881767273,0
lsa-coordinate-median-late20-seed42-20261004,14,3,conv1,max,0.009801894426345825,0
lsa-coordinate-median-late20-seed42-20261004,14,3,conv1,l1,0.27449269633507356,0
lsa-coordinate-median-late20-seed42-20261004,14,3,conv1,l2,0.03761721470425432,0
lsa-coordinate-median-late20-seed42-20261004,14,3,conv1,max_abs,0.009801894426345825,0
lsa-coordinate-median-late20-seed42-20261004,14,3,conv1,sparsity,0.0,0
lsa-coordinate-median-late20-seed42-20261004,14,3,conv1,skewness,1.5266909478659498,0
lsa-coordinate-median-late20-seed42-20261004,14,3,conv1,kurtosis,1.2309948715516512,0
lsa-coordinate-median-late20-seed42-20261004,14,3,conv2,mean,0.00015737900707477067,0
lsa-coordinate-median-late20-seed42-20261004,14,3,conv2,std,0.0006395199565773817,0
lsa-coordinate-median-late20-seed42-20261004,14,3,conv2,median,2.0878389477729797e-05,0
lsa-coordinate-median-late20-seed42-20261004,14,3,conv2,min,-0.003009505569934845,0
lsa-coordinate-median-late20-seed42-20261004,14,3,conv2,max,0.006225258111953735,0
lsa-coordinate-median-late20-seed42-20261004,14,3,conv2,l1,1.4540282029556693,0
lsa-coordinate-median-late20-seed42-20261004,14,3,conv2,l2,0.04486221372180152,0
lsa-coordinate-median-late20-seed42-20261004,14,3,conv2,max_abs,0.006225258111953735,0
lsa-coordinate-median-late20-seed42-20261004,14,3,conv2,sparsity,0.0,0
lsa-coordinate-median-late20-seed42-20261004,14,3,conv2,skewness,3.0347965145136264,0
lsa-coordinate-median-late20-seed42-20261004,14,3,conv2,kurtosis,17.319540157493176,0
lsa-coordinate-median-late20-seed42-20261004,14,3,fc1,mean,1.2042836032346084e-05,0
lsa-coordinate-median-late20-seed42-20261004,14,3,fc1,std,0.00029218515095672025,0
lsa-coordinate-median-late20-seed42-20261004,14,3,fc1,median,0.0,0
lsa-coordinate-median-late20-seed42-20261004,14,3,fc1,min,-0.004914209712296724,0
lsa-coordinate-median-late20-seed42-20261004,14,3,fc1,max,0.004965704865753651,0
lsa-coordinate-median-late20-seed42-20261004,14,3,fc1,l1,13.700054361229377,0
lsa-coordinate-median-late20-seed42-20261004,14,3,fc1,l2,0.09266765555437068,0
lsa-coordinate-median-late20-seed42-20261004,14,3,fc1,max_abs,0.004965704865753651,0
lsa-coordinate-median-late20-seed42-20261004,14,3,fc1,sparsity,0.09259480560866794,0
lsa-coordinate-median-late20-seed42-20261004,14,3,fc1,skewness,0.21948115600563553,0
lsa-coordinate-median-late20-seed42-20261004,14,3,fc1,kurtosis,27.99232409500566,0
lsa-coordinate-median-late20-seed42-20261004,14,3,output,mean,-1.543846267920274e-10,0
lsa-coordinate-median-late20-seed42-20261004,14,3,output,std,0.0017793313857271528,0
lsa-coordinate-median-late20-seed42-20261004,14,3,output,median,-9.872019290924072e-08,0
lsa-coordinate-median-late20-seed42-20261004,14,3,output,min,-0.006564497947692871,0
lsa-coordinate-median-late20-seed42-20261004,14,3,output,max,0.006954625248908997,0
lsa-coordinate-median-late20-seed42-20261004,14,3,output,l1,0.804704868234694,0
lsa-coordinate-median-late20-seed42-20261004,14,3,output,l2,0.04536422728485439,0
lsa-coordinate-median-late20-seed42-20261004,14,3,output,max_abs,0.006954625248908997,0
lsa-coordinate-median-late20-seed42-20261004,14,3,output,sparsity,0.06153846153846154,0
lsa-coordinate-median-late20-seed42-20261004,14,3,output,skewness,0.1316569931027165,0
lsa-coordinate-median-late20-seed42-20261004,14,3,output,kurtosis,1.2463900022055636,0
lsa-coordinate-median-late20-seed42-20261004,14,4,conv1,mean,0.0017054031006409787,0
lsa-coordinate-median-late20-seed42-20261004,14,4,conv1,std,0.0027215551480916935,0
lsa-coordinate-median-late20-seed42-20261004,14,4,conv1,median,0.00024495646357536316,0
lsa-coordinate-median-late20-seed42-20261004,14,4,conv1,min,-0.000987708568572998,0
lsa-coordinate-median-late20-seed42-20261004,14,4,conv1,max,0.01061403751373291,0
lsa-coordinate-median-late20-seed42-20261004,14,4,conv1,l1,0.2935355289373547,0
lsa-coordinate-median-late20-seed42-20261004,14,4,conv1,l2,0.040625631632810855,0
lsa-coordinate-median-late20-seed42-20261004,14,4,conv1,max_abs,0.01061403751373291,0
lsa-coordinate-median-late20-seed42-20261004,14,4,conv1,sparsity,0.0,0
lsa-coordinate-median-late20-seed42-20261004,14,4,conv1,skewness,1.5232143696509144,0
lsa-coordinate-median-late20-seed42-20261004,14,4,conv1,kurtosis,1.190860912153454,0
lsa-coordinate-median-late20-seed42-20261004,14,4,conv2,mean,0.00015075033595857005,0
lsa-coordinate-median-late20-seed42-20261004,14,4,conv2,std,0.0006778579078999353,0
lsa-coordinate-median-late20-seed42-20261004,14,4,conv2,median,1.3006385415792465e-05,0
lsa-coordinate-median-late20-seed42-20261004,14,4,conv2,min,-0.0026774071156978607,0
lsa-coordinate-median-late20-seed42-20261004,14,4,conv2,max,0.007716372609138489,0
lsa-coordinate-median-late20-seed42-20261004,14,4,conv2,l1,1.470973438154033,0
lsa-coordinate-median-late20-seed42-20261004,14,4,conv2,l2,0.04730208148608916,0
lsa-coordinate-median-late20-seed42-20261004,14,4,conv2,max_abs,0.007716372609138489,0
lsa-coordinate-median-late20-seed42-20261004,14,4,conv2,sparsity,0.00021551724137931034,0
lsa-coordinate-median-late20-seed42-20261004,14,4,conv2,skewness,3.7674941218117546,0
lsa-coordinate-median-late20-seed42-20261004,14,4,conv2,kurtosis,25.415863683331043,0
lsa-coordinate-median-late20-seed42-20261004,14,4,fc1,mean,1.047076248739623e-05,0
lsa-coordinate-median-late20-seed42-20261004,14,4,fc1,std,0.00032356268230511063,0
lsa-coordinate-median-late20-seed42-20261004,14,4,fc1,median,0.0,0
lsa-coordinate-median-late20-seed42-20261004,14,4,fc1,min,-0.005768429487943649,0
lsa-coordinate-median-late20-seed42-20261004,14,4,fc1,max,0.006075121462345123,0
lsa-coordinate-median-late20-seed42-20261004,14,4,fc1,l1,14.890971565488258,0
lsa-coordinate-median-late20-seed42-20261004,14,4,fc1,l2,0.10258578089771273,0
lsa-coordinate-median-late20-seed42-20261004,14,4,fc1,max_abs,0.006075121462345123,0
lsa-coordinate-median-late20-seed42-20261004,14,4,fc1,sparsity,0.087585643722116,0
lsa-coordinate-median-late20-seed42-20261004,14,4,fc1,skewness,0.7707317227651406,0
lsa-coordinate-median-late20-seed42-20261004,14,4,fc1,kurtosis,32.56548903408044,0
lsa-coordinate-median-late20-seed42-20261004,14,4,output,mean,8.923682169272349e-11,0
lsa-coordinate-median-late20-seed42-20261004,14,4,output,std,0.0024187515126551,0
lsa-coordinate-median-late20-seed42-20261004,14,4,output,median,-5.21540641784668e-08,0
lsa-coordinate-median-late20-seed42-20261004,14,4,output,min,-0.008007839322090149,0
lsa-coordinate-median-late20-seed42-20261004,14,4,output,max,0.008113697171211243,0
lsa-coordinate-median-late20-seed42-20261004,14,4,output,l1,1.1049536391801666,0
lsa-coordinate-median-late20-seed42-20261004,14,4,output,l2,0.061666305807802135,0
lsa-coordinate-median-late20-seed42-20261004,14,4,output,max_abs,0.008113697171211243,0
lsa-coordinate-median-late20-seed42-20261004,14,4,output,sparsity,0.06153846153846154,0
lsa-coordinate-median-late20-seed42-20261004,14,4,output,skewness,0.026301289526593163,0
lsa-coordinate-median-late20-seed42-20261004,14,4,output,kurtosis,1.0275735778133939,0
lsa-coordinate-median-late20-seed42-20261004,15,0,conv1,mean,0.0012792545603588223,0
lsa-coordinate-median-late20-seed42-20261004,15,0,conv1,std,0.0020580598843040927,0
lsa-coordinate-median-late20-seed42-20261004,15,0,conv1,median,0.00024574995040893555,0
lsa-coordinate-median-late20-seed42-20261004,15,0,conv1,min,-0.0006545335054397583,0
lsa-coordinate-median-late20-seed42-20261004,15,0,conv1,max,0.008467793464660645,0
lsa-coordinate-median-late20-seed42-20261004,15,0,conv1,l1,0.2263401160016656,0
lsa-coordinate-median-late20-seed42-20261004,15,0,conv1,l2,0.030651858586599592,0
lsa-coordinate-median-late20-seed42-20261004,15,0,conv1,max_abs,0.008467793464660645,0
lsa-coordinate-median-late20-seed42-20261004,15,0,conv1,sparsity,0.0,0
lsa-coordinate-median-late20-seed42-20261004,15,0,conv1,skewness,1.5225972502915956,0
lsa-coordinate-median-late20-seed42-20261004,15,0,conv1,kurtosis,1.3170344429990477,0
lsa-coordinate-median-late20-seed42-20261004,15,0,conv2,mean,0.00013865741762103802,0
lsa-coordinate-median-late20-seed42-20261004,15,0,conv2,std,0.0005317138606958827,0
lsa-coordinate-median-late20-seed42-20261004,15,0,conv2,median,2.407468855381012e-05,0
lsa-coordinate-median-late20-seed42-20261004,15,0,conv2,min,-0.0021384581923484802,0
lsa-coordinate-median-late20-seed42-20261004,15,0,conv2,max,0.00476924329996109,0
lsa-coordinate-median-late20-seed42-20261004,15,0,conv2,l1,1.2839422777760774,0
lsa-coordinate-median-late20-seed42-20261004,15,0,conv2,l2,0.037430297384672136,0
lsa-coordinate-median-late20-seed42-20261004,15,0,conv2,max_abs,0.00476924329996109,0
lsa-coordinate-median-late20-seed42-20261004,15,0,conv2,sparsity,0.0,0
lsa-coordinate-median-late20-seed42-20261004,15,0,conv2,skewness,2.804925676947595,0
lsa-coordinate-median-late20-seed42-20261004,15,0,conv2,kurtosis,15.092860701534384,0
lsa-coordinate-median-late20-seed42-20261004,15,0,fc1,mean,2.130219012434082e-05,0
lsa-coordinate-median-late20-seed42-20261004,15,0,fc1,std,0.00033198796701588523,0
lsa-coordinate-median-late20-seed42-20261004,15,0,fc1,median,0.0,0
lsa-coordinate-median-late20-seed42-20261004,15,0,fc1,min,-0.004947833716869354,0
lsa-coordinate-median-late20-seed42-20261004,15,0,fc1,max,0.006896437145769596,0
lsa-coordinate-median-late20-seed42-20261004,15,0,fc1,l1,14.892788771160781,0
lsa-coordinate-median-late20-seed42-20261004,15,0,fc1,l2,0.10541830006625574,0
lsa-coordinate-median-late20-seed42-20261004,15,0,fc1,max_abs,0.006896437145769596,0
lsa-coordinate-median-late20-seed42-20261004,15,0,fc1,sparsity,0.07473908540471638,0
lsa-coordinate-median-late20-seed42-20261004,15,0,fc1,skewness,1.5466765950649706,0
lsa-coordinate-median-late20-seed42-20261004,15,0,fc1,kurtosis,34.80274413865101,0
lsa-coordinate-median-late20-seed42-20261004,15,0,output,mean,-2.5342720059248116e-11,0
lsa-coordinate-median-late20-seed42-20261004,15,0,output,std,0.0019759144817449617,0
lsa-coordinate-median-late20-seed42-20261004,15,0,output,median,-3.5800039768218994e-06,0
lsa-coordinate-median-late20-seed42-20261004,15,0,output,min,-0.006434038281440735,0
lsa-coordinate-median-late20-seed42-20261004,15,0,output,max,0.01346045732498169,0
lsa-coordinate-median-late20-seed42-20261004,15,0,output,l1,0.8257948316750117,0
lsa-coordinate-median-late20-seed42-20261004,15,0,output,l2,0.050376132498040675,0
lsa-coordinate-median-late20-seed42-20261004,15,0,output,max_abs,0.01346045732498169,0
lsa-coordinate-median-late20-seed42-20261004,15,0,output,sparsity,0.05076923076923077,0
lsa-coordinate-median-late20-seed42-20261004,15,0,output,skewness,1.4863101957232467,0
lsa-coordinate-median-late20-seed42-20261004,15,0,output,kurtosis,6.474081357515887,0
lsa-coordinate-median-late20-seed42-20261004,15,1,conv1,mean,0.00141703944245819,0
lsa-coordinate-median-late20-seed42-20261004,15,1,conv1,std,0.002259654768963857,0
lsa-coordinate-median-late20-seed42-20261004,15,1,conv1,median,0.00027795135974884033,0
lsa-coordinate-median-late20-seed42-20261004,15,1,conv1,min,-0.0007158219814300537,0
lsa-coordinate-median-late20-seed42-20261004,15,1,conv1,max,0.008781790733337402,0
lsa-coordinate-median-late20-seed42-20261004,15,1,conv1,l1,0.2476835073903203,0
lsa-coordinate-median-late20-seed42-20261004,15,1,conv1,l2,0.033737908545452715,0
lsa-coordinate-median-late20-seed42-20261004,15,1,conv1,max_abs,0.008781790733337402,0
lsa-coordinate-median-late20-seed42-20261004,15,1,conv1,sparsity,0.0,0
lsa-coordinate-median-late20-seed42-20261004,15,1,conv1,skewness,1.502793476023874,0
lsa-coordinate-median-late20-seed42-20261004,15,1,conv1,kurtosis,1.142087786915579,0
lsa-coordinate-median-late20-seed42-20261004,15,1,conv2,mean,0.00013671696154954682,0
lsa-coordinate-median-late20-seed42-20261004,15,1,conv2,std,0.0005544894595746159,0
lsa-coordinate-median-late20-seed42-20261004,15,1,conv2,median,2.1921470761299133e-05,0
lsa-coordinate-median-late20-seed42-20261004,15,1,conv2,min,-0.002519577741622925,0
lsa-coordinate-median-late20-seed42-20261004,15,1,conv2,max,0.005422487854957581,0
lsa-coordinate-median-late20-seed42-20261004,15,1,conv2,l1,1.261346476894687,0
lsa-coordinate-median-late20-seed42-20261004,15,1,conv2,l2,0.038901624772826146,0
lsa-coordinate-median-late20-seed42-20261004,15,1,conv2,max_abs,0.005422487854957581,0
lsa-coordinate-median-late20-seed42-20261004,15,1,conv2,sparsity,0.0,0
lsa-coordinate-median-late20-seed42-20261004,15,1,conv2,skewness,3.134194661430965,0
lsa-coordinate-median-late20-seed42-20261004,15,1,conv2,kurtosis,18.313642443131407,0
lsa-coordinate-median-late20-seed42-20261004,15,1,fc1,mean,-2.2867662831529158e-06,0
lsa-coordinate-median-late20-seed42-20261004,15,1,fc1,std,0.00023467736502978478,0
lsa-coordinate-median-late20-seed42-20261004,15,1,fc1,median,0.0,0
lsa-coordinate-median-late20-seed42-20261004,15,1,fc1,min,-0.003699224442243576,0
lsa-coordinate-median-late20-seed42-20261004,15,1,fc1,max,0.003355983644723892,0
lsa-coordinate-median-late20-seed42-20261004,15,1,fc1,l1,11.6314614993953,0
lsa-coordinate-median-late20-seed42-20261004,15,1,fc1,l2,0.07436922907249963,0
lsa-coordinate-median-late20-seed42-20261004,15,1,fc1,max_abs,0.003699224442243576,0
lsa-coordinate-median-late20-seed42-20261004,15,1,fc1,sparsity,0.09017487253027406,0
lsa-coordinate-median-late20-seed42-20261004,15,1,fc1,skewness,0.004196223531199037,0
lsa-coordinate-median-late20-seed42-20261004,15,1,fc1,kurtosis,20.289928779802317,0
lsa-coordinate-median-late20-seed42-20261004,15,1,output,mean,3.130228903431159e-10,0
lsa-coordinate-median-late20-seed42-20261004,15,1,output,std,0.0014779255386599547,0
lsa-coordinate-median-late20-seed42-20261004,15,1,output,median,-1.4994293451309204e-07,0
lsa-coordinate-median-late20-seed42-20261004,15,1,output,min,-0.006804510951042175,0
lsa-coordinate-median-late20-seed42-20261004,15,1,output,max,0.0058189332485198975,0
lsa-coordinate-median-late20-seed42-20261004,15,1,output,l1,0.6802738129917998,0
lsa-coordinate-median-late20-seed42-20261004,15,1,output,l2,0.03767985580632203,0
lsa-coordinate-median-late20-seed42-20261004,15,1,output,max_abs,0.006804510951042175,0
lsa-coordinate-median-late20-seed42-20261004,15,1,output,sparsity,0.06307692307692307,0
lsa-coordinate-median-late20-seed42-20261004,15,1,output,skewness,0.29110400869752895,0
lsa-coordinate-median-late20-seed42-20261004,15,1,output,kurtosis,1.574429445082452,0
lsa-coordinate-median-late20-seed42-20261004,15,2,conv1,mean,0.0012374146201182157,0
lsa-coordinate-median-late20-seed42-20261004,15,2,conv1,std,0.002051612218083852,0
lsa-coordinate-median-late20-seed42-20261004,15,2,conv1,median,0.00023611262440681458,0
lsa-coordinate-median-late20-seed42-20261004,15,2,conv1,min,-0.0006594359874725342,0
lsa-coordinate-median-late20-seed42-20261004,15,2,conv1,max,0.007836401462554932,0
lsa-coordinate-median-late20-seed42-20261004,15,2,conv1,l1,0.2207290125079453,0
lsa-coordinate-median-late20-seed42-20261004,15,2,conv1,l2,0.030305927170699142,0
lsa-coordinate-median-late20-seed42-20261004,15,2,conv1,max_abs,0.007836401462554932,0
lsa-coordinate-median-late20-seed42-20261004,15,2,conv1,sparsity,0.0,0
lsa-coordinate-median-late20-seed42-20261004,15,2,conv1,skewness,1.5685500609839986,0
lsa-coordinate-median-late20-seed42-20261004,15,2,conv1,kurtosis,1.4125881852902245,0
lsa-coordinate-median-late20-seed42-20261004,15,2,conv2,mean,0.00010825394966904523,0
lsa-coordinate-median-late20-seed42-20261004,15,2,conv2,std,0.0005391707852251739,0
lsa-coordinate-median-late20-seed42-20261004,15,2,conv2,median,1.4386139810085297e-05,0
lsa-coordinate-median-late20-seed42-20261004,15,2,conv2,min,-0.0030294135212898254,0
lsa-coordinate-median-late20-seed42-20261004,15,2,conv2,max,0.005177229642868042,0
lsa-coordinate-median-late20-seed42-20261004,15,2,conv2,l1,1.2459774738381384,0
lsa-coordinate-median-late20-seed42-20261004,15,2,conv2,l2,0.03745994670475458,0
lsa-coordinate-median-late20-seed42-20261004,15,2,conv2,max_abs,0.005177229642868042,0
lsa-coordinate-median-late20-seed42-20261004,15,2,conv2,sparsity,0.0,0
lsa-coordinate-median-late20-seed42-20261004,15,2,conv2,skewness,2.51245298611602,0
lsa-coordinate-median-late20-seed42-20261004,15,2,conv2,kurtosis,17.425118378149815,0
lsa-coordinate-median-late20-seed42-20261004,15,2,fc1,mean,7.4506313444951175e-06,0
lsa-coordinate-median-late20-seed42-20261004,15,2,fc1,std,0.0003611984654880794,0
lsa-coordinate-median-late20-seed42-20261004,15,2,fc1,median,0.0,0
lsa-coordinate-median-late20-seed42-20261004,15,2,fc1,min,-0.007321871817111969,0
lsa-coordinate-median-late20-seed42-20261004,15,2,fc1,max,0.005953267216682434,0
lsa-coordinate-median-late20-seed42-20261004,15,2,fc1,l1,16.506312740709973,0
lsa-coordinate-median-late20-seed42-20261004,15,2,fc1,l2,0.11448266503136137,0
lsa-coordinate-median-late20-seed42-20261004,15,2,fc1,max_abs,0.007321871817111969,0
lsa-coordinate-median-late20-seed42-20261004,15,2,fc1,sparsity,0.08827278521351178,0
lsa-coordinate-median-late20-seed42-20261004,15,2,fc1,skewness,-0.4740768933147677,0
lsa-coordinate-median-late20-seed42-20261004,15,2,fc1,kurtosis,30.660399583665082,0
lsa-coordinate-median-late20-seed42-20261004,15,2,output,mean,6.438662799505086e-11,0
lsa-coordinate-median-late20-seed42-20261004,15,2,output,std,0.002226892082937545,0
lsa-coordinate-median-late20-seed42-20261004,15,2,output,median,-4.4889748096466064e-07,0
lsa-coordinate-median-late20-seed42-20261004,15,2,output,min,-0.007952392101287842,0
lsa-coordinate-median-late20-seed42-20261004,15,2,output,max,0.009856447577476501,0
lsa-coordinate-median-late20-seed42-20261004,15,2,output,l1,0.9755190690630116,0
lsa-coordinate-median-late20-seed42-20261004,15,2,output,l2,0.05677483092781915,0
lsa-coordinate-median-late20-seed42-20261004,15,2,output,max_abs,0.009856447577476501,0
lsa-coordinate-median-late20-seed42-20261004,15,2,output,sparsity,0.06153846153846154,0
lsa-coordinate-median-late20-seed42-20261004,15,2,output,skewness,0.428462213032341,0
lsa-coordinate-median-late20-seed42-20261004,15,2,output,kurtosis,2.2239834951330852,0
lsa-coordinate-median-late20-seed42-20261004,15,3,conv1,mean,0.0013265707450045739,0
lsa-coordinate-median-late20-seed42-20261004,15,3,conv1,std,0.0021083761689048297,0
lsa-coordinate-median-late20-seed42-20261004,15,3,conv1,median,0.00023789703845977783,0
lsa-coordinate-median-late20-seed42-20261004,15,3,conv1,min,-0.0005941390991210938,0
lsa-coordinate-median-late20-seed42-20261004,15,3,conv1,max,0.008248120546340942,0
lsa-coordinate-median-late20-seed42-20261004,15,3,conv1,l1,0.23055691446643323,0
lsa-coordinate-median-late20-seed42-20261004,15,3,conv1,l2,0.03150883053649004,0
lsa-coordinate-median-late20-seed42-20261004,15,3,conv1,max_abs,0.008248120546340942,0
lsa-coordinate-median-late20-seed42-20261004,15,3,conv1,sparsity,0.0,0
lsa-coordinate-median-late20-seed42-20261004,15,3,conv1,skewness,1.5325863671222169,0
lsa-coordinate-median-late20-seed42-20261004,15,3,conv1,kurtosis,1.282679426314215,0
lsa-coordinate-median-late20-seed42-20261004,15,3,conv2,mean,0.00012050408211680092,0
lsa-coordinate-median-late20-seed42-20261004,15,3,conv2,std,0.0005480711241632847,0
lsa-coordinate-median-late20-seed42-20261004,15,3,conv2,median,1.4856457710266113e-05,0
lsa-coordinate-median-late20-seed42-20261004,15,3,conv2,min,-0.002890661358833313,0
lsa-coordinate-median-late20-seed42-20261004,15,3,conv2,max,0.005050256848335266,0
lsa-coordinate-median-late20-seed42-20261004,15,3,conv2,l1,1.262218614694575,0
lsa-coordinate-median-late20-seed42-20261004,15,3,conv2,l2,0.03822500236756913,0
lsa-coordinate-median-late20-seed42-20261004,15,3,conv2,max_abs,0.005050256848335266,0
lsa-coordinate-median-late20-seed42-20261004,15,3,conv2,sparsity,0.0,0
lsa-coordinate-median-late20-seed42-20261004,15,3,conv2,skewness,2.6674345720636916,0
lsa-coordinate-median-late20-seed42-20261004,15,3,conv2,kurtosis,15.48926999382661,0
lsa-coordinate-median-late20-seed42-20261004,15,3,fc1,mean,2.0288460138177073e-06,0
lsa-coordinate-median-late20-seed42-20261004,15,3,fc1,std,0.0002833237057062449,0
lsa-coordinate-median-late20-seed42-20261004,15,3,fc1,median,0.0,0
lsa-coordinate-median-late20-seed42-20261004,15,3,fc1,min,-0.005125411786139011,0
lsa-coordinate-median-late20-seed42-20261004,15,3,fc1,max,0.004515121225267649,0
lsa-coordinate-median-late20-seed42-20261004,15,3,fc1,l1,13.203006659323137,0
lsa-coordinate-median-late20-seed42-20261004,15,3,fc1,l2,0.0897832882084081,0
lsa-coordinate-median-late20-seed42-20261004,15,3,fc1,max_abs,0.005125411786139011,0
lsa-coordinate-median-late20-seed42-20261004,15,3,fc1,sparsity,0.09224625557680051,0
lsa-coordinate-median-late20-seed42-20261004,15,3,fc1,skewness,-0.330456446259596,0
lsa-coordinate-median-late20-seed42-20261004,15,3,fc1,kurtosis,29.31408176545554,0
lsa-coordinate-median-late20-seed42-20261004,15,3,output,mean,9.272928134753154e-11,0
lsa-coordinate-median-late20-seed42-20261004,15,3,output,std,0.0016690179490508397,0
lsa-coordinate-median-late20-seed42-20261004,15,3,output,median,-3.725290298461914e-08,0
lsa-coordinate-median-late20-seed42-20261004,15,3,output,min,-0.006004251539707184,0
lsa-coordinate-median-late20-seed42-20261004,15,3,output,max,0.006166785955429077,0
lsa-coordinate-median-late20-seed42-20261004,15,3,output,l1,0.7557997342955787,0
lsa-coordinate-median-late20-seed42-20261004,15,3,output,l2,0.042551775453734265,0
lsa-coordinate-median-late20-seed42-20261004,15,3,output,max_abs,0.006166785955429077,0
lsa-coordinate-median-late20-seed42-20261004,15,3,output,sparsity,0.06461538461538462,0
lsa-coordinate-median-late20-seed42-20261004,15,3,output,skewness,0.047518048202385865,0
lsa-coordinate-median-late20-seed42-20261004,15,3,output,kurtosis,1.3710187683208126,0
lsa-coordinate-median-late20-seed42-20261004,15,4,conv1,mean,0.0014442153253185098,0
lsa-coordinate-median-late20-seed42-20261004,15,4,conv1,std,0.0023197162794224824,0
lsa-coordinate-median-late20-seed42-20261004,15,4,conv1,median,0.00021860376000404358,0
lsa-coordinate-median-late20-seed42-20261004,15,4,conv1,min,-0.000925108790397644,0
lsa-coordinate-median-late20-seed42-20261004,15,4,conv1,max,0.00902026891708374,0
lsa-coordinate-median-late20-seed42-20261004,15,4,conv1,l1,0.2504959696670994,0
lsa-coordinate-median-late20-seed42-20261004,15,4,conv1,l2,0.03456435510268354,0
lsa-coordinate-median-late20-seed42-20261004,15,4,conv1,max_abs,0.00902026891708374,0
lsa-coordinate-median-late20-seed42-20261004,15,4,conv1,sparsity,0.0,0
lsa-coordinate-median-late20-seed42-20261004,15,4,conv1,skewness,1.5222737030563933,0
lsa-coordinate-median-late20-seed42-20261004,15,4,conv1,kurtosis,1.205399142405108,0
lsa-coordinate-median-late20-seed42-20261004,15,4,conv2,mean,0.00010784301975240067,0
lsa-coordinate-median-late20-seed42-20261004,15,4,conv2,std,0.0005895037914918332,0
lsa-coordinate-median-late20-seed42-20261004,15,4,conv2,median,7.204711437225342e-06,0
lsa-coordinate-median-late20-seed42-20261004,15,4,conv2,min,-0.0026303045451641083,0
lsa-coordinate-median-late20-seed42-20261004,15,4,conv2,max,0.006758049130439758,0
lsa-coordinate-median-late20-seed42-20261004,15,4,conv2,l1,1.3019930251793994,0
lsa-coordinate-median-late20-seed42-20261004,15,4,conv2,l2,0.040821955417513926,0
lsa-coordinate-median-late20-seed42-20261004,15,4,conv2,max_abs,0.006758049130439758,0
lsa-coordinate-median-late20-seed42-20261004,15,4,conv2,sparsity,0.0,0
lsa-coordinate-median-late20-seed42-20261004,15,4,conv2,skewness,3.518633189319047,0
lsa-coordinate-median-late20-seed42-20261004,15,4,conv2,kurtosis,24.850150100380993,0
lsa-coordinate-median-late20-seed42-20261004,15,4,fc1,mean,2.074018812605026e-06,0
lsa-coordinate-median-late20-seed42-20261004,15,4,fc1,std,0.00031535271672948417,0
lsa-coordinate-median-late20-seed42-20261004,15,4,fc1,median,0.0,0
lsa-coordinate-median-late20-seed42-20261004,15,4,fc1,min,-0.0053965747356414795,0
lsa-coordinate-median-late20-seed42-20261004,15,4,fc1,max,0.005984358489513397,0
lsa-coordinate-median-late20-seed42-20261004,15,4,fc1,l1,14.456788197649644,0
lsa-coordinate-median-late20-seed42-20261004,15,4,fc1,l2,0.09993265548093504,0
lsa-coordinate-median-late20-seed42-20261004,15,4,fc1,max_abs,0.005984358489513397,0
lsa-coordinate-median-late20-seed42-20261004,15,4,fc1,sparsity,0.08739643084767368,0
lsa-coordinate-median-late20-seed42-20261004,15,4,fc1,skewness,0.43213908718486177,0
lsa-coordinate-median-late20-seed42-20261004,15,4,fc1,kurtosis,32.897101462883256,0
lsa-coordinate-median-late20-seed42-20261004,15,4,output,mean,-1.2407186799324476e-10,0
lsa-coordinate-median-late20-seed42-20261004,15,4,output,std,0.0023315383224772044,0
lsa-coordinate-median-late20-seed42-20261004,15,4,output,median,-2.60770320892334e-08,0
lsa-coordinate-median-late20-seed42-20261004,15,4,output,min,-0.007821439765393734,0
lsa-coordinate-median-late20-seed42-20261004,15,4,output,max,0.007442742586135864,0
lsa-coordinate-median-late20-seed42-20261004,15,4,output,l1,1.0675975152698811,0
lsa-coordinate-median-late20-seed42-20261004,15,4,output,l2,0.05944279701500335,0
lsa-coordinate-median-late20-seed42-20261004,15,4,output,max_abs,0.007821439765393734,0
lsa-coordinate-median-late20-seed42-20261004,15,4,output,sparsity,0.06153846153846154,0
lsa-coordinate-median-late20-seed42-20261004,15,4,output,skewness,-0.019034147731658665,0
lsa-coordinate-median-late20-seed42-20261004,15,4,output,kurtosis,1.035682839172221,0
lsa-coordinate-median-late20-seed42-20261004,16,0,conv1,mean,0.0011589748566620984,1
lsa-coordinate-median-late20-seed42-20261004,16,0,conv1,std,0.0018687692710204465,1
lsa-coordinate-median-late20-seed42-20261004,16,0,conv1,median,0.00023086369037628174,1
lsa-coordinate-median-late20-seed42-20261004,16,0,conv1,min,-0.0005941987037658691,1
lsa-coordinate-median-late20-seed42-20261004,16,0,conv1,max,0.007328808307647705,1
lsa-coordinate-median-late20-seed42-20261004,16,0,conv1,l1,0.20292116818018258,1
lsa-coordinate-median-late20-seed42-20261004,16,0,conv1,l2,0.02781516509154018,1
lsa-coordinate-median-late20-seed42-20261004,16,0,conv1,max_abs,0.007328808307647705,1
lsa-coordinate-median-late20-seed42-20261004,16,0,conv1,sparsity,0.0,1
lsa-coordinate-median-late20-seed42-20261004,16,0,conv1,skewness,1.5469024395825008,1
lsa-coordinate-median-late20-seed42-20261004,16,0,conv1,kurtosis,1.3195447126351194,1
lsa-coordinate-median-late20-seed42-20261004,16,0,conv2,mean,9.52741275498205e-05,1
lsa-coordinate-median-late20-seed42-20261004,16,0,conv2,std,0.00047083044575027604,1
lsa-coordinate-median-late20-seed42-20261004,16,0,conv2,median,1.2267380952835083e-05,1
lsa-coordinate-median-late20-seed42-20261004,16,0,conv2,min,-0.002700522541999817,1
lsa-coordinate-median-late20-seed42-20261004,16,0,conv2,max,0.004541225731372833,1
lsa-coordinate-median-late20-seed42-20261004,16,0,conv2,l1,1.0694765969310538,1
lsa-coordinate-median-late20-seed42-20261004,16,0,conv2,l2,0.03272184731398326,1
lsa-coordinate-median-late20-seed42-20261004,16,0,conv2,max_abs,0.004541225731372833,1
lsa-coordinate-median-late20-seed42-20261004,16,0,conv2,sparsity,0.0,1
lsa-coordinate-median-late20-seed42-20261004,16,0,conv2,skewness,2.6446379068241614,1
lsa-coordinate-median-late20-seed42-20261004,16,0,conv2,kurtosis,17.78690659028087,1
lsa-coordinate-median-late20-seed42-20261004,16,0,fc1,mean,-0.00010717829459807778,1
lsa-coordinate-median-late20-seed42-20261004,16,0,fc1,std,0.0009087216904666202,1
lsa-coordinate-median-late20-seed42-20261004,16,0,fc1,median,-4.607019945979118e-06,1
lsa-coordinate-median-late20-seed42-20261004,16,0,fc1,min,-0.020283285528421402,1
lsa-coordinate-median-late20-seed42-20261004,16,0,fc1,max,0.014080916531383991,1
lsa-coordinate-median-late20-seed42-20261004,16,0,fc1,l1,35.76457017876271,1
lsa-coordinate-median-late20-seed42-20261004,16,0,fc1,l2,0.2899560843843949,1
lsa-coordinate-median-late20-seed42-20261004,16,0,fc1,max_abs,0.020283285528421402,1
lsa-coordinate-median-late20-seed42-20261004,16,0,fc1,sparsity,0.06400374442319949,1
lsa-coordinate-median-late20-seed42-20261004,16,0,fc1,skewness,-2.0880450168904434,1
lsa-coordinate-median-late20-seed42-20261004,16,0,fc1,kurtosis,53.77835468244813,1
lsa-coordinate-median-late20-seed42-20261004,16,0,output,mean,-3.1073935903035676e-10,1
lsa-coordinate-median-late20-seed42-20261004,16,0,output,std,0.005949739991409548,1
lsa-coordinate-median-late20-seed42-20261004,16,0,output,median,-0.00032918527722358704,1
lsa-coordinate-median-late20-seed42-20261004,16,0,output,min,-0.012500673532485962,1
lsa-coordinate-median-late20-seed42-20261004,16,0,output,max,0.04805629700422287,1
lsa-coordinate-median-late20-seed42-20261004,16,0,output,l1,1.8882395796244964,1
lsa-coordinate-median-late20-seed42-20261004,16,0,output,l2,0.15168920158500346,1
lsa-coordinate-median-late20-seed42-20261004,16,0,output,max_abs,0.04805629700422287,1
lsa-coordinate-median-late20-seed42-20261004,16,0,output,sparsity,0.046153846153846156,1
lsa-coordinate-median-late20-seed42-20261004,16,0,output,skewness,3.769087380078454,1
lsa-coordinate-median-late20-seed42-20261004,16,0,output,kurtosis,19.308234555047278,1
lsa-coordinate-median-late20-seed42-20261004,16,1,conv1,mean,0.0012212700748932548,0
lsa-coordinate-median-late20-seed42-20261004,16,1,conv1,std,0.0019563190475304307,0
lsa-coordinate-median-late20-seed42-20261004,16,1,conv1,median,0.0002496093511581421,0
lsa-coordinate-median-late20-seed42-20261004,16,1,conv1,min,-0.000621989369392395,0
lsa-coordinate-median-late20-seed42-20261004,16,1,conv1,max,0.0076808929443359375,0
lsa-coordinate-median-late20-seed42-20261004,16,1,conv1,l1,0.21407882845960557,0
lsa-coordinate-median-late20-seed42-20261004,16,1,conv1,l2,0.02917172552060682,0
lsa-coordinate-median-late20-seed42-20261004,16,1,conv1,max_abs,0.0076808929443359375,0
lsa-coordinate-median-late20-seed42-20261004,16,1,conv1,sparsity,0.0,0
lsa-coordinate-median-late20-seed42-20261004,16,1,conv1,skewness,1.523127410645813,0
lsa-coordinate-median-late20-seed42-20261004,16,1,conv1,kurtosis,1.2343815044786073,0
lsa-coordinate-median-late20-seed42-20261004,16,1,conv2,mean,0.0001151754823812835,0
lsa-coordinate-median-late20-seed42-20261004,16,1,conv2,std,0.0004843340868560497,0
lsa-coordinate-median-late20-seed42-20261004,16,1,conv2,median,1.8865801393985748e-05,0
lsa-coordinate-median-late20-seed42-20261004,16,1,conv2,min,-0.002437576651573181,0
lsa-coordinate-median-late20-seed42-20261004,16,1,conv2,max,0.004442423582077026,0
lsa-coordinate-median-late20-seed42-20261004,16,1,conv2,l1,1.1152530417275557,0
lsa-coordinate-median-late20-seed42-20261004,16,1,conv2,l2,0.03391165483084752,0
lsa-coordinate-median-late20-seed42-20261004,16,1,conv2,max_abs,0.004442423582077026,0
lsa-coordinate-median-late20-seed42-20261004,16,1,conv2,sparsity,0.0,0
lsa-coordinate-median-late20-seed42-20261004,16,1,conv2,skewness,2.822589499357395,0
lsa-coordinate-median-late20-seed42-20261004,16,1,conv2,kurtosis,16.57729905084897,0
lsa-coordinate-median-late20-seed42-20261004,16,1,fc1,mean,-1.750376069158034e-06,0
lsa-coordinate-median-late20-seed42-20261004,16,1,fc1,std,0.0002166390256597207,0
lsa-coordinate-median-late20-seed42-20261004,16,1,fc1,median,-9.313225746154785e-10,0
lsa-coordinate-median-late20-seed42-20261004,16,1,fc1,min,-0.0035111878532916307,0
lsa-coordinate-median-late20-seed42-20261004,16,1,fc1,max,0.003207281231880188,0
lsa-coordinate-median-late20-seed42-20261004,16,1,fc1,l1,10.8256563309061,0
lsa-coordinate-median-late20-seed42-20261004,16,1,fc1,l2,0.06865186309576611,0
lsa-coordinate-median-late20-seed42-20261004,16,1,fc1,max_abs,0.0035111878532916307,0
lsa-coordinate-median-late20-seed42-20261004,16,1,fc1,sparsity,0.08875079668578713,0
lsa-coordinate-median-late20-seed42-20261004,16,1,fc1,skewness,0.04131339267914125,0
lsa-coordinate-median-late20-seed42-20261004,16,1,fc1,kurtosis,19.34980628560276,0
lsa-coordinate-median-late20-seed42-20261004,16,1,output,mean,-9.98485260284864e-12,0
lsa-coordinate-median-late20-seed42-20261004,16,1,output,std,0.0013523082036850985,0
lsa-coordinate-median-late20-seed42-20261004,16,1,output,median,-1.341104507446289e-07,0
lsa-coordinate-median-late20-seed42-20261004,16,1,output,min,-0.006117269396781921,0
lsa-coordinate-median-late20-seed42-20261004,16,1,output,max,0.0051205456256866455,0
lsa-coordinate-median-late20-seed42-20261004,16,1,output,l1,0.618614013743354,0
lsa-coordinate-median-late20-seed42-20261004,16,1,output,l2,0.03447722959490962,0
lsa-coordinate-median-late20-seed42-20261004,16,1,output,max_abs,0.006117269396781921,0
lsa-coordinate-median-late20-seed42-20261004,16,1,output,sparsity,0.06307692307692307,0
lsa-coordinate-median-late20-seed42-20261004,16,1,output,skewness,0.31078803736017674,0
lsa-coordinate-median-late20-seed42-20261004,16,1,output,kurtosis,1.5734971339138202,0
lsa-coordinate-median-late20-seed42-20261004,16,2,conv1,mean,0.0010358324405387975,0
lsa-coordinate-median-late20-seed42-20261004,16,2,conv1,std,0.0017511066719167645,0
lsa-coordinate-median-late20-seed42-20261004,16,2,conv1,median,0.00022932887077331543,0
lsa-coordinate-median-late20-seed42-20261004,16,2,conv1,min,-0.0005864202976226807,0
lsa-coordinate-median-late20-seed42-20261004,16,2,conv1,max,0.0066508948802948,0
lsa-coordinate-median-late20-seed42-20261004,16,2,conv1,l1,0.18824689253233373,0
lsa-coordinate-median-late20-seed42-20261004,16,2,conv1,l2,0.02573502957854595,0
lsa-coordinate-median-late20-seed42-20261004,16,2,conv1,max_abs,0.0066508948802948,0
lsa-coordinate-median-late20-seed42-20261004,16,2,conv1,sparsity,0.0,0
lsa-coordinate-median-late20-seed42-20261004,16,2,conv1,skewness,1.590217774059489,0
lsa-coordinate-median-late20-seed42-20261004,16,2,conv1,kurtosis,1.528050178985696,0
lsa-coordinate-median-late20-seed42-20261004,16,2,conv2,mean,7.926332598893576e-05,0
lsa-coordinate-median-late20-seed42-20261004,16,2,conv2,std,0.00047817522799182535,0
lsa-coordinate-median-late20-seed42-20261004,16,2,conv2,median,1.1738389730453491e-05,0
lsa-coordinate-median-late20-seed42-20261004,16,2,conv2,min,-0.003030911087989807,0
lsa-coordinate-median-late20-seed42-20261004,16,2,conv2,max,0.004306897521018982,0
lsa-coordinate-median-late20-seed42-20261004,16,2,conv2,l1,1.1285163338543498,0
lsa-coordinate-median-late20-seed42-20261004,16,2,conv2,l2,0.033016583667833374,0
lsa-coordinate-median-late20-seed42-20261004,16,2,conv2,max_abs,0.004306897521018982,0
lsa-coordinate-median-late20-seed42-20261004,16,2,conv2,sparsity,0.0,0
lsa-coordinate-median-late20-seed42-20261004,16,2,conv2,skewness,1.8789262936894437,0
lsa-coordinate-median-late20-seed42-20261004,16,2,conv2,kurtosis,15.852831532707132,0
lsa-coordinate-median-late20-seed42-20261004,16,2,fc1,mean,3.98328135885175e-06,0
lsa-coordinate-median-late20-seed42-20261004,16,2,fc1,std,0.0003570235151242745,0
lsa-coordinate-median-late20-seed42-20261004,16,2,fc1,median,0.0,0
lsa-coordinate-median-late20-seed42-20261004,16,2,fc1,min,-0.0069353170692920685,0
lsa-coordinate-median-late20-seed42-20261004,16,2,fc1,max,0.006111219525337219,0
lsa-coordinate-median-late20-seed42-20261004,16,2,fc1,l1,16.28215906059802,0
lsa-coordinate-median-late20-seed42-20261004,16,2,fc1,l2,0.1131423795819702,0
lsa-coordinate-median-late20-seed42-20261004,16,2,fc1,max_abs,0.0069353170692920685,0
lsa-coordinate-median-late20-seed42-20261004,16,2,fc1,sparsity,0.08847195666029319,0
lsa-coordinate-median-late20-seed42-20261004,16,2,fc1,skewness,-0.4833810613614968,0
lsa-coordinate-median-late20-seed42-20261004,16,2,fc1,kurtosis,29.747037866386492,0
lsa-coordinate-median-late20-seed42-20261004,16,2,output,mean,2.6560603426052974e-10,0
lsa-coordinate-median-late20-seed42-20261004,16,2,output,std,0.002149922606412704,0
lsa-coordinate-median-late20-seed42-20261004,16,2,output,median,-3.1408853828907013e-07,0
lsa-coordinate-median-late20-seed42-20261004,16,2,output,min,-0.00786031037569046,0
lsa-coordinate-median-late20-seed42-20261004,16,2,output,max,0.00978541374206543,0
lsa-coordinate-median-late20-seed42-20261004,16,2,output,l1,0.93433646496851,0
lsa-coordinate-median-late20-seed42-20261004,16,2,output,l2,0.05481248661406361,0
lsa-coordinate-median-late20-seed42-20261004,16,2,output,max_abs,0.00978541374206543,0
lsa-coordinate-median-late20-seed42-20261004,16,2,output,sparsity,0.06461538461538462,0
lsa-coordinate-median-late20-seed42-20261004,16,2,output,skewness,0.492871340958175,0
lsa-coordinate-median-late20-seed42-20261004,16,2,output,kurtosis,2.371737524880939,0
lsa-coordinate-median-late20-seed42-20261004,16,3,conv1,mean,0.0011374793612048961,0
lsa-coordinate-median-late20-seed42-20261004,16,3,conv1,std,0.0018012484535592024,0
lsa-coordinate-median-late20-seed42-20261004,16,3,conv1,median,0.00023664161562919617,0
lsa-coordinate-median-late20-seed42-20261004,16,3,conv1,min,-0.000502854585647583,0
lsa-coordinate-median-late20-seed42-20261004,16,3,conv1,max,0.007086217403411865,0
lsa-coordinate-median-late20-seed42-20261004,16,3,conv1,l1,0.19809073233045638,0
lsa-coordinate-median-late20-seed42-20261004,16,3,conv1,l2,0.026946926469982483,0
lsa-coordinate-median-late20-seed42-20261004,16,3,conv1,max_abs,0.007086217403411865,0
lsa-coordinate-median-late20-seed42-20261004,16,3,conv1,sparsity,0.0,0
lsa-coordinate-median-late20-seed42-20261004,16,3,conv1,skewness,1.5550488529531903,0
lsa-coordinate-median-late20-seed42-20261004,16,3,conv1,kurtosis,1.4029811731305486,0
lsa-coordinate-median-late20-seed42-20261004,16,3,conv2,mean,9.727492092208885e-05,0
lsa-coordinate-median-late20-seed42-20261004,16,3,conv2,std,0.0004810271853672576,0
lsa-coordinate-median-late20-seed42-20261004,16,3,conv2,median,1.0938383638858795e-05,0
lsa-coordinate-median-late20-seed42-20261004,16,3,conv2,min,-0.002828143537044525,0
lsa-coordinate-median-late20-seed42-20261004,16,3,conv2,max,0.004327394068241119,0
lsa-coordinate-median-late20-seed42-20261004,16,3,conv2,l1,1.1199788766243728,0
lsa-coordinate-median-late20-seed42-20261004,16,3,conv2,l2,0.033429657098521595,0
lsa-coordinate-median-late20-seed42-20261004,16,3,conv2,max_abs,0.004327394068241119,0
lsa-coordinate-median-late20-seed42-20261004,16,3,conv2,sparsity,0.0,0
lsa-coordinate-median-late20-seed42-20261004,16,3,conv2,skewness,2.313579958784875,0
lsa-coordinate-median-late20-seed42-20261004,16,3,conv2,kurtosis,14.290243856580013,0
lsa-coordinate-median-late20-seed42-20261004,16,3,fc1,mean,-5.090892096575135e-06,0
lsa-coordinate-median-late20-seed42-20261004,16,3,fc1,std,0.0002736464943581177,0
lsa-coordinate-median-late20-seed42-20261004,16,3,fc1,median,0.0,0
lsa-coordinate-median-late20-seed42-20261004,16,3,fc1,min,-0.005272924900054932,0
lsa-coordinate-median-late20-seed42-20261004,16,3,fc1,max,0.0043492391705513,0
lsa-coordinate-median-late20-seed42-20261004,16,3,fc1,l1,12.664051716722497,0
lsa-coordinate-median-late20-seed42-20261004,16,3,fc1,l2,0.08672942964900825,0
lsa-coordinate-median-late20-seed42-20261004,16,3,fc1,max_abs,0.005272924900054932,0
lsa-coordinate-median-late20-seed42-20261004,16,3,fc1,sparsity,0.09238567558954748,0
lsa-coordinate-median-late20-seed42-20261004,16,3,fc1,skewness,-0.8517716006561029,0
lsa-coordinate-median-late20-seed42-20261004,16,3,fc1,kurtosis,31.595011103779434,0
lsa-coordinate-median-late20-seed42-20261004,16,3,output,mean,-9.752021959194771e-11,0
lsa-coordinate-median-late20-seed42-20261004,16,3,output,std,0.0016018663014087894,0
lsa-coordinate-median-late20-seed42-20261004,16,3,output,median,-5.587935447692871e-08,0
lsa-coordinate-median-late20-seed42-20261004,16,3,output,min,-0.006219703704118729,0
lsa-coordinate-median-late20-seed42-20261004,16,3,output,max,0.00542876124382019,0
lsa-coordinate-median-late20-seed42-20261004,16,3,output,l1,0.7218724811100401,0
lsa-coordinate-median-late20-seed42-20261004,16,3,output,l2,0.040839737645250666,0
lsa-coordinate-median-late20-seed42-20261004,16,3,output,max_abs,0.006219703704118729,0
lsa-coordinate-median-late20-seed42-20261004,16,3,output,sparsity,0.06615384615384616,0
lsa-coordinate-median-late20-seed42-20261004,16,3,output,skewness,-0.024841696997442576,0
lsa-coordinate-median-late20-seed42-20261004,16,3,output,kurtosis,1.53690059874131,0
lsa-coordinate-median-late20-seed42-20261004,16,4,conv1,mean,0.001241316973028006,0
lsa-coordinate-median-late20-seed42-20261004,16,4,conv1,std,0.0019999367353721446,0
lsa-coordinate-median-late20-seed42-20261004,16,4,conv1,median,0.000211372971534729,0
lsa-coordinate-median-late20-seed42-20261004,16,4,conv1,min,-0.0007698982954025269,0
lsa-coordinate-median-late20-seed42-20261004,16,4,conv1,max,0.007897228002548218,0
lsa-coordinate-median-late20-seed42-20261004,16,4,conv1,l1,0.21525021723937243,0
lsa-coordinate-median-late20-seed42-20261004,16,4,conv1,l2,0.02977412238308536,0
lsa-coordinate-median-late20-seed42-20261004,16,4,conv1,max_abs,0.007897228002548218,0
lsa-coordinate-median-late20-seed42-20261004,16,4,conv1,sparsity,0.0,0
lsa-coordinate-median-late20-seed42-20261004,16,4,conv1,skewness,1.5606655068333501,0
lsa-coordinate-median-late20-seed42-20261004,16,4,conv1,kurtosis,1.3679003632841642,0
lsa-coordinate-median-late20-seed42-20261004,16,4,conv2,mean,8.938289444170644e-05,0
lsa-coordinate-median-late20-seed42-20261004,16,4,conv2,std,0.0005135974112513324,0
lsa-coordinate-median-late20-seed42-20261004,16,4,conv2,median,6.434507668018341e-06,0
lsa-coordinate-median-late20-seed42-20261004,16,4,conv2,min,-0.0025662556290626526,0
lsa-coordinate-median-late20-seed42-20261004,16,4,conv2,max,0.005894117057323456,0
lsa-coordinate-median-late20-seed42-20261004,16,4,conv2,l1,1.142336856766633,0
lsa-coordinate-median-late20-seed42-20261004,16,4,conv2,l2,0.03551084674230695,0
lsa-coordinate-median-late20-seed42-20261004,16,4,conv2,max_abs,0.005894117057323456,0
lsa-coordinate-median-late20-seed42-20261004,16,4,conv2,sparsity,0.0,0
lsa-coordinate-median-late20-seed42-20261004,16,4,conv2,skewness,3.272802721426409,0
lsa-coordinate-median-late20-seed42-20261004,16,4,conv2,kurtosis,23.584807492202202,0
lsa-coordinate-median-late20-seed42-20261004,16,4,fc1,mean,1.7561590449377458e-06,0
lsa-coordinate-median-late20-seed42-20261004,16,4,fc1,std,0.00030356938938940213,0
lsa-coordinate-median-late20-seed42-20261004,16,4,fc1,median,0.0,0
lsa-coordinate-median-late20-seed42-20261004,16,4,fc1,min,-0.005186711438000202,0
lsa-coordinate-median-late20-seed42-20261004,16,4,fc1,max,0.005670782178640366,0
lsa-coordinate-median-late20-seed42-20261004,16,4,fc1,l1,13.863648683290194,0
lsa-coordinate-median-late20-seed42-20261004,16,4,fc1,l2,0.09619814618548736,0
lsa-coordinate-median-late20-seed42-20261004,16,4,fc1,max_abs,0.005670782178640366,0
lsa-coordinate-median-late20-seed42-20261004,16,4,fc1,sparsity,0.07652166985340982,0
lsa-coordinate-median-late20-seed42-20261004,16,4,fc1,skewness,0.40490965925769884,0
lsa-coordinate-median-late20-seed42-20261004,16,4,fc1,kurtosis,33.52730891692969,0
lsa-coordinate-median-late20-seed42-20261004,16,4,output,mean,-7.034171945773638e-11,0
lsa-coordinate-median-late20-seed42-20261004,16,4,output,std,0.002190168909398458,0
lsa-coordinate-median-late20-seed42-20261004,16,4,output,median,-9.313225746154785e-09,0
lsa-coordinate-median-late20-seed42-20261004,16,4,output,min,-0.007407117169350386,0
lsa-coordinate-median-late20-seed42-20261004,16,4,output,max,0.006874844431877136,0
lsa-coordinate-median-late20-seed42-20261004,16,4,output,l1,1.0039542246086057,0
lsa-coordinate-median-late20-seed42-20261004,16,4,output,l2,0.05583857003543486,0
lsa-coordinate-median-late20-seed42-20261004,16,4,output,max_abs,0.007407117169350386,0
lsa-coordinate-median-late20-seed42-20261004,16,4,output,sparsity,0.05384615384615385,0
lsa-coordinate-median-late20-seed42-20261004,16,4,output,skewness,-0.03946915871957532,0
lsa-coordinate-median-late20-seed42-20261004,16,4,output,kurtosis,1.0351534998509413,0
lsa-coordinate-median-late20-seed42-20261004,17,0,conv1,mean,0.0010376628531957976,1
lsa-coordinate-median-late20-seed42-20261004,17,0,conv1,std,0.0016799974208321978,1
lsa-coordinate-median-late20-seed42-20261004,17,0,conv1,median,0.00020676106214523315,1
lsa-coordinate-median-late20-seed42-20261004,17,0,conv1,min,-0.0005436092615127563,1
lsa-coordinate-median-late20-seed42-20261004,17,0,conv1,max,0.006604999303817749,1
lsa-coordinate-median-late20-seed42-20261004,17,0,conv1,l1,0.18256224342621863,1
lsa-coordinate-median-late20-seed42-20261004,17,0,conv1,l2,0.024977223323356917,1
lsa-coordinate-median-late20-seed42-20261004,17,0,conv1,max_abs,0.006604999303817749,1
lsa-coordinate-median-late20-seed42-20261004,17,0,conv1,sparsity,0.0,1
lsa-coordinate-median-late20-seed42-20261004,17,0,conv1,skewness,1.5516158825410231,1
lsa-coordinate-median-late20-seed42-20261004,17,0,conv1,kurtosis,1.351318951572643,1
lsa-coordinate-median-late20-seed42-20261004,17,0,conv2,mean,8.374677963572673e-05,1
lsa-coordinate-median-late20-seed42-20261004,17,0,conv2,std,0.00042436322901153335,1
lsa-coordinate-median-late20-seed42-20261004,17,0,conv2,median,1.0402873158454895e-05,1
lsa-coordinate-median-late20-seed42-20261004,17,0,conv2,min,-0.002565927803516388,1
lsa-coordinate-median-late20-seed42-20261004,17,0,conv2,max,0.004035063087940216,1
lsa-coordinate-median-late20-seed42-20261004,17,0,conv2,l1,0.975765622635663,1
lsa-coordinate-median-late20-seed42-20261004,17,0,conv2,l2,0.029464100254668023,1
lsa-coordinate-median-late20-seed42-20261004,17,0,conv2,max_abs,0.004035063087940216,1
lsa-coordinate-median-late20-seed42-20261004,17,0,conv2,sparsity,0.0,1
lsa-coordinate-median-late20-seed42-20261004,17,0,conv2,skewness,2.4187427160152173,1
lsa-coordinate-median-late20-seed42-20261004,17,0,conv2,kurtosis,16.906141461219125,1
lsa-coordinate-median-late20-seed42-20261004,17,0,fc1,mean,-0.00011167884515603783,1
lsa-coordinate-median-late20-seed42-20261004,17,0,fc1,std,0.0008407101630628447,1
lsa-coordinate-median-late20-seed42-20261004,17,0,fc1,median,-4.680739948526025e-06,1
lsa-coordinate-median-late20-seed42-20261004,17,0,fc1,min,-0.01881154626607895,1
lsa-coordinate-median-late20-seed42-20261004,17,0,fc1,max,0.013817725703120232,1
lsa-coordinate-median-late20-seed42-20261004,17,0,fc1,l1,32.63293090128593,1
lsa-coordinate-median-late20-seed42-20261004,17,0,fc1,l2,0.2687485605956446,1
lsa-coordinate-median-late20-seed42-20261004,17,0,fc1,max_abs,0.01881154626607895,1
lsa-coordinate-median-late20-seed42-20261004,17,0,fc1,sparsity,0.0751872211599745,1
lsa-coordinate-median-late20-seed42-20261004,17,0,fc1,skewness,-2.4341015405216817,1
lsa-coordinate-median-late20-seed42-20261004,17,0,fc1,kurtosis,57.86815596542978,1
lsa-coordinate-median-late20-seed42-20261004,17,0,output,mean,8.005792131790748e-11,1
lsa-coordinate-median-late20-seed42-20261004,17,0,output,std,0.005373611954043779,1
lsa-coordinate-median-late20-seed42-20261004,17,0,output,median,-0.00026245415210723877,1
lsa-coordinate-median-late20-seed42-20261004,17,0,output,min,-0.01566842943429947,1
lsa-coordinate-median-late20-seed42-20261004,17,0,output,max,0.04498070478439331,1
lsa-coordinate-median-late20-seed42-20261004,17,0,output,l1,1.6661030867835507,1
lsa-coordinate-median-late20-seed42-20261004,17,0,output,l2,0.13700076106072345,1
lsa-coordinate-median-late20-seed42-20261004,17,0,output,max_abs,0.04498070478439331,1
lsa-coordinate-median-late20-seed42-20261004,17,0,output,sparsity,0.05846153846153846,1
lsa-coordinate-median-late20-seed42-20261004,17,0,output,skewness,3.8373995453867593,1
lsa-coordinate-median-late20-seed42-20261004,17,0,output,kurtosis,20.84751816550388,1
lsa-coordinate-median-late20-seed42-20261004,17,1,conv1,mean,0.0010878678709559607,0
lsa-coordinate-median-late20-seed42-20261004,17,1,conv1,std,0.0017547377233381883,0
lsa-coordinate-median-late20-seed42-20261004,17,1,conv1,median,0.00021678954362869263,0
lsa-coordinate-median-late20-seed42-20261004,17,1,conv1,min,-0.0005849897861480713,0
lsa-coordinate-median-late20-seed42-20261004,17,1,conv1,max,0.006889253854751587,0
lsa-coordinate-median-late20-seed42-20261004,17,1,conv1,l1,0.1918850204674527,0
lsa-coordinate-median-late20-seed42-20261004,17,1,conv1,l2,0.02611531652456648,0
lsa-coordinate-median-late20-seed42-20261004,17,1,conv1,max_abs,0.006889253854751587,0
lsa-coordinate-median-late20-seed42-20261004,17,1,conv1,sparsity,0.0,0
lsa-coordinate-median-late20-seed42-20261004,17,1,conv1,skewness,1.532164708504282,0
lsa-coordinate-median-late20-seed42-20261004,17,1,conv1,kurtosis,1.288011936750129,0
lsa-coordinate-median-late20-seed42-20261004,17,1,conv2,mean,0.0001041591993945421,0
lsa-coordinate-median-late20-seed42-20261004,17,1,conv2,std,0.0004374590439925504,0
lsa-coordinate-median-late20-seed42-20261004,17,1,conv2,median,1.8125399947166443e-05,0
lsa-coordinate-median-late20-seed42-20261004,17,1,conv2,min,-0.002219781279563904,0
lsa-coordinate-median-late20-seed42-20261004,17,1,conv2,max,0.0036958158016204834,0
lsa-coordinate-median-late20-seed42-20261004,17,1,conv2,l1,1.0221287571112043,0
lsa-coordinate-median-late20-seed42-20261004,17,1,conv2,l2,0.030631662222458004,0
lsa-coordinate-median-late20-seed42-20261004,17,1,conv2,max_abs,0.0036958158016204834,0
lsa-coordinate-median-late20-seed42-20261004,17,1,conv2,sparsity,0.0,0
lsa-coordinate-median-late20-seed42-20261004,17,1,conv2,skewness,2.642624048872671,0
lsa-coordinate-median-late20-seed42-20261004,17,1,conv2,kurtosis,15.320005849331444,0
lsa-coordinate-median-late20-seed42-20261004,17,1,fc1,mean,2.6328118733233012e-06,0
lsa-coordinate-median-late20-seed42-20261004,17,1,fc1,std,0.0002254061424011334,0
lsa-coordinate-median-late20-seed42-20261004,17,1,fc1,median,0.0,0
lsa-coordinate-median-late20-seed42-20261004,17,1,fc1,min,-0.003783660940825939,0
lsa-coordinate-median-late20-seed42-20261004,17,1,fc1,max,0.003336586058139801,0
lsa-coordinate-median-late20-seed42-20261004,17,1,fc1,l1,11.089408526910347,0
lsa-coordinate-median-late20-seed42-20261004,17,1,fc1,l2,0.07143266098302604,0
lsa-coordinate-median-late20-seed42-20261004,17,1,fc1,max_abs,0.003783660940825939,0
lsa-coordinate-median-late20-seed42-20261004,17,1,fc1,sparsity,0.08173000318674314,0
lsa-coordinate-median-late20-seed42-20261004,17,1,fc1,skewness,0.18197602894711595,0
lsa-coordinate-median-late20-seed42-20261004,17,1,fc1,kurtosis,21.205117798209447,0
lsa-coordinate-median-late20-seed42-20261004,17,1,output,mean,5.31480719263737e-10,0
lsa-coordinate-median-late20-seed42-20261004,17,1,output,std,0.001407196382332339,0
lsa-coordinate-median-late20-seed42-20261004,17,1,output,median,-1.3224780559539795e-07,0
lsa-coordinate-median-late20-seed42-20261004,17,1,output,min,-0.005021154880523682,0
lsa-coordinate-median-late20-seed42-20261004,17,1,output,max,0.00681663304567337,0
lsa-coordinate-median-late20-seed42-20261004,17,1,output,l1,0.6276912713074125,0
lsa-coordinate-median-late20-seed42-20261004,17,1,output,l2,0.03587660906485141,0
lsa-coordinate-median-late20-seed42-20261004,17,1,output,max_abs,0.00681663304567337,0
lsa-coordinate-median-late20-seed42-20261004,17,1,output,sparsity,0.06307692307692307,0
lsa-coordinate-median-late20-seed42-20261004,17,1,output,skewness,0.7559242382112324,0
lsa-coordinate-median-late20-seed42-20261004,17,1,output,kurtosis,2.3196163935401444,0
lsa-coordinate-median-late20-seed42-20261004,17,2,conv1,mean,0.0009253507938410621,0
lsa-coordinate-median-late20-seed42-20261004,17,2,conv1,std,0.0015791124188167093,0
lsa-coordinate-median-late20-seed42-20261004,17,2,conv1,median,0.00020691007375717163,0
lsa-coordinate-median-late20-seed42-20261004,17,2,conv1,min,-0.0005764961242675781,0
lsa-coordinate-median-late20-seed42-20261004,17,2,conv1,max,0.006024152040481567,0
lsa-coordinate-median-late20-seed42-20261004,17,2,conv1,l1,0.16947565239388496,0
lsa-coordinate-median-late20-seed42-20261004,17,2,conv1,l2,0.023151225014408004,0
lsa-coordinate-median-late20-seed42-20261004,17,2,conv1,max_abs,0.006024152040481567,0
lsa-coordinate-median-late20-seed42-20261004,17,2,conv1,sparsity,0.0,0
lsa-coordinate-median-late20-seed42-20261004,17,2,conv1,skewness,1.6002064682395962,0
lsa-coordinate-median-late20-seed42-20261004,17,2,conv1,kurtosis,1.582155172915594,0
lsa-coordinate-median-late20-seed42-20261004,17,2,conv2,mean,6.773727845546969e-05,0
lsa-coordinate-median-late20-seed42-20261004,17,2,conv2,std,0.0004352076390977881,0
lsa-coordinate-median-late20-seed42-20261004,17,2,conv2,median,8.7004154920578e-06,0
lsa-coordinate-median-late20-seed42-20261004,17,2,conv2,min,-0.0028941258788108826,0
lsa-coordinate-median-late20-seed42-20261004,17,2,conv2,max,0.003915056586265564,0
lsa-coordinate-median-late20-seed42-20261004,17,2,conv2,l1,1.0276443612783623,0
lsa-coordinate-median-late20-seed42-20261004,17,2,conv2,l2,0.030002204752656716,0
lsa-coordinate-median-late20-seed42-20261004,17,2,conv2,max_abs,0.003915056586265564,0
lsa-coordinate-median-late20-seed42-20261004,17,2,conv2,sparsity,0.0,0
lsa-coordinate-median-late20-seed42-20261004,17,2,conv2,skewness,1.617380263158433,0
lsa-coordinate-median-late20-seed42-20261004,17,2,conv2,kurtosis,15.88313711578149,0
lsa-coordinate-median-late20-seed42-20261004,17,2,fc1,mean,5.343419173898532e-06,0
lsa-coordinate-median-late20-seed42-20261004,17,2,fc1,std,0.00031690665729417546,0
lsa-coordinate-median-late20-seed42-20261004,17,2,fc1,median,0.0,0
lsa-coordinate-median-late20-seed42-20261004,17,2,fc1,min,-0.006511062383651733,0
lsa-coordinate-median-late20-seed42-20261004,17,2,fc1,max,0.005929790437221527,0
lsa-coordinate-median-late20-seed42-20261004,17,2,fc1,l1,14.594482213777155,0
lsa-coordinate-median-late20-seed42-20261004,17,2,fc1,l2,0.10043718854744484,0
lsa-coordinate-median-late20-seed42-20261004,17,2,fc1,max_abs,0.006511062383651733,0
lsa-coordinate-median-late20-seed42-20261004,17,2,fc1,sparsity,0.0794295729764181,0
lsa-coordinate-median-late20-seed42-20261004,17,2,fc1,skewness,-0.3796028141391957,0
lsa-coordinate-median-late20-seed42-20261004,17,2,fc1,kurtosis,29.08508009887653,0
lsa-coordinate-median-late20-seed42-20261004,17,2,output,mean,-4.681686942393963e-10,0
lsa-coordinate-median-late20-seed42-20261004,17,2,output,std,0.0018719807449395138,0
lsa-coordinate-median-late20-seed42-20261004,17,2,output,median,-3.557652235031128e-07,0
lsa-coordinate-median-late20-seed42-20261004,17,2,output,min,-0.005729079246520996,0
lsa-coordinate-median-late20-seed42-20261004,17,2,output,max,0.009122490882873535,0
lsa-coordinate-median-late20-seed42-20261004,17,2,output,l1,0.8303973951842636,0
lsa-coordinate-median-late20-seed42-20261004,17,2,output,l2,0.047726331737584185,0
lsa-coordinate-median-late20-seed42-20261004,17,2,output,max_abs,0.009122490882873535,0
lsa-coordinate-median-late20-seed42-20261004,17,2,output,sparsity,0.06769230769230769,0
lsa-coordinate-median-late20-seed42-20261004,17,2,output,skewness,0.7934631295116189,0
lsa-coordinate-median-late20-seed42-20261004,17,2,output,kurtosis,2.400365633662962,0
lsa-coordinate-median-late20-seed42-20261004,17,3,conv1,mean,0.0010229977102426346,0
lsa-coordinate-median-late20-seed42-20261004,17,3,conv1,std,0.0016227648891756063,0
lsa-coordinate-median-late20-seed42-20261004,17,3,conv1,median,0.00022432953119277954,0
lsa-coordinate-median-late20-seed42-20261004,17,3,conv1,min,-0.0005203336477279663,0
lsa-coordinate-median-late20-seed42-20261004,17,3,conv1,max,0.006328165531158447,0
lsa-coordinate-median-late20-seed42-20261004,17,3,conv1,l1,0.1790762316668406,0
lsa-coordinate-median-late20-seed42-20261004,17,3,conv1,l2,0.02426483942070185,0
lsa-coordinate-median-late20-seed42-20261004,17,3,conv1,max_abs,0.006328165531158447,0
lsa-coordinate-median-late20-seed42-20261004,17,3,conv1,sparsity,0.0,0
lsa-coordinate-median-late20-seed42-20261004,17,3,conv1,skewness,1.5552557964689029,0
lsa-coordinate-median-late20-seed42-20261004,17,3,conv1,kurtosis,1.4260587338952382,0
lsa-coordinate-median-late20-seed42-20261004,17,3,conv2,mean,8.334218222922447e-05,0
lsa-coordinate-median-late20-seed42-20261004,17,3,conv2,std,0.0004383346420321824,0
lsa-coordinate-median-late20-seed42-20261004,17,3,conv2,median,7.778406143188477e-06,0
lsa-coordinate-median-late20-seed42-20261004,17,3,conv2,min,-0.0027429088950157166,0
lsa-coordinate-median-late20-seed42-20261004,17,3,conv2,max,0.003856062889099121,0
lsa-coordinate-median-late20-seed42-20261004,17,3,conv2,l1,1.0322199651982373,0
lsa-coordinate-median-late20-seed42-20261004,17,3,conv2,l2,0.030393189117516737,0
lsa-coordinate-median-late20-seed42-20261004,17,3,conv2,max_abs,0.003856062889099121,0
lsa-coordinate-median-late20-seed42-20261004,17,3,conv2,sparsity,0.0,0
lsa-coordinate-median-late20-seed42-20261004,17,3,conv2,skewness,2.044262199732632,0
lsa-coordinate-median-late20-seed42-20261004,17,3,conv2,kurtosis,13.560893414207406,0
lsa-coordinate-median-late20-seed42-20261004,17,3,fc1,mean,-6.378205645616816e-06,0
lsa-coordinate-median-late20-seed42-20261004,17,3,fc1,std,0.0002560440900716492,0
lsa-coordinate-median-late20-seed42-20261004,17,3,fc1,median,0.0,0
lsa-coordinate-median-late20-seed42-20261004,17,3,fc1,min,-0.005256138741970062,0
lsa-coordinate-median-late20-seed42-20261004,17,3,fc1,max,0.004600320011377335,0
lsa-coordinate-median-late20-seed42-20261004,17,3,fc1,l1,11.835340920871431,0
lsa-coordinate-median-late20-seed42-20261004,17,3,fc1,l2,0.08116165996291537,0
lsa-coordinate-median-late20-seed42-20261004,17,3,fc1,max_abs,0.005256138741970062,0
lsa-coordinate-median-late20-seed42-20261004,17,3,fc1,sparsity,0.10485380815806246,0
lsa-coordinate-median-late20-seed42-20261004,17,3,fc1,skewness,-0.9354565887182155,0
lsa-coordinate-median-late20-seed42-20261004,17,3,fc1,kurtosis,33.17374220033875,0
lsa-coordinate-median-late20-seed42-20261004,17,3,output,mean,-3.008888317988469e-10,0
lsa-coordinate-median-late20-seed42-20261004,17,3,output,std,0.0015701127411071906,0
lsa-coordinate-median-late20-seed42-20261004,17,3,output,median,0.0,0
lsa-coordinate-median-late20-seed42-20261004,17,3,output,min,-0.00692787766456604,0
lsa-coordinate-median-late20-seed42-20261004,17,3,output,max,0.004783749580383301,0
lsa-coordinate-median-late20-seed42-20261004,17,3,output,l1,0.7047026867512614,0
lsa-coordinate-median-late20-seed42-20261004,17,3,output,l2,0.040030177527231835,0
lsa-coordinate-median-late20-seed42-20261004,17,3,output,max_abs,0.00692787766456604,0
lsa-coordinate-median-late20-seed42-20261004,17,3,output,sparsity,0.08461538461538462,0
lsa-coordinate-median-late20-seed42-20261004,17,3,output,skewness,-0.1963251640158212,0
lsa-coordinate-median-late20-seed42-20261004,17,3,output,kurtosis,1.5168370520871246,0
lsa-coordinate-median-late20-seed42-20261004,17,4,conv1,mean,0.0011144352465635166,0
lsa-coordinate-median-late20-seed42-20261004,17,4,conv1,std,0.001801235823266068,0
lsa-coordinate-median-late20-seed42-20261004,17,4,conv1,median,0.0002007223665714264,0
lsa-coordinate-median-late20-seed42-20261004,17,4,conv1,min,-0.0007138550281524658,0
lsa-coordinate-median-late20-seed42-20261004,17,4,conv1,max,0.0071784257888793945,0
lsa-coordinate-median-late20-seed42-20261004,17,4,conv1,l1,0.1941106733866036,0
lsa-coordinate-median-late20-seed42-20261004,17,4,conv1,l2,0.02679228668046108,0
lsa-coordinate-median-late20-seed42-20261004,17,4,conv1,max_abs,0.0071784257888793945,0
lsa-coordinate-median-late20-seed42-20261004,17,4,conv1,sparsity,0.0,0
lsa-coordinate-median-late20-seed42-20261004,17,4,conv1,skewness,1.5687967214926002,0
lsa-coordinate-median-late20-seed42-20261004,17,4,conv1,kurtosis,1.4161918306589962,0
lsa-coordinate-median-late20-seed42-20261004,17,4,conv2,mean,7.974840834228008e-05,0
lsa-coordinate-median-late20-seed42-20261004,17,4,conv2,std,0.000467660791779574,0
lsa-coordinate-median-late20-seed42-20261004,17,4,conv2,median,6.04754313826561e-06,0
lsa-coordinate-median-late20-seed42-20261004,17,4,conv2,min,-0.00249626487493515,0
lsa-coordinate-median-late20-seed42-20261004,17,4,conv2,max,0.005333274602890015,0
lsa-coordinate-median-late20-seed42-20261004,17,4,conv2,l1,1.0542648185582948,0
lsa-coordinate-median-late20-seed42-20261004,17,4,conv2,l2,0.032315757937525724,0
lsa-coordinate-median-late20-seed42-20261004,17,4,conv2,max_abs,0.005333274602890015,0
lsa-coordinate-median-late20-seed42-20261004,17,4,conv2,sparsity,0.0,0
lsa-coordinate-median-late20-seed42-20261004,17,4,conv2,skewness,3.125163836877655,0
lsa-coordinate-median-late20-seed42-20261004,17,4,conv2,kurtosis,22.819457445839653,0
lsa-coordinate-median-late20-seed42-20261004,17,4,fc1,mean,5.427826546831324e-06,0
lsa-coordinate-median-late20-seed42-20261004,17,4,fc1,std,0.00029191698908387733,0
lsa-coordinate-median-late20-seed42-20261004,17,4,fc1,median,0.0,0
lsa-coordinate-median-late20-seed42-20261004,17,4,fc1,min,-0.004929699003696442,0
lsa-coordinate-median-late20-seed42-20261004,17,4,fc1,max,0.005185477435588837,0
lsa-coordinate-median-late20-seed42-20261004,17,4,fc1,l1,13.442937209036586,0
lsa-coordinate-median-late20-seed42-20261004,17,4,fc1,l2,0.09252005673066624,0
lsa-coordinate-median-late20-seed42-20261004,17,4,fc1,max_abs,0.005185477435588837,0
lsa-coordinate-median-late20-seed42-20261004,17,4,fc1,sparsity,0.07708930847673677,0
lsa-coordinate-median-late20-seed42-20261004,17,4,fc1,skewness,0.38923277137263096,0
lsa-coordinate-median-late20-seed42-20261004,17,4,fc1,kurtosis,31.69387318682068,0
lsa-coordinate-median-late20-seed42-20261004,17,4,output,mean,4.438558020270788e-10,0
lsa-coordinate-median-late20-seed42-20261004,17,4,output,std,0.0019416192709522412,0
lsa-coordinate-median-late20-seed42-20261004,17,4,output,median,-2.2817403078079224e-08,0
lsa-coordinate-median-late20-seed42-20261004,17,4,output,min,-0.006613053381443024,0
lsa-coordinate-median-late20-seed42-20261004,17,4,output,max,0.006213173270225525,0
lsa-coordinate-median-late20-seed42-20261004,17,4,output,l1,0.894174031651346,0
lsa-coordinate-median-late20-seed42-20261004,17,4,output,l2,0.04950177275276767,0
lsa-coordinate-median-late20-seed42-20261004,17,4,output,max_abs,0.006613053381443024,0
lsa-coordinate-median-late20-seed42-20261004,17,4,output,sparsity,0.052307692307692305,0
lsa-coordinate-median-late20-seed42-20261004,17,4,output,skewness,0.12557706146421654,0
lsa-coordinate-median-late20-seed42-20261004,17,4,output,kurtosis,1.043570679559707,0
lsa-coordinate-median-late20-seed42-20261004,18,0,conv1,mean,0.0009192550576699432,1
lsa-coordinate-median-late20-seed42-20261004,18,0,conv1,std,0.0014972618110634054,1
lsa-coordinate-median-late20-seed42-20261004,18,0,conv1,median,0.00018060952425003052,1
lsa-coordinate-median-late20-seed42-20261004,18,0,conv1,min,-0.0005060285329818726,1
lsa-coordinate-median-late20-seed42-20261004,18,0,conv1,max,0.005923449993133545,1
lsa-coordinate-median-late20-seed42-20261004,18,0,conv1,l1,0.16282594355288893,1
lsa-coordinate-median-late20-seed42-20261004,18,0,conv1,l2,0.022223673114660912,1
lsa-coordinate-median-late20-seed42-20261004,18,0,conv1,max_abs,0.005923449993133545,1
lsa-coordinate-median-late20-seed42-20261004,18,0,conv1,sparsity,0.0,1
lsa-coordinate-median-late20-seed42-20261004,18,0,conv1,skewness,1.561409986514067,1
lsa-coordinate-median-late20-seed42-20261004,18,0,conv1,kurtosis,1.4212839533037966,1
lsa-coordinate-median-late20-seed42-20261004,18,0,conv2,mean,7.122063911052026e-05,1
lsa-coordinate-median-late20-seed42-20261004,18,0,conv2,std,0.0003831780078428439,1
lsa-coordinate-median-late20-seed42-20261004,18,0,conv2,median,9.381212294101715e-06,1
lsa-coordinate-median-late20-seed42-20261004,18,0,conv2,min,-0.0024680420756340027,1
lsa-coordinate-median-late20-seed42-20261004,18,0,conv2,max,0.0035235360264778137,1
lsa-coordinate-median-late20-seed42-20261004,18,0,conv2,l1,0.8906084326663404,1
lsa-coordinate-median-late20-seed42-20261004,18,0,conv2,l2,0.026548175647337954,1
lsa-coordinate-median-late20-seed42-20261004,18,0,conv2,max_abs,0.0035235360264778137,1
lsa-coordinate-median-late20-seed42-20261004,18,0,conv2,sparsity,0.0,1
lsa-coordinate-median-late20-seed42-20261004,18,0,conv2,skewness,2.0972690833449765,1
lsa-coordinate-median-late20-seed42-20261004,18,0,conv2,kurtosis,15.723721980221569,1
lsa-coordinate-median-late20-seed42-20261004,18,0,fc1,mean,-0.00011417962264319134,1
lsa-coordinate-median-late20-seed42-20261004,18,0,fc1,std,0.0008457234319283668,1
lsa-coordinate-median-late20-seed42-20261004,18,0,fc1,median,-5.243346095085144e-06,1
lsa-coordinate-median-late20-seed42-20261004,18,0,fc1,min,-0.020674731582403183,1
lsa-coordinate-median-late20-seed42-20261004,18,0,fc1,max,0.013918811455368996,1
lsa-coordinate-median-late20-seed42-20261004,18,0,fc1,l1,32.32080041726749,1
lsa-coordinate-median-late20-seed42-20261004,18,0,fc1,l2,0.2704283224063857,1
lsa-coordinate-median-late20-seed42-20261004,18,0,fc1,max_abs,0.020674731582403183,1
lsa-coordinate-median-late20-seed42-20261004,18,0,fc1,sparsity,0.07571502549394518,1
lsa-coordinate-median-late20-seed42-20261004,18,0,fc1,skewness,-2.901629525988034,1
lsa-coordinate-median-late20-seed42-20261004,18,0,fc1,kurtosis,64.26816734672762,1
lsa-coordinate-median-late20-seed42-20261004,18,0,output,mean,-1.7157827432339008e-10,1
lsa-coordinate-median-late20-seed42-20261004,18,0,output,std,0.005092870495343334,1
lsa-coordinate-median-late20-seed42-20261004,18,0,output,median,-0.00015542656183242798,1
lsa-coordinate-median-late20-seed42-20261004,18,0,output,min,-0.014227956533432007,1
lsa-coordinate-median-late20-seed42-20261004,18,0,output,max,0.04533853754401207,1
lsa-coordinate-median-late20-seed42-20261004,18,0,output,l1,1.5801865586545318,1
lsa-coordinate-median-late20-seed42-20261004,18,0,output,l2,0.12984323017978314,1
lsa-coordinate-median-late20-seed42-20261004,18,0,output,max_abs,0.04533853754401207,1
lsa-coordinate-median-late20-seed42-20261004,18,0,output,sparsity,0.06,1
lsa-coordinate-median-late20-seed42-20261004,18,0,output,skewness,3.8808113986392634,1
lsa-coordinate-median-late20-seed42-20261004,18,0,output,kurtosis,21.955096321273924,1
lsa-coordinate-median-late20-seed42-20261004,18,1,conv1,mean,0.000967917192610912,0
lsa-coordinate-median-late20-seed42-20261004,18,1,conv1,std,0.0015659236728566323,0
lsa-coordinate-median-late20-seed42-20261004,18,1,conv1,median,0.00020687654614448547,0
lsa-coordinate-median-late20-seed42-20261004,18,1,conv1,min,-0.0005485117435455322,0
lsa-coordinate-median-late20-seed42-20261004,18,1,conv1,max,0.00621795654296875,0
lsa-coordinate-median-late20-seed42-20261004,18,1,conv1,l1,0.1719086174853146,0
lsa-coordinate-median-late20-seed42-20261004,18,1,conv1,l2,0.023285980815811368,0
lsa-coordinate-median-late20-seed42-20261004,18,1,conv1,max_abs,0.00621795654296875,0
lsa-coordinate-median-late20-seed42-20261004,18,1,conv1,sparsity,0.0,0
lsa-coordinate-median-late20-seed42-20261004,18,1,conv1,skewness,1.5400917338802824,0
lsa-coordinate-median-late20-seed42-20261004,18,1,conv1,kurtosis,1.359253128120569,0
lsa-coordinate-median-late20-seed42-20261004,18,1,conv2,mean,9.241248428209255e-05,0
lsa-coordinate-median-late20-seed42-20261004,18,1,conv2,std,0.0003965530312331303,0
lsa-coordinate-median-late20-seed42-20261004,18,1,conv2,median,1.7466023564338684e-05,0
lsa-coordinate-median-late20-seed42-20261004,18,1,conv2,min,-0.0020576342940330505,0
lsa-coordinate-median-late20-seed42-20261004,18,1,conv2,max,0.003036201000213623,0
lsa-coordinate-median-late20-seed42-20261004,18,1,conv2,l1,0.9391677832791174,0
lsa-coordinate-median-late20-seed42-20261004,18,1,conv2,l2,0.027736003579779945,0
lsa-coordinate-median-late20-seed42-20261004,18,1,conv2,max_abs,0.003036201000213623,0
lsa-coordinate-median-late20-seed42-20261004,18,1,conv2,sparsity,0.00021551724137931034,0
lsa-coordinate-median-late20-seed42-20261004,18,1,conv2,skewness,2.4036861812205044,0
lsa-coordinate-median-late20-seed42-20261004,18,1,conv2,kurtosis,14.017064685930798,0
lsa-coordinate-median-late20-seed42-20261004,18,1,fc1,mean,2.269294449248181e-06,0
lsa-coordinate-median-late20-seed42-20261004,18,1,fc1,std,0.00021615855336557297,0
lsa-coordinate-median-late20-seed42-20261004,18,1,fc1,median,0.0,0
lsa-coordinate-median-late20-seed42-20261004,18,1,fc1,min,-0.0035283658653497696,0
lsa-coordinate-median-late20-seed42-20261004,18,1,fc1,max,0.0030776597559452057,0
lsa-coordinate-median-late20-seed42-20261004,18,1,fc1,l1,10.657021448319256,0
lsa-coordinate-median-late20-seed42-20261004,18,1,fc1,l2,0.06850114255772577,0
lsa-coordinate-median-late20-seed42-20261004,18,1,fc1,max_abs,0.0035283658653497696,0
lsa-coordinate-median-late20-seed42-20261004,18,1,fc1,sparsity,0.08429931485022307,0
lsa-coordinate-median-late20-seed42-20261004,18,1,fc1,skewness,0.13753809643643727,0
lsa-coordinate-median-late20-seed42-20261004,18,1,fc1,kurtosis,20.36830711064279,0
lsa-coordinate-median-late20-seed42-20261004,18,1,output,mean,-7.682963489339902e-10,0
lsa-coordinate-median-late20-seed42-20261004,18,1,output,std,0.0013284892767061764,0
lsa-coordinate-median-late20-seed42-20261004,18,1,output,median,-2.1979212760925293e-07,0
lsa-coordinate-median-late20-seed42-20261004,18,1,output,min,-0.00438612699508667,0
lsa-coordinate-median-late20-seed42-20261004,18,1,output,max,0.006617344915866852,0
lsa-coordinate-median-late20-seed42-20261004,18,1,output,l1,0.593568859359948,0
lsa-coordinate-median-late20-seed42-20261004,18,1,output,l2,0.03386996372762346,0
lsa-coordinate-median-late20-seed42-20261004,18,1,output,max_abs,0.006617344915866852,0
lsa-coordinate-median-late20-seed42-20261004,18,1,output,sparsity,0.06307692307692307,0
lsa-coordinate-median-late20-seed42-20261004,18,1,output,skewness,0.7780515504440574,0
lsa-coordinate-median-late20-seed42-20261004,18,1,output,kurtosis,2.3231774026838865,0
lsa-coordinate-median-late20-seed42-20261004,18,2,conv1,mean,0.000811932638316648,0
lsa-coordinate-median-late20-seed42-20261004,18,2,conv1,std,0.0014030364481182336,0
lsa-coordinate-median-late20-seed42-20261004,18,2,conv1,median,0.00018491223454475403,0
lsa-coordinate-median-late20-seed42-20261004,18,2,conv1,min,-0.0005445480346679688,0
lsa-coordinate-median-late20-seed42-20261004,18,2,conv1,max,0.005368947982788086,0
lsa-coordinate-median-late20-seed42-20261004,18,2,conv1,l1,0.15075287490617484,0
lsa-coordinate-median-late20-seed42-20261004,18,2,conv1,l2,0.0205046175635131,0
lsa-coordinate-median-late20-seed42-20261004,18,2,conv1,max_abs,0.005368947982788086,0
lsa-coordinate-median-late20-seed42-20261004,18,2,conv1,sparsity,0.0,0
lsa-coordinate-median-late20-seed42-20261004,18,2,conv1,skewness,1.6155493536052614,0
lsa-coordinate-median-late20-seed42-20261004,18,2,conv1,kurtosis,1.690920294802881,0
lsa-coordinate-median-late20-seed42-20261004,18,2,conv2,mean,5.2950915524606586e-05,0
lsa-coordinate-median-late20-seed42-20261004,18,2,conv2,std,0.0003996621969567991,0
lsa-coordinate-median-late20-seed42-20261004,18,2,conv2,median,6.8731606006622314e-06,0
lsa-coordinate-median-late20-seed42-20261004,18,2,conv2,min,-0.002768576145172119,0
lsa-coordinate-median-late20-seed42-20261004,18,2,conv2,max,0.003404483199119568,0
lsa-coordinate-median-late20-seed42-20261004,18,2,conv2,l1,0.9546777452997048,0
lsa-coordinate-median-late20-seed42-20261004,18,2,conv2,l2,0.027461905142376845,0
lsa-coordinate-median-late20-seed42-20261004,18,2,conv2,max_abs,0.003404483199119568,0
lsa-coordinate-median-late20-seed42-20261004,18,2,conv2,sparsity,0.0,0
lsa-coordinate-median-late20-seed42-20261004,18,2,conv2,skewness,1.26683298823409,0
lsa-coordinate-median-late20-seed42-20261004,18,2,conv2,kurtosis,14.989549241008262,0
lsa-coordinate-median-late20-seed42-20261004,18,2,fc1,mean,5.299859080763259e-06,0
lsa-coordinate-median-late20-seed42-20261004,18,2,fc1,std,0.00031031938770860413,0
lsa-coordinate-median-late20-seed42-20261004,18,2,fc1,median,0.0,0
lsa-coordinate-median-late20-seed42-20261004,18,2,fc1,min,-0.00603746622800827,0
lsa-coordinate-median-late20-seed42-20261004,18,2,fc1,max,0.005833230912685394,0
lsa-coordinate-median-late20-seed42-20261004,18,2,fc1,l1,14.232802103857694,0
lsa-coordinate-median-late20-seed42-20261004,18,2,fc1,l2,0.09834984897367076,0
lsa-coordinate-median-late20-seed42-20261004,18,2,fc1,max_abs,0.00603746622800827,0
lsa-coordinate-median-late20-seed42-20261004,18,2,fc1,sparsity,0.09161886551943914,0
lsa-coordinate-median-late20-seed42-20261004,18,2,fc1,skewness,-0.3135675486965179,0
lsa-coordinate-median-late20-seed42-20261004,18,2,fc1,kurtosis,28.853121697601914,0
lsa-coordinate-median-late20-seed42-20261004,18,2,output,mean,-3.540816788490002e-10,0
lsa-coordinate-median-late20-seed42-20261004,18,2,output,std,0.0017911616717680957,0
lsa-coordinate-median-late20-seed42-20261004,18,2,output,median,-6.295740604400635e-07,0
lsa-coordinate-median-late20-seed42-20261004,18,2,output,min,-0.00543820858001709,0
lsa-coordinate-median-late20-seed42-20261004,18,2,output,max,0.009000629186630249,0
lsa-coordinate-median-late20-seed42-20261004,18,2,output,l1,0.7916283918311819,0
lsa-coordinate-median-late20-seed42-20261004,18,2,output,l2,0.045665841581725874,0
lsa-coordinate-median-late20-seed42-20261004,18,2,output,max_abs,0.009000629186630249,0
lsa-coordinate-median-late20-seed42-20261004,18,2,output,sparsity,0.07230769230769231,0
lsa-coordinate-median-late20-seed42-20261004,18,2,output,skewness,0.8887056654009164,0
lsa-coordinate-median-late20-seed42-20261004,18,2,output,kurtosis,2.517042572142538,0
lsa-coordinate-median-late20-seed42-20261004,18,3,conv1,mean,0.0009045807011716534,0
lsa-coordinate-median-late20-seed42-20261004,18,3,conv1,std,0.0014469408355843177,0
lsa-coordinate-median-late20-seed42-20261004,18,3,conv1,median,0.00018220394849777222,0
lsa-coordinate-median-late20-seed42-20261004,18,3,conv1,min,-0.0005098208785057068,0
lsa-coordinate-median-late20-seed42-20261004,18,3,conv1,max,0.00566709041595459,0
lsa-coordinate-median-late20-seed42-20261004,18,3,conv1,l1,0.15923370502423495,0
lsa-coordinate-median-late20-seed42-20261004,18,3,conv1,l2,0.021584824397205157,0
lsa-coordinate-median-late20-seed42-20261004,18,3,conv1,max_abs,0.00566709041595459,0
lsa-coordinate-median-late20-seed42-20261004,18,3,conv1,sparsity,0.0,0
lsa-coordinate-median-late20-seed42-20261004,18,3,conv1,skewness,1.5697986651252047,0
lsa-coordinate-median-late20-seed42-20261004,18,3,conv1,kurtosis,1.5133295861746134,0
lsa-coordinate-median-late20-seed42-20261004,18,3,conv2,mean,7.135337813832033e-05,0
lsa-coordinate-median-late20-seed42-20261004,18,3,conv2,std,0.0004001917144122224,0
lsa-coordinate-median-late20-seed42-20261004,18,3,conv2,median,7.484108209609985e-06,0
lsa-coordinate-median-late20-seed42-20261004,18,3,conv2,min,-0.002681262791156769,0
lsa-coordinate-median-late20-seed42-20261004,18,3,conv2,max,0.0034654513001441956,0
lsa-coordinate-median-late20-seed42-20261004,18,3,conv2,l1,0.9498353927729113,0
lsa-coordinate-median-late20-seed42-20261004,18,3,conv2,l2,0.027689988581644082,0
lsa-coordinate-median-late20-seed42-20261004,18,3,conv2,max_abs,0.0034654513001441956,0
lsa-coordinate-median-late20-seed42-20261004,18,3,conv2,sparsity,0.0,0
lsa-coordinate-median-late20-seed42-20261004,18,3,conv2,skewness,1.7338101568808544,0
lsa-coordinate-median-late20-seed42-20261004,18,3,conv2,kurtosis,13.043903205649528,0
lsa-coordinate-median-late20-seed42-20261004,18,3,fc1,mean,-5.728750406582819e-06,0
lsa-coordinate-median-late20-seed42-20261004,18,3,fc1,std,0.0002505455306012494,0
lsa-coordinate-median-late20-seed42-20261004,18,3,fc1,median,-2.0489096641540527e-08,0
lsa-coordinate-median-late20-seed42-20261004,18,3,fc1,min,-0.005395177751779556,0
lsa-coordinate-median-late20-seed42-20261004,18,3,fc1,max,0.004358686972409487,0
lsa-coordinate-median-late20-seed42-20261004,18,3,fc1,l1,11.500499438032648,0
lsa-coordinate-median-late20-seed42-20261004,18,3,fc1,l2,0.0794148310786229,0
lsa-coordinate-median-late20-seed42-20261004,18,3,fc1,max_abs,0.005395177751779556,0
lsa-coordinate-median-late20-seed42-20261004,18,3,fc1,sparsity,0.08279557042702358,0
lsa-coordinate-median-late20-seed42-20261004,18,3,fc1,skewness,-0.9499662798029281,0
lsa-coordinate-median-late20-seed42-20261004,18,3,fc1,kurtosis,35.00755356623696,0
lsa-coordinate-median-late20-seed42-20261004,18,3,output,mean,-1.9880154958138098e-11,0
lsa-coordinate-median-late20-seed42-20261004,18,3,output,std,0.0015324539460900974,0
lsa-coordinate-median-late20-seed42-20261004,18,3,output,median,-5.587935447692871e-09,0
lsa-coordinate-median-late20-seed42-20261004,18,3,output,min,-0.006683580577373505,0
lsa-coordinate-median-late20-seed42-20261004,18,3,output,max,0.004655520897358656,0
lsa-coordinate-median-late20-seed42-20261004,18,3,output,l1,0.6822927697794512,0
lsa-coordinate-median-late20-seed42-20261004,18,3,output,l2,0.039070062873978365,0
lsa-coordinate-median-late20-seed42-20261004,18,3,output,max_abs,0.006683580577373505,0
lsa-coordinate-median-late20-seed42-20261004,18,3,output,sparsity,0.06461538461538462,0
lsa-coordinate-median-late20-seed42-20261004,18,3,output,skewness,-0.18436775364097904,0
lsa-coordinate-median-late20-seed42-20261004,18,3,output,kurtosis,1.6545404891939963,0
lsa-coordinate-median-late20-seed42-20261004,18,4,conv1,mean,0.000992589541419875,0
lsa-coordinate-median-late20-seed42-20261004,18,4,conv1,std,0.001615243176276829,0
lsa-coordinate-median-late20-seed42-20261004,18,4,conv1,median,0.00018552690744400024,0
lsa-coordinate-median-late20-seed42-20261004,18,4,conv1,min,-0.0007094293832778931,0
lsa-coordinate-median-late20-seed42-20261004,18,4,conv1,max,0.006439864635467529,0
lsa-coordinate-median-late20-seed42-20261004,18,4,conv1,l1,0.17396717728115618,0
lsa-coordinate-median-late20-seed42-20261004,18,4,conv1,l2,0.02398080738005283,0
lsa-coordinate-median-late20-seed42-20261004,18,4,conv1,max_abs,0.006439864635467529,0
lsa-coordinate-median-late20-seed42-20261004,18,4,conv1,sparsity,0.0,0
lsa-coordinate-median-late20-seed42-20261004,18,4,conv1,skewness,1.580202590141274,0
lsa-coordinate-median-late20-seed42-20261004,18,4,conv1,kurtosis,1.484628617104578,0
lsa-coordinate-median-late20-seed42-20261004,18,4,conv2,mean,6.816571375691575e-05,0
lsa-coordinate-median-late20-seed42-20261004,18,4,conv2,std,0.00042489666878957235,0
lsa-coordinate-median-late20-seed42-20261004,18,4,conv2,median,4.6924687922000885e-06,0
lsa-coordinate-median-late20-seed42-20261004,18,4,conv2,min,-0.0024415701627731323,0
lsa-coordinate-median-late20-seed42-20261004,18,4,conv2,max,0.004767075181007385,0
lsa-coordinate-median-late20-seed42-20261004,18,4,conv2,l1,0.9673471186615643,0
lsa-coordinate-median-late20-seed42-20261004,18,4,conv2,l2,0.029313010262976388,0
lsa-coordinate-median-late20-seed42-20261004,18,4,conv2,max_abs,0.004767075181007385,0
lsa-coordinate-median-late20-seed42-20261004,18,4,conv2,sparsity,0.00021551724137931034,0
lsa-coordinate-median-late20-seed42-20261004,18,4,conv2,skewness,2.864654793201727,0
lsa-coordinate-median-late20-seed42-20261004,18,4,conv2,kurtosis,21.28036003443856,0
lsa-coordinate-median-late20-seed42-20261004,18,4,fc1,mean,7.224288886689333e-06,0
lsa-coordinate-median-late20-seed42-20261004,18,4,fc1,std,0.0002811562556425886,0
lsa-coordinate-median-late20-seed42-20261004,18,4,fc1,median,0.0,0
lsa-coordinate-median-late20-seed42-20261004,18,4,fc1,min,-0.004889726638793945,0
lsa-coordinate-median-late20-seed42-20261004,18,4,fc1,max,0.004862889647483826,0
lsa-coordinate-median-late20-seed42-20261004,18,4,fc1,l1,12.962031849935784,0
lsa-coordinate-median-late20-seed42-20261004,18,4,fc1,l2,0.08912356070282221,0
lsa-coordinate-median-late20-seed42-20261004,18,4,fc1,max_abs,0.004889726638793945,0
lsa-coordinate-median-late20-seed42-20261004,18,4,fc1,sparsity,0.07827437858508604,0
lsa-coordinate-median-late20-seed42-20261004,18,4,fc1,skewness,0.4481075693828636,0
lsa-coordinate-median-late20-seed42-20261004,18,4,fc1,kurtosis,31.622233524920922,0
lsa-coordinate-median-late20-seed42-20261004,18,4,output,mean,3.1642579975036477e-10,0
lsa-coordinate-median-late20-seed42-20261004,18,4,output,std,0.0018234305879833628,0
lsa-coordinate-median-late20-seed42-20261004,18,4,output,median,-1.862645149230957e-08,0
lsa-coordinate-median-late20-seed42-20261004,18,4,output,min,-0.006216332316398621,0
lsa-coordinate-median-late20-seed42-20261004,18,4,output,max,0.005978837609291077,0
lsa-coordinate-median-late20-seed42-20261004,18,4,output,l1,0.8435457613377366,0
lsa-coordinate-median-late20-seed42-20261004,18,4,output,l2,0.04648854074904636,0
lsa-coordinate-median-late20-seed42-20261004,18,4,output,max_abs,0.006216332316398621,0
lsa-coordinate-median-late20-seed42-20261004,18,4,output,sparsity,0.06,0
lsa-coordinate-median-late20-seed42-20261004,18,4,output,skewness,0.1082580337489968,0
lsa-coordinate-median-late20-seed42-20261004,18,4,output,kurtosis,1.0135353458879948,0
lsa-coordinate-median-late20-seed42-20261004,19,0,conv1,mean,0.0008233630054746754,1
lsa-coordinate-median-late20-seed42-20261004,19,0,conv1,std,0.0013471167051968922,1
lsa-coordinate-median-late20-seed42-20261004,19,0,conv1,median,0.00016802921891212463,1
lsa-coordinate-median-late20-seed42-20261004,19,0,conv1,min,-0.00045980513095855713,1
lsa-coordinate-median-late20-seed42-20261004,19,0,conv1,max,0.005369424819946289,1
lsa-coordinate-median-late20-seed42-20261004,19,0,conv1,l1,0.1465404515620321,1
lsa-coordinate-median-late20-seed42-20261004,19,0,conv1,l2,0.019970578584326777,1
lsa-coordinate-median-late20-seed42-20261004,19,0,conv1,max_abs,0.005369424819946289,1
lsa-coordinate-median-late20-seed42-20261004,19,0,conv1,sparsity,0.0,1
lsa-coordinate-median-late20-seed42-20261004,19,0,conv1,skewness,1.5768536905827646,1
lsa-coordinate-median-late20-seed42-20261004,19,0,conv1,kurtosis,1.509761581672878,1
lsa-coordinate-median-late20-seed42-20261004,19,0,conv2,mean,6.084749648043099e-05,1
lsa-coordinate-median-late20-seed42-20261004,19,0,conv2,std,0.00034966681156688173,1
lsa-coordinate-median-late20-seed42-20261004,19,0,conv2,median,7.666647434234619e-06,1
lsa-coordinate-median-late20-seed42-20261004,19,0,conv2,min,-0.002362646162509918,1
lsa-coordinate-median-late20-seed42-20261004,19,0,conv2,max,0.0031005218625068665,1
lsa-coordinate-median-late20-seed42-20261004,19,0,conv2,l1,0.8165442582921969,1
lsa-coordinate-median-late20-seed42-20261004,19,0,conv2,l2,0.02417638388589748,1
lsa-coordinate-median-late20-seed42-20261004,19,0,conv2,max_abs,0.0031005218625068665,1
lsa-coordinate-median-late20-seed42-20261004,19,0,conv2,sparsity,0.0,1
lsa-coordinate-median-late20-seed42-20261004,19,0,conv2,skewness,1.837691101411474,1
lsa-coordinate-median-late20-seed42-20261004,19,0,conv2,kurtosis,15.118027151501629,1
lsa-coordinate-median-late20-seed42-20261004,19,0,fc1,mean,-0.00012567056613032297,1
lsa-coordinate-median-late20-seed42-20261004,19,0,fc1,std,0.0008826152706248934,1
lsa-coordinate-median-late20-seed42-20261004,19,0,fc1,median,-5.946960300207138e-06,1
lsa-coordinate-median-late20-seed42-20261004,19,0,fc1,min,-0.01986280083656311,1
lsa-coordinate-median-late20-seed42-20261004,19,0,fc1,max,0.014519327320158482,1
lsa-coordinate-median-late20-seed42-20261004,19,0,fc1,l1,34.55634317096542,1
lsa-coordinate-median-late20-seed42-20261004,19,0,fc1,l2,0.2825082630312674,1
lsa-coordinate-median-late20-seed42-20261004,19,0,fc1,max_abs,0.01986280083656311,1
lsa-coordinate-median-late20-seed42-20261004,19,0,fc1,sparsity,0.07651171128107075,1
lsa-coordinate-median-late20-seed42-20261004,19,0,fc1,skewness,-2.760469802355879,1
lsa-coordinate-median-late20-seed42-20261004,19,0,fc1,kurtosis,56.909664388366856,1
lsa-coordinate-median-late20-seed42-20261004,19,0,output,mean,7.361030349364648e-11,1
lsa-coordinate-median-late20-seed42-20261004,19,0,output,std,0.005270448718050675,1
lsa-coordinate-median-late20-seed42-20261004,19,0,output,median,-0.00016574189066886902,1
lsa-coordinate-median-late20-seed42-20261004,19,0,output,min,-0.012711964547634125,1
lsa-coordinate-median-late20-seed42-20261004,19,0,output,max,0.04676717147231102,1
lsa-coordinate-median-late20-seed42-20261004,19,0,output,l1,1.665035138023086,1
lsa-coordinate-median-late20-seed42-20261004,19,0,output,l2,0.13437060429365233,1
lsa-coordinate-median-late20-seed42-20261004,19,0,output,max_abs,0.04676717147231102,1
lsa-coordinate-median-late20-seed42-20261004,19,0,output,sparsity,0.05076923076923077,1
lsa-coordinate-median-late20-seed42-20261004,19,0,output,skewness,3.7608878924483573,1
lsa-coordinate-median-late20-seed42-20261004,19,0,output,kurtosis,20.701224144800214,1
lsa-coordinate-median-late20-seed42-20261004,19,1,conv1,mean,0.000868264938617358,0
lsa-coordinate-median-late20-seed42-20261004,19,1,conv1,std,0.0014130649371463934,0
lsa-coordinate-median-late20-seed42-20261004,19,1,conv1,median,0.00018828362226486206,0
lsa-coordinate-median-late20-seed42-20261004,19,1,conv1,min,-0.0005167275667190552,0
lsa-coordinate-median-late20-seed42-20261004,19,1,conv1,max,0.00569489598274231,0
lsa-coordinate-median-late20-seed42-20261004,19,1,conv1,l1,0.15467110218014568,0
lsa-coordinate-median-late20-seed42-20261004,19,1,conv1,l2,0.02097860441583184,0
lsa-coordinate-median-late20-seed42-20261004,19,1,conv1,max_abs,0.00569489598274231,0
lsa-coordinate-median-late20-seed42-20261004,19,1,conv1,sparsity,0.0,0
lsa-coordinate-median-late20-seed42-20261004,19,1,conv1,skewness,1.56602998526366,0
lsa-coordinate-median-late20-seed42-20261004,19,1,conv1,kurtosis,1.487415965958652,0
lsa-coordinate-median-late20-seed42-20261004,19,1,conv2,mean,8.351576914931465e-05,0
lsa-coordinate-median-late20-seed42-20261004,19,1,conv2,std,0.00036189310668588903,0
lsa-coordinate-median-late20-seed42-20261004,19,1,conv2,median,1.6462057828903198e-05,0
lsa-coordinate-median-late20-seed42-20261004,19,1,conv2,min,-0.0019234493374824524,0
lsa-coordinate-median-late20-seed42-20261004,19,1,conv2,max,0.0027699023485183716,0
lsa-coordinate-median-late20-seed42-20261004,19,1,conv2,l1,0.8628481647774606,0
lsa-coordinate-median-late20-seed42-20261004,19,1,conv2,l2,0.02529918141454418,0
lsa-coordinate-median-late20-seed42-20261004,19,1,conv2,max_abs,0.0027699023485183716,0
lsa-coordinate-median-late20-seed42-20261004,19,1,conv2,sparsity,0.0,0
lsa-coordinate-median-late20-seed42-20261004,19,1,conv2,skewness,2.2385494322033335,0
lsa-coordinate-median-late20-seed42-20261004,19,1,conv2,kurtosis,13.439250066807745,0
lsa-coordinate-median-late20-seed42-20261004,19,1,fc1,mean,8.086887124845069e-07,0
lsa-coordinate-median-late20-seed42-20261004,19,1,fc1,std,0.00020639360414286933,0
lsa-coordinate-median-late20-seed42-20261004,19,1,fc1,median,0.0,0
lsa-coordinate-median-late20-seed42-20261004,19,1,fc1,min,-0.00325666181743145,0
lsa-coordinate-median-late20-seed42-20261004,19,1,fc1,max,0.002744298428297043,0
lsa-coordinate-median-late20-seed42-20261004,19,1,fc1,l1,10.20008047180329,0
lsa-coordinate-median-late20-seed42-20261004,19,1,fc1,l2,0.0654035056702319,0
lsa-coordinate-median-late20-seed42-20261004,19,1,fc1,max_abs,0.00325666181743145,0
lsa-coordinate-median-late20-seed42-20261004,19,1,fc1,sparsity,0.08525533779477375,0
lsa-coordinate-median-late20-seed42-20261004,19,1,fc1,skewness,0.0600007444046148,0
lsa-coordinate-median-late20-seed42-20261004,19,1,fc1,kurtosis,19.952059174008795,0
lsa-coordinate-median-late20-seed42-20261004,19,1,output,mean,2.80113174365117e-10,0
lsa-coordinate-median-late20-seed42-20261004,19,1,output,std,0.001272678076555674,0
lsa-coordinate-median-late20-seed42-20261004,19,1,output,median,-1.5767291188240051e-06,0
lsa-coordinate-median-late20-seed42-20261004,19,1,output,min,-0.003929316997528076,0
lsa-coordinate-median-late20-seed42-20261004,19,1,output,max,0.00663350522518158,0
lsa-coordinate-median-late20-seed42-20261004,19,1,output,l1,0.565313164377585,0
lsa-coordinate-median-late20-seed42-20261004,19,1,output,l2,0.03244705173439636,0
lsa-coordinate-median-late20-seed42-20261004,19,1,output,max_abs,0.00663350522518158,0
lsa-coordinate-median-late20-seed42-20261004,19,1,output,sparsity,0.06307692307692307,0
lsa-coordinate-median-late20-seed42-20261004,19,1,output,skewness,0.8312917359574464,0
lsa-coordinate-median-late20-seed42-20261004,19,1,output,kurtosis,2.5397839404344245,0
lsa-coordinate-median-late20-seed42-20261004,19,2,conv1,mean,0.0007093415399140213,0
lsa-coordinate-median-late20-seed42-20261004,19,2,conv1,std,0.001253036195272309,0
lsa-coordinate-median-late20-seed42-20261004,19,2,conv1,median,0.0001543983817100525,0
lsa-coordinate-median-late20-seed42-20261004,19,2,conv1,min,-0.0005609840154647827,0
lsa-coordinate-median-late20-seed42-20261004,19,2,conv1,max,0.004789620637893677,0
lsa-coordinate-median-late20-seed42-20261004,19,2,conv1,l1,0.1341384438565001,0
lsa-coordinate-median-late20-seed42-20261004,19,2,conv1,l2,0.018213248483058036,0
lsa-coordinate-median-late20-seed42-20261004,19,2,conv1,max_abs,0.004789620637893677,0
lsa-coordinate-median-late20-seed42-20261004,19,2,conv1,sparsity,0.0,0
lsa-coordinate-median-late20-seed42-20261004,19,2,conv1,skewness,1.6411815055086658,0
lsa-coordinate-median-late20-seed42-20261004,19,2,conv1,kurtosis,1.8347833258107027,0
lsa-coordinate-median-late20-seed42-20261004,19,2,conv2,mean,4.092990105885386e-05,0
lsa-coordinate-median-late20-seed42-20261004,19,2,conv2,std,0.0003692576569685921,0
lsa-coordinate-median-late20-seed42-20261004,19,2,conv2,median,4.92483377456665e-06,0
lsa-coordinate-median-late20-seed42-20261004,19,2,conv2,min,-0.002727136015892029,0
lsa-coordinate-median-late20-seed42-20261004,19,2,conv2,max,0.0031835585832595825,0
lsa-coordinate-median-late20-seed42-20261004,19,2,conv2,l1,0.8833690579485847,0
lsa-coordinate-median-late20-seed42-20261004,19,2,conv2,l2,0.025306972151999656,0
lsa-coordinate-median-late20-seed42-20261004,19,2,conv2,max_abs,0.0031835585832595825,0
lsa-coordinate-median-late20-seed42-20261004,19,2,conv2,sparsity,0.0,0
lsa-coordinate-median-late20-seed42-20261004,19,2,conv2,skewness,0.8997433037261447,0
lsa-coordinate-median-late20-seed42-20261004,19,2,conv2,kurtosis,14.745747975512735,0
lsa-coordinate-median-late20-seed42-20261004,19,2,fc1,mean,5.920400586841327e-06,0
lsa-coordinate-median-late20-seed42-20261004,19,2,fc1,std,0.0003049734631758777,0
lsa-coordinate-median-late20-seed42-20261004,19,2,fc1,median,0.0,0
lsa-coordinate-median-late20-seed42-20261004,19,2,fc1,min,-0.005542486906051636,0
lsa-coordinate-median-late20-seed42-20261004,19,2,fc1,max,0.005840972065925598,0
lsa-coordinate-median-late20-seed42-20261004,19,2,fc1,l1,13.94976307962088,0
lsa-coordinate-median-late20-seed42-20261004,19,2,fc1,l2,0.0966596745599927,0
lsa-coordinate-median-late20-seed42-20261004,19,2,fc1,max_abs,0.005840972065925598,0
lsa-coordinate-median-late20-seed42-20261004,19,2,fc1,sparsity,0.09115081261950286,0
lsa-coordinate-median-late20-seed42-20261004,19,2,fc1,skewness,-0.2145130363952997,0
lsa-coordinate-median-late20-seed42-20261004,19,2,fc1,kurtosis,28.932147904773018,0
lsa-coordinate-median-late20-seed42-20261004,19,2,output,mean,1.2178833668048565e-11,0
lsa-coordinate-median-late20-seed42-20261004,19,2,output,std,0.0017270429671683307,0
lsa-coordinate-median-late20-seed42-20261004,19,2,output,median,-2.686167135834694e-06,0
lsa-coordinate-median-late20-seed42-20261004,19,2,output,min,-0.005176901817321777,0
lsa-coordinate-median-late20-seed42-20261004,19,2,output,max,0.008813828229904175,0
lsa-coordinate-median-late20-seed42-20261004,19,2,output,l1,0.7624974497593939,0
lsa-coordinate-median-late20-seed42-20261004,19,2,output,l2,0.04403112895202251,0
lsa-coordinate-median-late20-seed42-20261004,19,2,output,max_abs,0.008813828229904175,0
lsa-coordinate-median-late20-seed42-20261004,19,2,output,sparsity,0.07230769230769231,0
lsa-coordinate-median-late20-seed42-20261004,19,2,output,skewness,0.9645627535134755,0
lsa-coordinate-median-late20-seed42-20261004,19,2,output,kurtosis,2.5854014105048906,0
lsa-coordinate-median-late20-seed42-20261004,19,3,conv1,mean,0.0008167739368218462,0
lsa-coordinate-median-late20-seed42-20261004,19,3,conv1,std,0.0013069519101028308,0
lsa-coordinate-median-late20-seed42-20261004,19,3,conv1,median,0.00015824288129806519,0
lsa-coordinate-median-late20-seed42-20261004,19,3,conv1,min,-0.0005110204219818115,0
lsa-coordinate-median-late20-seed42-20261004,19,3,conv1,max,0.005097329616546631,0
lsa-coordinate-median-late20-seed42-20261004,19,3,conv1,l1,0.14435658615548164,0
lsa-coordinate-median-late20-seed42-20261004,19,3,conv1,l2,0.01949458574760857,0
lsa-coordinate-median-late20-seed42-20261004,19,3,conv1,max_abs,0.005097329616546631,0
lsa-coordinate-median-late20-seed42-20261004,19,3,conv1,sparsity,0.0,0
lsa-coordinate-median-late20-seed42-20261004,19,3,conv1,skewness,1.57609572704902,0
lsa-coordinate-median-late20-seed42-20261004,19,3,conv1,kurtosis,1.5650513882246404,0
lsa-coordinate-median-late20-seed42-20261004,19,3,conv2,mean,6.207022920064226e-05,0
lsa-coordinate-median-late20-seed42-20261004,19,3,conv2,std,0.00036946257924053334,0
lsa-coordinate-median-late20-seed42-20261004,19,3,conv2,median,6.294867489486933e-06,0
lsa-coordinate-median-late20-seed42-20261004,19,3,conv2,min,-0.002508699893951416,0
lsa-coordinate-median-late20-seed42-20261004,19,3,conv2,max,0.0031364038586616516,0
lsa-coordinate-median-late20-seed42-20261004,19,3,conv2,l1,0.8811479126743507,0
lsa-coordinate-median-late20-seed42-20261004,19,3,conv2,l2,0.02551957370662932,0
lsa-coordinate-median-late20-seed42-20261004,19,3,conv2,max_abs,0.0031364038586616516,0
lsa-coordinate-median-late20-seed42-20261004,19,3,conv2,sparsity,0.0,0
lsa-coordinate-median-late20-seed42-20261004,19,3,conv2,skewness,1.5179913857617342,0
lsa-coordinate-median-late20-seed42-20261004,19,3,conv2,kurtosis,12.751694186686667,0
lsa-coordinate-median-late20-seed42-20261004,19,3,fc1,mean,-6.4918809794885095e-06,0
lsa-coordinate-median-late20-seed42-20261004,19,3,fc1,std,0.00024131090753712025,0
lsa-coordinate-median-late20-seed42-20261004,19,3,fc1,median,-4.6566128730773926e-09,0
lsa-coordinate-median-late20-seed42-20261004,19,3,fc1,min,-0.005292108282446861,0
lsa-coordinate-median-late20-seed42-20261004,19,3,fc1,max,0.003938838839530945,0
lsa-coordinate-median-late20-seed42-20261004,19,3,fc1,l1,11.096365689506683,0
lsa-coordinate-median-late20-seed42-20261004,19,3,fc1,l2,0.07649543431164961,0
lsa-coordinate-median-late20-seed42-20261004,19,3,fc1,max_abs,0.005292108282446861,0
lsa-coordinate-median-late20-seed42-20261004,19,3,fc1,sparsity,0.09369024856596558,0
lsa-coordinate-median-late20-seed42-20261004,19,3,fc1,skewness,-0.9010475044057843,0
lsa-coordinate-median-late20-seed42-20261004,19,3,fc1,kurtosis,34.330618811989936,0
lsa-coordinate-median-late20-seed42-20261004,19,3,output,mean,5.4804751506218544e-11,0
lsa-coordinate-median-late20-seed42-20261004,19,3,output,std,0.0014505385142506762,0
lsa-coordinate-median-late20-seed42-20261004,19,3,output,median,-7.450580596923828e-09,0
lsa-coordinate-median-late20-seed42-20261004,19,3,output,min,-0.006440907716751099,0
lsa-coordinate-median-late20-seed42-20261004,19,3,output,max,0.0046995640732347965,0
lsa-coordinate-median-late20-seed42-20261004,19,3,output,l1,0.6464084638282657,0
lsa-coordinate-median-late20-seed42-20261004,19,3,output,l2,0.036981620946910446,0
lsa-coordinate-median-late20-seed42-20261004,19,3,output,max_abs,0.006440907716751099,0
lsa-coordinate-median-late20-seed42-20261004,19,3,output,sparsity,0.07692307692307693,0
lsa-coordinate-median-late20-seed42-20261004,19,3,output,skewness,-0.21145893600993373,0
lsa-coordinate-median-late20-seed42-20261004,19,3,output,kurtosis,1.8124590102166707,0
lsa-coordinate-median-late20-seed42-20261004,19,4,conv1,mean,0.0008990700604044833,0
lsa-coordinate-median-late20-seed42-20261004,19,4,conv1,std,0.0014617128860362275,0
lsa-coordinate-median-late20-seed42-20261004,19,4,conv1,median,0.0001665838062763214,0
lsa-coordinate-median-late20-seed42-20261004,19,4,conv1,min,-0.0006456375122070312,0
lsa-coordinate-median-late20-seed42-20261004,19,4,conv1,max,0.0058959126472473145,0
lsa-coordinate-median-late20-seed42-20261004,19,4,conv1,l1,0.15795051748864353,0
lsa-coordinate-median-late20-seed42-20261004,19,4,conv1,l2,0.021706889356957908,0
lsa-coordinate-median-late20-seed42-20261004,19,4,conv1,max_abs,0.0058959126472473145,0
lsa-coordinate-median-late20-seed42-20261004,19,4,conv1,sparsity,0.0,0
lsa-coordinate-median-late20-seed42-20261004,19,4,conv1,skewness,1.5927242465946967,0
lsa-coordinate-median-late20-seed42-20261004,19,4,conv1,kurtosis,1.57177310836546,0
lsa-coordinate-median-late20-seed42-20261004,19,4,conv2,mean,5.687412903512268e-05,0
lsa-coordinate-median-late20-seed42-20261004,19,4,conv2,std,0.00039215885498500904,0
lsa-coordinate-median-late20-seed42-20261004,19,4,conv2,median,3.557652235031128e-06,0
lsa-coordinate-median-late20-seed42-20261004,19,4,conv2,min,-0.0023861154913902283,0
lsa-coordinate-median-late20-seed42-20261004,19,4,conv2,max,0.004322551190853119,0
lsa-coordinate-median-late20-seed42-20261004,19,4,conv2,l1,0.8990926959204444,0
lsa-coordinate-median-late20-seed42-20261004,19,4,conv2,l2,0.026992365702333113,0
lsa-coordinate-median-late20-seed42-20261004,19,4,conv2,max_abs,0.004322551190853119,0
lsa-coordinate-median-late20-seed42-20261004,19,4,conv2,sparsity,0.00021551724137931034,0
lsa-coordinate-median-late20-seed42-20261004,19,4,conv2,skewness,2.7111376592511953,0
lsa-coordinate-median-late20-seed42-20261004,19,4,conv2,kurtosis,20.884901338897848,0
lsa-coordinate-median-late20-seed42-20261004,19,4,fc1,mean,6.974947840890372e-06,0
lsa-coordinate-median-late20-seed42-20261004,19,4,fc1,std,0.00027356311560591844,0
lsa-coordinate-median-late20-seed42-20261004,19,4,fc1,median,0.0,0
lsa-coordinate-median-late20-seed42-20261004,19,4,fc1,min,-0.004836317151784897,0
lsa-coordinate-median-late20-seed42-20261004,19,4,fc1,max,0.0045732371509075165,0
lsa-coordinate-median-late20-seed42-20261004,19,4,fc1,l1,12.610686672589281,0
lsa-coordinate-median-late20-seed42-20261004,19,4,fc1,l2,0.08671617582571814,0
lsa-coordinate-median-late20-seed42-20261004,19,4,fc1,max_abs,0.004836317151784897,0
lsa-coordinate-median-late20-seed42-20261004,19,4,fc1,sparsity,0.08922880815806246,0
lsa-coordinate-median-late20-seed42-20261004,19,4,fc1,skewness,0.46855962205171275,0
lsa-coordinate-median-late20-seed42-20261004,19,4,fc1,kurtosis,31.48346023544235,0
lsa-coordinate-median-late20-seed42-20261004,19,4,output,mean,-6.731044357785812e-10,0
lsa-coordinate-median-late20-seed42-20261004,19,4,output,std,0.0017095477238634285,0
lsa-coordinate-median-late20-seed42-20261004,19,4,output,median,0.0,0
lsa-coordinate-median-late20-seed42-20261004,19,4,output,min,-0.005765538662672043,0
lsa-coordinate-median-late20-seed42-20261004,19,4,output,max,0.005674004554748535,0
lsa-coordinate-median-late20-seed42-20261004,19,4,output,l1,0.7945174662454519,0
lsa-coordinate-median-late20-seed42-20261004,19,4,output,l2,0.04358508601699214,0
lsa-coordinate-median-late20-seed42-20261004,19,4,output,max_abs,0.005765538662672043,0
lsa-coordinate-median-late20-seed42-20261004,19,4,output,sparsity,0.06923076923076923,0
lsa-coordinate-median-late20-seed42-20261004,19,4,output,skewness,0.09613244859857442,0
lsa-coordinate-median-late20-seed42-20261004,19,4,output,kurtosis,0.9879032188575079,0
lsa-coordinate-median-late20-seed42-20261004,20,0,conv1,mean,0.0007435514700773638,1
lsa-coordinate-median-late20-seed42-20261004,20,0,conv1,std,0.0012195668372165154,1
lsa-coordinate-median-late20-seed42-20261004,20,0,conv1,median,0.00015562400221824646,1
lsa-coordinate-median-late20-seed42-20261004,20,0,conv1,min,-0.00043155252933502197,1
lsa-coordinate-median-late20-seed42-20261004,20,0,conv1,max,0.004877030849456787,1
lsa-coordinate-median-late20-seed42-20261004,20,0,conv1,l1,0.13294094160664827,1
lsa-coordinate-median-late20-seed42-20261004,20,0,conv1,l2,0.01806748265406115,1
lsa-coordinate-median-late20-seed42-20261004,20,0,conv1,max_abs,0.004877030849456787,1
lsa-coordinate-median-late20-seed42-20261004,20,0,conv1,sparsity,0.0,1
lsa-coordinate-median-late20-seed42-20261004,20,0,conv1,skewness,1.5881965267543097,1
lsa-coordinate-median-late20-seed42-20261004,20,0,conv1,kurtosis,1.5803574776150358,1
lsa-coordinate-median-late20-seed42-20261004,20,0,conv2,mean,5.250186513876543e-05,1
lsa-coordinate-median-late20-seed42-20261004,20,0,conv2,std,0.00032131007274078816,1
lsa-coordinate-median-late20-seed42-20261004,20,0,conv2,median,7.402151823043823e-06,1
lsa-coordinate-median-late20-seed42-20261004,20,0,conv2,min,-0.002243518829345703,1
lsa-coordinate-median-late20-seed42-20261004,20,0,conv2,max,0.002725958824157715,1
lsa-coordinate-median-late20-seed42-20261004,20,0,conv2,l1,0.7543791470379801,1
lsa-coordinate-median-late20-seed42-20261004,20,0,conv2,l2,0.022177111270657236,1
lsa-coordinate-median-late20-seed42-20261004,20,0,conv2,max_abs,0.002725958824157715,1
lsa-coordinate-median-late20-seed42-20261004,20,0,conv2,sparsity,0.0,1
lsa-coordinate-median-late20-seed42-20261004,20,0,conv2,skewness,1.5892081607075055,1
lsa-coordinate-median-late20-seed42-20261004,20,0,conv2,kurtosis,14.618833596244826,1
lsa-coordinate-median-late20-seed42-20261004,20,0,fc1,mean,-0.0001401341908125966,1
lsa-coordinate-median-late20-seed42-20261004,20,0,fc1,std,0.0009416996590225649,1
lsa-coordinate-median-late20-seed42-20261004,20,0,fc1,median,-7.3069240897893906e-06,1
lsa-coordinate-median-late20-seed42-20261004,20,0,fc1,min,-0.01959378272294998,1
lsa-coordinate-median-late20-seed42-20261004,20,0,fc1,max,0.015242212451994419,1
lsa-coordinate-median-late20-seed42-20261004,20,0,fc1,l1,37.73334898919802,1
lsa-coordinate-median-late20-seed42-20261004,20,0,fc1,l2,0.3016963062964388,1
lsa-coordinate-median-late20-seed42-20261004,20,0,fc1,max_abs,0.01959378272294998,1
lsa-coordinate-median-late20-seed42-20261004,20,0,fc1,sparsity,0.07679055130656469,1
lsa-coordinate-median-late20-seed42-20261004,20,0,fc1,skewness,-2.3551810352951703,1
lsa-coordinate-median-late20-seed42-20261004,20,0,fc1,kurtosis,49.203464063810735,1
lsa-coordinate-median-late20-seed42-20261004,20,0,output,mean,-2.2512932236378009e-10,1
lsa-coordinate-median-late20-seed42-20261004,20,0,output,std,0.005715115904104731,1
lsa-coordinate-median-late20-seed42-20261004,20,0,output,median,-0.0002682468621060252,1
lsa-coordinate-median-late20-seed42-20261004,20,0,output,min,-0.012150496244430542,1
lsa-coordinate-median-late20-seed42-20261004,20,0,output,max,0.048807550221681595,1
lsa-coordinate-median-late20-seed42-20261004,20,0,output,l1,1.7947557287989184,1
lsa-coordinate-median-late20-seed42-20261004,20,0,output,l2,0.1457074375873726,1
lsa-coordinate-median-late20-seed42-20261004,20,0,output,max_abs,0.048807550221681595,1
lsa-coordinate-median-late20-seed42-20261004,20,0,output,sparsity,0.05384615384615385,1
lsa-coordinate-median-late20-seed42-20261004,20,0,output,skewness,3.5923439858968527,1
lsa-coordinate-median-late20-seed42-20261004,20,0,output,kurtosis,18.679330212413124,1
lsa-coordinate-median-late20-seed42-20261004,20,1,conv1,mean,0.0007841682840080466,0
lsa-coordinate-median-late20-seed42-20261004,20,1,conv1,std,0.0012758985733167466,0
lsa-coordinate-median-late20-seed42-20261004,20,1,conv1,median,0.0001771189272403717,0
lsa-coordinate-median-late20-seed42-20261004,20,1,conv1,min,-0.0004753321409225464,0
lsa-coordinate-median-late20-seed42-20261004,20,1,conv1,max,0.0051787495613098145,0
lsa-coordinate-median-late20-seed42-20261004,20,1,conv1,l1,0.14010679500643164,0
lsa-coordinate-median-late20-seed42-20261004,20,1,conv1,l2,0.018943440308606393,0
lsa-coordinate-median-late20-seed42-20261004,20,1,conv1,max_abs,0.0051787495613098145,0
lsa-coordinate-median-late20-seed42-20261004,20,1,conv1,sparsity,0.0,0
lsa-coordinate-median-late20-seed42-20261004,20,1,conv1,skewness,1.5732948333614958,0
lsa-coordinate-median-late20-seed42-20261004,20,1,conv1,kurtosis,1.5516663589939288,0
lsa-coordinate-median-late20-seed42-20261004,20,1,conv2,mean,7.609430529806434e-05,0
lsa-coordinate-median-late20-seed42-20261004,20,1,conv2,std,0.0003329958351493586,0
lsa-coordinate-median-late20-seed42-20261004,20,1,conv2,median,1.6423873603343964e-05,0
lsa-coordinate-median-late20-seed42-20261004,20,1,conv2,min,-0.0017992332577705383,0
lsa-coordinate-median-late20-seed42-20261004,20,1,conv2,max,0.0027045607566833496,0
lsa-coordinate-median-late20-seed42-20261004,20,1,conv2,l1,0.7996986158832442,0
lsa-coordinate-median-late20-seed42-20261004,20,1,conv2,l2,0.023267558586986477,0
lsa-coordinate-median-late20-seed42-20261004,20,1,conv2,max_abs,0.0027045607566833496,0
lsa-coordinate-median-late20-seed42-20261004,20,1,conv2,sparsity,0.0,0
lsa-coordinate-median-late20-seed42-20261004,20,1,conv2,skewness,2.0849405843690523,0
lsa-coordinate-median-late20-seed42-20261004,20,1,conv2,kurtosis,13.212508688914049,0
lsa-coordinate-median-late20-seed42-20261004,20,1,fc1,mean,3.8812672444689934e-06,0
lsa-coordinate-median-late20-seed42-20261004,20,1,fc1,std,0.00020355871223795086,0
lsa-coordinate-median-late20-seed42-20261004,20,1,fc1,median,0.0,0
lsa-coordinate-median-late20-seed42-20261004,20,1,fc1,min,-0.003065788187086582,0
lsa-coordinate-median-late20-seed42-20261004,20,1,fc1,max,0.0026914365589618683,0
lsa-coordinate-median-late20-seed42-20261004,20,1,fc1,l1,10.053218955078819,0
lsa-coordinate-median-late20-seed42-20261004,20,1,fc1,l2,0.06451639373974619,0
lsa-coordinate-median-late20-seed42-20261004,20,1,fc1,max_abs,0.003065788187086582,0
lsa-coordinate-median-late20-seed42-20261004,20,1,fc1,sparsity,0.08237731038878267,0
lsa-coordinate-median-late20-seed42-20261004,20,1,fc1,skewness,0.3161330651795735,0
lsa-coordinate-median-late20-seed42-20261004,20,1,fc1,kurtosis,19.642897725213526,0
lsa-coordinate-median-late20-seed42-20261004,20,1,output,mean,-6.585525205502143e-10,0
lsa-coordinate-median-late20-seed42-20261004,20,1,output,std,0.001226657211340328,0
lsa-coordinate-median-late20-seed42-20261004,20,1,output,median,-2.66998540610075e-07,0
lsa-coordinate-median-late20-seed42-20261004,20,1,output,min,-0.003703296184539795,0
lsa-coordinate-median-late20-seed42-20261004,20,1,output,max,0.006343722343444824,0
lsa-coordinate-median-late20-seed42-20261004,20,1,output,l1,0.5486516336677596,0
lsa-coordinate-median-late20-seed42-20261004,20,1,output,l2,0.03127374528557272,0
lsa-coordinate-median-late20-seed42-20261004,20,1,output,max_abs,0.006343722343444824,0
lsa-coordinate-median-late20-seed42-20261004,20,1,output,sparsity,0.06461538461538462,0
lsa-coordinate-median-late20-seed42-20261004,20,1,output,skewness,0.8236444888022687,0
lsa-coordinate-median-late20-seed42-20261004,20,1,output,kurtosis,2.3785524138140364,0
lsa-coordinate-median-late20-seed42-20261004,20,2,conv1,mean,0.0006241124727239366,0
lsa-coordinate-median-late20-seed42-20261004,20,2,conv1,std,0.0011218679823474665,0
lsa-coordinate-median-late20-seed42-20261004,20,2,conv1,median,0.00013329088687896729,0
lsa-coordinate-median-late20-seed42-20261004,20,2,conv1,min,-0.000560268759727478,0
lsa-coordinate-median-late20-seed42-20261004,20,2,conv1,max,0.004282236099243164,0
lsa-coordinate-median-late20-seed42-20261004,20,2,conv1,l1,0.12001593469176441,0
lsa-coordinate-median-late20-seed42-20261004,20,2,conv1,l2,0.016238739598508065,0
lsa-coordinate-median-late20-seed42-20261004,20,2,conv1,max_abs,0.004282236099243164,0
lsa-coordinate-median-late20-seed42-20261004,20,2,conv1,sparsity,0.0,0
lsa-coordinate-median-late20-seed42-20261004,20,2,conv1,skewness,1.6594415769999487,0
lsa-coordinate-median-late20-seed42-20261004,20,2,conv1,kurtosis,1.9560991968783172,0
lsa-coordinate-median-late20-seed42-20261004,20,2,conv2,mean,3.098069022489026e-05,0
lsa-coordinate-median-late20-seed42-20261004,20,2,conv2,std,0.0003422341853171022,0
lsa-coordinate-median-late20-seed42-20261004,20,2,conv2,median,3.905966877937317e-06,0
lsa-coordinate-median-late20-seed42-20261004,20,2,conv2,min,-0.0026071742177009583,0
lsa-coordinate-median-late20-seed42-20261004,20,2,conv2,max,0.0030148476362228394,0
lsa-coordinate-median-late20-seed42-20261004,20,2,conv2,l1,0.8250456447021861,0
lsa-coordinate-median-late20-seed42-20261004,20,2,conv2,l2,0.02340747635172204,0
lsa-coordinate-median-late20-seed42-20261004,20,2,conv2,max_abs,0.0030148476362228394,0
lsa-coordinate-median-late20-seed42-20261004,20,2,conv2,sparsity,0.0,0
lsa-coordinate-median-late20-seed42-20261004,20,2,conv2,skewness,0.5761630545774561,0
lsa-coordinate-median-late20-seed42-20261004,20,2,conv2,kurtosis,14.584713448553373,0
lsa-coordinate-median-late20-seed42-20261004,20,2,fc1,mean,6.176093536361654e-06,0
lsa-coordinate-median-late20-seed42-20261004,20,2,fc1,std,0.0002925040199528662,0
lsa-coordinate-median-late20-seed42-20261004,20,2,fc1,median,0.0,0
lsa-coordinate-median-late20-seed42-20261004,20,2,fc1,min,-0.0051447004079818726,0
lsa-coordinate-median-late20-seed42-20261004,20,2,fc1,max,0.005503937602043152,0
lsa-coordinate-median-late20-seed42-20261004,20,2,fc1,l1,13.419424087802156,0
lsa-coordinate-median-late20-seed42-20261004,20,2,fc1,l2,0.09271074818087041,0
lsa-coordinate-median-late20-seed42-20261004,20,2,fc1,max_abs,0.005503937602043152,0
lsa-coordinate-median-late20-seed42-20261004,20,2,fc1,sparsity,0.09166865838113449,0
lsa-coordinate-median-late20-seed42-20261004,20,2,fc1,skewness,-0.13644133523901364,0
lsa-coordinate-median-late20-seed42-20261004,20,2,fc1,kurtosis,28.147471843935257,0
lsa-coordinate-median-late20-seed42-20261004,20,2,output,mean,5.115110140580397e-10,0
lsa-coordinate-median-late20-seed42-20261004,20,2,output,std,0.0016317984505403206,0
lsa-coordinate-median-late20-seed42-20261004,20,2,output,median,-2.4139881134033203e-06,0
lsa-coordinate-median-late20-seed42-20261004,20,2,output,min,-0.00488106906414032,0
lsa-coordinate-median-late20-seed42-20261004,20,2,output,max,0.008290737867355347,0
lsa-coordinate-median-late20-seed42-20261004,20,2,output,l1,0.7228034643922001,0
lsa-coordinate-median-late20-seed42-20261004,20,2,output,l2,0.04160286070777987,0
lsa-coordinate-median-late20-seed42-20261004,20,2,output,max_abs,0.008290737867355347,0
lsa-coordinate-median-late20-seed42-20261004,20,2,output,sparsity,0.07384615384615385,0
lsa-coordinate-median-late20-seed42-20261004,20,2,output,skewness,0.9801757681971874,0
lsa-coordinate-median-late20-seed42-20261004,20,2,output,kurtosis,2.5030064194607693,0
lsa-coordinate-median-late20-seed42-20261004,20,3,conv1,mean,0.0007478005682060029,0
lsa-coordinate-median-late20-seed42-20261004,20,3,conv1,std,0.0011945942219376542,0
lsa-coordinate-median-late20-seed42-20261004,20,3,conv1,median,0.00014278292655944824,0
lsa-coordinate-median-late20-seed42-20261004,20,3,conv1,min,-0.0004774928092956543,0
lsa-coordinate-median-late20-seed42-20261004,20,3,conv1,max,0.0046234130859375,0
lsa-coordinate-median-late20-seed42-20261004,20,3,conv1,l1,0.13238432502839714,0
lsa-coordinate-median-late20-seed42-20261004,20,3,conv1,l2,0.017826995461472695,0
lsa-coordinate-median-late20-seed42-20261004,20,3,conv1,max_abs,0.0046234130859375,0
lsa-coordinate-median-late20-seed42-20261004,20,3,conv1,sparsity,0.0,0
lsa-coordinate-median-late20-seed42-20261004,20,3,conv1,skewness,1.5847251028055238,0
lsa-coordinate-median-late20-seed42-20261004,20,3,conv1,kurtosis,1.6207480056805945,0
lsa-coordinate-median-late20-seed42-20261004,20,3,conv2,mean,5.539030076479008e-05,0
lsa-coordinate-median-late20-seed42-20261004,20,3,conv2,std,0.0003445446317200937,0
lsa-coordinate-median-late20-seed42-20261004,20,3,conv2,median,5.541369318962097e-06,0
lsa-coordinate-median-late20-seed42-20261004,20,3,conv2,min,-0.002328649163246155,0
lsa-coordinate-median-late20-seed42-20261004,20,3,conv2,max,0.002827569842338562,0
lsa-coordinate-median-late20-seed42-20261004,20,3,conv2,l1,0.8219672585473745,0
lsa-coordinate-median-late20-seed42-20261004,20,3,conv2,l2,0.02377088495218474,0
lsa-coordinate-median-late20-seed42-20261004,20,3,conv2,max_abs,0.002827569842338562,0
lsa-coordinate-median-late20-seed42-20261004,20,3,conv2,sparsity,0.0,0
lsa-coordinate-median-late20-seed42-20261004,20,3,conv2,skewness,1.357520553567199,0
lsa-coordinate-median-late20-seed42-20261004,20,3,conv2,kurtosis,12.548634739069534,0
lsa-coordinate-median-late20-seed42-20261004,20,3,fc1,mean,-4.010348673201539e-06,0
lsa-coordinate-median-late20-seed42-20261004,20,3,fc1,std,0.0002319670159376788,0
lsa-coordinate-median-late20-seed42-20261004,20,3,fc1,median,0.0,0
lsa-coordinate-median-late20-seed42-20261004,20,3,fc1,min,-0.005070343613624573,0
lsa-coordinate-median-late20-seed42-20261004,20,3,fc1,max,0.004100593738257885,0
lsa-coordinate-median-late20-seed42-20261004,20,3,fc1,l1,10.640915561124643,0
lsa-coordinate-median-late20-seed42-20261004,20,3,fc1,l2,0.07351781448175045,0
lsa-coordinate-median-late20-seed42-20261004,20,3,fc1,max_abs,0.005070343613624573,0
lsa-coordinate-median-late20-seed42-20261004,20,3,fc1,sparsity,0.0935209528362014,0
lsa-coordinate-median-late20-seed42-20261004,20,3,fc1,skewness,-0.7149064288276696,0
lsa-coordinate-median-late20-seed42-20261004,20,3,fc1,kurtosis,35.465363442228416,0
lsa-coordinate-median-late20-seed42-20261004,20,3,output,mean,-3.8005125064116256e-10,0
lsa-coordinate-median-late20-seed42-20261004,20,3,output,std,0.0013853425602986837,0
lsa-coordinate-median-late20-seed42-20261004,20,3,output,median,-7.916241884231567e-09,0
lsa-coordinate-median-late20-seed42-20261004,20,3,output,min,-0.006178803741931915,0
lsa-coordinate-median-late20-seed42-20261004,20,3,output,max,0.004791440442204475,0
lsa-coordinate-median-late20-seed42-20261004,20,3,output,l1,0.614521462470293,0
lsa-coordinate-median-late20-seed42-20261004,20,3,output,l2,0.03531944373986922,0
lsa-coordinate-median-late20-seed42-20261004,20,3,output,max_abs,0.006178803741931915,0
lsa-coordinate-median-late20-seed42-20261004,20,3,output,sparsity,0.07692307692307693,0
lsa-coordinate-median-late20-seed42-20261004,20,3,output,skewness,-0.221847202013525,0
lsa-coordinate-median-late20-seed42-20261004,20,3,output,kurtosis,1.9645399432457502,0
lsa-coordinate-median-late20-seed42-20261004,20,4,conv1,mean,0.0008181266406609211,0
lsa-coordinate-median-late20-seed42-20261004,20,4,conv1,std,0.0013355510204123564,0
lsa-coordinate-median-late20-seed42-20261004,20,4,conv1,median,0.00015550106763839722,0
lsa-coordinate-median-late20-seed42-20261004,20,4,conv1,min,-0.0006027817726135254,0
lsa-coordinate-median-late20-seed42-20261004,20,4,conv1,max,0.005423843860626221,0
lsa-coordinate-median-late20-seed42-20261004,20,4,conv1,l1,0.1441857268800959,0
lsa-coordinate-median-late20-seed42-20261004,20,4,conv1,l2,0.019811219965599737,0
lsa-coordinate-median-late20-seed42-20261004,20,4,conv1,max_abs,0.005423843860626221,0
lsa-coordinate-median-late20-seed42-20261004,20,4,conv1,sparsity,0.0,0
lsa-coordinate-median-late20-seed42-20261004,20,4,conv1,skewness,1.6156575663158113,0
lsa-coordinate-median-late20-seed42-20261004,20,4,conv1,kurtosis,1.6841088259607782,0
lsa-coordinate-median-late20-seed42-20261004,20,4,conv2,mean,4.754221212790761e-05,0
lsa-coordinate-median-late20-seed42-20261004,20,4,conv2,std,0.00036695082300042383,0
lsa-coordinate-median-late20-seed42-20261004,20,4,conv2,median,1.3485550880432129e-06,0
lsa-coordinate-median-late20-seed42-20261004,20,4,conv2,min,-0.002308189868927002,0
lsa-coordinate-median-late20-seed42-20261004,20,4,conv2,max,0.0038956105709075928,0
lsa-coordinate-median-late20-seed42-20261004,20,4,conv2,l1,0.8481663953716634,0
lsa-coordinate-median-late20-seed42-20261004,20,4,conv2,l2,0.025204703956543974,0
lsa-coordinate-median-late20-seed42-20261004,20,4,conv2,max_abs,0.0038956105709075928,0
lsa-coordinate-median-late20-seed42-20261004,20,4,conv2,sparsity,0.0,0
lsa-coordinate-median-late20-seed42-20261004,20,4,conv2,skewness,2.478903886379428,0
lsa-coordinate-median-late20-seed42-20261004,20,4,conv2,kurtosis,19.652982806535288,0
lsa-coordinate-median-late20-seed42-20261004,20,4,fc1,mean,6.154012201092502e-06,0
lsa-coordinate-median-late20-seed42-20261004,20,4,fc1,std,0.0002671409349135236,0
lsa-coordinate-median-late20-seed42-20261004,20,4,fc1,median,0.0,0
lsa-coordinate-median-late20-seed42-20261004,20,4,fc1,min,-0.004821054637432098,0
lsa-coordinate-median-late20-seed42-20261004,20,4,fc1,max,0.004343315958976746,0
lsa-coordinate-median-late20-seed42-20261004,20,4,fc1,l1,12.329541039486003,0
lsa-coordinate-median-late20-seed42-20261004,20,4,fc1,l2,0.08467537063437564,0
lsa-coordinate-median-late20-seed42-20261004,20,4,fc1,max_abs,0.004821054637432098,0
lsa-coordinate-median-late20-seed42-20261004,20,4,fc1,sparsity,0.0889898024219248,0
lsa-coordinate-median-late20-seed42-20261004,20,4,fc1,skewness,0.45104346951257135,0
lsa-coordinate-median-late20-seed42-20261004,20,4,fc1,kurtosis,31.27222895404808,0
lsa-coordinate-median-late20-seed42-20261004,20,4,output,mean,3.7423048454981584e-10,0
lsa-coordinate-median-late20-seed42-20261004,20,4,output,std,0.00162695259870512,0
lsa-coordinate-median-late20-seed42-20261004,20,4,output,median,0.0,0
lsa-coordinate-median-late20-seed42-20261004,20,4,output,min,-0.005576249212026596,0
lsa-coordinate-median-late20-seed42-20261004,20,4,output,max,0.005457565188407898,0
lsa-coordinate-median-late20-seed42-20261004,20,4,output,l1,0.7577633129549213,0
lsa-coordinate-median-late20-seed42-20261004,20,4,output,l2,0.04147931524244059,0
lsa-coordinate-median-late20-seed42-20261004,20,4,output,max_abs,0.005576249212026596,0
lsa-coordinate-median-late20-seed42-20261004,20,4,output,sparsity,0.07384615384615385,0
lsa-coordinate-median-late20-seed42-20261004,20,4,output,skewness,0.08146520571570069,0
lsa-coordinate-median-late20-seed42-20261004,20,4,output,kurtosis,1.0023089849756932,0
