experiment_id,round,client_id,layer_name,feature_name,feature_value,ground_truth
fedavg-mnist-iid-reference-seed21-20261004,1,0,conv1,mean,0.00021492535415745806,0
fedavg-mnist-iid-reference-seed21-20261004,1,0,conv1,std,0.00040322028956827233,0
fedavg-mnist-iid-reference-seed21-20261004,1,0,conv1,median,0.00019524246454238892,0
fedavg-mnist-iid-reference-seed21-20261004,1,0,conv1,min,-0.0009605139493942261,0
fedavg-mnist-iid-reference-seed21-20261004,1,0,conv1,max,0.0015391707420349121,0
fedavg-mnist-iid-reference-seed21-20261004,1,0,conv1,l1,0.055752745538484305,0
fedavg-mnist-iid-reference-seed21-20261004,1,0,conv1,l2,0.005779681787492875,0
fedavg-mnist-iid-reference-seed21-20261004,1,0,conv1,max_abs,0.0015391707420349121,0
fedavg-mnist-iid-reference-seed21-20261004,1,0,conv1,sparsity,0.0,0
fedavg-mnist-iid-reference-seed21-20261004,1,0,conv1,skewness,0.19571341241559506,0
fedavg-mnist-iid-reference-seed21-20261004,1,0,conv1,kurtosis,0.5985252422195666,0
fedavg-mnist-iid-reference-seed21-20261004,1,0,conv2,mean,6.773576156943222e-05,0
fedavg-mnist-iid-reference-seed21-20261004,1,0,conv2,std,0.0003699495141012027,0
fedavg-mnist-iid-reference-seed21-20261004,1,0,conv2,median,1.2248463463038206e-05,0
fedavg-mnist-iid-reference-seed21-20261004,1,0,conv2,min,-0.0015685111284255981,0
fedavg-mnist-iid-reference-seed21-20261004,1,0,conv2,max,0.0020016133785247803,0
fedavg-mnist-iid-reference-seed21-20261004,1,0,conv2,l1,1.1791047723681913,0
fedavg-mnist-iid-reference-seed21-20261004,1,0,conv2,l2,0.025618969581133747,0
fedavg-mnist-iid-reference-seed21-20261004,1,0,conv2,max_abs,0.0020016133785247803,0
fedavg-mnist-iid-reference-seed21-20261004,1,0,conv2,sparsity,0.0,0
fedavg-mnist-iid-reference-seed21-20261004,1,0,conv2,skewness,0.7152780660779585,0
fedavg-mnist-iid-reference-seed21-20261004,1,0,conv2,kurtosis,2.783874925046648,0
fedavg-mnist-iid-reference-seed21-20261004,1,0,fc1,mean,2.0420548475869242e-05,0
fedavg-mnist-iid-reference-seed21-20261004,1,0,fc1,std,0.00030072552323484283,0
fedavg-mnist-iid-reference-seed21-20261004,1,0,fc1,median,0.0,0
fedavg-mnist-iid-reference-seed21-20261004,1,0,fc1,min,-0.004321298096328974,0
fedavg-mnist-iid-reference-seed21-20261004,1,0,fc1,max,0.0036386121064424515,0
fedavg-mnist-iid-reference-seed21-20261004,1,0,fc1,l1,14.21222685106568,0
fedavg-mnist-iid-reference-seed21-20261004,1,0,fc1,l2,0.09551480876580605,0
fedavg-mnist-iid-reference-seed21-20261004,1,0,fc1,max_abs,0.004321298096328974,0
fedavg-mnist-iid-reference-seed21-20261004,1,0,fc1,sparsity,0.12020992670490759,0
fedavg-mnist-iid-reference-seed21-20261004,1,0,fc1,skewness,0.7191643527267635,0
fedavg-mnist-iid-reference-seed21-20261004,1,0,fc1,kurtosis,16.217873339992067,0
fedavg-mnist-iid-reference-seed21-20261004,1,0,output,mean,-1.014436398131343e-10,0
fedavg-mnist-iid-reference-seed21-20261004,1,0,output,std,0.0007203370296944096,0
fedavg-mnist-iid-reference-seed21-20261004,1,0,output,median,-4.2673200368881226e-06,0
fedavg-mnist-iid-reference-seed21-20261004,1,0,output,min,-0.004171872511506081,0
fedavg-mnist-iid-reference-seed21-20261004,1,0,output,max,0.004754900932312012,0
fedavg-mnist-iid-reference-seed21-20261004,1,0,output,l1,0.27257218757949886,0
fedavg-mnist-iid-reference-seed21-20261004,1,0,output,l2,0.01836506285387648,0
fedavg-mnist-iid-reference-seed21-20261004,1,0,output,max_abs,0.004754900932312012,0
fedavg-mnist-iid-reference-seed21-20261004,1,0,output,sparsity,0.07692307692307693,0
fedavg-mnist-iid-reference-seed21-20261004,1,0,output,skewness,0.8378210603916839,0
fedavg-mnist-iid-reference-seed21-20261004,1,0,output,kurtosis,7.447289412242739,0
fedavg-mnist-iid-reference-seed21-20261004,1,1,conv1,mean,0.00021607552262139506,0
fedavg-mnist-iid-reference-seed21-20261004,1,1,conv1,std,0.00042662179107042387,0
fedavg-mnist-iid-reference-seed21-20261004,1,1,conv1,median,0.00018816255033016205,0
fedavg-mnist-iid-reference-seed21-20261004,1,1,conv1,min,-0.0009504705667495728,0
fedavg-mnist-iid-reference-seed21-20261004,1,1,conv1,max,0.0012366175651550293,0
fedavg-mnist-iid-reference-seed21-20261004,1,1,conv1,l1,0.059701364603824914,0
fedavg-mnist-iid-reference-seed21-20261004,1,1,conv1,l2,0.006049063188193629,0
fedavg-mnist-iid-reference-seed21-20261004,1,1,conv1,max_abs,0.0012366175651550293,0
fedavg-mnist-iid-reference-seed21-20261004,1,1,conv1,sparsity,0.0,0
fedavg-mnist-iid-reference-seed21-20261004,1,1,conv1,skewness,-0.1424804289741448,0
fedavg-mnist-iid-reference-seed21-20261004,1,1,conv1,kurtosis,0.19556264571368276,0
fedavg-mnist-iid-reference-seed21-20261004,1,1,conv2,mean,5.3699168330271714e-05,0
fedavg-mnist-iid-reference-seed21-20261004,1,1,conv2,std,0.00032382067085576596,0
fedavg-mnist-iid-reference-seed21-20261004,1,1,conv2,median,1.2069940567016602e-05,0
fedavg-mnist-iid-reference-seed21-20261004,1,1,conv2,min,-0.0014350712299346924,0
fedavg-mnist-iid-reference-seed21-20261004,1,1,conv2,max,0.001982342451810837,0
fedavg-mnist-iid-reference-seed21-20261004,1,1,conv2,l1,1.0598899426040589,0
fedavg-mnist-iid-reference-seed21-20261004,1,1,conv2,l2,0.022359103377487727,0
fedavg-mnist-iid-reference-seed21-20261004,1,1,conv2,max_abs,0.001982342451810837,0
fedavg-mnist-iid-reference-seed21-20261004,1,1,conv2,sparsity,0.0,0
fedavg-mnist-iid-reference-seed21-20261004,1,1,conv2,skewness,0.7141248968723414,0
fedavg-mnist-iid-reference-seed21-20261004,1,1,conv2,kurtosis,2.712399297419867,0
fedavg-mnist-iid-reference-seed21-20261004,1,1,fc1,mean,1.62564733773335e-05,0
fedavg-mnist-iid-reference-seed21-20261004,1,1,fc1,std,0.0002727962611733388,0
fedavg-mnist-iid-reference-seed21-20261004,1,1,fc1,median,0.0,0
fedavg-mnist-iid-reference-seed21-20261004,1,1,fc1,min,-0.0035373391583561897,0
fedavg-mnist-iid-reference-seed21-20261004,1,1,fc1,max,0.0037959567271173,0
fedavg-mnist-iid-reference-seed21-20261004,1,1,fc1,l1,12.863903626489446,0
fedavg-mnist-iid-reference-seed21-20261004,1,1,fc1,l2,0.08659835475380212,0
fedavg-mnist-iid-reference-seed21-20261004,1,1,fc1,max_abs,0.0037959567271173,0
fedavg-mnist-iid-reference-seed21-20261004,1,1,fc1,sparsity,0.11900493945188018,0
fedavg-mnist-iid-reference-seed21-20261004,1,1,fc1,skewness,0.8109515021080584,0
fedavg-mnist-iid-reference-seed21-20261004,1,1,fc1,kurtosis,18.40346191955923,0
fedavg-mnist-iid-reference-seed21-20261004,1,1,output,mean,-2.806280882885823e-10,0
fedavg-mnist-iid-reference-seed21-20261004,1,1,output,std,0.00067739036391401,0
fedavg-mnist-iid-reference-seed21-20261004,1,1,output,median,-6.0070306062698364e-06,0
fedavg-mnist-iid-reference-seed21-20261004,1,1,output,min,-0.0031392276287078857,0
fedavg-mnist-iid-reference-seed21-20261004,1,1,output,max,0.0031963586807250977,0
fedavg-mnist-iid-reference-seed21-20261004,1,1,output,l1,0.2613243992527714,0
fedavg-mnist-iid-reference-seed21-20261004,1,1,output,l2,0.017270133419587757,0
fedavg-mnist-iid-reference-seed21-20261004,1,1,output,max_abs,0.0031963586807250977,0
fedavg-mnist-iid-reference-seed21-20261004,1,1,output,sparsity,0.07692307692307693,0
fedavg-mnist-iid-reference-seed21-20261004,1,1,output,skewness,0.25662408625177824,0
fedavg-mnist-iid-reference-seed21-20261004,1,1,output,kurtosis,5.1033879030384135,0
fedavg-mnist-iid-reference-seed21-20261004,1,2,conv1,mean,0.00022393895087589045,0
fedavg-mnist-iid-reference-seed21-20261004,1,2,conv1,std,0.0004281419614020454,0
fedavg-mnist-iid-reference-seed21-20261004,1,2,conv1,median,0.0002072751522064209,0
fedavg-mnist-iid-reference-seed21-20261004,1,2,conv1,min,-0.0008973181247711182,0
fedavg-mnist-iid-reference-seed21-20261004,1,2,conv1,max,0.0013575553894042969,0
fedavg-mnist-iid-reference-seed21-20261004,1,2,conv1,l1,0.06043091305764392,0
fedavg-mnist-iid-reference-seed21-20261004,1,2,conv1,l2,0.006111683144045804,0
fedavg-mnist-iid-reference-seed21-20261004,1,2,conv1,max_abs,0.0013575553894042969,0
fedavg-mnist-iid-reference-seed21-20261004,1,2,conv1,sparsity,0.0,0
fedavg-mnist-iid-reference-seed21-20261004,1,2,conv1,skewness,0.0986864698646981,0
fedavg-mnist-iid-reference-seed21-20261004,1,2,conv1,kurtosis,0.31563423415424374,0
fedavg-mnist-iid-reference-seed21-20261004,1,2,conv2,mean,5.990535076479914e-05,0
fedavg-mnist-iid-reference-seed21-20261004,1,2,conv2,std,0.0003369278098140543,0
fedavg-mnist-iid-reference-seed21-20261004,1,2,conv2,median,1.944415271282196e-05,0
fedavg-mnist-iid-reference-seed21-20261004,1,2,conv2,min,-0.0015193969011306763,0
fedavg-mnist-iid-reference-seed21-20261004,1,2,conv2,max,0.0020055919885635376,0
fedavg-mnist-iid-reference-seed21-20261004,1,2,conv2,l1,1.0940834292232466,0
fedavg-mnist-iid-reference-seed21-20261004,1,2,conv2,l2,0.023310636206553006,0
fedavg-mnist-iid-reference-seed21-20261004,1,2,conv2,max_abs,0.0020055919885635376,0
fedavg-mnist-iid-reference-seed21-20261004,1,2,conv2,sparsity,0.0,0
fedavg-mnist-iid-reference-seed21-20261004,1,2,conv2,skewness,0.7837886166863219,0
fedavg-mnist-iid-reference-seed21-20261004,1,2,conv2,kurtosis,3.186706965018651,0
fedavg-mnist-iid-reference-seed21-20261004,1,2,fc1,mean,6.485969677909834e-06,0
fedavg-mnist-iid-reference-seed21-20261004,1,2,fc1,std,0.00032010497991679743,0
fedavg-mnist-iid-reference-seed21-20261004,1,2,fc1,median,0.0,0
fedavg-mnist-iid-reference-seed21-20261004,1,2,fc1,min,-0.00393260084092617,0
fedavg-mnist-iid-reference-seed21-20261004,1,2,fc1,max,0.005201127380132675,0
fedavg-mnist-iid-reference-seed21-20261004,1,2,fc1,l1,14.820788975871437,0
fedavg-mnist-iid-reference-seed21-20261004,1,2,fc1,l2,0.10145723459499183,0
fedavg-mnist-iid-reference-seed21-20261004,1,2,fc1,max_abs,0.005201127380132675,0
fedavg-mnist-iid-reference-seed21-20261004,1,2,fc1,sparsity,0.11006214149139579,0
fedavg-mnist-iid-reference-seed21-20261004,1,2,fc1,skewness,0.8945556848766767,0
fedavg-mnist-iid-reference-seed21-20261004,1,2,fc1,kurtosis,21.409487334938905,0
fedavg-mnist-iid-reference-seed21-20261004,1,2,output,mean,3.012106530010127e-10,0
fedavg-mnist-iid-reference-seed21-20261004,1,2,output,std,0.0007740507925917598,0
fedavg-mnist-iid-reference-seed21-20261004,1,2,output,median,-3.829598426818848e-06,0
fedavg-mnist-iid-reference-seed21-20261004,1,2,output,min,-0.003637649118900299,0
fedavg-mnist-iid-reference-seed21-20261004,1,2,output,max,0.004829190671443939,0
fedavg-mnist-iid-reference-seed21-20261004,1,2,output,l1,0.28486260604950076,0
fedavg-mnist-iid-reference-seed21-20261004,1,2,output,l2,0.01973450047968822,0
fedavg-mnist-iid-reference-seed21-20261004,1,2,output,max_abs,0.004829190671443939,0
fedavg-mnist-iid-reference-seed21-20261004,1,2,output,sparsity,0.06153846153846154,0
fedavg-mnist-iid-reference-seed21-20261004,1,2,output,skewness,1.2796590190698598,0
fedavg-mnist-iid-reference-seed21-20261004,1,2,output,kurtosis,7.473217914796621,0
fedavg-mnist-iid-reference-seed21-20261004,1,3,conv1,mean,0.0002451979336910881,0
fedavg-mnist-iid-reference-seed21-20261004,1,3,conv1,std,0.0005163344138949725,0
fedavg-mnist-iid-reference-seed21-20261004,1,3,conv1,median,0.00015633553266525269,0
fedavg-mnist-iid-reference-seed21-20261004,1,3,conv1,min,-0.0012910664081573486,0
fedavg-mnist-iid-reference-seed21-20261004,1,3,conv1,max,0.001748114824295044,0
fedavg-mnist-iid-reference-seed21-20261004,1,3,conv1,l1,0.06763069541193545,0
fedavg-mnist-iid-reference-seed21-20261004,1,3,conv1,l2,0.00723019505859856,0
fedavg-mnist-iid-reference-seed21-20261004,1,3,conv1,max_abs,0.001748114824295044,0
fedavg-mnist-iid-reference-seed21-20261004,1,3,conv1,sparsity,0.0,0
fedavg-mnist-iid-reference-seed21-20261004,1,3,conv1,skewness,0.015905719859038034,0
fedavg-mnist-iid-reference-seed21-20261004,1,3,conv1,kurtosis,0.7090864406710078,0
fedavg-mnist-iid-reference-seed21-20261004,1,3,conv2,mean,8.597774990389867e-05,0
fedavg-mnist-iid-reference-seed21-20261004,1,3,conv2,std,0.0003769259907047778,0
fedavg-mnist-iid-reference-seed21-20261004,1,3,conv2,median,2.3987144231796265e-05,0
fedavg-mnist-iid-reference-seed21-20261004,1,3,conv2,min,-0.0014839358627796173,0
fedavg-mnist-iid-reference-seed21-20261004,1,3,conv2,max,0.0028519630432128906,0
fedavg-mnist-iid-reference-seed21-20261004,1,3,conv2,l1,1.2317369176698776,0
fedavg-mnist-iid-reference-seed21-20261004,1,3,conv2,l2,0.0263347554459035,0
fedavg-mnist-iid-reference-seed21-20261004,1,3,conv2,max_abs,0.0028519630432128906,0
fedavg-mnist-iid-reference-seed21-20261004,1,3,conv2,sparsity,0.0,0
fedavg-mnist-iid-reference-seed21-20261004,1,3,conv2,skewness,0.9733704646765182,0
fedavg-mnist-iid-reference-seed21-20261004,1,3,conv2,kurtosis,3.5093451880069946,0
fedavg-mnist-iid-reference-seed21-20261004,1,3,fc1,mean,3.403670557970077e-05,0
fedavg-mnist-iid-reference-seed21-20261004,1,3,fc1,std,0.00029358747360261654,0
fedavg-mnist-iid-reference-seed21-20261004,1,3,fc1,median,0.0,0
fedavg-mnist-iid-reference-seed21-20261004,1,3,fc1,min,-0.003903730772435665,0
fedavg-mnist-iid-reference-seed21-20261004,1,3,fc1,max,0.003745119087398052,0
fedavg-mnist-iid-reference-seed21-20261004,1,3,fc1,l1,13.695116926231776,0
fedavg-mnist-iid-reference-seed21-20261004,1,3,fc1,l2,0.09365654634211959,0
fedavg-mnist-iid-reference-seed21-20261004,1,3,fc1,max_abs,0.003903730772435665,0
fedavg-mnist-iid-reference-seed21-20261004,1,3,fc1,sparsity,0.12230122689611217,0
fedavg-mnist-iid-reference-seed21-20261004,1,3,fc1,skewness,1.6927016680386384,0
fedavg-mnist-iid-reference-seed21-20261004,1,3,fc1,kurtosis,18.492335635321183,0
fedavg-mnist-iid-reference-seed21-20261004,1,3,output,mean,-4.188712829580674e-11,0
fedavg-mnist-iid-reference-seed21-20261004,1,3,output,std,0.000734882030233563,0
fedavg-mnist-iid-reference-seed21-20261004,1,3,output,median,-9.890645742416382e-06,0
fedavg-mnist-iid-reference-seed21-20261004,1,3,output,min,-0.003344707190990448,0
fedavg-mnist-iid-reference-seed21-20261004,1,3,output,max,0.006507568061351776,0
fedavg-mnist-iid-reference-seed21-20261004,1,3,output,l1,0.2749221317935735,0
fedavg-mnist-iid-reference-seed21-20261004,1,3,output,l2,0.018735889061748133,0
fedavg-mnist-iid-reference-seed21-20261004,1,3,output,max_abs,0.006507568061351776,0
fedavg-mnist-iid-reference-seed21-20261004,1,3,output,sparsity,0.07692307692307693,0
fedavg-mnist-iid-reference-seed21-20261004,1,3,output,skewness,1.4178578660880048,0
fedavg-mnist-iid-reference-seed21-20261004,1,3,output,kurtosis,12.970624692059644,0
fedavg-mnist-iid-reference-seed21-20261004,1,4,conv1,mean,0.00019064881635131315,0
fedavg-mnist-iid-reference-seed21-20261004,1,4,conv1,std,0.000395322011963634,0
fedavg-mnist-iid-reference-seed21-20261004,1,4,conv1,median,0.00012873858213424683,0
fedavg-mnist-iid-reference-seed21-20261004,1,4,conv1,min,-0.0009790360927581787,0
fedavg-mnist-iid-reference-seed21-20261004,1,4,conv1,max,0.0013042986392974854,0
fedavg-mnist-iid-reference-seed21-20261004,1,4,conv1,l1,0.05364559520967305,0
fedavg-mnist-iid-reference-seed21-20261004,1,4,conv1,l2,0.005551597453982157,0
fedavg-mnist-iid-reference-seed21-20261004,1,4,conv1,max_abs,0.0013042986392974854,0
fedavg-mnist-iid-reference-seed21-20261004,1,4,conv1,sparsity,0.0,0
fedavg-mnist-iid-reference-seed21-20261004,1,4,conv1,skewness,0.13332452174095774,0
fedavg-mnist-iid-reference-seed21-20261004,1,4,conv1,kurtosis,0.15268448661764067,0
fedavg-mnist-iid-reference-seed21-20261004,1,4,conv2,mean,6.822687560715763e-05,0
fedavg-mnist-iid-reference-seed21-20261004,1,4,conv2,std,0.00031594258098799333,0
fedavg-mnist-iid-reference-seed21-20261004,1,4,conv2,median,1.7408281564712524e-05,0
fedavg-mnist-iid-reference-seed21-20261004,1,4,conv2,min,-0.0015188679099082947,0
fedavg-mnist-iid-reference-seed21-20261004,1,4,conv2,max,0.0017674118280410767,0
fedavg-mnist-iid-reference-seed21-20261004,1,4,conv2,l1,1.0333021483020275,0
fedavg-mnist-iid-reference-seed21-20261004,1,4,conv2,l2,0.02201731685762862,0
fedavg-mnist-iid-reference-seed21-20261004,1,4,conv2,max_abs,0.0017674118280410767,0
fedavg-mnist-iid-reference-seed21-20261004,1,4,conv2,sparsity,0.0,0
fedavg-mnist-iid-reference-seed21-20261004,1,4,conv2,skewness,0.7590114081643241,0
fedavg-mnist-iid-reference-seed21-20261004,1,4,conv2,kurtosis,2.72571537101895,0
fedavg-mnist-iid-reference-seed21-20261004,1,4,fc1,mean,1.807363818759417e-05,0
fedavg-mnist-iid-reference-seed21-20261004,1,4,fc1,std,0.000293764804549661,0
fedavg-mnist-iid-reference-seed21-20261004,1,4,fc1,median,0.0,0
fedavg-mnist-iid-reference-seed21-20261004,1,4,fc1,min,-0.0034145181998610497,0
fedavg-mnist-iid-reference-seed21-20261004,1,4,fc1,max,0.0036945659667253494,0
fedavg-mnist-iid-reference-seed21-20261004,1,4,fc1,l1,13.985645898856546,0
fedavg-mnist-iid-reference-seed21-20261004,1,4,fc1,l2,0.09326562837577444,0
fedavg-mnist-iid-reference-seed21-20261004,1,4,fc1,max_abs,0.0036945659667253494,0
fedavg-mnist-iid-reference-seed21-20261004,1,4,fc1,sparsity,0.10813017845761631,0
fedavg-mnist-iid-reference-seed21-20261004,1,4,fc1,skewness,0.7068392959012769,0
fedavg-mnist-iid-reference-seed21-20261004,1,4,fc1,kurtosis,17.183549428403115,0
fedavg-mnist-iid-reference-seed21-20261004,1,4,output,mean,5.65201984360241e-11,0
fedavg-mnist-iid-reference-seed21-20261004,1,4,output,std,0.0007529118350060357,0
fedavg-mnist-iid-reference-seed21-20261004,1,4,output,median,-5.824491381645203e-06,0
fedavg-mnist-iid-reference-seed21-20261004,1,4,output,min,-0.002906639128923416,0
fedavg-mnist-iid-reference-seed21-20261004,1,4,output,max,0.005043555051088333,0
fedavg-mnist-iid-reference-seed21-20261004,1,4,output,l1,0.2753228431338357,0
fedavg-mnist-iid-reference-seed21-20261004,1,4,output,l2,0.01919556069355369,0
fedavg-mnist-iid-reference-seed21-20261004,1,4,output,max_abs,0.005043555051088333,0
fedavg-mnist-iid-reference-seed21-20261004,1,4,output,sparsity,0.06153846153846154,0
fedavg-mnist-iid-reference-seed21-20261004,1,4,output,skewness,1.3968955977046382,0
fedavg-mnist-iid-reference-seed21-20261004,1,4,output,kurtosis,8.559312051995695,0
fedavg-mnist-iid-reference-seed21-20261004,2,0,conv1,mean,0.0007545053576905048,0
fedavg-mnist-iid-reference-seed21-20261004,2,0,conv1,std,0.0007749969283385145,0
fedavg-mnist-iid-reference-seed21-20261004,2,0,conv1,median,0.0005281660705804825,0
fedavg-mnist-iid-reference-seed21-20261004,2,0,conv1,min,-0.0005713067948818207,0
fedavg-mnist-iid-reference-seed21-20261004,2,0,conv1,max,0.0029622018337249756,0
fedavg-mnist-iid-reference-seed21-20261004,2,0,conv1,l1,0.13020359113579616,0
fedavg-mnist-iid-reference-seed21-20261004,2,0,conv1,l2,0.013681512043442035,0
fedavg-mnist-iid-reference-seed21-20261004,2,0,conv1,max_abs,0.0029622018337249756,0
fedavg-mnist-iid-reference-seed21-20261004,2,0,conv1,sparsity,0.0,0
fedavg-mnist-iid-reference-seed21-20261004,2,0,conv1,skewness,0.6197450035027823,0
fedavg-mnist-iid-reference-seed21-20261004,2,0,conv1,kurtosis,-0.5153048585480846,0
fedavg-mnist-iid-reference-seed21-20261004,2,0,conv2,mean,0.00021378471670600605,0
fedavg-mnist-iid-reference-seed21-20261004,2,0,conv2,std,0.0004730174815777787,0
fedavg-mnist-iid-reference-seed21-20261004,2,0,conv2,median,7.397308945655823e-05,0
fedavg-mnist-iid-reference-seed21-20261004,2,0,conv2,min,-0.001312442123889923,0
fedavg-mnist-iid-reference-seed21-20261004,2,0,conv2,max,0.0029616430401802063,0
fedavg-mnist-iid-reference-seed21-20261004,2,0,conv2,l1,1.5454952466952818,0
fedavg-mnist-iid-reference-seed21-20261004,2,0,conv2,l2,0.03535880958693557,0
fedavg-mnist-iid-reference-seed21-20261004,2,0,conv2,max_abs,0.0029616430401802063,0
fedavg-mnist-iid-reference-seed21-20261004,2,0,conv2,sparsity,0.0,0
fedavg-mnist-iid-reference-seed21-20261004,2,0,conv2,skewness,1.4780475092715384,0
fedavg-mnist-iid-reference-seed21-20261004,2,0,conv2,kurtosis,3.2456518423630136,0
fedavg-mnist-iid-reference-seed21-20261004,2,0,fc1,mean,3.939096673287089e-05,0
fedavg-mnist-iid-reference-seed21-20261004,2,0,fc1,std,0.000314572793476573,0
fedavg-mnist-iid-reference-seed21-20261004,2,0,fc1,median,0.0,0
fedavg-mnist-iid-reference-seed21-20261004,2,0,fc1,min,-0.0044580488465726376,0
fedavg-mnist-iid-reference-seed21-20261004,2,0,fc1,max,0.004114189185202122,0
fedavg-mnist-iid-reference-seed21-20261004,2,0,fc1,l1,14.399829970200699,0
fedavg-mnist-iid-reference-seed21-20261004,2,0,fc1,l2,0.10046183486724347,0
fedavg-mnist-iid-reference-seed21-20261004,2,0,fc1,max_abs,0.0044580488465726376,0
fedavg-mnist-iid-reference-seed21-20261004,2,0,fc1,sparsity,0.12446223709369025,0
fedavg-mnist-iid-reference-seed21-20261004,2,0,fc1,skewness,1.6132650055566606,0
fedavg-mnist-iid-reference-seed21-20261004,2,0,fc1,kurtosis,18.10607893487621,0
fedavg-mnist-iid-reference-seed21-20261004,2,0,output,mean,-1.3961443283523505e-10,0
fedavg-mnist-iid-reference-seed21-20261004,2,0,output,std,0.000928745220005978,0
fedavg-mnist-iid-reference-seed21-20261004,2,0,output,median,-2.3371540009975433e-06,0
fedavg-mnist-iid-reference-seed21-20261004,2,0,output,min,-0.004330246709287167,0
fedavg-mnist-iid-reference-seed21-20261004,2,0,output,max,0.005918167531490326,0
fedavg-mnist-iid-reference-seed21-20261004,2,0,output,l1,0.35383833153537125,0
fedavg-mnist-iid-reference-seed21-20261004,2,0,output,l2,0.023678449999832797,0
fedavg-mnist-iid-reference-seed21-20261004,2,0,output,max_abs,0.005918167531490326,0
fedavg-mnist-iid-reference-seed21-20261004,2,0,output,sparsity,0.07692307692307693,0
fedavg-mnist-iid-reference-seed21-20261004,2,0,output,skewness,0.8738882725319659,0
fedavg-mnist-iid-reference-seed21-20261004,2,0,output,kurtosis,6.3657592455366725,0
fedavg-mnist-iid-reference-seed21-20261004,2,1,conv1,mean,0.0006906602862727596,0
fedavg-mnist-iid-reference-seed21-20261004,2,1,conv1,std,0.0007441127687957635,0
fedavg-mnist-iid-reference-seed21-20261004,2,1,conv1,median,0.0006624218076467514,0
fedavg-mnist-iid-reference-seed21-20261004,2,1,conv1,min,-0.00036215782165527344,0
fedavg-mnist-iid-reference-seed21-20261004,2,1,conv1,max,0.002672910690307617,0
fedavg-mnist-iid-reference-seed21-20261004,2,1,conv1,l1,0.1239600793342106,0
fedavg-mnist-iid-reference-seed21-20261004,2,1,conv1,l2,0.012841902935121524,0
fedavg-mnist-iid-reference-seed21-20261004,2,1,conv1,max_abs,0.002672910690307617,0
fedavg-mnist-iid-reference-seed21-20261004,2,1,conv1,sparsity,0.0,0
fedavg-mnist-iid-reference-seed21-20261004,2,1,conv1,skewness,0.4831186052416494,0
fedavg-mnist-iid-reference-seed21-20261004,2,1,conv1,kurtosis,-0.6852102814772429,0
fedavg-mnist-iid-reference-seed21-20261004,2,1,conv2,mean,0.00018988607859863146,0
fedavg-mnist-iid-reference-seed21-20261004,2,1,conv2,std,0.0004318425221688,0
fedavg-mnist-iid-reference-seed21-20261004,2,1,conv2,median,6.543193012475967e-05,0
fedavg-mnist-iid-reference-seed21-20261004,2,1,conv2,min,-0.001021847128868103,0
fedavg-mnist-iid-reference-seed21-20261004,2,1,conv2,max,0.002774477005004883,0
fedavg-mnist-iid-reference-seed21-20261004,2,1,conv2,l1,1.4084268738388346,0
fedavg-mnist-iid-reference-seed21-20261004,2,1,conv2,l2,0.0321342083572298,0
fedavg-mnist-iid-reference-seed21-20261004,2,1,conv2,max_abs,0.002774477005004883,0
fedavg-mnist-iid-reference-seed21-20261004,2,1,conv2,sparsity,0.0,0
fedavg-mnist-iid-reference-seed21-20261004,2,1,conv2,skewness,1.4858433179179558,0
fedavg-mnist-iid-reference-seed21-20261004,2,1,conv2,kurtosis,3.274519791784396,0
fedavg-mnist-iid-reference-seed21-20261004,2,1,fc1,mean,3.4362100593833794e-05,0
fedavg-mnist-iid-reference-seed21-20261004,2,1,fc1,std,0.000288888753864581,0
fedavg-mnist-iid-reference-seed21-20261004,2,1,fc1,median,0.0,0
fedavg-mnist-iid-reference-seed21-20261004,2,1,fc1,min,-0.0034601977095007896,0
fedavg-mnist-iid-reference-seed21-20261004,2,1,fc1,max,0.00368462223559618,0
fedavg-mnist-iid-reference-seed21-20261004,2,1,fc1,l1,13.412027231760021,0
fedavg-mnist-iid-reference-seed21-20261004,2,1,fc1,l2,0.09218978138898502,0
fedavg-mnist-iid-reference-seed21-20261004,2,1,fc1,max_abs,0.00368462223559618,0
fedavg-mnist-iid-reference-seed21-20261004,2,1,fc1,sparsity,0.120986695347355,0
fedavg-mnist-iid-reference-seed21-20261004,2,1,fc1,skewness,1.6468678520889894,0
fedavg-mnist-iid-reference-seed21-20261004,2,1,fc1,kurtosis,19.363791275306145,0
fedavg-mnist-iid-reference-seed21-20261004,2,1,output,mean,-2.259912434965372e-10,0
fedavg-mnist-iid-reference-seed21-20261004,2,1,output,std,0.0008617704509243943,0
fedavg-mnist-iid-reference-seed21-20261004,2,1,output,median,-3.601366188377142e-06,0
fedavg-mnist-iid-reference-seed21-20261004,2,1,output,min,-0.004375353455543518,0
fedavg-mnist-iid-reference-seed21-20261004,2,1,output,max,0.004152469336986542,0
fedavg-mnist-iid-reference-seed21-20261004,2,1,output,l1,0.3314794758698554,0
fedavg-mnist-iid-reference-seed21-20261004,2,1,output,l2,0.021970921727506452,0
fedavg-mnist-iid-reference-seed21-20261004,2,1,output,max_abs,0.004375353455543518,0
fedavg-mnist-iid-reference-seed21-20261004,2,1,output,sparsity,0.07692307692307693,0
fedavg-mnist-iid-reference-seed21-20261004,2,1,output,skewness,0.2345802168413261,0
fedavg-mnist-iid-reference-seed21-20261004,2,1,output,kurtosis,4.723844933174164,0
fedavg-mnist-iid-reference-seed21-20261004,2,2,conv1,mean,0.0007405441272567259,0
fedavg-mnist-iid-reference-seed21-20261004,2,2,conv1,std,0.000786051062465954,0
fedavg-mnist-iid-reference-seed21-20261004,2,2,conv1,median,0.0005916990339756012,0
fedavg-mnist-iid-reference-seed21-20261004,2,2,conv1,min,-0.0007515996694564819,0
fedavg-mnist-iid-reference-seed21-20261004,2,2,conv1,max,0.0027159452438354492,0
fedavg-mnist-iid-reference-seed21-20261004,2,2,conv1,l1,0.12983865319984034,0
fedavg-mnist-iid-reference-seed21-20261004,2,2,conv1,l2,0.013660347739165536,0
fedavg-mnist-iid-reference-seed21-20261004,2,2,conv1,max_abs,0.0027159452438354492,0
fedavg-mnist-iid-reference-seed21-20261004,2,2,conv1,sparsity,0.0,0
fedavg-mnist-iid-reference-seed21-20261004,2,2,conv1,skewness,0.6051467463202181,0
fedavg-mnist-iid-reference-seed21-20261004,2,2,conv1,kurtosis,-0.4681918466118944,0
fedavg-mnist-iid-reference-seed21-20261004,2,2,conv2,mean,0.00020056731540268535,0
fedavg-mnist-iid-reference-seed21-20261004,2,2,conv2,std,0.000453154207252841,0
fedavg-mnist-iid-reference-seed21-20261004,2,2,conv2,median,7.669255137443542e-05,0
fedavg-mnist-iid-reference-seed21-20261004,2,2,conv2,min,-0.0011220667511224747,0
fedavg-mnist-iid-reference-seed21-20261004,2,2,conv2,max,0.003530070185661316,0
fedavg-mnist-iid-reference-seed21-20261004,2,2,conv2,l1,1.4808024101694173,0
fedavg-mnist-iid-reference-seed21-20261004,2,2,conv2,l2,0.033756074471312424,0
fedavg-mnist-iid-reference-seed21-20261004,2,2,conv2,max_abs,0.003530070185661316,0
fedavg-mnist-iid-reference-seed21-20261004,2,2,conv2,sparsity,0.0,0
fedavg-mnist-iid-reference-seed21-20261004,2,2,conv2,skewness,1.5822667067990182,0
fedavg-mnist-iid-reference-seed21-20261004,2,2,conv2,kurtosis,4.181840678245093,0
fedavg-mnist-iid-reference-seed21-20261004,2,2,fc1,mean,2.494226831104752e-05,0
fedavg-mnist-iid-reference-seed21-20261004,2,2,fc1,std,0.00032747253872877154,0
fedavg-mnist-iid-reference-seed21-20261004,2,2,fc1,median,0.0,0
fedavg-mnist-iid-reference-seed21-20261004,2,2,fc1,min,-0.0041234977543354034,0
fedavg-mnist-iid-reference-seed21-20261004,2,2,fc1,max,0.005199000239372253,0
fedavg-mnist-iid-reference-seed21-20261004,2,2,fc1,l1,14.790596652983822,0
fedavg-mnist-iid-reference-seed21-20261004,2,2,fc1,l2,0.10407164818158023,0
fedavg-mnist-iid-reference-seed21-20261004,2,2,fc1,max_abs,0.005199000239372253,0
fedavg-mnist-iid-reference-seed21-20261004,2,2,fc1,sparsity,0.11427461759082218,0
fedavg-mnist-iid-reference-seed21-20261004,2,2,fc1,skewness,1.3202961892905736,0
fedavg-mnist-iid-reference-seed21-20261004,2,2,fc1,kurtosis,21.960640563027162,0
fedavg-mnist-iid-reference-seed21-20261004,2,2,output,mean,3.736057316508287e-10,0
fedavg-mnist-iid-reference-seed21-20261004,2,2,output,std,0.0009929707747832626,0
fedavg-mnist-iid-reference-seed21-20261004,2,2,output,median,-2.7890782803297043e-06,0
fedavg-mnist-iid-reference-seed21-20261004,2,2,output,min,-0.0034302249550819397,0
fedavg-mnist-iid-reference-seed21-20261004,2,2,output,max,0.005181698128581047,0
fedavg-mnist-iid-reference-seed21-20261004,2,2,output,l1,0.37918284907800626,0
fedavg-mnist-iid-reference-seed21-20261004,2,2,output,l2,0.025315886785237805,0
fedavg-mnist-iid-reference-seed21-20261004,2,2,output,max_abs,0.005181698128581047,0
fedavg-mnist-iid-reference-seed21-20261004,2,2,output,sparsity,0.06153846153846154,0
fedavg-mnist-iid-reference-seed21-20261004,2,2,output,skewness,1.0460103975698878,0
fedavg-mnist-iid-reference-seed21-20261004,2,2,output,kurtosis,4.994333161245715,0
fedavg-mnist-iid-reference-seed21-20261004,2,3,conv1,mean,0.0007311141187528846,0
fedavg-mnist-iid-reference-seed21-20261004,2,3,conv1,std,0.0007881064115990425,0
fedavg-mnist-iid-reference-seed21-20261004,2,3,conv1,median,0.0006161108613014221,0
fedavg-mnist-iid-reference-seed21-20261004,2,3,conv1,min,-0.0006296336650848389,0
fedavg-mnist-iid-reference-seed21-20261004,2,3,conv1,max,0.002823173999786377,0
fedavg-mnist-iid-reference-seed21-20261004,2,3,conv1,l1,0.12586435786215588,0
fedavg-mnist-iid-reference-seed21-20261004,2,3,conv1,l2,0.013597879662025704,0
fedavg-mnist-iid-reference-seed21-20261004,2,3,conv1,max_abs,0.002823173999786377,0
fedavg-mnist-iid-reference-seed21-20261004,2,3,conv1,sparsity,0.0,0
fedavg-mnist-iid-reference-seed21-20261004,2,3,conv1,skewness,0.7180988912886836,0
fedavg-mnist-iid-reference-seed21-20261004,2,3,conv1,kurtosis,-0.37676216981914656,0
fedavg-mnist-iid-reference-seed21-20261004,2,3,conv2,mean,0.0002104247167408332,0
fedavg-mnist-iid-reference-seed21-20261004,2,3,conv2,std,0.0004435010735677274,0
fedavg-mnist-iid-reference-seed21-20261004,2,3,conv2,median,7.74310901761055e-05,0
fedavg-mnist-iid-reference-seed21-20261004,2,3,conv2,min,-0.0011058077216148376,0
fedavg-mnist-iid-reference-seed21-20261004,2,3,conv2,max,0.003067493438720703,0
fedavg-mnist-iid-reference-seed21-20261004,2,3,conv2,l1,1.4507194242305559,0
fedavg-mnist-iid-reference-seed21-20261004,2,3,conv2,l2,0.0334381366621154,0
fedavg-mnist-iid-reference-seed21-20261004,2,3,conv2,max_abs,0.003067493438720703,0
fedavg-mnist-iid-reference-seed21-20261004,2,3,conv2,sparsity,0.0,0
fedavg-mnist-iid-reference-seed21-20261004,2,3,conv2,skewness,1.646551200822686,0
fedavg-mnist-iid-reference-seed21-20261004,2,3,conv2,kurtosis,4.208323155565672,0
fedavg-mnist-iid-reference-seed21-20261004,2,3,fc1,mean,3.9226386028327664e-05,0
fedavg-mnist-iid-reference-seed21-20261004,2,3,fc1,std,0.00029612588137345133,0
fedavg-mnist-iid-reference-seed21-20261004,2,3,fc1,median,0.0,0
fedavg-mnist-iid-reference-seed21-20261004,2,3,fc1,min,-0.004401125013828278,0
fedavg-mnist-iid-reference-seed21-20261004,2,3,fc1,max,0.0036720987409353256,0
fedavg-mnist-iid-reference-seed21-20261004,2,3,fc1,l1,13.381794472108595,0
fedavg-mnist-iid-reference-seed21-20261004,2,3,fc1,l2,0.0946575092887425,0
fedavg-mnist-iid-reference-seed21-20261004,2,3,fc1,max_abs,0.004401125013828278,0
fedavg-mnist-iid-reference-seed21-20261004,2,3,fc1,sparsity,0.11667463352453793,0
fedavg-mnist-iid-reference-seed21-20261004,2,3,fc1,skewness,1.7712796364106653,0
fedavg-mnist-iid-reference-seed21-20261004,2,3,fc1,kurtosis,22.043493148344595,0
fedavg-mnist-iid-reference-seed21-20261004,2,3,output,mean,2.214689559947986e-11,0
fedavg-mnist-iid-reference-seed21-20261004,2,3,output,std,0.000943526234599984,0
fedavg-mnist-iid-reference-seed21-20261004,2,3,output,median,-5.772802978754044e-06,0
fedavg-mnist-iid-reference-seed21-20261004,2,3,output,min,-0.004320360720157623,0
fedavg-mnist-iid-reference-seed21-20261004,2,3,output,max,0.006371587514877319,0
fedavg-mnist-iid-reference-seed21-20261004,2,3,output,l1,0.3545128201840271,0
fedavg-mnist-iid-reference-seed21-20261004,2,3,output,l2,0.024055293409060215,0
fedavg-mnist-iid-reference-seed21-20261004,2,3,output,max_abs,0.006371587514877319,0
fedavg-mnist-iid-reference-seed21-20261004,2,3,output,sparsity,0.06153846153846154,0
fedavg-mnist-iid-reference-seed21-20261004,2,3,output,skewness,0.7856302848528387,0
fedavg-mnist-iid-reference-seed21-20261004,2,3,output,kurtosis,6.98983340186642,0
fedavg-mnist-iid-reference-seed21-20261004,2,4,conv1,mean,0.0007418394143314799,0
fedavg-mnist-iid-reference-seed21-20261004,2,4,conv1,std,0.000824354278564412,0
fedavg-mnist-iid-reference-seed21-20261004,2,4,conv1,median,0.0005636923015117645,0
fedavg-mnist-iid-reference-seed21-20261004,2,4,conv1,min,-0.0006237626075744629,0
fedavg-mnist-iid-reference-seed21-20261004,2,4,conv1,max,0.00281602144241333,0
fedavg-mnist-iid-reference-seed21-20261004,2,4,conv1,l1,0.1347954393713735,0
fedavg-mnist-iid-reference-seed21-20261004,2,4,conv1,l2,0.014027890465743596,0
fedavg-mnist-iid-reference-seed21-20261004,2,4,conv1,max_abs,0.00281602144241333,0
fedavg-mnist-iid-reference-seed21-20261004,2,4,conv1,sparsity,0.0,0
fedavg-mnist-iid-reference-seed21-20261004,2,4,conv1,skewness,0.5225447567937322,0
fedavg-mnist-iid-reference-seed21-20261004,2,4,conv1,kurtosis,-0.6533480669193588,0
fedavg-mnist-iid-reference-seed21-20261004,2,4,conv2,mean,0.0002194199185976623,0
fedavg-mnist-iid-reference-seed21-20261004,2,4,conv2,std,0.00045214676674730926,0
fedavg-mnist-iid-reference-seed21-20261004,2,4,conv2,median,8.569657802581787e-05,0
fedavg-mnist-iid-reference-seed21-20261004,2,4,conv2,min,-0.00113765150308609,0
fedavg-mnist-iid-reference-seed21-20261004,2,4,conv2,max,0.0031258687376976013,0
fedavg-mnist-iid-reference-seed21-20261004,2,4,conv2,l1,1.501169070827018,0
fedavg-mnist-iid-reference-seed21-20261004,2,4,conv2,l2,0.03423418684617133,0
fedavg-mnist-iid-reference-seed21-20261004,2,4,conv2,max_abs,0.0031258687376976013,0
fedavg-mnist-iid-reference-seed21-20261004,2,4,conv2,sparsity,0.0,0
fedavg-mnist-iid-reference-seed21-20261004,2,4,conv2,skewness,1.5195301333580866,0
fedavg-mnist-iid-reference-seed21-20261004,2,4,conv2,kurtosis,3.336519812421157,0
fedavg-mnist-iid-reference-seed21-20261004,2,4,fc1,mean,4.6561781904760845e-05,0
fedavg-mnist-iid-reference-seed21-20261004,2,4,fc1,std,0.00032597465132611796,0
fedavg-mnist-iid-reference-seed21-20261004,2,4,fc1,median,0.0,0
fedavg-mnist-iid-reference-seed21-20261004,2,4,fc1,min,-0.0038705063052475452,0
fedavg-mnist-iid-reference-seed21-20261004,2,4,fc1,max,0.0038200896233320236,0
fedavg-mnist-iid-reference-seed21-20261004,2,4,fc1,l1,15.190421807365965,0
fedavg-mnist-iid-reference-seed21-20261004,2,4,fc1,l2,0.1043448758341063,0
fedavg-mnist-iid-reference-seed21-20261004,2,4,fc1,max_abs,0.0038705063052475452,0
fedavg-mnist-iid-reference-seed21-20261004,2,4,fc1,sparsity,0.11406548757170172,0
fedavg-mnist-iid-reference-seed21-20261004,2,4,fc1,skewness,1.5429579710387409,0
fedavg-mnist-iid-reference-seed21-20261004,2,4,fc1,kurtosis,18.24482923563202,0
fedavg-mnist-iid-reference-seed21-20261004,2,4,output,mean,2.2572469158778684e-10,0
fedavg-mnist-iid-reference-seed21-20261004,2,4,output,std,0.0009596643514614332,0
fedavg-mnist-iid-reference-seed21-20261004,2,4,output,median,-3.4049153327941895e-06,0
fedavg-mnist-iid-reference-seed21-20261004,2,4,output,min,-0.0031235292553901672,0
fedavg-mnist-iid-reference-seed21-20261004,2,4,output,max,0.0052638426423072815,0
fedavg-mnist-iid-reference-seed21-20261004,2,4,output,l1,0.3634231738192284,0
fedavg-mnist-iid-reference-seed21-20261004,2,4,output,l2,0.024466736273006738,0
fedavg-mnist-iid-reference-seed21-20261004,2,4,output,max_abs,0.0052638426423072815,0
fedavg-mnist-iid-reference-seed21-20261004,2,4,output,sparsity,0.06153846153846154,0
fedavg-mnist-iid-reference-seed21-20261004,2,4,output,skewness,1.2254988750217302,0
fedavg-mnist-iid-reference-seed21-20261004,2,4,output,kurtosis,5.7682038769148605,0
fedavg-mnist-iid-reference-seed21-20261004,3,0,conv1,mean,0.0014104016205237712,0
fedavg-mnist-iid-reference-seed21-20261004,3,0,conv1,std,0.0013278499282470084,0
fedavg-mnist-iid-reference-seed21-20261004,3,0,conv1,median,0.0010484382510185242,0
fedavg-mnist-iid-reference-seed21-20261004,3,0,conv1,min,-0.0006868429481983185,0
fedavg-mnist-iid-reference-seed21-20261004,3,0,conv1,max,0.0047660768032073975,0
fedavg-mnist-iid-reference-seed21-20261004,3,0,conv1,l1,0.23753215500619262,0
fedavg-mnist-iid-reference-seed21-20261004,3,0,conv1,l2,0.02450279384273284,0
fedavg-mnist-iid-reference-seed21-20261004,3,0,conv1,max_abs,0.0047660768032073975,0
fedavg-mnist-iid-reference-seed21-20261004,3,0,conv1,sparsity,0.0,0
fedavg-mnist-iid-reference-seed21-20261004,3,0,conv1,skewness,0.567472355789703,0
fedavg-mnist-iid-reference-seed21-20261004,3,0,conv1,kurtosis,-0.6412650212313844,0
fedavg-mnist-iid-reference-seed21-20261004,3,0,conv2,mean,0.00036031727482419105,0
fedavg-mnist-iid-reference-seed21-20261004,3,0,conv2,std,0.0006543055413607401,0
fedavg-mnist-iid-reference-seed21-20261004,3,0,conv2,median,0.00012261606752872467,0
fedavg-mnist-iid-reference-seed21-20261004,3,0,conv2,min,-0.001014411449432373,0
fedavg-mnist-iid-reference-seed21-20261004,3,0,conv2,max,0.004762955009937286,0
fedavg-mnist-iid-reference-seed21-20261004,3,0,conv2,l1,2.104725783054164,0
fedavg-mnist-iid-reference-seed21-20261004,3,0,conv2,l2,0.05088085552703842,0
fedavg-mnist-iid-reference-seed21-20261004,3,0,conv2,max_abs,0.004762955009937286,0
fedavg-mnist-iid-reference-seed21-20261004,3,0,conv2,sparsity,0.0,0
fedavg-mnist-iid-reference-seed21-20261004,3,0,conv2,skewness,1.8332754329165035,0
fedavg-mnist-iid-reference-seed21-20261004,3,0,conv2,kurtosis,4.190533085299586,0
fedavg-mnist-iid-reference-seed21-20261004,3,0,fc1,mean,4.645729742428667e-05,0
fedavg-mnist-iid-reference-seed21-20261004,3,0,fc1,std,0.000340375416883901,0
fedavg-mnist-iid-reference-seed21-20261004,3,0,fc1,median,0.0,0
fedavg-mnist-iid-reference-seed21-20261004,3,0,fc1,min,-0.004947216250002384,0
fedavg-mnist-iid-reference-seed21-20261004,3,0,fc1,max,0.004126284271478653,0
fedavg-mnist-iid-reference-seed21-20261004,3,0,fc1,l1,15.500216854525434,0
fedavg-mnist-iid-reference-seed21-20261004,3,0,fc1,l2,0.10885983736679654,0
fedavg-mnist-iid-reference-seed21-20261004,3,0,fc1,max_abs,0.004947216250002384,0
fedavg-mnist-iid-reference-seed21-20261004,3,0,fc1,sparsity,0.13934034416826005,0
fedavg-mnist-iid-reference-seed21-20261004,3,0,fc1,skewness,1.416766305923152,0
fedavg-mnist-iid-reference-seed21-20261004,3,0,fc1,kurtosis,17.014232749872267,0
fedavg-mnist-iid-reference-seed21-20261004,3,0,output,mean,2.42325768340379e-10,0
fedavg-mnist-iid-reference-seed21-20261004,3,0,output,std,0.0012815811684852125,0
fedavg-mnist-iid-reference-seed21-20261004,3,0,output,median,-2.376735210418701e-06,0
fedavg-mnist-iid-reference-seed21-20261004,3,0,output,min,-0.00503898411989212,0
fedavg-mnist-iid-reference-seed21-20261004,3,0,output,max,0.006948418915271759,0
fedavg-mnist-iid-reference-seed21-20261004,3,0,output,l1,0.4940148083242093,0
fedavg-mnist-iid-reference-seed21-20261004,3,0,output,l2,0.03267403693179629,0
fedavg-mnist-iid-reference-seed21-20261004,3,0,output,max_abs,0.006948418915271759,0
fedavg-mnist-iid-reference-seed21-20261004,3,0,output,sparsity,0.09230769230769231,0
fedavg-mnist-iid-reference-seed21-20261004,3,0,output,skewness,0.7120404382858927,0
fedavg-mnist-iid-reference-seed21-20261004,3,0,output,kurtosis,4.6031534790468855,0
fedavg-mnist-iid-reference-seed21-20261004,3,1,conv1,mean,0.0012898406814201735,0
fedavg-mnist-iid-reference-seed21-20261004,3,1,conv1,std,0.0012633792366725618,0
fedavg-mnist-iid-reference-seed21-20261004,3,1,conv1,median,0.0010574236512184143,0
fedavg-mnist-iid-reference-seed21-20261004,3,1,conv1,min,-0.0005588103085756302,0
fedavg-mnist-iid-reference-seed21-20261004,3,1,conv1,max,0.004184231162071228,0
fedavg-mnist-iid-reference-seed21-20261004,3,1,conv1,l1,0.21936174645088613,0
fedavg-mnist-iid-reference-seed21-20261004,3,1,conv1,l2,0.02283791962189832,0
fedavg-mnist-iid-reference-seed21-20261004,3,1,conv1,max_abs,0.004184231162071228,0
fedavg-mnist-iid-reference-seed21-20261004,3,1,conv1,sparsity,0.0,0
fedavg-mnist-iid-reference-seed21-20261004,3,1,conv1,skewness,0.5588662200858162,0
fedavg-mnist-iid-reference-seed21-20261004,3,1,conv1,kurtosis,-0.7043803123830505,0
fedavg-mnist-iid-reference-seed21-20261004,3,1,conv2,mean,0.00032948984841729316,0
fedavg-mnist-iid-reference-seed21-20261004,3,1,conv2,std,0.0006010816460052637,0
fedavg-mnist-iid-reference-seed21-20261004,3,1,conv2,median,0.0001256437972187996,0
fedavg-mnist-iid-reference-seed21-20261004,3,1,conv2,min,-0.001159168779850006,0
fedavg-mnist-iid-reference-seed21-20261004,3,1,conv2,max,0.004202030599117279,0
fedavg-mnist-iid-reference-seed21-20261004,3,1,conv2,l1,1.9355973713536514,0
fedavg-mnist-iid-reference-seed21-20261004,3,1,conv2,l2,0.04669221512133943,0
fedavg-mnist-iid-reference-seed21-20261004,3,1,conv2,max_abs,0.004202030599117279,0
fedavg-mnist-iid-reference-seed21-20261004,3,1,conv2,sparsity,0.0,0
fedavg-mnist-iid-reference-seed21-20261004,3,1,conv2,skewness,1.8659650977569209,0
fedavg-mnist-iid-reference-seed21-20261004,3,1,conv2,kurtosis,4.394440467550651,0
fedavg-mnist-iid-reference-seed21-20261004,3,1,fc1,mean,3.5129875232811345e-05,0
fedavg-mnist-iid-reference-seed21-20261004,3,1,fc1,std,0.0003121121029752715,0
fedavg-mnist-iid-reference-seed21-20261004,3,1,fc1,median,0.0,0
fedavg-mnist-iid-reference-seed21-20261004,3,1,fc1,min,-0.0037525836378335953,0
fedavg-mnist-iid-reference-seed21-20261004,3,1,fc1,max,0.004146020859479904,0
fedavg-mnist-iid-reference-seed21-20261004,3,1,fc1,l1,14.292512676410524,0
fedavg-mnist-iid-reference-seed21-20261004,3,1,fc1,l2,0.09952811107472233,0
fedavg-mnist-iid-reference-seed21-20261004,3,1,fc1,max_abs,0.004146020859479904,0
fedavg-mnist-iid-reference-seed21-20261004,3,1,fc1,sparsity,0.1242132727852135,0
fedavg-mnist-iid-reference-seed21-20261004,3,1,fc1,skewness,1.388587334993438,0
fedavg-mnist-iid-reference-seed21-20261004,3,1,fc1,kurtosis,18.915406928783174,0
fedavg-mnist-iid-reference-seed21-20261004,3,1,output,mean,1.6937309947724526e-10,0
fedavg-mnist-iid-reference-seed21-20261004,3,1,output,std,0.0012061903788481664,0
fedavg-mnist-iid-reference-seed21-20261004,3,1,output,median,-2.8498470783233643e-06,0
fedavg-mnist-iid-reference-seed21-20261004,3,1,output,min,-0.006151750683784485,0
fedavg-mnist-iid-reference-seed21-20261004,3,1,output,max,0.0054007843136787415,0
fedavg-mnist-iid-reference-seed21-20261004,3,1,output,l1,0.4662735268138931,0
fedavg-mnist-iid-reference-seed21-20261004,3,1,output,l2,0.030751941394273674,0
fedavg-mnist-iid-reference-seed21-20261004,3,1,output,max_abs,0.006151750683784485,0
fedavg-mnist-iid-reference-seed21-20261004,3,1,output,sparsity,0.07692307692307693,0
fedavg-mnist-iid-reference-seed21-20261004,3,1,output,skewness,-0.08206985016763563,0
fedavg-mnist-iid-reference-seed21-20261004,3,1,output,kurtosis,4.080112143319218,0
fedavg-mnist-iid-reference-seed21-20261004,3,2,conv1,mean,0.001386196946259588,0
fedavg-mnist-iid-reference-seed21-20261004,3,2,conv1,std,0.0013491118800183079,0
fedavg-mnist-iid-reference-seed21-20261004,3,2,conv1,median,0.0010690838098526,0
fedavg-mnist-iid-reference-seed21-20261004,3,2,conv1,min,-0.0008957087993621826,0
fedavg-mnist-iid-reference-seed21-20261004,3,2,conv1,max,0.004860714077949524,0
fedavg-mnist-iid-reference-seed21-20261004,3,2,conv1,l1,0.23442195914685726,0
fedavg-mnist-iid-reference-seed21-20261004,3,2,conv1,l2,0.024467594368473383,0
fedavg-mnist-iid-reference-seed21-20261004,3,2,conv1,max_abs,0.004860714077949524,0
fedavg-mnist-iid-reference-seed21-20261004,3,2,conv1,sparsity,0.0,0
fedavg-mnist-iid-reference-seed21-20261004,3,2,conv1,skewness,0.6565981730072542,0
fedavg-mnist-iid-reference-seed21-20261004,3,2,conv1,kurtosis,-0.4219253254581199,0
fedavg-mnist-iid-reference-seed21-20261004,3,2,conv2,mean,0.0003506333499813238,0
fedavg-mnist-iid-reference-seed21-20261004,3,2,conv2,std,0.0006431934648172128,0
fedavg-mnist-iid-reference-seed21-20261004,3,2,conv2,median,0.00013220123946666718,0
fedavg-mnist-iid-reference-seed21-20261004,3,2,conv2,min,-0.0011516064405441284,0
fedavg-mnist-iid-reference-seed21-20261004,3,2,conv2,max,0.004472032189369202,0
fedavg-mnist-iid-reference-seed21-20261004,3,2,conv2,l1,2.1020323457596533,0
fedavg-mnist-iid-reference-seed21-20261004,3,2,conv2,l2,0.04990006941843381,0
fedavg-mnist-iid-reference-seed21-20261004,3,2,conv2,max_abs,0.004472032189369202,0
fedavg-mnist-iid-reference-seed21-20261004,3,2,conv2,sparsity,0.0,0
fedavg-mnist-iid-reference-seed21-20261004,3,2,conv2,skewness,1.8048969544479985,0
fedavg-mnist-iid-reference-seed21-20261004,3,2,conv2,kurtosis,4.174515401825322,0
fedavg-mnist-iid-reference-seed21-20261004,3,2,fc1,mean,3.100766088238133e-05,0
fedavg-mnist-iid-reference-seed21-20261004,3,2,fc1,std,0.0003611346050155797,0
fedavg-mnist-iid-reference-seed21-20261004,3,2,fc1,median,0.0,0
fedavg-mnist-iid-reference-seed21-20261004,3,2,fc1,min,-0.005693317856639624,0
fedavg-mnist-iid-reference-seed21-20261004,3,2,fc1,max,0.005517084151506424,0
fedavg-mnist-iid-reference-seed21-20261004,3,2,fc1,l1,16.10823330222638,0
fedavg-mnist-iid-reference-seed21-20261004,3,2,fc1,l2,0.11485913870194389,0
fedavg-mnist-iid-reference-seed21-20261004,3,2,fc1,max_abs,0.005693317856639624,0
fedavg-mnist-iid-reference-seed21-20261004,3,2,fc1,sparsity,0.1179194550669216,0
fedavg-mnist-iid-reference-seed21-20261004,3,2,fc1,skewness,1.0728390219994894,0
fedavg-mnist-iid-reference-seed21-20261004,3,2,fc1,kurtosis,22.236414428152056,0
fedavg-mnist-iid-reference-seed21-20261004,3,2,output,mean,-1.1202456125129874e-10,0
fedavg-mnist-iid-reference-seed21-20261004,3,2,output,std,0.0013827702720621649,0
fedavg-mnist-iid-reference-seed21-20261004,3,2,output,median,-1.8998980522155762e-06,0
fedavg-mnist-iid-reference-seed21-20261004,3,2,output,min,-0.005148731172084808,0
fedavg-mnist-iid-reference-seed21-20261004,3,2,output,max,0.007890686392784119,0
fedavg-mnist-iid-reference-seed21-20261004,3,2,output,l1,0.5303769941365317,0
fedavg-mnist-iid-reference-seed21-20261004,3,2,output,l2,0.03525386300030503,0
fedavg-mnist-iid-reference-seed21-20261004,3,2,output,max_abs,0.007890686392784119,0
fedavg-mnist-iid-reference-seed21-20261004,3,2,output,sparsity,0.06153846153846154,0
fedavg-mnist-iid-reference-seed21-20261004,3,2,output,skewness,0.8715080316087866,0
fedavg-mnist-iid-reference-seed21-20261004,3,2,output,kurtosis,4.76298557797463,0
fedavg-mnist-iid-reference-seed21-20261004,3,3,conv1,mean,0.0013292352312419097,0
fedavg-mnist-iid-reference-seed21-20261004,3,3,conv1,std,0.0012766756724234803,0
fedavg-mnist-iid-reference-seed21-20261004,3,3,conv1,median,0.0009053051471710205,0
fedavg-mnist-iid-reference-seed21-20261004,3,3,conv1,min,-0.0005310960114002228,0
fedavg-mnist-iid-reference-seed21-20261004,3,3,conv1,max,0.004515588283538818,0
fedavg-mnist-iid-reference-seed21-20261004,3,3,conv1,l1,0.21945714380126446,0
fedavg-mnist-iid-reference-seed21-20261004,3,3,conv1,l2,0.023312716092408207,0
fedavg-mnist-iid-reference-seed21-20261004,3,3,conv1,max_abs,0.004515588283538818,0
fedavg-mnist-iid-reference-seed21-20261004,3,3,conv1,sparsity,0.0,0
fedavg-mnist-iid-reference-seed21-20261004,3,3,conv1,skewness,0.7058687377167222,0
fedavg-mnist-iid-reference-seed21-20261004,3,3,conv1,kurtosis,-0.5491169296985863,0
fedavg-mnist-iid-reference-seed21-20261004,3,3,conv2,mean,0.0003451400909029715,0
fedavg-mnist-iid-reference-seed21-20261004,3,3,conv2,std,0.0006221045416343007,0
fedavg-mnist-iid-reference-seed21-20261004,3,3,conv2,median,0.00012873485684394836,0
fedavg-mnist-iid-reference-seed21-20261004,3,3,conv2,min,-0.0013386234641075134,0
fedavg-mnist-iid-reference-seed21-20261004,3,3,conv2,max,0.005459103733301163,0
fedavg-mnist-iid-reference-seed21-20261004,3,3,conv2,l1,2.00695703623569,0
fedavg-mnist-iid-reference-seed21-20261004,3,3,conv2,l2,0.048461013689844346,0
fedavg-mnist-iid-reference-seed21-20261004,3,3,conv2,max_abs,0.005459103733301163,0
fedavg-mnist-iid-reference-seed21-20261004,3,3,conv2,sparsity,0.0,0
fedavg-mnist-iid-reference-seed21-20261004,3,3,conv2,skewness,2.037252986802178,0
fedavg-mnist-iid-reference-seed21-20261004,3,3,conv2,kurtosis,6.099602396306949,0
fedavg-mnist-iid-reference-seed21-20261004,3,3,fc1,mean,3.791810399862354e-05,0
fedavg-mnist-iid-reference-seed21-20261004,3,3,fc1,std,0.0003251850752931898,0
fedavg-mnist-iid-reference-seed21-20261004,3,3,fc1,median,0.0,0
fedavg-mnist-iid-reference-seed21-20261004,3,3,fc1,min,-0.005578792188316584,0
fedavg-mnist-iid-reference-seed21-20261004,3,3,fc1,max,0.003894794499501586,0
fedavg-mnist-iid-reference-seed21-20261004,3,3,fc1,l1,14.595332308872912,0
fedavg-mnist-iid-reference-seed21-20261004,3,3,fc1,l2,0.10374439626603153,0
fedavg-mnist-iid-reference-seed21-20261004,3,3,fc1,max_abs,0.005578792188316584,0
fedavg-mnist-iid-reference-seed21-20261004,3,3,fc1,sparsity,0.11939332377310388,0
fedavg-mnist-iid-reference-seed21-20261004,3,3,fc1,skewness,1.2067099429104733,0
fedavg-mnist-iid-reference-seed21-20261004,3,3,fc1,kurtosis,22.759792481496422,0
fedavg-mnist-iid-reference-seed21-20261004,3,3,output,mean,-1.9775702989696023e-10,0
fedavg-mnist-iid-reference-seed21-20261004,3,3,output,std,0.0013143885424381425,0
fedavg-mnist-iid-reference-seed21-20261004,3,3,output,median,-2.9001384973526e-06,0
fedavg-mnist-iid-reference-seed21-20261004,3,3,output,min,-0.005742553621530533,0
fedavg-mnist-iid-reference-seed21-20261004,3,3,output,max,0.006694599986076355,0
fedavg-mnist-iid-reference-seed21-20261004,3,3,output,l1,0.495386397853963,0
fedavg-mnist-iid-reference-seed21-20261004,3,3,output,l2,0.033510464131674716,0
fedavg-mnist-iid-reference-seed21-20261004,3,3,output,max_abs,0.006694599986076355,0
fedavg-mnist-iid-reference-seed21-20261004,3,3,output,sparsity,0.06153846153846154,0
fedavg-mnist-iid-reference-seed21-20261004,3,3,output,skewness,0.3686199321569652,0
fedavg-mnist-iid-reference-seed21-20261004,3,3,output,kurtosis,4.502065836909394,0
fedavg-mnist-iid-reference-seed21-20261004,3,4,conv1,mean,0.0014231806424504611,0
fedavg-mnist-iid-reference-seed21-20261004,3,4,conv1,std,0.001405422024309521,0
fedavg-mnist-iid-reference-seed21-20261004,3,4,conv1,median,0.001123093068599701,0
fedavg-mnist-iid-reference-seed21-20261004,3,4,conv1,min,-0.0008017458021640778,0
fedavg-mnist-iid-reference-seed21-20261004,3,4,conv1,max,0.004705071449279785,0
fedavg-mnist-iid-reference-seed21-20261004,3,4,conv1,l1,0.2451114939758554,0
fedavg-mnist-iid-reference-seed21-20261004,3,4,conv1,l2,0.02530028998240132,0
fedavg-mnist-iid-reference-seed21-20261004,3,4,conv1,max_abs,0.004705071449279785,0
fedavg-mnist-iid-reference-seed21-20261004,3,4,conv1,sparsity,0.0,0
fedavg-mnist-iid-reference-seed21-20261004,3,4,conv1,skewness,0.5376322637746768,0
fedavg-mnist-iid-reference-seed21-20261004,3,4,conv1,kurtosis,-0.7199622188990871,0
fedavg-mnist-iid-reference-seed21-20261004,3,4,conv2,mean,0.00038264501867443275,0
fedavg-mnist-iid-reference-seed21-20261004,3,4,conv2,std,0.0006499929585890383,0
fedavg-mnist-iid-reference-seed21-20261004,3,4,conv2,median,0.00015808548778295517,0
fedavg-mnist-iid-reference-seed21-20261004,3,4,conv2,min,-0.0011527538299560547,0
fedavg-mnist-iid-reference-seed21-20261004,3,4,conv2,max,0.005136627703905106,0
fedavg-mnist-iid-reference-seed21-20261004,3,4,conv2,l1,2.150117106597463,0
fedavg-mnist-iid-reference-seed21-20261004,3,4,conv2,l2,0.051378335729245196,0
fedavg-mnist-iid-reference-seed21-20261004,3,4,conv2,max_abs,0.005136627703905106,0
fedavg-mnist-iid-reference-seed21-20261004,3,4,conv2,sparsity,0.0,0
fedavg-mnist-iid-reference-seed21-20261004,3,4,conv2,skewness,1.8794237265640237,0
fedavg-mnist-iid-reference-seed21-20261004,3,4,conv2,kurtosis,4.6215133384437515,0
fedavg-mnist-iid-reference-seed21-20261004,3,4,fc1,mean,5.0775088491964374e-05,0
fedavg-mnist-iid-reference-seed21-20261004,3,4,fc1,std,0.0003548100088774653,0
fedavg-mnist-iid-reference-seed21-20261004,3,4,fc1,median,0.0,0
fedavg-mnist-iid-reference-seed21-20261004,3,4,fc1,min,-0.004598257131874561,0
fedavg-mnist-iid-reference-seed21-20261004,3,4,fc1,max,0.004812559112906456,0
fedavg-mnist-iid-reference-seed21-20261004,3,4,fc1,l1,16.083066326597873,0
fedavg-mnist-iid-reference-seed21-20261004,3,4,fc1,l2,0.11357934668739715,0
fedavg-mnist-iid-reference-seed21-20261004,3,4,fc1,max_abs,0.004812559112906456,0
fedavg-mnist-iid-reference-seed21-20261004,3,4,fc1,sparsity,0.11872609942638623,0
fedavg-mnist-iid-reference-seed21-20261004,3,4,fc1,skewness,1.4198711545141385,0
fedavg-mnist-iid-reference-seed21-20261004,3,4,fc1,kurtosis,19.422610509259368,0
fedavg-mnist-iid-reference-seed21-20261004,3,4,output,mean,-2.4484506866429e-10,0
fedavg-mnist-iid-reference-seed21-20261004,3,4,output,std,0.0013119647165364227,0
fedavg-mnist-iid-reference-seed21-20261004,3,4,output,median,-2.1044154436822282e-06,0
fedavg-mnist-iid-reference-seed21-20261004,3,4,output,min,-0.004863761365413666,0
fedavg-mnist-iid-reference-seed21-20261004,3,4,output,max,0.006706684827804565,0
fedavg-mnist-iid-reference-seed21-20261004,3,4,output,l1,0.5096763058777469,0
fedavg-mnist-iid-reference-seed21-20261004,3,4,output,l2,0.033448668453822814,0
fedavg-mnist-iid-reference-seed21-20261004,3,4,output,max_abs,0.006706684827804565,0
fedavg-mnist-iid-reference-seed21-20261004,3,4,output,sparsity,0.06153846153846154,0
fedavg-mnist-iid-reference-seed21-20261004,3,4,output,skewness,0.8376064343997562,0
fedavg-mnist-iid-reference-seed21-20261004,3,4,output,kurtosis,3.713801307578609,0
fedavg-mnist-iid-reference-seed21-20261004,4,0,conv1,mean,0.002226331562997075,0
fedavg-mnist-iid-reference-seed21-20261004,4,0,conv1,std,0.0020159259560913177,0
fedavg-mnist-iid-reference-seed21-20261004,4,0,conv1,median,0.0018084049224853516,0
fedavg-mnist-iid-reference-seed21-20261004,4,0,conv1,min,-0.000807570293545723,0
fedavg-mnist-iid-reference-seed21-20261004,4,0,conv1,max,0.007555127143859863,0
fedavg-mnist-iid-reference-seed21-20261004,4,0,conv1,l1,0.36940048832912,0
fedavg-mnist-iid-reference-seed21-20261004,4,0,conv1,l2,0.03799054553720373,0
fedavg-mnist-iid-reference-seed21-20261004,4,0,conv1,max_abs,0.007555127143859863,0
fedavg-mnist-iid-reference-seed21-20261004,4,0,conv1,sparsity,0.0,0
fedavg-mnist-iid-reference-seed21-20261004,4,0,conv1,skewness,0.5885304867031756,0
fedavg-mnist-iid-reference-seed21-20261004,4,0,conv1,kurtosis,-0.5476791145486208,0
fedavg-mnist-iid-reference-seed21-20261004,4,0,conv2,mean,0.0005059792804817774,0
fedavg-mnist-iid-reference-seed21-20261004,4,0,conv2,std,0.0008755940856900692,0
fedavg-mnist-iid-reference-seed21-20261004,4,0,conv2,median,0.0001565590500831604,0
fedavg-mnist-iid-reference-seed21-20261004,4,0,conv2,min,-0.0012756586074829102,0
fedavg-mnist-iid-reference-seed21-20261004,4,0,conv2,max,0.007039353251457214,0
fedavg-mnist-iid-reference-seed21-20261004,4,0,conv2,l1,2.7563134468218777,0
fedavg-mnist-iid-reference-seed21-20261004,4,0,conv2,l2,0.06888566877950307,0
fedavg-mnist-iid-reference-seed21-20261004,4,0,conv2,max_abs,0.007039353251457214,0
fedavg-mnist-iid-reference-seed21-20261004,4,0,conv2,sparsity,0.0,0
fedavg-mnist-iid-reference-seed21-20261004,4,0,conv2,skewness,1.9969319688900262,0
fedavg-mnist-iid-reference-seed21-20261004,4,0,conv2,kurtosis,4.934676315155683,0
fedavg-mnist-iid-reference-seed21-20261004,4,0,fc1,mean,4.659552666467122e-05,0
fedavg-mnist-iid-reference-seed21-20261004,4,0,fc1,std,0.00037596490545216285,0
fedavg-mnist-iid-reference-seed21-20261004,4,0,fc1,median,0.0,0
fedavg-mnist-iid-reference-seed21-20261004,4,0,fc1,min,-0.005679293069988489,0
fedavg-mnist-iid-reference-seed21-20261004,4,0,fc1,max,0.00434111338108778,0
fedavg-mnist-iid-reference-seed21-20261004,4,0,fc1,l1,16.775292048388792,0
fedavg-mnist-iid-reference-seed21-20261004,4,0,fc1,l2,0.12004907312023569,0
fedavg-mnist-iid-reference-seed21-20261004,4,0,fc1,max_abs,0.005679293069988489,0
fedavg-mnist-iid-reference-seed21-20261004,4,0,fc1,sparsity,0.1316822020395156,0
fedavg-mnist-iid-reference-seed21-20261004,4,0,fc1,skewness,1.3338708243815132,0
fedavg-mnist-iid-reference-seed21-20261004,4,0,fc1,kurtosis,18.09028681700401,0
fedavg-mnist-iid-reference-seed21-20261004,4,0,output,mean,1.539704568970662e-11,0
fedavg-mnist-iid-reference-seed21-20261004,4,0,output,std,0.0017385971420775031,0
fedavg-mnist-iid-reference-seed21-20261004,4,0,output,median,-1.1529773473739624e-06,0
fedavg-mnist-iid-reference-seed21-20261004,4,0,output,min,-0.007083103060722351,0
fedavg-mnist-iid-reference-seed21-20261004,4,0,output,max,0.007502846419811249,0
fedavg-mnist-iid-reference-seed21-20261004,4,0,output,l1,0.6826333897224686,0
fedavg-mnist-iid-reference-seed21-20261004,4,0,output,l2,0.04432570376864918,0
fedavg-mnist-iid-reference-seed21-20261004,4,0,output,max_abs,0.007502846419811249,0
fedavg-mnist-iid-reference-seed21-20261004,4,0,output,sparsity,0.07692307692307693,0
fedavg-mnist-iid-reference-seed21-20261004,4,0,output,skewness,0.40822597427965246,0
fedavg-mnist-iid-reference-seed21-20261004,4,0,output,kurtosis,3.4268828143644425,0
fedavg-mnist-iid-reference-seed21-20261004,4,1,conv1,mean,0.0020620249306375626,0
fedavg-mnist-iid-reference-seed21-20261004,4,1,conv1,std,0.0019118859357960013,0
fedavg-mnist-iid-reference-seed21-20261004,4,1,conv1,median,0.0016978755593299866,0
fedavg-mnist-iid-reference-seed21-20261004,4,1,conv1,min,-0.0006819684058427811,0
fedavg-mnist-iid-reference-seed21-20261004,4,1,conv1,max,0.006547152996063232,0
fedavg-mnist-iid-reference-seed21-20261004,4,1,conv1,l1,0.34433033282402903,0
fedavg-mnist-iid-reference-seed21-20261004,4,1,conv1,l2,0.03556909815233531,0
fedavg-mnist-iid-reference-seed21-20261004,4,1,conv1,max_abs,0.006547152996063232,0
fedavg-mnist-iid-reference-seed21-20261004,4,1,conv1,sparsity,0.0,0
fedavg-mnist-iid-reference-seed21-20261004,4,1,conv1,skewness,0.5623810453557301,0
fedavg-mnist-iid-reference-seed21-20261004,4,1,conv1,kurtosis,-0.6695400194730898,0
fedavg-mnist-iid-reference-seed21-20261004,4,1,conv2,mean,0.0004710862963449848,0
fedavg-mnist-iid-reference-seed21-20261004,4,1,conv2,std,0.0008086843205165454,0
fedavg-mnist-iid-reference-seed21-20261004,4,1,conv2,median,0.0001631714403629303,0
fedavg-mnist-iid-reference-seed21-20261004,4,1,conv2,min,-0.001337096095085144,0
fedavg-mnist-iid-reference-seed21-20261004,4,1,conv2,max,0.0061752572655677795,0
fedavg-mnist-iid-reference-seed21-20261004,4,1,conv2,l1,2.573677744163433,0
fedavg-mnist-iid-reference-seed21-20261004,4,1,conv2,l2,0.06375062194111918,0
fedavg-mnist-iid-reference-seed21-20261004,4,1,conv2,max_abs,0.0061752572655677795,0
fedavg-mnist-iid-reference-seed21-20261004,4,1,conv2,sparsity,0.0,0
fedavg-mnist-iid-reference-seed21-20261004,4,1,conv2,skewness,2.034000680449947,0
fedavg-mnist-iid-reference-seed21-20261004,4,1,conv2,kurtosis,5.388135570570492,0
fedavg-mnist-iid-reference-seed21-20261004,4,1,fc1,mean,3.3109746411715e-05,0
fedavg-mnist-iid-reference-seed21-20261004,4,1,fc1,std,0.00035094426144778487,0
fedavg-mnist-iid-reference-seed21-20261004,4,1,fc1,median,0.0,0
fedavg-mnist-iid-reference-seed21-20261004,4,1,fc1,min,-0.0042436132207512856,0
fedavg-mnist-iid-reference-seed21-20261004,4,1,fc1,max,0.0047706542536616325,0
fedavg-mnist-iid-reference-seed21-20261004,4,1,fc1,l1,15.740165542655404,0
fedavg-mnist-iid-reference-seed21-20261004,4,1,fc1,l2,0.11170275008753082,0
fedavg-mnist-iid-reference-seed21-20261004,4,1,fc1,max_abs,0.0047706542536616325,0
fedavg-mnist-iid-reference-seed21-20261004,4,1,fc1,sparsity,0.1280971159974506,0
fedavg-mnist-iid-reference-seed21-20261004,4,1,fc1,skewness,1.3317075938955647,0
fedavg-mnist-iid-reference-seed21-20261004,4,1,fc1,kurtosis,19.151691159262576,0
fedavg-mnist-iid-reference-seed21-20261004,4,1,output,mean,7.2423762713487334e-12,0
fedavg-mnist-iid-reference-seed21-20261004,4,1,output,std,0.001696587108054046,0
fedavg-mnist-iid-reference-seed21-20261004,4,1,output,median,-1.8710270524024963e-06,0
fedavg-mnist-iid-reference-seed21-20261004,4,1,output,min,-0.008397653698921204,0
fedavg-mnist-iid-reference-seed21-20261004,4,1,output,max,0.007399626076221466,0
fedavg-mnist-iid-reference-seed21-20261004,4,1,output,l1,0.6643159363375162,0
fedavg-mnist-iid-reference-seed21-20261004,4,1,output,l2,0.04325465385238766,0
fedavg-mnist-iid-reference-seed21-20261004,4,1,output,max_abs,0.008397653698921204,0
fedavg-mnist-iid-reference-seed21-20261004,4,1,output,sparsity,0.07692307692307693,0
fedavg-mnist-iid-reference-seed21-20261004,4,1,output,skewness,-0.2178932577297412,0
fedavg-mnist-iid-reference-seed21-20261004,4,1,output,kurtosis,3.7396846992323614,0
fedavg-mnist-iid-reference-seed21-20261004,4,2,conv1,mean,0.0022200364132004325,0
fedavg-mnist-iid-reference-seed21-20261004,4,2,conv1,std,0.002068977432846665,0
fedavg-mnist-iid-reference-seed21-20261004,4,2,conv1,median,0.001817997545003891,0
fedavg-mnist-iid-reference-seed21-20261004,4,2,conv1,min,-0.0008888542652130127,0
fedavg-mnist-iid-reference-seed21-20261004,4,2,conv1,max,0.007701084017753601,0
fedavg-mnist-iid-reference-seed21-20261004,4,2,conv1,l1,0.36972433293703943,0
fedavg-mnist-iid-reference-seed21-20261004,4,2,conv1,l2,0.038385891769898206,0
fedavg-mnist-iid-reference-seed21-20261004,4,2,conv1,max_abs,0.007701084017753601,0
fedavg-mnist-iid-reference-seed21-20261004,4,2,conv1,sparsity,0.0,0
fedavg-mnist-iid-reference-seed21-20261004,4,2,conv1,skewness,0.6543701651572477,0
fedavg-mnist-iid-reference-seed21-20261004,4,2,conv1,kurtosis,-0.3794408621754348,0
fedavg-mnist-iid-reference-seed21-20261004,4,2,conv2,mean,0.0005108813752626859,0
fedavg-mnist-iid-reference-seed21-20261004,4,2,conv2,std,0.0008801076010381998,0
fedavg-mnist-iid-reference-seed21-20261004,4,2,conv2,median,0.0001754829427227378,0
fedavg-mnist-iid-reference-seed21-20261004,4,2,conv2,min,-0.0014880560338497162,0
fedavg-mnist-iid-reference-seed21-20261004,4,2,conv2,max,0.006550110876560211,0
fedavg-mnist-iid-reference-seed21-20261004,4,2,conv2,l1,2.8089134436522727,0
fedavg-mnist-iid-reference-seed21-20261004,4,2,conv2,l2,0.06931907200864101,0
fedavg-mnist-iid-reference-seed21-20261004,4,2,conv2,max_abs,0.006550110876560211,0
fedavg-mnist-iid-reference-seed21-20261004,4,2,conv2,sparsity,0.0,0
fedavg-mnist-iid-reference-seed21-20261004,4,2,conv2,skewness,1.9643384849675234,0
fedavg-mnist-iid-reference-seed21-20261004,4,2,conv2,kurtosis,4.7815420547973755,0
fedavg-mnist-iid-reference-seed21-20261004,4,2,fc1,mean,3.255677252990248e-05,0
fedavg-mnist-iid-reference-seed21-20261004,4,2,fc1,std,0.00040884307486616523,0
fedavg-mnist-iid-reference-seed21-20261004,4,2,fc1,median,0.0,0
fedavg-mnist-iid-reference-seed21-20261004,4,2,fc1,min,-0.006697324104607105,0
fedavg-mnist-iid-reference-seed21-20261004,4,2,fc1,max,0.006194666028022766,0
fedavg-mnist-iid-reference-seed21-20261004,4,2,fc1,l1,17.8836954813371,0
fedavg-mnist-iid-reference-seed21-20261004,4,2,fc1,l2,0.1299662909116543,0
fedavg-mnist-iid-reference-seed21-20261004,4,2,fc1,max_abs,0.006697324104607105,0
fedavg-mnist-iid-reference-seed21-20261004,4,2,fc1,sparsity,0.14477772466539196,0
fedavg-mnist-iid-reference-seed21-20261004,4,2,fc1,skewness,1.0781017674253668,0
fedavg-mnist-iid-reference-seed21-20261004,4,2,fc1,kurtosis,22.80005267819565,0
fedavg-mnist-iid-reference-seed21-20261004,4,2,output,mean,1.294700688539216e-10,0
fedavg-mnist-iid-reference-seed21-20261004,4,2,output,std,0.0019349108111550576,0
fedavg-mnist-iid-reference-seed21-20261004,4,2,output,median,-1.341104507446289e-06,0
fedavg-mnist-iid-reference-seed21-20261004,4,2,output,min,-0.007237985730171204,0
fedavg-mnist-iid-reference-seed21-20261004,4,2,output,max,0.011665292084217072,0
fedavg-mnist-iid-reference-seed21-20261004,4,2,output,l1,0.7493167572083621,0
fedavg-mnist-iid-reference-seed21-20261004,4,2,output,l2,0.049330739915706516,0
fedavg-mnist-iid-reference-seed21-20261004,4,2,output,max_abs,0.011665292084217072,0
fedavg-mnist-iid-reference-seed21-20261004,4,2,output,sparsity,0.09230769230769231,0
fedavg-mnist-iid-reference-seed21-20261004,4,2,output,skewness,0.7805689014268805,0
fedavg-mnist-iid-reference-seed21-20261004,4,2,output,kurtosis,4.982184731196965,0
fedavg-mnist-iid-reference-seed21-20261004,4,3,conv1,mean,0.0021234595194982832,0
fedavg-mnist-iid-reference-seed21-20261004,4,3,conv1,std,0.001937483515168177,0
fedavg-mnist-iid-reference-seed21-20261004,4,3,conv1,median,0.0016299807466566563,0
fedavg-mnist-iid-reference-seed21-20261004,4,3,conv1,min,-0.0006389766931533813,0
fedavg-mnist-iid-reference-seed21-20261004,4,3,conv1,max,0.006971806287765503,0
fedavg-mnist-iid-reference-seed21-20261004,4,3,conv1,l1,0.3493568036938086,0
fedavg-mnist-iid-reference-seed21-20261004,4,3,conv1,l2,0.036360247969443364,0
fedavg-mnist-iid-reference-seed21-20261004,4,3,conv1,max_abs,0.006971806287765503,0
fedavg-mnist-iid-reference-seed21-20261004,4,3,conv1,sparsity,0.0,0
fedavg-mnist-iid-reference-seed21-20261004,4,3,conv1,skewness,0.6533848182695414,0
fedavg-mnist-iid-reference-seed21-20261004,4,3,conv1,kurtosis,-0.5558947646029235,0
fedavg-mnist-iid-reference-seed21-20261004,4,3,conv2,mean,0.0004929310405243776,0
fedavg-mnist-iid-reference-seed21-20261004,4,3,conv2,std,0.0008477487434679257,0
fedavg-mnist-iid-reference-seed21-20261004,4,3,conv2,median,0.0001758374273777008,0
fedavg-mnist-iid-reference-seed21-20261004,4,3,conv2,min,-0.0017423853278160095,0
fedavg-mnist-iid-reference-seed21-20261004,4,3,conv2,max,0.00749313086271286,0
fedavg-mnist-iid-reference-seed21-20261004,4,3,conv2,l1,2.668827989298734,0
fedavg-mnist-iid-reference-seed21-20261004,4,3,conv2,l2,0.06679893333298416,0
fedavg-mnist-iid-reference-seed21-20261004,4,3,conv2,max_abs,0.00749313086271286,0
fedavg-mnist-iid-reference-seed21-20261004,4,3,conv2,sparsity,0.0,0
fedavg-mnist-iid-reference-seed21-20261004,4,3,conv2,skewness,2.1685313048699593,0
fedavg-mnist-iid-reference-seed21-20261004,4,3,conv2,kurtosis,6.442425942577538,0
fedavg-mnist-iid-reference-seed21-20261004,4,3,fc1,mean,4.4429902794442804e-05,0
fedavg-mnist-iid-reference-seed21-20261004,4,3,fc1,std,0.0003760012206652012,0
fedavg-mnist-iid-reference-seed21-20261004,4,3,fc1,median,0.0,0
fedavg-mnist-iid-reference-seed21-20261004,4,3,fc1,min,-0.006235870998352766,0
fedavg-mnist-iid-reference-seed21-20261004,4,3,fc1,max,0.004584426525980234,0
fedavg-mnist-iid-reference-seed21-20261004,4,3,fc1,l1,16.656761119082148,0
fedavg-mnist-iid-reference-seed21-20261004,4,3,fc1,l2,0.11997802885959322,0
fedavg-mnist-iid-reference-seed21-20261004,4,3,fc1,max_abs,0.006235870998352766,0
fedavg-mnist-iid-reference-seed21-20261004,4,3,fc1,sparsity,0.147217574888464,0
fedavg-mnist-iid-reference-seed21-20261004,4,3,fc1,skewness,1.1749065588659058,0
fedavg-mnist-iid-reference-seed21-20261004,4,3,fc1,kurtosis,22.50738336932917,0
fedavg-mnist-iid-reference-seed21-20261004,4,3,output,mean,-1.0619225157335257e-10,0
fedavg-mnist-iid-reference-seed21-20261004,4,3,output,std,0.0018488724238310882,0
fedavg-mnist-iid-reference-seed21-20261004,4,3,output,median,-8.940696716308594e-07,0
fedavg-mnist-iid-reference-seed21-20261004,4,3,output,min,-0.007841765880584717,0
fedavg-mnist-iid-reference-seed21-20261004,4,3,output,max,0.009189233183860779,0
fedavg-mnist-iid-reference-seed21-20261004,4,3,output,l1,0.7115751513140367,0
fedavg-mnist-iid-reference-seed21-20261004,4,3,output,l2,0.04713718283629162,0
fedavg-mnist-iid-reference-seed21-20261004,4,3,output,max_abs,0.009189233183860779,0
fedavg-mnist-iid-reference-seed21-20261004,4,3,output,sparsity,0.09230769230769231,0
fedavg-mnist-iid-reference-seed21-20261004,4,3,output,skewness,0.2593660548519613,0
fedavg-mnist-iid-reference-seed21-20261004,4,3,output,kurtosis,3.920261265281062,0
fedavg-mnist-iid-reference-seed21-20261004,4,4,conv1,mean,0.0022792232535721268,0
fedavg-mnist-iid-reference-seed21-20261004,4,4,conv1,std,0.0021330774694955285,0
fedavg-mnist-iid-reference-seed21-20261004,4,4,conv1,median,0.0018669143319129944,0
fedavg-mnist-iid-reference-seed21-20261004,4,4,conv1,min,-0.0009612254798412323,0
fedavg-mnist-iid-reference-seed21-20261004,4,4,conv1,max,0.007668584585189819,0
fedavg-mnist-iid-reference-seed21-20261004,4,4,conv1,l1,0.3842180495848879,0
fedavg-mnist-iid-reference-seed21-20261004,4,4,conv1,l2,0.039486459715691626,0
fedavg-mnist-iid-reference-seed21-20261004,4,4,conv1,max_abs,0.007668584585189819,0
fedavg-mnist-iid-reference-seed21-20261004,4,4,conv1,sparsity,0.0,0
fedavg-mnist-iid-reference-seed21-20261004,4,4,conv1,skewness,0.565202983366975,0
fedavg-mnist-iid-reference-seed21-20261004,4,4,conv1,kurtosis,-0.6209566161388098,0
fedavg-mnist-iid-reference-seed21-20261004,4,4,conv2,mean,0.0005346086744111745,0
fedavg-mnist-iid-reference-seed21-20261004,4,4,conv2,std,0.0008924116204639597,0
fedavg-mnist-iid-reference-seed21-20261004,4,4,conv2,median,0.00020415149629116058,0
fedavg-mnist-iid-reference-seed21-20261004,4,4,conv2,min,-0.001417301595211029,0
fedavg-mnist-iid-reference-seed21-20261004,4,4,conv2,max,0.00752759724855423,0
fedavg-mnist-iid-reference-seed21-20261004,4,4,conv2,l1,2.858174008473725,0
fedavg-mnist-iid-reference-seed21-20261004,4,4,conv2,l2,0.07086205542347608,0
fedavg-mnist-iid-reference-seed21-20261004,4,4,conv2,max_abs,0.00752759724855423,0
fedavg-mnist-iid-reference-seed21-20261004,4,4,conv2,sparsity,0.0,0
fedavg-mnist-iid-reference-seed21-20261004,4,4,conv2,skewness,2.0949064108056663,0
fedavg-mnist-iid-reference-seed21-20261004,4,4,conv2,kurtosis,5.829866000516805,0
fedavg-mnist-iid-reference-seed21-20261004,4,4,fc1,mean,5.659698077712873e-05,0
fedavg-mnist-iid-reference-seed21-20261004,4,4,fc1,std,0.0003968297373019986,0
fedavg-mnist-iid-reference-seed21-20261004,4,4,fc1,median,0.0,0
fedavg-mnist-iid-reference-seed21-20261004,4,4,fc1,min,-0.005225743167102337,0
fedavg-mnist-iid-reference-seed21-20261004,4,4,fc1,max,0.005264823324978352,0
fedavg-mnist-iid-reference-seed21-20261004,4,4,fc1,l1,17.641035643264104,0
fedavg-mnist-iid-reference-seed21-20261004,4,4,fc1,l2,0.12702183875389436,0
fedavg-mnist-iid-reference-seed21-20261004,4,4,fc1,max_abs,0.005264823324978352,0
fedavg-mnist-iid-reference-seed21-20261004,4,4,fc1,sparsity,0.13224984066284257,0
fedavg-mnist-iid-reference-seed21-20261004,4,4,fc1,skewness,1.4713858180210049,0
fedavg-mnist-iid-reference-seed21-20261004,4,4,fc1,kurtosis,20.574136607006434,0
fedavg-mnist-iid-reference-seed21-20261004,4,4,output,mean,-2.545833082806964e-10,0
fedavg-mnist-iid-reference-seed21-20261004,4,4,output,std,0.0017927264554885066,0
fedavg-mnist-iid-reference-seed21-20261004,4,4,output,median,-1.4430380588237313e-06,0
fedavg-mnist-iid-reference-seed21-20261004,4,4,output,min,-0.0067809224128723145,0
fedavg-mnist-iid-reference-seed21-20261004,4,4,output,max,0.009181737899780273,0
fedavg-mnist-iid-reference-seed21-20261004,4,4,output,l1,0.7117596340196997,0
fedavg-mnist-iid-reference-seed21-20261004,4,4,output,l2,0.04570573589535007,0
fedavg-mnist-iid-reference-seed21-20261004,4,4,output,max_abs,0.009181737899780273,0
fedavg-mnist-iid-reference-seed21-20261004,4,4,output,sparsity,0.07692307692307693,0
fedavg-mnist-iid-reference-seed21-20261004,4,4,output,skewness,0.5083766442590234,0
fedavg-mnist-iid-reference-seed21-20261004,4,4,output,kurtosis,2.901465970924379,0
fedavg-mnist-iid-reference-seed21-20261004,5,0,conv1,mean,0.003104821483429987,0
fedavg-mnist-iid-reference-seed21-20261004,5,0,conv1,std,0.0027338969156216176,0
fedavg-mnist-iid-reference-seed21-20261004,5,0,conv1,median,0.002652078866958618,0
fedavg-mnist-iid-reference-seed21-20261004,5,0,conv1,min,-0.0009001791477203369,0
fedavg-mnist-iid-reference-seed21-20261004,5,0,conv1,max,0.010516196489334106,0
fedavg-mnist-iid-reference-seed21-20261004,5,0,conv1,l1,0.5116029467899352,0
fedavg-mnist-iid-reference-seed21-20261004,5,0,conv1,l2,0.05232836139488991,0
fedavg-mnist-iid-reference-seed21-20261004,5,0,conv1,max_abs,0.010516196489334106,0
fedavg-mnist-iid-reference-seed21-20261004,5,0,conv1,sparsity,0.0,0
fedavg-mnist-iid-reference-seed21-20261004,5,0,conv1,skewness,0.5660162378519067,0
fedavg-mnist-iid-reference-seed21-20261004,5,0,conv1,kurtosis,-0.5255073249550031,0
fedavg-mnist-iid-reference-seed21-20261004,5,0,conv2,mean,0.0006501435619838958,0
fedavg-mnist-iid-reference-seed21-20261004,5,0,conv2,std,0.0010818727672953843,0
fedavg-mnist-iid-reference-seed21-20261004,5,0,conv2,median,0.00020108278840780258,0
fedavg-mnist-iid-reference-seed21-20261004,5,0,conv2,min,-0.001466125249862671,0
fedavg-mnist-iid-reference-seed21-20261004,5,0,conv2,max,0.00868910551071167,0
fedavg-mnist-iid-reference-seed21-20261004,5,0,conv2,l1,3.4013843294196704,0
fedavg-mnist-iid-reference-seed21-20261004,5,0,conv2,l2,0.08597760149092779,0
fedavg-mnist-iid-reference-seed21-20261004,5,0,conv2,max_abs,0.00868910551071167,0
fedavg-mnist-iid-reference-seed21-20261004,5,0,conv2,sparsity,0.0,0
fedavg-mnist-iid-reference-seed21-20261004,5,0,conv2,skewness,2.034916823761914,0
fedavg-mnist-iid-reference-seed21-20261004,5,0,conv2,kurtosis,5.045029841456524,0
fedavg-mnist-iid-reference-seed21-20261004,5,0,fc1,mean,4.693031000500483e-05,0
fedavg-mnist-iid-reference-seed21-20261004,5,0,fc1,std,0.00040501993984386203,0
fedavg-mnist-iid-reference-seed21-20261004,5,0,fc1,median,0.0,0
fedavg-mnist-iid-reference-seed21-20261004,5,0,fc1,min,-0.006536304950714111,0
fedavg-mnist-iid-reference-seed21-20261004,5,0,fc1,max,0.004746396094560623,0
fedavg-mnist-iid-reference-seed21-20261004,5,0,fc1,l1,17.783932096491753,0
fedavg-mnist-iid-reference-seed21-20261004,5,0,fc1,l2,0.12920339742741735,0
fedavg-mnist-iid-reference-seed21-20261004,5,0,fc1,max_abs,0.006536304950714111,0
fedavg-mnist-iid-reference-seed21-20261004,5,0,fc1,sparsity,0.1468889420012747,0
fedavg-mnist-iid-reference-seed21-20261004,5,0,fc1,skewness,1.3164947641337927,0
fedavg-mnist-iid-reference-seed21-20261004,5,0,fc1,kurtosis,19.058843511594514,0
fedavg-mnist-iid-reference-seed21-20261004,5,0,output,mean,-2.608178944613498e-10,0
fedavg-mnist-iid-reference-seed21-20261004,5,0,output,std,0.0022924406386664493,0
fedavg-mnist-iid-reference-seed21-20261004,5,0,output,median,-2.789311110973358e-07,0
fedavg-mnist-iid-reference-seed21-20261004,5,0,output,min,-0.009352512657642365,0
fedavg-mnist-iid-reference-seed21-20261004,5,0,output,max,0.009908996522426605,0
fedavg-mnist-iid-reference-seed21-20261004,5,0,output,l1,0.9160364745494007,0
fedavg-mnist-iid-reference-seed21-20261004,5,0,output,l2,0.058445997751567044,0
fedavg-mnist-iid-reference-seed21-20261004,5,0,output,max_abs,0.009908996522426605,0
fedavg-mnist-iid-reference-seed21-20261004,5,0,output,sparsity,0.09230769230769231,0
fedavg-mnist-iid-reference-seed21-20261004,5,0,output,skewness,0.1634019820717115,0
fedavg-mnist-iid-reference-seed21-20261004,5,0,output,kurtosis,2.986360629618206,0
fedavg-mnist-iid-reference-seed21-20261004,5,1,conv1,mean,0.002956979053851683,0
fedavg-mnist-iid-reference-seed21-20261004,5,1,conv1,std,0.0026502666089037036,0
fedavg-mnist-iid-reference-seed21-20261004,5,1,conv1,median,0.0024047493934631348,0
fedavg-mnist-iid-reference-seed21-20261004,5,1,conv1,min,-0.0008321087807416916,0
fedavg-mnist-iid-reference-seed21-20261004,5,1,conv1,max,0.00956583023071289,0
fedavg-mnist-iid-reference-seed21-20261004,5,1,conv1,l1,0.48959006858058274,0
fedavg-mnist-iid-reference-seed21-20261004,5,1,conv1,l2,0.05022770267203154,0
fedavg-mnist-iid-reference-seed21-20261004,5,1,conv1,max_abs,0.00956583023071289,0
fedavg-mnist-iid-reference-seed21-20261004,5,1,conv1,sparsity,0.0,0
fedavg-mnist-iid-reference-seed21-20261004,5,1,conv1,skewness,0.5510570283154205,0
fedavg-mnist-iid-reference-seed21-20261004,5,1,conv1,kurtosis,-0.6280615443863535,0
fedavg-mnist-iid-reference-seed21-20261004,5,1,conv2,mean,0.0006203627440864411,0
fedavg-mnist-iid-reference-seed21-20261004,5,1,conv2,std,0.0010376007166334003,0
fedavg-mnist-iid-reference-seed21-20261004,5,1,conv2,median,0.00019571557641029358,0
fedavg-mnist-iid-reference-seed21-20261004,5,1,conv2,min,-0.0013244934380054474,0
fedavg-mnist-iid-reference-seed21-20261004,5,1,conv2,max,0.00827592983841896,0
fedavg-mnist-iid-reference-seed21-20261004,5,1,conv2,l1,3.263546592716011,0
fedavg-mnist-iid-reference-seed21-20261004,5,1,conv2,l2,0.08234803240962062,0
fedavg-mnist-iid-reference-seed21-20261004,5,1,conv2,max_abs,0.00827592983841896,0
fedavg-mnist-iid-reference-seed21-20261004,5,1,conv2,sparsity,0.0,0
fedavg-mnist-iid-reference-seed21-20261004,5,1,conv2,skewness,2.0953642846360596,0
fedavg-mnist-iid-reference-seed21-20261004,5,1,conv2,kurtosis,5.643917735723445,0
fedavg-mnist-iid-reference-seed21-20261004,5,1,fc1,mean,3.1854011524209305e-05,0
fedavg-mnist-iid-reference-seed21-20261004,5,1,fc1,std,0.0003952253444457419,0
fedavg-mnist-iid-reference-seed21-20261004,5,1,fc1,median,0.0,0
fedavg-mnist-iid-reference-seed21-20261004,5,1,fc1,min,-0.004865317605435848,0
fedavg-mnist-iid-reference-seed21-20261004,5,1,fc1,max,0.005946551449596882,0
fedavg-mnist-iid-reference-seed21-20261004,5,1,fc1,l1,17.400203709501284,0
fedavg-mnist-iid-reference-seed21-20261004,5,1,fc1,l2,0.12564703609172814,0
fedavg-mnist-iid-reference-seed21-20261004,5,1,fc1,max_abs,0.005946551449596882,0
fedavg-mnist-iid-reference-seed21-20261004,5,1,fc1,sparsity,0.13088551625239006,0
fedavg-mnist-iid-reference-seed21-20261004,5,1,fc1,skewness,1.4048215543702598,0
fedavg-mnist-iid-reference-seed21-20261004,5,1,fc1,kurtosis,20.462962740254643,0
fedavg-mnist-iid-reference-seed21-20261004,5,1,output,mean,2.1680114934077629e-10,0
fedavg-mnist-iid-reference-seed21-20261004,5,1,output,std,0.0023566987008379744,0
fedavg-mnist-iid-reference-seed21-20261004,5,1,output,median,-1.0784715414047241e-06,0
fedavg-mnist-iid-reference-seed21-20261004,5,1,output,min,-0.010900437831878662,0
fedavg-mnist-iid-reference-seed21-20261004,5,1,output,max,0.010308697819709778,0
fedavg-mnist-iid-reference-seed21-20261004,5,1,output,l1,0.9260099583189003,0
fedavg-mnist-iid-reference-seed21-20261004,5,1,output,l2,0.06008426331615824,0
fedavg-mnist-iid-reference-seed21-20261004,5,1,output,max_abs,0.010900437831878662,0
fedavg-mnist-iid-reference-seed21-20261004,5,1,output,sparsity,0.07692307692307693,0
fedavg-mnist-iid-reference-seed21-20261004,5,1,output,skewness,-0.19292917550002336,0
fedavg-mnist-iid-reference-seed21-20261004,5,1,output,kurtosis,3.4950742509903208,0
fedavg-mnist-iid-reference-seed21-20261004,5,2,conv1,mean,0.0032019462232710794,0
fedavg-mnist-iid-reference-seed21-20261004,5,2,conv1,std,0.0028720245690846773,0
fedavg-mnist-iid-reference-seed21-20261004,5,2,conv1,median,0.002770993858575821,0
fedavg-mnist-iid-reference-seed21-20261004,5,2,conv1,min,-0.0009622126817703247,0
fedavg-mnist-iid-reference-seed21-20261004,5,2,conv1,max,0.010993659496307373,0
fedavg-mnist-iid-reference-seed21-20261004,5,2,conv1,l1,0.528947435785085,0
fedavg-mnist-iid-reference-seed21-20261004,5,2,conv1,l2,0.054407330009322755,0
fedavg-mnist-iid-reference-seed21-20261004,5,2,conv1,max_abs,0.010993659496307373,0
fedavg-mnist-iid-reference-seed21-20261004,5,2,conv1,sparsity,0.0,0
fedavg-mnist-iid-reference-seed21-20261004,5,2,conv1,skewness,0.6050244430643886,0
fedavg-mnist-iid-reference-seed21-20261004,5,2,conv1,kurtosis,-0.4088177858224231,0
fedavg-mnist-iid-reference-seed21-20261004,5,2,conv2,mean,0.0006769468586330261,0
fedavg-mnist-iid-reference-seed21-20261004,5,2,conv2,std,0.0011236009943612947,0
fedavg-mnist-iid-reference-seed21-20261004,5,2,conv2,median,0.00020878668874502182,0
fedavg-mnist-iid-reference-seed21-20261004,5,2,conv2,min,-0.001524321734905243,0
fedavg-mnist-iid-reference-seed21-20261004,5,2,conv2,max,0.008556127548217773,0
fedavg-mnist-iid-reference-seed21-20261004,5,2,conv2,l1,3.556860602569941,0
fedavg-mnist-iid-reference-seed21-20261004,5,2,conv2,l2,0.08935444125444829,0
fedavg-mnist-iid-reference-seed21-20261004,5,2,conv2,max_abs,0.008556127548217773,0
fedavg-mnist-iid-reference-seed21-20261004,5,2,conv2,sparsity,0.0,0
fedavg-mnist-iid-reference-seed21-20261004,5,2,conv2,skewness,2.002427696948023,0
fedavg-mnist-iid-reference-seed21-20261004,5,2,conv2,kurtosis,4.854351234831505,0
fedavg-mnist-iid-reference-seed21-20261004,5,2,fc1,mean,3.647535757020747e-05,0
fedavg-mnist-iid-reference-seed21-20261004,5,2,fc1,std,0.00045448716042273564,0
fedavg-mnist-iid-reference-seed21-20261004,5,2,fc1,median,0.0,0
fedavg-mnist-iid-reference-seed21-20261004,5,2,fc1,min,-0.007677718531340361,0
fedavg-mnist-iid-reference-seed21-20261004,5,2,fc1,max,0.00696403905749321,0
fedavg-mnist-iid-reference-seed21-20261004,5,2,fc1,l1,19.560248731910406,0
fedavg-mnist-iid-reference-seed21-20261004,5,2,fc1,l2,0.14448316478631815,0
fedavg-mnist-iid-reference-seed21-20261004,5,2,fc1,max_abs,0.007677718531340361,0
fedavg-mnist-iid-reference-seed21-20261004,5,2,fc1,sparsity,0.1364822339069471,0
fedavg-mnist-iid-reference-seed21-20261004,5,2,fc1,skewness,1.2388612509210772,0
fedavg-mnist-iid-reference-seed21-20261004,5,2,fc1,kurtosis,23.990513813158778,0
fedavg-mnist-iid-reference-seed21-20261004,5,2,output,mean,1.8316663604659529e-10,0
fedavg-mnist-iid-reference-seed21-20261004,5,2,output,std,0.002630971743776014,0
fedavg-mnist-iid-reference-seed21-20261004,5,2,output,median,-5.904585123062134e-07,0
fedavg-mnist-iid-reference-seed21-20261004,5,2,output,min,-0.009613797068595886,0
fedavg-mnist-iid-reference-seed21-20261004,5,2,output,max,0.01652822643518448,0
fedavg-mnist-iid-reference-seed21-20261004,5,2,output,l1,1.0161990161632275,0
fedavg-mnist-iid-reference-seed21-20261004,5,2,output,l2,0.06707688130612582,0
fedavg-mnist-iid-reference-seed21-20261004,5,2,output,max_abs,0.01652822643518448,0
fedavg-mnist-iid-reference-seed21-20261004,5,2,output,sparsity,0.07692307692307693,0
fedavg-mnist-iid-reference-seed21-20261004,5,2,output,skewness,0.7682593439898501,0
fedavg-mnist-iid-reference-seed21-20261004,5,2,output,kurtosis,5.390700133723339,0
fedavg-mnist-iid-reference-seed21-20261004,5,3,conv1,mean,0.0030598240613471718,0
fedavg-mnist-iid-reference-seed21-20261004,5,3,conv1,std,0.0027075437904103437,0
fedavg-mnist-iid-reference-seed21-20261004,5,3,conv1,median,0.002503424882888794,0
fedavg-mnist-iid-reference-seed21-20261004,5,3,conv1,min,-0.0006747040897607803,0
fedavg-mnist-iid-reference-seed21-20261004,5,3,conv1,max,0.010286509990692139,0
fedavg-mnist-iid-reference-seed21-20261004,5,3,conv1,l1,0.5017085401341319,0
fedavg-mnist-iid-reference-seed21-20261004,5,3,conv1,l2,0.051681047455931016,0
fedavg-mnist-iid-reference-seed21-20261004,5,3,conv1,max_abs,0.010286509990692139,0
fedavg-mnist-iid-reference-seed21-20261004,5,3,conv1,sparsity,0.0,0
fedavg-mnist-iid-reference-seed21-20261004,5,3,conv1,skewness,0.6113505545978553,0
fedavg-mnist-iid-reference-seed21-20261004,5,3,conv1,kurtosis,-0.5309299289992859,0
fedavg-mnist-iid-reference-seed21-20261004,5,3,conv2,mean,0.0006471899250606117,0
fedavg-mnist-iid-reference-seed21-20261004,5,3,conv2,std,0.0010818763265101324,0
fedavg-mnist-iid-reference-seed21-20261004,5,3,conv2,median,0.00020977947860956192,0
fedavg-mnist-iid-reference-seed21-20261004,5,3,conv2,min,-0.0018271878361701965,0
fedavg-mnist-iid-reference-seed21-20261004,5,3,conv2,max,0.009351793676614761,0
fedavg-mnist-iid-reference-seed21-20261004,5,3,conv2,l1,3.382421648409945,0
fedavg-mnist-iid-reference-seed21-20261004,5,3,conv2,l2,0.08587434947775971,0
fedavg-mnist-iid-reference-seed21-20261004,5,3,conv2,max_abs,0.009351793676614761,0
fedavg-mnist-iid-reference-seed21-20261004,5,3,conv2,sparsity,0.0,0
fedavg-mnist-iid-reference-seed21-20261004,5,3,conv2,skewness,2.1686806615921315,0
fedavg-mnist-iid-reference-seed21-20261004,5,3,conv2,kurtosis,6.1561282839191485,0
fedavg-mnist-iid-reference-seed21-20261004,5,3,fc1,mean,5.2297940935787996e-05,0
fedavg-mnist-iid-reference-seed21-20261004,5,3,fc1,std,0.0004257855972977425,0
fedavg-mnist-iid-reference-seed21-20261004,5,3,fc1,median,0.0,0
fedavg-mnist-iid-reference-seed21-20261004,5,3,fc1,min,-0.006950956769287586,0
fedavg-mnist-iid-reference-seed21-20261004,5,3,fc1,max,0.00543757900595665,0
fedavg-mnist-iid-reference-seed21-20261004,5,3,fc1,l1,18.518942078590158,0
fedavg-mnist-iid-reference-seed21-20261004,5,3,fc1,l2,0.13593895977320355,0
fedavg-mnist-iid-reference-seed21-20261004,5,3,fc1,max_abs,0.006950956769287586,0
fedavg-mnist-iid-reference-seed21-20261004,5,3,fc1,sparsity,0.15854047163798599,0
fedavg-mnist-iid-reference-seed21-20261004,5,3,fc1,skewness,1.4108286960548113,0
fedavg-mnist-iid-reference-seed21-20261004,5,3,fc1,kurtosis,22.994882158062104,0
fedavg-mnist-iid-reference-seed21-20261004,5,3,output,mean,-2.1422657972344985e-10,0
fedavg-mnist-iid-reference-seed21-20261004,5,3,output,std,0.00255867419654868,0
fedavg-mnist-iid-reference-seed21-20261004,5,3,output,median,-9.499490261077881e-07,0
fedavg-mnist-iid-reference-seed21-20261004,5,3,output,min,-0.010165564715862274,0
fedavg-mnist-iid-reference-seed21-20261004,5,3,output,max,0.012804649770259857,0
fedavg-mnist-iid-reference-seed21-20261004,5,3,output,l1,0.9943607677851105,0
fedavg-mnist-iid-reference-seed21-20261004,5,3,output,l2,0.06523364828564053,0
fedavg-mnist-iid-reference-seed21-20261004,5,3,output,max_abs,0.012804649770259857,0
fedavg-mnist-iid-reference-seed21-20261004,5,3,output,sparsity,0.1076923076923077,0
fedavg-mnist-iid-reference-seed21-20261004,5,3,output,skewness,0.33844869390468535,0
fedavg-mnist-iid-reference-seed21-20261004,5,3,output,kurtosis,3.8136198716508725,0
fedavg-mnist-iid-reference-seed21-20261004,5,4,conv1,mean,0.0032375952025176956,0
fedavg-mnist-iid-reference-seed21-20261004,5,4,conv1,std,0.0029293400627963526,0
fedavg-mnist-iid-reference-seed21-20261004,5,4,conv1,median,0.002688960637897253,0
fedavg-mnist-iid-reference-seed21-20261004,5,4,conv1,min,-0.0009885076433420181,0
fedavg-mnist-iid-reference-seed21-20261004,5,4,conv1,max,0.011001139879226685,0
fedavg-mnist-iid-reference-seed21-20261004,5,4,conv1,l1,0.5400832337327302,0
fedavg-mnist-iid-reference-seed21-20261004,5,4,conv1,l2,0.05522761033956742,0
fedavg-mnist-iid-reference-seed21-20261004,5,4,conv1,max_abs,0.011001139879226685,0
fedavg-mnist-iid-reference-seed21-20261004,5,4,conv1,sparsity,0.0,0
fedavg-mnist-iid-reference-seed21-20261004,5,4,conv1,skewness,0.5444807516916289,0
fedavg-mnist-iid-reference-seed21-20261004,5,4,conv1,kurtosis,-0.598586758034449,0
fedavg-mnist-iid-reference-seed21-20261004,5,4,conv2,mean,0.0006908029480482896,0
fedavg-mnist-iid-reference-seed21-20261004,5,4,conv2,std,0.001131645949759258,0
fedavg-mnist-iid-reference-seed21-20261004,5,4,conv2,median,0.0002383161336183548,0
fedavg-mnist-iid-reference-seed21-20261004,5,4,conv2,min,-0.0013885349035263062,0
fedavg-mnist-iid-reference-seed21-20261004,5,4,conv2,max,0.009465273469686508,0
fedavg-mnist-iid-reference-seed21-20261004,5,4,conv2,l1,3.575062282565341,0
fedavg-mnist-iid-reference-seed21-20261004,5,4,conv2,l2,0.09031244148224406,0
fedavg-mnist-iid-reference-seed21-20261004,5,4,conv2,max_abs,0.009465273469686508,0
fedavg-mnist-iid-reference-seed21-20261004,5,4,conv2,sparsity,0.0,0
fedavg-mnist-iid-reference-seed21-20261004,5,4,conv2,skewness,2.139391244878061,0
fedavg-mnist-iid-reference-seed21-20261004,5,4,conv2,kurtosis,5.939773816794595,0
fedavg-mnist-iid-reference-seed21-20261004,5,4,fc1,mean,5.510008287928981e-05,0
fedavg-mnist-iid-reference-seed21-20261004,5,4,fc1,std,0.0004381859181038171,0
fedavg-mnist-iid-reference-seed21-20261004,5,4,fc1,median,0.0,0
fedavg-mnist-iid-reference-seed21-20261004,5,4,fc1,min,-0.005767755676060915,0
fedavg-mnist-iid-reference-seed21-20261004,5,4,fc1,max,0.00555324787274003,0
fedavg-mnist-iid-reference-seed21-20261004,5,4,fc1,l1,19.088040032876506,0
fedavg-mnist-iid-reference-seed21-20261004,5,4,fc1,l2,0.1399479533599881,0
fedavg-mnist-iid-reference-seed21-20261004,5,4,fc1,max_abs,0.005767755676060915,0
fedavg-mnist-iid-reference-seed21-20261004,5,4,fc1,sparsity,0.14608229764181008,0
fedavg-mnist-iid-reference-seed21-20261004,5,4,fc1,skewness,1.427194794897118,0
fedavg-mnist-iid-reference-seed21-20261004,5,4,fc1,kurtosis,20.723314824700658,0
fedavg-mnist-iid-reference-seed21-20261004,5,4,output,mean,4.092502282359279e-10,0
fedavg-mnist-iid-reference-seed21-20261004,5,4,output,std,0.0024027590167419025,0
fedavg-mnist-iid-reference-seed21-20261004,5,4,output,median,-8.605420589447021e-07,0
fedavg-mnist-iid-reference-seed21-20261004,5,4,output,min,-0.008508384227752686,0
fedavg-mnist-iid-reference-seed21-20261004,5,4,output,max,0.012560926377773285,0
fedavg-mnist-iid-reference-seed21-20261004,5,4,output,l1,0.9657033580551797,0
fedavg-mnist-iid-reference-seed21-20261004,5,4,output,l2,0.06125857556414075,0
fedavg-mnist-iid-reference-seed21-20261004,5,4,output,max_abs,0.012560926377773285,0
fedavg-mnist-iid-reference-seed21-20261004,5,4,output,sparsity,0.09230769230769231,0
fedavg-mnist-iid-reference-seed21-20261004,5,4,output,skewness,0.3168609203700955,0
fedavg-mnist-iid-reference-seed21-20261004,5,4,output,kurtosis,2.710498503805244,0
fedavg-mnist-iid-reference-seed21-20261004,6,0,conv1,mean,0.003917066266876645,0
fedavg-mnist-iid-reference-seed21-20261004,6,0,conv1,std,0.003392383766255755,0
fedavg-mnist-iid-reference-seed21-20261004,6,0,conv1,median,0.0032496489584445953,0
fedavg-mnist-iid-reference-seed21-20261004,6,0,conv1,min,-0.0009147021919488907,0
fedavg-mnist-iid-reference-seed21-20261004,6,0,conv1,max,0.01339191198348999,0
fedavg-mnist-iid-reference-seed21-20261004,6,0,conv1,l1,0.6433175359852612,0
fedavg-mnist-iid-reference-seed21-20261004,6,0,conv1,l2,0.06554592375628986,0
fedavg-mnist-iid-reference-seed21-20261004,6,0,conv1,max_abs,0.01339191198348999,0
fedavg-mnist-iid-reference-seed21-20261004,6,0,conv1,sparsity,0.0,0
fedavg-mnist-iid-reference-seed21-20261004,6,0,conv1,skewness,0.5518227201813329,0
fedavg-mnist-iid-reference-seed21-20261004,6,0,conv1,kurtosis,-0.48500480826688186,0
fedavg-mnist-iid-reference-seed21-20261004,6,0,conv2,mean,0.0007499486974854241,0
fedavg-mnist-iid-reference-seed21-20261004,6,0,conv2,std,0.001240057833479034,0
fedavg-mnist-iid-reference-seed21-20261004,6,0,conv2,median,0.00021951179951429367,0
fedavg-mnist-iid-reference-seed21-20261004,6,0,conv2,min,-0.0015870332717895508,0
fedavg-mnist-iid-reference-seed21-20261004,6,0,conv2,max,0.0099167600274086,0
fedavg-mnist-iid-reference-seed21-20261004,6,0,conv2,l1,3.8690658774139592,0
fedavg-mnist-iid-reference-seed21-20261004,6,0,conv2,l2,0.09871561408227267,0
fedavg-mnist-iid-reference-seed21-20261004,6,0,conv2,max_abs,0.0099167600274086,0
fedavg-mnist-iid-reference-seed21-20261004,6,0,conv2,sparsity,0.0,0
fedavg-mnist-iid-reference-seed21-20261004,6,0,conv2,skewness,2.058252711578648,0
fedavg-mnist-iid-reference-seed21-20261004,6,0,conv2,kurtosis,5.135900125828112,0
fedavg-mnist-iid-reference-seed21-20261004,6,0,fc1,mean,4.5301379013083436e-05,0
fedavg-mnist-iid-reference-seed21-20261004,6,0,fc1,std,0.00043111451892782537,0
fedavg-mnist-iid-reference-seed21-20261004,6,0,fc1,median,0.0,0
fedavg-mnist-iid-reference-seed21-20261004,6,0,fc1,min,-0.007432012818753719,0
fedavg-mnist-iid-reference-seed21-20261004,6,0,fc1,max,0.005495317280292511,0
fedavg-mnist-iid-reference-seed21-20261004,6,0,fc1,l1,18.68605581444274,0
fedavg-mnist-iid-reference-seed21-20261004,6,0,fc1,l2,0.13736580981280608,0
fedavg-mnist-iid-reference-seed21-20261004,6,0,fc1,max_abs,0.007432012818753719,0
fedavg-mnist-iid-reference-seed21-20261004,6,0,fc1,sparsity,0.14719765774378585,0
fedavg-mnist-iid-reference-seed21-20261004,6,0,fc1,skewness,1.2768546625873505,0
fedavg-mnist-iid-reference-seed21-20261004,6,0,fc1,kurtosis,20.68418175214553,0
fedavg-mnist-iid-reference-seed21-20261004,6,0,output,mean,-1.5610007372183295e-10,0
fedavg-mnist-iid-reference-seed21-20261004,6,0,output,std,0.002873851515532335,0
fedavg-mnist-iid-reference-seed21-20261004,6,0,output,median,-1.8230639398097992e-07,0
fedavg-mnist-iid-reference-seed21-20261004,6,0,output,min,-0.01109224557876587,0
fedavg-mnist-iid-reference-seed21-20261004,6,0,output,max,0.012534014880657196,0
fedavg-mnist-iid-reference-seed21-20261004,6,0,output,l1,1.15049225110306,0
fedavg-mnist-iid-reference-seed21-20261004,6,0,output,l2,0.07326912478433797,0
fedavg-mnist-iid-reference-seed21-20261004,6,0,output,max_abs,0.012534014880657196,0
fedavg-mnist-iid-reference-seed21-20261004,6,0,output,sparsity,0.09230769230769231,0
fedavg-mnist-iid-reference-seed21-20261004,6,0,output,skewness,0.11683981732242123,0
fedavg-mnist-iid-reference-seed21-20261004,6,0,output,kurtosis,3.0200660550005676,0
fedavg-mnist-iid-reference-seed21-20261004,6,1,conv1,mean,0.003855789666704368,0
fedavg-mnist-iid-reference-seed21-20261004,6,1,conv1,std,0.0033755878396837503,0
fedavg-mnist-iid-reference-seed21-20261004,6,1,conv1,median,0.0034136157482862473,0
fedavg-mnist-iid-reference-seed21-20261004,6,1,conv1,min,-0.000925140455365181,0
fedavg-mnist-iid-reference-seed21-20261004,6,1,conv1,max,0.012796789407730103,0
fedavg-mnist-iid-reference-seed21-20261004,6,1,conv1,l1,0.635287695331499,0
fedavg-mnist-iid-reference-seed21-20261004,6,1,conv1,l2,0.06482185707587833,0
fedavg-mnist-iid-reference-seed21-20261004,6,1,conv1,max_abs,0.012796789407730103,0
fedavg-mnist-iid-reference-seed21-20261004,6,1,conv1,sparsity,0.0,0
fedavg-mnist-iid-reference-seed21-20261004,6,1,conv1,skewness,0.5238587892602349,0
fedavg-mnist-iid-reference-seed21-20261004,6,1,conv1,kurtosis,-0.596843857388329,0
fedavg-mnist-iid-reference-seed21-20261004,6,1,conv2,mean,0.000734259190097685,0
fedavg-mnist-iid-reference-seed21-20261004,6,1,conv2,std,0.001227268483864332,0
fedavg-mnist-iid-reference-seed21-20261004,6,1,conv2,median,0.0002197660505771637,0
fedavg-mnist-iid-reference-seed21-20261004,6,1,conv2,min,-0.0013329870998859406,0
fedavg-mnist-iid-reference-seed21-20261004,6,1,conv2,max,0.010018832981586456,0
fedavg-mnist-iid-reference-seed21-20261004,6,1,conv2,l1,3.814268228059518,0
fedavg-mnist-iid-reference-seed21-20261004,6,1,conv2,l2,0.09741819969772167,0
fedavg-mnist-iid-reference-seed21-20261004,6,1,conv2,max_abs,0.010018832981586456,0
fedavg-mnist-iid-reference-seed21-20261004,6,1,conv2,sparsity,0.0,0
fedavg-mnist-iid-reference-seed21-20261004,6,1,conv2,skewness,2.129599868086412,0
fedavg-mnist-iid-reference-seed21-20261004,6,1,conv2,kurtosis,5.800458484615795,0
fedavg-mnist-iid-reference-seed21-20261004,6,1,fc1,mean,3.1006518069562375e-05,0
fedavg-mnist-iid-reference-seed21-20261004,6,1,fc1,std,0.00043904826605975153,0
fedavg-mnist-iid-reference-seed21-20261004,6,1,fc1,median,0.0,0
fedavg-mnist-iid-reference-seed21-20261004,6,1,fc1,min,-0.005344928242266178,0
fedavg-mnist-iid-reference-seed21-20261004,6,1,fc1,max,0.007041779346764088,0
fedavg-mnist-iid-reference-seed21-20261004,6,1,fc1,l1,19.174263076722355,0
fedavg-mnist-iid-reference-seed21-20261004,6,1,fc1,l2,0.13947425540030634,0
fedavg-mnist-iid-reference-seed21-20261004,6,1,fc1,max_abs,0.007041779346764088,0
fedavg-mnist-iid-reference-seed21-20261004,6,1,fc1,sparsity,0.11828792224346718,0
fedavg-mnist-iid-reference-seed21-20261004,6,1,fc1,skewness,1.4879963927221347,0
fedavg-mnist-iid-reference-seed21-20261004,6,1,fc1,kurtosis,21.82834585892763,0
fedavg-mnist-iid-reference-seed21-20261004,6,1,output,mean,-2.1626384785542122e-10,0
fedavg-mnist-iid-reference-seed21-20261004,6,1,output,std,0.0030668394443796433,0
fedavg-mnist-iid-reference-seed21-20261004,6,1,output,median,-8.828938007354736e-07,0
fedavg-mnist-iid-reference-seed21-20261004,6,1,output,min,-0.012797728180885315,0
fedavg-mnist-iid-reference-seed21-20261004,6,1,output,max,0.013717353343963623,0
fedavg-mnist-iid-reference-seed21-20261004,6,1,output,l1,1.2074514356791042,0
fedavg-mnist-iid-reference-seed21-20261004,6,1,output,l2,0.07818937085973948,0
fedavg-mnist-iid-reference-seed21-20261004,6,1,output,max_abs,0.013717353343963623,0
fedavg-mnist-iid-reference-seed21-20261004,6,1,output,sparsity,0.06153846153846154,0
fedavg-mnist-iid-reference-seed21-20261004,6,1,output,skewness,-0.05214652192158456,0
fedavg-mnist-iid-reference-seed21-20261004,6,1,output,kurtosis,3.2320085131562912,0
fedavg-mnist-iid-reference-seed21-20261004,6,2,conv1,mean,0.004165332492266316,0
fedavg-mnist-iid-reference-seed21-20261004,6,2,conv1,std,0.003651543866360052,0
fedavg-mnist-iid-reference-seed21-20261004,6,2,conv1,median,0.0037993788719177246,0
fedavg-mnist-iid-reference-seed21-20261004,6,2,conv1,min,-0.0010256599634885788,0
fedavg-mnist-iid-reference-seed21-20261004,6,2,conv1,max,0.014282256364822388,0
fedavg-mnist-iid-reference-seed21-20261004,6,2,conv1,l1,0.6852037396747619,0
fedavg-mnist-iid-reference-seed21-20261004,6,2,conv1,l2,0.07006713052960709,0
fedavg-mnist-iid-reference-seed21-20261004,6,2,conv1,max_abs,0.014282256364822388,0
fedavg-mnist-iid-reference-seed21-20261004,6,2,conv1,sparsity,0.0,0
fedavg-mnist-iid-reference-seed21-20261004,6,2,conv1,skewness,0.5698784049806616,0
fedavg-mnist-iid-reference-seed21-20261004,6,2,conv1,kurtosis,-0.41799628626033547,0
fedavg-mnist-iid-reference-seed21-20261004,6,2,conv2,mean,0.000804919137889838,0
fedavg-mnist-iid-reference-seed21-20261004,6,2,conv2,std,0.00132516349278609,0
fedavg-mnist-iid-reference-seed21-20261004,6,2,conv2,median,0.00022928602993488312,0
fedavg-mnist-iid-reference-seed21-20261004,6,2,conv2,min,-0.00147189199924469,0
fedavg-mnist-iid-reference-seed21-20261004,6,2,conv2,max,0.010260127484798431,0
fedavg-mnist-iid-reference-seed21-20261004,6,2,conv2,l1,4.142147893035144,0
fedavg-mnist-iid-reference-seed21-20261004,6,2,conv2,l2,0.10561412021768767,0
fedavg-mnist-iid-reference-seed21-20261004,6,2,conv2,max_abs,0.010260127484798431,0
fedavg-mnist-iid-reference-seed21-20261004,6,2,conv2,sparsity,0.0,0
fedavg-mnist-iid-reference-seed21-20261004,6,2,conv2,skewness,2.0419455513873346,0
fedavg-mnist-iid-reference-seed21-20261004,6,2,conv2,kurtosis,5.010918042488353,0
fedavg-mnist-iid-reference-seed21-20261004,6,2,fc1,mean,4.2957721954400595e-05,0
fedavg-mnist-iid-reference-seed21-20261004,6,2,fc1,std,0.0004971722431996089,0
fedavg-mnist-iid-reference-seed21-20261004,6,2,fc1,median,0.0,0
fedavg-mnist-iid-reference-seed21-20261004,6,2,fc1,min,-0.008783083409070969,0
fedavg-mnist-iid-reference-seed21-20261004,6,2,fc1,max,0.007332842797040939,0
fedavg-mnist-iid-reference-seed21-20261004,6,2,fc1,l1,21.255325556922344,0
fedavg-mnist-iid-reference-seed21-20261004,6,2,fc1,l2,0.15813334619921968,0
fedavg-mnist-iid-reference-seed21-20261004,6,2,fc1,max_abs,0.008783083409070969,0
fedavg-mnist-iid-reference-seed21-20261004,6,2,fc1,sparsity,0.13653202676864246,0
fedavg-mnist-iid-reference-seed21-20261004,6,2,fc1,skewness,1.2824787582269974,0
fedavg-mnist-iid-reference-seed21-20261004,6,2,fc1,kurtosis,24.36699108652511,0
fedavg-mnist-iid-reference-seed21-20261004,6,2,output,mean,8.906051964284135e-11,0
fedavg-mnist-iid-reference-seed21-20261004,6,2,output,std,0.0033822773658587833,0
fedavg-mnist-iid-reference-seed21-20261004,6,2,output,median,-5.369074642658234e-07,0
fedavg-mnist-iid-reference-seed21-20261004,6,2,output,min,-0.011468008160591125,0
fedavg-mnist-iid-reference-seed21-20261004,6,2,output,max,0.022266767919063568,0
fedavg-mnist-iid-reference-seed21-20261004,6,2,output,l1,1.3011770517605328,0
fedavg-mnist-iid-reference-seed21-20261004,6,2,output,l2,0.08623149144448572,0
fedavg-mnist-iid-reference-seed21-20261004,6,2,output,max_abs,0.022266767919063568,0
fedavg-mnist-iid-reference-seed21-20261004,6,2,output,sparsity,0.07692307692307693,0
fedavg-mnist-iid-reference-seed21-20261004,6,2,output,skewness,0.9408023055513501,0
fedavg-mnist-iid-reference-seed21-20261004,6,2,output,kurtosis,6.165428552775024,0
fedavg-mnist-iid-reference-seed21-20261004,6,3,conv1,mean,0.004059879069973249,0
fedavg-mnist-iid-reference-seed21-20261004,6,3,conv1,std,0.0035269849706198097,0
fedavg-mnist-iid-reference-seed21-20261004,6,3,conv1,median,0.0034535378217697144,0
fedavg-mnist-iid-reference-seed21-20261004,6,3,conv1,min,-0.0007655918598175049,0
fedavg-mnist-iid-reference-seed21-20261004,6,3,conv1,max,0.013822019100189209,0
fedavg-mnist-iid-reference-seed21-20261004,6,3,conv1,l1,0.6635290693957359,0
fedavg-mnist-iid-reference-seed21-20261004,6,3,conv1,l2,0.0680261609039168,0
fedavg-mnist-iid-reference-seed21-20261004,6,3,conv1,max_abs,0.013822019100189209,0
fedavg-mnist-iid-reference-seed21-20261004,6,3,conv1,sparsity,0.0,0
fedavg-mnist-iid-reference-seed21-20261004,6,3,conv1,skewness,0.5750960070032934,0
fedavg-mnist-iid-reference-seed21-20261004,6,3,conv1,kurtosis,-0.5276053175547473,0
fedavg-mnist-iid-reference-seed21-20261004,6,3,conv2,mean,0.0007877691445485355,0
fedavg-mnist-iid-reference-seed21-20261004,6,3,conv2,std,0.0012974284511101876,0
fedavg-mnist-iid-reference-seed21-20261004,6,3,conv2,median,0.00023389339912682772,0
fedavg-mnist-iid-reference-seed21-20261004,6,3,conv2,min,-0.001848369836807251,0
fedavg-mnist-iid-reference-seed21-20261004,6,3,conv2,max,0.01107235997915268,0
fedavg-mnist-iid-reference-seed21-20261004,6,3,conv2,l1,4.0288983871423625,0
fedavg-mnist-iid-reference-seed21-20261004,6,3,conv2,l2,0.10339293864842758,0
fedavg-mnist-iid-reference-seed21-20261004,6,3,conv2,max_abs,0.01107235997915268,0
fedavg-mnist-iid-reference-seed21-20261004,6,3,conv2,sparsity,0.0,0
fedavg-mnist-iid-reference-seed21-20261004,6,3,conv2,skewness,2.1656082889690658,0
fedavg-mnist-iid-reference-seed21-20261004,6,3,conv2,kurtosis,5.984847287482285,0
fedavg-mnist-iid-reference-seed21-20261004,6,3,fc1,mean,6.121174751873094e-05,0
fedavg-mnist-iid-reference-seed21-20261004,6,3,fc1,std,0.0004811433951675289,0
fedavg-mnist-iid-reference-seed21-20261004,6,3,fc1,median,0.0,0
fedavg-mnist-iid-reference-seed21-20261004,6,3,fc1,min,-0.007783726789057255,0
fedavg-mnist-iid-reference-seed21-20261004,6,3,fc1,max,0.006239060312509537,0
fedavg-mnist-iid-reference-seed21-20261004,6,3,fc1,l1,20.841921475129197,0
fedavg-mnist-iid-reference-seed21-20261004,6,3,fc1,l2,0.1536959555296703,0
fedavg-mnist-iid-reference-seed21-20261004,6,3,fc1,max_abs,0.007783726789057255,0
fedavg-mnist-iid-reference-seed21-20261004,6,3,fc1,sparsity,0.15594128425748885,0
fedavg-mnist-iid-reference-seed21-20261004,6,3,fc1,skewness,1.5311072837156765,0
fedavg-mnist-iid-reference-seed21-20261004,6,3,fc1,kurtosis,22.720221035648155,0
fedavg-mnist-iid-reference-seed21-20261004,6,3,output,mean,-3.246196474020298e-12,0
fedavg-mnist-iid-reference-seed21-20261004,6,3,output,std,0.003349022516094614,0
fedavg-mnist-iid-reference-seed21-20261004,6,3,output,median,-7.255002856254578e-07,0
fedavg-mnist-iid-reference-seed21-20261004,6,3,output,min,-0.01196962594985962,0
fedavg-mnist-iid-reference-seed21-20261004,6,3,output,max,0.017096862196922302,0
fedavg-mnist-iid-reference-seed21-20261004,6,3,output,l1,1.3128494811389828,0
fedavg-mnist-iid-reference-seed21-20261004,6,3,output,l2,0.08538365580514022,0
fedavg-mnist-iid-reference-seed21-20261004,6,3,output,max_abs,0.017096862196922302,0
fedavg-mnist-iid-reference-seed21-20261004,6,3,output,sparsity,0.1076923076923077,0
fedavg-mnist-iid-reference-seed21-20261004,6,3,output,skewness,0.5379121449559913,0
fedavg-mnist-iid-reference-seed21-20261004,6,3,output,kurtosis,3.8223733404743827,0
fedavg-mnist-iid-reference-seed21-20261004,6,4,conv1,mean,0.0041662902731332,0
fedavg-mnist-iid-reference-seed21-20261004,6,4,conv1,std,0.003674793519175862,0
fedavg-mnist-iid-reference-seed21-20261004,6,4,conv1,median,0.003497311845421791,0
fedavg-mnist-iid-reference-seed21-20261004,6,4,conv1,min,-0.0010229945182800293,0
fedavg-mnist-iid-reference-seed21-20261004,6,4,conv1,max,0.014110684394836426,0
fedavg-mnist-iid-reference-seed21-20261004,6,4,conv1,l1,0.6892225646879524,0
fedavg-mnist-iid-reference-seed21-20261004,6,4,conv1,l2,0.0702704285441109,0
fedavg-mnist-iid-reference-seed21-20261004,6,4,conv1,max_abs,0.014110684394836426,0
fedavg-mnist-iid-reference-seed21-20261004,6,4,conv1,sparsity,0.0,0
fedavg-mnist-iid-reference-seed21-20261004,6,4,conv1,skewness,0.5283222145579981,0
fedavg-mnist-iid-reference-seed21-20261004,6,4,conv1,kurtosis,-0.5793671386505448,0
fedavg-mnist-iid-reference-seed21-20261004,6,4,conv2,mean,0.0008039962272834663,0
fedavg-mnist-iid-reference-seed21-20261004,6,4,conv2,std,0.001317462864047994,0
fedavg-mnist-iid-reference-seed21-20261004,6,4,conv2,median,0.0002504773437976837,0
fedavg-mnist-iid-reference-seed21-20261004,6,4,conv2,min,-0.0015114247798919678,0
fedavg-mnist-iid-reference-seed21-20261004,6,4,conv2,max,0.011050932109355927,0
fedavg-mnist-iid-reference-seed21-20261004,6,4,conv2,l1,4.109995920327492,0
fedavg-mnist-iid-reference-seed21-20261004,6,4,conv2,l2,0.10513338698420488,0
fedavg-mnist-iid-reference-seed21-20261004,6,4,conv2,max_abs,0.011050932109355927,0
fedavg-mnist-iid-reference-seed21-20261004,6,4,conv2,sparsity,0.0,0
fedavg-mnist-iid-reference-seed21-20261004,6,4,conv2,skewness,2.167117710401867,0
fedavg-mnist-iid-reference-seed21-20261004,6,4,conv2,kurtosis,6.054784526825639,0
fedavg-mnist-iid-reference-seed21-20261004,6,4,fc1,mean,5.483527657136617e-05,0
fedavg-mnist-iid-reference-seed21-20261004,6,4,fc1,std,0.0004697052826004541,0
fedavg-mnist-iid-reference-seed21-20261004,6,4,fc1,median,0.0,0
fedavg-mnist-iid-reference-seed21-20261004,6,4,fc1,min,-0.0061048180796206,0
fedavg-mnist-iid-reference-seed21-20261004,6,4,fc1,max,0.0058358777314424515,0
fedavg-mnist-iid-reference-seed21-20261004,6,4,fc1,l1,20.255201682862435,0
fedavg-mnist-iid-reference-seed21-20261004,6,4,fc1,l2,0.1498533485422591,0
fedavg-mnist-iid-reference-seed21-20261004,6,4,fc1,max_abs,0.0061048180796206,0
fedavg-mnist-iid-reference-seed21-20261004,6,4,fc1,sparsity,0.1592873645634162,0
fedavg-mnist-iid-reference-seed21-20261004,6,4,fc1,skewness,1.4309626290058164,0
fedavg-mnist-iid-reference-seed21-20261004,6,4,fc1,kurtosis,20.128555709807298,0
fedavg-mnist-iid-reference-seed21-20261004,6,4,output,mean,4.1903918967224085e-11,0
fedavg-mnist-iid-reference-seed21-20261004,6,4,output,std,0.003008392244988822,0
fedavg-mnist-iid-reference-seed21-20261004,6,4,output,median,-4.2654573917388916e-07,0
fedavg-mnist-iid-reference-seed21-20261004,6,4,output,min,-0.010032713413238525,0
fedavg-mnist-iid-reference-seed21-20261004,6,4,output,max,0.015849031507968903,0
fedavg-mnist-iid-reference-seed21-20261004,6,4,output,l1,1.2178425078782311,0
fedavg-mnist-iid-reference-seed21-20261004,6,4,output,l2,0.07669925380869606,0
fedavg-mnist-iid-reference-seed21-20261004,6,4,output,max_abs,0.015849031507968903,0
fedavg-mnist-iid-reference-seed21-20261004,6,4,output,sparsity,0.1076923076923077,0
fedavg-mnist-iid-reference-seed21-20261004,6,4,output,skewness,0.24433212049897993,0
fedavg-mnist-iid-reference-seed21-20261004,6,4,output,kurtosis,2.660570761292469,0
fedavg-mnist-iid-reference-seed21-20261004,7,0,conv1,mean,0.0043707804259611295,0
fedavg-mnist-iid-reference-seed21-20261004,7,0,conv1,std,0.003747253953196822,0
fedavg-mnist-iid-reference-seed21-20261004,7,0,conv1,median,0.003753175027668476,0
fedavg-mnist-iid-reference-seed21-20261004,7,0,conv1,min,-0.000810651108622551,0
fedavg-mnist-iid-reference-seed21-20261004,7,0,conv1,max,0.015011131763458252,0
fedavg-mnist-iid-reference-seed21-20261004,7,0,conv1,l1,0.7158293831162155,0
fedavg-mnist-iid-reference-seed21-20261004,7,0,conv1,l2,0.07282376944016469,0
fedavg-mnist-iid-reference-seed21-20261004,7,0,conv1,max_abs,0.015011131763458252,0
fedavg-mnist-iid-reference-seed21-20261004,7,0,conv1,sparsity,0.0,0
fedavg-mnist-iid-reference-seed21-20261004,7,0,conv1,skewness,0.5471541106157606,0
fedavg-mnist-iid-reference-seed21-20261004,7,0,conv1,kurtosis,-0.4678380991308364,0
fedavg-mnist-iid-reference-seed21-20261004,7,0,conv2,mean,0.0007685240479367135,0
fedavg-mnist-iid-reference-seed21-20261004,7,0,conv2,std,0.0012786691080830322,0
fedavg-mnist-iid-reference-seed21-20261004,7,0,conv2,median,0.00021865032613277435,0
fedavg-mnist-iid-reference-seed21-20261004,7,0,conv2,min,-0.0017119012773036957,0
fedavg-mnist-iid-reference-seed21-20261004,7,0,conv2,max,0.010223664343357086,0
fedavg-mnist-iid-reference-seed21-20261004,7,0,conv2,l1,3.969130010558729,0
fedavg-mnist-iid-reference-seed21-20261004,7,0,conv2,l2,0.10162133091548352,0
fedavg-mnist-iid-reference-seed21-20261004,7,0,conv2,max_abs,0.010223664343357086,0
fedavg-mnist-iid-reference-seed21-20261004,7,0,conv2,sparsity,0.0,0
fedavg-mnist-iid-reference-seed21-20261004,7,0,conv2,skewness,2.0594953876792284,0
fedavg-mnist-iid-reference-seed21-20261004,7,0,conv2,kurtosis,5.154746574431506,0
fedavg-mnist-iid-reference-seed21-20261004,7,0,fc1,mean,4.173698898772748e-05,0
fedavg-mnist-iid-reference-seed21-20261004,7,0,fc1,std,0.00043617335761933935,0
fedavg-mnist-iid-reference-seed21-20261004,7,0,fc1,median,0.0,0
fedavg-mnist-iid-reference-seed21-20261004,7,0,fc1,min,-0.007824222557246685,0
fedavg-mnist-iid-reference-seed21-20261004,7,0,fc1,max,0.005768748931586742,0
fedavg-mnist-iid-reference-seed21-20261004,7,0,fc1,l1,18.81278967213268,0
fedavg-mnist-iid-reference-seed21-20261004,7,0,fc1,l2,0.13884806412447387,0
fedavg-mnist-iid-reference-seed21-20261004,7,0,fc1,max_abs,0.007824222557246685,0
fedavg-mnist-iid-reference-seed21-20261004,7,0,fc1,sparsity,0.1455544933078394,0
fedavg-mnist-iid-reference-seed21-20261004,7,0,fc1,skewness,1.2563564884409877,0
fedavg-mnist-iid-reference-seed21-20261004,7,0,fc1,kurtosis,22.164010619931954,0
fedavg-mnist-iid-reference-seed21-20261004,7,0,output,mean,6.08964070964318e-10,0
fedavg-mnist-iid-reference-seed21-20261004,7,0,output,std,0.003196820618186983,0
fedavg-mnist-iid-reference-seed21-20261004,7,0,output,median,-4.6798959374427795e-08,0
fedavg-mnist-iid-reference-seed21-20261004,7,0,output,min,-0.011632762849330902,0
fedavg-mnist-iid-reference-seed21-20261004,7,0,output,max,0.015241414308547974,0
fedavg-mnist-iid-reference-seed21-20261004,7,0,output,l1,1.2876047992467647,0
fedavg-mnist-iid-reference-seed21-20261004,7,0,output,l2,0.08150325356795736,0
fedavg-mnist-iid-reference-seed21-20261004,7,0,output,max_abs,0.015241414308547974,0
fedavg-mnist-iid-reference-seed21-20261004,7,0,output,sparsity,0.09230769230769231,0
fedavg-mnist-iid-reference-seed21-20261004,7,0,output,skewness,0.1721349458971847,0
fedavg-mnist-iid-reference-seed21-20261004,7,0,output,kurtosis,2.9080018201103677,0
fedavg-mnist-iid-reference-seed21-20261004,7,1,conv1,mean,0.004378054713015445,0
fedavg-mnist-iid-reference-seed21-20261004,7,1,conv1,std,0.0037662848301492505,0
fedavg-mnist-iid-reference-seed21-20261004,7,1,conv1,median,0.004051998257637024,0
fedavg-mnist-iid-reference-seed21-20261004,7,1,conv1,min,-0.0008756294846534729,0
fedavg-mnist-iid-reference-seed21-20261004,7,1,conv1,max,0.014560967683792114,0
fedavg-mnist-iid-reference-seed21-20261004,7,1,conv1,l1,0.7185506452806294,0
fedavg-mnist-iid-reference-seed21-20261004,7,1,conv1,l2,0.07305040943564285,0
fedavg-mnist-iid-reference-seed21-20261004,7,1,conv1,max_abs,0.014560967683792114,0
fedavg-mnist-iid-reference-seed21-20261004,7,1,conv1,sparsity,0.0,0
fedavg-mnist-iid-reference-seed21-20261004,7,1,conv1,skewness,0.4986496079345609,0
fedavg-mnist-iid-reference-seed21-20261004,7,1,conv1,kurtosis,-0.6166732942535922,0
fedavg-mnist-iid-reference-seed21-20261004,7,1,conv2,mean,0.000759349045446125,0
fedavg-mnist-iid-reference-seed21-20261004,7,1,conv2,std,0.001286332585648529,0
fedavg-mnist-iid-reference-seed21-20261004,7,1,conv2,median,0.00021289661526679993,0
fedavg-mnist-iid-reference-seed21-20261004,7,1,conv2,min,-0.00149502232670784,0
fedavg-mnist-iid-reference-seed21-20261004,7,1,conv2,max,0.010578010231256485,0
fedavg-mnist-iid-reference-seed21-20261004,7,1,conv2,l1,3.961185622938501,0
fedavg-mnist-iid-reference-seed21-20261004,7,1,conv2,l2,0.10174997774381199,0
fedavg-mnist-iid-reference-seed21-20261004,7,1,conv2,max_abs,0.010578010231256485,0
fedavg-mnist-iid-reference-seed21-20261004,7,1,conv2,sparsity,0.0,0
fedavg-mnist-iid-reference-seed21-20261004,7,1,conv2,skewness,2.1311316848317325,0
fedavg-mnist-iid-reference-seed21-20261004,7,1,conv2,kurtosis,5.788301063301628,0
fedavg-mnist-iid-reference-seed21-20261004,7,1,fc1,mean,2.7761517819906726e-05,0
fedavg-mnist-iid-reference-seed21-20261004,7,1,fc1,std,0.00045779187643797654,0
fedavg-mnist-iid-reference-seed21-20261004,7,1,fc1,median,0.0,0
fedavg-mnist-iid-reference-seed21-20261004,7,1,fc1,min,-0.005236544646322727,0
fedavg-mnist-iid-reference-seed21-20261004,7,1,fc1,max,0.0074727898463606834,0
fedavg-mnist-iid-reference-seed21-20261004,7,1,fc1,l1,19.822168354050746,0
fedavg-mnist-iid-reference-seed21-20261004,7,1,fc1,l2,0.14533380043091362,0
fedavg-mnist-iid-reference-seed21-20261004,7,1,fc1,max_abs,0.0074727898463606834,0
fedavg-mnist-iid-reference-seed21-20261004,7,1,fc1,sparsity,0.12978011472275336,0
fedavg-mnist-iid-reference-seed21-20261004,7,1,fc1,skewness,1.5561265850634511,0
fedavg-mnist-iid-reference-seed21-20261004,7,1,fc1,kurtosis,23.40845380339438,0
fedavg-mnist-iid-reference-seed21-20261004,7,1,output,mean,1.1562616027031953e-10,0
fedavg-mnist-iid-reference-seed21-20261004,7,1,output,std,0.003483839974001904,0
fedavg-mnist-iid-reference-seed21-20261004,7,1,output,median,-7.431954145431519e-07,0
fedavg-mnist-iid-reference-seed21-20261004,7,1,output,min,-0.012328729033470154,0
fedavg-mnist-iid-reference-seed21-20261004,7,1,output,max,0.016188234090805054,0
fedavg-mnist-iid-reference-seed21-20261004,7,1,output,l1,1.394206480403227,0
fedavg-mnist-iid-reference-seed21-20261004,7,1,output,l2,0.08882084004835152,0
fedavg-mnist-iid-reference-seed21-20261004,7,1,output,max_abs,0.016188234090805054,0
fedavg-mnist-iid-reference-seed21-20261004,7,1,output,sparsity,0.07846153846153846,0
fedavg-mnist-iid-reference-seed21-20261004,7,1,output,skewness,0.10658080397254642,0
fedavg-mnist-iid-reference-seed21-20261004,7,1,output,kurtosis,2.989507476728325,0
fedavg-mnist-iid-reference-seed21-20261004,7,2,conv1,mean,0.004755981302878354,0
fedavg-mnist-iid-reference-seed21-20261004,7,2,conv1,std,0.0040989975285319,0
fedavg-mnist-iid-reference-seed21-20261004,7,2,conv1,median,0.004455422982573509,0
fedavg-mnist-iid-reference-seed21-20261004,7,2,conv1,min,-0.0009436309337615967,0
fedavg-mnist-iid-reference-seed21-20261004,7,2,conv1,max,0.016305536031723022,0
fedavg-mnist-iid-reference-seed21-20261004,7,2,conv1,l1,0.7794572992715985,0
fedavg-mnist-iid-reference-seed21-20261004,7,2,conv1,l2,0.0794190293491318,0
fedavg-mnist-iid-reference-seed21-20261004,7,2,conv1,max_abs,0.016305536031723022,0
fedavg-mnist-iid-reference-seed21-20261004,7,2,conv1,sparsity,0.0,0
fedavg-mnist-iid-reference-seed21-20261004,7,2,conv1,skewness,0.5434485985414532,0
fedavg-mnist-iid-reference-seed21-20261004,7,2,conv1,kurtosis,-0.44529901240614844,0
fedavg-mnist-iid-reference-seed21-20261004,7,2,conv2,mean,0.0008439070778093019,0
fedavg-mnist-iid-reference-seed21-20261004,7,2,conv2,std,0.0013911036309161447,0
fedavg-mnist-iid-reference-seed21-20261004,7,2,conv2,median,0.00023298338055610657,0
fedavg-mnist-iid-reference-seed21-20261004,7,2,conv2,min,-0.001458916813135147,0
fedavg-mnist-iid-reference-seed21-20261004,7,2,conv2,max,0.010952763259410858,0
fedavg-mnist-iid-reference-seed21-20261004,7,2,conv2,l1,4.3077078270871425,0
fedavg-mnist-iid-reference-seed21-20261004,7,2,conv2,l2,0.11083184060174534,0
fedavg-mnist-iid-reference-seed21-20261004,7,2,conv2,max_abs,0.010952763259410858,0
fedavg-mnist-iid-reference-seed21-20261004,7,2,conv2,sparsity,0.0,0
fedavg-mnist-iid-reference-seed21-20261004,7,2,conv2,skewness,2.065576830016548,0
fedavg-mnist-iid-reference-seed21-20261004,7,2,conv2,kurtosis,5.106934933779806,0
fedavg-mnist-iid-reference-seed21-20261004,7,2,fc1,mean,5.340406776864864e-05,0
fedavg-mnist-iid-reference-seed21-20261004,7,2,fc1,std,0.0005038247207020115,0
fedavg-mnist-iid-reference-seed21-20261004,7,2,fc1,median,0.0,0
fedavg-mnist-iid-reference-seed21-20261004,7,2,fc1,min,-0.009330371394753456,0
fedavg-mnist-iid-reference-seed21-20261004,7,2,fc1,max,0.006973689887672663,0
fedavg-mnist-iid-reference-seed21-20261004,7,2,fc1,l1,21.4965669912674,0
fedavg-mnist-iid-reference-seed21-20261004,7,2,fc1,l2,0.16054880243535305,0
fedavg-mnist-iid-reference-seed21-20261004,7,2,fc1,max_abs,0.009330371394753456,0
fedavg-mnist-iid-reference-seed21-20261004,7,2,fc1,sparsity,0.13451043658381134,0
fedavg-mnist-iid-reference-seed21-20261004,7,2,fc1,skewness,1.377057035071538,0
fedavg-mnist-iid-reference-seed21-20261004,7,2,fc1,kurtosis,24.69276524256169,0
fedavg-mnist-iid-reference-seed21-20261004,7,2,output,mean,-1.206689585859959e-10,0
fedavg-mnist-iid-reference-seed21-20261004,7,2,output,std,0.003814119530692841,0
fedavg-mnist-iid-reference-seed21-20261004,7,2,output,median,-5.527399480342865e-07,0
fedavg-mnist-iid-reference-seed21-20261004,7,2,output,min,-0.011987999081611633,0
fedavg-mnist-iid-reference-seed21-20261004,7,2,output,max,0.025630876421928406,0
fedavg-mnist-iid-reference-seed21-20261004,7,2,output,l1,1.4808485110697802,0
fedavg-mnist-iid-reference-seed21-20261004,7,2,output,l2,0.0972413495708908,0
fedavg-mnist-iid-reference-seed21-20261004,7,2,output,max_abs,0.025630876421928406,0
fedavg-mnist-iid-reference-seed21-20261004,7,2,output,sparsity,0.07692307692307693,0
fedavg-mnist-iid-reference-seed21-20261004,7,2,output,skewness,1.079784055122599,0
fedavg-mnist-iid-reference-seed21-20261004,7,2,output,kurtosis,6.298771917944794,0
fedavg-mnist-iid-reference-seed21-20261004,7,3,conv1,mean,0.004706011290545575,0
fedavg-mnist-iid-reference-seed21-20261004,7,3,conv1,std,0.004037363106726099,0
fedavg-mnist-iid-reference-seed21-20261004,7,3,conv1,median,0.00404716283082962,0
fedavg-mnist-iid-reference-seed21-20261004,7,3,conv1,min,-0.0008717924356460571,0
fedavg-mnist-iid-reference-seed21-20261004,7,3,conv1,max,0.01606065034866333,0
fedavg-mnist-iid-reference-seed21-20261004,7,3,conv1,l1,0.7680998141877353,0
fedavg-mnist-iid-reference-seed21-20261004,7,3,conv1,l2,0.07843146625919518,0
fedavg-mnist-iid-reference-seed21-20261004,7,3,conv1,max_abs,0.01606065034866333,0
fedavg-mnist-iid-reference-seed21-20261004,7,3,conv1,sparsity,0.0,0
fedavg-mnist-iid-reference-seed21-20261004,7,3,conv1,skewness,0.5484782093956575,0
fedavg-mnist-iid-reference-seed21-20261004,7,3,conv1,kurtosis,-0.5319705796876608,0
fedavg-mnist-iid-reference-seed21-20261004,7,3,conv2,mean,0.0008342896628336944,0
fedavg-mnist-iid-reference-seed21-20261004,7,3,conv2,std,0.001386087102988561,0
fedavg-mnist-iid-reference-seed21-20261004,7,3,conv2,median,0.00023082876577973366,0
fedavg-mnist-iid-reference-seed21-20261004,7,3,conv2,min,-0.0018917545676231384,0
fedavg-mnist-iid-reference-seed21-20261004,7,3,conv2,max,0.011589303612709045,0
fedavg-mnist-iid-reference-seed21-20261004,7,3,conv2,l1,4.271586252791167,0
fedavg-mnist-iid-reference-seed21-20261004,7,3,conv2,l2,0.11020056207398511,0
fedavg-mnist-iid-reference-seed21-20261004,7,3,conv2,max_abs,0.011589303612709045,0
fedavg-mnist-iid-reference-seed21-20261004,7,3,conv2,sparsity,0.0,0
fedavg-mnist-iid-reference-seed21-20261004,7,3,conv2,skewness,2.136700803526882,0
fedavg-mnist-iid-reference-seed21-20261004,7,3,conv2,kurtosis,5.725261975666985,0
fedavg-mnist-iid-reference-seed21-20261004,7,3,fc1,mean,6.112808620701534e-05,0
fedavg-mnist-iid-reference-seed21-20261004,7,3,fc1,std,0.0005030309220237015,0
fedavg-mnist-iid-reference-seed21-20261004,7,3,fc1,median,0.0,0
fedavg-mnist-iid-reference-seed21-20261004,7,3,fc1,min,-0.008363989181816578,0
fedavg-mnist-iid-reference-seed21-20261004,7,3,fc1,max,0.0065800342708826065,0
fedavg-mnist-iid-reference-seed21-20261004,7,3,fc1,l1,21.611022329436196,0
fedavg-mnist-iid-reference-seed21-20261004,7,3,fc1,l2,0.1605755095652256,0
fedavg-mnist-iid-reference-seed21-20261004,7,3,fc1,max_abs,0.008363989181816578,0
fedavg-mnist-iid-reference-seed21-20261004,7,3,fc1,sparsity,0.15503505417463354,0
fedavg-mnist-iid-reference-seed21-20261004,7,3,fc1,skewness,1.6167321178772867,0
fedavg-mnist-iid-reference-seed21-20261004,7,3,fc1,kurtosis,22.794333439313526,0
fedavg-mnist-iid-reference-seed21-20261004,7,3,output,mean,4.309605663785568e-10,0
fedavg-mnist-iid-reference-seed21-20261004,7,3,output,std,0.003830849812062431,0
fedavg-mnist-iid-reference-seed21-20261004,7,3,output,median,-9.51811671257019e-07,0
fedavg-mnist-iid-reference-seed21-20261004,7,3,output,min,-0.011601299047470093,0
fedavg-mnist-iid-reference-seed21-20261004,7,3,output,max,0.02005082368850708,0
fedavg-mnist-iid-reference-seed21-20261004,7,3,output,l1,1.5117900741461199,0
fedavg-mnist-iid-reference-seed21-20261004,7,3,output,l2,0.09766788972674856,0
fedavg-mnist-iid-reference-seed21-20261004,7,3,output,max_abs,0.02005082368850708,0
fedavg-mnist-iid-reference-seed21-20261004,7,3,output,sparsity,0.1076923076923077,0
fedavg-mnist-iid-reference-seed21-20261004,7,3,output,skewness,0.7873967344882031,0
fedavg-mnist-iid-reference-seed21-20261004,7,3,output,kurtosis,4.098345603024303,0
fedavg-mnist-iid-reference-seed21-20261004,7,4,conv1,mean,0.0046694561038748365,0
fedavg-mnist-iid-reference-seed21-20261004,7,4,conv1,std,0.004069282645389421,0
fedavg-mnist-iid-reference-seed21-20261004,7,4,conv1,median,0.004080571234226227,0
fedavg-mnist-iid-reference-seed21-20261004,7,4,conv1,min,-0.0011161044239997864,0
fedavg-mnist-iid-reference-seed21-20261004,7,4,conv1,max,0.01582518219947815,0
fedavg-mnist-iid-reference-seed21-20261004,7,4,conv1,l1,0.7690460926387459,0
fedavg-mnist-iid-reference-seed21-20261004,7,4,conv1,l2,0.07834577875452536,0
fedavg-mnist-iid-reference-seed21-20261004,7,4,conv1,max_abs,0.01582518219947815,0
fedavg-mnist-iid-reference-seed21-20261004,7,4,conv1,sparsity,0.0,0
fedavg-mnist-iid-reference-seed21-20261004,7,4,conv1,skewness,0.5126613426956578,0
fedavg-mnist-iid-reference-seed21-20261004,7,4,conv1,kurtosis,-0.5968526646207262,0
fedavg-mnist-iid-reference-seed21-20261004,7,4,conv2,mean,0.0008205746130364598,0
fedavg-mnist-iid-reference-seed21-20261004,7,4,conv2,std,0.001365112060249303,0
fedavg-mnist-iid-reference-seed21-20261004,7,4,conv2,median,0.00023544393479824066,0
fedavg-mnist-iid-reference-seed21-20261004,7,4,conv2,min,-0.001656956970691681,0
fedavg-mnist-iid-reference-seed21-20261004,7,4,conv2,max,0.011373348534107208,0
fedavg-mnist-iid-reference-seed21-20261004,7,4,conv2,l1,4.204023405596672,0
fedavg-mnist-iid-reference-seed21-20261004,7,4,conv2,l2,0.1084946710915097,0
fedavg-mnist-iid-reference-seed21-20261004,7,4,conv2,max_abs,0.011373348534107208,0
fedavg-mnist-iid-reference-seed21-20261004,7,4,conv2,sparsity,0.0,0
fedavg-mnist-iid-reference-seed21-20261004,7,4,conv2,skewness,2.165022435142757,0
fedavg-mnist-iid-reference-seed21-20261004,7,4,conv2,kurtosis,5.97781685775964,0
fedavg-mnist-iid-reference-seed21-20261004,7,4,fc1,mean,4.862203961711988e-05,0
fedavg-mnist-iid-reference-seed21-20261004,7,4,fc1,std,0.00047196607724845615,0
fedavg-mnist-iid-reference-seed21-20261004,7,4,fc1,median,0.0,0
fedavg-mnist-iid-reference-seed21-20261004,7,4,fc1,min,-0.00606722105294466,0
fedavg-mnist-iid-reference-seed21-20261004,7,4,fc1,max,0.006056459620594978,0
fedavg-mnist-iid-reference-seed21-20261004,7,4,fc1,l1,20.281319308798402,0
fedavg-mnist-iid-reference-seed21-20261004,7,4,fc1,l2,0.15035044519588003,0
fedavg-mnist-iid-reference-seed21-20261004,7,4,fc1,max_abs,0.00606722105294466,0
fedavg-mnist-iid-reference-seed21-20261004,7,4,fc1,sparsity,0.15707656150414276,0
fedavg-mnist-iid-reference-seed21-20261004,7,4,fc1,skewness,1.3430331842190946,0
fedavg-mnist-iid-reference-seed21-20261004,7,4,fc1,kurtosis,19.485447880964017,0
fedavg-mnist-iid-reference-seed21-20261004,7,4,output,mean,-1.5928750284589253e-11,0
fedavg-mnist-iid-reference-seed21-20261004,7,4,output,std,0.0033449782924661947,0
fedavg-mnist-iid-reference-seed21-20261004,7,4,output,median,-1.825392246246338e-07,0
fedavg-mnist-iid-reference-seed21-20261004,7,4,output,min,-0.011900484561920166,0
fedavg-mnist-iid-reference-seed21-20261004,7,4,output,max,0.016938894987106323,0
fedavg-mnist-iid-reference-seed21-20261004,7,4,output,l1,1.376919595633808,0
fedavg-mnist-iid-reference-seed21-20261004,7,4,output,l2,0.08528054792914701,0
fedavg-mnist-iid-reference-seed21-20261004,7,4,output,max_abs,0.016938894987106323,0
fedavg-mnist-iid-reference-seed21-20261004,7,4,output,sparsity,0.1076923076923077,0
fedavg-mnist-iid-reference-seed21-20261004,7,4,output,skewness,0.2511270179473489,0
fedavg-mnist-iid-reference-seed21-20261004,7,4,output,kurtosis,2.346109569924458,0
fedavg-mnist-iid-reference-seed21-20261004,8,0,conv1,mean,0.004103992972522974,0
fedavg-mnist-iid-reference-seed21-20261004,8,0,conv1,std,0.0035178282421621126,0
fedavg-mnist-iid-reference-seed21-20261004,8,0,conv1,median,0.0035131126642227173,0
fedavg-mnist-iid-reference-seed21-20261004,8,0,conv1,min,-0.0007867366075515747,0
fedavg-mnist-iid-reference-seed21-20261004,8,0,conv1,max,0.014252662658691406,0
fedavg-mnist-iid-reference-seed21-20261004,8,0,conv1,l1,0.6713854018598795,0
fedavg-mnist-iid-reference-seed21-20261004,8,0,conv1,l2,0.06837294653281671,0
fedavg-mnist-iid-reference-seed21-20261004,8,0,conv1,max_abs,0.014252662658691406,0
fedavg-mnist-iid-reference-seed21-20261004,8,0,conv1,sparsity,0.0,0
fedavg-mnist-iid-reference-seed21-20261004,8,0,conv1,skewness,0.558519577511044,0
fedavg-mnist-iid-reference-seed21-20261004,8,0,conv1,kurtosis,-0.4242761308413181,0
fedavg-mnist-iid-reference-seed21-20261004,8,0,conv2,mean,0.000670614199402578,0
fedavg-mnist-iid-reference-seed21-20261004,8,0,conv2,std,0.0011402846830256715,0
fedavg-mnist-iid-reference-seed21-20261004,8,0,conv2,median,0.0001854225993156433,0
fedavg-mnist-iid-reference-seed21-20261004,8,0,conv2,min,-0.0018619988113641739,0
fedavg-mnist-iid-reference-seed21-20261004,8,0,conv2,max,0.009080983698368073,0
fedavg-mnist-iid-reference-seed21-20261004,8,0,conv2,l1,3.5363816826939,0
fedavg-mnist-iid-reference-seed21-20261004,8,0,conv2,l2,0.09011033620686691,0
fedavg-mnist-iid-reference-seed21-20261004,8,0,conv2,max_abs,0.009080983698368073,0
fedavg-mnist-iid-reference-seed21-20261004,8,0,conv2,sparsity,0.0,0
fedavg-mnist-iid-reference-seed21-20261004,8,0,conv2,skewness,2.037402446455516,0
fedavg-mnist-iid-reference-seed21-20261004,8,0,conv2,kurtosis,5.108533750064382,0
fedavg-mnist-iid-reference-seed21-20261004,8,0,fc1,mean,3.300895210866612e-05,0
fedavg-mnist-iid-reference-seed21-20261004,8,0,fc1,std,0.0004078594049541239,0
fedavg-mnist-iid-reference-seed21-20261004,8,0,fc1,median,0.0,0
fedavg-mnist-iid-reference-seed21-20261004,8,0,fc1,min,-0.007177099585533142,0
fedavg-mnist-iid-reference-seed21-20261004,8,0,fc1,max,0.005541389808058739,0
fedavg-mnist-iid-reference-seed21-20261004,8,0,fc1,l1,17.537060557091763,0
fedavg-mnist-iid-reference-seed21-20261004,8,0,fc1,l2,0.1296670470439503,0
fedavg-mnist-iid-reference-seed21-20261004,8,0,fc1,max_abs,0.007177099585533142,0
fedavg-mnist-iid-reference-seed21-20261004,8,0,fc1,sparsity,0.16946502549394518,0
fedavg-mnist-iid-reference-seed21-20261004,8,0,fc1,skewness,1.0640274914200365,0
fedavg-mnist-iid-reference-seed21-20261004,8,0,fc1,kurtosis,22.73347388124615,0
fedavg-mnist-iid-reference-seed21-20261004,8,0,output,mean,-1.1619144620803686e-10,0
fedavg-mnist-iid-reference-seed21-20261004,8,0,output,std,0.003086310447918652,0
fedavg-mnist-iid-reference-seed21-20261004,8,0,output,median,0.0,0
fedavg-mnist-iid-reference-seed21-20261004,8,0,output,min,-0.011653237044811249,0
fedavg-mnist-iid-reference-seed21-20261004,8,0,output,max,0.01562468707561493,0
fedavg-mnist-iid-reference-seed21-20261004,8,0,output,l1,1.2419846475531813,0
fedavg-mnist-iid-reference-seed21-20261004,8,0,output,l2,0.07868578599471251,0
fedavg-mnist-iid-reference-seed21-20261004,8,0,output,max_abs,0.01562468707561493,0
fedavg-mnist-iid-reference-seed21-20261004,8,0,output,sparsity,0.12461538461538461,0
fedavg-mnist-iid-reference-seed21-20261004,8,0,output,skewness,0.2907089913923053,0
fedavg-mnist-iid-reference-seed21-20261004,8,0,output,kurtosis,3.0659924825823808,0
fedavg-mnist-iid-reference-seed21-20261004,8,1,conv1,mean,0.004122699296567589,0
fedavg-mnist-iid-reference-seed21-20261004,8,1,conv1,std,0.003510913518295844,0
fedavg-mnist-iid-reference-seed21-20261004,8,1,conv1,median,0.003833215683698654,0
fedavg-mnist-iid-reference-seed21-20261004,8,1,conv1,min,-0.0008868202567100525,0
fedavg-mnist-iid-reference-seed21-20261004,8,1,conv1,max,0.013921380043029785,0
fedavg-mnist-iid-reference-seed21-20261004,8,1,conv1,l1,0.6751087214797735,0
fedavg-mnist-iid-reference-seed21-20261004,8,1,conv1,l2,0.06849602992626232,0
fedavg-mnist-iid-reference-seed21-20261004,8,1,conv1,max_abs,0.013921380043029785,0
fedavg-mnist-iid-reference-seed21-20261004,8,1,conv1,sparsity,0.0,0
fedavg-mnist-iid-reference-seed21-20261004,8,1,conv1,skewness,0.4976256512263271,0
fedavg-mnist-iid-reference-seed21-20261004,8,1,conv1,kurtosis,-0.5718620570975599,0
fedavg-mnist-iid-reference-seed21-20261004,8,1,conv2,mean,0.00066264276926694,0
fedavg-mnist-iid-reference-seed21-20261004,8,1,conv2,std,0.0011494352934012877,0
fedavg-mnist-iid-reference-seed21-20261004,8,1,conv2,median,0.00018747523427009583,0
fedavg-mnist-iid-reference-seed21-20261004,8,1,conv2,min,-0.0018205419182777405,0
fedavg-mnist-iid-reference-seed21-20261004,8,1,conv2,max,0.009574413299560547,0
fedavg-mnist-iid-reference-seed21-20261004,8,1,conv2,l1,3.5383113238276565,0
fedavg-mnist-iid-reference-seed21-20261004,8,1,conv2,l2,0.09037575875684332,0
fedavg-mnist-iid-reference-seed21-20261004,8,1,conv2,max_abs,0.009574413299560547,0
fedavg-mnist-iid-reference-seed21-20261004,8,1,conv2,sparsity,0.0,0
fedavg-mnist-iid-reference-seed21-20261004,8,1,conv2,skewness,2.1056796458313967,0
fedavg-mnist-iid-reference-seed21-20261004,8,1,conv2,kurtosis,5.757514535645196,0
fedavg-mnist-iid-reference-seed21-20261004,8,1,fc1,mean,1.044052429780274e-05,0
fedavg-mnist-iid-reference-seed21-20261004,8,1,fc1,std,0.00044880397692949846,0
fedavg-mnist-iid-reference-seed21-20261004,8,1,fc1,median,0.0,0
fedavg-mnist-iid-reference-seed21-20261004,8,1,fc1,min,-0.005146535113453865,0
fedavg-mnist-iid-reference-seed21-20261004,8,1,fc1,max,0.00741402804851532,0
fedavg-mnist-iid-reference-seed21-20261004,8,1,fc1,l1,19.506914840627587,0
fedavg-mnist-iid-reference-seed21-20261004,8,1,fc1,l2,0.14225765208052923,0
fedavg-mnist-iid-reference-seed21-20261004,8,1,fc1,max_abs,0.00741402804851532,0
fedavg-mnist-iid-reference-seed21-20261004,8,1,fc1,sparsity,0.14043578712555768,0
fedavg-mnist-iid-reference-seed21-20261004,8,1,fc1,skewness,1.2596720332189497,0
fedavg-mnist-iid-reference-seed21-20261004,8,1,fc1,kurtosis,24.35515463916706,0
fedavg-mnist-iid-reference-seed21-20261004,8,1,output,mean,6.244282793396941e-10,0
fedavg-mnist-iid-reference-seed21-20261004,8,1,output,std,0.0034799789866621945,0
fedavg-mnist-iid-reference-seed21-20261004,8,1,output,median,-2.980232238769531e-07,0
fedavg-mnist-iid-reference-seed21-20261004,8,1,output,min,-0.012283526360988617,0
fedavg-mnist-iid-reference-seed21-20261004,8,1,output,max,0.017207980155944824,0
fedavg-mnist-iid-reference-seed21-20261004,8,1,output,l1,1.402329768465279,0
fedavg-mnist-iid-reference-seed21-20261004,8,1,output,l2,0.0887224037994183,0
fedavg-mnist-iid-reference-seed21-20261004,8,1,output,max_abs,0.017207980155944824,0
fedavg-mnist-iid-reference-seed21-20261004,8,1,output,sparsity,0.09384615384615384,0
fedavg-mnist-iid-reference-seed21-20261004,8,1,output,skewness,0.32398165422386654,0
fedavg-mnist-iid-reference-seed21-20261004,8,1,output,kurtosis,3.187892042802794,0
fedavg-mnist-iid-reference-seed21-20261004,8,2,conv1,mean,0.0045595938252517955,0
fedavg-mnist-iid-reference-seed21-20261004,8,2,conv1,std,0.0038979020865679372,0
fedavg-mnist-iid-reference-seed21-20261004,8,2,conv1,median,0.004402847960591316,0
fedavg-mnist-iid-reference-seed21-20261004,8,2,conv1,min,-0.0006816666573286057,0
fedavg-mnist-iid-reference-seed21-20261004,8,2,conv1,max,0.015813887119293213,0
fedavg-mnist-iid-reference-seed21-20261004,8,2,conv1,l1,0.7450491734780371,0
fedavg-mnist-iid-reference-seed21-20261004,8,2,conv1,l2,0.0758773078360006,0
fedavg-mnist-iid-reference-seed21-20261004,8,2,conv1,max_abs,0.015813887119293213,0
fedavg-mnist-iid-reference-seed21-20261004,8,2,conv1,sparsity,0.0,0
fedavg-mnist-iid-reference-seed21-20261004,8,2,conv1,skewness,0.5473298778102221,0
fedavg-mnist-iid-reference-seed21-20261004,8,2,conv1,kurtosis,-0.41188925933847464,0
fedavg-mnist-iid-reference-seed21-20261004,8,2,conv2,mean,0.00075255730069267,0
fedavg-mnist-iid-reference-seed21-20261004,8,2,conv2,std,0.001262618501776359,0
fedavg-mnist-iid-reference-seed21-20261004,8,2,conv2,median,0.0001991728786379099,0
fedavg-mnist-iid-reference-seed21-20261004,8,2,conv2,min,-0.0013753138482570648,0
fedavg-mnist-iid-reference-seed21-20261004,8,2,conv2,max,0.010042153298854828,0
fedavg-mnist-iid-reference-seed21-20261004,8,2,conv2,l1,3.883612259567599,0
fedavg-mnist-iid-reference-seed21-20261004,8,2,conv2,l2,0.10012463527724684,0
fedavg-mnist-iid-reference-seed21-20261004,8,2,conv2,max_abs,0.010042153298854828,0
fedavg-mnist-iid-reference-seed21-20261004,8,2,conv2,sparsity,0.0,0
fedavg-mnist-iid-reference-seed21-20261004,8,2,conv2,skewness,2.076502870377128,0
fedavg-mnist-iid-reference-seed21-20261004,8,2,conv2,kurtosis,5.169918154259175,0
fedavg-mnist-iid-reference-seed21-20261004,8,2,fc1,mean,4.472741736164544e-05,0
fedavg-mnist-iid-reference-seed21-20261004,8,2,fc1,std,0.0004637348758373462,0
fedavg-mnist-iid-reference-seed21-20261004,8,2,fc1,median,0.0,0
fedavg-mnist-iid-reference-seed21-20261004,8,2,fc1,min,-0.00875985249876976,0
fedavg-mnist-iid-reference-seed21-20261004,8,2,fc1,max,0.005867559928447008,0
fedavg-mnist-iid-reference-seed21-20261004,8,2,fc1,l1,19.754176391581723,0
fedavg-mnist-iid-reference-seed21-20261004,8,2,fc1,l2,0.14763248535866272,0
fedavg-mnist-iid-reference-seed21-20261004,8,2,fc1,max_abs,0.00875985249876976,0
fedavg-mnist-iid-reference-seed21-20261004,8,2,fc1,sparsity,0.14428975462077756,0
fedavg-mnist-iid-reference-seed21-20261004,8,2,fc1,skewness,1.220943130335245,0
fedavg-mnist-iid-reference-seed21-20261004,8,2,fc1,kurtosis,25.050815402992917,0
fedavg-mnist-iid-reference-seed21-20261004,8,2,output,mean,5.978094682527276e-10,0
fedavg-mnist-iid-reference-seed21-20261004,8,2,output,std,0.003711124074601851,0
fedavg-mnist-iid-reference-seed21-20261004,8,2,output,median,-2.980232238769531e-07,0
fedavg-mnist-iid-reference-seed21-20261004,8,2,output,min,-0.011494770646095276,0
fedavg-mnist-iid-reference-seed21-20261004,8,2,output,max,0.024709045886993408,0
fedavg-mnist-iid-reference-seed21-20261004,8,2,output,l1,1.4563442561957345,0
fedavg-mnist-iid-reference-seed21-20261004,8,2,output,l2,0.09461547036879522,0
fedavg-mnist-iid-reference-seed21-20261004,8,2,output,max_abs,0.024709045886993408,0
fedavg-mnist-iid-reference-seed21-20261004,8,2,output,sparsity,0.09384615384615384,0
fedavg-mnist-iid-reference-seed21-20261004,8,2,output,skewness,1.1129623833406437,0
fedavg-mnist-iid-reference-seed21-20261004,8,2,output,kurtosis,5.850967764417355,0
fedavg-mnist-iid-reference-seed21-20261004,8,3,conv1,mean,0.004546336032217368,0
fedavg-mnist-iid-reference-seed21-20261004,8,3,conv1,std,0.003887161565374301,0
fedavg-mnist-iid-reference-seed21-20261004,8,3,conv1,median,0.004005730152130127,0
fedavg-mnist-iid-reference-seed21-20261004,8,3,conv1,min,-0.0007950514554977417,0
fedavg-mnist-iid-reference-seed21-20261004,8,3,conv1,max,0.01564165949821472,0
fedavg-mnist-iid-reference-seed21-20261004,8,3,conv1,l1,0.7403028225526214,0
fedavg-mnist-iid-reference-seed21-20261004,8,3,conv1,l2,0.07566155838010333,0
fedavg-mnist-iid-reference-seed21-20261004,8,3,conv1,max_abs,0.01564165949821472,0
fedavg-mnist-iid-reference-seed21-20261004,8,3,conv1,sparsity,0.0,0
fedavg-mnist-iid-reference-seed21-20261004,8,3,conv1,skewness,0.5543140385614096,0
fedavg-mnist-iid-reference-seed21-20261004,8,3,conv1,kurtosis,-0.5011422160341596,0
fedavg-mnist-iid-reference-seed21-20261004,8,3,conv2,mean,0.0007513521846300168,0
fedavg-mnist-iid-reference-seed21-20261004,8,3,conv2,std,0.0012652417950010924,0
fedavg-mnist-iid-reference-seed21-20261004,8,3,conv2,median,0.00020645931363105774,0
fedavg-mnist-iid-reference-seed21-20261004,8,3,conv2,min,-0.0018822010606527328,0
fedavg-mnist-iid-reference-seed21-20261004,8,3,conv2,max,0.010342076420783997,0
fedavg-mnist-iid-reference-seed21-20261004,8,3,conv2,l1,3.9074062015151867,0
fedavg-mnist-iid-reference-seed21-20261004,8,3,conv2,l2,0.10023623316929715,0
fedavg-mnist-iid-reference-seed21-20261004,8,3,conv2,max_abs,0.010342076420783997,0
fedavg-mnist-iid-reference-seed21-20261004,8,3,conv2,sparsity,0.0,0
fedavg-mnist-iid-reference-seed21-20261004,8,3,conv2,skewness,2.08547945621554,0
fedavg-mnist-iid-reference-seed21-20261004,8,3,conv2,kurtosis,5.41062051113709,0
fedavg-mnist-iid-reference-seed21-20261004,8,3,fc1,mean,4.759596258178139e-05,0
fedavg-mnist-iid-reference-seed21-20261004,8,3,fc1,std,0.00047333135150919985,0
fedavg-mnist-iid-reference-seed21-20261004,8,3,fc1,median,0.0,0
fedavg-mnist-iid-reference-seed21-20261004,8,3,fc1,min,-0.008068189024925232,0
fedavg-mnist-iid-reference-seed21-20261004,8,3,fc1,max,0.006031377241015434,0
fedavg-mnist-iid-reference-seed21-20261004,8,3,fc1,l1,20.511368526422075,0
fedavg-mnist-iid-reference-seed21-20261004,8,3,fc1,l2,0.15074793034153092,0
fedavg-mnist-iid-reference-seed21-20261004,8,3,fc1,max_abs,0.008068189024925232,0
fedavg-mnist-iid-reference-seed21-20261004,8,3,fc1,sparsity,0.16634799235181644,0
fedavg-mnist-iid-reference-seed21-20261004,8,3,fc1,skewness,1.4495248160388479,0
fedavg-mnist-iid-reference-seed21-20261004,8,3,fc1,kurtosis,22.59296994557032,0
fedavg-mnist-iid-reference-seed21-20261004,8,3,output,mean,4.659635193932515e-10,0
fedavg-mnist-iid-reference-seed21-20261004,8,3,output,std,0.003748197780613649,0
fedavg-mnist-iid-reference-seed21-20261004,8,3,output,median,-7.315538823604584e-07,0
fedavg-mnist-iid-reference-seed21-20261004,8,3,output,min,-0.010530069470405579,0
fedavg-mnist-iid-reference-seed21-20261004,8,3,output,max,0.019731134176254272,0
fedavg-mnist-iid-reference-seed21-20261004,8,3,output,l1,1.4820690604028641,0
fedavg-mnist-iid-reference-seed21-20261004,8,3,output,l2,0.09556066812077155,0
fedavg-mnist-iid-reference-seed21-20261004,8,3,output,max_abs,0.019731134176254272,0
fedavg-mnist-iid-reference-seed21-20261004,8,3,output,sparsity,0.12307692307692308,0
fedavg-mnist-iid-reference-seed21-20261004,8,3,output,skewness,0.91217573935116,0
fedavg-mnist-iid-reference-seed21-20261004,8,3,output,kurtosis,4.333934882338415,0
fedavg-mnist-iid-reference-seed21-20261004,8,4,conv1,mean,0.004407767642987892,0
fedavg-mnist-iid-reference-seed21-20261004,8,4,conv1,std,0.0038068688647371757,0
fedavg-mnist-iid-reference-seed21-20261004,8,4,conv1,median,0.003792591392993927,0
fedavg-mnist-iid-reference-seed21-20261004,8,4,conv1,min,-0.001063808798789978,0
fedavg-mnist-iid-reference-seed21-20261004,8,4,conv1,max,0.015044093132019043,0
fedavg-mnist-iid-reference-seed21-20261004,8,4,conv1,l1,0.7236723946407437,0
fedavg-mnist-iid-reference-seed21-20261004,8,4,conv1,l2,0.07367025575943263,0
fedavg-mnist-iid-reference-seed21-20261004,8,4,conv1,max_abs,0.015044093132019043,0
fedavg-mnist-iid-reference-seed21-20261004,8,4,conv1,sparsity,0.0,0
fedavg-mnist-iid-reference-seed21-20261004,8,4,conv1,skewness,0.5066002818213956,0
fedavg-mnist-iid-reference-seed21-20261004,8,4,conv1,kurtosis,-0.5876299190919214,0
fedavg-mnist-iid-reference-seed21-20261004,8,4,conv2,mean,0.000714821849228115,0
fedavg-mnist-iid-reference-seed21-20261004,8,4,conv2,std,0.0012178460612429188,0
fedavg-mnist-iid-reference-seed21-20261004,8,4,conv2,median,0.0001957372878678143,0
fedavg-mnist-iid-reference-seed21-20261004,8,4,conv2,min,-0.0018271971493959427,0
fedavg-mnist-iid-reference-seed21-20261004,8,4,conv2,max,0.009976476430892944,0
fedavg-mnist-iid-reference-seed21-20261004,8,4,conv2,l1,3.743273931071599,0
fedavg-mnist-iid-reference-seed21-20261004,8,4,conv2,l2,0.0961910264800579,0
fedavg-mnist-iid-reference-seed21-20261004,8,4,conv2,max_abs,0.009976476430892944,0
fedavg-mnist-iid-reference-seed21-20261004,8,4,conv2,sparsity,0.0,0
fedavg-mnist-iid-reference-seed21-20261004,8,4,conv2,skewness,2.122528368439305,0
fedavg-mnist-iid-reference-seed21-20261004,8,4,conv2,kurtosis,5.7561045046918515,0
fedavg-mnist-iid-reference-seed21-20261004,8,4,fc1,mean,3.302265057100253e-05,0
fedavg-mnist-iid-reference-seed21-20261004,8,4,fc1,std,0.00043473921197707165,0
fedavg-mnist-iid-reference-seed21-20261004,8,4,fc1,median,0.0,0
fedavg-mnist-iid-reference-seed21-20261004,8,4,fc1,min,-0.0060863196849823,0
fedavg-mnist-iid-reference-seed21-20261004,8,4,fc1,max,0.006179921329021454,0
fedavg-mnist-iid-reference-seed21-20261004,8,4,fc1,l1,18.496657904230915,0
fedavg-mnist-iid-reference-seed21-20261004,8,4,fc1,l2,0.13815912810276618,0
fedavg-mnist-iid-reference-seed21-20261004,8,4,fc1,max_abs,0.006179921329021454,0
fedavg-mnist-iid-reference-seed21-20261004,8,4,fc1,sparsity,0.1549454270235819,0
fedavg-mnist-iid-reference-seed21-20261004,8,4,fc1,skewness,1.0460148779585947,0
fedavg-mnist-iid-reference-seed21-20261004,8,4,fc1,kurtosis,19.959870942433113,0
fedavg-mnist-iid-reference-seed21-20261004,8,4,output,mean,3.392835004398456e-10,0
fedavg-mnist-iid-reference-seed21-20261004,8,4,output,std,0.003258224231055232,0
fedavg-mnist-iid-reference-seed21-20261004,8,4,output,median,-4.284083843231201e-08,0
fedavg-mnist-iid-reference-seed21-20261004,8,4,output,min,-0.011568889021873474,0
fedavg-mnist-iid-reference-seed21-20261004,8,4,output,max,0.015433236956596375,0
fedavg-mnist-iid-reference-seed21-20261004,8,4,output,l1,1.3451739158044802,0
fedavg-mnist-iid-reference-seed21-20261004,8,4,output,l2,0.08306874466905781,0
fedavg-mnist-iid-reference-seed21-20261004,8,4,output,max_abs,0.015433236956596375,0
fedavg-mnist-iid-reference-seed21-20261004,8,4,output,sparsity,0.10923076923076923,0
fedavg-mnist-iid-reference-seed21-20261004,8,4,output,skewness,0.25436482814121564,0
fedavg-mnist-iid-reference-seed21-20261004,8,4,output,kurtosis,2.2371879878953873,0
fedavg-mnist-iid-reference-seed21-20261004,9,0,conv1,mean,0.0033656645071459936,0
fedavg-mnist-iid-reference-seed21-20261004,9,0,conv1,std,0.0028929744353694987,0
fedavg-mnist-iid-reference-seed21-20261004,9,0,conv1,median,0.0027686133980751038,0
fedavg-mnist-iid-reference-seed21-20261004,9,0,conv1,min,-0.0007046535611152649,0
fedavg-mnist-iid-reference-seed21-20261004,9,0,conv1,max,0.011912494897842407,0
fedavg-mnist-iid-reference-seed21-20261004,9,0,conv1,l1,0.5506757977418602,0
fedavg-mnist-iid-reference-seed21-20261004,9,0,conv1,l2,0.05613839849281595,0
fedavg-mnist-iid-reference-seed21-20261004,9,0,conv1,max_abs,0.011912494897842407,0
fedavg-mnist-iid-reference-seed21-20261004,9,0,conv1,sparsity,0.0,0
fedavg-mnist-iid-reference-seed21-20261004,9,0,conv1,skewness,0.5887345054660782,0
fedavg-mnist-iid-reference-seed21-20261004,9,0,conv1,kurtosis,-0.3396163695413561,0
fedavg-mnist-iid-reference-seed21-20261004,9,0,conv2,mean,0.000516753683531345,0
fedavg-mnist-iid-reference-seed21-20261004,9,0,conv2,std,0.0009136234642521059,0
fedavg-mnist-iid-reference-seed21-20261004,9,0,conv2,median,0.00014641135931015015,0
fedavg-mnist-iid-reference-seed21-20261004,9,0,conv2,min,-0.0021047182381153107,0
fedavg-mnist-iid-reference-seed21-20261004,9,0,conv2,max,0.007132232189178467,0
fedavg-mnist-iid-reference-seed21-20261004,9,0,conv2,l1,2.842341600833606,0
fedavg-mnist-iid-reference-seed21-20261004,9,0,conv2,l2,0.0714988379344803,0
fedavg-mnist-iid-reference-seed21-20261004,9,0,conv2,max_abs,0.007132232189178467,0
fedavg-mnist-iid-reference-seed21-20261004,9,0,conv2,sparsity,0.0,0
fedavg-mnist-iid-reference-seed21-20261004,9,0,conv2,skewness,1.937280567678338,0
fedavg-mnist-iid-reference-seed21-20261004,9,0,conv2,kurtosis,4.803172782463261,0
fedavg-mnist-iid-reference-seed21-20261004,9,0,fc1,mean,2.0719370582854154e-05,0
fedavg-mnist-iid-reference-seed21-20261004,9,0,fc1,std,0.0003711831023582398,0
fedavg-mnist-iid-reference-seed21-20261004,9,0,fc1,median,0.0,0
fedavg-mnist-iid-reference-seed21-20261004,9,0,fc1,min,-0.006112711504101753,0
fedavg-mnist-iid-reference-seed21-20261004,9,0,fc1,max,0.005160709843039513,0
fedavg-mnist-iid-reference-seed21-20261004,9,0,fc1,l1,16.0235103650773,0
fedavg-mnist-iid-reference-seed21-20261004,9,0,fc1,l2,0.11780540120676077,0
fedavg-mnist-iid-reference-seed21-20261004,9,0,fc1,max_abs,0.006112711504101753,0
fedavg-mnist-iid-reference-seed21-20261004,9,0,fc1,sparsity,0.1793439292543021,0
fedavg-mnist-iid-reference-seed21-20261004,9,0,fc1,skewness,0.8099793001707561,0
fedavg-mnist-iid-reference-seed21-20261004,9,0,fc1,kurtosis,22.62059412482116,0
fedavg-mnist-iid-reference-seed21-20261004,9,0,output,mean,2.872492097174892e-10,0
fedavg-mnist-iid-reference-seed21-20261004,9,0,output,std,0.0027381508709409994,0
fedavg-mnist-iid-reference-seed21-20261004,9,0,output,median,0.0,0
fedavg-mnist-iid-reference-seed21-20261004,9,0,output,min,-0.009625151753425598,0
fedavg-mnist-iid-reference-seed21-20261004,9,0,output,max,0.014195963740348816,0
fedavg-mnist-iid-reference-seed21-20261004,9,0,output,l1,1.098771859327826,0
fedavg-mnist-iid-reference-seed21-20261004,9,0,output,l2,0.06980942361044656,0
fedavg-mnist-iid-reference-seed21-20261004,9,0,output,max_abs,0.014195963740348816,0
fedavg-mnist-iid-reference-seed21-20261004,9,0,output,sparsity,0.14,0
fedavg-mnist-iid-reference-seed21-20261004,9,0,output,skewness,0.45236451672821876,0
fedavg-mnist-iid-reference-seed21-20261004,9,0,output,kurtosis,3.5457029849729738,0
fedavg-mnist-iid-reference-seed21-20261004,9,1,conv1,mean,0.0033888692763866858,0
fedavg-mnist-iid-reference-seed21-20261004,9,1,conv1,std,0.0028687372150961563,0
fedavg-mnist-iid-reference-seed21-20261004,9,1,conv1,median,0.0030940137803554535,0
fedavg-mnist-iid-reference-seed21-20261004,9,1,conv1,min,-0.0007494613528251648,0
fedavg-mnist-iid-reference-seed21-20261004,9,1,conv1,max,0.01149490475654602,0
fedavg-mnist-iid-reference-seed21-20261004,9,1,conv1,l1,0.5552860233001411,0
fedavg-mnist-iid-reference-seed21-20261004,9,1,conv1,l2,0.056162746630435044,0
fedavg-mnist-iid-reference-seed21-20261004,9,1,conv1,max_abs,0.01149490475654602,0
fedavg-mnist-iid-reference-seed21-20261004,9,1,conv1,sparsity,0.0,0
fedavg-mnist-iid-reference-seed21-20261004,9,1,conv1,skewness,0.49495188327018835,0
fedavg-mnist-iid-reference-seed21-20261004,9,1,conv1,kurtosis,-0.5443768749199513,0
fedavg-mnist-iid-reference-seed21-20261004,9,1,conv2,mean,0.0005071177046037801,0
fedavg-mnist-iid-reference-seed21-20261004,9,1,conv2,std,0.0009208986837186628,0
fedavg-mnist-iid-reference-seed21-20261004,9,1,conv2,median,0.00014014661428518593,0
fedavg-mnist-iid-reference-seed21-20261004,9,1,conv2,min,-0.0021093636751174927,0
fedavg-mnist-iid-reference-seed21-20261004,9,1,conv2,max,0.0076597630977630615,0
fedavg-mnist-iid-reference-seed21-20261004,9,1,conv2,l1,2.8507185771704826,0
fedavg-mnist-iid-reference-seed21-20261004,9,1,conv2,l2,0.07161168598258115,0
fedavg-mnist-iid-reference-seed21-20261004,9,1,conv2,max_abs,0.0076597630977630615,0
fedavg-mnist-iid-reference-seed21-20261004,9,1,conv2,sparsity,0.0,0
fedavg-mnist-iid-reference-seed21-20261004,9,1,conv2,skewness,2.0169325435675325,0
fedavg-mnist-iid-reference-seed21-20261004,9,1,conv2,kurtosis,5.490265625596532,0
fedavg-mnist-iid-reference-seed21-20261004,9,1,fc1,mean,3.2631433445976493e-06,0
fedavg-mnist-iid-reference-seed21-20261004,9,1,fc1,std,0.00042485639575062117,0
fedavg-mnist-iid-reference-seed21-20261004,9,1,fc1,median,0.0,0
fedavg-mnist-iid-reference-seed21-20261004,9,1,fc1,min,-0.005212504416704178,0
fedavg-mnist-iid-reference-seed21-20261004,9,1,fc1,max,0.006983840838074684,0
fedavg-mnist-iid-reference-seed21-20261004,9,1,fc1,l1,18.257802195891145,0
fedavg-mnist-iid-reference-seed21-20261004,9,1,fc1,l2,0.1346345207262881,0
fedavg-mnist-iid-reference-seed21-20261004,9,1,fc1,max_abs,0.006983840838074684,0
fedavg-mnist-iid-reference-seed21-20261004,9,1,fc1,sparsity,0.14146152007648183,0
fedavg-mnist-iid-reference-seed21-20261004,9,1,fc1,skewness,0.9521264161132065,0
fedavg-mnist-iid-reference-seed21-20261004,9,1,fc1,kurtosis,25.954371472508658,0
fedavg-mnist-iid-reference-seed21-20261004,9,1,output,mean,9.885787641486296e-11,0
fedavg-mnist-iid-reference-seed21-20261004,9,1,output,std,0.0032743430995132968,0
fedavg-mnist-iid-reference-seed21-20261004,9,1,output,median,-1.1175870895385742e-07,0
fedavg-mnist-iid-reference-seed21-20261004,9,1,output,min,-0.010494478046894073,0
fedavg-mnist-iid-reference-seed21-20261004,9,1,output,max,0.01816725730895996,0
fedavg-mnist-iid-reference-seed21-20261004,9,1,output,l1,1.3100022594480834,0
fedavg-mnist-iid-reference-seed21-20261004,9,1,output,l2,0.08347969679308094,0
fedavg-mnist-iid-reference-seed21-20261004,9,1,output,max_abs,0.01816725730895996,0
fedavg-mnist-iid-reference-seed21-20261004,9,1,output,sparsity,0.09538461538461539,0
fedavg-mnist-iid-reference-seed21-20261004,9,1,output,skewness,0.6324886445061315,0
fedavg-mnist-iid-reference-seed21-20261004,9,1,output,kurtosis,3.913730710224682,0
fedavg-mnist-iid-reference-seed21-20261004,9,2,conv1,mean,0.0038675596981192937,0
fedavg-mnist-iid-reference-seed21-20261004,9,2,conv1,std,0.0032937592091819776,0
fedavg-mnist-iid-reference-seed21-20261004,9,2,conv1,median,0.003748763003386557,0
fedavg-mnist-iid-reference-seed21-20261004,9,2,conv1,min,-0.0005783885717391968,0
fedavg-mnist-iid-reference-seed21-20261004,9,2,conv1,max,0.013628900051116943,0
fedavg-mnist-iid-reference-seed21-20261004,9,2,conv1,l1,0.6314506090711802,0
fedavg-mnist-iid-reference-seed21-20261004,9,2,conv1,l2,0.06425806439237047,0
fedavg-mnist-iid-reference-seed21-20261004,9,2,conv1,max_abs,0.013628900051116943,0
fedavg-mnist-iid-reference-seed21-20261004,9,2,conv1,sparsity,0.0,0
fedavg-mnist-iid-reference-seed21-20261004,9,2,conv1,skewness,0.5582161642349546,0
fedavg-mnist-iid-reference-seed21-20261004,9,2,conv1,kurtosis,-0.350628360815195,0
fedavg-mnist-iid-reference-seed21-20261004,9,2,conv2,mean,0.000607885255302445,0
fedavg-mnist-iid-reference-seed21-20261004,9,2,conv2,std,0.0010336792604067945,0
fedavg-mnist-iid-reference-seed21-20261004,9,2,conv2,median,0.0001629786565899849,0
fedavg-mnist-iid-reference-seed21-20261004,9,2,conv2,min,-0.0012695640325546265,0
fedavg-mnist-iid-reference-seed21-20261004,9,2,conv2,max,0.008229561150074005,0
fedavg-mnist-iid-reference-seed21-20261004,9,2,conv2,l1,3.1899554220144637,0
fedavg-mnist-iid-reference-seed21-20261004,9,2,conv2,l2,0.08168476148048025,0
fedavg-mnist-iid-reference-seed21-20261004,9,2,conv2,max_abs,0.008229561150074005,0
fedavg-mnist-iid-reference-seed21-20261004,9,2,conv2,sparsity,0.0,0
fedavg-mnist-iid-reference-seed21-20261004,9,2,conv2,skewness,2.0556550832561156,0
fedavg-mnist-iid-reference-seed21-20261004,9,2,conv2,kurtosis,5.103359191763978,0
fedavg-mnist-iid-reference-seed21-20261004,9,2,fc1,mean,3.8436211885250254e-05,0
fedavg-mnist-iid-reference-seed21-20261004,9,2,fc1,std,0.0004102945029400152,0
fedavg-mnist-iid-reference-seed21-20261004,9,2,fc1,median,0.0,0
fedavg-mnist-iid-reference-seed21-20261004,9,2,fc1,min,-0.007581794634461403,0
fedavg-mnist-iid-reference-seed21-20261004,9,2,fc1,max,0.005473583936691284,0
fedavg-mnist-iid-reference-seed21-20261004,9,2,fc1,l1,17.33619869263248,0
fedavg-mnist-iid-reference-seed21-20261004,9,2,fc1,l2,0.1305853622120159,0
fedavg-mnist-iid-reference-seed21-20261004,9,2,fc1,max_abs,0.007581794634461403,0
fedavg-mnist-iid-reference-seed21-20261004,9,2,fc1,sparsity,0.15505497131931167,0
fedavg-mnist-iid-reference-seed21-20261004,9,2,fc1,skewness,1.1831656029528304,0
fedavg-mnist-iid-reference-seed21-20261004,9,2,fc1,kurtosis,26.236842915344894,0
fedavg-mnist-iid-reference-seed21-20261004,9,2,output,mean,3.8134413234029826e-10,0
fedavg-mnist-iid-reference-seed21-20261004,9,2,output,std,0.0033473351593108934,0
fedavg-mnist-iid-reference-seed21-20261004,9,2,output,median,-2.0116567611694336e-07,0
fedavg-mnist-iid-reference-seed21-20261004,9,2,output,min,-0.010902509093284607,0
fedavg-mnist-iid-reference-seed21-20261004,9,2,output,max,0.02216540277004242,0
fedavg-mnist-iid-reference-seed21-20261004,9,2,output,l1,1.315623586113361,0
fedavg-mnist-iid-reference-seed21-20261004,9,2,output,l2,0.08534063647930784,0
fedavg-mnist-iid-reference-seed21-20261004,9,2,output,max_abs,0.02216540277004242,0
fedavg-mnist-iid-reference-seed21-20261004,9,2,output,sparsity,0.1076923076923077,0
fedavg-mnist-iid-reference-seed21-20261004,9,2,output,skewness,1.106297312114605,0
fedavg-mnist-iid-reference-seed21-20261004,9,2,output,kurtosis,5.703100813004589,0
fedavg-mnist-iid-reference-seed21-20261004,9,3,conv1,mean,0.0038469435094157234,0
fedavg-mnist-iid-reference-seed21-20261004,9,3,conv1,std,0.003278903816820547,0
fedavg-mnist-iid-reference-seed21-20261004,9,3,conv1,median,0.003429051488637924,0
fedavg-mnist-iid-reference-seed21-20261004,9,3,conv1,min,-0.000638224184513092,0
fedavg-mnist-iid-reference-seed21-20261004,9,3,conv1,max,0.013386338949203491,0
fedavg-mnist-iid-reference-seed21-20261004,9,3,conv1,l1,0.625677662435919,0
fedavg-mnist-iid-reference-seed21-20261004,9,3,conv1,l2,0.0639377004335891,0
fedavg-mnist-iid-reference-seed21-20261004,9,3,conv1,max_abs,0.013386338949203491,0
fedavg-mnist-iid-reference-seed21-20261004,9,3,conv1,sparsity,0.0,0
fedavg-mnist-iid-reference-seed21-20261004,9,3,conv1,skewness,0.5687400797727555,0
fedavg-mnist-iid-reference-seed21-20261004,9,3,conv1,kurtosis,-0.44431855876175774,0
fedavg-mnist-iid-reference-seed21-20261004,9,3,conv2,mean,0.0006083770013635237,0
fedavg-mnist-iid-reference-seed21-20261004,9,3,conv2,std,0.001034136344782563,0
fedavg-mnist-iid-reference-seed21-20261004,9,3,conv2,median,0.0001730397343635559,0
fedavg-mnist-iid-reference-seed21-20261004,9,3,conv2,min,-0.0019925013184547424,0
fedavg-mnist-iid-reference-seed21-20261004,9,3,conv2,max,0.008212082087993622,0
fedavg-mnist-iid-reference-seed21-20261004,9,3,conv2,l1,3.229175902386487,0
fedavg-mnist-iid-reference-seed21-20261004,9,3,conv2,l2,0.08172858115128251,0
fedavg-mnist-iid-reference-seed21-20261004,9,3,conv2,max_abs,0.008212082087993622,0
fedavg-mnist-iid-reference-seed21-20261004,9,3,conv2,sparsity,0.0,0
fedavg-mnist-iid-reference-seed21-20261004,9,3,conv2,skewness,1.9914437268030016,0
fedavg-mnist-iid-reference-seed21-20261004,9,3,conv2,kurtosis,4.937791440581995,0
fedavg-mnist-iid-reference-seed21-20261004,9,3,fc1,mean,3.563377414816831e-05,0
fedavg-mnist-iid-reference-seed21-20261004,9,3,fc1,std,0.0004160808527643516,0
fedavg-mnist-iid-reference-seed21-20261004,9,3,fc1,median,0.0,0
fedavg-mnist-iid-reference-seed21-20261004,9,3,fc1,min,-0.0070341359823942184,0
fedavg-mnist-iid-reference-seed21-20261004,9,3,fc1,max,0.005295289680361748,0
fedavg-mnist-iid-reference-seed21-20261004,9,3,fc1,l1,18.1052405362218,0
fedavg-mnist-iid-reference-seed21-20261004,9,3,fc1,l2,0.13233235316862044,0
fedavg-mnist-iid-reference-seed21-20261004,9,3,fc1,max_abs,0.0070341359823942184,0
fedavg-mnist-iid-reference-seed21-20261004,9,3,fc1,sparsity,0.15361097833014659,0
fedavg-mnist-iid-reference-seed21-20261004,9,3,fc1,skewness,1.28481965137767,0
fedavg-mnist-iid-reference-seed21-20261004,9,3,fc1,kurtosis,22.638277614738737,0
fedavg-mnist-iid-reference-seed21-20261004,9,3,output,mean,2.4576505753569876e-10,0
fedavg-mnist-iid-reference-seed21-20261004,9,3,output,std,0.0032835787871702384,0
fedavg-mnist-iid-reference-seed21-20261004,9,3,output,median,-4.414469003677368e-07,0
fedavg-mnist-iid-reference-seed21-20261004,9,3,output,min,-0.011279478669166565,0
fedavg-mnist-iid-reference-seed21-20261004,9,3,output,max,0.017104879021644592,0
fedavg-mnist-iid-reference-seed21-20261004,9,3,output,l1,1.2954632259898062,0
fedavg-mnist-iid-reference-seed21-20261004,9,3,output,l2,0.08371516155100212,0
fedavg-mnist-iid-reference-seed21-20261004,9,3,output,max_abs,0.017104879021644592,0
fedavg-mnist-iid-reference-seed21-20261004,9,3,output,sparsity,0.1076923076923077,0
fedavg-mnist-iid-reference-seed21-20261004,9,3,output,skewness,0.880229493024202,0
fedavg-mnist-iid-reference-seed21-20261004,9,3,output,kurtosis,4.268964892434266,0
fedavg-mnist-iid-reference-seed21-20261004,9,4,conv1,mean,0.0036526942742057143,0
fedavg-mnist-iid-reference-seed21-20261004,9,4,conv1,std,0.003145387727794505,0
fedavg-mnist-iid-reference-seed21-20261004,9,4,conv1,median,0.0032699033617973328,0
fedavg-mnist-iid-reference-seed21-20261004,9,4,conv1,min,-0.0009424090385437012,0
fedavg-mnist-iid-reference-seed21-20261004,9,4,conv1,max,0.012636452913284302,0
fedavg-mnist-iid-reference-seed21-20261004,9,4,conv1,l1,0.5998669555410743,0
fedavg-mnist-iid-reference-seed21-20261004,9,4,conv1,l2,0.060972963738333066,0
fedavg-mnist-iid-reference-seed21-20261004,9,4,conv1,max_abs,0.012636452913284302,0
fedavg-mnist-iid-reference-seed21-20261004,9,4,conv1,sparsity,0.0,0
fedavg-mnist-iid-reference-seed21-20261004,9,4,conv1,skewness,0.5031871973468051,0
fedavg-mnist-iid-reference-seed21-20261004,9,4,conv1,kurtosis,-0.559989358814799,0
fedavg-mnist-iid-reference-seed21-20261004,9,4,conv2,mean,0.0005545835771021428,0
fedavg-mnist-iid-reference-seed21-20261004,9,4,conv2,std,0.0009802162924140326,0
fedavg-mnist-iid-reference-seed21-20261004,9,4,conv2,median,0.000146462582051754,0
fedavg-mnist-iid-reference-seed21-20261004,9,4,conv2,min,-0.001896493136882782,0
fedavg-mnist-iid-reference-seed21-20261004,9,4,conv2,max,0.00783463567495346,0
fedavg-mnist-iid-reference-seed21-20261004,9,4,conv2,l1,3.022761903808714,0
fedavg-mnist-iid-reference-seed21-20261004,9,4,conv2,l2,0.07671580884616082,0
fedavg-mnist-iid-reference-seed21-20261004,9,4,conv2,max_abs,0.00783463567495346,0
fedavg-mnist-iid-reference-seed21-20261004,9,4,conv2,sparsity,0.0,0
fedavg-mnist-iid-reference-seed21-20261004,9,4,conv2,skewness,2.0353049586524996,0
fedavg-mnist-iid-reference-seed21-20261004,9,4,conv2,kurtosis,5.371465883692959,0
fedavg-mnist-iid-reference-seed21-20261004,9,4,fc1,mean,1.9382908036282892e-05,0
fedavg-mnist-iid-reference-seed21-20261004,9,4,fc1,std,0.00038571776865290326,0
fedavg-mnist-iid-reference-seed21-20261004,9,4,fc1,median,0.0,0
fedavg-mnist-iid-reference-seed21-20261004,9,4,fc1,min,-0.005578434094786644,0
fedavg-mnist-iid-reference-seed21-20261004,9,4,fc1,max,0.00584940891712904,0
fedavg-mnist-iid-reference-seed21-20261004,9,4,fc1,l1,16.29305960590341,0
fedavg-mnist-iid-reference-seed21-20261004,9,4,fc1,l2,0.12238234120096748,0
fedavg-mnist-iid-reference-seed21-20261004,9,4,fc1,max_abs,0.00584940891712904,0
fedavg-mnist-iid-reference-seed21-20261004,9,4,fc1,sparsity,0.1642168578712556,0
fedavg-mnist-iid-reference-seed21-20261004,9,4,fc1,skewness,0.744647461644167,0
fedavg-mnist-iid-reference-seed21-20261004,9,4,fc1,kurtosis,21.50922297946149,0
fedavg-mnist-iid-reference-seed21-20261004,9,4,output,mean,-4.849873501091049e-10,0
fedavg-mnist-iid-reference-seed21-20261004,9,4,output,std,0.0029435801434733065,0
fedavg-mnist-iid-reference-seed21-20261004,9,4,output,median,-2.60770320892334e-08,0
fedavg-mnist-iid-reference-seed21-20261004,9,4,output,min,-0.011296138167381287,0
fedavg-mnist-iid-reference-seed21-20261004,9,4,output,max,0.013173416256904602,0
fedavg-mnist-iid-reference-seed21-20261004,9,4,output,l1,1.2082354753401887,0
fedavg-mnist-iid-reference-seed21-20261004,9,4,output,l2,0.07504686295697421,0
fedavg-mnist-iid-reference-seed21-20261004,9,4,output,max_abs,0.013173416256904602,0
fedavg-mnist-iid-reference-seed21-20261004,9,4,output,sparsity,0.12461538461538461,0
fedavg-mnist-iid-reference-seed21-20261004,9,4,output,skewness,0.2376900774545775,0
fedavg-mnist-iid-reference-seed21-20261004,9,4,output,kurtosis,2.3877932913431765,0
fedavg-mnist-iid-reference-seed21-20261004,10,0,conv1,mean,0.0026210851574433036,0
fedavg-mnist-iid-reference-seed21-20261004,10,0,conv1,std,0.002269571531001884,0
fedavg-mnist-iid-reference-seed21-20261004,10,0,conv1,median,0.002084501087665558,0
fedavg-mnist-iid-reference-seed21-20261004,10,0,conv1,min,-0.0006028637290000916,0
fedavg-mnist-iid-reference-seed21-20261004,10,0,conv1,max,0.009477287530899048,0
fedavg-mnist-iid-reference-seed21-20261004,10,0,conv1,l1,0.42902969499118626,0
fedavg-mnist-iid-reference-seed21-20261004,10,0,conv1,l2,0.043856205648740425,0
fedavg-mnist-iid-reference-seed21-20261004,10,0,conv1,max_abs,0.009477287530899048,0
fedavg-mnist-iid-reference-seed21-20261004,10,0,conv1,sparsity,0.0,0
fedavg-mnist-iid-reference-seed21-20261004,10,0,conv1,skewness,0.6348482221274864,0
fedavg-mnist-iid-reference-seed21-20261004,10,0,conv1,kurtosis,-0.22379612242660496,0
fedavg-mnist-iid-reference-seed21-20261004,10,0,conv2,mean,0.00038232674305931893,0
fedavg-mnist-iid-reference-seed21-20261004,10,0,conv2,std,0.0007128523046700807,0
fedavg-mnist-iid-reference-seed21-20261004,10,0,conv2,median,0.0001162700355052948,0
fedavg-mnist-iid-reference-seed21-20261004,10,0,conv2,min,-0.002308689057826996,0
fedavg-mnist-iid-reference-seed21-20261004,10,0,conv2,max,0.005384013056755066,0
fedavg-mnist-iid-reference-seed21-20261004,10,0,conv2,l1,2.251285811944399,0
fedavg-mnist-iid-reference-seed21-20261004,10,0,conv2,l2,0.05510082722460267,0
fedavg-mnist-iid-reference-seed21-20261004,10,0,conv2,max_abs,0.005384013056755066,0
fedavg-mnist-iid-reference-seed21-20261004,10,0,conv2,sparsity,0.0,0
fedavg-mnist-iid-reference-seed21-20261004,10,0,conv2,skewness,1.7298011799933801,0
fedavg-mnist-iid-reference-seed21-20261004,10,0,conv2,kurtosis,4.370684072013255,0
fedavg-mnist-iid-reference-seed21-20261004,10,0,fc1,mean,1.1729492967777866e-05,0
fedavg-mnist-iid-reference-seed21-20261004,10,0,fc1,std,0.00034780825501328064,0
fedavg-mnist-iid-reference-seed21-20261004,10,0,fc1,median,0.0,0
fedavg-mnist-iid-reference-seed21-20261004,10,0,fc1,min,-0.00537366047501564,0
fedavg-mnist-iid-reference-seed21-20261004,10,0,fc1,max,0.0047487784177064896,0
fedavg-mnist-iid-reference-seed21-20261004,10,0,fc1,l1,14.94358433434104,0
fedavg-mnist-iid-reference-seed21-20261004,10,0,fc1,l2,0.11027781881222928,0
fedavg-mnist-iid-reference-seed21-20261004,10,0,fc1,max_abs,0.00537366047501564,0
fedavg-mnist-iid-reference-seed21-20261004,10,0,fc1,sparsity,0.18998964308476737,0
fedavg-mnist-iid-reference-seed21-20261004,10,0,fc1,skewness,0.44987164636714866,0
fedavg-mnist-iid-reference-seed21-20261004,10,0,fc1,kurtosis,22.421273448979395,0
fedavg-mnist-iid-reference-seed21-20261004,10,0,output,mean,1.0265256815518324e-10,0
fedavg-mnist-iid-reference-seed21-20261004,10,0,output,std,0.002420880128448075,0
fedavg-mnist-iid-reference-seed21-20261004,10,0,output,median,0.0,0
fedavg-mnist-iid-reference-seed21-20261004,10,0,output,min,-0.009380325675010681,0
fedavg-mnist-iid-reference-seed21-20261004,10,0,output,max,0.013755165040493011,0
fedavg-mnist-iid-reference-seed21-20261004,10,0,output,l1,0.9803029452268675,0
fedavg-mnist-iid-reference-seed21-20261004,10,0,output,l2,0.061720575075128764,0
fedavg-mnist-iid-reference-seed21-20261004,10,0,output,max_abs,0.013755165040493011,0
fedavg-mnist-iid-reference-seed21-20261004,10,0,output,sparsity,0.15846153846153846,0
fedavg-mnist-iid-reference-seed21-20261004,10,0,output,skewness,0.566644199026288,0
fedavg-mnist-iid-reference-seed21-20261004,10,0,output,kurtosis,3.9279192908092098,0
fedavg-mnist-iid-reference-seed21-20261004,10,1,conv1,mean,0.0026713825078331865,0
fedavg-mnist-iid-reference-seed21-20261004,10,1,conv1,std,0.0022630278428182934,0
fedavg-mnist-iid-reference-seed21-20261004,10,1,conv1,median,0.002390265464782715,0
fedavg-mnist-iid-reference-seed21-20261004,10,1,conv1,min,-0.0006868578493595123,0
fedavg-mnist-iid-reference-seed21-20261004,10,1,conv1,max,0.00915461778640747,0
fedavg-mnist-iid-reference-seed21-20261004,10,1,conv1,l1,0.4384245148394257,0
fedavg-mnist-iid-reference-seed21-20261004,10,1,conv1,l2,0.04428558143780514,0
fedavg-mnist-iid-reference-seed21-20261004,10,1,conv1,max_abs,0.00915461778640747,0
fedavg-mnist-iid-reference-seed21-20261004,10,1,conv1,sparsity,0.0,0
fedavg-mnist-iid-reference-seed21-20261004,10,1,conv1,skewness,0.5074996224641861,0
fedavg-mnist-iid-reference-seed21-20261004,10,1,conv1,kurtosis,-0.4823894029323963,0
fedavg-mnist-iid-reference-seed21-20261004,10,1,conv2,mean,0.0003781089388959227,0
fedavg-mnist-iid-reference-seed21-20261004,10,1,conv2,std,0.0007265822582563587,0
fedavg-mnist-iid-reference-seed21-20261004,10,1,conv2,median,0.00010993517935276031,0
fedavg-mnist-iid-reference-seed21-20261004,10,1,conv2,min,-0.002293713390827179,0
fedavg-mnist-iid-reference-seed21-20261004,10,1,conv2,max,0.006052784621715546,0
fedavg-mnist-iid-reference-seed21-20261004,10,1,conv2,l1,2.2817728653144513,0
fedavg-mnist-iid-reference-seed21-20261004,10,1,conv2,l2,0.05579355702285547,0
fedavg-mnist-iid-reference-seed21-20261004,10,1,conv2,max_abs,0.006052784621715546,0
fedavg-mnist-iid-reference-seed21-20261004,10,1,conv2,sparsity,0.0,0
fedavg-mnist-iid-reference-seed21-20261004,10,1,conv2,skewness,1.8610956444282354,0
fedavg-mnist-iid-reference-seed21-20261004,10,1,conv2,kurtosis,5.09296005691936,0
fedavg-mnist-iid-reference-seed21-20261004,10,1,fc1,mean,-6.949862200772983e-06,0
fedavg-mnist-iid-reference-seed21-20261004,10,1,fc1,std,0.00041362844951327483,0
fedavg-mnist-iid-reference-seed21-20261004,10,1,fc1,median,0.0,0
fedavg-mnist-iid-reference-seed21-20261004,10,1,fc1,min,-0.005195921286940575,0
fedavg-mnist-iid-reference-seed21-20261004,10,1,fc1,max,0.006631258875131607,0
fedavg-mnist-iid-reference-seed21-20261004,10,1,fc1,l1,17.75969650272384,0
fedavg-mnist-iid-reference-seed21-20261004,10,1,fc1,l2,0.1310910843260761,0
fedavg-mnist-iid-reference-seed21-20261004,10,1,fc1,max_abs,0.006631258875131607,0
fedavg-mnist-iid-reference-seed21-20261004,10,1,fc1,sparsity,0.14230799872530275,0
fedavg-mnist-iid-reference-seed21-20261004,10,1,fc1,skewness,0.45985540602121067,0
fedavg-mnist-iid-reference-seed21-20261004,10,1,fc1,kurtosis,25.114041070146605,0
fedavg-mnist-iid-reference-seed21-20261004,10,1,output,mean,-3.958512724448855e-10,0
fedavg-mnist-iid-reference-seed21-20261004,10,1,output,std,0.0031017513450221886,0
fedavg-mnist-iid-reference-seed21-20261004,10,1,output,median,-1.909211277961731e-07,0
fedavg-mnist-iid-reference-seed21-20261004,10,1,output,min,-0.00990527868270874,0
fedavg-mnist-iid-reference-seed21-20261004,10,1,output,max,0.018029287457466125,0
fedavg-mnist-iid-reference-seed21-20261004,10,1,output,l1,1.2183252923678083,0
fedavg-mnist-iid-reference-seed21-20261004,10,1,output,l2,0.07907945317290467,0
fedavg-mnist-iid-reference-seed21-20261004,10,1,output,max_abs,0.018029287457466125,0
fedavg-mnist-iid-reference-seed21-20261004,10,1,output,sparsity,0.09692307692307692,0
fedavg-mnist-iid-reference-seed21-20261004,10,1,output,skewness,0.9027030682916241,0
fedavg-mnist-iid-reference-seed21-20261004,10,1,output,kurtosis,4.7454943721379435,0
fedavg-mnist-iid-reference-seed21-20261004,10,2,conv1,mean,0.003127787928679027,0
fedavg-mnist-iid-reference-seed21-20261004,10,2,conv1,std,0.002671140836995228,0
fedavg-mnist-iid-reference-seed21-20261004,10,2,conv1,median,0.002996038645505905,0
fedavg-mnist-iid-reference-seed21-20261004,10,2,conv1,min,-0.000588003545999527,0
fedavg-mnist-iid-reference-seed21-20261004,10,2,conv1,max,0.011351019144058228,0
fedavg-mnist-iid-reference-seed21-20261004,10,2,conv1,l1,0.5111642559058964,0
fedavg-mnist-iid-reference-seed21-20261004,10,2,conv1,l2,0.052027762893061325,0
fedavg-mnist-iid-reference-seed21-20261004,10,2,conv1,max_abs,0.011351019144058228,0
fedavg-mnist-iid-reference-seed21-20261004,10,2,conv1,sparsity,0.0,0
fedavg-mnist-iid-reference-seed21-20261004,10,2,conv1,skewness,0.6042147831302077,0
fedavg-mnist-iid-reference-seed21-20261004,10,2,conv1,kurtosis,-0.18688186897415537,0
fedavg-mnist-iid-reference-seed21-20261004,10,2,conv2,mean,0.00047237229995485467,0
fedavg-mnist-iid-reference-seed21-20261004,10,2,conv2,std,0.0008292889612379453,0
fedavg-mnist-iid-reference-seed21-20261004,10,2,conv2,median,0.000133514404296875,0
fedavg-mnist-iid-reference-seed21-20261004,10,2,conv2,min,-0.0011828616261482239,0
fedavg-mnist-iid-reference-seed21-20261004,10,2,conv2,max,0.00662463903427124,0
fedavg-mnist-iid-reference-seed21-20261004,10,2,conv2,l1,2.5702462138360715,0
fedavg-mnist-iid-reference-seed21-20261004,10,2,conv2,l2,0.06501054358656201,0
fedavg-mnist-iid-reference-seed21-20261004,10,2,conv2,max_abs,0.00662463903427124,0
fedavg-mnist-iid-reference-seed21-20261004,10,2,conv2,sparsity,0.0,0
fedavg-mnist-iid-reference-seed21-20261004,10,2,conv2,skewness,2.025157025460948,0
fedavg-mnist-iid-reference-seed21-20261004,10,2,conv2,kurtosis,5.102821060572801,0
fedavg-mnist-iid-reference-seed21-20261004,10,2,fc1,mean,2.686269523889021e-05,0
fedavg-mnist-iid-reference-seed21-20261004,10,2,fc1,std,0.00038386264301322167,0
fedavg-mnist-iid-reference-seed21-20261004,10,2,fc1,median,0.0,0
fedavg-mnist-iid-reference-seed21-20261004,10,2,fc1,min,-0.0069513507187366486,0
fedavg-mnist-iid-reference-seed21-20261004,10,2,fc1,max,0.005288351327180862,0
fedavg-mnist-iid-reference-seed21-20261004,10,2,fc1,l1,16.023294341655856,0
fedavg-mnist-iid-reference-seed21-20261004,10,2,fc1,l2,0.12193773541044438,0
fedavg-mnist-iid-reference-seed21-20261004,10,2,fc1,max_abs,0.0069513507187366486,0
fedavg-mnist-iid-reference-seed21-20261004,10,2,fc1,sparsity,0.15307321542383684,0
fedavg-mnist-iid-reference-seed21-20261004,10,2,fc1,skewness,0.7195816906591864,0
fedavg-mnist-iid-reference-seed21-20261004,10,2,fc1,kurtosis,27.3464196394008,0
fedavg-mnist-iid-reference-seed21-20261004,10,2,output,mean,-6.843317980663135e-11,0
fedavg-mnist-iid-reference-seed21-20261004,10,2,output,std,0.0030265864717180942,0
fedavg-mnist-iid-reference-seed21-20261004,10,2,output,median,-1.341104507446289e-07,0
fedavg-mnist-iid-reference-seed21-20261004,10,2,output,min,-0.010976731777191162,0
fedavg-mnist-iid-reference-seed21-20261004,10,2,output,max,0.02000752091407776,0
fedavg-mnist-iid-reference-seed21-20261004,10,2,output,l1,1.1776752461992146,0
fedavg-mnist-iid-reference-seed21-20261004,10,2,output,l2,0.07716311739433251,0
fedavg-mnist-iid-reference-seed21-20261004,10,2,output,max_abs,0.02000752091407776,0
fedavg-mnist-iid-reference-seed21-20261004,10,2,output,sparsity,0.1076923076923077,0
fedavg-mnist-iid-reference-seed21-20261004,10,2,output,skewness,1.0342573023963686,0
fedavg-mnist-iid-reference-seed21-20261004,10,2,output,kurtosis,5.840305722295019,0
fedavg-mnist-iid-reference-seed21-20261004,10,3,conv1,mean,0.0030987541133072226,0
fedavg-mnist-iid-reference-seed21-20261004,10,3,conv1,std,0.0026419651441765015,0
fedavg-mnist-iid-reference-seed21-20261004,10,3,conv1,median,0.002627328038215637,0
fedavg-mnist-iid-reference-seed21-20261004,10,3,conv1,min,-0.0005111023783683777,0
fedavg-mnist-iid-reference-seed21-20261004,10,3,conv1,max,0.010885804891586304,0
fedavg-mnist-iid-reference-seed21-20261004,10,3,conv1,l1,0.504187767393887,0
fedavg-mnist-iid-reference-seed21-20261004,10,3,conv1,l2,0.05150884487585718,0
fedavg-mnist-iid-reference-seed21-20261004,10,3,conv1,max_abs,0.010885804891586304,0
fedavg-mnist-iid-reference-seed21-20261004,10,3,conv1,sparsity,0.0,0
fedavg-mnist-iid-reference-seed21-20261004,10,3,conv1,skewness,0.5824084248233706,0
fedavg-mnist-iid-reference-seed21-20261004,10,3,conv1,kurtosis,-0.40157338278090116,0
fedavg-mnist-iid-reference-seed21-20261004,10,3,conv2,mean,0.000467791728611497,0
fedavg-mnist-iid-reference-seed21-20261004,10,3,conv2,std,0.0008233113928699648,0
fedavg-mnist-iid-reference-seed21-20261004,10,3,conv2,median,0.00013902224600315094,0
fedavg-mnist-iid-reference-seed21-20261004,10,3,conv2,min,-0.0019997283816337585,0
fedavg-mnist-iid-reference-seed21-20261004,10,3,conv2,max,0.006358832120895386,0
fedavg-mnist-iid-reference-seed21-20261004,10,3,conv2,l1,2.5878264200418926,0
fedavg-mnist-iid-reference-seed21-20261004,10,3,conv2,l2,0.0645023432487442,0
fedavg-mnist-iid-reference-seed21-20261004,10,3,conv2,max_abs,0.006358832120895386,0
fedavg-mnist-iid-reference-seed21-20261004,10,3,conv2,sparsity,0.0,0
fedavg-mnist-iid-reference-seed21-20261004,10,3,conv2,skewness,1.8785208074510489,0
fedavg-mnist-iid-reference-seed21-20261004,10,3,conv2,kurtosis,4.5512087938841965,0
fedavg-mnist-iid-reference-seed21-20261004,10,3,fc1,mean,2.206942772692752e-05,0
fedavg-mnist-iid-reference-seed21-20261004,10,3,fc1,std,0.000367045329264353,0
fedavg-mnist-iid-reference-seed21-20261004,10,3,fc1,median,0.0,0
fedavg-mnist-iid-reference-seed21-20261004,10,3,fc1,min,-0.006042987108230591,0
fedavg-mnist-iid-reference-seed21-20261004,10,3,fc1,max,0.0050004469230771065,0
fedavg-mnist-iid-reference-seed21-20261004,10,3,fc1,l1,16.08142509851632,0
fedavg-mnist-iid-reference-seed21-20261004,10,3,fc1,l2,0.11652115868022052,0
fedavg-mnist-iid-reference-seed21-20261004,10,3,fc1,max_abs,0.006042987108230591,0
fedavg-mnist-iid-reference-seed21-20261004,10,3,fc1,sparsity,0.15373048119821542,0
fedavg-mnist-iid-reference-seed21-20261004,10,3,fc1,skewness,0.9551109821997122,0
fedavg-mnist-iid-reference-seed21-20261004,10,3,fc1,kurtosis,22.363054292907133,0
fedavg-mnist-iid-reference-seed21-20261004,10,3,output,mean,1.1796006359733069e-10,0
fedavg-mnist-iid-reference-seed21-20261004,10,3,output,std,0.002780914384057907,0
fedavg-mnist-iid-reference-seed21-20261004,10,3,output,median,-1.30385160446167e-07,0
fedavg-mnist-iid-reference-seed21-20261004,10,3,output,min,-0.011595770716667175,0
fedavg-mnist-iid-reference-seed21-20261004,10,3,output,max,0.014084115624427795,0
fedavg-mnist-iid-reference-seed21-20261004,10,3,output,l1,1.1017815946397604,0
fedavg-mnist-iid-reference-seed21-20261004,10,3,output,l2,0.07089968354971068,0
fedavg-mnist-iid-reference-seed21-20261004,10,3,output,max_abs,0.014084115624427795,0
fedavg-mnist-iid-reference-seed21-20261004,10,3,output,sparsity,0.10923076923076923,0
fedavg-mnist-iid-reference-seed21-20261004,10,3,output,skewness,0.7548414550295854,0
fedavg-mnist-iid-reference-seed21-20261004,10,3,output,kurtosis,4.111570648565617,0
fedavg-mnist-iid-reference-seed21-20261004,10,4,conv1,mean,0.002906911473837681,0
fedavg-mnist-iid-reference-seed21-20261004,10,4,conv1,std,0.0025057446103457807,0
fedavg-mnist-iid-reference-seed21-20261004,10,4,conv1,median,0.002598397433757782,0
fedavg-mnist-iid-reference-seed21-20261004,10,4,conv1,min,-0.0008245110511779785,0
fedavg-mnist-iid-reference-seed21-20261004,10,4,conv1,max,0.010218113660812378,0
fedavg-mnist-iid-reference-seed21-20261004,10,4,conv1,l1,0.4777760566212237,0
fedavg-mnist-iid-reference-seed21-20261004,10,4,conv1,l2,0.0485450559690786,0
fedavg-mnist-iid-reference-seed21-20261004,10,4,conv1,max_abs,0.010218113660812378,0
fedavg-mnist-iid-reference-seed21-20261004,10,4,conv1,sparsity,0.0,0
fedavg-mnist-iid-reference-seed21-20261004,10,4,conv1,skewness,0.5082155303640495,0
fedavg-mnist-iid-reference-seed21-20261004,10,4,conv1,kurtosis,-0.5263488084290597,0
fedavg-mnist-iid-reference-seed21-20261004,10,4,conv2,mean,0.0004173310170856361,0
fedavg-mnist-iid-reference-seed21-20261004,10,4,conv2,std,0.0007732264584426274,0
fedavg-mnist-iid-reference-seed21-20261004,10,4,conv2,median,0.0001115286722779274,0
fedavg-mnist-iid-reference-seed21-20261004,10,4,conv2,min,-0.001934196799993515,0
fedavg-mnist-iid-reference-seed21-20261004,10,4,conv2,max,0.005999378859996796,0
fedavg-mnist-iid-reference-seed21-20261004,10,4,conv2,l1,2.4080135260301176,0
fedavg-mnist-iid-reference-seed21-20261004,10,4,conv2,l2,0.05985219886602842,0
fedavg-mnist-iid-reference-seed21-20261004,10,4,conv2,max_abs,0.005999378859996796,0
fedavg-mnist-iid-reference-seed21-20261004,10,4,conv2,sparsity,0.0,0
fedavg-mnist-iid-reference-seed21-20261004,10,4,conv2,skewness,1.9026978859787762,0
fedavg-mnist-iid-reference-seed21-20261004,10,4,conv2,kurtosis,4.960288824565902,0
fedavg-mnist-iid-reference-seed21-20261004,10,4,fc1,mean,5.967451718398189e-06,0
fedavg-mnist-iid-reference-seed21-20261004,10,4,fc1,std,0.00034708305832946765,0
fedavg-mnist-iid-reference-seed21-20261004,10,4,fc1,median,0.0,0
fedavg-mnist-iid-reference-seed21-20261004,10,4,fc1,min,-0.005177956074476242,0
fedavg-mnist-iid-reference-seed21-20261004,10,4,fc1,max,0.005392931401729584,0
fedavg-mnist-iid-reference-seed21-20261004,10,4,fc1,l1,14.645910196460079,0
fedavg-mnist-iid-reference-seed21-20261004,10,4,fc1,l2,0.11000161328833451,0
fedavg-mnist-iid-reference-seed21-20261004,10,4,fc1,max_abs,0.005392931401729584,0
fedavg-mnist-iid-reference-seed21-20261004,10,4,fc1,sparsity,0.16384839069471,0
fedavg-mnist-iid-reference-seed21-20261004,10,4,fc1,skewness,0.3697591319369042,0
fedavg-mnist-iid-reference-seed21-20261004,10,4,fc1,kurtosis,23.22052875145888,0
fedavg-mnist-iid-reference-seed21-20261004,10,4,output,mean,-1.9816350406752182e-10,0
fedavg-mnist-iid-reference-seed21-20261004,10,4,output,std,0.0026247784101297547,0
fedavg-mnist-iid-reference-seed21-20261004,10,4,output,median,0.0,0
fedavg-mnist-iid-reference-seed21-20261004,10,4,output,min,-0.010447992011904716,0
fedavg-mnist-iid-reference-seed21-20261004,10,4,output,max,0.01107732206583023,0
fedavg-mnist-iid-reference-seed21-20261004,10,4,output,l1,1.0732393119760673,0
fedavg-mnist-iid-reference-seed21-20261004,10,4,output,l2,0.06691898166054351,0
fedavg-mnist-iid-reference-seed21-20261004,10,4,output,max_abs,0.01107732206583023,0
fedavg-mnist-iid-reference-seed21-20261004,10,4,output,sparsity,0.12615384615384614,0
fedavg-mnist-iid-reference-seed21-20261004,10,4,output,skewness,0.1535732471102357,0
fedavg-mnist-iid-reference-seed21-20261004,10,4,output,kurtosis,2.4193644132059386,0
fedavg-mnist-iid-reference-seed21-20261004,11,0,conv1,mean,0.002029450100235408,0
fedavg-mnist-iid-reference-seed21-20261004,11,0,conv1,std,0.0017910909311506784,0
fedavg-mnist-iid-reference-seed21-20261004,11,0,conv1,median,0.0015955083072185516,0
fedavg-mnist-iid-reference-seed21-20261004,11,0,conv1,min,-0.000490967184305191,0
fedavg-mnist-iid-reference-seed21-20261004,11,0,conv1,max,0.007623881101608276,0
fedavg-mnist-iid-reference-seed21-20261004,11,0,conv1,l1,0.3329718675231561,0
fedavg-mnist-iid-reference-seed21-20261004,11,0,conv1,l2,0.03423839817046519,0
fedavg-mnist-iid-reference-seed21-20261004,11,0,conv1,max_abs,0.007623881101608276,0
fedavg-mnist-iid-reference-seed21-20261004,11,0,conv1,sparsity,0.0,0
fedavg-mnist-iid-reference-seed21-20261004,11,0,conv1,skewness,0.7012250070042223,0
fedavg-mnist-iid-reference-seed21-20261004,11,0,conv1,kurtosis,-0.056387428596477385,0
fedavg-mnist-iid-reference-seed21-20261004,11,0,conv2,mean,0.0002809113206200797,0
fedavg-mnist-iid-reference-seed21-20261004,11,0,conv2,std,0.0005710880878520984,0
fedavg-mnist-iid-reference-seed21-20261004,11,0,conv2,median,9.32828988879919e-05,0
fedavg-mnist-iid-reference-seed21-20261004,11,0,conv2,min,-0.002458915114402771,0
fedavg-mnist-iid-reference-seed21-20261004,11,0,conv2,max,0.0041823312640190125,0
fedavg-mnist-iid-reference-seed21-20261004,11,0,conv2,l1,1.817024592350208,0
fedavg-mnist-iid-reference-seed21-20261004,11,0,conv2,l2,0.04335256476848107,0
fedavg-mnist-iid-reference-seed21-20261004,11,0,conv2,max_abs,0.0041823312640190125,0
fedavg-mnist-iid-reference-seed21-20261004,11,0,conv2,sparsity,0.0,0
fedavg-mnist-iid-reference-seed21-20261004,11,0,conv2,skewness,1.4379394985791194,0
fedavg-mnist-iid-reference-seed21-20261004,11,0,conv2,kurtosis,4.134664625567199,0
fedavg-mnist-iid-reference-seed21-20261004,11,0,fc1,mean,5.77363223019813e-06,0
fedavg-mnist-iid-reference-seed21-20261004,11,0,fc1,std,0.0003341867532407252,0
fedavg-mnist-iid-reference-seed21-20261004,11,0,fc1,median,0.0,0
fedavg-mnist-iid-reference-seed21-20261004,11,0,fc1,min,-0.005273420363664627,0
fedavg-mnist-iid-reference-seed21-20261004,11,0,fc1,max,0.004411365836858749,0
fedavg-mnist-iid-reference-seed21-20261004,11,0,fc1,l1,14.339519000589007,0
fedavg-mnist-iid-reference-seed21-20261004,11,0,fc1,l2,0.10591451818024245,0
fedavg-mnist-iid-reference-seed21-20261004,11,0,fc1,max_abs,0.005273420363664627,0
fedavg-mnist-iid-reference-seed21-20261004,11,0,fc1,sparsity,0.1906668260038241,0
fedavg-mnist-iid-reference-seed21-20261004,11,0,fc1,skewness,0.13605727197637094,0
fedavg-mnist-iid-reference-seed21-20261004,11,0,fc1,kurtosis,22.221376598706442,0
fedavg-mnist-iid-reference-seed21-20261004,11,0,output,mean,3.1216096921035877e-10,0
fedavg-mnist-iid-reference-seed21-20261004,11,0,output,std,0.002202443004041582,0
fedavg-mnist-iid-reference-seed21-20261004,11,0,output,median,0.0,0
fedavg-mnist-iid-reference-seed21-20261004,11,0,output,min,-0.008872762322425842,0
fedavg-mnist-iid-reference-seed21-20261004,11,0,output,max,0.01242181658744812,0
fedavg-mnist-iid-reference-seed21-20261004,11,0,output,l1,0.8952845750682172,0
fedavg-mnist-iid-reference-seed21-20261004,11,0,output,l2,0.05615149927592026,0
fedavg-mnist-iid-reference-seed21-20261004,11,0,output,max_abs,0.01242181658744812,0
fedavg-mnist-iid-reference-seed21-20261004,11,0,output,sparsity,0.15692307692307692,0
fedavg-mnist-iid-reference-seed21-20261004,11,0,output,skewness,0.5836626343338963,0
fedavg-mnist-iid-reference-seed21-20261004,11,0,output,kurtosis,3.90286074777093,0
fedavg-mnist-iid-reference-seed21-20261004,11,1,conv1,mean,0.0021235832973616198,0
fedavg-mnist-iid-reference-seed21-20261004,11,1,conv1,std,0.0018154914442811442,0
fedavg-mnist-iid-reference-seed21-20261004,11,1,conv1,median,0.0019139330834150314,0
fedavg-mnist-iid-reference-seed21-20261004,11,1,conv1,min,-0.0005979612469673157,0
fedavg-mnist-iid-reference-seed21-20261004,11,1,conv1,max,0.007460355758666992,0
fedavg-mnist-iid-reference-seed21-20261004,11,1,conv1,l1,0.349823001306504,0
fedavg-mnist-iid-reference-seed21-20261004,11,1,conv1,l2,0.0353397571131241,0
fedavg-mnist-iid-reference-seed21-20261004,11,1,conv1,max_abs,0.007460355758666992,0
fedavg-mnist-iid-reference-seed21-20261004,11,1,conv1,sparsity,0.0,0
fedavg-mnist-iid-reference-seed21-20261004,11,1,conv1,skewness,0.5340380472377002,0
fedavg-mnist-iid-reference-seed21-20261004,11,1,conv1,kurtosis,-0.40203249869262647,0
fedavg-mnist-iid-reference-seed21-20261004,11,1,conv2,mean,0.0002892478273397187,0
fedavg-mnist-iid-reference-seed21-20261004,11,1,conv2,std,0.0005926252270196301,0
fedavg-mnist-iid-reference-seed21-20261004,11,1,conv2,median,9.621679782867432e-05,0
fedavg-mnist-iid-reference-seed21-20261004,11,1,conv2,min,-0.002431727945804596,0
fedavg-mnist-iid-reference-seed21-20261004,11,1,conv2,max,0.004903689026832581,0
fedavg-mnist-iid-reference-seed21-20261004,11,1,conv2,l1,1.8872039179041167,0
fedavg-mnist-iid-reference-seed21-20261004,11,1,conv2,l2,0.04491983970461811,0
fedavg-mnist-iid-reference-seed21-20261004,11,1,conv2,max_abs,0.004903689026832581,0
fedavg-mnist-iid-reference-seed21-20261004,11,1,conv2,sparsity,0.0,0
fedavg-mnist-iid-reference-seed21-20261004,11,1,conv2,skewness,1.6593092621817087,0
fedavg-mnist-iid-reference-seed21-20261004,11,1,conv2,kurtosis,4.791206854636338,0
fedavg-mnist-iid-reference-seed21-20261004,11,1,fc1,mean,-1.3010469375954371e-05,0
fedavg-mnist-iid-reference-seed21-20261004,11,1,fc1,std,0.00040630339339148557,0
fedavg-mnist-iid-reference-seed21-20261004,11,1,fc1,median,0.0,0
fedavg-mnist-iid-reference-seed21-20261004,11,1,fc1,min,-0.005040723830461502,0
fedavg-mnist-iid-reference-seed21-20261004,11,1,fc1,max,0.00626344233751297,0
fedavg-mnist-iid-reference-seed21-20261004,11,1,fc1,l1,17.426293828865482,0
fedavg-mnist-iid-reference-seed21-20261004,11,1,fc1,l2,0.1288173773018087,0
fedavg-mnist-iid-reference-seed21-20261004,11,1,fc1,max_abs,0.00626344233751297,0
fedavg-mnist-iid-reference-seed21-20261004,11,1,fc1,sparsity,0.14182002868068833,0
fedavg-mnist-iid-reference-seed21-20261004,11,1,fc1,skewness,0.06824882469554171,0
fedavg-mnist-iid-reference-seed21-20261004,11,1,fc1,kurtosis,23.41956478630517,0
fedavg-mnist-iid-reference-seed21-20261004,11,1,output,mean,-9.77720796632079e-11,0
fedavg-mnist-iid-reference-seed21-20261004,11,1,output,std,0.0029657123074344864,0
fedavg-mnist-iid-reference-seed21-20261004,11,1,output,median,-1.4319084584712982e-07,0
fedavg-mnist-iid-reference-seed21-20261004,11,1,output,min,-0.009648272767663002,0
fedavg-mnist-iid-reference-seed21-20261004,11,1,output,max,0.017273694276809692,0
fedavg-mnist-iid-reference-seed21-20261004,11,1,output,l1,1.1454720907386218,0
fedavg-mnist-iid-reference-seed21-20261004,11,1,output,l2,0.07561112463655369,0
fedavg-mnist-iid-reference-seed21-20261004,11,1,output,max_abs,0.017273694276809692,0
fedavg-mnist-iid-reference-seed21-20261004,11,1,output,sparsity,0.10307692307692308,0
fedavg-mnist-iid-reference-seed21-20261004,11,1,output,skewness,1.0583737824045234,0
fedavg-mnist-iid-reference-seed21-20261004,11,1,output,kurtosis,5.404500308142065,0
fedavg-mnist-iid-reference-seed21-20261004,11,2,conv1,mean,0.0025548253674060107,0
fedavg-mnist-iid-reference-seed21-20261004,11,2,conv1,std,0.002189290641362726,0
fedavg-mnist-iid-reference-seed21-20261004,11,2,conv1,median,0.002334289252758026,0
fedavg-mnist-iid-reference-seed21-20261004,11,2,conv1,min,-0.0005915574729442596,0
fedavg-mnist-iid-reference-seed21-20261004,11,2,conv1,max,0.009538859128952026,0
fedavg-mnist-iid-reference-seed21-20261004,11,2,conv1,l1,0.41777084674686193,0
fedavg-mnist-iid-reference-seed21-20261004,11,2,conv1,l2,0.04255843262207794,0
fedavg-mnist-iid-reference-seed21-20261004,11,2,conv1,max_abs,0.009538859128952026,0
fedavg-mnist-iid-reference-seed21-20261004,11,2,conv1,sparsity,0.0,0
fedavg-mnist-iid-reference-seed21-20261004,11,2,conv1,skewness,0.6530252610394262,0
fedavg-mnist-iid-reference-seed21-20261004,11,2,conv1,kurtosis,-0.008498345299136734,0
fedavg-mnist-iid-reference-seed21-20261004,11,2,conv2,mean,0.00037181903481362904,0
fedavg-mnist-iid-reference-seed21-20261004,11,2,conv2,std,0.0006803488880352603,0
fedavg-mnist-iid-reference-seed21-20261004,11,2,conv2,median,0.00010793842375278473,0
fedavg-mnist-iid-reference-seed21-20261004,11,2,conv2,min,-0.0011738762259483337,0
fedavg-mnist-iid-reference-seed21-20261004,11,2,conv2,max,0.005434267222881317,0
fedavg-mnist-iid-reference-seed21-20261004,11,2,conv2,l1,2.1060306987747026,0
fedavg-mnist-iid-reference-seed21-20261004,11,2,conv2,l2,0.05281302281659865,0
fedavg-mnist-iid-reference-seed21-20261004,11,2,conv2,max_abs,0.005434267222881317,0
fedavg-mnist-iid-reference-seed21-20261004,11,2,conv2,sparsity,0.0,0
fedavg-mnist-iid-reference-seed21-20261004,11,2,conv2,skewness,1.99762219636709,0
fedavg-mnist-iid-reference-seed21-20261004,11,2,conv2,kurtosis,5.148822258732299,0
fedavg-mnist-iid-reference-seed21-20261004,11,2,fc1,mean,2.1898387216925237e-05,0
fedavg-mnist-iid-reference-seed21-20261004,11,2,fc1,std,0.00036359607632151036,0
fedavg-mnist-iid-reference-seed21-20261004,11,2,fc1,median,0.0,0
fedavg-mnist-iid-reference-seed21-20261004,11,2,fc1,min,-0.006573643535375595,0
fedavg-mnist-iid-reference-seed21-20261004,11,2,fc1,max,0.005100712180137634,0
fedavg-mnist-iid-reference-seed21-20261004,11,2,fc1,l1,15.043238253552659,0
fedavg-mnist-iid-reference-seed21-20261004,11,2,fc1,l2,0.11542686070702478,0
fedavg-mnist-iid-reference-seed21-20261004,11,2,fc1,max_abs,0.006573643535375595,0
fedavg-mnist-iid-reference-seed21-20261004,11,2,fc1,sparsity,0.15284416826003824,0
fedavg-mnist-iid-reference-seed21-20261004,11,2,fc1,skewness,0.6544961643291657,0
fedavg-mnist-iid-reference-seed21-20261004,11,2,fc1,kurtosis,27.837864403743033,0
fedavg-mnist-iid-reference-seed21-20261004,11,2,output,mean,-2.2795015516189428e-10,0
fedavg-mnist-iid-reference-seed21-20261004,11,2,output,std,0.0028171233009562716,0
fedavg-mnist-iid-reference-seed21-20261004,11,2,output,median,-4.842877388000488e-08,0
fedavg-mnist-iid-reference-seed21-20261004,11,2,output,min,-0.010338306427001953,0
fedavg-mnist-iid-reference-seed21-20261004,11,2,output,max,0.01858888566493988,0
fedavg-mnist-iid-reference-seed21-20261004,11,2,output,l1,1.0788091377326054,0
fedavg-mnist-iid-reference-seed21-20261004,11,2,output,l2,0.07182283341886496,0
fedavg-mnist-iid-reference-seed21-20261004,11,2,output,max_abs,0.01858888566493988,0
fedavg-mnist-iid-reference-seed21-20261004,11,2,output,sparsity,0.11076923076923077,0
fedavg-mnist-iid-reference-seed21-20261004,11,2,output,skewness,0.9022652481095894,0
fedavg-mnist-iid-reference-seed21-20261004,11,2,output,kurtosis,6.234583644045998,0
fedavg-mnist-iid-reference-seed21-20261004,11,3,conv1,mean,0.0024854601535480468,0
fedavg-mnist-iid-reference-seed21-20261004,11,3,conv1,std,0.002133970118538102,0
fedavg-mnist-iid-reference-seed21-20261004,11,3,conv1,median,0.002117455005645752,0
fedavg-mnist-iid-reference-seed21-20261004,11,3,conv1,min,-0.00039840489625930786,0
fedavg-mnist-iid-reference-seed21-20261004,11,3,conv1,max,0.008814334869384766,0
fedavg-mnist-iid-reference-seed21-20261004,11,3,conv1,l1,0.4055588012561202,0
fedavg-mnist-iid-reference-seed21-20261004,11,3,conv1,l2,0.04143687370772771,0
fedavg-mnist-iid-reference-seed21-20261004,11,3,conv1,max_abs,0.008814334869384766,0
fedavg-mnist-iid-reference-seed21-20261004,11,3,conv1,sparsity,0.0,0
fedavg-mnist-iid-reference-seed21-20261004,11,3,conv1,skewness,0.5927978626125564,0
fedavg-mnist-iid-reference-seed21-20261004,11,3,conv1,kurtosis,-0.3758364980547082,0
fedavg-mnist-iid-reference-seed21-20261004,11,3,conv2,mean,0.00036254788633884564,0
fedavg-mnist-iid-reference-seed21-20261004,11,3,conv2,std,0.0006646733671937108,0
fedavg-mnist-iid-reference-seed21-20261004,11,3,conv2,median,0.00010642316192388535,0
fedavg-mnist-iid-reference-seed21-20261004,11,3,conv2,min,-0.00200483575463295,0
fedavg-mnist-iid-reference-seed21-20261004,11,3,conv2,max,0.0049472376704216,0
fedavg-mnist-iid-reference-seed21-20261004,11,3,conv2,l1,2.104896858203574,0
fedavg-mnist-iid-reference-seed21-20261004,11,3,conv2,l2,0.05157319923125392,0
fedavg-mnist-iid-reference-seed21-20261004,11,3,conv2,max_abs,0.0049472376704216,0
fedavg-mnist-iid-reference-seed21-20261004,11,3,conv2,sparsity,0.0,0
fedavg-mnist-iid-reference-seed21-20261004,11,3,conv2,skewness,1.7165771246791723,0
fedavg-mnist-iid-reference-seed21-20261004,11,3,conv2,kurtosis,4.031451623218891,0
fedavg-mnist-iid-reference-seed21-20261004,11,3,fc1,mean,1.739702274956076e-05,0
fedavg-mnist-iid-reference-seed21-20261004,11,3,fc1,std,0.0003307123262525057,0
fedavg-mnist-iid-reference-seed21-20261004,11,3,fc1,median,0.0,0
fedavg-mnist-iid-reference-seed21-20261004,11,3,fc1,min,-0.0052240751683712006,0
fedavg-mnist-iid-reference-seed21-20261004,11,3,fc1,max,0.004763707984238863,0
fedavg-mnist-iid-reference-seed21-20261004,11,3,fc1,l1,14.567565350240216,0
fedavg-mnist-iid-reference-seed21-20261004,11,3,fc1,l2,0.10494262244688657,0
fedavg-mnist-iid-reference-seed21-20261004,11,3,fc1,max_abs,0.0052240751683712006,0
fedavg-mnist-iid-reference-seed21-20261004,11,3,fc1,sparsity,0.15270474824729127,0
fedavg-mnist-iid-reference-seed21-20261004,11,3,fc1,skewness,0.7865838496851304,0
fedavg-mnist-iid-reference-seed21-20261004,11,3,fc1,kurtosis,22.03327425253867,0
fedavg-mnist-iid-reference-seed21-20261004,11,3,output,mean,-1.4400799185610734e-11,0
fedavg-mnist-iid-reference-seed21-20261004,11,3,output,std,0.002375026894278179,0
fedavg-mnist-iid-reference-seed21-20261004,11,3,output,median,-6.705522537231445e-08,0
fedavg-mnist-iid-reference-seed21-20261004,11,3,output,min,-0.011048480868339539,0
fedavg-mnist-iid-reference-seed21-20261004,11,3,output,max,0.011321261525154114,0
fedavg-mnist-iid-reference-seed21-20261004,11,3,output,l1,0.9483876819685975,0
fedavg-mnist-iid-reference-seed21-20261004,11,3,output,l2,0.060551542396160514,0
fedavg-mnist-iid-reference-seed21-20261004,11,3,output,max_abs,0.011321261525154114,0
fedavg-mnist-iid-reference-seed21-20261004,11,3,output,sparsity,0.1123076923076923,0
fedavg-mnist-iid-reference-seed21-20261004,11,3,output,skewness,0.6150118037059193,0
fedavg-mnist-iid-reference-seed21-20261004,11,3,output,kurtosis,3.914919888518458,0
fedavg-mnist-iid-reference-seed21-20261004,11,4,conv1,mean,0.002341491996048717,0
fedavg-mnist-iid-reference-seed21-20261004,11,4,conv1,std,0.002020687886086774,0
fedavg-mnist-iid-reference-seed21-20261004,11,4,conv1,median,0.0020152386277914047,0
fedavg-mnist-iid-reference-seed21-20261004,11,4,conv1,min,-0.0007296353578567505,0
fedavg-mnist-iid-reference-seed21-20261004,11,4,conv1,max,0.008322000503540039,0
fedavg-mnist-iid-reference-seed21-20261004,11,4,conv1,l1,0.3855003825156018,0
fedavg-mnist-iid-reference-seed21-20261004,11,4,conv1,l2,0.03912189013948695,0
fedavg-mnist-iid-reference-seed21-20261004,11,4,conv1,max_abs,0.008322000503540039,0
fedavg-mnist-iid-reference-seed21-20261004,11,4,conv1,sparsity,0.0,0
fedavg-mnist-iid-reference-seed21-20261004,11,4,conv1,skewness,0.5155869988167718,0
fedavg-mnist-iid-reference-seed21-20261004,11,4,conv1,kurtosis,-0.4880527278880975,0
fedavg-mnist-iid-reference-seed21-20261004,11,4,conv2,mean,0.00031834815030739764,0
fedavg-mnist-iid-reference-seed21-20261004,11,4,conv2,std,0.0006266404476407622,0
fedavg-mnist-iid-reference-seed21-20261004,11,4,conv2,median,8.918251842260361e-05,0
fedavg-mnist-iid-reference-seed21-20261004,11,4,conv2,min,-0.0018902570009231567,0
fedavg-mnist-iid-reference-seed21-20261004,11,4,conv2,max,0.004682958126068115,0
fedavg-mnist-iid-reference-seed21-20261004,11,4,conv2,l1,1.9646627642832755,0
fedavg-mnist-iid-reference-seed21-20261004,11,4,conv2,l2,0.04787766087399531,0
fedavg-mnist-iid-reference-seed21-20261004,11,4,conv2,max_abs,0.004682958126068115,0
fedavg-mnist-iid-reference-seed21-20261004,11,4,conv2,sparsity,0.0,0
fedavg-mnist-iid-reference-seed21-20261004,11,4,conv2,skewness,1.7393506410571955,0
fedavg-mnist-iid-reference-seed21-20261004,11,4,conv2,kurtosis,4.579069818350869,0
fedavg-mnist-iid-reference-seed21-20261004,11,4,fc1,mean,2.582193123619921e-06,0
fedavg-mnist-iid-reference-seed21-20261004,11,4,fc1,std,0.0003235447534464538,0
fedavg-mnist-iid-reference-seed21-20261004,11,4,fc1,median,0.0,0
fedavg-mnist-iid-reference-seed21-20261004,11,4,fc1,min,-0.004773002117872238,0
fedavg-mnist-iid-reference-seed21-20261004,11,4,fc1,max,0.0051413532346487045,0
fedavg-mnist-iid-reference-seed21-20261004,11,4,fc1,l1,13.583440895419699,0
fedavg-mnist-iid-reference-seed21-20261004,11,4,fc1,l2,0.10252969168241124,0
fedavg-mnist-iid-reference-seed21-20261004,11,4,fc1,max_abs,0.0051413532346487045,0
fedavg-mnist-iid-reference-seed21-20261004,11,4,fc1,sparsity,0.17511153601019758,0
fedavg-mnist-iid-reference-seed21-20261004,11,4,fc1,skewness,0.2741890064927882,0
fedavg-mnist-iid-reference-seed21-20261004,11,4,fc1,kurtosis,24.29620537478793,0
fedavg-mnist-iid-reference-seed21-20261004,11,4,output,mean,5.201358222760833e-10,0
fedavg-mnist-iid-reference-seed21-20261004,11,4,output,std,0.0024132440591453585,0
fedavg-mnist-iid-reference-seed21-20261004,11,4,output,median,0.0,0
fedavg-mnist-iid-reference-seed21-20261004,11,4,output,min,-0.009945666417479515,0
fedavg-mnist-iid-reference-seed21-20261004,11,4,output,max,0.00966770201921463,0
fedavg-mnist-iid-reference-seed21-20261004,11,4,output,l1,0.9881125347856141,0
fedavg-mnist-iid-reference-seed21-20261004,11,4,output,l2,0.06152589274322164,0
fedavg-mnist-iid-reference-seed21-20261004,11,4,output,max_abs,0.009945666417479515,0
fedavg-mnist-iid-reference-seed21-20261004,11,4,output,sparsity,0.14307692307692307,0
fedavg-mnist-iid-reference-seed21-20261004,11,4,output,skewness,0.001383719677484004,0
fedavg-mnist-iid-reference-seed21-20261004,11,4,output,kurtosis,2.2663873702889052,0
fedavg-mnist-iid-reference-seed21-20261004,12,0,conv1,mean,0.0016036643319239374,0
fedavg-mnist-iid-reference-seed21-20261004,12,0,conv1,std,0.0014557993732325968,0
fedavg-mnist-iid-reference-seed21-20261004,12,0,conv1,median,0.0012268982827663422,0
fedavg-mnist-iid-reference-seed21-20261004,12,0,conv1,min,-0.0005774796009063721,0
fedavg-mnist-iid-reference-seed21-20261004,12,0,conv1,max,0.006286591291427612,0
fedavg-mnist-iid-reference-seed21-20261004,12,0,conv1,l1,0.26486206834670156,0
fedavg-mnist-iid-reference-seed21-20261004,12,0,conv1,l2,0.027396616154815822,0
fedavg-mnist-iid-reference-seed21-20261004,12,0,conv1,max_abs,0.006286591291427612,0
fedavg-mnist-iid-reference-seed21-20261004,12,0,conv1,sparsity,0.0,0
fedavg-mnist-iid-reference-seed21-20261004,12,0,conv1,skewness,0.7550502213615702,0
fedavg-mnist-iid-reference-seed21-20261004,12,0,conv1,kurtosis,0.11648442559171945,0
fedavg-mnist-iid-reference-seed21-20261004,12,0,conv2,mean,0.00020932869242662084,0
fedavg-mnist-iid-reference-seed21-20261004,12,0,conv2,std,0.0004790587729517227,0
fedavg-mnist-iid-reference-seed21-20261004,12,0,conv2,median,7.327552884817123e-05,0
fedavg-mnist-iid-reference-seed21-20261004,12,0,conv2,min,-0.0025124624371528625,0
fedavg-mnist-iid-reference-seed21-20261004,12,0,conv2,max,0.0033511370420455933,0
fedavg-mnist-iid-reference-seed21-20261004,12,0,conv2,l1,1.5221758486813997,0
fedavg-mnist-iid-reference-seed21-20261004,12,0,conv2,l2,0.03561159018754747,0
fedavg-mnist-iid-reference-seed21-20261004,12,0,conv2,max_abs,0.0033511370420455933,0
fedavg-mnist-iid-reference-seed21-20261004,12,0,conv2,sparsity,0.0,0
fedavg-mnist-iid-reference-seed21-20261004,12,0,conv2,skewness,1.0620222816704912,0
fedavg-mnist-iid-reference-seed21-20261004,12,0,conv2,kurtosis,4.230543720893047,0
fedavg-mnist-iid-reference-seed21-20261004,12,0,fc1,mean,-2.4074050136777546e-06,0
fedavg-mnist-iid-reference-seed21-20261004,12,0,fc1,std,0.0003260779086531129,0
fedavg-mnist-iid-reference-seed21-20261004,12,0,fc1,median,0.0,0
fedavg-mnist-iid-reference-seed21-20261004,12,0,fc1,min,-0.005255209282040596,0
fedavg-mnist-iid-reference-seed21-20261004,12,0,fc1,max,0.004343235865235329,0
fedavg-mnist-iid-reference-seed21-20261004,12,0,fc1,l1,13.940792522858374,0
fedavg-mnist-iid-reference-seed21-20261004,12,0,fc1,l2,0.10333196103753539,0
fedavg-mnist-iid-reference-seed21-20261004,12,0,fc1,max_abs,0.005255209282040596,0
fedavg-mnist-iid-reference-seed21-20261004,12,0,fc1,sparsity,0.18966101019757808,0
fedavg-mnist-iid-reference-seed21-20261004,12,0,fc1,skewness,-0.35513892537285535,0
fedavg-mnist-iid-reference-seed21-20261004,12,0,fc1,kurtosis,21.998206383158834,0
fedavg-mnist-iid-reference-seed21-20261004,12,0,output,mean,-1.2815479959289616e-10,0
fedavg-mnist-iid-reference-seed21-20261004,12,0,output,std,0.0020596177193882396,0
fedavg-mnist-iid-reference-seed21-20261004,12,0,output,median,0.0,0
fedavg-mnist-iid-reference-seed21-20261004,12,0,output,min,-0.007945209741592407,0
fedavg-mnist-iid-reference-seed21-20261004,12,0,output,max,0.011130817234516144,0
fedavg-mnist-iid-reference-seed21-20261004,12,0,output,l1,0.8310606909853959,0
fedavg-mnist-iid-reference-seed21-20261004,12,0,output,l2,0.052510154708510615,0
fedavg-mnist-iid-reference-seed21-20261004,12,0,output,max_abs,0.011130817234516144,0
fedavg-mnist-iid-reference-seed21-20261004,12,0,output,sparsity,0.15846153846153846,0
fedavg-mnist-iid-reference-seed21-20261004,12,0,output,skewness,0.5578539071550934,0
fedavg-mnist-iid-reference-seed21-20261004,12,0,output,kurtosis,3.7412993304108824,0
fedavg-mnist-iid-reference-seed21-20261004,12,1,conv1,mean,0.0017407595376425888,0
fedavg-mnist-iid-reference-seed21-20261004,12,1,conv1,std,0.0015014769515617904,0
fedavg-mnist-iid-reference-seed21-20261004,12,1,conv1,median,0.0015692338347434998,0
fedavg-mnist-iid-reference-seed21-20261004,12,1,conv1,min,-0.0005612820386886597,0
fedavg-mnist-iid-reference-seed21-20261004,12,1,conv1,max,0.006267845630645752,0
fedavg-mnist-iid-reference-seed21-20261004,12,1,conv1,l1,0.2882889969041571,0
fedavg-mnist-iid-reference-seed21-20261004,12,1,conv1,l2,0.029078313029376177,0
fedavg-mnist-iid-reference-seed21-20261004,12,1,conv1,max_abs,0.006267845630645752,0
fedavg-mnist-iid-reference-seed21-20261004,12,1,conv1,sparsity,0.0,0
fedavg-mnist-iid-reference-seed21-20261004,12,1,conv1,skewness,0.5513716465348022,0
fedavg-mnist-iid-reference-seed21-20261004,12,1,conv1,kurtosis,-0.30253205995303833,0
fedavg-mnist-iid-reference-seed21-20261004,12,1,conv2,mean,0.00022657281127945242,0
fedavg-mnist-iid-reference-seed21-20261004,12,1,conv2,std,0.0005046878451037011,0
fedavg-mnist-iid-reference-seed21-20261004,12,1,conv2,median,7.977243512868881e-05,0
fedavg-mnist-iid-reference-seed21-20261004,12,1,conv2,min,-0.0024533867835998535,0
fedavg-mnist-iid-reference-seed21-20261004,12,1,conv2,max,0.00411427766084671,0
fedavg-mnist-iid-reference-seed21-20261004,12,1,conv2,l1,1.6173397295278846,0
fedavg-mnist-iid-reference-seed21-20261004,12,1,conv2,l2,0.0376835385480467,0
fedavg-mnist-iid-reference-seed21-20261004,12,1,conv2,max_abs,0.00411427766084671,0
fedavg-mnist-iid-reference-seed21-20261004,12,1,conv2,sparsity,0.0,0
fedavg-mnist-iid-reference-seed21-20261004,12,1,conv2,skewness,1.4737913264216125,0
fedavg-mnist-iid-reference-seed21-20261004,12,1,conv2,kurtosis,4.593538759425705,0
fedavg-mnist-iid-reference-seed21-20261004,12,1,fc1,mean,-1.808146657884405e-05,0
fedavg-mnist-iid-reference-seed21-20261004,12,1,fc1,std,0.0004014651184252729,0
fedavg-mnist-iid-reference-seed21-20261004,12,1,fc1,median,0.0,0
fedavg-mnist-iid-reference-seed21-20261004,12,1,fc1,min,-0.004868932068347931,0
fedavg-mnist-iid-reference-seed21-20261004,12,1,fc1,max,0.005964525043964386,0
fedavg-mnist-iid-reference-seed21-20261004,12,1,fc1,l1,17.223259202603458,0
fedavg-mnist-iid-reference-seed21-20261004,12,1,fc1,l2,0.12734717337175688,0
fedavg-mnist-iid-reference-seed21-20261004,12,1,fc1,max_abs,0.005964525043964386,0
fedavg-mnist-iid-reference-seed21-20261004,12,1,fc1,sparsity,0.15264499681325686,0
fedavg-mnist-iid-reference-seed21-20261004,12,1,fc1,skewness,-0.18925411089306232,0
fedavg-mnist-iid-reference-seed21-20261004,12,1,fc1,kurtosis,22.09480882475978,0
fedavg-mnist-iid-reference-seed21-20261004,12,1,output,mean,1.250177424830886e-10,0
fedavg-mnist-iid-reference-seed21-20261004,12,1,output,std,0.002874562372750867,0
fedavg-mnist-iid-reference-seed21-20261004,12,1,output,median,-3.073364496231079e-08,0
fedavg-mnist-iid-reference-seed21-20261004,12,1,output,min,-0.010055044665932655,0
fedavg-mnist-iid-reference-seed21-20261004,12,1,output,max,0.01643414795398712,0
fedavg-mnist-iid-reference-seed21-20261004,12,1,output,l1,1.090260005727032,0
fedavg-mnist-iid-reference-seed21-20261004,12,1,output,l2,0.0732872481584813,0
fedavg-mnist-iid-reference-seed21-20261004,12,1,output,max_abs,0.01643414795398712,0
fedavg-mnist-iid-reference-seed21-20261004,12,1,output,sparsity,0.11846153846153847,0
fedavg-mnist-iid-reference-seed21-20261004,12,1,output,skewness,1.1201807784640219,0
fedavg-mnist-iid-reference-seed21-20261004,12,1,output,kurtosis,5.797746993767134,0
fedavg-mnist-iid-reference-seed21-20261004,12,2,conv1,mean,0.0021152366825845093,0
fedavg-mnist-iid-reference-seed21-20261004,12,2,conv1,std,0.001836871152479978,0
fedavg-mnist-iid-reference-seed21-20261004,12,2,conv1,median,0.001759938895702362,0
fedavg-mnist-iid-reference-seed21-20261004,12,2,conv1,min,-0.0006131753325462341,0
fedavg-mnist-iid-reference-seed21-20261004,12,2,conv1,max,0.008182287216186523,0
fedavg-mnist-iid-reference-seed21-20261004,12,2,conv1,l1,0.34696537628769875,0
fedavg-mnist-iid-reference-seed21-20261004,12,2,conv1,l2,0.03543630196093095,0
fedavg-mnist-iid-reference-seed21-20261004,12,2,conv1,max_abs,0.008182287216186523,0
fedavg-mnist-iid-reference-seed21-20261004,12,2,conv1,sparsity,0.0,0
fedavg-mnist-iid-reference-seed21-20261004,12,2,conv1,skewness,0.7100128660861047,0
fedavg-mnist-iid-reference-seed21-20261004,12,2,conv1,kurtosis,0.20831459787879725,0
fedavg-mnist-iid-reference-seed21-20261004,12,2,conv2,mean,0.0002991092666496993,0
fedavg-mnist-iid-reference-seed21-20261004,12,2,conv2,std,0.0005763668613635306,0
fedavg-mnist-iid-reference-seed21-20261004,12,2,conv2,median,8.739251643419266e-05,0
fedavg-mnist-iid-reference-seed21-20261004,12,2,conv2,min,-0.0011697188019752502,0
fedavg-mnist-iid-reference-seed21-20261004,12,2,conv2,max,0.004585146903991699,0
fedavg-mnist-iid-reference-seed21-20261004,12,2,conv2,l1,1.7868654309786507,0
fedavg-mnist-iid-reference-seed21-20261004,12,2,conv2,l2,0.044232636378021654,0
fedavg-mnist-iid-reference-seed21-20261004,12,2,conv2,max_abs,0.004585146903991699,0
fedavg-mnist-iid-reference-seed21-20261004,12,2,conv2,sparsity,0.0,0
fedavg-mnist-iid-reference-seed21-20261004,12,2,conv2,skewness,1.947378186854068,0
fedavg-mnist-iid-reference-seed21-20261004,12,2,conv2,kurtosis,5.129977912451313,0
fedavg-mnist-iid-reference-seed21-20261004,12,2,fc1,mean,2.1166613192187822e-05,0
fedavg-mnist-iid-reference-seed21-20261004,12,2,fc1,std,0.0003506467795470551,0
fedavg-mnist-iid-reference-seed21-20261004,12,2,fc1,median,0.0,0
fedavg-mnist-iid-reference-seed21-20261004,12,2,fc1,min,-0.006157480180263519,0
fedavg-mnist-iid-reference-seed21-20261004,12,2,fc1,max,0.005031276494264603,0
fedavg-mnist-iid-reference-seed21-20261004,12,2,fc1,l1,14.428152868395841,0
fedavg-mnist-iid-reference-seed21-20261004,12,2,fc1,l2,0.11131690728238683,0
fedavg-mnist-iid-reference-seed21-20261004,12,2,fc1,max_abs,0.006157480180263519,0
fedavg-mnist-iid-reference-seed21-20261004,12,2,fc1,sparsity,0.15203752390057362,0
fedavg-mnist-iid-reference-seed21-20261004,12,2,fc1,skewness,0.6542456371249978,0
fedavg-mnist-iid-reference-seed21-20261004,12,2,fc1,kurtosis,28.290384433565226,0
fedavg-mnist-iid-reference-seed21-20261004,12,2,output,mean,-2.4134351406246425e-10,0
fedavg-mnist-iid-reference-seed21-20261004,12,2,output,std,0.0026819808051555282,0
fedavg-mnist-iid-reference-seed21-20261004,12,2,output,median,-1.4901161193847656e-08,0
fedavg-mnist-iid-reference-seed21-20261004,12,2,output,min,-0.010006674565374851,0
fedavg-mnist-iid-reference-seed21-20261004,12,2,output,max,0.017531901597976685,0
fedavg-mnist-iid-reference-seed21-20261004,12,2,output,l1,1.0021619682411256,0
fedavg-mnist-iid-reference-seed21-20261004,12,2,output,l2,0.06837736230284691,0
fedavg-mnist-iid-reference-seed21-20261004,12,2,output,max_abs,0.017531901597976685,0
fedavg-mnist-iid-reference-seed21-20261004,12,2,output,sparsity,0.11846153846153847,0
fedavg-mnist-iid-reference-seed21-20261004,12,2,output,skewness,0.8125940473774309,0
fedavg-mnist-iid-reference-seed21-20261004,12,2,output,kurtosis,6.718782686016638,0
fedavg-mnist-iid-reference-seed21-20261004,12,3,conv1,mean,0.0020268630818463863,0
fedavg-mnist-iid-reference-seed21-20261004,12,3,conv1,std,0.001755265911226444,0
fedavg-mnist-iid-reference-seed21-20261004,12,3,conv1,median,0.0016963258385658264,0
fedavg-mnist-iid-reference-seed21-20261004,12,3,conv1,min,-0.0003772638738155365,0
fedavg-mnist-iid-reference-seed21-20261004,12,3,conv1,max,0.007290154695510864,0
fedavg-mnist-iid-reference-seed21-20261004,12,3,conv1,l1,0.3313992563635111,0
fedavg-mnist-iid-reference-seed21-20261004,12,3,conv1,l2,0.03391550057814964,0
fedavg-mnist-iid-reference-seed21-20261004,12,3,conv1,max_abs,0.007290154695510864,0
fedavg-mnist-iid-reference-seed21-20261004,12,3,conv1,sparsity,0.0,0
fedavg-mnist-iid-reference-seed21-20261004,12,3,conv1,skewness,0.6105952117545161,0
fedavg-mnist-iid-reference-seed21-20261004,12,3,conv1,kurtosis,-0.32851406620865076,0
fedavg-mnist-iid-reference-seed21-20261004,12,3,conv2,mean,0.00028707623976609694,0
fedavg-mnist-iid-reference-seed21-20261004,12,3,conv2,std,0.0005511619539763757,0
fedavg-mnist-iid-reference-seed21-20261004,12,3,conv2,median,8.628331124782562e-05,0
fedavg-mnist-iid-reference-seed21-20261004,12,3,conv2,min,-0.0020266175270080566,0
fedavg-mnist-iid-reference-seed21-20261004,12,3,conv2,max,0.003956623375415802,0
fedavg-mnist-iid-reference-seed21-20261004,12,3,conv2,l1,1.7552364370712894,0
fedavg-mnist-iid-reference-seed21-20261004,12,3,conv2,l2,0.04233121919629464,0
fedavg-mnist-iid-reference-seed21-20261004,12,3,conv2,max_abs,0.003956623375415802,0
fedavg-mnist-iid-reference-seed21-20261004,12,3,conv2,sparsity,0.0,0
fedavg-mnist-iid-reference-seed21-20261004,12,3,conv2,skewness,1.5377283275006284,0
fedavg-mnist-iid-reference-seed21-20261004,12,3,conv2,kurtosis,3.6427449950025723,0
fedavg-mnist-iid-reference-seed21-20261004,12,3,fc1,mean,1.2997259768253084e-05,0
fedavg-mnist-iid-reference-seed21-20261004,12,3,fc1,std,0.0003017088805658083,0
fedavg-mnist-iid-reference-seed21-20261004,12,3,fc1,median,0.0,0
fedavg-mnist-iid-reference-seed21-20261004,12,3,fc1,min,-0.0041825659573078156,0
fedavg-mnist-iid-reference-seed21-20261004,12,3,fc1,max,0.00450572744011879,0
fedavg-mnist-iid-reference-seed21-20261004,12,3,fc1,l1,13.391564173128586,0
fedavg-mnist-iid-reference-seed21-20261004,12,3,fc1,l2,0.09569564129657705,0
fedavg-mnist-iid-reference-seed21-20261004,12,3,fc1,max_abs,0.00450572744011879,0
fedavg-mnist-iid-reference-seed21-20261004,12,3,fc1,sparsity,0.15113129381771828,0
fedavg-mnist-iid-reference-seed21-20261004,12,3,fc1,skewness,0.7301462205937446,0
fedavg-mnist-iid-reference-seed21-20261004,12,3,fc1,kurtosis,20.994164618069732,0
fedavg-mnist-iid-reference-seed21-20261004,12,3,output,mean,5.944065588454788e-10,0
fedavg-mnist-iid-reference-seed21-20261004,12,3,output,std,0.0020673220386199847,0
fedavg-mnist-iid-reference-seed21-20261004,12,3,output,median,-2.0489096641540527e-08,0
fedavg-mnist-iid-reference-seed21-20261004,12,3,output,min,-0.010083317756652832,0
fedavg-mnist-iid-reference-seed21-20261004,12,3,output,max,0.009408608078956604,0
fedavg-mnist-iid-reference-seed21-20261004,12,3,output,l1,0.8277441689970146,0
fedavg-mnist-iid-reference-seed21-20261004,12,3,output,l2,0.05270657707902077,0
fedavg-mnist-iid-reference-seed21-20261004,12,3,output,max_abs,0.010083317756652832,0
fedavg-mnist-iid-reference-seed21-20261004,12,3,output,sparsity,0.1123076923076923,0
fedavg-mnist-iid-reference-seed21-20261004,12,3,output,skewness,0.5169911128786183,0
fedavg-mnist-iid-reference-seed21-20261004,12,3,output,kurtosis,3.806528962125391,0
fedavg-mnist-iid-reference-seed21-20261004,12,4,conv1,mean,0.0019302544867969118,0
fedavg-mnist-iid-reference-seed21-20261004,12,4,conv1,std,0.0016668801177434087,0
fedavg-mnist-iid-reference-seed21-20261004,12,4,conv1,median,0.001650666818022728,0
fedavg-mnist-iid-reference-seed21-20261004,12,4,conv1,min,-0.0006748586893081665,0
fedavg-mnist-iid-reference-seed21-20261004,12,4,conv1,max,0.006952077150344849,0
fedavg-mnist-iid-reference-seed21-20261004,12,4,conv1,l1,0.318091508699581,0
fedavg-mnist-iid-reference-seed21-20261004,12,4,conv1,l2,0.03225987404991629,0
fedavg-mnist-iid-reference-seed21-20261004,12,4,conv1,max_abs,0.006952077150344849,0
fedavg-mnist-iid-reference-seed21-20261004,12,4,conv1,sparsity,0.0,0
fedavg-mnist-iid-reference-seed21-20261004,12,4,conv1,skewness,0.5283243631531036,0
fedavg-mnist-iid-reference-seed21-20261004,12,4,conv1,kurtosis,-0.43188955102542126,0
fedavg-mnist-iid-reference-seed21-20261004,12,4,conv2,mean,0.00024969736188785617,0
fedavg-mnist-iid-reference-seed21-20261004,12,4,conv2,std,0.0005243270812120078,0
fedavg-mnist-iid-reference-seed21-20261004,12,4,conv2,median,6.988411769270897e-05,0
fedavg-mnist-iid-reference-seed21-20261004,12,4,conv2,min,-0.0018363036215305328,0
fedavg-mnist-iid-reference-seed21-20261004,12,4,conv2,max,0.0037664994597434998,0
fedavg-mnist-iid-reference-seed21-20261004,12,4,conv2,l1,1.6519056982651819,0
fedavg-mnist-iid-reference-seed21-20261004,12,4,conv2,l2,0.03955909434384097,0
fedavg-mnist-iid-reference-seed21-20261004,12,4,conv2,max_abs,0.0037664994597434998,0
fedavg-mnist-iid-reference-seed21-20261004,12,4,conv2,sparsity,0.0,0
fedavg-mnist-iid-reference-seed21-20261004,12,4,conv2,skewness,1.5595538460795126,0
fedavg-mnist-iid-reference-seed21-20261004,12,4,conv2,kurtosis,4.264007306377156,0
fedavg-mnist-iid-reference-seed21-20261004,12,4,fc1,mean,-2.2760785256582306e-06,0
fedavg-mnist-iid-reference-seed21-20261004,12,4,fc1,std,0.0003054216459314511,0
fedavg-mnist-iid-reference-seed21-20261004,12,4,fc1,median,0.0,0
fedavg-mnist-iid-reference-seed21-20261004,12,4,fc1,min,-0.0044656600803136826,0
fedavg-mnist-iid-reference-seed21-20261004,12,4,fc1,max,0.004926770925521851,0
fedavg-mnist-iid-reference-seed21-20261004,12,4,fc1,l1,12.8004911674725,0
fedavg-mnist-iid-reference-seed21-20261004,12,4,fc1,l2,0.09678617597376875,0
fedavg-mnist-iid-reference-seed21-20261004,12,4,fc1,max_abs,0.004926770925521851,0
fedavg-mnist-iid-reference-seed21-20261004,12,4,fc1,sparsity,0.17447418738049714,0
fedavg-mnist-iid-reference-seed21-20261004,12,4,fc1,skewness,0.11486280702836885,0
fedavg-mnist-iid-reference-seed21-20261004,12,4,fc1,kurtosis,25.239721810278848,0
fedavg-mnist-iid-reference-seed21-20261004,12,4,output,mean,7.350676101990618e-11,0
fedavg-mnist-iid-reference-seed21-20261004,12,4,output,std,0.0022635033509454967,0
fedavg-mnist-iid-reference-seed21-20261004,12,4,output,median,0.0,0
fedavg-mnist-iid-reference-seed21-20261004,12,4,output,min,-0.00933665968477726,0
fedavg-mnist-iid-reference-seed21-20261004,12,4,output,max,0.008091464638710022,0
fedavg-mnist-iid-reference-seed21-20261004,12,4,output,l1,0.9284208984117868,0
fedavg-mnist-iid-reference-seed21-20261004,12,4,output,l2,0.057708238777768754,0
fedavg-mnist-iid-reference-seed21-20261004,12,4,output,max_abs,0.00933665968477726,0
fedavg-mnist-iid-reference-seed21-20261004,12,4,output,sparsity,0.14615384615384616,0
fedavg-mnist-iid-reference-seed21-20261004,12,4,output,skewness,-0.17272288520063148,0
fedavg-mnist-iid-reference-seed21-20261004,12,4,output,kurtosis,2.1177396636409593,0
fedavg-mnist-iid-reference-seed21-20261004,13,0,conv1,mean,0.0012948546216648537,0
fedavg-mnist-iid-reference-seed21-20261004,13,0,conv1,std,0.0012190387593764653,0
fedavg-mnist-iid-reference-seed21-20261004,13,0,conv1,median,0.0009527504444122314,0
fedavg-mnist-iid-reference-seed21-20261004,13,0,conv1,min,-0.0008088201284408569,0
fedavg-mnist-iid-reference-seed21-20261004,13,0,conv1,max,0.005311012268066406,0
fedavg-mnist-iid-reference-seed21-20261004,13,0,conv1,l1,0.21582916111219674,0
fedavg-mnist-iid-reference-seed21-20261004,13,0,conv1,l2,0.022495169216910346,0
fedavg-mnist-iid-reference-seed21-20261004,13,0,conv1,max_abs,0.005311012268066406,0
fedavg-mnist-iid-reference-seed21-20261004,13,0,conv1,sparsity,0.0,0
fedavg-mnist-iid-reference-seed21-20261004,13,0,conv1,skewness,0.7898754238051068,0
fedavg-mnist-iid-reference-seed21-20261004,13,0,conv1,kurtosis,0.2906470063059552,0
fedavg-mnist-iid-reference-seed21-20261004,13,0,conv2,mean,0.00015931167796099608,0
fedavg-mnist-iid-reference-seed21-20261004,13,0,conv2,std,0.0004204011705678883,0
fedavg-mnist-iid-reference-seed21-20261004,13,0,conv2,median,5.733408033847809e-05,0
fedavg-mnist-iid-reference-seed21-20261004,13,0,conv2,min,-0.002657853066921234,0
fedavg-mnist-iid-reference-seed21-20261004,13,0,conv2,max,0.0028755366802215576,0
fedavg-mnist-iid-reference-seed21-20261004,13,0,conv2,l1,1.3190176340722246,0
fedavg-mnist-iid-reference-seed21-20261004,13,0,conv2,l2,0.030623920829412725,0
fedavg-mnist-iid-reference-seed21-20261004,13,0,conv2,max_abs,0.0028755366802215576,0
fedavg-mnist-iid-reference-seed21-20261004,13,0,conv2,sparsity,0.0,0
fedavg-mnist-iid-reference-seed21-20261004,13,0,conv2,skewness,0.6232741678010674,0
fedavg-mnist-iid-reference-seed21-20261004,13,0,conv2,kurtosis,4.912730256762597,0
fedavg-mnist-iid-reference-seed21-20261004,13,0,fc1,mean,-4.8680071971627595e-06,0
fedavg-mnist-iid-reference-seed21-20261004,13,0,fc1,std,0.00031730711104799086,0
fedavg-mnist-iid-reference-seed21-20261004,13,0,fc1,median,0.0,0
fedavg-mnist-iid-reference-seed21-20261004,13,0,fc1,min,-0.0051689762622118,0
fedavg-mnist-iid-reference-seed21-20261004,13,0,fc1,max,0.004113955423235893,0
fedavg-mnist-iid-reference-seed21-20261004,13,0,fc1,l1,13.545785681278176,0
fedavg-mnist-iid-reference-seed21-20261004,13,0,fc1,l2,0.10056164448565412,0
fedavg-mnist-iid-reference-seed21-20261004,13,0,fc1,max_abs,0.0051689762622118,0
fedavg-mnist-iid-reference-seed21-20261004,13,0,fc1,sparsity,0.20108349267049075,0
fedavg-mnist-iid-reference-seed21-20261004,13,0,fc1,skewness,-0.5794520312862381,0
fedavg-mnist-iid-reference-seed21-20261004,13,0,fc1,kurtosis,21.627488245120993,0
fedavg-mnist-iid-reference-seed21-20261004,13,0,output,mean,-2.0603273207178484e-10,0
fedavg-mnist-iid-reference-seed21-20261004,13,0,output,std,0.0019538156419349724,0
fedavg-mnist-iid-reference-seed21-20261004,13,0,output,median,0.0,0
fedavg-mnist-iid-reference-seed21-20261004,13,0,output,min,-0.0071328431367874146,0
fedavg-mnist-iid-reference-seed21-20261004,13,0,output,max,0.009844668209552765,0
fedavg-mnist-iid-reference-seed21-20261004,13,0,output,l1,0.781380714426632,0
fedavg-mnist-iid-reference-seed21-20261004,13,0,output,l2,0.04981272042094646,0
fedavg-mnist-iid-reference-seed21-20261004,13,0,output,max_abs,0.009844668209552765,0
fedavg-mnist-iid-reference-seed21-20261004,13,0,output,sparsity,0.17076923076923076,0
fedavg-mnist-iid-reference-seed21-20261004,13,0,output,skewness,0.4870469618024682,0
fedavg-mnist-iid-reference-seed21-20261004,13,0,output,kurtosis,3.591468035890202,0
fedavg-mnist-iid-reference-seed21-20261004,13,1,conv1,mean,0.0014728142938110977,0
fedavg-mnist-iid-reference-seed21-20261004,13,1,conv1,std,0.0012820456800348285,0
fedavg-mnist-iid-reference-seed21-20261004,13,1,conv1,median,0.0013269614428281784,0
fedavg-mnist-iid-reference-seed21-20261004,13,1,conv1,min,-0.0005153268575668335,0
fedavg-mnist-iid-reference-seed21-20261004,13,1,conv1,max,0.00535467267036438,0
fedavg-mnist-iid-reference-seed21-20261004,13,1,conv1,l1,0.2448190227150917,0
fedavg-mnist-iid-reference-seed21-20261004,13,1,conv1,l2,0.02469922450523578,0
fedavg-mnist-iid-reference-seed21-20261004,13,1,conv1,max_abs,0.00535467267036438,0
fedavg-mnist-iid-reference-seed21-20261004,13,1,conv1,sparsity,0.0,0
fedavg-mnist-iid-reference-seed21-20261004,13,1,conv1,skewness,0.5646219117129074,0
fedavg-mnist-iid-reference-seed21-20261004,13,1,conv1,kurtosis,-0.24943427726318745,0
fedavg-mnist-iid-reference-seed21-20261004,13,1,conv2,mean,0.0001807974974201051,0
fedavg-mnist-iid-reference-seed21-20261004,13,1,conv2,std,0.0004437970420400283,0
fedavg-mnist-iid-reference-seed21-20261004,13,1,conv2,median,6.119429599493742e-05,0
fedavg-mnist-iid-reference-seed21-20261004,13,1,conv2,min,-0.0024518370628356934,0
fedavg-mnist-iid-reference-seed21-20261004,13,1,conv2,max,0.0035141482949256897,0
fedavg-mnist-iid-reference-seed21-20261004,13,1,conv2,l1,1.4090506892898702,0
fedavg-mnist-iid-reference-seed21-20261004,13,1,conv2,l2,0.032642703168233346,0
fedavg-mnist-iid-reference-seed21-20261004,13,1,conv2,max_abs,0.0035141482949256897,0
fedavg-mnist-iid-reference-seed21-20261004,13,1,conv2,sparsity,0.0,0
fedavg-mnist-iid-reference-seed21-20261004,13,1,conv2,skewness,1.3186341987484103,0
fedavg-mnist-iid-reference-seed21-20261004,13,1,conv2,kurtosis,4.541136022688978,0
fedavg-mnist-iid-reference-seed21-20261004,13,1,fc1,mean,-2.02954288216916e-05,0
fedavg-mnist-iid-reference-seed21-20261004,13,1,fc1,std,0.000393677687914224,0
fedavg-mnist-iid-reference-seed21-20261004,13,1,fc1,median,0.0,0
fedavg-mnist-iid-reference-seed21-20261004,13,1,fc1,min,-0.004637733101844788,0
fedavg-mnist-iid-reference-seed21-20261004,13,1,fc1,max,0.005661677569150925,0
fedavg-mnist-iid-reference-seed21-20261004,13,1,fc1,l1,16.893859449409547,0
fedavg-mnist-iid-reference-seed21-20261004,13,1,fc1,l2,0.124916158099078,0
fedavg-mnist-iid-reference-seed21-20261004,13,1,fc1,max_abs,0.005661677569150925,0
fedavg-mnist-iid-reference-seed21-20261004,13,1,fc1,sparsity,0.15252549394518802,0
fedavg-mnist-iid-reference-seed21-20261004,13,1,fc1,skewness,-0.3175889226606577,0
fedavg-mnist-iid-reference-seed21-20261004,13,1,fc1,kurtosis,21.176671979599686,0
fedavg-mnist-iid-reference-seed21-20261004,13,1,output,mean,-3.550807237983323e-10,0
fedavg-mnist-iid-reference-seed21-20261004,13,1,output,std,0.0027649900285409874,0
fedavg-mnist-iid-reference-seed21-20261004,13,1,output,median,-6.332993507385254e-08,0
fedavg-mnist-iid-reference-seed21-20261004,13,1,output,min,-0.010472714900970459,0
fedavg-mnist-iid-reference-seed21-20261004,13,1,output,max,0.015209481120109558,0
fedavg-mnist-iid-reference-seed21-20261004,13,1,output,l1,1.0346177548144624,0
fedavg-mnist-iid-reference-seed21-20261004,13,1,output,l2,0.0704936905521004,0
fedavg-mnist-iid-reference-seed21-20261004,13,1,output,max_abs,0.015209481120109558,0
fedavg-mnist-iid-reference-seed21-20261004,13,1,output,sparsity,0.12461538461538461,0
fedavg-mnist-iid-reference-seed21-20261004,13,1,output,skewness,1.099894298743714,0
fedavg-mnist-iid-reference-seed21-20261004,13,1,output,kurtosis,5.91777647729471,0
fedavg-mnist-iid-reference-seed21-20261004,13,2,conv1,mean,0.0018015045861830004,0
fedavg-mnist-iid-reference-seed21-20261004,13,2,conv1,std,0.001598962174586116,0
fedavg-mnist-iid-reference-seed21-20261004,13,2,conv1,median,0.001522015780210495,0
fedavg-mnist-iid-reference-seed21-20261004,13,2,conv1,min,-0.000605657696723938,0
fedavg-mnist-iid-reference-seed21-20261004,13,2,conv1,max,0.007248103618621826,0
fedavg-mnist-iid-reference-seed21-20261004,13,2,conv1,l1,0.29602382821030915,0
fedavg-mnist-iid-reference-seed21-20261004,13,2,conv1,l2,0.03046860366947076,0
fedavg-mnist-iid-reference-seed21-20261004,13,2,conv1,max_abs,0.007248103618621826,0
fedavg-mnist-iid-reference-seed21-20261004,13,2,conv1,sparsity,0.0,0
fedavg-mnist-iid-reference-seed21-20261004,13,2,conv1,skewness,0.7968945912449513,0
fedavg-mnist-iid-reference-seed21-20261004,13,2,conv1,kurtosis,0.47714385581619245,0
fedavg-mnist-iid-reference-seed21-20261004,13,2,conv2,mean,0.00024443096847942894,0
fedavg-mnist-iid-reference-seed21-20261004,13,2,conv2,std,0.0005114965833592159,0
fedavg-mnist-iid-reference-seed21-20261004,13,2,conv2,median,7.215514779090881e-05,0
fedavg-mnist-iid-reference-seed21-20261004,13,2,conv2,min,-0.0011781305074691772,0
fedavg-mnist-iid-reference-seed21-20261004,13,2,conv2,max,0.0040196701884269714,0
fedavg-mnist-iid-reference-seed21-20261004,13,2,conv2,l1,1.5705059185156642,0
fedavg-mnist-iid-reference-seed21-20261004,13,2,conv2,l2,0.038615815083581174,0
fedavg-mnist-iid-reference-seed21-20261004,13,2,conv2,max_abs,0.0040196701884269714,0
fedavg-mnist-iid-reference-seed21-20261004,13,2,conv2,sparsity,0.0,0
fedavg-mnist-iid-reference-seed21-20261004,13,2,conv2,skewness,1.9266750310870024,0
fedavg-mnist-iid-reference-seed21-20261004,13,2,conv2,kurtosis,5.241146733605978,0
fedavg-mnist-iid-reference-seed21-20261004,13,2,fc1,mean,1.6698829429836725e-05,0
fedavg-mnist-iid-reference-seed21-20261004,13,2,fc1,std,0.00035028702044672517,0
fedavg-mnist-iid-reference-seed21-20261004,13,2,fc1,median,0.0,0
fedavg-mnist-iid-reference-seed21-20261004,13,2,fc1,min,-0.00576840341091156,0
fedavg-mnist-iid-reference-seed21-20261004,13,2,fc1,max,0.004828767850995064,0
fedavg-mnist-iid-reference-seed21-20261004,13,2,fc1,l1,14.274459020549102,0
fedavg-mnist-iid-reference-seed21-20261004,13,2,fc1,l2,0.11112670415511203,0
fedavg-mnist-iid-reference-seed21-20261004,13,2,fc1,max_abs,0.00576840341091156,0
fedavg-mnist-iid-reference-seed21-20261004,13,2,fc1,sparsity,0.16318116634799235,0
fedavg-mnist-iid-reference-seed21-20261004,13,2,fc1,skewness,0.4212960291777513,0
fedavg-mnist-iid-reference-seed21-20261004,13,2,fc1,kurtosis,27.316482591919417,0
fedavg-mnist-iid-reference-seed21-20261004,13,2,output,mean,1.0981099106944524e-11,0
fedavg-mnist-iid-reference-seed21-20261004,13,2,output,std,0.002605061362035505,0
fedavg-mnist-iid-reference-seed21-20261004,13,2,output,median,0.0,0
fedavg-mnist-iid-reference-seed21-20261004,13,2,output,min,-0.010624861344695091,0
fedavg-mnist-iid-reference-seed21-20261004,13,2,output,max,0.016685381531715393,0
fedavg-mnist-iid-reference-seed21-20261004,13,2,output,l1,0.9503285844621132,0
fedavg-mnist-iid-reference-seed21-20261004,13,2,output,l2,0.06641629359562819,0
fedavg-mnist-iid-reference-seed21-20261004,13,2,output,max_abs,0.016685381531715393,0
fedavg-mnist-iid-reference-seed21-20261004,13,2,output,sparsity,0.13384615384615384,0
fedavg-mnist-iid-reference-seed21-20261004,13,2,output,skewness,0.7348113493913356,0
fedavg-mnist-iid-reference-seed21-20261004,13,2,output,kurtosis,7.2005152852888905,0
fedavg-mnist-iid-reference-seed21-20261004,13,3,conv1,mean,0.0016855559166288002,0
fedavg-mnist-iid-reference-seed21-20261004,13,3,conv1,std,0.0014695417046241793,0
fedavg-mnist-iid-reference-seed21-20261004,13,3,conv1,median,0.0013612806797027588,0
fedavg-mnist-iid-reference-seed21-20261004,13,3,conv1,min,-0.00034546852111816406,0
fedavg-mnist-iid-reference-seed21-20261004,13,3,conv1,max,0.006156712770462036,0
fedavg-mnist-iid-reference-seed21-20261004,13,3,conv1,l1,0.2760825580917299,0
fedavg-mnist-iid-reference-seed21-20261004,13,3,conv1,l2,0.028286114104873705,0
fedavg-mnist-iid-reference-seed21-20261004,13,3,conv1,max_abs,0.006156712770462036,0
fedavg-mnist-iid-reference-seed21-20261004,13,3,conv1,sparsity,0.0,0
fedavg-mnist-iid-reference-seed21-20261004,13,3,conv1,skewness,0.6246675627131952,0
fedavg-mnist-iid-reference-seed21-20261004,13,3,conv1,kurtosis,-0.26193671911197614,0
fedavg-mnist-iid-reference-seed21-20261004,13,3,conv2,mean,0.00023171398459312357,0
fedavg-mnist-iid-reference-seed21-20261004,13,3,conv2,std,0.00046906665420632564,0
fedavg-mnist-iid-reference-seed21-20261004,13,3,conv2,median,7.078982889652252e-05,0
fedavg-mnist-iid-reference-seed21-20261004,13,3,conv2,min,-0.0021097734570503235,0
fedavg-mnist-iid-reference-seed21-20261004,13,3,conv2,max,0.0032535195350646973,0
fedavg-mnist-iid-reference-seed21-20261004,13,3,conv2,l1,1.4945852090713743,0
fedavg-mnist-iid-reference-seed21-20261004,13,3,conv2,l2,0.03563758017730346,0
fedavg-mnist-iid-reference-seed21-20261004,13,3,conv2,max_abs,0.0032535195350646973,0
fedavg-mnist-iid-reference-seed21-20261004,13,3,conv2,sparsity,0.0,0
fedavg-mnist-iid-reference-seed21-20261004,13,3,conv2,skewness,1.3501467705856456,0
fedavg-mnist-iid-reference-seed21-20261004,13,3,conv2,kurtosis,3.466798118898769,0
fedavg-mnist-iid-reference-seed21-20261004,13,3,fc1,mean,1.1360046839895414e-05,0
fedavg-mnist-iid-reference-seed21-20261004,13,3,fc1,std,0.00028060473074215206,0
fedavg-mnist-iid-reference-seed21-20261004,13,3,fc1,median,0.0,0
fedavg-mnist-iid-reference-seed21-20261004,13,3,fc1,min,-0.00371706485748291,0
fedavg-mnist-iid-reference-seed21-20261004,13,3,fc1,max,0.004253380466252565,0
fedavg-mnist-iid-reference-seed21-20261004,13,3,fc1,l1,12.450443424422701,0
fedavg-mnist-iid-reference-seed21-20261004,13,3,fc1,l2,0.08899222254325895,0
fedavg-mnist-iid-reference-seed21-20261004,13,3,fc1,max_abs,0.004253380466252565,0
fedavg-mnist-iid-reference-seed21-20261004,13,3,fc1,sparsity,0.15007568514977693,0
fedavg-mnist-iid-reference-seed21-20261004,13,3,fc1,skewness,0.6204042414118367,0
fedavg-mnist-iid-reference-seed21-20261004,13,3,fc1,kurtosis,20.605778572599235,0
fedavg-mnist-iid-reference-seed21-20261004,13,3,output,mean,6.544388060529644e-10,0
fedavg-mnist-iid-reference-seed21-20261004,13,3,output,std,0.0018519971189376696,0
fedavg-mnist-iid-reference-seed21-20261004,13,3,output,median,-1.6763806343078613e-08,0
fedavg-mnist-iid-reference-seed21-20261004,13,3,output,min,-0.009139448404312134,0
fedavg-mnist-iid-reference-seed21-20261004,13,3,output,max,0.008291692472994328,0
fedavg-mnist-iid-reference-seed21-20261004,13,3,output,l1,0.7423974660814565,0
fedavg-mnist-iid-reference-seed21-20261004,13,3,output,l2,0.04721684724290692,0
fedavg-mnist-iid-reference-seed21-20261004,13,3,output,max_abs,0.009139448404312134,0
fedavg-mnist-iid-reference-seed21-20261004,13,3,output,sparsity,0.1123076923076923,0
fedavg-mnist-iid-reference-seed21-20261004,13,3,output,skewness,0.4672876581046692,0
fedavg-mnist-iid-reference-seed21-20261004,13,3,output,kurtosis,3.8069978657394277,0
fedavg-mnist-iid-reference-seed21-20261004,13,4,conv1,mean,0.001628018832707312,0
fedavg-mnist-iid-reference-seed21-20261004,13,4,conv1,std,0.0014105398336021263,0
fedavg-mnist-iid-reference-seed21-20261004,13,4,conv1,median,0.001341385766863823,0
fedavg-mnist-iid-reference-seed21-20261004,13,4,conv1,min,-0.0006260015070438385,0
fedavg-mnist-iid-reference-seed21-20261004,13,4,conv1,max,0.005937546491622925,0
fedavg-mnist-iid-reference-seed21-20261004,13,4,conv1,l1,0.2690143247600645,0
fedavg-mnist-iid-reference-seed21-20261004,13,4,conv1,l2,0.027247217668827744,0
fedavg-mnist-iid-reference-seed21-20261004,13,4,conv1,max_abs,0.005937546491622925,0
fedavg-mnist-iid-reference-seed21-20261004,13,4,conv1,sparsity,0.0,0
fedavg-mnist-iid-reference-seed21-20261004,13,4,conv1,skewness,0.538025437102622,0
fedavg-mnist-iid-reference-seed21-20261004,13,4,conv1,kurtosis,-0.37788748593551613,0
fedavg-mnist-iid-reference-seed21-20261004,13,4,conv2,mean,0.00020197914875631073,0
fedavg-mnist-iid-reference-seed21-20261004,13,4,conv2,std,0.0004519074687921857,0
fedavg-mnist-iid-reference-seed21-20261004,13,4,conv2,median,5.991198122501373e-05,0
fedavg-mnist-iid-reference-seed21-20261004,13,4,conv2,min,-0.0018165260553359985,0
fedavg-mnist-iid-reference-seed21-20261004,13,4,conv2,max,0.003084026277065277,0
fedavg-mnist-iid-reference-seed21-20261004,13,4,conv2,l1,1.4323914731721743,0
fedavg-mnist-iid-reference-seed21-20261004,13,4,conv2,l2,0.033717561405515774,0
fedavg-mnist-iid-reference-seed21-20261004,13,4,conv2,max_abs,0.003084026277065277,0
fedavg-mnist-iid-reference-seed21-20261004,13,4,conv2,sparsity,0.0,0
fedavg-mnist-iid-reference-seed21-20261004,13,4,conv2,skewness,1.3568614137452917,0
fedavg-mnist-iid-reference-seed21-20261004,13,4,conv2,kurtosis,3.9249200716621377,0
fedavg-mnist-iid-reference-seed21-20261004,13,4,fc1,mean,-7.054554081850474e-06,0
fedavg-mnist-iid-reference-seed21-20261004,13,4,fc1,std,0.00029082945721202366,0
fedavg-mnist-iid-reference-seed21-20261004,13,4,fc1,median,0.0,0
fedavg-mnist-iid-reference-seed21-20261004,13,4,fc1,min,-0.004166072234511375,0
fedavg-mnist-iid-reference-seed21-20261004,13,4,fc1,max,0.004866398870944977,0
fedavg-mnist-iid-reference-seed21-20261004,13,4,fc1,l1,12.174689529643274,0
fedavg-mnist-iid-reference-seed21-20261004,13,4,fc1,l2,0.09218655385769807,0
fedavg-mnist-iid-reference-seed21-20261004,13,4,fc1,max_abs,0.004866398870944977,0
fedavg-mnist-iid-reference-seed21-20261004,13,4,fc1,sparsity,0.17356795729764182,0
fedavg-mnist-iid-reference-seed21-20261004,13,4,fc1,skewness,0.17197635589386195,0
fedavg-mnist-iid-reference-seed21-20261004,13,4,fc1,kurtosis,26.16269276248976,0
fedavg-mnist-iid-reference-seed21-20261004,13,4,output,mean,4.367085728937617e-10,0
fedavg-mnist-iid-reference-seed21-20261004,13,4,output,std,0.0021525374408330193,0
fedavg-mnist-iid-reference-seed21-20261004,13,4,output,median,0.0,0
fedavg-mnist-iid-reference-seed21-20261004,13,4,output,min,-0.00873865932226181,0
fedavg-mnist-iid-reference-seed21-20261004,13,4,output,max,0.007067978382110596,0
fedavg-mnist-iid-reference-seed21-20261004,13,4,output,l1,0.8814665827267163,0
fedavg-mnist-iid-reference-seed21-20261004,13,4,output,l2,0.054879152072734326,0
fedavg-mnist-iid-reference-seed21-20261004,13,4,output,max_abs,0.00873865932226181,0
fedavg-mnist-iid-reference-seed21-20261004,13,4,output,sparsity,0.14923076923076922,0
fedavg-mnist-iid-reference-seed21-20261004,13,4,output,skewness,-0.32021314367663756,0
fedavg-mnist-iid-reference-seed21-20261004,13,4,output,kurtosis,2.12846280571649,0
fedavg-mnist-iid-reference-seed21-20261004,14,0,conv1,mean,0.0010649333271430805,0
fedavg-mnist-iid-reference-seed21-20261004,14,0,conv1,std,0.001054016542564488,0
fedavg-mnist-iid-reference-seed21-20261004,14,0,conv1,median,0.0007959306240081787,0
fedavg-mnist-iid-reference-seed21-20261004,14,0,conv1,min,-0.0009878277778625488,0
fedavg-mnist-iid-reference-seed21-20261004,14,0,conv1,max,0.004582464694976807,0
fedavg-mnist-iid-reference-seed21-20261004,14,0,conv1,l1,0.180142923258245,0
fedavg-mnist-iid-reference-seed21-20261004,14,0,conv1,l2,0.01895271532318102,0
fedavg-mnist-iid-reference-seed21-20261004,14,0,conv1,max_abs,0.004582464694976807,0
fedavg-mnist-iid-reference-seed21-20261004,14,0,conv1,sparsity,0.0,0
fedavg-mnist-iid-reference-seed21-20261004,14,0,conv1,skewness,0.801393986852562,0
fedavg-mnist-iid-reference-seed21-20261004,14,0,conv1,kurtosis,0.42473969267438516,0
fedavg-mnist-iid-reference-seed21-20261004,14,0,conv2,mean,0.00012020405343672133,0
fedavg-mnist-iid-reference-seed21-20261004,14,0,conv2,std,0.0003809357698095682,0
fedavg-mnist-iid-reference-seed21-20261004,14,0,conv2,median,4.494376480579376e-05,0
fedavg-mnist-iid-reference-seed21-20261004,14,0,conv2,min,-0.002698838710784912,0
fedavg-mnist-iid-reference-seed21-20261004,14,0,conv2,max,0.002719469368457794,0
fedavg-mnist-iid-reference-seed21-20261004,14,0,conv2,l1,1.1789982296577364,0
fedavg-mnist-iid-reference-seed21-20261004,14,0,conv2,l2,0.02720961941757442,0
fedavg-mnist-iid-reference-seed21-20261004,14,0,conv2,max_abs,0.002719469368457794,0
fedavg-mnist-iid-reference-seed21-20261004,14,0,conv2,sparsity,0.0,0
fedavg-mnist-iid-reference-seed21-20261004,14,0,conv2,skewness,0.23308571173023107,0
fedavg-mnist-iid-reference-seed21-20261004,14,0,conv2,kurtosis,5.791026453285047,0
fedavg-mnist-iid-reference-seed21-20261004,14,0,fc1,mean,-6.8762529088282944e-06,0
fedavg-mnist-iid-reference-seed21-20261004,14,0,fc1,std,0.0003083629691838751,0
fedavg-mnist-iid-reference-seed21-20261004,14,0,fc1,median,0.0,0
fedavg-mnist-iid-reference-seed21-20261004,14,0,fc1,min,-0.0051720403134822845,0
fedavg-mnist-iid-reference-seed21-20261004,14,0,fc1,max,0.0039854496717453,0
fedavg-mnist-iid-reference-seed21-20261004,14,0,fc1,l1,13.124625706897405,0
fedavg-mnist-iid-reference-seed21-20261004,14,0,fc1,l2,0.09773984102351119,0
fedavg-mnist-iid-reference-seed21-20261004,14,0,fc1,max_abs,0.0051720403134822845,0
fedavg-mnist-iid-reference-seed21-20261004,14,0,fc1,sparsity,0.20092415551306564,0
fedavg-mnist-iid-reference-seed21-20261004,14,0,fc1,skewness,-0.8438707754971396,0
fedavg-mnist-iid-reference-seed21-20261004,14,0,fc1,kurtosis,22.3948074123296,0
fedavg-mnist-iid-reference-seed21-20261004,14,0,output,mean,-5.552115348669199e-11,0
fedavg-mnist-iid-reference-seed21-20261004,14,0,output,std,0.0018849833147062342,0
fedavg-mnist-iid-reference-seed21-20261004,14,0,output,median,0.0,0
fedavg-mnist-iid-reference-seed21-20261004,14,0,output,min,-0.006164461374282837,0
fedavg-mnist-iid-reference-seed21-20261004,14,0,output,max,0.009211890399456024,0
fedavg-mnist-iid-reference-seed21-20261004,14,0,output,l1,0.7480349932448007,0
fedavg-mnist-iid-reference-seed21-20261004,14,0,output,l2,0.04805783352241952,0
fedavg-mnist-iid-reference-seed21-20261004,14,0,output,max_abs,0.009211890399456024,0
fedavg-mnist-iid-reference-seed21-20261004,14,0,output,sparsity,0.17076923076923076,0
fedavg-mnist-iid-reference-seed21-20261004,14,0,output,skewness,0.48253901924741693,0
fedavg-mnist-iid-reference-seed21-20261004,14,0,output,kurtosis,3.6402444882162595,0
fedavg-mnist-iid-reference-seed21-20261004,14,1,conv1,mean,0.001272925699595362,0
fedavg-mnist-iid-reference-seed21-20261004,14,1,conv1,std,0.0011133073761556878,0
fedavg-mnist-iid-reference-seed21-20261004,14,1,conv1,median,0.001098494976758957,0
fedavg-mnist-iid-reference-seed21-20261004,14,1,conv1,min,-0.0004937350749969482,0
fedavg-mnist-iid-reference-seed21-20261004,14,1,conv1,max,0.004705280065536499,0
fedavg-mnist-iid-reference-seed21-20261004,14,1,conv1,l1,0.21227968949824572,0
fedavg-mnist-iid-reference-seed21-20261004,14,1,conv1,l2,0.02139081354411002,0
fedavg-mnist-iid-reference-seed21-20261004,14,1,conv1,max_abs,0.004705280065536499,0
fedavg-mnist-iid-reference-seed21-20261004,14,1,conv1,sparsity,0.0,0
fedavg-mnist-iid-reference-seed21-20261004,14,1,conv1,skewness,0.5820318968708846,0
fedavg-mnist-iid-reference-seed21-20261004,14,1,conv1,kurtosis,-0.17123759198897393,0
fedavg-mnist-iid-reference-seed21-20261004,14,1,conv2,mean,0.00014999937732697836,0
fedavg-mnist-iid-reference-seed21-20261004,14,1,conv2,std,0.00039806017735764706,0
fedavg-mnist-iid-reference-seed21-20261004,14,1,conv2,median,5.512828647624701e-05,0
fedavg-mnist-iid-reference-seed21-20261004,14,1,conv2,min,-0.0023415982723236084,0
fedavg-mnist-iid-reference-seed21-20261004,14,1,conv2,max,0.003090962767601013,0
fedavg-mnist-iid-reference-seed21-20261004,14,1,conv2,l1,1.2653254731012566,0
fedavg-mnist-iid-reference-seed21-20261004,14,1,conv2,l2,0.028976127614014947,0
fedavg-mnist-iid-reference-seed21-20261004,14,1,conv2,max_abs,0.003090962767601013,0
fedavg-mnist-iid-reference-seed21-20261004,14,1,conv2,sparsity,0.0,0
fedavg-mnist-iid-reference-seed21-20261004,14,1,conv2,skewness,1.1870553449540293,0
fedavg-mnist-iid-reference-seed21-20261004,14,1,conv2,kurtosis,4.530983217964804,0
fedavg-mnist-iid-reference-seed21-20261004,14,1,fc1,mean,-1.6408338433885774e-05,0
fedavg-mnist-iid-reference-seed21-20261004,14,1,fc1,std,0.0003822232756998808,0
fedavg-mnist-iid-reference-seed21-20261004,14,1,fc1,median,0.0,0
fedavg-mnist-iid-reference-seed21-20261004,14,1,fc1,min,-0.004432912915945053,0
fedavg-mnist-iid-reference-seed21-20261004,14,1,fc1,max,0.0056452639400959015,0
fedavg-mnist-iid-reference-seed21-20261004,14,1,fc1,l1,16.44599477672523,0
fedavg-mnist-iid-reference-seed21-20261004,14,1,fc1,l2,0.12123231406671438,0
fedavg-mnist-iid-reference-seed21-20261004,14,1,fc1,max_abs,0.0056452639400959015,0
fedavg-mnist-iid-reference-seed21-20261004,14,1,fc1,sparsity,0.162842574888464,0
fedavg-mnist-iid-reference-seed21-20261004,14,1,fc1,skewness,-0.22545918256109154,0
fedavg-mnist-iid-reference-seed21-20261004,14,1,fc1,kurtosis,21.169979135424004,0
fedavg-mnist-iid-reference-seed21-20261004,14,1,output,mean,1.8593709683045745e-10,0
fedavg-mnist-iid-reference-seed21-20261004,14,1,output,std,0.0026547064532320874,0
fedavg-mnist-iid-reference-seed21-20261004,14,1,output,median,-3.3527612686157227e-08,0
fedavg-mnist-iid-reference-seed21-20261004,14,1,output,min,-0.010771423578262329,0
fedavg-mnist-iid-reference-seed21-20261004,14,1,output,max,0.014342576265335083,0
fedavg-mnist-iid-reference-seed21-20261004,14,1,output,l1,0.9798456749213074,0
fedavg-mnist-iid-reference-seed21-20261004,14,1,output,l2,0.0676820000394557,0
fedavg-mnist-iid-reference-seed21-20261004,14,1,output,max_abs,0.014342576265335083,0
fedavg-mnist-iid-reference-seed21-20261004,14,1,output,sparsity,0.13846153846153847,0
fedavg-mnist-iid-reference-seed21-20261004,14,1,output,skewness,1.1137160968042126,0
fedavg-mnist-iid-reference-seed21-20261004,14,1,output,kurtosis,6.226771346664421,0
fedavg-mnist-iid-reference-seed21-20261004,14,2,conv1,mean,0.0015657656360417605,0
fedavg-mnist-iid-reference-seed21-20261004,14,2,conv1,std,0.0014132190053905817,0
fedavg-mnist-iid-reference-seed21-20261004,14,2,conv1,median,0.0013200081884860992,0
fedavg-mnist-iid-reference-seed21-20261004,14,2,conv1,min,-0.0006143487989902496,0
fedavg-mnist-iid-reference-seed21-20261004,14,2,conv1,max,0.006522625684738159,0
fedavg-mnist-iid-reference-seed21-20261004,14,2,conv1,l1,0.2586101870983839,0
fedavg-mnist-iid-reference-seed21-20261004,14,2,conv1,l2,0.0266797600715041,0
fedavg-mnist-iid-reference-seed21-20261004,14,2,conv1,max_abs,0.006522625684738159,0
fedavg-mnist-iid-reference-seed21-20261004,14,2,conv1,sparsity,0.0,0
fedavg-mnist-iid-reference-seed21-20261004,14,2,conv1,skewness,0.8563698562827049,0
fedavg-mnist-iid-reference-seed21-20261004,14,2,conv1,kurtosis,0.7196390692227506,0
fedavg-mnist-iid-reference-seed21-20261004,14,2,conv2,mean,0.0002078733077457306,0
fedavg-mnist-iid-reference-seed21-20261004,14,2,conv2,std,0.00045911819857325127,0
fedavg-mnist-iid-reference-seed21-20261004,14,2,conv2,median,5.980953574180603e-05,0
fedavg-mnist-iid-reference-seed21-20261004,14,2,conv2,min,-0.0011579245328903198,0
fedavg-mnist-iid-reference-seed21-20261004,14,2,conv2,max,0.003552578389644623,0
fedavg-mnist-iid-reference-seed21-20261004,14,2,conv2,l1,1.4064819945997442,0
fedavg-mnist-iid-reference-seed21-20261004,14,2,conv2,l2,0.034330217914122614,0
fedavg-mnist-iid-reference-seed21-20261004,14,2,conv2,max_abs,0.003552578389644623,0
fedavg-mnist-iid-reference-seed21-20261004,14,2,conv2,sparsity,0.0,0
fedavg-mnist-iid-reference-seed21-20261004,14,2,conv2,skewness,1.871160216518009,0
fedavg-mnist-iid-reference-seed21-20261004,14,2,conv2,kurtosis,5.315270287280352,0
fedavg-mnist-iid-reference-seed21-20261004,14,2,fc1,mean,1.9654959207232017e-05,0
fedavg-mnist-iid-reference-seed21-20261004,14,2,fc1,std,0.00034110005153052133,0
fedavg-mnist-iid-reference-seed21-20261004,14,2,fc1,median,0.0,0
fedavg-mnist-iid-reference-seed21-20261004,14,2,fc1,min,-0.00542818009853363,0
fedavg-mnist-iid-reference-seed21-20261004,14,2,fc1,max,0.004823280964046717,0
fedavg-mnist-iid-reference-seed21-20261004,14,2,fc1,l1,13.889729138838675,0
fedavg-mnist-iid-reference-seed21-20261004,14,2,fc1,l2,0.10826873164301715,0
fedavg-mnist-iid-reference-seed21-20261004,14,2,fc1,max_abs,0.00542818009853363,0
fedavg-mnist-iid-reference-seed21-20261004,14,2,fc1,sparsity,0.16275294773741236,0
fedavg-mnist-iid-reference-seed21-20261004,14,2,fc1,skewness,0.5991007503238568,0
fedavg-mnist-iid-reference-seed21-20261004,14,2,fc1,kurtosis,28.014261367627505,0
fedavg-mnist-iid-reference-seed21-20261004,14,2,output,mean,-2.9605311843065114e-10,0
fedavg-mnist-iid-reference-seed21-20261004,14,2,output,std,0.002529270157684428,0
fedavg-mnist-iid-reference-seed21-20261004,14,2,output,median,0.0,0
fedavg-mnist-iid-reference-seed21-20261004,14,2,output,min,-0.010921303182840347,0
fedavg-mnist-iid-reference-seed21-20261004,14,2,output,max,0.016161948442459106,0
fedavg-mnist-iid-reference-seed21-20261004,14,2,output,l1,0.8965026182704605,0
fedavg-mnist-iid-reference-seed21-20261004,14,2,output,l2,0.06448398944590443,0
fedavg-mnist-iid-reference-seed21-20261004,14,2,output,max_abs,0.016161948442459106,0
fedavg-mnist-iid-reference-seed21-20261004,14,2,output,sparsity,0.13538461538461538,0
fedavg-mnist-iid-reference-seed21-20261004,14,2,output,skewness,0.711915307193701,0
fedavg-mnist-iid-reference-seed21-20261004,14,2,output,kurtosis,8.01494893128474,0
fedavg-mnist-iid-reference-seed21-20261004,14,3,conv1,mean,0.001425438567821402,0
fedavg-mnist-iid-reference-seed21-20261004,14,3,conv1,std,0.0012511952116720725,0
fedavg-mnist-iid-reference-seed21-20261004,14,3,conv1,median,0.0012122243642807007,0
fedavg-mnist-iid-reference-seed21-20261004,14,3,conv1,min,-0.00032801181077957153,0
fedavg-mnist-iid-reference-seed21-20261004,14,3,conv1,max,0.005263626575469971,0
fedavg-mnist-iid-reference-seed21-20261004,14,3,conv1,l1,0.23440345306880772,0
fedavg-mnist-iid-reference-seed21-20261004,14,3,conv1,l2,0.02399121361946945,0
fedavg-mnist-iid-reference-seed21-20261004,14,3,conv1,max_abs,0.005263626575469971,0
fedavg-mnist-iid-reference-seed21-20261004,14,3,conv1,sparsity,0.0,0
fedavg-mnist-iid-reference-seed21-20261004,14,3,conv1,skewness,0.6239485779873297,0
fedavg-mnist-iid-reference-seed21-20261004,14,3,conv1,kurtosis,-0.23048116596104684,0
fedavg-mnist-iid-reference-seed21-20261004,14,3,conv2,mean,0.00018900757287030565,0
fedavg-mnist-iid-reference-seed21-20261004,14,3,conv2,std,0.00040800663236995386,0
fedavg-mnist-iid-reference-seed21-20261004,14,3,conv2,median,5.820067599415779e-05,0
fedavg-mnist-iid-reference-seed21-20261004,14,3,conv2,min,-0.0021218284964561462,0
fedavg-mnist-iid-reference-seed21-20261004,14,3,conv2,max,0.0027262642979621887,0
fedavg-mnist-iid-reference-seed21-20261004,14,3,conv2,l1,1.3009400529626873,0
fedavg-mnist-iid-reference-seed21-20261004,14,3,conv2,l2,0.030629671797512015,0
fedavg-mnist-iid-reference-seed21-20261004,14,3,conv2,max_abs,0.0027262642979621887,0
fedavg-mnist-iid-reference-seed21-20261004,14,3,conv2,sparsity,0.0,0
fedavg-mnist-iid-reference-seed21-20261004,14,3,conv2,skewness,1.1434532392421912,0
fedavg-mnist-iid-reference-seed21-20261004,14,3,conv2,kurtosis,3.4619792277526873,0
fedavg-mnist-iid-reference-seed21-20261004,14,3,fc1,mean,8.641687001298117e-06,0
fedavg-mnist-iid-reference-seed21-20261004,14,3,fc1,std,0.0002658917247422845,0
fedavg-mnist-iid-reference-seed21-20261004,14,3,fc1,median,0.0,0
fedavg-mnist-iid-reference-seed21-20261004,14,3,fc1,min,-0.003452099859714508,0
fedavg-mnist-iid-reference-seed21-20261004,14,3,fc1,max,0.00400822889059782,0
fedavg-mnist-iid-reference-seed21-20261004,14,3,fc1,l1,11.820716526512228,0
fedavg-mnist-iid-reference-seed21-20261004,14,3,fc1,l2,0.08430154452138128,0
fedavg-mnist-iid-reference-seed21-20261004,14,3,fc1,max_abs,0.00400822889059782,0
fedavg-mnist-iid-reference-seed21-20261004,14,3,fc1,sparsity,0.14850223072020396,0
fedavg-mnist-iid-reference-seed21-20261004,14,3,fc1,skewness,0.5242587039550471,0
fedavg-mnist-iid-reference-seed21-20261004,14,3,fc1,kurtosis,20.536919458354884,0
fedavg-mnist-iid-reference-seed21-20261004,14,3,output,mean,-3.0173396226018666e-10,0
fedavg-mnist-iid-reference-seed21-20261004,14,3,output,std,0.0016853291998478628,0
fedavg-mnist-iid-reference-seed21-20261004,14,3,output,median,-7.450580596923828e-09,0
fedavg-mnist-iid-reference-seed21-20261004,14,3,output,min,-0.00820179283618927,0
fedavg-mnist-iid-reference-seed21-20261004,14,3,output,max,0.008025750517845154,0
fedavg-mnist-iid-reference-seed21-20261004,14,3,output,l1,0.6792117699842493,0
fedavg-mnist-iid-reference-seed21-20261004,14,3,output,l2,0.042967632384260525,0
fedavg-mnist-iid-reference-seed21-20261004,14,3,output,max_abs,0.00820179283618927,0
fedavg-mnist-iid-reference-seed21-20261004,14,3,output,sparsity,0.11384615384615385,0
fedavg-mnist-iid-reference-seed21-20261004,14,3,output,skewness,0.4356475633534004,0
fedavg-mnist-iid-reference-seed21-20261004,14,3,output,kurtosis,3.9047255647392864,0
fedavg-mnist-iid-reference-seed21-20261004,14,4,conv1,mean,0.0014006941812112928,0
fedavg-mnist-iid-reference-seed21-20261004,14,4,conv1,std,0.0012186362912253534,0
fedavg-mnist-iid-reference-seed21-20261004,14,4,conv1,median,0.0011457987129688263,0
fedavg-mnist-iid-reference-seed21-20261004,14,4,conv1,min,-0.0005990192294120789,0
fedavg-mnist-iid-reference-seed21-20261004,14,4,conv1,max,0.005179226398468018,0
fedavg-mnist-iid-reference-seed21-20261004,14,4,conv1,l1,0.2319606952369213,0
fedavg-mnist-iid-reference-seed21-20261004,14,4,conv1,l2,0.023484526308429246,0
fedavg-mnist-iid-reference-seed21-20261004,14,4,conv1,max_abs,0.005179226398468018,0
fedavg-mnist-iid-reference-seed21-20261004,14,4,conv1,sparsity,0.0,0
fedavg-mnist-iid-reference-seed21-20261004,14,4,conv1,skewness,0.551282457178387,0
fedavg-mnist-iid-reference-seed21-20261004,14,4,conv1,kurtosis,-0.3214151355457293,0
fedavg-mnist-iid-reference-seed21-20261004,14,4,conv2,mean,0.00016677502298832758,0
fedavg-mnist-iid-reference-seed21-20261004,14,4,conv2,std,0.00039909772173408537,0
fedavg-mnist-iid-reference-seed21-20261004,14,4,conv2,median,5.2634626626968384e-05,0
fedavg-mnist-iid-reference-seed21-20261004,14,4,conv2,min,-0.001754477620124817,0
fedavg-mnist-iid-reference-seed21-20261004,14,4,conv2,max,0.002620793879032135,0
fedavg-mnist-iid-reference-seed21-20261004,14,4,conv2,l1,1.2646870081007364,0
fedavg-mnist-iid-reference-seed21-20261004,14,4,conv2,l2,0.02946372439131684,0
fedavg-mnist-iid-reference-seed21-20261004,14,4,conv2,max_abs,0.002620793879032135,0
fedavg-mnist-iid-reference-seed21-20261004,14,4,conv2,sparsity,0.0,0
fedavg-mnist-iid-reference-seed21-20261004,14,4,conv2,skewness,1.186737457289982,0
fedavg-mnist-iid-reference-seed21-20261004,14,4,conv2,kurtosis,3.849912732435561,0
fedavg-mnist-iid-reference-seed21-20261004,14,4,fc1,mean,-6.849033871477514e-06,0
fedavg-mnist-iid-reference-seed21-20261004,14,4,fc1,std,0.0002820761964465892,0
fedavg-mnist-iid-reference-seed21-20261004,14,4,fc1,median,0.0,0
fedavg-mnist-iid-reference-seed21-20261004,14,4,fc1,min,-0.003719823434948921,0
fedavg-mnist-iid-reference-seed21-20261004,14,4,fc1,max,0.004807714372873306,0
fedavg-mnist-iid-reference-seed21-20261004,14,4,fc1,l1,11.881173459910315,0
fedavg-mnist-iid-reference-seed21-20261004,14,4,fc1,l2,0.08941201465608138,0
fedavg-mnist-iid-reference-seed21-20261004,14,4,fc1,max_abs,0.004807714372873306,0
fedavg-mnist-iid-reference-seed21-20261004,14,4,fc1,sparsity,0.17215384002549394,0
fedavg-mnist-iid-reference-seed21-20261004,14,4,fc1,skewness,0.2036936110278095,0
fedavg-mnist-iid-reference-seed21-20261004,14,4,fc1,kurtosis,25.71082120657412,0
fedavg-mnist-iid-reference-seed21-20261004,14,4,output,mean,6.464408495678352e-11,0
fedavg-mnist-iid-reference-seed21-20261004,14,4,output,std,0.0020653897043430595,0
fedavg-mnist-iid-reference-seed21-20261004,14,4,output,median,0.0,0
fedavg-mnist-iid-reference-seed21-20261004,14,4,output,min,-0.008503876626491547,0
fedavg-mnist-iid-reference-seed21-20261004,14,4,output,max,0.006176978349685669,0
fedavg-mnist-iid-reference-seed21-20261004,14,4,output,l1,0.8430786874159821,0
fedavg-mnist-iid-reference-seed21-20261004,14,4,output,l2,0.0526573120280945,0
fedavg-mnist-iid-reference-seed21-20261004,14,4,output,max_abs,0.008503876626491547,0
fedavg-mnist-iid-reference-seed21-20261004,14,4,output,sparsity,0.15076923076923077,0
fedavg-mnist-iid-reference-seed21-20261004,14,4,output,skewness,-0.45923539584982753,0
fedavg-mnist-iid-reference-seed21-20261004,14,4,output,kurtosis,2.2655770706205782,0
fedavg-mnist-iid-reference-seed21-20261004,15,0,conv1,mean,0.0008931676085921936,0
fedavg-mnist-iid-reference-seed21-20261004,15,0,conv1,std,0.0009408214296656694,0
fedavg-mnist-iid-reference-seed21-20261004,15,0,conv1,median,0.000723622739315033,0
fedavg-mnist-iid-reference-seed21-20261004,15,0,conv1,min,-0.0011387765407562256,0
fedavg-mnist-iid-reference-seed21-20261004,15,0,conv1,max,0.00406336784362793,0
fedavg-mnist-iid-reference-seed21-20261004,15,0,conv1,l1,0.15499950223602355,0
fedavg-mnist-iid-reference-seed21-20261004,15,0,conv1,l2,0.016409233203566593,0
fedavg-mnist-iid-reference-seed21-20261004,15,0,conv1,max_abs,0.00406336784362793,0
fedavg-mnist-iid-reference-seed21-20261004,15,0,conv1,sparsity,0.0,0
fedavg-mnist-iid-reference-seed21-20261004,15,0,conv1,skewness,0.786929107215436,0
fedavg-mnist-iid-reference-seed21-20261004,15,0,conv1,kurtosis,0.563640592968019,0
fedavg-mnist-iid-reference-seed21-20261004,15,0,conv2,mean,9.484373667874024e-05,0
fedavg-mnist-iid-reference-seed21-20261004,15,0,conv2,std,0.00035376768799628885,0
fedavg-mnist-iid-reference-seed21-20261004,15,0,conv2,median,3.607757389545441e-05,0
fedavg-mnist-iid-reference-seed21-20261004,15,0,conv2,min,-0.002767398953437805,0
fedavg-mnist-iid-reference-seed21-20261004,15,0,conv2,max,0.002577640116214752,0
fedavg-mnist-iid-reference-seed21-20261004,15,0,conv2,l1,1.083187515163445,0
fedavg-mnist-iid-reference-seed21-20261004,15,0,conv2,l2,0.02494878091535648,0
fedavg-mnist-iid-reference-seed21-20261004,15,0,conv2,max_abs,0.002767398953437805,0
fedavg-mnist-iid-reference-seed21-20261004,15,0,conv2,sparsity,0.0,0
fedavg-mnist-iid-reference-seed21-20261004,15,0,conv2,skewness,-0.11838043692991845,0
fedavg-mnist-iid-reference-seed21-20261004,15,0,conv2,kurtosis,6.677659291152207,0
fedavg-mnist-iid-reference-seed21-20261004,15,0,fc1,mean,-9.807825868301495e-06,0
fedavg-mnist-iid-reference-seed21-20261004,15,0,fc1,std,0.0002995846675238608,0
fedavg-mnist-iid-reference-seed21-20261004,15,0,fc1,median,0.0,0
fedavg-mnist-iid-reference-seed21-20261004,15,0,fc1,min,-0.005101505666971207,0
fedavg-mnist-iid-reference-seed21-20261004,15,0,fc1,max,0.003773372620344162,0
fedavg-mnist-iid-reference-seed21-20261004,15,0,fc1,l1,12.785389610683978,0
fedavg-mnist-iid-reference-seed21-20261004,15,0,fc1,l2,0.0949846991236662,0
fedavg-mnist-iid-reference-seed21-20261004,15,0,fc1,max_abs,0.005101505666971207,0
fedavg-mnist-iid-reference-seed21-20261004,15,0,fc1,sparsity,0.1999282982791587,0
fedavg-mnist-iid-reference-seed21-20261004,15,0,fc1,skewness,-1.0718569636412325,0
fedavg-mnist-iid-reference-seed21-20261004,15,0,fc1,kurtosis,23.015662659647717,0
fedavg-mnist-iid-reference-seed21-20261004,15,0,output,mean,-8.99140454398898e-11,0
fedavg-mnist-iid-reference-seed21-20261004,15,0,output,std,0.0018214554945929094,0
fedavg-mnist-iid-reference-seed21-20261004,15,0,output,median,0.0,0
fedavg-mnist-iid-reference-seed21-20261004,15,0,output,min,-0.005993977189064026,0
fedavg-mnist-iid-reference-seed21-20261004,15,0,output,max,0.008875861763954163,0
fedavg-mnist-iid-reference-seed21-20261004,15,0,output,l1,0.7188586177107936,0
fedavg-mnist-iid-reference-seed21-20261004,15,0,output,l2,0.04643818555035026,0
fedavg-mnist-iid-reference-seed21-20261004,15,0,output,max_abs,0.008875861763954163,0
fedavg-mnist-iid-reference-seed21-20261004,15,0,output,sparsity,0.17076923076923076,0
fedavg-mnist-iid-reference-seed21-20261004,15,0,output,skewness,0.47096977475144663,0
fedavg-mnist-iid-reference-seed21-20261004,15,0,output,kurtosis,3.698304939478783,0
fedavg-mnist-iid-reference-seed21-20261004,15,1,conv1,mean,0.0011187080111994875,0
fedavg-mnist-iid-reference-seed21-20261004,15,1,conv1,std,0.0009859688748340041,0
fedavg-mnist-iid-reference-seed21-20261004,15,1,conv1,median,0.0009050443768501282,0
fedavg-mnist-iid-reference-seed21-20261004,15,1,conv1,min,-0.00046712160110473633,0
fedavg-mnist-iid-reference-seed21-20261004,15,1,conv1,max,0.0041647255420684814,0
fedavg-mnist-iid-reference-seed21-20261004,15,1,conv1,l1,0.1874280486954376,0
fedavg-mnist-iid-reference-seed21-20261004,15,1,conv1,l2,0.01886220447970319,0
fedavg-mnist-iid-reference-seed21-20261004,15,1,conv1,max_abs,0.0041647255420684814,0
fedavg-mnist-iid-reference-seed21-20261004,15,1,conv1,sparsity,0.0,0
fedavg-mnist-iid-reference-seed21-20261004,15,1,conv1,skewness,0.5869604853930587,0
fedavg-mnist-iid-reference-seed21-20261004,15,1,conv1,kurtosis,-0.10658857972275859,0
fedavg-mnist-iid-reference-seed21-20261004,15,1,conv2,mean,0.00012351149210754273,0
fedavg-mnist-iid-reference-seed21-20261004,15,1,conv2,std,0.0003667137741980834,0
fedavg-mnist-iid-reference-seed21-20261004,15,1,conv2,median,4.4716522097587585e-05,0
fedavg-mnist-iid-reference-seed21-20261004,15,1,conv2,min,-0.002388797700405121,0
fedavg-mnist-iid-reference-seed21-20261004,15,1,conv2,max,0.0027157962322235107,0
fedavg-mnist-iid-reference-seed21-20261004,15,1,conv2,l1,1.1587145176672493,0
fedavg-mnist-iid-reference-seed21-20261004,15,1,conv2,l2,0.026358416781613575,0
fedavg-mnist-iid-reference-seed21-20261004,15,1,conv2,max_abs,0.0027157962322235107,0
fedavg-mnist-iid-reference-seed21-20261004,15,1,conv2,sparsity,0.0004310344827586207,0
fedavg-mnist-iid-reference-seed21-20261004,15,1,conv2,skewness,0.9994080609779986,0
fedavg-mnist-iid-reference-seed21-20261004,15,1,conv2,kurtosis,4.5296709758303635,0
fedavg-mnist-iid-reference-seed21-20261004,15,1,fc1,mean,-2.0073472833394518e-05,0
fedavg-mnist-iid-reference-seed21-20261004,15,1,fc1,std,0.0003733083518109402,0
fedavg-mnist-iid-reference-seed21-20261004,15,1,fc1,median,0.0,0
fedavg-mnist-iid-reference-seed21-20261004,15,1,fc1,min,-0.004433861002326012,0
fedavg-mnist-iid-reference-seed21-20261004,15,1,fc1,max,0.0053508952260017395,0
fedavg-mnist-iid-reference-seed21-20261004,15,1,fc1,l1,16.203915026282175,0
fedavg-mnist-iid-reference-seed21-20261004,15,1,fc1,l2,0.11846665355868807,0
fedavg-mnist-iid-reference-seed21-20261004,15,1,fc1,max_abs,0.0053508952260017395,0
fedavg-mnist-iid-reference-seed21-20261004,15,1,fc1,sparsity,0.17240280433397068,0
fedavg-mnist-iid-reference-seed21-20261004,15,1,fc1,skewness,-0.2995986678472987,0
fedavg-mnist-iid-reference-seed21-20261004,15,1,fc1,kurtosis,20.39749245149072,0
fedavg-mnist-iid-reference-seed21-20261004,15,1,output,mean,-5.050144234421448e-10,0
fedavg-mnist-iid-reference-seed21-20261004,15,1,output,std,0.0025552056737245072,0
fedavg-mnist-iid-reference-seed21-20261004,15,1,output,median,-1.30385160446167e-08,0
fedavg-mnist-iid-reference-seed21-20261004,15,1,output,min,-0.01065901666879654,0
fedavg-mnist-iid-reference-seed21-20261004,15,1,output,max,0.013927772641181946,0
fedavg-mnist-iid-reference-seed21-20261004,15,1,output,l1,0.9275329515485282,0
fedavg-mnist-iid-reference-seed21-20261004,15,1,output,l2,0.06514521795782258,0
fedavg-mnist-iid-reference-seed21-20261004,15,1,output,max_abs,0.013927772641181946,0
fedavg-mnist-iid-reference-seed21-20261004,15,1,output,sparsity,0.1476923076923077,0
fedavg-mnist-iid-reference-seed21-20261004,15,1,output,skewness,1.1911525757677188,0
fedavg-mnist-iid-reference-seed21-20261004,15,1,output,kurtosis,6.528855139712634,0
fedavg-mnist-iid-reference-seed21-20261004,15,2,conv1,mean,0.00138565411689342,0
fedavg-mnist-iid-reference-seed21-20261004,15,2,conv1,std,0.0012760492637459305,0
fedavg-mnist-iid-reference-seed21-20261004,15,2,conv1,median,0.0011587440967559814,0
fedavg-mnist-iid-reference-seed21-20261004,15,2,conv1,min,-0.0005833283066749573,0
fedavg-mnist-iid-reference-seed21-20261004,15,2,conv1,max,0.005953043699264526,0
fedavg-mnist-iid-reference-seed21-20261004,15,2,conv1,l1,0.22954069974366575,0
fedavg-mnist-iid-reference-seed21-20261004,15,2,conv1,l2,0.023827174587584536,0
fedavg-mnist-iid-reference-seed21-20261004,15,2,conv1,max_abs,0.005953043699264526,0
fedavg-mnist-iid-reference-seed21-20261004,15,2,conv1,sparsity,0.0,0
fedavg-mnist-iid-reference-seed21-20261004,15,2,conv1,skewness,0.9194688132121639,0
fedavg-mnist-iid-reference-seed21-20261004,15,2,conv1,kurtosis,0.9202925649356022,0
fedavg-mnist-iid-reference-seed21-20261004,15,2,conv2,mean,0.00017997856936572448,0
fedavg-mnist-iid-reference-seed21-20261004,15,2,conv2,std,0.0004220926856739821,0
fedavg-mnist-iid-reference-seed21-20261004,15,2,conv2,median,5.20879402756691e-05,0
fedavg-mnist-iid-reference-seed21-20261004,15,2,conv2,min,-0.0011347495019435883,0
fedavg-mnist-iid-reference-seed21-20261004,15,2,conv2,max,0.0030934661626815796,0
fedavg-mnist-iid-reference-seed21-20261004,15,2,conv2,l1,1.2898397276221658,0
fedavg-mnist-iid-reference-seed21-20261004,15,2,conv2,l2,0.03125656692903257,0
fedavg-mnist-iid-reference-seed21-20261004,15,2,conv2,max_abs,0.0030934661626815796,0
fedavg-mnist-iid-reference-seed21-20261004,15,2,conv2,sparsity,0.0,0
fedavg-mnist-iid-reference-seed21-20261004,15,2,conv2,skewness,1.826723711344948,0
fedavg-mnist-iid-reference-seed21-20261004,15,2,conv2,kurtosis,5.258408695355893,0
fedavg-mnist-iid-reference-seed21-20261004,15,2,fc1,mean,2.0990879987428152e-05,0
fedavg-mnist-iid-reference-seed21-20261004,15,2,fc1,std,0.00033831108576770207,0
fedavg-mnist-iid-reference-seed21-20261004,15,2,fc1,median,0.0,0
fedavg-mnist-iid-reference-seed21-20261004,15,2,fc1,min,-0.005079440772533417,0
fedavg-mnist-iid-reference-seed21-20261004,15,2,fc1,max,0.004721689969301224,0
fedavg-mnist-iid-reference-seed21-20261004,15,2,fc1,l1,13.81505914615002,0
fedavg-mnist-iid-reference-seed21-20261004,15,2,fc1,l2,0.1074118108163154,0
fedavg-mnist-iid-reference-seed21-20261004,15,2,fc1,max_abs,0.005079440772533417,0
fedavg-mnist-iid-reference-seed21-20261004,15,2,fc1,sparsity,0.16219526768642448,0
fedavg-mnist-iid-reference-seed21-20261004,15,2,fc1,skewness,0.6772074820458861,0
fedavg-mnist-iid-reference-seed21-20261004,15,2,fc1,kurtosis,27.654992536643988,0
fedavg-mnist-iid-reference-seed21-20261004,15,2,output,mean,2.038037704411321e-10,0
fedavg-mnist-iid-reference-seed21-20261004,15,2,output,std,0.002492161769196076,0
fedavg-mnist-iid-reference-seed21-20261004,15,2,output,median,0.0,0
fedavg-mnist-iid-reference-seed21-20261004,15,2,output,min,-0.010986275970935822,0
fedavg-mnist-iid-reference-seed21-20261004,15,2,output,max,0.01595987379550934,0
fedavg-mnist-iid-reference-seed21-20261004,15,2,output,l1,0.8648049752309817,0
fedavg-mnist-iid-reference-seed21-20261004,15,2,output,l2,0.06353790746080375,0
fedavg-mnist-iid-reference-seed21-20261004,15,2,output,max_abs,0.01595987379550934,0
fedavg-mnist-iid-reference-seed21-20261004,15,2,output,sparsity,0.13692307692307693,0
fedavg-mnist-iid-reference-seed21-20261004,15,2,output,skewness,0.8436089792623606,0
fedavg-mnist-iid-reference-seed21-20261004,15,2,output,kurtosis,8.835542114991656,0
fedavg-mnist-iid-reference-seed21-20261004,15,3,conv1,mean,0.001215770155977225,0
fedavg-mnist-iid-reference-seed21-20261004,15,3,conv1,std,0.0010751581819397145,0
fedavg-mnist-iid-reference-seed21-20261004,15,3,conv1,median,0.0010524392127990723,0
fedavg-mnist-iid-reference-seed21-20261004,15,3,conv1,min,-0.00033517181873321533,0
fedavg-mnist-iid-reference-seed21-20261004,15,3,conv1,max,0.004498600959777832,0
fedavg-mnist-iid-reference-seed21-20261004,15,3,conv1,l1,0.20143127476330847,0
fedavg-mnist-iid-reference-seed21-20261004,15,3,conv1,l2,0.020529246214537146,0
fedavg-mnist-iid-reference-seed21-20261004,15,3,conv1,max_abs,0.004498600959777832,0
fedavg-mnist-iid-reference-seed21-20261004,15,3,conv1,sparsity,0.0,0
fedavg-mnist-iid-reference-seed21-20261004,15,3,conv1,skewness,0.603162263552303,0
fedavg-mnist-iid-reference-seed21-20261004,15,3,conv1,kurtosis,-0.2183810334666929,0
fedavg-mnist-iid-reference-seed21-20261004,15,3,conv2,mean,0.00015470056367607396,0
fedavg-mnist-iid-reference-seed21-20261004,15,3,conv2,std,0.0003618087005034258,0
fedavg-mnist-iid-reference-seed21-20261004,15,3,conv2,median,4.729628562927246e-05,0
fedavg-mnist-iid-reference-seed21-20261004,15,3,conv2,min,-0.0020636320114135742,0
fedavg-mnist-iid-reference-seed21-20261004,15,3,conv2,max,0.0022904574871063232,0
fedavg-mnist-iid-reference-seed21-20261004,15,3,conv2,l1,1.156662020159274,0
fedavg-mnist-iid-reference-seed21-20261004,15,3,conv2,l2,0.02680386898845316,0
fedavg-mnist-iid-reference-seed21-20261004,15,3,conv2,max_abs,0.0022904574871063232,0
fedavg-mnist-iid-reference-seed21-20261004,15,3,conv2,sparsity,0.0,0
fedavg-mnist-iid-reference-seed21-20261004,15,3,conv2,skewness,0.9187659965329701,0
fedavg-mnist-iid-reference-seed21-20261004,15,3,conv2,kurtosis,3.4057265260231695,0
fedavg-mnist-iid-reference-seed21-20261004,15,3,fc1,mean,4.631733558316068e-06,0
fedavg-mnist-iid-reference-seed21-20261004,15,3,fc1,std,0.00025565154894465896,0
fedavg-mnist-iid-reference-seed21-20261004,15,3,fc1,median,0.0,0
fedavg-mnist-iid-reference-seed21-20261004,15,3,fc1,min,-0.003144245594739914,0
fedavg-mnist-iid-reference-seed21-20261004,15,3,fc1,max,0.0038680164143443108,0
fedavg-mnist-iid-reference-seed21-20261004,15,3,fc1,l1,11.434692760528378,0
fedavg-mnist-iid-reference-seed21-20261004,15,3,fc1,l2,0.08102539402562767,0
fedavg-mnist-iid-reference-seed21-20261004,15,3,fc1,max_abs,0.0038680164143443108,0
fedavg-mnist-iid-reference-seed21-20261004,15,3,fc1,sparsity,0.1474067877629063,0
fedavg-mnist-iid-reference-seed21-20261004,15,3,fc1,skewness,0.4242751000611463,0
fedavg-mnist-iid-reference-seed21-20261004,15,3,fc1,kurtosis,20.104683661448444,0
fedavg-mnist-iid-reference-seed21-20261004,15,3,output,mean,-1.2132659321650863e-10,0
fedavg-mnist-iid-reference-seed21-20261004,15,3,output,std,0.0015792749057460462,0
fedavg-mnist-iid-reference-seed21-20261004,15,3,output,median,-1.862645149230957e-09,0
fedavg-mnist-iid-reference-seed21-20261004,15,3,output,min,-0.0075569599866867065,0
fedavg-mnist-iid-reference-seed21-20261004,15,3,output,max,0.007760586217045784,0
fedavg-mnist-iid-reference-seed21-20261004,15,3,output,l1,0.633496796430336,0
fedavg-mnist-iid-reference-seed21-20261004,15,3,output,l2,0.0402637678086326,0
fedavg-mnist-iid-reference-seed21-20261004,15,3,output,max_abs,0.007760586217045784,0
fedavg-mnist-iid-reference-seed21-20261004,15,3,output,sparsity,0.11846153846153847,0
fedavg-mnist-iid-reference-seed21-20261004,15,3,output,skewness,0.45915076054222526,0
fedavg-mnist-iid-reference-seed21-20261004,15,3,output,kurtosis,4.105775697527024,0
fedavg-mnist-iid-reference-seed21-20261004,15,4,conv1,mean,0.001220755554822972,0
fedavg-mnist-iid-reference-seed21-20261004,15,4,conv1,std,0.0010694645890207742,0
fedavg-mnist-iid-reference-seed21-20261004,15,4,conv1,median,0.0010087378323078156,0
fedavg-mnist-iid-reference-seed21-20261004,15,4,conv1,min,-0.0005990006029605865,0
fedavg-mnist-iid-reference-seed21-20261004,15,4,conv1,max,0.004547864198684692,0
fedavg-mnist-iid-reference-seed21-20261004,15,4,conv1,l1,0.20307292544748634,0
fedavg-mnist-iid-reference-seed21-20261004,15,4,conv1,l2,0.020528998540797903,0
fedavg-mnist-iid-reference-seed21-20261004,15,4,conv1,max_abs,0.004547864198684692,0
fedavg-mnist-iid-reference-seed21-20261004,15,4,conv1,sparsity,0.0,0
fedavg-mnist-iid-reference-seed21-20261004,15,4,conv1,skewness,0.5396718122183451,0
fedavg-mnist-iid-reference-seed21-20261004,15,4,conv1,kurtosis,-0.32423311720883063,0
fedavg-mnist-iid-reference-seed21-20261004,15,4,conv2,mean,0.00013763686441773738,0
fedavg-mnist-iid-reference-seed21-20261004,15,4,conv2,std,0.0003604574521130131,0
fedavg-mnist-iid-reference-seed21-20261004,15,4,conv2,median,4.241243004798889e-05,0
fedavg-mnist-iid-reference-seed21-20261004,15,4,conv2,min,-0.0017319545149803162,0
fedavg-mnist-iid-reference-seed21-20261004,15,4,conv2,max,0.0022080913186073303,0
fedavg-mnist-iid-reference-seed21-20261004,15,4,conv2,l1,1.1378757053171284,0
fedavg-mnist-iid-reference-seed21-20261004,15,4,conv2,l2,0.02628255986219303,0
fedavg-mnist-iid-reference-seed21-20261004,15,4,conv2,max_abs,0.0022080913186073303,0
fedavg-mnist-iid-reference-seed21-20261004,15,4,conv2,sparsity,0.0,0
fedavg-mnist-iid-reference-seed21-20261004,15,4,conv2,skewness,0.9957360719990767,0
fedavg-mnist-iid-reference-seed21-20261004,15,4,conv2,kurtosis,3.7335025854132624,0
fedavg-mnist-iid-reference-seed21-20261004,15,4,fc1,mean,-1.1523659414966868e-05,0
fedavg-mnist-iid-reference-seed21-20261004,15,4,fc1,std,0.00027212468932804115,0
fedavg-mnist-iid-reference-seed21-20261004,15,4,fc1,median,0.0,0
fedavg-mnist-iid-reference-seed21-20261004,15,4,fc1,min,-0.0033802762627601624,0
fedavg-mnist-iid-reference-seed21-20261004,15,4,fc1,max,0.004686005413532257,0
fedavg-mnist-iid-reference-seed21-20261004,15,4,fc1,l1,11.500146592311012,0
fedavg-mnist-iid-reference-seed21-20261004,15,4,fc1,l2,0.08630947188800935,0
fedavg-mnist-iid-reference-seed21-20261004,15,4,fc1,max_abs,0.004686005413532257,0
fedavg-mnist-iid-reference-seed21-20261004,15,4,fc1,sparsity,0.1717455385595921,0
fedavg-mnist-iid-reference-seed21-20261004,15,4,fc1,skewness,0.19482039966757195,0
fedavg-mnist-iid-reference-seed21-20261004,15,4,fc1,kurtosis,25.95528399014382,0
fedavg-mnist-iid-reference-seed21-20261004,15,4,output,mean,4.1618477553129194e-11,0
fedavg-mnist-iid-reference-seed21-20261004,15,4,output,std,0.0019761809547148013,0
fedavg-mnist-iid-reference-seed21-20261004,15,4,output,median,0.0,0
fedavg-mnist-iid-reference-seed21-20261004,15,4,output,min,-0.008175253868103027,0
fedavg-mnist-iid-reference-seed21-20261004,15,4,output,max,0.005575016140937805,0
fedavg-mnist-iid-reference-seed21-20261004,15,4,output,l1,0.806374582243734,0
fedavg-mnist-iid-reference-seed21-20261004,15,4,output,l2,0.05038292625240597,0
fedavg-mnist-iid-reference-seed21-20261004,15,4,output,max_abs,0.008175253868103027,0
fedavg-mnist-iid-reference-seed21-20261004,15,4,output,sparsity,0.16,0
fedavg-mnist-iid-reference-seed21-20261004,15,4,output,skewness,-0.5074023395074778,0
fedavg-mnist-iid-reference-seed21-20261004,15,4,output,kurtosis,2.320443223847314,0
fedavg-mnist-iid-reference-seed21-20261004,16,0,conv1,mean,0.0007627734521520324,0
fedavg-mnist-iid-reference-seed21-20261004,16,0,conv1,std,0.0008489641321977579,0
fedavg-mnist-iid-reference-seed21-20261004,16,0,conv1,median,0.0006685927510261536,0
fedavg-mnist-iid-reference-seed21-20261004,16,0,conv1,min,-0.0012199431657791138,0
fedavg-mnist-iid-reference-seed21-20261004,16,0,conv1,max,0.0036042332649230957,0
fedavg-mnist-iid-reference-seed21-20261004,16,0,conv1,l1,0.13684331090189517,0
fedavg-mnist-iid-reference-seed21-20261004,16,0,conv1,l2,0.014436417489481086,0
fedavg-mnist-iid-reference-seed21-20261004,16,0,conv1,max_abs,0.0036042332649230957,0
fedavg-mnist-iid-reference-seed21-20261004,16,0,conv1,sparsity,0.0,0
fedavg-mnist-iid-reference-seed21-20261004,16,0,conv1,skewness,0.738855105186186,0
fedavg-mnist-iid-reference-seed21-20261004,16,0,conv1,kurtosis,0.6012878467530527,0
fedavg-mnist-iid-reference-seed21-20261004,16,0,conv2,mean,7.556459703201998e-05,0
fedavg-mnist-iid-reference-seed21-20261004,16,0,conv2,std,0.0003334757750345347,0
fedavg-mnist-iid-reference-seed21-20261004,16,0,conv2,median,2.9477756470441818e-05,0
fedavg-mnist-iid-reference-seed21-20261004,16,0,conv2,min,-0.0027689486742019653,0
fedavg-mnist-iid-reference-seed21-20261004,16,0,conv2,max,0.002518288791179657,0
fedavg-mnist-iid-reference-seed21-20261004,16,0,conv2,l1,1.0114720465262508,0
fedavg-mnist-iid-reference-seed21-20261004,16,0,conv2,l2,0.023291429925791536,0
fedavg-mnist-iid-reference-seed21-20261004,16,0,conv2,max_abs,0.0027689486742019653,0
fedavg-mnist-iid-reference-seed21-20261004,16,0,conv2,sparsity,0.0,0
fedavg-mnist-iid-reference-seed21-20261004,16,0,conv2,skewness,-0.40127570036803173,0
fedavg-mnist-iid-reference-seed21-20261004,16,0,conv2,kurtosis,7.659207635580163,0
fedavg-mnist-iid-reference-seed21-20261004,16,0,fc1,mean,-8.682993755962686e-06,0
fedavg-mnist-iid-reference-seed21-20261004,16,0,fc1,std,0.00029105196713115214,0
fedavg-mnist-iid-reference-seed21-20261004,16,0,fc1,median,0.0,0
fedavg-mnist-iid-reference-seed21-20261004,16,0,fc1,min,-0.005000591278076172,0
fedavg-mnist-iid-reference-seed21-20261004,16,0,fc1,max,0.0036299824714660645,0
fedavg-mnist-iid-reference-seed21-20261004,16,0,fc1,l1,12.452597500508773,0
fedavg-mnist-iid-reference-seed21-20261004,16,0,fc1,l2,0.09227098914718401,0
fedavg-mnist-iid-reference-seed21-20261004,16,0,fc1,max_abs,0.005000591278076172,0
fedavg-mnist-iid-reference-seed21-20261004,16,0,fc1,sparsity,0.19906190248565966,0
fedavg-mnist-iid-reference-seed21-20261004,16,0,fc1,skewness,-1.0791665747268058,0
fedavg-mnist-iid-reference-seed21-20261004,16,0,fc1,kurtosis,23.365745854239176,0
fedavg-mnist-iid-reference-seed21-20261004,16,0,output,mean,2.2263031076783172e-10,0
fedavg-mnist-iid-reference-seed21-20261004,16,0,output,std,0.0017682339887724924,0
fedavg-mnist-iid-reference-seed21-20261004,16,0,output,median,0.0,0
fedavg-mnist-iid-reference-seed21-20261004,16,0,output,min,-0.005859404802322388,0
fedavg-mnist-iid-reference-seed21-20261004,16,0,output,max,0.008818566799163818,0
fedavg-mnist-iid-reference-seed21-20261004,16,0,output,l1,0.6942928601001768,0
fedavg-mnist-iid-reference-seed21-20261004,16,0,output,l2,0.045081298066745074,0
fedavg-mnist-iid-reference-seed21-20261004,16,0,output,max_abs,0.008818566799163818,0
fedavg-mnist-iid-reference-seed21-20261004,16,0,output,sparsity,0.17076923076923076,0
fedavg-mnist-iid-reference-seed21-20261004,16,0,output,skewness,0.46794267284352675,0
fedavg-mnist-iid-reference-seed21-20261004,16,0,output,kurtosis,3.8150834251390844,0
fedavg-mnist-iid-reference-seed21-20261004,16,1,conv1,mean,0.0009948611230356618,0
fedavg-mnist-iid-reference-seed21-20261004,16,1,conv1,std,0.0008866928758443947,0
fedavg-mnist-iid-reference-seed21-20261004,16,1,conv1,median,0.0008233506232500076,0
fedavg-mnist-iid-reference-seed21-20261004,16,1,conv1,min,-0.00045117735862731934,0
fedavg-mnist-iid-reference-seed21-20261004,16,1,conv1,max,0.0037454962730407715,0
fedavg-mnist-iid-reference-seed21-20261004,16,1,conv1,l1,0.1675429972819984,0
fedavg-mnist-iid-reference-seed21-20261004,16,1,conv1,l2,0.01685691744157742,0
fedavg-mnist-iid-reference-seed21-20261004,16,1,conv1,max_abs,0.0037454962730407715,0
fedavg-mnist-iid-reference-seed21-20261004,16,1,conv1,sparsity,0.0,0
fedavg-mnist-iid-reference-seed21-20261004,16,1,conv1,skewness,0.5846851161169547,0
fedavg-mnist-iid-reference-seed21-20261004,16,1,conv1,kurtosis,-0.06679484434694105,0
fedavg-mnist-iid-reference-seed21-20261004,16,1,conv2,mean,0.00010488207334878224,0
fedavg-mnist-iid-reference-seed21-20261004,16,1,conv2,std,0.0003388292787979178,0
fedavg-mnist-iid-reference-seed21-20261004,16,1,conv2,median,3.931857645511627e-05,0
fedavg-mnist-iid-reference-seed21-20261004,16,1,conv2,min,-0.0023290514945983887,0
fedavg-mnist-iid-reference-seed21-20261004,16,1,conv2,max,0.002394147217273712,0
fedavg-mnist-iid-reference-seed21-20261004,16,1,conv2,l1,1.0700257894895913,0
fedavg-mnist-iid-reference-seed21-20261004,16,1,conv2,l2,0.024160663417841947,0
fedavg-mnist-iid-reference-seed21-20261004,16,1,conv2,max_abs,0.002394147217273712,0
fedavg-mnist-iid-reference-seed21-20261004,16,1,conv2,sparsity,0.0,0
fedavg-mnist-iid-reference-seed21-20261004,16,1,conv2,skewness,0.8466546186613765,0
fedavg-mnist-iid-reference-seed21-20261004,16,1,conv2,kurtosis,4.479126768882358,0
fedavg-mnist-iid-reference-seed21-20261004,16,1,fc1,mean,-1.31314246164117e-05,0
fedavg-mnist-iid-reference-seed21-20261004,16,1,fc1,std,0.00036044435961757933,0
fedavg-mnist-iid-reference-seed21-20261004,16,1,fc1,median,0.0,0
fedavg-mnist-iid-reference-seed21-20261004,16,1,fc1,min,-0.004362378269433975,0
fedavg-mnist-iid-reference-seed21-20261004,16,1,fc1,max,0.005256243981420994,0
fedavg-mnist-iid-reference-seed21-20261004,16,1,fc1,l1,15.626550679724232,0
fedavg-mnist-iid-reference-seed21-20261004,16,1,fc1,l2,0.11429512491207335,0
fedavg-mnist-iid-reference-seed21-20261004,16,1,fc1,max_abs,0.005256243981420994,0
fedavg-mnist-iid-reference-seed21-20261004,16,1,fc1,sparsity,0.17104843849585724,0
fedavg-mnist-iid-reference-seed21-20261004,16,1,fc1,skewness,-0.2627966865229887,0
fedavg-mnist-iid-reference-seed21-20261004,16,1,fc1,kurtosis,20.902398356163744,0
fedavg-mnist-iid-reference-seed21-20261004,16,1,output,mean,1.4879053476481483e-10,0
fedavg-mnist-iid-reference-seed21-20261004,16,1,output,std,0.0024549429620022876,0
fedavg-mnist-iid-reference-seed21-20261004,16,1,output,median,-1.30385160446167e-08,0
fedavg-mnist-iid-reference-seed21-20261004,16,1,output,min,-0.010430388152599335,0
fedavg-mnist-iid-reference-seed21-20261004,16,1,output,max,0.013367801904678345,0
fedavg-mnist-iid-reference-seed21-20261004,16,1,output,l1,0.8796077113638603,0
fedavg-mnist-iid-reference-seed21-20261004,16,1,output,l2,0.06258901034003479,0
fedavg-mnist-iid-reference-seed21-20261004,16,1,output,max_abs,0.013367801904678345,0
fedavg-mnist-iid-reference-seed21-20261004,16,1,output,sparsity,0.14923076923076922,0
fedavg-mnist-iid-reference-seed21-20261004,16,1,output,skewness,1.2549365022107088,0
fedavg-mnist-iid-reference-seed21-20261004,16,1,output,kurtosis,6.748910604408671,0
fedavg-mnist-iid-reference-seed21-20261004,16,2,conv1,mean,0.0012503748053859453,0
fedavg-mnist-iid-reference-seed21-20261004,16,2,conv1,std,0.0011740503451481694,0
fedavg-mnist-iid-reference-seed21-20261004,16,2,conv1,median,0.0010266341269016266,0
fedavg-mnist-iid-reference-seed21-20261004,16,2,conv1,min,-0.0005580559372901917,0
fedavg-mnist-iid-reference-seed21-20261004,16,2,conv1,max,0.005489856004714966,0
fedavg-mnist-iid-reference-seed21-20261004,16,2,conv1,l1,0.20775673899333924,0
fedavg-mnist-iid-reference-seed21-20261004,16,2,conv1,l2,0.021695460785653674,0
fedavg-mnist-iid-reference-seed21-20261004,16,2,conv1,max_abs,0.005489856004714966,0
fedavg-mnist-iid-reference-seed21-20261004,16,2,conv1,sparsity,0.0,0
fedavg-mnist-iid-reference-seed21-20261004,16,2,conv1,skewness,0.9665926468451376,0
fedavg-mnist-iid-reference-seed21-20261004,16,2,conv1,kurtosis,1.0706449025586515,0
fedavg-mnist-iid-reference-seed21-20261004,16,2,conv2,mean,0.0001573153338520977,0
fedavg-mnist-iid-reference-seed21-20261004,16,2,conv2,std,0.0003958169581949131,0
fedavg-mnist-iid-reference-seed21-20261004,16,2,conv2,median,4.547100979834795e-05,0
fedavg-mnist-iid-reference-seed21-20261004,16,2,conv2,min,-0.0011025052517652512,0
fedavg-mnist-iid-reference-seed21-20261004,16,2,conv2,max,0.002798520028591156,0
fedavg-mnist-iid-reference-seed21-20261004,16,2,conv2,l1,1.2091711856392067,0
fedavg-mnist-iid-reference-seed21-20261004,16,2,conv2,l2,0.0290135311360212,0
fedavg-mnist-iid-reference-seed21-20261004,16,2,conv2,max_abs,0.002798520028591156,0
fedavg-mnist-iid-reference-seed21-20261004,16,2,conv2,sparsity,0.0,0
fedavg-mnist-iid-reference-seed21-20261004,16,2,conv2,skewness,1.7630622465147823,0
fedavg-mnist-iid-reference-seed21-20261004,16,2,conv2,kurtosis,5.231788031928911,0
fedavg-mnist-iid-reference-seed21-20261004,16,2,fc1,mean,2.3480140020113575e-05,0
fedavg-mnist-iid-reference-seed21-20261004,16,2,fc1,std,0.0003368439387695508,0
fedavg-mnist-iid-reference-seed21-20261004,16,2,fc1,median,0.0,0
fedavg-mnist-iid-reference-seed21-20261004,16,2,fc1,min,-0.004842087626457214,0
fedavg-mnist-iid-reference-seed21-20261004,16,2,fc1,max,0.004617365077137947,0
fedavg-mnist-iid-reference-seed21-20261004,16,2,fc1,l1,13.704782925134623,0
fedavg-mnist-iid-reference-seed21-20261004,16,2,fc1,l2,0.10699974724753483,0
fedavg-mnist-iid-reference-seed21-20261004,16,2,fc1,max_abs,0.004842087626457214,0
fedavg-mnist-iid-reference-seed21-20261004,16,2,fc1,sparsity,0.1629720363288719,0
fedavg-mnist-iid-reference-seed21-20261004,16,2,fc1,skewness,0.7312110325994025,0
fedavg-mnist-iid-reference-seed21-20261004,16,2,fc1,kurtosis,27.196844476137894,0
fedavg-mnist-iid-reference-seed21-20261004,16,2,output,mean,4.871033245133451e-10,0
fedavg-mnist-iid-reference-seed21-20261004,16,2,output,std,0.0024302282002058515,0
fedavg-mnist-iid-reference-seed21-20261004,16,2,output,median,0.0,0
fedavg-mnist-iid-reference-seed21-20261004,16,2,output,min,-0.010683990083634853,0
fedavg-mnist-iid-reference-seed21-20261004,16,2,output,max,0.015586137771606445,0
fedavg-mnist-iid-reference-seed21-20261004,16,2,output,l1,0.8315775042608493,0
fedavg-mnist-iid-reference-seed21-20261004,16,2,output,l2,0.061958905076666786,0
fedavg-mnist-iid-reference-seed21-20261004,16,2,output,max_abs,0.015586137771606445,0
fedavg-mnist-iid-reference-seed21-20261004,16,2,output,sparsity,0.14153846153846153,0
fedavg-mnist-iid-reference-seed21-20261004,16,2,output,skewness,0.9796508184403873,0
fedavg-mnist-iid-reference-seed21-20261004,16,2,output,kurtosis,9.5010923561228,0
fedavg-mnist-iid-reference-seed21-20261004,16,3,conv1,mean,0.0010530443585594184,0
fedavg-mnist-iid-reference-seed21-20261004,16,3,conv1,std,0.0009378368616749485,0
fedavg-mnist-iid-reference-seed21-20261004,16,3,conv1,median,0.0009246170520782471,0
fedavg-mnist-iid-reference-seed21-20261004,16,3,conv1,min,-0.0003525763750076294,0
fedavg-mnist-iid-reference-seed21-20261004,16,3,conv1,max,0.0039276182651519775,0
fedavg-mnist-iid-reference-seed21-20261004,16,3,conv1,l1,0.17521894094534218,0
fedavg-mnist-iid-reference-seed21-20261004,16,3,conv1,l2,0.017836772803218114,0
fedavg-mnist-iid-reference-seed21-20261004,16,3,conv1,max_abs,0.0039276182651519775,0
fedavg-mnist-iid-reference-seed21-20261004,16,3,conv1,sparsity,0.0,0
fedavg-mnist-iid-reference-seed21-20261004,16,3,conv1,skewness,0.600482397739783,0
fedavg-mnist-iid-reference-seed21-20261004,16,3,conv1,kurtosis,-0.16963720404113003,0
fedavg-mnist-iid-reference-seed21-20261004,16,3,conv2,mean,0.00012893407469132868,0
fedavg-mnist-iid-reference-seed21-20261004,16,3,conv2,std,0.00032604878866634534,0
fedavg-mnist-iid-reference-seed21-20261004,16,3,conv2,median,3.927014768123627e-05,0
fedavg-mnist-iid-reference-seed21-20261004,16,3,conv2,min,-0.0020098239183425903,0
fedavg-mnist-iid-reference-seed21-20261004,16,3,conv2,max,0.0020008832216262817,0
fedavg-mnist-iid-reference-seed21-20261004,16,3,conv2,l1,1.0388585421605967,0
fedavg-mnist-iid-reference-seed21-20261004,16,3,conv2,l2,0.023883123541150835,0
fedavg-mnist-iid-reference-seed21-20261004,16,3,conv2,max_abs,0.0020098239183425903,0
fedavg-mnist-iid-reference-seed21-20261004,16,3,conv2,sparsity,0.0,0
fedavg-mnist-iid-reference-seed21-20261004,16,3,conv2,skewness,0.7602873275461955,0
fedavg-mnist-iid-reference-seed21-20261004,16,3,conv2,kurtosis,3.5881470787338436,0
fedavg-mnist-iid-reference-seed21-20261004,16,3,fc1,mean,3.599024163953019e-06,0
fedavg-mnist-iid-reference-seed21-20261004,16,3,fc1,std,0.0002421992165090956,0
fedavg-mnist-iid-reference-seed21-20261004,16,3,fc1,median,0.0,0
fedavg-mnist-iid-reference-seed21-20261004,16,3,fc1,min,-0.002874378114938736,0
fedavg-mnist-iid-reference-seed21-20261004,16,3,fc1,max,0.003699767403304577,0
fedavg-mnist-iid-reference-seed21-20261004,16,3,fc1,l1,10.808669835561659,0
fedavg-mnist-iid-reference-seed21-20261004,16,3,fc1,l2,0.07675773241342862,0
fedavg-mnist-iid-reference-seed21-20261004,16,3,fc1,max_abs,0.003699767403304577,0
fedavg-mnist-iid-reference-seed21-20261004,16,3,fc1,sparsity,0.15826163161249204,0
fedavg-mnist-iid-reference-seed21-20261004,16,3,fc1,skewness,0.41461003707670707,0
fedavg-mnist-iid-reference-seed21-20261004,16,3,fc1,kurtosis,20.530515535657347,0
fedavg-mnist-iid-reference-seed21-20261004,16,3,output,mean,8.195050983116604e-10,0
fedavg-mnist-iid-reference-seed21-20261004,16,3,output,std,0.0014985892098395579,0
fedavg-mnist-iid-reference-seed21-20261004,16,3,output,median,0.0,0
fedavg-mnist-iid-reference-seed21-20261004,16,3,output,min,-0.006892219185829163,0
fedavg-mnist-iid-reference-seed21-20261004,16,3,output,max,0.007437489926815033,0
fedavg-mnist-iid-reference-seed21-20261004,16,3,output,l1,0.6002717620776821,0
fedavg-mnist-iid-reference-seed21-20261004,16,3,output,l2,0.03820667811916321,0
fedavg-mnist-iid-reference-seed21-20261004,16,3,output,max_abs,0.007437489926815033,0
fedavg-mnist-iid-reference-seed21-20261004,16,3,output,sparsity,0.13692307692307693,0
fedavg-mnist-iid-reference-seed21-20261004,16,3,output,skewness,0.4639824209262713,0
fedavg-mnist-iid-reference-seed21-20261004,16,3,output,kurtosis,4.106401632272622,0
fedavg-mnist-iid-reference-seed21-20261004,16,4,conv1,mean,0.0010695505756302738,0
fedavg-mnist-iid-reference-seed21-20261004,16,4,conv1,std,0.0009476231318458723,0
fedavg-mnist-iid-reference-seed21-20261004,16,4,conv1,median,0.0008651800453662872,0
fedavg-mnist-iid-reference-seed21-20261004,16,4,conv1,min,-0.000592794269323349,0
fedavg-mnist-iid-reference-seed21-20261004,16,4,conv1,max,0.00405508279800415,0
fedavg-mnist-iid-reference-seed21-20261004,16,4,conv1,l1,0.17871090746484697,0
fedavg-mnist-iid-reference-seed21-20261004,16,4,conv1,l2,0.0180750791260915,0
fedavg-mnist-iid-reference-seed21-20261004,16,4,conv1,max_abs,0.00405508279800415,0
fedavg-mnist-iid-reference-seed21-20261004,16,4,conv1,sparsity,0.0,0
fedavg-mnist-iid-reference-seed21-20261004,16,4,conv1,skewness,0.5483925455573008,0
fedavg-mnist-iid-reference-seed21-20261004,16,4,conv1,kurtosis,-0.2784632185390392,0
fedavg-mnist-iid-reference-seed21-20261004,16,4,conv2,mean,0.00011625211295683491,0
fedavg-mnist-iid-reference-seed21-20261004,16,4,conv2,std,0.0003278479385655073,0
fedavg-mnist-iid-reference-seed21-20261004,16,4,conv2,median,3.823591396212578e-05,0
fedavg-mnist-iid-reference-seed21-20261004,16,4,conv2,min,-0.0017321184277534485,0
fedavg-mnist-iid-reference-seed21-20261004,16,4,conv2,max,0.0018778592348098755,0
fedavg-mnist-iid-reference-seed21-20261004,16,4,conv2,l1,1.0366385836587142,0
fedavg-mnist-iid-reference-seed21-20261004,16,4,conv2,l2,0.02369461006412677,0
fedavg-mnist-iid-reference-seed21-20261004,16,4,conv2,max_abs,0.0018778592348098755,0
fedavg-mnist-iid-reference-seed21-20261004,16,4,conv2,sparsity,0.0,0
fedavg-mnist-iid-reference-seed21-20261004,16,4,conv2,skewness,0.7978157402681628,0
fedavg-mnist-iid-reference-seed21-20261004,16,4,conv2,kurtosis,3.6484267440665104,0
fedavg-mnist-iid-reference-seed21-20261004,16,4,fc1,mean,-1.0642543943669211e-05,0
fedavg-mnist-iid-reference-seed21-20261004,16,4,fc1,std,0.0002640083940927657,0
fedavg-mnist-iid-reference-seed21-20261004,16,4,fc1,median,0.0,0
fedavg-mnist-iid-reference-seed21-20261004,16,4,fc1,min,-0.003227449953556061,0
fedavg-mnist-iid-reference-seed21-20261004,16,4,fc1,max,0.004544820636510849,0
fedavg-mnist-iid-reference-seed21-20261004,16,4,fc1,l1,11.14537259597887,0
fedavg-mnist-iid-reference-seed21-20261004,16,4,fc1,l2,0.08372820365202457,0
fedavg-mnist-iid-reference-seed21-20261004,16,4,fc1,max_abs,0.004544820636510849,0
fedavg-mnist-iid-reference-seed21-20261004,16,4,fc1,sparsity,0.1830385595920969,0
fedavg-mnist-iid-reference-seed21-20261004,16,4,fc1,skewness,0.20547005810001878,0
fedavg-mnist-iid-reference-seed21-20261004,16,4,fc1,kurtosis,25.86490412079193,0
fedavg-mnist-iid-reference-seed21-20261004,16,4,output,mean,3.6631648142177324e-11,0
fedavg-mnist-iid-reference-seed21-20261004,16,4,output,std,0.0018867766817007821,0
fedavg-mnist-iid-reference-seed21-20261004,16,4,output,median,0.0,0
fedavg-mnist-iid-reference-seed21-20261004,16,4,output,min,-0.007909856736660004,0
fedavg-mnist-iid-reference-seed21-20261004,16,4,output,max,0.005157768726348877,0
fedavg-mnist-iid-reference-seed21-20261004,16,4,output,l1,0.768431248023262,0
fedavg-mnist-iid-reference-seed21-20261004,16,4,output,l2,0.04810355558892066,0
fedavg-mnist-iid-reference-seed21-20261004,16,4,output,max_abs,0.007909856736660004,0
fedavg-mnist-iid-reference-seed21-20261004,16,4,output,sparsity,0.16307692307692306,0
fedavg-mnist-iid-reference-seed21-20261004,16,4,output,skewness,-0.5892817859866059,0
fedavg-mnist-iid-reference-seed21-20261004,16,4,output,kurtosis,2.5212453579677305,0
fedavg-mnist-iid-reference-seed21-20261004,17,0,conv1,mean,0.0006616332873818464,0
fedavg-mnist-iid-reference-seed21-20261004,17,0,conv1,std,0.000774348745210147,0
fedavg-mnist-iid-reference-seed21-20261004,17,0,conv1,median,0.0006267167627811432,0
fedavg-mnist-iid-reference-seed21-20261004,17,0,conv1,min,-0.0012623220682144165,0
fedavg-mnist-iid-reference-seed21-20261004,17,0,conv1,max,0.003240734338760376,0
fedavg-mnist-iid-reference-seed21-20261004,17,0,conv1,l1,0.12265737378038466,0
fedavg-mnist-iid-reference-seed21-20261004,17,0,conv1,l2,0.012883319983173519,0
fedavg-mnist-iid-reference-seed21-20261004,17,0,conv1,max_abs,0.003240734338760376,0
fedavg-mnist-iid-reference-seed21-20261004,17,0,conv1,sparsity,0.0,0
fedavg-mnist-iid-reference-seed21-20261004,17,0,conv1,skewness,0.6735049027874624,0
fedavg-mnist-iid-reference-seed21-20261004,17,0,conv1,kurtosis,0.6206704579733779,0
fedavg-mnist-iid-reference-seed21-20261004,17,0,conv2,mean,5.924528709329024e-05,0
fedavg-mnist-iid-reference-seed21-20261004,17,0,conv2,std,0.0003172310112019686,0
fedavg-mnist-iid-reference-seed21-20261004,17,0,conv2,median,2.56318598985672e-05,0
fedavg-mnist-iid-reference-seed21-20261004,17,0,conv2,min,-0.002770043909549713,0
fedavg-mnist-iid-reference-seed21-20261004,17,0,conv2,max,0.0024257898330688477,0
fedavg-mnist-iid-reference-seed21-20261004,17,0,conv2,l1,0.9530432015017141,0
fedavg-mnist-iid-reference-seed21-20261004,17,0,conv2,l2,0.021982611443843364,0
fedavg-mnist-iid-reference-seed21-20261004,17,0,conv2,max_abs,0.002770043909549713,0
fedavg-mnist-iid-reference-seed21-20261004,17,0,conv2,sparsity,0.00021551724137931034,0
fedavg-mnist-iid-reference-seed21-20261004,17,0,conv2,skewness,-0.6295028199223602,0
fedavg-mnist-iid-reference-seed21-20261004,17,0,conv2,kurtosis,8.474788908862088,0
fedavg-mnist-iid-reference-seed21-20261004,17,0,fc1,mean,-5.503792403535645e-06,0
fedavg-mnist-iid-reference-seed21-20261004,17,0,fc1,std,0.00028340811501383994,0
fedavg-mnist-iid-reference-seed21-20261004,17,0,fc1,median,0.0,0
fedavg-mnist-iid-reference-seed21-20261004,17,0,fc1,min,-0.004968557506799698,0
fedavg-mnist-iid-reference-seed21-20261004,17,0,fc1,max,0.0033640600740909576,0
fedavg-mnist-iid-reference-seed21-20261004,17,0,fc1,l1,12.209755613952439,0
fedavg-mnist-iid-reference-seed21-20261004,17,0,fc1,l2,0.08982466769450753,0
fedavg-mnist-iid-reference-seed21-20261004,17,0,fc1,max_abs,0.004968557506799698,0
fedavg-mnist-iid-reference-seed21-20261004,17,0,fc1,sparsity,0.19818554811982153,0
fedavg-mnist-iid-reference-seed21-20261004,17,0,fc1,skewness,-1.1326955825731175,0
fedavg-mnist-iid-reference-seed21-20261004,17,0,fc1,kurtosis,23.58342281559154,0
fedavg-mnist-iid-reference-seed21-20261004,17,0,output,mean,-1.5942742510770375e-11,0
fedavg-mnist-iid-reference-seed21-20261004,17,0,output,std,0.0016985566305272974,0
fedavg-mnist-iid-reference-seed21-20261004,17,0,output,median,0.0,0
fedavg-mnist-iid-reference-seed21-20261004,17,0,output,min,-0.005865816026926041,0
fedavg-mnist-iid-reference-seed21-20261004,17,0,output,max,0.008538886904716492,0
fedavg-mnist-iid-reference-seed21-20261004,17,0,output,l1,0.6664587749419297,0
fedavg-mnist-iid-reference-seed21-20261004,17,0,output,l2,0.0433048670200055,0
fedavg-mnist-iid-reference-seed21-20261004,17,0,output,max_abs,0.008538886904716492,0
fedavg-mnist-iid-reference-seed21-20261004,17,0,output,sparsity,0.17076923076923076,0
fedavg-mnist-iid-reference-seed21-20261004,17,0,output,skewness,0.47512739827570155,0
fedavg-mnist-iid-reference-seed21-20261004,17,0,output,kurtosis,3.9262673112785533,0
fedavg-mnist-iid-reference-seed21-20261004,17,1,conv1,mean,0.0008911265875212848,0
fedavg-mnist-iid-reference-seed21-20261004,17,1,conv1,std,0.000812818894192341,0
fedavg-mnist-iid-reference-seed21-20261004,17,1,conv1,median,0.0007611662149429321,0
fedavg-mnist-iid-reference-seed21-20261004,17,1,conv1,min,-0.00045891106128692627,0
fedavg-mnist-iid-reference-seed21-20261004,17,1,conv1,max,0.003385484218597412,0
fedavg-mnist-iid-reference-seed21-20261004,17,1,conv1,l1,0.15141170471906662,0
fedavg-mnist-iid-reference-seed21-20261004,17,1,conv1,l2,0.015256637373908526,0
fedavg-mnist-iid-reference-seed21-20261004,17,1,conv1,max_abs,0.003385484218597412,0
fedavg-mnist-iid-reference-seed21-20261004,17,1,conv1,sparsity,0.0,0
fedavg-mnist-iid-reference-seed21-20261004,17,1,conv1,skewness,0.5811001632729915,0
fedavg-mnist-iid-reference-seed21-20261004,17,1,conv1,kurtosis,-0.07837119564728612,0
fedavg-mnist-iid-reference-seed21-20261004,17,1,conv2,mean,8.89591802974635e-05,0
fedavg-mnist-iid-reference-seed21-20261004,17,1,conv2,std,0.0003165475323813685,0
fedavg-mnist-iid-reference-seed21-20261004,17,1,conv2,median,3.333762288093567e-05,0
fedavg-mnist-iid-reference-seed21-20261004,17,1,conv2,min,-0.0022139772772789,0
fedavg-mnist-iid-reference-seed21-20261004,17,1,conv2,max,0.002084076404571533,0
fedavg-mnist-iid-reference-seed21-20261004,17,1,conv2,l1,0.9957567125529749,0
fedavg-mnist-iid-reference-seed21-20261004,17,1,conv2,l2,0.02239773633012756,0
fedavg-mnist-iid-reference-seed21-20261004,17,1,conv2,max_abs,0.0022139772772789,0
fedavg-mnist-iid-reference-seed21-20261004,17,1,conv2,sparsity,0.0,0
fedavg-mnist-iid-reference-seed21-20261004,17,1,conv2,skewness,0.7159105528127816,0
fedavg-mnist-iid-reference-seed21-20261004,17,1,conv2,kurtosis,4.3356954462547455,0
fedavg-mnist-iid-reference-seed21-20261004,17,1,fc1,mean,-1.2967155346454538e-05,0
fedavg-mnist-iid-reference-seed21-20261004,17,1,fc1,std,0.00035050266636148,0
fedavg-mnist-iid-reference-seed21-20261004,17,1,fc1,median,0.0,0
fedavg-mnist-iid-reference-seed21-20261004,17,1,fc1,min,-0.004301897250115871,0
fedavg-mnist-iid-reference-seed21-20261004,17,1,fc1,max,0.004929503425955772,0
fedavg-mnist-iid-reference-seed21-20261004,17,1,fc1,l1,15.270027455766296,0
fedavg-mnist-iid-reference-seed21-20261004,17,1,fc1,l2,0.11114496414676747,0
fedavg-mnist-iid-reference-seed21-20261004,17,1,fc1,max_abs,0.004929503425955772,0
fedavg-mnist-iid-reference-seed21-20261004,17,1,fc1,sparsity,0.16944510834926704,0
fedavg-mnist-iid-reference-seed21-20261004,17,1,fc1,skewness,-0.48632564807108836,0
fedavg-mnist-iid-reference-seed21-20261004,17,1,fc1,kurtosis,20.31612790796644,0
fedavg-mnist-iid-reference-seed21-20261004,17,1,output,mean,-3.499651659065141e-10,0
fedavg-mnist-iid-reference-seed21-20261004,17,1,output,std,0.0022992595540283576,0
fedavg-mnist-iid-reference-seed21-20261004,17,1,output,median,-7.450580596923828e-09,0
fedavg-mnist-iid-reference-seed21-20261004,17,1,output,min,-0.009723342955112457,0
fedavg-mnist-iid-reference-seed21-20261004,17,1,output,max,0.012469589710235596,0
fedavg-mnist-iid-reference-seed21-20261004,17,1,output,l1,0.8228477918328281,0
fedavg-mnist-iid-reference-seed21-20261004,17,1,output,l2,0.05861984666402687,0
fedavg-mnist-iid-reference-seed21-20261004,17,1,output,max_abs,0.012469589710235596,0
fedavg-mnist-iid-reference-seed21-20261004,17,1,output,sparsity,0.14923076923076922,0
fedavg-mnist-iid-reference-seed21-20261004,17,1,output,skewness,1.3098232733114676,0
fedavg-mnist-iid-reference-seed21-20261004,17,1,output,kurtosis,6.797697074968529,0
fedavg-mnist-iid-reference-seed21-20261004,17,2,conv1,mean,0.00113888416235568,0
fedavg-mnist-iid-reference-seed21-20261004,17,2,conv1,std,0.0010902860449673814,0
fedavg-mnist-iid-reference-seed21-20261004,17,2,conv1,median,0.0009225308895111084,0
fedavg-mnist-iid-reference-seed21-20261004,17,2,conv1,min,-0.0005555972456932068,0
fedavg-mnist-iid-reference-seed21-20261004,17,2,conv1,max,0.005118310451507568,0
fedavg-mnist-iid-reference-seed21-20261004,17,2,conv1,l1,0.1897739425767213,0
fedavg-mnist-iid-reference-seed21-20261004,17,2,conv1,l2,0.01994304207533129,0
fedavg-mnist-iid-reference-seed21-20261004,17,2,conv1,max_abs,0.005118310451507568,0
fedavg-mnist-iid-reference-seed21-20261004,17,2,conv1,sparsity,0.0,0
fedavg-mnist-iid-reference-seed21-20261004,17,2,conv1,skewness,1.0214955180486043,0
fedavg-mnist-iid-reference-seed21-20261004,17,2,conv1,kurtosis,1.2473550441399333,0
fedavg-mnist-iid-reference-seed21-20261004,17,2,conv2,mean,0.00014322058408836334,0
fedavg-mnist-iid-reference-seed21-20261004,17,2,conv2,std,0.00037472310521270686,0
fedavg-mnist-iid-reference-seed21-20261004,17,2,conv2,median,4.4324202463030815e-05,0
fedavg-mnist-iid-reference-seed21-20261004,17,2,conv2,min,-0.0011303350329399109,0
fedavg-mnist-iid-reference-seed21-20261004,17,2,conv2,max,0.002621874213218689,0
fedavg-mnist-iid-reference-seed21-20261004,17,2,conv2,l1,1.14965080192178,0
fedavg-mnist-iid-reference-seed21-20261004,17,2,conv2,l2,0.027326051152170797,0
fedavg-mnist-iid-reference-seed21-20261004,17,2,conv2,max_abs,0.002621874213218689,0
fedavg-mnist-iid-reference-seed21-20261004,17,2,conv2,sparsity,0.0,0
fedavg-mnist-iid-reference-seed21-20261004,17,2,conv2,skewness,1.6929148374281655,0
fedavg-mnist-iid-reference-seed21-20261004,17,2,conv2,kurtosis,5.129161824102221,0
fedavg-mnist-iid-reference-seed21-20261004,17,2,fc1,mean,2.070218390756719e-05,0
fedavg-mnist-iid-reference-seed21-20261004,17,2,fc1,std,0.0003343337795369119,0
fedavg-mnist-iid-reference-seed21-20261004,17,2,fc1,median,0.0,0
fedavg-mnist-iid-reference-seed21-20261004,17,2,fc1,min,-0.004684304818511009,0
fedavg-mnist-iid-reference-seed21-20261004,17,2,fc1,max,0.004540184047073126,0
fedavg-mnist-iid-reference-seed21-20261004,17,2,fc1,l1,13.533043910957758,0
fedavg-mnist-iid-reference-seed21-20261004,17,2,fc1,l2,0.1061482173233542,0
fedavg-mnist-iid-reference-seed21-20261004,17,2,fc1,max_abs,0.004684304818511009,0
fedavg-mnist-iid-reference-seed21-20261004,17,2,fc1,sparsity,0.1724924314850223,0
fedavg-mnist-iid-reference-seed21-20261004,17,2,fc1,skewness,0.6137621391408282,0
fedavg-mnist-iid-reference-seed21-20261004,17,2,fc1,kurtosis,27.304768185060976,0
fedavg-mnist-iid-reference-seed21-20261004,17,2,output,mean,7.001818420786339e-10,0
fedavg-mnist-iid-reference-seed21-20261004,17,2,output,std,0.0023555229748304096,0
fedavg-mnist-iid-reference-seed21-20261004,17,2,output,median,0.0,0
fedavg-mnist-iid-reference-seed21-20261004,17,2,output,min,-0.010432294569909573,0
fedavg-mnist-iid-reference-seed21-20261004,17,2,output,max,0.015206471085548401,0
fedavg-mnist-iid-reference-seed21-20261004,17,2,output,l1,0.7928702589781551,0
fedavg-mnist-iid-reference-seed21-20261004,17,2,output,l2,0.06005428806688458,0
fedavg-mnist-iid-reference-seed21-20261004,17,2,output,max_abs,0.015206471085548401,0
fedavg-mnist-iid-reference-seed21-20261004,17,2,output,sparsity,0.14615384615384616,0
fedavg-mnist-iid-reference-seed21-20261004,17,2,output,skewness,1.0855867416096958,0
fedavg-mnist-iid-reference-seed21-20261004,17,2,output,kurtosis,10.205682647951058,0
fedavg-mnist-iid-reference-seed21-20261004,17,3,conv1,mean,0.0009303960236138664,0
fedavg-mnist-iid-reference-seed21-20261004,17,3,conv1,std,0.000833614682198494,0
fedavg-mnist-iid-reference-seed21-20261004,17,3,conv1,median,0.0008205510675907135,0
fedavg-mnist-iid-reference-seed21-20261004,17,3,conv1,min,-0.0004065781831741333,0
fedavg-mnist-iid-reference-seed21-20261004,17,3,conv1,max,0.0034742653369903564,0
fedavg-mnist-iid-reference-seed21-20261004,17,3,conv1,l1,0.15592360100708902,0
fedavg-mnist-iid-reference-seed21-20261004,17,3,conv1,l2,0.015801519922505634,0
fedavg-mnist-iid-reference-seed21-20261004,17,3,conv1,max_abs,0.0034742653369903564,0
fedavg-mnist-iid-reference-seed21-20261004,17,3,conv1,sparsity,0.0,0
fedavg-mnist-iid-reference-seed21-20261004,17,3,conv1,skewness,0.566391120602413,0
fedavg-mnist-iid-reference-seed21-20261004,17,3,conv1,kurtosis,-0.18938750666454407,0
fedavg-mnist-iid-reference-seed21-20261004,17,3,conv2,mean,0.0001082081498342914,0
fedavg-mnist-iid-reference-seed21-20261004,17,3,conv2,std,0.0002981087964502452,0
fedavg-mnist-iid-reference-seed21-20261004,17,3,conv2,median,3.393262159079313e-05,0
fedavg-mnist-iid-reference-seed21-20261004,17,3,conv2,min,-0.0019618794322013855,0
fedavg-mnist-iid-reference-seed21-20261004,17,3,conv2,max,0.001729615032672882,0
fedavg-mnist-iid-reference-seed21-20261004,17,3,conv2,l1,0.9458685711688304,0
fedavg-mnist-iid-reference-seed21-20261004,17,3,conv2,l2,0.02160280681072958,0
fedavg-mnist-iid-reference-seed21-20261004,17,3,conv2,max_abs,0.0019618794322013855,0
fedavg-mnist-iid-reference-seed21-20261004,17,3,conv2,sparsity,0.0,0
fedavg-mnist-iid-reference-seed21-20261004,17,3,conv2,skewness,0.6098687738910215,0
fedavg-mnist-iid-reference-seed21-20261004,17,3,conv2,kurtosis,3.733371455400083,0
fedavg-mnist-iid-reference-seed21-20261004,17,3,fc1,mean,2.6206628413656647e-07,0
fedavg-mnist-iid-reference-seed21-20261004,17,3,fc1,std,0.00023550809417250106,0
fedavg-mnist-iid-reference-seed21-20261004,17,3,fc1,median,0.0,0
fedavg-mnist-iid-reference-seed21-20261004,17,3,fc1,min,-0.0025963932275772095,0
fedavg-mnist-iid-reference-seed21-20261004,17,3,fc1,max,0.003597772680222988,0
fedavg-mnist-iid-reference-seed21-20261004,17,3,fc1,l1,10.596456295914678,0
fedavg-mnist-iid-reference-seed21-20261004,17,3,fc1,l2,0.07462899026844383,0
fedavg-mnist-iid-reference-seed21-20261004,17,3,fc1,max_abs,0.003597772680222988,0
fedavg-mnist-iid-reference-seed21-20261004,17,3,fc1,sparsity,0.1592873645634162,0
fedavg-mnist-iid-reference-seed21-20261004,17,3,fc1,skewness,0.29579724684763464,0
fedavg-mnist-iid-reference-seed21-20261004,17,3,fc1,kurtosis,19.61788911782698,0
fedavg-mnist-iid-reference-seed21-20261004,17,3,output,mean,-2.971948840870307e-11,0
fedavg-mnist-iid-reference-seed21-20261004,17,3,output,std,0.0014453170112540047,0
fedavg-mnist-iid-reference-seed21-20261004,17,3,output,median,0.0,0
fedavg-mnist-iid-reference-seed21-20261004,17,3,output,min,-0.00640442967414856,0
fedavg-mnist-iid-reference-seed21-20261004,17,3,output,max,0.00718078063800931,0
fedavg-mnist-iid-reference-seed21-20261004,17,3,output,l1,0.5765752883235109,0
fedavg-mnist-iid-reference-seed21-20261004,17,3,output,l2,0.03684849821855887,0
fedavg-mnist-iid-reference-seed21-20261004,17,3,output,max_abs,0.00718078063800931,0
fedavg-mnist-iid-reference-seed21-20261004,17,3,output,sparsity,0.13846153846153847,0
fedavg-mnist-iid-reference-seed21-20261004,17,3,output,skewness,0.43397665977731015,0
fedavg-mnist-iid-reference-seed21-20261004,17,3,output,kurtosis,4.116982445141045,0
fedavg-mnist-iid-reference-seed21-20261004,17,4,conv1,mean,0.0009485629590926692,0
fedavg-mnist-iid-reference-seed21-20261004,17,4,conv1,std,0.0008458083692402182,0
fedavg-mnist-iid-reference-seed21-20261004,17,4,conv1,median,0.000752503052353859,0
fedavg-mnist-iid-reference-seed21-20261004,17,4,conv1,min,-0.0005597658455371857,0
fedavg-mnist-iid-reference-seed21-20261004,17,4,conv1,max,0.0036296844482421875,0
fedavg-mnist-iid-reference-seed21-20261004,17,4,conv1,l1,0.15897439094260335,0
fedavg-mnist-iid-reference-seed21-20261004,17,4,conv1,l2,0.016075638636592643,0
fedavg-mnist-iid-reference-seed21-20261004,17,4,conv1,max_abs,0.0036296844482421875,0
fedavg-mnist-iid-reference-seed21-20261004,17,4,conv1,sparsity,0.0,0
fedavg-mnist-iid-reference-seed21-20261004,17,4,conv1,skewness,0.5561733539020478,0
fedavg-mnist-iid-reference-seed21-20261004,17,4,conv1,kurtosis,-0.23626162743246004,0
fedavg-mnist-iid-reference-seed21-20261004,17,4,conv2,mean,9.82976427096595e-05,0
fedavg-mnist-iid-reference-seed21-20261004,17,4,conv2,std,0.00030215285593986996,0
fedavg-mnist-iid-reference-seed21-20261004,17,4,conv2,median,3.3935531973838806e-05,0
fedavg-mnist-iid-reference-seed21-20261004,17,4,conv2,min,-0.001727774739265442,0
fedavg-mnist-iid-reference-seed21-20261004,17,4,conv2,max,0.0017144978046417236,0
fedavg-mnist-iid-reference-seed21-20261004,17,4,conv2,l1,0.9541059151270019,0
fedavg-mnist-iid-reference-seed21-20261004,17,4,conv2,l2,0.021643676111167347,0
fedavg-mnist-iid-reference-seed21-20261004,17,4,conv2,max_abs,0.001727774739265442,0
fedavg-mnist-iid-reference-seed21-20261004,17,4,conv2,sparsity,0.00021551724137931034,0
fedavg-mnist-iid-reference-seed21-20261004,17,4,conv2,skewness,0.6366848266534791,0
fedavg-mnist-iid-reference-seed21-20261004,17,4,conv2,kurtosis,3.770985586306704,0
fedavg-mnist-iid-reference-seed21-20261004,17,4,fc1,mean,-8.87730590997543e-06,0
fedavg-mnist-iid-reference-seed21-20261004,17,4,fc1,std,0.00025732796203308596,0
fedavg-mnist-iid-reference-seed21-20261004,17,4,fc1,median,0.0,0
fedavg-mnist-iid-reference-seed21-20261004,17,4,fc1,min,-0.003118082880973816,0
fedavg-mnist-iid-reference-seed21-20261004,17,4,fc1,max,0.004415914416313171,0
fedavg-mnist-iid-reference-seed21-20261004,17,4,fc1,l1,10.940856894607407,0
fedavg-mnist-iid-reference-seed21-20261004,17,4,fc1,l2,0.0815918378200875,0
fedavg-mnist-iid-reference-seed21-20261004,17,4,fc1,max_abs,0.004415914416313171,0
fedavg-mnist-iid-reference-seed21-20261004,17,4,fc1,sparsity,0.182341459528362,0
fedavg-mnist-iid-reference-seed21-20261004,17,4,fc1,skewness,0.20801452592595995,0
fedavg-mnist-iid-reference-seed21-20261004,17,4,fc1,kurtosis,25.116734242262456,0
fedavg-mnist-iid-reference-seed21-20261004,17,4,output,mean,-3.920621775950377e-10,0
fedavg-mnist-iid-reference-seed21-20261004,17,4,output,std,0.0018051668448980814,0
fedavg-mnist-iid-reference-seed21-20261004,17,4,output,median,0.0,0
fedavg-mnist-iid-reference-seed21-20261004,17,4,output,min,-0.0075376927852630615,0
fedavg-mnist-iid-reference-seed21-20261004,17,4,output,max,0.0047752708196640015,0
fedavg-mnist-iid-reference-seed21-20261004,17,4,output,l1,0.7362087046567467,0
fedavg-mnist-iid-reference-seed21-20261004,17,4,output,l2,0.04602290483713127,0
fedavg-mnist-iid-reference-seed21-20261004,17,4,output,max_abs,0.0075376927852630615,0
fedavg-mnist-iid-reference-seed21-20261004,17,4,output,sparsity,0.16307692307692306,0
fedavg-mnist-iid-reference-seed21-20261004,17,4,output,skewness,-0.6226936893586072,0
fedavg-mnist-iid-reference-seed21-20261004,17,4,output,kurtosis,2.5923140490805086,0
fedavg-mnist-iid-reference-seed21-20261004,18,0,conv1,mean,0.0005806766763271298,0
fedavg-mnist-iid-reference-seed21-20261004,18,0,conv1,std,0.0007156224136641514,0
fedavg-mnist-iid-reference-seed21-20261004,18,0,conv1,median,0.0005538389086723328,0
fedavg-mnist-iid-reference-seed21-20261004,18,0,conv1,min,-0.001299932599067688,0
fedavg-mnist-iid-reference-seed21-20261004,18,0,conv1,max,0.002972543239593506,0
fedavg-mnist-iid-reference-seed21-20261004,18,0,conv1,l1,0.1115277357166633,0
fedavg-mnist-iid-reference-seed21-20261004,18,0,conv1,l2,0.011657106614379593,0
fedavg-mnist-iid-reference-seed21-20261004,18,0,conv1,max_abs,0.002972543239593506,0
fedavg-mnist-iid-reference-seed21-20261004,18,0,conv1,sparsity,0.0,0
fedavg-mnist-iid-reference-seed21-20261004,18,0,conv1,skewness,0.6165752911823306,0
fedavg-mnist-iid-reference-seed21-20261004,18,0,conv1,kurtosis,0.7134385909090852,0
fedavg-mnist-iid-reference-seed21-20261004,18,0,conv2,mean,4.6096575904396654e-05,0
fedavg-mnist-iid-reference-seed21-20261004,18,0,conv2,std,0.0003043257203023543,0
fedavg-mnist-iid-reference-seed21-20261004,18,0,conv2,median,2.1455809473991394e-05,0
fedavg-mnist-iid-reference-seed21-20261004,18,0,conv2,min,-0.0027519166469573975,0
fedavg-mnist-iid-reference-seed21-20261004,18,0,conv2,max,0.002338714897632599,0
fedavg-mnist-iid-reference-seed21-20261004,18,0,conv2,l1,0.9071180062574058,0
fedavg-mnist-iid-reference-seed21-20261004,18,0,conv2,l2,0.02096638113583569,0
fedavg-mnist-iid-reference-seed21-20261004,18,0,conv2,max_abs,0.0027519166469573975,0
fedavg-mnist-iid-reference-seed21-20261004,18,0,conv2,sparsity,0.0,0
fedavg-mnist-iid-reference-seed21-20261004,18,0,conv2,skewness,-0.8132438885941513,0
fedavg-mnist-iid-reference-seed21-20261004,18,0,conv2,kurtosis,9.182275353678797,0
fedavg-mnist-iid-reference-seed21-20261004,18,0,fc1,mean,-5.3196257274196876e-06,0
fedavg-mnist-iid-reference-seed21-20261004,18,0,fc1,std,0.0002736715383733827,0
fedavg-mnist-iid-reference-seed21-20261004,18,0,fc1,median,0.0,0
fedavg-mnist-iid-reference-seed21-20261004,18,0,fc1,min,-0.0048013776540756226,0
fedavg-mnist-iid-reference-seed21-20261004,18,0,fc1,max,0.0031919293105602264,0
fedavg-mnist-iid-reference-seed21-20261004,18,0,fc1,l1,11.797687845035398,0
fedavg-mnist-iid-reference-seed21-20261004,18,0,fc1,l2,0.08673874271417657,0
fedavg-mnist-iid-reference-seed21-20261004,18,0,fc1,max_abs,0.0048013776540756226,0
fedavg-mnist-iid-reference-seed21-20261004,18,0,fc1,sparsity,0.19735898661567877,0
fedavg-mnist-iid-reference-seed21-20261004,18,0,fc1,skewness,-1.0628312445915091,0
fedavg-mnist-iid-reference-seed21-20261004,18,0,fc1,kurtosis,23.97504314987973,0
fedavg-mnist-iid-reference-seed21-20261004,18,0,output,mean,5.017472386288529e-10,0
fedavg-mnist-iid-reference-seed21-20261004,18,0,output,std,0.0016350013220732791,0
fedavg-mnist-iid-reference-seed21-20261004,18,0,output,median,0.0,0
fedavg-mnist-iid-reference-seed21-20261004,18,0,output,min,-0.005710184574127197,0
fedavg-mnist-iid-reference-seed21-20261004,18,0,output,max,0.008134163916110992,0
fedavg-mnist-iid-reference-seed21-20261004,18,0,output,l1,0.6416467483522865,0
fedavg-mnist-iid-reference-seed21-20261004,18,0,output,l2,0.04168451823001022,0
fedavg-mnist-iid-reference-seed21-20261004,18,0,output,max_abs,0.008134163916110992,0
fedavg-mnist-iid-reference-seed21-20261004,18,0,output,sparsity,0.17076923076923076,0
fedavg-mnist-iid-reference-seed21-20261004,18,0,output,skewness,0.48536082016948673,0
fedavg-mnist-iid-reference-seed21-20261004,18,0,output,kurtosis,3.937256940109945,0
fedavg-mnist-iid-reference-seed21-20261004,18,1,conv1,mean,0.0008018521173653425,0
fedavg-mnist-iid-reference-seed21-20261004,18,1,conv1,std,0.0007417587416586799,0
fedavg-mnist-iid-reference-seed21-20261004,18,1,conv1,median,0.0006988272070884705,0
fedavg-mnist-iid-reference-seed21-20261004,18,1,conv1,min,-0.00044949352741241455,0
fedavg-mnist-iid-reference-seed21-20261004,18,1,conv1,max,0.003071695566177368,0
fedavg-mnist-iid-reference-seed21-20261004,18,1,conv1,l1,0.1369728779536672,0
fedavg-mnist-iid-reference-seed21-20261004,18,1,conv1,l2,0.013816933662432349,0
fedavg-mnist-iid-reference-seed21-20261004,18,1,conv1,max_abs,0.003071695566177368,0
fedavg-mnist-iid-reference-seed21-20261004,18,1,conv1,sparsity,0.0,0
fedavg-mnist-iid-reference-seed21-20261004,18,1,conv1,skewness,0.6093982150949454,0
fedavg-mnist-iid-reference-seed21-20261004,18,1,conv1,kurtosis,0.013368441408753817,0
fedavg-mnist-iid-reference-seed21-20261004,18,1,conv2,mean,7.192547019269961e-05,0
fedavg-mnist-iid-reference-seed21-20261004,18,1,conv2,std,0.00029865787564462384,0
fedavg-mnist-iid-reference-seed21-20261004,18,1,conv2,median,2.557598054409027e-05,0
fedavg-mnist-iid-reference-seed21-20261004,18,1,conv2,min,-0.0022125840187072754,0
fedavg-mnist-iid-reference-seed21-20261004,18,1,conv2,max,0.0019174516201019287,0
fedavg-mnist-iid-reference-seed21-20261004,18,1,conv2,l1,0.9363026879227618,0
fedavg-mnist-iid-reference-seed21-20261004,18,1,conv2,l2,0.020925483787814378,0
fedavg-mnist-iid-reference-seed21-20261004,18,1,conv2,max_abs,0.0022125840187072754,0
fedavg-mnist-iid-reference-seed21-20261004,18,1,conv2,sparsity,0.0,0
fedavg-mnist-iid-reference-seed21-20261004,18,1,conv2,skewness,0.5329217503356015,0
fedavg-mnist-iid-reference-seed21-20261004,18,1,conv2,kurtosis,4.397300998243447,0
fedavg-mnist-iid-reference-seed21-20261004,18,1,fc1,mean,-1.8132523345379357e-05,0
fedavg-mnist-iid-reference-seed21-20261004,18,1,fc1,std,0.0003437639859386453,0
fedavg-mnist-iid-reference-seed21-20261004,18,1,fc1,median,0.0,0
fedavg-mnist-iid-reference-seed21-20261004,18,1,fc1,min,-0.0042547862976789474,0
fedavg-mnist-iid-reference-seed21-20261004,18,1,fc1,max,0.004962029866874218,0
fedavg-mnist-iid-reference-seed21-20261004,18,1,fc1,l1,15.03191886676018,0
fedavg-mnist-iid-reference-seed21-20261004,18,1,fc1,l2,0.1090850295373522,0
fedavg-mnist-iid-reference-seed21-20261004,18,1,fc1,max_abs,0.004962029866874218,0
fedavg-mnist-iid-reference-seed21-20261004,18,1,fc1,sparsity,0.16907664117272148,0
fedavg-mnist-iid-reference-seed21-20261004,18,1,fc1,skewness,-0.5040768345669518,0
fedavg-mnist-iid-reference-seed21-20261004,18,1,fc1,kurtosis,20.3806800747137,0
fedavg-mnist-iid-reference-seed21-20261004,18,1,output,mean,-6.84214263366392e-10,0
fedavg-mnist-iid-reference-seed21-20261004,18,1,output,std,0.0022349418388071004,0
fedavg-mnist-iid-reference-seed21-20261004,18,1,output,median,-1.1641532182693481e-08,0
fedavg-mnist-iid-reference-seed21-20261004,18,1,output,min,-0.009625602513551712,0
fedavg-mnist-iid-reference-seed21-20261004,18,1,output,max,0.01163618266582489,0
fedavg-mnist-iid-reference-seed21-20261004,18,1,output,l1,0.7964476876259141,0
fedavg-mnist-iid-reference-seed21-20261004,18,1,output,l2,0.05698006023911441,0
fedavg-mnist-iid-reference-seed21-20261004,18,1,output,max_abs,0.01163618266582489,0
fedavg-mnist-iid-reference-seed21-20261004,18,1,output,sparsity,0.14923076923076922,0
fedavg-mnist-iid-reference-seed21-20261004,18,1,output,skewness,1.2532829811980206,0
fedavg-mnist-iid-reference-seed21-20261004,18,1,output,kurtosis,6.691794491113589,0
fedavg-mnist-iid-reference-seed21-20261004,18,2,conv1,mean,0.0010450712870806456,0
fedavg-mnist-iid-reference-seed21-20261004,18,2,conv1,std,0.0010170597057778692,0
fedavg-mnist-iid-reference-seed21-20261004,18,2,conv1,median,0.0008200109004974365,0
fedavg-mnist-iid-reference-seed21-20261004,18,2,conv1,min,-0.0005357377231121063,0
fedavg-mnist-iid-reference-seed21-20261004,18,2,conv1,max,0.004784733057022095,0
fedavg-mnist-iid-reference-seed21-20261004,18,2,conv1,l1,0.17483068350702524,0
fedavg-mnist-iid-reference-seed21-20261004,18,2,conv1,l2,0.018445961900415444,0
fedavg-mnist-iid-reference-seed21-20261004,18,2,conv1,max_abs,0.004784733057022095,0
fedavg-mnist-iid-reference-seed21-20261004,18,2,conv1,sparsity,0.0,0
fedavg-mnist-iid-reference-seed21-20261004,18,2,conv1,skewness,1.0488646392283711,0
fedavg-mnist-iid-reference-seed21-20261004,18,2,conv1,kurtosis,1.3449828569436644,0
fedavg-mnist-iid-reference-seed21-20261004,18,2,conv2,mean,0.00012955959452252218,0
fedavg-mnist-iid-reference-seed21-20261004,18,2,conv2,std,0.0003557598208203361,0
fedavg-mnist-iid-reference-seed21-20261004,18,2,conv2,median,3.876117989420891e-05,0
fedavg-mnist-iid-reference-seed21-20261004,18,2,conv2,min,-0.001173410564661026,0
fedavg-mnist-iid-reference-seed21-20261004,18,2,conv2,max,0.002451106905937195,0
fedavg-mnist-iid-reference-seed21-20261004,18,2,conv2,l1,1.089134344762897,0
fedavg-mnist-iid-reference-seed21-20261004,18,2,conv2,l2,0.02579045225084906,0
fedavg-mnist-iid-reference-seed21-20261004,18,2,conv2,max_abs,0.002451106905937195,0
fedavg-mnist-iid-reference-seed21-20261004,18,2,conv2,sparsity,0.0,0
fedavg-mnist-iid-reference-seed21-20261004,18,2,conv2,skewness,1.6403210959441887,0
fedavg-mnist-iid-reference-seed21-20261004,18,2,conv2,kurtosis,5.05876775557558,0
fedavg-mnist-iid-reference-seed21-20261004,18,2,fc1,mean,2.1324407518842972e-05,0
fedavg-mnist-iid-reference-seed21-20261004,18,2,fc1,std,0.00032747886679112404,0
fedavg-mnist-iid-reference-seed21-20261004,18,2,fc1,median,0.0,0
fedavg-mnist-iid-reference-seed21-20261004,18,2,fc1,min,-0.004632258787751198,0
fedavg-mnist-iid-reference-seed21-20261004,18,2,fc1,max,0.004536264110356569,0
fedavg-mnist-iid-reference-seed21-20261004,18,2,fc1,l1,13.193219709317873,0
fedavg-mnist-iid-reference-seed21-20261004,18,2,fc1,l2,0.1039928644894446,0
fedavg-mnist-iid-reference-seed21-20261004,18,2,fc1,max_abs,0.004632258787751198,0
fedavg-mnist-iid-reference-seed21-20261004,18,2,fc1,sparsity,0.17211400573613767,0
fedavg-mnist-iid-reference-seed21-20261004,18,2,fc1,skewness,0.6902184222456148,0
fedavg-mnist-iid-reference-seed21-20261004,18,2,fc1,kurtosis,27.868577033173022,0
fedavg-mnist-iid-reference-seed21-20261004,18,2,output,mean,1.2027437780768826e-10,0
fedavg-mnist-iid-reference-seed21-20261004,18,2,output,std,0.002284176552246525,0
fedavg-mnist-iid-reference-seed21-20261004,18,2,output,median,0.0,0
fedavg-mnist-iid-reference-seed21-20261004,18,2,output,min,-0.010059712454676628,0
fedavg-mnist-iid-reference-seed21-20261004,18,2,output,max,0.014890328049659729,0
fedavg-mnist-iid-reference-seed21-20261004,18,2,output,l1,0.759486350516454,0
fedavg-mnist-iid-reference-seed21-20261004,18,2,output,l2,0.05823530406198068,0
fedavg-mnist-iid-reference-seed21-20261004,18,2,output,max_abs,0.014890328049659729,0
fedavg-mnist-iid-reference-seed21-20261004,18,2,output,sparsity,0.14615384615384616,0
fedavg-mnist-iid-reference-seed21-20261004,18,2,output,skewness,1.2136597412428596,0
fedavg-mnist-iid-reference-seed21-20261004,18,2,output,kurtosis,10.832806192580295,0
fedavg-mnist-iid-reference-seed21-20261004,18,3,conv1,mean,0.0008231902975239791,0
fedavg-mnist-iid-reference-seed21-20261004,18,3,conv1,std,0.0007480582467681456,0
fedavg-mnist-iid-reference-seed21-20261004,18,3,conv1,median,0.0007476104656234384,0
fedavg-mnist-iid-reference-seed21-20261004,18,3,conv1,min,-0.0004637092351913452,0
fedavg-mnist-iid-reference-seed21-20261004,18,3,conv1,max,0.003094613552093506,0
fedavg-mnist-iid-reference-seed21-20261004,18,3,conv1,l1,0.13882741727866232,0
fedavg-mnist-iid-reference-seed21-20261004,18,3,conv1,l2,0.014069731519800649,0
fedavg-mnist-iid-reference-seed21-20261004,18,3,conv1,max_abs,0.003094613552093506,0
fedavg-mnist-iid-reference-seed21-20261004,18,3,conv1,sparsity,0.0,0
fedavg-mnist-iid-reference-seed21-20261004,18,3,conv1,skewness,0.5515175245204541,0
fedavg-mnist-iid-reference-seed21-20261004,18,3,conv1,kurtosis,-0.18761660231948474,0
fedavg-mnist-iid-reference-seed21-20261004,18,3,conv2,mean,9.151498042785596e-05,0
fedavg-mnist-iid-reference-seed21-20261004,18,3,conv2,std,0.00027677592442053057,0
fedavg-mnist-iid-reference-seed21-20261004,18,3,conv2,median,2.8224661946296692e-05,0
fedavg-mnist-iid-reference-seed21-20261004,18,3,conv2,min,-0.0019533708691596985,0
fedavg-mnist-iid-reference-seed21-20261004,18,3,conv2,max,0.0014862492680549622,0
fedavg-mnist-iid-reference-seed21-20261004,18,3,conv2,l1,0.8725642843473906,0
fedavg-mnist-iid-reference-seed21-20261004,18,3,conv2,l2,0.019857158771445435,0
fedavg-mnist-iid-reference-seed21-20261004,18,3,conv2,max_abs,0.0019533708691596985,0
fedavg-mnist-iid-reference-seed21-20261004,18,3,conv2,sparsity,0.0,0
fedavg-mnist-iid-reference-seed21-20261004,18,3,conv2,skewness,0.43499723765113035,0
fedavg-mnist-iid-reference-seed21-20261004,18,3,conv2,kurtosis,4.075499690538628,0
fedavg-mnist-iid-reference-seed21-20261004,18,3,fc1,mean,-1.5978675582524368e-06,0
fedavg-mnist-iid-reference-seed21-20261004,18,3,fc1,std,0.00022804455831895284,0
fedavg-mnist-iid-reference-seed21-20261004,18,3,fc1,median,0.0,0
fedavg-mnist-iid-reference-seed21-20261004,18,3,fc1,min,-0.002578826155513525,0
fedavg-mnist-iid-reference-seed21-20261004,18,3,fc1,max,0.003462095744907856,0
fedavg-mnist-iid-reference-seed21-20261004,18,3,fc1,l1,10.219507889207122,0
fedavg-mnist-iid-reference-seed21-20261004,18,3,fc1,l2,0.07226563661551734,0
fedavg-mnist-iid-reference-seed21-20261004,18,3,fc1,max_abs,0.003462095744907856,0
fedavg-mnist-iid-reference-seed21-20261004,18,3,fc1,sparsity,0.15757449012109623,0
fedavg-mnist-iid-reference-seed21-20261004,18,3,fc1,skewness,0.23346035020725903,0
fedavg-mnist-iid-reference-seed21-20261004,18,3,fc1,kurtosis,19.55474152347107,0
fedavg-mnist-iid-reference-seed21-20261004,18,3,output,mean,-2.954374604786818e-10,0
fedavg-mnist-iid-reference-seed21-20261004,18,3,output,std,0.001385340919815869,0
fedavg-mnist-iid-reference-seed21-20261004,18,3,output,median,0.0,0
fedavg-mnist-iid-reference-seed21-20261004,18,3,output,min,-0.005845516920089722,0
fedavg-mnist-iid-reference-seed21-20261004,18,3,output,max,0.006879184860736132,0
fedavg-mnist-iid-reference-seed21-20261004,18,3,output,l1,0.5507348909086431,0
fedavg-mnist-iid-reference-seed21-20261004,18,3,output,l2,0.03531940191559927,0
fedavg-mnist-iid-reference-seed21-20261004,18,3,output,max_abs,0.006879184860736132,0
fedavg-mnist-iid-reference-seed21-20261004,18,3,output,sparsity,0.13384615384615384,0
fedavg-mnist-iid-reference-seed21-20261004,18,3,output,skewness,0.4016164756367731,0
fedavg-mnist-iid-reference-seed21-20261004,18,3,output,kurtosis,4.043744496366248,0
fedavg-mnist-iid-reference-seed21-20261004,18,4,conv1,mean,0.0008395885117352009,0
fedavg-mnist-iid-reference-seed21-20261004,18,4,conv1,std,0.0007595290401021593,0
fedavg-mnist-iid-reference-seed21-20261004,18,4,conv1,median,0.0006728880107402802,0
fedavg-mnist-iid-reference-seed21-20261004,18,4,conv1,min,-0.0005463585257530212,0
fedavg-mnist-iid-reference-seed21-20261004,18,4,conv1,max,0.00325775146484375,0
fedavg-mnist-iid-reference-seed21-20261004,18,4,conv1,l1,0.14147320203483105,0
fedavg-mnist-iid-reference-seed21-20261004,18,4,conv1,l2,0.014320856017968965,0
fedavg-mnist-iid-reference-seed21-20261004,18,4,conv1,max_abs,0.00325775146484375,0
fedavg-mnist-iid-reference-seed21-20261004,18,4,conv1,sparsity,0.0,0
fedavg-mnist-iid-reference-seed21-20261004,18,4,conv1,skewness,0.5650464074465527,0
fedavg-mnist-iid-reference-seed21-20261004,18,4,conv1,kurtosis,-0.20097500150430392,0
fedavg-mnist-iid-reference-seed21-20261004,18,4,conv2,mean,8.388998198393767e-05,0
fedavg-mnist-iid-reference-seed21-20261004,18,4,conv2,std,0.00028135827498416933,0
fedavg-mnist-iid-reference-seed21-20261004,18,4,conv2,median,3.0695460736751556e-05,0
fedavg-mnist-iid-reference-seed21-20261004,18,4,conv2,min,-0.0017063170671463013,0
fedavg-mnist-iid-reference-seed21-20261004,18,4,conv2,max,0.001539774239063263,0
fedavg-mnist-iid-reference-seed21-20261004,18,4,conv2,l1,0.8876943786035554,0
fedavg-mnist-iid-reference-seed21-20261004,18,4,conv2,l2,0.01999920090963897,0
fedavg-mnist-iid-reference-seed21-20261004,18,4,conv2,max_abs,0.0017063170671463013,0
fedavg-mnist-iid-reference-seed21-20261004,18,4,conv2,sparsity,0.0,0
fedavg-mnist-iid-reference-seed21-20261004,18,4,conv2,skewness,0.45707756761538454,0
fedavg-mnist-iid-reference-seed21-20261004,18,4,conv2,kurtosis,3.8886970033571613,0
fedavg-mnist-iid-reference-seed21-20261004,18,4,fc1,mean,-9.713376231189639e-06,0
fedavg-mnist-iid-reference-seed21-20261004,18,4,fc1,std,0.00024902406867695326,0
fedavg-mnist-iid-reference-seed21-20261004,18,4,fc1,median,0.0,0
fedavg-mnist-iid-reference-seed21-20261004,18,4,fc1,min,-0.003027128055691719,0
fedavg-mnist-iid-reference-seed21-20261004,18,4,fc1,max,0.0042985789477825165,0
fedavg-mnist-iid-reference-seed21-20261004,18,4,fc1,l1,10.623023203733425,0
fedavg-mnist-iid-reference-seed21-20261004,18,4,fc1,l2,0.07897195893347134,0
fedavg-mnist-iid-reference-seed21-20261004,18,4,fc1,max_abs,0.0042985789477825165,0
fedavg-mnist-iid-reference-seed21-20261004,18,4,fc1,sparsity,0.18219208094327596,0
fedavg-mnist-iid-reference-seed21-20261004,18,4,fc1,skewness,0.36018922448890567,0
fedavg-mnist-iid-reference-seed21-20261004,18,4,fc1,kurtosis,24.90446918740774,0
fedavg-mnist-iid-reference-seed21-20261004,18,4,output,mean,4.5144518550771936e-10,0
fedavg-mnist-iid-reference-seed21-20261004,18,4,output,std,0.0017417183483979378,0
fedavg-mnist-iid-reference-seed21-20261004,18,4,output,median,0.0,0
fedavg-mnist-iid-reference-seed21-20261004,18,4,output,min,-0.007452934980392456,0
fedavg-mnist-iid-reference-seed21-20261004,18,4,output,max,0.004586279392242432,0
fedavg-mnist-iid-reference-seed21-20261004,18,4,output,l1,0.7099270468315808,0
fedavg-mnist-iid-reference-seed21-20261004,18,4,output,l2,0.044405279228319904,0
fedavg-mnist-iid-reference-seed21-20261004,18,4,output,max_abs,0.007452934980392456,0
fedavg-mnist-iid-reference-seed21-20261004,18,4,output,sparsity,0.1646153846153846,0
fedavg-mnist-iid-reference-seed21-20261004,18,4,output,skewness,-0.6830433568073829,0
fedavg-mnist-iid-reference-seed21-20261004,18,4,output,kurtosis,2.7483472044966355,0
fedavg-mnist-iid-reference-seed21-20261004,19,0,conv1,mean,0.0005186536596738734,0
fedavg-mnist-iid-reference-seed21-20261004,19,0,conv1,std,0.0006745618081768704,0
fedavg-mnist-iid-reference-seed21-20261004,19,0,conv1,median,0.00047602877020835876,0
fedavg-mnist-iid-reference-seed21-20261004,19,0,conv1,min,-0.0012946873903274536,0
fedavg-mnist-iid-reference-seed21-20261004,19,0,conv1,max,0.0027795732021331787,0
fedavg-mnist-iid-reference-seed21-20261004,19,0,conv1,l1,0.10328463301993906,0
fedavg-mnist-iid-reference-seed21-20261004,19,0,conv1,l2,0.010763161258618778,0
fedavg-mnist-iid-reference-seed21-20261004,19,0,conv1,max_abs,0.0027795732021331787,0
fedavg-mnist-iid-reference-seed21-20261004,19,0,conv1,sparsity,0.0,0
fedavg-mnist-iid-reference-seed21-20261004,19,0,conv1,skewness,0.5737501653664515,0
fedavg-mnist-iid-reference-seed21-20261004,19,0,conv1,kurtosis,0.7909105414568147,0
fedavg-mnist-iid-reference-seed21-20261004,19,0,conv2,mean,3.7391596926920946e-05,0
fedavg-mnist-iid-reference-seed21-20261004,19,0,conv2,std,0.0002926843280722278,0
fedavg-mnist-iid-reference-seed21-20261004,19,0,conv2,median,1.9209925085306168e-05,0
fedavg-mnist-iid-reference-seed21-20261004,19,0,conv2,min,-0.0026952773332595825,0
fedavg-mnist-iid-reference-seed21-20261004,19,0,conv2,max,0.0022627711296081543,0
fedavg-mnist-iid-reference-seed21-20261004,19,0,conv2,l1,0.8676863970663362,0
fedavg-mnist-iid-reference-seed21-20261004,19,0,conv2,l2,0.020098975795498703,0
fedavg-mnist-iid-reference-seed21-20261004,19,0,conv2,max_abs,0.0026952773332595825,0
fedavg-mnist-iid-reference-seed21-20261004,19,0,conv2,sparsity,0.00021551724137931034,0
fedavg-mnist-iid-reference-seed21-20261004,19,0,conv2,skewness,-0.8815650236278886,0
fedavg-mnist-iid-reference-seed21-20261004,19,0,conv2,kurtosis,9.503640621545387,0
fedavg-mnist-iid-reference-seed21-20261004,19,0,fc1,mean,-4.687887712336219e-06,0
fedavg-mnist-iid-reference-seed21-20261004,19,0,fc1,std,0.00026728397018430496,0
fedavg-mnist-iid-reference-seed21-20261004,19,0,fc1,median,0.0,0
fedavg-mnist-iid-reference-seed21-20261004,19,0,fc1,min,-0.004608023911714554,0
fedavg-mnist-iid-reference-seed21-20261004,19,0,fc1,max,0.0030523762106895447,0
fedavg-mnist-iid-reference-seed21-20261004,19,0,fc1,l1,11.59952053811935,0
fedavg-mnist-iid-reference-seed21-20261004,19,0,fc1,l2,0.08471126361248783,0
fedavg-mnist-iid-reference-seed21-20261004,19,0,fc1,max_abs,0.004608023911714554,0
fedavg-mnist-iid-reference-seed21-20261004,19,0,fc1,sparsity,0.19730919375398343,0
fedavg-mnist-iid-reference-seed21-20261004,19,0,fc1,skewness,-1.0316622705785223,0
fedavg-mnist-iid-reference-seed21-20261004,19,0,fc1,kurtosis,23.225925228287057,0
fedavg-mnist-iid-reference-seed21-20261004,19,0,output,mean,-5.4678821470588443e-11,0
fedavg-mnist-iid-reference-seed21-20261004,19,0,output,std,0.0015805170808096355,0
fedavg-mnist-iid-reference-seed21-20261004,19,0,output,median,0.0,0
fedavg-mnist-iid-reference-seed21-20261004,19,0,output,min,-0.005682364106178284,0
fedavg-mnist-iid-reference-seed21-20261004,19,0,output,max,0.007761925458908081,0
fedavg-mnist-iid-reference-seed21-20261004,19,0,output,l1,0.6192504824484786,0
fedavg-mnist-iid-reference-seed21-20261004,19,0,output,l2,0.040295437183075204,0
fedavg-mnist-iid-reference-seed21-20261004,19,0,output,max_abs,0.007761925458908081,0
fedavg-mnist-iid-reference-seed21-20261004,19,0,output,sparsity,0.17076923076923076,0
fedavg-mnist-iid-reference-seed21-20261004,19,0,output,skewness,0.48229545325518447,0
fedavg-mnist-iid-reference-seed21-20261004,19,0,output,kurtosis,3.9198937668578733,0
fedavg-mnist-iid-reference-seed21-20261004,19,1,conv1,mean,0.0007160389504861087,0
fedavg-mnist-iid-reference-seed21-20261004,19,1,conv1,std,0.000686125326935993,0
fedavg-mnist-iid-reference-seed21-20261004,19,1,conv1,median,0.0006221681833267212,0
fedavg-mnist-iid-reference-seed21-20261004,19,1,conv1,min,-0.00046011805534362793,0
fedavg-mnist-iid-reference-seed21-20261004,19,1,conv1,max,0.0028144121170043945,0
fedavg-mnist-iid-reference-seed21-20261004,19,1,conv1,l1,0.12372875027358532,0
fedavg-mnist-iid-reference-seed21-20261004,19,1,conv1,l2,0.012544192236258316,0
fedavg-mnist-iid-reference-seed21-20261004,19,1,conv1,max_abs,0.0028144121170043945,0
fedavg-mnist-iid-reference-seed21-20261004,19,1,conv1,sparsity,0.0,0
fedavg-mnist-iid-reference-seed21-20261004,19,1,conv1,skewness,0.6359026842066072,0
fedavg-mnist-iid-reference-seed21-20261004,19,1,conv1,kurtosis,0.0993291842306081,0
fedavg-mnist-iid-reference-seed21-20261004,19,1,conv2,mean,5.50588023669179e-05,0
fedavg-mnist-iid-reference-seed21-20261004,19,1,conv2,std,0.0002772984290149275,0
fedavg-mnist-iid-reference-seed21-20261004,19,1,conv2,median,1.8921680748462677e-05,0
fedavg-mnist-iid-reference-seed21-20261004,19,1,conv2,min,-0.0021103844046592712,0
fedavg-mnist-iid-reference-seed21-20261004,19,1,conv2,max,0.0016850754618644714,0
fedavg-mnist-iid-reference-seed21-20261004,19,1,conv2,l1,0.863616834584036,0
fedavg-mnist-iid-reference-seed21-20261004,19,1,conv2,l2,0.019257625287099372,0
fedavg-mnist-iid-reference-seed21-20261004,19,1,conv2,max_abs,0.0021103844046592712,0
fedavg-mnist-iid-reference-seed21-20261004,19,1,conv2,sparsity,0.0,0
fedavg-mnist-iid-reference-seed21-20261004,19,1,conv2,skewness,0.3513557346857109,0
fedavg-mnist-iid-reference-seed21-20261004,19,1,conv2,kurtosis,4.412536299098968,0
fedavg-mnist-iid-reference-seed21-20261004,19,1,fc1,mean,-1.665232858128237e-05,0
fedavg-mnist-iid-reference-seed21-20261004,19,1,fc1,std,0.0003305514865151979,0
fedavg-mnist-iid-reference-seed21-20261004,19,1,fc1,median,0.0,0
fedavg-mnist-iid-reference-seed21-20261004,19,1,fc1,min,-0.0040703946724534035,0
fedavg-mnist-iid-reference-seed21-20261004,19,1,fc1,max,0.0048124659806489944,0
fedavg-mnist-iid-reference-seed21-20261004,19,1,fc1,l1,14.399487230883096,0
fedavg-mnist-iid-reference-seed21-20261004,19,1,fc1,l2,0.10487958727958932,0
fedavg-mnist-iid-reference-seed21-20261004,19,1,fc1,max_abs,0.0048124659806489944,0
fedavg-mnist-iid-reference-seed21-20261004,19,1,fc1,sparsity,0.1687081739961759,0
fedavg-mnist-iid-reference-seed21-20261004,19,1,fc1,skewness,-0.5095046224265588,0
fedavg-mnist-iid-reference-seed21-20261004,19,1,fc1,kurtosis,20.90765946664877,0
fedavg-mnist-iid-reference-seed21-20261004,19,1,output,mean,-4.099162582021493e-11,0
fedavg-mnist-iid-reference-seed21-20261004,19,1,output,std,0.002121162858695141,0
fedavg-mnist-iid-reference-seed21-20261004,19,1,output,median,-2.421438694000244e-08,0
fedavg-mnist-iid-reference-seed21-20261004,19,1,output,min,-0.009230148047208786,0
fedavg-mnist-iid-reference-seed21-20261004,19,1,output,max,0.010843142867088318,0
fedavg-mnist-iid-reference-seed21-20261004,19,1,output,l1,0.7573697810148587,0
fedavg-mnist-iid-reference-seed21-20261004,19,1,output,l2,0.05407925403997389,0
fedavg-mnist-iid-reference-seed21-20261004,19,1,output,max_abs,0.010843142867088318,0
fedavg-mnist-iid-reference-seed21-20261004,19,1,output,sparsity,0.15076923076923077,0
fedavg-mnist-iid-reference-seed21-20261004,19,1,output,skewness,1.2540407510569127,0
fedavg-mnist-iid-reference-seed21-20261004,19,1,output,kurtosis,6.729379896305236,0
fedavg-mnist-iid-reference-seed21-20261004,19,2,conv1,mean,0.0009678387217718409,0
fedavg-mnist-iid-reference-seed21-20261004,19,2,conv1,std,0.0009676983237884143,0
fedavg-mnist-iid-reference-seed21-20261004,19,2,conv1,median,0.0007669813930988312,0
fedavg-mnist-iid-reference-seed21-20261004,19,2,conv1,min,-0.0005759112536907196,0
fedavg-mnist-iid-reference-seed21-20261004,19,2,conv1,max,0.004514038562774658,0
fedavg-mnist-iid-reference-seed21-20261004,19,2,conv1,l1,0.16286917991237715,0
fedavg-mnist-iid-reference-seed21-20261004,19,2,conv1,l2,0.01731196967291178,0
fedavg-mnist-iid-reference-seed21-20261004,19,2,conv1,max_abs,0.004514038562774658,0
fedavg-mnist-iid-reference-seed21-20261004,19,2,conv1,sparsity,0.0,0
fedavg-mnist-iid-reference-seed21-20261004,19,2,conv1,skewness,1.0842401077113029,0
fedavg-mnist-iid-reference-seed21-20261004,19,2,conv1,kurtosis,1.4319839243629158,0
fedavg-mnist-iid-reference-seed21-20261004,19,2,conv2,mean,0.00011587234906050197,0
fedavg-mnist-iid-reference-seed21-20261004,19,2,conv2,std,0.00034525486193882085,0
fedavg-mnist-iid-reference-seed21-20261004,19,2,conv2,median,3.579072654247284e-05,0
fedavg-mnist-iid-reference-seed21-20261004,19,2,conv2,min,-0.001183096319437027,0
fedavg-mnist-iid-reference-seed21-20261004,19,2,conv2,max,0.0023948997259140015,0
fedavg-mnist-iid-reference-seed21-20261004,19,2,conv2,l1,1.0478725085995393,0
fedavg-mnist-iid-reference-seed21-20261004,19,2,conv2,l2,0.024807070953602236,0
fedavg-mnist-iid-reference-seed21-20261004,19,2,conv2,max_abs,0.0023948997259140015,0
fedavg-mnist-iid-reference-seed21-20261004,19,2,conv2,sparsity,0.0,0
fedavg-mnist-iid-reference-seed21-20261004,19,2,conv2,skewness,1.6018474856050688,0
fedavg-mnist-iid-reference-seed21-20261004,19,2,conv2,kurtosis,5.231028436244163,0
fedavg-mnist-iid-reference-seed21-20261004,19,2,fc1,mean,1.6824774164676755e-05,0
fedavg-mnist-iid-reference-seed21-20261004,19,2,fc1,std,0.00033354155830552217,0
fedavg-mnist-iid-reference-seed21-20261004,19,2,fc1,median,0.0,0
fedavg-mnist-iid-reference-seed21-20261004,19,2,fc1,min,-0.004561516456305981,0
fedavg-mnist-iid-reference-seed21-20261004,19,2,fc1,max,0.004520859103649855,0
fedavg-mnist-iid-reference-seed21-20261004,19,2,fc1,l1,13.5344459075327,0
fedavg-mnist-iid-reference-seed21-20261004,19,2,fc1,l2,0.10582864527442534,0
fedavg-mnist-iid-reference-seed21-20261004,19,2,fc1,max_abs,0.004561516456305981,0
fedavg-mnist-iid-reference-seed21-20261004,19,2,fc1,sparsity,0.1711878585086042,0
fedavg-mnist-iid-reference-seed21-20261004,19,2,fc1,skewness,0.40204118593785304,0
fedavg-mnist-iid-reference-seed21-20261004,19,2,fc1,kurtosis,25.59616163096772,0
fedavg-mnist-iid-reference-seed21-20261004,19,2,output,mean,-4.5101142649610453e-10,0
fedavg-mnist-iid-reference-seed21-20261004,19,2,output,std,0.0022072649695566633,0
fedavg-mnist-iid-reference-seed21-20261004,19,2,output,median,0.0,0
fedavg-mnist-iid-reference-seed21-20261004,19,2,output,min,-0.009863682091236115,0
fedavg-mnist-iid-reference-seed21-20261004,19,2,output,max,0.014453962445259094,0
fedavg-mnist-iid-reference-seed21-20261004,19,2,output,l1,0.7205258566191333,0
fedavg-mnist-iid-reference-seed21-20261004,19,2,output,l2,0.056274435757197226,0
fedavg-mnist-iid-reference-seed21-20261004,19,2,output,max_abs,0.014453962445259094,0
fedavg-mnist-iid-reference-seed21-20261004,19,2,output,sparsity,0.14923076923076922,0
fedavg-mnist-iid-reference-seed21-20261004,19,2,output,skewness,1.2365139990895904,0
fedavg-mnist-iid-reference-seed21-20261004,19,2,output,kurtosis,11.374176248429862,0
fedavg-mnist-iid-reference-seed21-20261004,19,3,conv1,mean,0.0007302340996830026,0
fedavg-mnist-iid-reference-seed21-20261004,19,3,conv1,std,0.0006764419883407565,0
fedavg-mnist-iid-reference-seed21-20261004,19,3,conv1,median,0.0006957966834306717,0
fedavg-mnist-iid-reference-seed21-20261004,19,3,conv1,min,-0.0005059689283370972,0
fedavg-mnist-iid-reference-seed21-20261004,19,3,conv1,max,0.002773195505142212,0
fedavg-mnist-iid-reference-seed21-20261004,19,3,conv1,l1,0.12451456399867311,0
fedavg-mnist-iid-reference-seed21-20261004,19,3,conv1,l2,0.012590889429616902,0
fedavg-mnist-iid-reference-seed21-20261004,19,3,conv1,max_abs,0.002773195505142212,0
fedavg-mnist-iid-reference-seed21-20261004,19,3,conv1,sparsity,0.0,0
fedavg-mnist-iid-reference-seed21-20261004,19,3,conv1,skewness,0.5124395282374243,0
fedavg-mnist-iid-reference-seed21-20261004,19,3,conv1,kurtosis,-0.18597415134585482,0
fedavg-mnist-iid-reference-seed21-20261004,19,3,conv2,mean,7.858470500321284e-05,0
fedavg-mnist-iid-reference-seed21-20261004,19,3,conv2,std,0.0002573611515531195,0
fedavg-mnist-iid-reference-seed21-20261004,19,3,conv2,median,2.6034191250801086e-05,0
fedavg-mnist-iid-reference-seed21-20261004,19,3,conv2,min,-0.0018445327877998352,0
fedavg-mnist-iid-reference-seed21-20261004,19,3,conv2,max,0.001314312219619751,0
fedavg-mnist-iid-reference-seed21-20261004,19,3,conv2,l1,0.8126245740095328,0
fedavg-mnist-iid-reference-seed21-20261004,19,3,conv2,l2,0.0183298629672412,0
fedavg-mnist-iid-reference-seed21-20261004,19,3,conv2,max_abs,0.0018445327877998352,0
fedavg-mnist-iid-reference-seed21-20261004,19,3,conv2,sparsity,0.0,0
fedavg-mnist-iid-reference-seed21-20261004,19,3,conv2,skewness,0.29932738356818783,0
fedavg-mnist-iid-reference-seed21-20261004,19,3,conv2,kurtosis,4.167278918585153,0
fedavg-mnist-iid-reference-seed21-20261004,19,3,fc1,mean,-2.7284406788408763e-06,0
fedavg-mnist-iid-reference-seed21-20261004,19,3,fc1,std,0.00022425072855557183,0
fedavg-mnist-iid-reference-seed21-20261004,19,3,fc1,median,0.0,0
fedavg-mnist-iid-reference-seed21-20261004,19,3,fc1,min,-0.002639278769493103,0
fedavg-mnist-iid-reference-seed21-20261004,19,3,fc1,max,0.0033654235303401947,0
fedavg-mnist-iid-reference-seed21-20261004,19,3,fc1,l1,10.079337951134335,0
fedavg-mnist-iid-reference-seed21-20261004,19,3,fc1,l2,0.07106691516747514,0
fedavg-mnist-iid-reference-seed21-20261004,19,3,fc1,max_abs,0.0033654235303401947,0
fedavg-mnist-iid-reference-seed21-20261004,19,3,fc1,sparsity,0.1561205385595921,0
fedavg-mnist-iid-reference-seed21-20261004,19,3,fc1,skewness,0.1754044555867756,0
fedavg-mnist-iid-reference-seed21-20261004,19,3,fc1,kurtosis,19.23862524133453,0
fedavg-mnist-iid-reference-seed21-20261004,19,3,output,mean,2.4610646785451816e-10,0
fedavg-mnist-iid-reference-seed21-20261004,19,3,output,std,0.001343294616849207,0
fedavg-mnist-iid-reference-seed21-20261004,19,3,output,median,0.0,0
fedavg-mnist-iid-reference-seed21-20261004,19,3,output,min,-0.005402266979217529,0
fedavg-mnist-iid-reference-seed21-20261004,19,3,output,max,0.006479005329310894,0
fedavg-mnist-iid-reference-seed21-20261004,19,3,output,l1,0.5360649376671063,0
fedavg-mnist-iid-reference-seed21-20261004,19,3,output,l2,0.034247427319091826,0
fedavg-mnist-iid-reference-seed21-20261004,19,3,output,max_abs,0.006479005329310894,0
fedavg-mnist-iid-reference-seed21-20261004,19,3,output,sparsity,0.13692307692307693,0
fedavg-mnist-iid-reference-seed21-20261004,19,3,output,skewness,0.3544759280949193,0
fedavg-mnist-iid-reference-seed21-20261004,19,3,output,kurtosis,3.8250413735584683,0
fedavg-mnist-iid-reference-seed21-20261004,19,4,conv1,mean,0.0007514026874559931,0
fedavg-mnist-iid-reference-seed21-20261004,19,4,conv1,std,0.0006857697613660594,0
fedavg-mnist-iid-reference-seed21-20261004,19,4,conv1,median,0.0006309077143669128,0
fedavg-mnist-iid-reference-seed21-20261004,19,4,conv1,min,-0.0005161724984645844,0
fedavg-mnist-iid-reference-seed21-20261004,19,4,conv1,max,0.002965867519378662,0
fedavg-mnist-iid-reference-seed21-20261004,19,4,conv1,l1,0.12707404769025743,0
fedavg-mnist-iid-reference-seed21-20261004,19,4,conv1,l2,0.01286785865213106,0
fedavg-mnist-iid-reference-seed21-20261004,19,4,conv1,max_abs,0.002965867519378662,0
fedavg-mnist-iid-reference-seed21-20261004,19,4,conv1,sparsity,0.0,0
fedavg-mnist-iid-reference-seed21-20261004,19,4,conv1,skewness,0.569973361229462,0
fedavg-mnist-iid-reference-seed21-20261004,19,4,conv1,kurtosis,-0.13314420473329758,0
fedavg-mnist-iid-reference-seed21-20261004,19,4,conv2,mean,6.989101446434092e-05,0
fedavg-mnist-iid-reference-seed21-20261004,19,4,conv2,std,0.0002635476665336326,0
fedavg-mnist-iid-reference-seed21-20261004,19,4,conv2,median,2.6930123567581177e-05,0
fedavg-mnist-iid-reference-seed21-20261004,19,4,conv2,min,-0.0016466900706291199,0
fedavg-mnist-iid-reference-seed21-20261004,19,4,conv2,max,0.0014208555221557617,0
fedavg-mnist-iid-reference-seed21-20261004,19,4,conv2,l1,0.8312963967091491,0
fedavg-mnist-iid-reference-seed21-20261004,19,4,conv2,l2,0.01857276141754757,0
fedavg-mnist-iid-reference-seed21-20261004,19,4,conv2,max_abs,0.0016466900706291199,0
fedavg-mnist-iid-reference-seed21-20261004,19,4,conv2,sparsity,0.00021551724137931034,0
fedavg-mnist-iid-reference-seed21-20261004,19,4,conv2,skewness,0.2811892999813792,0
fedavg-mnist-iid-reference-seed21-20261004,19,4,conv2,kurtosis,4.020725338224721,0
fedavg-mnist-iid-reference-seed21-20261004,19,4,fc1,mean,-8.894079637584499e-06,0
fedavg-mnist-iid-reference-seed21-20261004,19,4,fc1,std,0.00023980699770072972,0
fedavg-mnist-iid-reference-seed21-20261004,19,4,fc1,median,0.0,0
fedavg-mnist-iid-reference-seed21-20261004,19,4,fc1,min,-0.003019658848643303,0
fedavg-mnist-iid-reference-seed21-20261004,19,4,fc1,max,0.004178650677204132,0
fedavg-mnist-iid-reference-seed21-20261004,19,4,fc1,l1,10.220188190763452,0
fedavg-mnist-iid-reference-seed21-20261004,19,4,fc1,l2,0.07604344852921956,0
fedavg-mnist-iid-reference-seed21-20261004,19,4,fc1,max_abs,0.004178650677204132,0
fedavg-mnist-iid-reference-seed21-20261004,19,4,fc1,sparsity,0.1824111695347355,0
fedavg-mnist-iid-reference-seed21-20261004,19,4,fc1,skewness,0.4937437594045337,0
fedavg-mnist-iid-reference-seed21-20261004,19,4,fc1,kurtosis,25.412356883529487,0
fedavg-mnist-iid-reference-seed21-20261004,19,4,output,mean,-1.784624496045021e-10,0
fedavg-mnist-iid-reference-seed21-20261004,19,4,output,std,0.0016796943136955932,0
fedavg-mnist-iid-reference-seed21-20261004,19,4,output,median,0.0,0
fedavg-mnist-iid-reference-seed21-20261004,19,4,output,min,-0.007343485951423645,0
fedavg-mnist-iid-reference-seed21-20261004,19,4,output,max,0.0044136643409729,0
fedavg-mnist-iid-reference-seed21-20261004,19,4,output,l1,0.6825152291494305,0
fedavg-mnist-iid-reference-seed21-20261004,19,4,output,l2,0.04282397041202359,0
fedavg-mnist-iid-reference-seed21-20261004,19,4,output,max_abs,0.007343485951423645,0
fedavg-mnist-iid-reference-seed21-20261004,19,4,output,sparsity,0.16615384615384615,0
fedavg-mnist-iid-reference-seed21-20261004,19,4,output,skewness,-0.72064939377777,0
fedavg-mnist-iid-reference-seed21-20261004,19,4,output,kurtosis,2.878006077047795,0
fedavg-mnist-iid-reference-seed21-20261004,20,0,conv1,mean,0.0004644426204322372,0
fedavg-mnist-iid-reference-seed21-20261004,20,0,conv1,std,0.000635784820565859,0
fedavg-mnist-iid-reference-seed21-20261004,20,0,conv1,median,0.00045525282621383667,0
fedavg-mnist-iid-reference-seed21-20261004,20,0,conv1,min,-0.001238703727722168,0
fedavg-mnist-iid-reference-seed21-20261004,20,0,conv1,max,0.0025779902935028076,0
fedavg-mnist-iid-reference-seed21-20261004,20,0,conv1,l1,0.09581888618413359,0
fedavg-mnist-iid-reference-seed21-20261004,20,0,conv1,l2,0.009959351671557138,0
fedavg-mnist-iid-reference-seed21-20261004,20,0,conv1,max_abs,0.0025779902935028076,0
fedavg-mnist-iid-reference-seed21-20261004,20,0,conv1,sparsity,0.0,0
fedavg-mnist-iid-reference-seed21-20261004,20,0,conv1,skewness,0.5253346398733703,0
fedavg-mnist-iid-reference-seed21-20261004,20,0,conv1,kurtosis,0.7267248411295495,0
fedavg-mnist-iid-reference-seed21-20261004,20,0,conv2,mean,3.635486682660602e-05,0
fedavg-mnist-iid-reference-seed21-20261004,20,0,conv2,std,0.00027339630820969656,0
fedavg-mnist-iid-reference-seed21-20261004,20,0,conv2,median,1.744180917739868e-05,0
fedavg-mnist-iid-reference-seed21-20261004,20,0,conv2,min,-0.0025144442915916443,0
fedavg-mnist-iid-reference-seed21-20261004,20,0,conv2,max,0.002164393663406372,0
fedavg-mnist-iid-reference-seed21-20261004,20,0,conv2,l1,0.8155788163437592,0
fedavg-mnist-iid-reference-seed21-20261004,20,0,conv2,l2,0.01878701386747975,0
fedavg-mnist-iid-reference-seed21-20261004,20,0,conv2,max_abs,0.0025144442915916443,0
fedavg-mnist-iid-reference-seed21-20261004,20,0,conv2,sparsity,0.0,0
fedavg-mnist-iid-reference-seed21-20261004,20,0,conv2,skewness,-0.8220587696821892,0
fedavg-mnist-iid-reference-seed21-20261004,20,0,conv2,kurtosis,9.287481115019377,0
fedavg-mnist-iid-reference-seed21-20261004,20,0,fc1,mean,1.3293053662153413e-06,0
fedavg-mnist-iid-reference-seed21-20261004,20,0,fc1,std,0.00025119749859739605,0
fedavg-mnist-iid-reference-seed21-20261004,20,0,fc1,median,0.0,0
fedavg-mnist-iid-reference-seed21-20261004,20,0,fc1,min,-0.002986609935760498,0
fedavg-mnist-iid-reference-seed21-20261004,20,0,fc1,max,0.0030812248587608337,0
fedavg-mnist-iid-reference-seed21-20261004,20,0,fc1,l1,11.161932559066372,0
fedavg-mnist-iid-reference-seed21-20261004,20,0,fc1,l2,0.07960179298723083,0
fedavg-mnist-iid-reference-seed21-20261004,20,0,fc1,max_abs,0.0030812248587608337,0
fedavg-mnist-iid-reference-seed21-20261004,20,0,fc1,sparsity,0.1848908540471638,0
fedavg-mnist-iid-reference-seed21-20261004,20,0,fc1,skewness,0.013393297833830699,0
fedavg-mnist-iid-reference-seed21-20261004,20,0,fc1,kurtosis,17.69830597085982,0
fedavg-mnist-iid-reference-seed21-20261004,20,0,output,mean,4.231249197171285e-12,0
fedavg-mnist-iid-reference-seed21-20261004,20,0,output,std,0.001525035722171589,0
fedavg-mnist-iid-reference-seed21-20261004,20,0,output,median,0.0,0
fedavg-mnist-iid-reference-seed21-20261004,20,0,output,min,-0.005685761570930481,0
fedavg-mnist-iid-reference-seed21-20261004,20,0,output,max,0.007396690547466278,0
fedavg-mnist-iid-reference-seed21-20261004,20,0,output,l1,0.5945598755934043,0
fedavg-mnist-iid-reference-seed21-20261004,20,0,output,l2,0.038880934531394976,0
fedavg-mnist-iid-reference-seed21-20261004,20,0,output,max_abs,0.007396690547466278,0
fedavg-mnist-iid-reference-seed21-20261004,20,0,output,sparsity,0.15692307692307692,0
fedavg-mnist-iid-reference-seed21-20261004,20,0,output,skewness,0.5100162811934784,0
fedavg-mnist-iid-reference-seed21-20261004,20,0,output,kurtosis,3.9815497267990967,0
fedavg-mnist-iid-reference-seed21-20261004,20,1,conv1,mean,0.0006501343326817732,0
fedavg-mnist-iid-reference-seed21-20261004,20,1,conv1,std,0.0006434756046576399,0
fedavg-mnist-iid-reference-seed21-20261004,20,1,conv1,median,0.0005594063550233841,0
fedavg-mnist-iid-reference-seed21-20261004,20,1,conv1,min,-0.0004411637783050537,0
fedavg-mnist-iid-reference-seed21-20261004,20,1,conv1,max,0.0026285946369171143,0
fedavg-mnist-iid-reference-seed21-20261004,20,1,conv1,l1,0.11361847713124007,0
fedavg-mnist-iid-reference-seed21-20261004,20,1,conv1,l2,0.01157055230710161,0
fedavg-mnist-iid-reference-seed21-20261004,20,1,conv1,max_abs,0.0026285946369171143,0
fedavg-mnist-iid-reference-seed21-20261004,20,1,conv1,sparsity,0.0,0
fedavg-mnist-iid-reference-seed21-20261004,20,1,conv1,skewness,0.6621673073194931,0
fedavg-mnist-iid-reference-seed21-20261004,20,1,conv1,kurtosis,0.1717918348089409,0
fedavg-mnist-iid-reference-seed21-20261004,20,1,conv2,mean,4.435944936646812e-05,0
fedavg-mnist-iid-reference-seed21-20261004,20,1,conv2,std,0.00026507565783943926,0
fedavg-mnist-iid-reference-seed21-20261004,20,1,conv2,median,1.4547258615493774e-05,0
fedavg-mnist-iid-reference-seed21-20261004,20,1,conv2,min,-0.0021193847060203552,0
fedavg-mnist-iid-reference-seed21-20261004,20,1,conv2,max,0.0015198513865470886,0
fedavg-mnist-iid-reference-seed21-20261004,20,1,conv2,l1,0.8220248016332334,0
fedavg-mnist-iid-reference-seed21-20261004,20,1,conv2,l2,0.018307389059879067,0
fedavg-mnist-iid-reference-seed21-20261004,20,1,conv2,max_abs,0.0021193847060203552,0
fedavg-mnist-iid-reference-seed21-20261004,20,1,conv2,sparsity,0.0,0
fedavg-mnist-iid-reference-seed21-20261004,20,1,conv2,skewness,0.18767925298219662,0
fedavg-mnist-iid-reference-seed21-20261004,20,1,conv2,kurtosis,4.501134478813238,0
fedavg-mnist-iid-reference-seed21-20261004,20,1,fc1,mean,-1.853282762927356e-05,0
fedavg-mnist-iid-reference-seed21-20261004,20,1,fc1,std,0.00031599242075258015,0
fedavg-mnist-iid-reference-seed21-20261004,20,1,fc1,median,0.0,0
fedavg-mnist-iid-reference-seed21-20261004,20,1,fc1,min,-0.0036478061228990555,0
fedavg-mnist-iid-reference-seed21-20261004,20,1,fc1,max,0.004655655473470688,0
fedavg-mnist-iid-reference-seed21-20261004,20,1,fc1,l1,13.85217823651567,0
fedavg-mnist-iid-reference-seed21-20261004,20,1,fc1,l2,0.10030527679230627,0
fedavg-mnist-iid-reference-seed21-20261004,20,1,fc1,max_abs,0.004655655473470688,0
fedavg-mnist-iid-reference-seed21-20261004,20,1,fc1,sparsity,0.1678318196303378,0
fedavg-mnist-iid-reference-seed21-20261004,20,1,fc1,skewness,-0.4364273426083124,0
fedavg-mnist-iid-reference-seed21-20261004,20,1,fc1,kurtosis,20.268389566043254,0
fedavg-mnist-iid-reference-seed21-20261004,20,1,output,mean,3.6733791393299513e-10,0
fedavg-mnist-iid-reference-seed21-20261004,20,1,output,std,0.0020056047848098298,0
fedavg-mnist-iid-reference-seed21-20261004,20,1,output,median,-5.587935447692871e-09,0
fedavg-mnist-iid-reference-seed21-20261004,20,1,output,min,-0.008780941367149353,0
fedavg-mnist-iid-reference-seed21-20261004,20,1,output,max,0.0098123699426651,0
fedavg-mnist-iid-reference-seed21-20261004,20,1,output,l1,0.7225756400712271,0
fedavg-mnist-iid-reference-seed21-20261004,20,1,output,l2,0.05113308967150276,0
fedavg-mnist-iid-reference-seed21-20261004,20,1,output,max_abs,0.0098123699426651,0
fedavg-mnist-iid-reference-seed21-20261004,20,1,output,sparsity,0.15076923076923077,0
fedavg-mnist-iid-reference-seed21-20261004,20,1,output,skewness,1.1863900736908992,0
fedavg-mnist-iid-reference-seed21-20261004,20,1,output,kurtosis,6.420430033246857,0
fedavg-mnist-iid-reference-seed21-20261004,20,2,conv1,mean,0.0009081005860934966,0
fedavg-mnist-iid-reference-seed21-20261004,20,2,conv1,std,0.0009056133076254535,0
fedavg-mnist-iid-reference-seed21-20261004,20,2,conv1,median,0.0007071048021316528,0
fedavg-mnist-iid-reference-seed21-20261004,20,2,conv1,min,-0.0005582012236118317,0
fedavg-mnist-iid-reference-seed21-20261004,20,2,conv1,max,0.004292547702789307,0
fedavg-mnist-iid-reference-seed21-20261004,20,2,conv1,l1,0.15290992963127792,0
fedavg-mnist-iid-reference-seed21-20261004,20,2,conv1,l2,0.016222365486755208,0
fedavg-mnist-iid-reference-seed21-20261004,20,2,conv1,max_abs,0.004292547702789307,0
fedavg-mnist-iid-reference-seed21-20261004,20,2,conv1,sparsity,0.0,0
fedavg-mnist-iid-reference-seed21-20261004,20,2,conv1,skewness,1.095934278895255,0
fedavg-mnist-iid-reference-seed21-20261004,20,2,conv1,kurtosis,1.5734198092711402,0
fedavg-mnist-iid-reference-seed21-20261004,20,2,conv2,mean,0.00010937065222382727,0
fedavg-mnist-iid-reference-seed21-20261004,20,2,conv2,std,0.00032771038971087137,0
fedavg-mnist-iid-reference-seed21-20261004,20,2,conv2,median,3.3250078558921814e-05,0
fedavg-mnist-iid-reference-seed21-20261004,20,2,conv2,min,-0.001146603375673294,0
fedavg-mnist-iid-reference-seed21-20261004,20,2,conv2,max,0.002219095826148987,0
fedavg-mnist-iid-reference-seed21-20261004,20,2,conv2,l1,0.9981296263749755,0
fedavg-mnist-iid-reference-seed21-20261004,20,2,conv2,l2,0.023533211030123978,0
fedavg-mnist-iid-reference-seed21-20261004,20,2,conv2,max_abs,0.002219095826148987,0
fedavg-mnist-iid-reference-seed21-20261004,20,2,conv2,sparsity,0.0,0
fedavg-mnist-iid-reference-seed21-20261004,20,2,conv2,skewness,1.547948155417775,0
fedavg-mnist-iid-reference-seed21-20261004,20,2,conv2,kurtosis,5.104930974446189,0
fedavg-mnist-iid-reference-seed21-20261004,20,2,fc1,mean,1.920595081237587e-05,0
fedavg-mnist-iid-reference-seed21-20261004,20,2,fc1,std,0.0003226677039982533,0
fedavg-mnist-iid-reference-seed21-20261004,20,2,fc1,median,0.0,0
fedavg-mnist-iid-reference-seed21-20261004,20,2,fc1,min,-0.004443922080099583,0
fedavg-mnist-iid-reference-seed21-20261004,20,2,fc1,max,0.004485016688704491,0
fedavg-mnist-iid-reference-seed21-20261004,20,2,fc1,l1,12.914130355402676,0
fedavg-mnist-iid-reference-seed21-20261004,20,2,fc1,l2,0.10242947151266196,0
fedavg-mnist-iid-reference-seed21-20261004,20,2,fc1,max_abs,0.004485016688704491,0
fedavg-mnist-iid-reference-seed21-20261004,20,2,fc1,sparsity,0.16061185468451242,0
fedavg-mnist-iid-reference-seed21-20261004,20,2,fc1,skewness,0.8404197019044062,0
fedavg-mnist-iid-reference-seed21-20261004,20,2,fc1,kurtosis,27.401567370626964,0
fedavg-mnist-iid-reference-seed21-20261004,20,2,output,mean,-8.408488401283439e-11,0
fedavg-mnist-iid-reference-seed21-20261004,20,2,output,std,0.002106060353139862,0
fedavg-mnist-iid-reference-seed21-20261004,20,2,output,median,0.0,0
fedavg-mnist-iid-reference-seed21-20261004,20,2,output,min,-0.009321041405200958,0
fedavg-mnist-iid-reference-seed21-20261004,20,2,output,max,0.01399753987789154,0
fedavg-mnist-iid-reference-seed21-20261004,20,2,output,l1,0.6826803474086773,0
fedavg-mnist-iid-reference-seed21-20261004,20,2,output,l2,0.05369421418732138,0
fedavg-mnist-iid-reference-seed21-20261004,20,2,output,max_abs,0.01399753987789154,0
fedavg-mnist-iid-reference-seed21-20261004,20,2,output,sparsity,0.15076923076923077,0
fedavg-mnist-iid-reference-seed21-20261004,20,2,output,skewness,1.2873858903319337,0
fedavg-mnist-iid-reference-seed21-20261004,20,2,output,kurtosis,11.720020078907508,0
fedavg-mnist-iid-reference-seed21-20261004,20,3,conv1,mean,0.0006559494810062461,0
fedavg-mnist-iid-reference-seed21-20261004,20,3,conv1,std,0.0006218202539751604,0
fedavg-mnist-iid-reference-seed21-20261004,20,3,conv1,median,0.0006345175206661224,0
fedavg-mnist-iid-reference-seed21-20261004,20,3,conv1,min,-0.0005259811878204346,0
fedavg-mnist-iid-reference-seed21-20261004,20,3,conv1,max,0.0025567710399627686,0
fedavg-mnist-iid-reference-seed21-20261004,20,3,conv1,l1,0.11277869599871337,0
fedavg-mnist-iid-reference-seed21-20261004,20,3,conv1,l2,0.011432795982688374,0
fedavg-mnist-iid-reference-seed21-20261004,20,3,conv1,max_abs,0.0025567710399627686,0
fedavg-mnist-iid-reference-seed21-20261004,20,3,conv1,sparsity,0.0,0
fedavg-mnist-iid-reference-seed21-20261004,20,3,conv1,skewness,0.495120266586137,0
fedavg-mnist-iid-reference-seed21-20261004,20,3,conv1,kurtosis,-0.14976326764914027,0
fedavg-mnist-iid-reference-seed21-20261004,20,3,conv2,mean,6.810568283981411e-05,0
fedavg-mnist-iid-reference-seed21-20261004,20,3,conv2,std,0.0002429171206818966,0
fedavg-mnist-iid-reference-seed21-20261004,20,3,conv2,median,2.3230910301208496e-05,0
fedavg-mnist-iid-reference-seed21-20261004,20,3,conv2,min,-0.001786842942237854,0
fedavg-mnist-iid-reference-seed21-20261004,20,3,conv2,max,0.0012186914682388306,0
fedavg-mnist-iid-reference-seed21-20261004,20,3,conv2,l1,0.7629700086763478,0
fedavg-mnist-iid-reference-seed21-20261004,20,3,conv2,l2,0.017184952651006537,0
fedavg-mnist-iid-reference-seed21-20261004,20,3,conv2,max_abs,0.001786842942237854,0
fedavg-mnist-iid-reference-seed21-20261004,20,3,conv2,sparsity,0.00021551724137931034,0
fedavg-mnist-iid-reference-seed21-20261004,20,3,conv2,skewness,0.18961436672539095,0
fedavg-mnist-iid-reference-seed21-20261004,20,3,conv2,kurtosis,4.492385178287035,0
fedavg-mnist-iid-reference-seed21-20261004,20,3,fc1,mean,-2.4576086378512625e-06,0
fedavg-mnist-iid-reference-seed21-20261004,20,3,fc1,std,0.00021808385823823432,0
fedavg-mnist-iid-reference-seed21-20261004,20,3,fc1,median,0.0,0
fedavg-mnist-iid-reference-seed21-20261004,20,3,fc1,min,-0.0026612114161252975,0
fedavg-mnist-iid-reference-seed21-20261004,20,3,fc1,max,0.003296974115073681,0
fedavg-mnist-iid-reference-seed21-20261004,20,3,fc1,l1,9.788300739521617,0
fedavg-mnist-iid-reference-seed21-20261004,20,3,fc1,l2,0.06911185582662252,0
fedavg-mnist-iid-reference-seed21-20261004,20,3,fc1,max_abs,0.003296974115073681,0
fedavg-mnist-iid-reference-seed21-20261004,20,3,fc1,sparsity,0.15630975143403442,0
fedavg-mnist-iid-reference-seed21-20261004,20,3,fc1,skewness,0.1864154993243074,0
fedavg-mnist-iid-reference-seed21-20261004,20,3,fc1,kurtosis,19.381569425434474,0
fedavg-mnist-iid-reference-seed21-20261004,20,3,output,mean,1.0041940885667618e-10,0
fedavg-mnist-iid-reference-seed21-20261004,20,3,output,std,0.0013101120373649868,0
fedavg-mnist-iid-reference-seed21-20261004,20,3,output,median,0.0,0
fedavg-mnist-iid-reference-seed21-20261004,20,3,output,min,-0.005380555987358093,0
fedavg-mnist-iid-reference-seed21-20261004,20,3,output,max,0.0063058664090931416,0
fedavg-mnist-iid-reference-seed21-20261004,20,3,output,l1,0.5163161331074662,0
fedavg-mnist-iid-reference-seed21-20261004,20,3,output,l2,0.03340143421758443,0
fedavg-mnist-iid-reference-seed21-20261004,20,3,output,max_abs,0.0063058664090931416,0
fedavg-mnist-iid-reference-seed21-20261004,20,3,output,sparsity,0.14,0
fedavg-mnist-iid-reference-seed21-20261004,20,3,output,skewness,0.34268858520773277,0
fedavg-mnist-iid-reference-seed21-20261004,20,3,output,kurtosis,3.978734561198154,0
fedavg-mnist-iid-reference-seed21-20261004,20,4,conv1,mean,0.0006780916810384952,0
fedavg-mnist-iid-reference-seed21-20261004,20,4,conv1,std,0.0006261196441334998,0
fedavg-mnist-iid-reference-seed21-20261004,20,4,conv1,median,0.0005781957879662514,0
fedavg-mnist-iid-reference-seed21-20261004,20,4,conv1,min,-0.0005081333220005035,0
fedavg-mnist-iid-reference-seed21-20261004,20,4,conv1,max,0.002701669931411743,0
fedavg-mnist-iid-reference-seed21-20261004,20,4,conv1,l1,0.11521880957297981,0
fedavg-mnist-iid-reference-seed21-20261004,20,4,conv1,l2,0.01167447908328914,0
fedavg-mnist-iid-reference-seed21-20261004,20,4,conv1,max_abs,0.002701669931411743,0
fedavg-mnist-iid-reference-seed21-20261004,20,4,conv1,sparsity,0.0,0
fedavg-mnist-iid-reference-seed21-20261004,20,4,conv1,skewness,0.5697901025471815,0
fedavg-mnist-iid-reference-seed21-20261004,20,4,conv1,kurtosis,-0.11208330591394633,0
fedavg-mnist-iid-reference-seed21-20261004,20,4,conv2,mean,6.0082523363830814e-05,0
fedavg-mnist-iid-reference-seed21-20261004,20,4,conv2,std,0.00025082573942551527,0
fedavg-mnist-iid-reference-seed21-20261004,20,4,conv2,median,2.341531217098236e-05,0
fedavg-mnist-iid-reference-seed21-20261004,20,4,conv2,min,-0.0016302093863487244,0
fedavg-mnist-iid-reference-seed21-20261004,20,4,conv2,max,0.0012969970703125,0
fedavg-mnist-iid-reference-seed21-20261004,20,4,conv2,l1,0.7861974192965135,0
fedavg-mnist-iid-reference-seed21-20261004,20,4,conv2,l2,0.017568974353633877,0
fedavg-mnist-iid-reference-seed21-20261004,20,4,conv2,max_abs,0.0016302093863487244,0
fedavg-mnist-iid-reference-seed21-20261004,20,4,conv2,sparsity,0.0,0
fedavg-mnist-iid-reference-seed21-20261004,20,4,conv2,skewness,0.131004685299145,0
fedavg-mnist-iid-reference-seed21-20261004,20,4,conv2,kurtosis,4.208772498446185,0
fedavg-mnist-iid-reference-seed21-20261004,20,4,fc1,mean,-7.658999161986104e-06,0
fedavg-mnist-iid-reference-seed21-20261004,20,4,fc1,std,0.00023273568727407,0
fedavg-mnist-iid-reference-seed21-20261004,20,4,fc1,median,0.0,0
fedavg-mnist-iid-reference-seed21-20261004,20,4,fc1,min,-0.002889314666390419,0
fedavg-mnist-iid-reference-seed21-20261004,20,4,fc1,max,0.004126202315092087,0
fedavg-mnist-iid-reference-seed21-20261004,20,4,fc1,l1,9.960302362903803,0
fedavg-mnist-iid-reference-seed21-20261004,20,4,fc1,l2,0.07379033444182052,0
fedavg-mnist-iid-reference-seed21-20261004,20,4,fc1,max_abs,0.004126202315092087,0
fedavg-mnist-iid-reference-seed21-20261004,20,4,fc1,sparsity,0.18219208094327596,0
fedavg-mnist-iid-reference-seed21-20261004,20,4,fc1,skewness,0.6738750953300087,0
fedavg-mnist-iid-reference-seed21-20261004,20,4,fc1,kurtosis,26.29567480879792,0
fedavg-mnist-iid-reference-seed21-20261004,20,4,output,mean,6.423215381801128e-10,0
fedavg-mnist-iid-reference-seed21-20261004,20,4,output,std,0.001625875916365951,0
fedavg-mnist-iid-reference-seed21-20261004,20,4,output,median,0.0,0
fedavg-mnist-iid-reference-seed21-20261004,20,4,output,min,-0.00696226954460144,0
fedavg-mnist-iid-reference-seed21-20261004,20,4,output,max,0.004338368773460388,0
fedavg-mnist-iid-reference-seed21-20261004,20,4,output,l1,0.6694113022676902,0
fedavg-mnist-iid-reference-seed21-20261004,20,4,output,l2,0.04145186512115591,0
fedavg-mnist-iid-reference-seed21-20261004,20,4,output,max_abs,0.00696226954460144,0
fedavg-mnist-iid-reference-seed21-20261004,20,4,output,sparsity,0.1676923076923077,0
fedavg-mnist-iid-reference-seed21-20261004,20,4,output,skewness,-0.639774388038098,0
fedavg-mnist-iid-reference-seed21-20261004,20,4,output,kurtosis,2.450132430686619,0
