experiment_id,round,client_id,layer_name,feature_name,feature_value,ground_truth
lsa-inspired-mnist-iid-quick-20-20261004,1,0,conv1,mean,2.210402744822204e-05,1
lsa-inspired-mnist-iid-quick-20-20261004,1,0,conv1,std,0.00030108510406969853,1
lsa-inspired-mnist-iid-quick-20-20261004,1,0,conv1,median,-1.7136335372924805e-07,1
lsa-inspired-mnist-iid-quick-20-20261004,1,0,conv1,min,-0.0009980201721191406,1
lsa-inspired-mnist-iid-quick-20-20261004,1,0,conv1,max,0.0007658302783966064,1
lsa-inspired-mnist-iid-quick-20-20261004,1,0,conv1,l1,0.0375178437680006,1
lsa-inspired-mnist-iid-quick-20-20261004,1,0,conv1,l2,0.0038187082197432775,1
lsa-inspired-mnist-iid-quick-20-20261004,1,0,conv1,max_abs,0.0009980201721191406,1
lsa-inspired-mnist-iid-quick-20-20261004,1,0,conv1,sparsity,0.0,1
lsa-inspired-mnist-iid-quick-20-20261004,1,0,conv1,skewness,-0.2923716206003282,1
lsa-inspired-mnist-iid-quick-20-20261004,1,0,conv1,kurtosis,0.328965010312237,1
lsa-inspired-mnist-iid-quick-20-20261004,1,0,conv2,mean,-1.9550567271237624e-05,1
lsa-inspired-mnist-iid-quick-20-20261004,1,0,conv2,std,0.0002528118939217234,1
lsa-inspired-mnist-iid-quick-20-20261004,1,0,conv2,median,-2.9816292226314545e-06,1
lsa-inspired-mnist-iid-quick-20-20261004,1,0,conv2,min,-0.0018393062055110931,1
lsa-inspired-mnist-iid-quick-20-20261004,1,0,conv2,max,0.0014250017702579498,1
lsa-inspired-mnist-iid-quick-20-20261004,1,0,conv2,l1,0.7259262531317745,1
lsa-inspired-mnist-iid-quick-20-20261004,1,0,conv2,l2,0.017272342160939546,1
lsa-inspired-mnist-iid-quick-20-20261004,1,0,conv2,max_abs,0.0018393062055110931,1
lsa-inspired-mnist-iid-quick-20-20261004,1,0,conv2,sparsity,0.00021551724137931034,1
lsa-inspired-mnist-iid-quick-20-20261004,1,0,conv2,skewness,-0.6564581518075165,1
lsa-inspired-mnist-iid-quick-20-20261004,1,0,conv2,kurtosis,6.806583003529518,1
lsa-inspired-mnist-iid-quick-20-20261004,1,0,fc1,mean,-1.284083725905765e-05,1
lsa-inspired-mnist-iid-quick-20-20261004,1,0,fc1,std,0.0002033845252347717,1
lsa-inspired-mnist-iid-quick-20-20261004,1,0,fc1,median,-1.862645149230957e-09,1
lsa-inspired-mnist-iid-quick-20-20261004,1,0,fc1,min,-0.0037501598708331585,1
lsa-inspired-mnist-iid-quick-20-20261004,1,0,fc1,max,0.003039419651031494,1
lsa-inspired-mnist-iid-quick-20-20261004,1,0,fc1,l1,10.183575804660933,1
lsa-inspired-mnist-iid-quick-20-20261004,1,0,fc1,l2,0.06457779621484933,1
lsa-inspired-mnist-iid-quick-20-20261004,1,0,fc1,max_abs,0.0037501598708331585,1
lsa-inspired-mnist-iid-quick-20-20261004,1,0,fc1,sparsity,0.05003186743148502,1
lsa-inspired-mnist-iid-quick-20-20261004,1,0,fc1,skewness,-0.609190239864449,1
lsa-inspired-mnist-iid-quick-20-20261004,1,0,fc1,kurtosis,25.521087818606848,1
lsa-inspired-mnist-iid-quick-20-20261004,1,0,output,mean,-4.1452809595144714e-10,1
lsa-inspired-mnist-iid-quick-20-20261004,1,0,output,std,0.0023358043653073242,1
lsa-inspired-mnist-iid-quick-20-20261004,1,0,output,median,-0.0001485683023929596,1
lsa-inspired-mnist-iid-quick-20-20261004,1,0,output,min,-0.007303403690457344,1
lsa-inspired-mnist-iid-quick-20-20261004,1,0,output,max,0.03827105090022087,1
lsa-inspired-mnist-iid-quick-20-20261004,1,0,output,l1,0.5365302323480137,1
lsa-inspired-mnist-iid-quick-20-20261004,1,0,output,l2,0.05955156019318721,1
lsa-inspired-mnist-iid-quick-20-20261004,1,0,output,max_abs,0.03827105090022087,1
lsa-inspired-mnist-iid-quick-20-20261004,1,0,output,sparsity,0.015384615384615385,1
lsa-inspired-mnist-iid-quick-20-20261004,1,0,output,skewness,8.51701232631906,1
lsa-inspired-mnist-iid-quick-20-20261004,1,0,output,kurtosis,118.114842007004,1
lsa-inspired-mnist-iid-quick-20-20261004,1,1,conv1,mean,-8.055896614678204e-07,0
lsa-inspired-mnist-iid-quick-20-20261004,1,1,conv1,std,0.0002949839723382335,0
lsa-inspired-mnist-iid-quick-20-20261004,1,1,conv1,median,-5.334615707397461e-06,0
lsa-inspired-mnist-iid-quick-20-20261004,1,1,conv1,min,-0.001190289855003357,0
lsa-inspired-mnist-iid-quick-20-20261004,1,1,conv1,max,0.0006835758686065674,0
lsa-inspired-mnist-iid-quick-20-20261004,1,1,conv1,l1,0.03509795921854675,0
lsa-inspired-mnist-iid-quick-20-20261004,1,1,conv1,l2,0.003731298817541074,0
lsa-inspired-mnist-iid-quick-20-20261004,1,1,conv1,max_abs,0.001190289855003357,0
lsa-inspired-mnist-iid-quick-20-20261004,1,1,conv1,sparsity,0.0,0
lsa-inspired-mnist-iid-quick-20-20261004,1,1,conv1,skewness,-0.45513940150364596,0
lsa-inspired-mnist-iid-quick-20-20261004,1,1,conv1,kurtosis,1.1292712018373416,0
lsa-inspired-mnist-iid-quick-20-20261004,1,1,conv2,mean,-2.7316334545495355e-05,0
lsa-inspired-mnist-iid-quick-20-20261004,1,1,conv2,std,0.0002730370276184307,0
lsa-inspired-mnist-iid-quick-20-20261004,1,1,conv2,median,-7.764436304569244e-06,0
lsa-inspired-mnist-iid-quick-20-20261004,1,1,conv2,min,-0.001914922147989273,0
lsa-inspired-mnist-iid-quick-20-20261004,1,1,conv2,max,0.0013894103467464447,0
lsa-inspired-mnist-iid-quick-20-20261004,1,1,conv2,l1,0.790629804197124,0
lsa-inspired-mnist-iid-quick-20-20261004,1,1,conv2,l2,0.01869145951252631,0
lsa-inspired-mnist-iid-quick-20-20261004,1,1,conv2,max_abs,0.001914922147989273,0
lsa-inspired-mnist-iid-quick-20-20261004,1,1,conv2,sparsity,0.0010775862068965517,0
lsa-inspired-mnist-iid-quick-20-20261004,1,1,conv2,skewness,-0.7423884196329884,0
lsa-inspired-mnist-iid-quick-20-20261004,1,1,conv2,kurtosis,6.933389853563689,0
lsa-inspired-mnist-iid-quick-20-20261004,1,1,fc1,mean,-1.585303208761331e-05,0
lsa-inspired-mnist-iid-quick-20-20261004,1,1,fc1,std,0.00020182494031405245,0
lsa-inspired-mnist-iid-quick-20-20261004,1,1,fc1,median,-3.3527612686157227e-08,0
lsa-inspired-mnist-iid-quick-20-20261004,1,1,fc1,min,-0.00328721571713686,0
lsa-inspired-mnist-iid-quick-20-20261004,1,1,fc1,max,0.00281609408557415,0
lsa-inspired-mnist-iid-quick-20-20261004,1,1,fc1,l1,10.372035141087622,0
lsa-inspired-mnist-iid-quick-20-20261004,1,1,fc1,l2,0.06415225732568088,0
lsa-inspired-mnist-iid-quick-20-20261004,1,1,fc1,max_abs,0.00328721571713686,0
lsa-inspired-mnist-iid-quick-20-20261004,1,1,fc1,sparsity,0.07188097514340344,0
lsa-inspired-mnist-iid-quick-20-20261004,1,1,fc1,skewness,-0.6179254011299808,0
lsa-inspired-mnist-iid-quick-20-20261004,1,1,fc1,kurtosis,22.061189105155403,0
lsa-inspired-mnist-iid-quick-20-20261004,1,1,output,mean,-4.696910484479024e-11,0
lsa-inspired-mnist-iid-quick-20-20261004,1,1,output,std,0.0005855359837015951,0
lsa-inspired-mnist-iid-quick-20-20261004,1,1,output,median,-1.9069761037826538e-05,0
lsa-inspired-mnist-iid-quick-20-20261004,1,1,output,min,-0.004067808389663696,0
lsa-inspired-mnist-iid-quick-20-20261004,1,1,output,max,0.003130272962152958,0
lsa-inspired-mnist-iid-quick-20-20261004,1,1,output,l1,0.2213062328810338,0
lsa-inspired-mnist-iid-quick-20-20261004,1,1,output,l2,0.014928297034025949,0
lsa-inspired-mnist-iid-quick-20-20261004,1,1,output,max_abs,0.004067808389663696,0
lsa-inspired-mnist-iid-quick-20-20261004,1,1,output,sparsity,0.015384615384615385,0
lsa-inspired-mnist-iid-quick-20-20261004,1,1,output,skewness,0.7994850988575968,0
lsa-inspired-mnist-iid-quick-20-20261004,1,1,output,kurtosis,10.037406730674155,0
lsa-inspired-mnist-iid-quick-20-20261004,1,2,conv1,mean,2.3818090267013758e-05,0
lsa-inspired-mnist-iid-quick-20-20261004,1,2,conv1,std,0.00031637021673088016,0
lsa-inspired-mnist-iid-quick-20-20261004,1,2,conv1,median,2.1502375602722168e-05,0
lsa-inspired-mnist-iid-quick-20-20261004,1,2,conv1,min,-0.0007715299725532532,0
lsa-inspired-mnist-iid-quick-20-20261004,1,2,conv1,max,0.0009686648845672607,0
lsa-inspired-mnist-iid-quick-20-20261004,1,2,conv1,l1,0.038662457605823874,0
lsa-inspired-mnist-iid-quick-20-20261004,1,2,conv1,l2,0.004013126770154398,0
lsa-inspired-mnist-iid-quick-20-20261004,1,2,conv1,max_abs,0.0009686648845672607,0
lsa-inspired-mnist-iid-quick-20-20261004,1,2,conv1,sparsity,0.0,0
lsa-inspired-mnist-iid-quick-20-20261004,1,2,conv1,skewness,0.06228515505590396,0
lsa-inspired-mnist-iid-quick-20-20261004,1,2,conv1,kurtosis,0.7231752746903295,0
lsa-inspired-mnist-iid-quick-20-20261004,1,2,conv2,mean,-1.7638969481187562e-05,0
lsa-inspired-mnist-iid-quick-20-20261004,1,2,conv2,std,0.0002542640454454004,0
lsa-inspired-mnist-iid-quick-20-20261004,1,2,conv2,median,-3.5017728805541992e-06,0
lsa-inspired-mnist-iid-quick-20-20261004,1,2,conv2,min,-0.0018912442028522491,0
lsa-inspired-mnist-iid-quick-20-20261004,1,2,conv2,max,0.0013666749000549316,0
lsa-inspired-mnist-iid-quick-20-20261004,1,2,conv2,l1,0.7266025004209951,0
lsa-inspired-mnist-iid-quick-20-20261004,1,2,conv2,l2,0.017361469078245415,0
lsa-inspired-mnist-iid-quick-20-20261004,1,2,conv2,max_abs,0.0018912442028522491,0
lsa-inspired-mnist-iid-quick-20-20261004,1,2,conv2,sparsity,0.0,0
lsa-inspired-mnist-iid-quick-20-20261004,1,2,conv2,skewness,-0.5527870332222491,0
lsa-inspired-mnist-iid-quick-20-20261004,1,2,conv2,kurtosis,7.641638071916576,0
lsa-inspired-mnist-iid-quick-20-20261004,1,2,fc1,mean,-9.868122902346945e-06,0
lsa-inspired-mnist-iid-quick-20-20261004,1,2,fc1,std,0.00020348810536794827,0
lsa-inspired-mnist-iid-quick-20-20261004,1,2,fc1,median,0.0,0
lsa-inspired-mnist-iid-quick-20-20261004,1,2,fc1,min,-0.003322632983326912,0
lsa-inspired-mnist-iid-quick-20-20261004,1,2,fc1,max,0.002904338762164116,0
lsa-inspired-mnist-iid-quick-20-20261004,1,2,fc1,l1,10.128629579973222,0
lsa-inspired-mnist-iid-quick-20-20261004,1,2,fc1,l2,0.06455807369924894,0
lsa-inspired-mnist-iid-quick-20-20261004,1,2,fc1,max_abs,0.003322632983326912,0
lsa-inspired-mnist-iid-quick-20-20261004,1,2,fc1,sparsity,0.07152246653919694,0
lsa-inspired-mnist-iid-quick-20-20261004,1,2,fc1,skewness,-0.4204363838188252,0
lsa-inspired-mnist-iid-quick-20-20261004,1,2,fc1,kurtosis,24.17955154333067,0
lsa-inspired-mnist-iid-quick-20-20261004,1,2,output,mean,2.3224856704473497e-10,0
lsa-inspired-mnist-iid-quick-20-20261004,1,2,output,std,0.0005247936438559501,0
lsa-inspired-mnist-iid-quick-20-20261004,1,2,output,median,-8.955597877502441e-06,0
lsa-inspired-mnist-iid-quick-20-20261004,1,2,output,min,-0.0034222789108753204,0
lsa-inspired-mnist-iid-quick-20-20261004,1,2,output,max,0.0032806023955345154,0
lsa-inspired-mnist-iid-quick-20-20261004,1,2,output,l1,0.20497157881618477,0
lsa-inspired-mnist-iid-quick-20-20261004,1,2,output,l2,0.013379665153156067,0
lsa-inspired-mnist-iid-quick-20-20261004,1,2,output,max_abs,0.0034222789108753204,0
lsa-inspired-mnist-iid-quick-20-20261004,1,2,output,sparsity,0.015384615384615385,0
lsa-inspired-mnist-iid-quick-20-20261004,1,2,output,skewness,0.9196533977163629,0
lsa-inspired-mnist-iid-quick-20-20261004,1,2,output,kurtosis,9.339100983451917,0
lsa-inspired-mnist-iid-quick-20-20261004,1,3,conv1,mean,2.425586062599905e-05,0
lsa-inspired-mnist-iid-quick-20-20261004,1,3,conv1,std,0.00035180680790366646,0
lsa-inspired-mnist-iid-quick-20-20261004,1,3,conv1,median,2.218782901763916e-05,0
lsa-inspired-mnist-iid-quick-20-20261004,1,3,conv1,min,-0.0011418238282203674,0
lsa-inspired-mnist-iid-quick-20-20261004,1,3,conv1,max,0.001037880778312683,0
lsa-inspired-mnist-iid-quick-20-20261004,1,3,conv1,l1,0.04323259100783616,0
lsa-inspired-mnist-iid-quick-20-20261004,1,3,conv1,l2,0.004460607615329107,0
lsa-inspired-mnist-iid-quick-20-20261004,1,3,conv1,max_abs,0.0011418238282203674,0
lsa-inspired-mnist-iid-quick-20-20261004,1,3,conv1,sparsity,0.0,0
lsa-inspired-mnist-iid-quick-20-20261004,1,3,conv1,skewness,-0.16707594830375036,0
lsa-inspired-mnist-iid-quick-20-20261004,1,3,conv1,kurtosis,0.6790252888538157,0
lsa-inspired-mnist-iid-quick-20-20261004,1,3,conv2,mean,-3.119772510876044e-06,0
lsa-inspired-mnist-iid-quick-20-20261004,1,3,conv2,std,0.00028521172289894926,0
lsa-inspired-mnist-iid-quick-20-20261004,1,3,conv2,median,1.3150274753570557e-06,0
lsa-inspired-mnist-iid-quick-20-20261004,1,3,conv2,min,-0.002059768885374069,0
lsa-inspired-mnist-iid-quick-20-20261004,1,3,conv2,max,0.0016230624169111252,0
lsa-inspired-mnist-iid-quick-20-20261004,1,3,conv2,l1,0.8138502521760529,0
lsa-inspired-mnist-iid-quick-20-20261004,1,3,conv2,l2,0.019429084737787077,0
lsa-inspired-mnist-iid-quick-20-20261004,1,3,conv2,max_abs,0.002059768885374069,0
lsa-inspired-mnist-iid-quick-20-20261004,1,3,conv2,sparsity,0.0004310344827586207,0
lsa-inspired-mnist-iid-quick-20-20261004,1,3,conv2,skewness,-0.3373083727580279,0
lsa-inspired-mnist-iid-quick-20-20261004,1,3,conv2,kurtosis,6.739710429099587,0
lsa-inspired-mnist-iid-quick-20-20261004,1,3,fc1,mean,-1.0702770929699685e-05,0
lsa-inspired-mnist-iid-quick-20-20261004,1,3,fc1,std,0.00022547220846059267,0
lsa-inspired-mnist-iid-quick-20-20261004,1,3,fc1,median,0.0,0
lsa-inspired-mnist-iid-quick-20-20261004,1,3,fc1,min,-0.004460759460926056,0
lsa-inspired-mnist-iid-quick-20-20261004,1,3,fc1,max,0.003436736762523651,0
lsa-inspired-mnist-iid-quick-20-20261004,1,3,fc1,l1,11.172941725238445,0
lsa-inspired-mnist-iid-quick-20-20261004,1,3,fc1,l2,0.07152917413239178,0
lsa-inspired-mnist-iid-quick-20-20261004,1,3,fc1,max_abs,0.004460759460926056,0
lsa-inspired-mnist-iid-quick-20-20261004,1,3,fc1,sparsity,0.06973988209050351,0
lsa-inspired-mnist-iid-quick-20-20261004,1,3,fc1,skewness,-0.7127050578813999,0
lsa-inspired-mnist-iid-quick-20-20261004,1,3,fc1,kurtosis,27.747097781114462,0
lsa-inspired-mnist-iid-quick-20-20261004,1,3,output,mean,-5.587935447692871e-11,0
lsa-inspired-mnist-iid-quick-20-20261004,1,3,output,std,0.0006376014151706946,0
lsa-inspired-mnist-iid-quick-20-20261004,1,3,output,median,-1.54152512550354e-05,0
lsa-inspired-mnist-iid-quick-20-20261004,1,3,output,min,-0.0044699907302856445,0
lsa-inspired-mnist-iid-quick-20-20261004,1,3,output,max,0.004620589315891266,0
lsa-inspired-mnist-iid-quick-20-20261004,1,3,output,l1,0.23771252087317407,0
lsa-inspired-mnist-iid-quick-20-20261004,1,3,output,l2,0.016255710289248795,0
lsa-inspired-mnist-iid-quick-20-20261004,1,3,output,max_abs,0.004620589315891266,0
lsa-inspired-mnist-iid-quick-20-20261004,1,3,output,sparsity,0.015384615384615385,0
lsa-inspired-mnist-iid-quick-20-20261004,1,3,output,skewness,1.0724898932118978,0
lsa-inspired-mnist-iid-quick-20-20261004,1,3,output,kurtosis,13.901468599178322,0
lsa-inspired-mnist-iid-quick-20-20261004,1,4,conv1,mean,4.1149296885123475e-05,0
lsa-inspired-mnist-iid-quick-20-20261004,1,4,conv1,std,0.0003216528865647625,0
lsa-inspired-mnist-iid-quick-20-20261004,1,4,conv1,median,2.7254223823547363e-05,0
lsa-inspired-mnist-iid-quick-20-20261004,1,4,conv1,min,-0.0009411126375198364,0
lsa-inspired-mnist-iid-quick-20-20261004,1,4,conv1,max,0.0007703900337219238,0
lsa-inspired-mnist-iid-quick-20-20261004,1,4,conv1,l1,0.040983368060551584,0
lsa-inspired-mnist-iid-quick-20-20261004,1,4,conv1,l2,0.004101781936077713,0
lsa-inspired-mnist-iid-quick-20-20261004,1,4,conv1,max_abs,0.0009411126375198364,0
lsa-inspired-mnist-iid-quick-20-20261004,1,4,conv1,sparsity,0.0,0
lsa-inspired-mnist-iid-quick-20-20261004,1,4,conv1,skewness,-0.3362194321979605,0
lsa-inspired-mnist-iid-quick-20-20261004,1,4,conv1,kurtosis,-0.1272080246794185,0
lsa-inspired-mnist-iid-quick-20-20261004,1,4,conv2,mean,-3.0127175327167824e-05,0
lsa-inspired-mnist-iid-quick-20-20261004,1,4,conv2,std,0.00027884118608908473,0
lsa-inspired-mnist-iid-quick-20-20261004,1,4,conv2,median,-6.757676601409912e-06,0
lsa-inspired-mnist-iid-quick-20-20261004,1,4,conv2,min,-0.0016993694007396698,0
lsa-inspired-mnist-iid-quick-20-20261004,1,4,conv2,max,0.0016294419765472412,0
lsa-inspired-mnist-iid-quick-20-20261004,1,4,conv2,l1,0.8147833389293737,0
lsa-inspired-mnist-iid-quick-20-20261004,1,4,conv2,l2,0.01910451908352611,0
lsa-inspired-mnist-iid-quick-20-20261004,1,4,conv2,max_abs,0.0016993694007396698,0
lsa-inspired-mnist-iid-quick-20-20261004,1,4,conv2,sparsity,0.00021551724137931034,0
lsa-inspired-mnist-iid-quick-20-20261004,1,4,conv2,skewness,-0.5180403870435583,0
lsa-inspired-mnist-iid-quick-20-20261004,1,4,conv2,kurtosis,4.8977957484207995,0
lsa-inspired-mnist-iid-quick-20-20261004,1,4,fc1,mean,-1.4939423251076193e-05,0
lsa-inspired-mnist-iid-quick-20-20261004,1,4,fc1,std,0.00021938232239003338,0
lsa-inspired-mnist-iid-quick-20-20261004,1,4,fc1,median,0.0,0
lsa-inspired-mnist-iid-quick-20-20261004,1,4,fc1,min,-0.004616023972630501,0
lsa-inspired-mnist-iid-quick-20-20261004,1,4,fc1,max,0.0033089350908994675,0
lsa-inspired-mnist-iid-quick-20-20261004,1,4,fc1,l1,10.878039785283818,0
lsa-inspired-mnist-iid-quick-20-20261004,1,4,fc1,l2,0.06967993483755254,0
lsa-inspired-mnist-iid-quick-20-20261004,1,4,fc1,max_abs,0.004616023972630501,0
lsa-inspired-mnist-iid-quick-20-20261004,1,4,fc1,sparsity,0.06847514340344169,0
lsa-inspired-mnist-iid-quick-20-20261004,1,4,fc1,skewness,-0.7368360102072176,0
lsa-inspired-mnist-iid-quick-20-20261004,1,4,fc1,kurtosis,26.449595295491726,0
lsa-inspired-mnist-iid-quick-20-20261004,1,4,output,mean,-6.013299123598979e-11,0
lsa-inspired-mnist-iid-quick-20-20261004,1,4,output,std,0.0006654675201176899,0
lsa-inspired-mnist-iid-quick-20-20261004,1,4,output,median,-1.5556812286376953e-05,0
lsa-inspired-mnist-iid-quick-20-20261004,1,4,output,min,-0.0047114938497543335,0
lsa-inspired-mnist-iid-quick-20-20261004,1,4,output,max,0.006074748933315277,0
lsa-inspired-mnist-iid-quick-20-20261004,1,4,output,l1,0.24233111130888574,0
lsa-inspired-mnist-iid-quick-20-20261004,1,4,output,l2,0.016966159353711572,0
lsa-inspired-mnist-iid-quick-20-20261004,1,4,output,max_abs,0.006074748933315277,0
lsa-inspired-mnist-iid-quick-20-20261004,1,4,output,sparsity,0.015384615384615385,0
lsa-inspired-mnist-iid-quick-20-20261004,1,4,output,skewness,1.2134714642949742,0
lsa-inspired-mnist-iid-quick-20-20261004,1,4,output,kurtosis,19.051727729935045,0
lsa-inspired-mnist-iid-quick-20-20261004,2,0,conv1,mean,0.00023319505344261416,1
lsa-inspired-mnist-iid-quick-20-20261004,2,0,conv1,std,0.0005133972412450757,1
lsa-inspired-mnist-iid-quick-20-20261004,2,0,conv1,median,9.138137102127075e-05,1
lsa-inspired-mnist-iid-quick-20-20261004,2,0,conv1,min,-0.0006810426712036133,1
lsa-inspired-mnist-iid-quick-20-20261004,2,0,conv1,max,0.0018893182277679443,1
lsa-inspired-mnist-iid-quick-20-20261004,2,0,conv1,l1,0.059959002886898816,1
lsa-inspired-mnist-iid-quick-20-20261004,2,0,conv1,l2,0.00713253570919244,1
lsa-inspired-mnist-iid-quick-20-20261004,2,0,conv1,max_abs,0.0018893182277679443,1
lsa-inspired-mnist-iid-quick-20-20261004,2,0,conv1,sparsity,0.0,1
lsa-inspired-mnist-iid-quick-20-20261004,2,0,conv1,skewness,1.1288036288255618,1
lsa-inspired-mnist-iid-quick-20-20261004,2,0,conv1,kurtosis,0.9640751055670251,1
lsa-inspired-mnist-iid-quick-20-20261004,2,0,conv2,mean,6.400455259953843e-05,1
lsa-inspired-mnist-iid-quick-20-20261004,2,0,conv2,std,0.0002999429947798178,1
lsa-inspired-mnist-iid-quick-20-20261004,2,0,conv2,median,1.54152512550354e-05,1
lsa-inspired-mnist-iid-quick-20-20261004,2,0,conv2,min,-0.0017646942287683487,1
lsa-inspired-mnist-iid-quick-20-20261004,2,0,conv2,max,0.0022379159927368164,1
lsa-inspired-mnist-iid-quick-20-20261004,2,0,conv2,l1,0.8085721564930282,1
lsa-inspired-mnist-iid-quick-20-20261004,2,0,conv2,l2,0.020891372777326566,1
lsa-inspired-mnist-iid-quick-20-20261004,2,0,conv2,max_abs,0.0022379159927368164,1
lsa-inspired-mnist-iid-quick-20-20261004,2,0,conv2,sparsity,0.0,1
lsa-inspired-mnist-iid-quick-20-20261004,2,0,conv2,skewness,1.7217388015992499,1
lsa-inspired-mnist-iid-quick-20-20261004,2,0,conv2,kurtosis,10.841355408164887,1
lsa-inspired-mnist-iid-quick-20-20261004,2,0,fc1,mean,1.3456543227910496e-05,1
lsa-inspired-mnist-iid-quick-20-20261004,2,0,fc1,std,0.00019970903132797606,1
lsa-inspired-mnist-iid-quick-20-20261004,2,0,fc1,median,0.0,1
lsa-inspired-mnist-iid-quick-20-20261004,2,0,fc1,min,-0.0032525304704904556,1
lsa-inspired-mnist-iid-quick-20-20261004,2,0,fc1,max,0.0035940371453762054,1
lsa-inspired-mnist-iid-quick-20-20261004,2,0,fc1,l1,9.711457495731992,1
lsa-inspired-mnist-iid-quick-20-20261004,2,0,fc1,l2,0.06342826279878827,1
lsa-inspired-mnist-iid-quick-20-20261004,2,0,fc1,max_abs,0.0035940371453762054,1
lsa-inspired-mnist-iid-quick-20-20261004,2,0,fc1,sparsity,0.05112731038878266,1
lsa-inspired-mnist-iid-quick-20-20261004,2,0,fc1,skewness,1.0754187057959372,1
lsa-inspired-mnist-iid-quick-20-20261004,2,0,fc1,kurtosis,26.630086965855817,1
lsa-inspired-mnist-iid-quick-20-20261004,2,0,output,mean,2.1375644092376417e-10,1
lsa-inspired-mnist-iid-quick-20-20261004,2,0,output,std,0.0023956646012741846,1
lsa-inspired-mnist-iid-quick-20-20261004,2,0,output,median,-0.0001377016305923462,1
lsa-inspired-mnist-iid-quick-20-20261004,2,0,output,min,-0.006884358823299408,1
lsa-inspired-mnist-iid-quick-20-20261004,2,0,output,max,0.036903560161590576,1
lsa-inspired-mnist-iid-quick-20-20261004,2,0,output,l1,0.5370650624972768,1
lsa-inspired-mnist-iid-quick-20-20261004,2,0,output,l2,0.06107770274960297,1
lsa-inspired-mnist-iid-quick-20-20261004,2,0,output,max_abs,0.036903560161590576,1
lsa-inspired-mnist-iid-quick-20-20261004,2,0,output,sparsity,0.015384615384615385,1
lsa-inspired-mnist-iid-quick-20-20261004,2,0,output,skewness,8.008720279700638,1
lsa-inspired-mnist-iid-quick-20-20261004,2,0,output,kurtosis,99.11102679907975,1
lsa-inspired-mnist-iid-quick-20-20261004,2,1,conv1,mean,0.00020295920403441415,0
lsa-inspired-mnist-iid-quick-20-20261004,2,1,conv1,std,0.0004826215331581113,0
lsa-inspired-mnist-iid-quick-20-20261004,2,1,conv1,median,7.984787225723267e-05,0
lsa-inspired-mnist-iid-quick-20-20261004,2,1,conv1,min,-0.0006711632013320923,0
lsa-inspired-mnist-iid-quick-20-20261004,2,1,conv1,max,0.0017479956150054932,0
lsa-inspired-mnist-iid-quick-20-20261004,2,1,conv1,l1,0.058161773486062884,0
lsa-inspired-mnist-iid-quick-20-20261004,2,1,conv1,l2,0.006622579349711637,0
lsa-inspired-mnist-iid-quick-20-20261004,2,1,conv1,max_abs,0.0017479956150054932,0
lsa-inspired-mnist-iid-quick-20-20261004,2,1,conv1,sparsity,0.0,0
lsa-inspired-mnist-iid-quick-20-20261004,2,1,conv1,skewness,0.9553061105719194,0
lsa-inspired-mnist-iid-quick-20-20261004,2,1,conv1,kurtosis,0.7649837303951714,0
lsa-inspired-mnist-iid-quick-20-20261004,2,1,conv2,mean,5.762505977247264e-05,0
lsa-inspired-mnist-iid-quick-20-20261004,2,1,conv2,std,0.000293628857895381,0
lsa-inspired-mnist-iid-quick-20-20261004,2,1,conv2,median,1.5990808606147766e-05,0
lsa-inspired-mnist-iid-quick-20-20261004,2,1,conv2,min,-0.001719646155834198,0
lsa-inspired-mnist-iid-quick-20-20261004,2,1,conv2,max,0.0021124575287103653,0
lsa-inspired-mnist-iid-quick-20-20261004,2,1,conv2,l1,0.8170798144401488,0
lsa-inspired-mnist-iid-quick-20-20261004,2,1,conv2,l2,0.02038280866761627,0
lsa-inspired-mnist-iid-quick-20-20261004,2,1,conv2,max_abs,0.0021124575287103653,0
lsa-inspired-mnist-iid-quick-20-20261004,2,1,conv2,sparsity,0.0010775862068965517,0
lsa-inspired-mnist-iid-quick-20-20261004,2,1,conv2,skewness,1.4159124964048888,0
lsa-inspired-mnist-iid-quick-20-20261004,2,1,conv2,kurtosis,9.172675727836529,0
lsa-inspired-mnist-iid-quick-20-20261004,2,1,fc1,mean,8.685588694553721e-06,0
lsa-inspired-mnist-iid-quick-20-20261004,2,1,fc1,std,0.000199505432937135,0
lsa-inspired-mnist-iid-quick-20-20261004,2,1,fc1,median,0.0,0
lsa-inspired-mnist-iid-quick-20-20261004,2,1,fc1,min,-0.003294852562248707,0
lsa-inspired-mnist-iid-quick-20-20261004,2,1,fc1,max,0.003291308879852295,0
lsa-inspired-mnist-iid-quick-20-20261004,2,1,fc1,l1,9.884855950011456,0
lsa-inspired-mnist-iid-quick-20-20261004,2,1,fc1,l2,0.06328013045850162,0
lsa-inspired-mnist-iid-quick-20-20261004,2,1,fc1,max_abs,0.003294852562248707,0
lsa-inspired-mnist-iid-quick-20-20261004,2,1,fc1,sparsity,0.07470920968769917,0
lsa-inspired-mnist-iid-quick-20-20261004,2,1,fc1,skewness,0.580436696421837,0
lsa-inspired-mnist-iid-quick-20-20261004,2,1,fc1,kurtosis,24.421545019542357,0
lsa-inspired-mnist-iid-quick-20-20261004,2,1,output,mean,-2.7330735555061925e-10,0
lsa-inspired-mnist-iid-quick-20-20261004,2,1,output,std,0.0005860649103559048,0
lsa-inspired-mnist-iid-quick-20-20261004,2,1,output,median,-1.1999160051345825e-05,0
lsa-inspired-mnist-iid-quick-20-20261004,2,1,output,min,-0.0038761869072914124,0
lsa-inspired-mnist-iid-quick-20-20261004,2,1,output,max,0.0030154716223478317,0
lsa-inspired-mnist-iid-quick-20-20261004,2,1,output,l1,0.2320009459508583,0
lsa-inspired-mnist-iid-quick-20-20261004,2,1,output,l2,0.014941782070685448,0
lsa-inspired-mnist-iid-quick-20-20261004,2,1,output,max_abs,0.0038761869072914124,0
lsa-inspired-mnist-iid-quick-20-20261004,2,1,output,sparsity,0.015384615384615385,0
lsa-inspired-mnist-iid-quick-20-20261004,2,1,output,skewness,0.7289106381401065,0
lsa-inspired-mnist-iid-quick-20-20261004,2,1,output,kurtosis,7.194284641030649,0
lsa-inspired-mnist-iid-quick-20-20261004,2,2,conv1,mean,0.00022831573951407336,0
lsa-inspired-mnist-iid-quick-20-20261004,2,2,conv1,std,0.0005333782163396523,0
lsa-inspired-mnist-iid-quick-20-20261004,2,2,conv1,median,9.579584002494812e-05,0
lsa-inspired-mnist-iid-quick-20-20261004,2,2,conv1,min,-0.0008151233196258545,0
lsa-inspired-mnist-iid-quick-20-20261004,2,2,conv1,max,0.001998722553253174,0
lsa-inspired-mnist-iid-quick-20-20261004,2,2,conv1,l1,0.06072054652031511,0
lsa-inspired-mnist-iid-quick-20-20261004,2,2,conv1,l2,0.0073388870935642775,0
lsa-inspired-mnist-iid-quick-20-20261004,2,2,conv1,max_abs,0.001998722553253174,0
lsa-inspired-mnist-iid-quick-20-20261004,2,2,conv1,sparsity,0.0,0
lsa-inspired-mnist-iid-quick-20-20261004,2,2,conv1,skewness,1.151257656039452,0
lsa-inspired-mnist-iid-quick-20-20261004,2,2,conv1,kurtosis,0.9121834566028952,0
lsa-inspired-mnist-iid-quick-20-20261004,2,2,conv2,mean,6.300657031605907e-05,0
lsa-inspired-mnist-iid-quick-20-20261004,2,2,conv2,std,0.00031382262493433974,0
lsa-inspired-mnist-iid-quick-20-20261004,2,2,conv2,median,1.4023855328559875e-05,0
lsa-inspired-mnist-iid-quick-20-20261004,2,2,conv2,min,-0.0020610690116882324,0
lsa-inspired-mnist-iid-quick-20-20261004,2,2,conv2,max,0.002467215061187744,0
lsa-inspired-mnist-iid-quick-20-20261004,2,2,conv2,l1,0.8258606477866124,0
lsa-inspired-mnist-iid-quick-20-20261004,2,2,conv2,l2,0.021803410987775215,0
lsa-inspired-mnist-iid-quick-20-20261004,2,2,conv2,max_abs,0.002467215061187744,0
lsa-inspired-mnist-iid-quick-20-20261004,2,2,conv2,sparsity,0.0,0
lsa-inspired-mnist-iid-quick-20-20261004,2,2,conv2,skewness,1.702080487562753,0
lsa-inspired-mnist-iid-quick-20-20261004,2,2,conv2,kurtosis,12.56694782287725,0
lsa-inspired-mnist-iid-quick-20-20261004,2,2,fc1,mean,1.7043443343359467e-05,0
lsa-inspired-mnist-iid-quick-20-20261004,2,2,fc1,std,0.00020313717127828964,0
lsa-inspired-mnist-iid-quick-20-20261004,2,2,fc1,median,0.0,0
lsa-inspired-mnist-iid-quick-20-20261004,2,2,fc1,min,-0.003380967304110527,0
lsa-inspired-mnist-iid-quick-20-20261004,2,2,fc1,max,0.0036575188860297203,0
lsa-inspired-mnist-iid-quick-20-20261004,2,2,fc1,l1,9.89725268858092,0
lsa-inspired-mnist-iid-quick-20-20261004,2,2,fc1,l2,0.06459725915508939,0
lsa-inspired-mnist-iid-quick-20-20261004,2,2,fc1,max_abs,0.0036575188860297203,0
lsa-inspired-mnist-iid-quick-20-20261004,2,2,fc1,sparsity,0.07092495219885277,0
lsa-inspired-mnist-iid-quick-20-20261004,2,2,fc1,skewness,1.2635724432118927,0
lsa-inspired-mnist-iid-quick-20-20261004,2,2,fc1,kurtosis,26.243739334321663,0
lsa-inspired-mnist-iid-quick-20-20261004,2,2,output,mean,2.81098227088268e-10,0
lsa-inspired-mnist-iid-quick-20-20261004,2,2,output,std,0.0005344939511070968,0
lsa-inspired-mnist-iid-quick-20-20261004,2,2,output,median,-6.299465894699097e-06,0
lsa-inspired-mnist-iid-quick-20-20261004,2,2,output,min,-0.0030366703867912292,0
lsa-inspired-mnist-iid-quick-20-20261004,2,2,output,max,0.0031394939869642258,0
lsa-inspired-mnist-iid-quick-20-20261004,2,2,output,l1,0.21817070740507916,0
lsa-inspired-mnist-iid-quick-20-20261004,2,2,output,l2,0.013626975432963854,0
lsa-inspired-mnist-iid-quick-20-20261004,2,2,output,max_abs,0.0031394939869642258,0
lsa-inspired-mnist-iid-quick-20-20261004,2,2,output,sparsity,0.015384615384615385,0
lsa-inspired-mnist-iid-quick-20-20261004,2,2,output,skewness,0.6852449712355247,0
lsa-inspired-mnist-iid-quick-20-20261004,2,2,output,kurtosis,5.635639765113954,0
lsa-inspired-mnist-iid-quick-20-20261004,2,3,conv1,mean,0.0002497520443284884,0
lsa-inspired-mnist-iid-quick-20-20261004,2,3,conv1,std,0.0005552181780608712,0
lsa-inspired-mnist-iid-quick-20-20261004,2,3,conv1,median,9.705126285552979e-05,0
lsa-inspired-mnist-iid-quick-20-20261004,2,3,conv1,min,-0.0007241517305374146,0
lsa-inspired-mnist-iid-quick-20-20261004,2,3,conv1,max,0.001988530158996582,0
lsa-inspired-mnist-iid-quick-20-20261004,2,3,conv1,l1,0.06591343553736806,0
lsa-inspired-mnist-iid-quick-20-20261004,2,3,conv1,l2,0.007700839527173566,0
lsa-inspired-mnist-iid-quick-20-20261004,2,3,conv1,max_abs,0.001988530158996582,0
lsa-inspired-mnist-iid-quick-20-20261004,2,3,conv1,sparsity,0.0,0
lsa-inspired-mnist-iid-quick-20-20261004,2,3,conv1,skewness,1.1006186172597303,0
lsa-inspired-mnist-iid-quick-20-20261004,2,3,conv1,kurtosis,0.8654006056762675,0
lsa-inspired-mnist-iid-quick-20-20261004,2,3,conv2,mean,7.796525695178796e-05,0
lsa-inspired-mnist-iid-quick-20-20261004,2,3,conv2,std,0.0003276464539542239,0
lsa-inspired-mnist-iid-quick-20-20261004,2,3,conv2,median,1.898081973195076e-05,0
lsa-inspired-mnist-iid-quick-20-20261004,2,3,conv2,min,-0.0019076056778430939,0
lsa-inspired-mnist-iid-quick-20-20261004,2,3,conv2,max,0.0024917777627706528,0
lsa-inspired-mnist-iid-quick-20-20261004,2,3,conv2,l1,0.8964195545122493,0
lsa-inspired-mnist-iid-quick-20-20261004,2,3,conv2,l2,0.022941639426439373,0
lsa-inspired-mnist-iid-quick-20-20261004,2,3,conv2,max_abs,0.0024917777627706528,0
lsa-inspired-mnist-iid-quick-20-20261004,2,3,conv2,sparsity,0.0004310344827586207,0
lsa-inspired-mnist-iid-quick-20-20261004,2,3,conv2,skewness,1.7236472781646446,0
lsa-inspired-mnist-iid-quick-20-20261004,2,3,conv2,kurtosis,9.250098943804856,0
lsa-inspired-mnist-iid-quick-20-20261004,2,3,fc1,mean,1.4126696740500618e-05,0
lsa-inspired-mnist-iid-quick-20-20261004,2,3,fc1,std,0.00021708634340398704,0
lsa-inspired-mnist-iid-quick-20-20261004,2,3,fc1,median,0.0,0
lsa-inspired-mnist-iid-quick-20-20261004,2,3,fc1,min,-0.0034712953492999077,0
lsa-inspired-mnist-iid-quick-20-20261004,2,3,fc1,max,0.0037619108334183693,0
lsa-inspired-mnist-iid-quick-20-20261004,2,3,fc1,l1,10.555959579510159,0
lsa-inspired-mnist-iid-quick-20-20261004,2,3,fc1,l2,0.06893686995837107,0
lsa-inspired-mnist-iid-quick-20-20261004,2,3,fc1,max_abs,0.0037619108334183693,0
lsa-inspired-mnist-iid-quick-20-20261004,2,3,fc1,sparsity,0.07208014659018483,0
lsa-inspired-mnist-iid-quick-20-20261004,2,3,fc1,skewness,1.0369977754907254,0
lsa-inspired-mnist-iid-quick-20-20261004,2,3,fc1,kurtosis,26.109658794404005,0
lsa-inspired-mnist-iid-quick-20-20261004,2,3,output,mean,-5.980613283239878e-10,0
lsa-inspired-mnist-iid-quick-20-20261004,2,3,output,std,0.0006341811915138645,0
lsa-inspired-mnist-iid-quick-20-20261004,2,3,output,median,-1.2082979083061218e-05,0
lsa-inspired-mnist-iid-quick-20-20261004,2,3,output,min,-0.003990854136645794,0
lsa-inspired-mnist-iid-quick-20-20261004,2,3,output,max,0.0036377888172864914,0
lsa-inspired-mnist-iid-quick-20-20261004,2,3,output,l1,0.24807803370640613,0
lsa-inspired-mnist-iid-quick-20-20261004,2,3,output,l2,0.01616851135342078,0
lsa-inspired-mnist-iid-quick-20-20261004,2,3,output,max_abs,0.003990854136645794,0
lsa-inspired-mnist-iid-quick-20-20261004,2,3,output,sparsity,0.015384615384615385,0
lsa-inspired-mnist-iid-quick-20-20261004,2,3,output,skewness,0.8184932332514657,0
lsa-inspired-mnist-iid-quick-20-20261004,2,3,output,kurtosis,8.40897091679813,0
lsa-inspired-mnist-iid-quick-20-20261004,2,4,conv1,mean,0.000251753084739903,0
lsa-inspired-mnist-iid-quick-20-20261004,2,4,conv1,std,0.0005211401708717311,0
lsa-inspired-mnist-iid-quick-20-20261004,2,4,conv1,median,0.00010525435209274292,0
lsa-inspired-mnist-iid-quick-20-20261004,2,4,conv1,min,-0.0008020550012588501,0
lsa-inspired-mnist-iid-quick-20-20261004,2,4,conv1,max,0.0018866583704948425,0
lsa-inspired-mnist-iid-quick-20-20261004,2,4,conv1,l1,0.06052015314344317,0
lsa-inspired-mnist-iid-quick-20-20261004,2,4,conv1,l2,0.007320838130949476,0
lsa-inspired-mnist-iid-quick-20-20261004,2,4,conv1,max_abs,0.0018866583704948425,0
lsa-inspired-mnist-iid-quick-20-20261004,2,4,conv1,sparsity,0.0,0
lsa-inspired-mnist-iid-quick-20-20261004,2,4,conv1,skewness,1.2402508563489798,0
lsa-inspired-mnist-iid-quick-20-20261004,2,4,conv1,kurtosis,1.4249541375121186,0
lsa-inspired-mnist-iid-quick-20-20261004,2,4,conv2,mean,5.742134923178222e-05,0
lsa-inspired-mnist-iid-quick-20-20261004,2,4,conv2,std,0.00032138032780521365,0
lsa-inspired-mnist-iid-quick-20-20261004,2,4,conv2,median,1.1509284377098083e-05,0
lsa-inspired-mnist-iid-quick-20-20261004,2,4,conv2,min,-0.0015722643584012985,0
lsa-inspired-mnist-iid-quick-20-20261004,2,4,conv2,max,0.00246414914727211,0
lsa-inspired-mnist-iid-quick-20-20261004,2,4,conv2,l1,0.875508987246576,0
lsa-inspired-mnist-iid-quick-20-20261004,2,4,conv2,l2,0.022238321040890695,0
lsa-inspired-mnist-iid-quick-20-20261004,2,4,conv2,max_abs,0.00246414914727211,0
lsa-inspired-mnist-iid-quick-20-20261004,2,4,conv2,sparsity,0.00021551724137931034,0
lsa-inspired-mnist-iid-quick-20-20261004,2,4,conv2,skewness,1.7509891727798046,0
lsa-inspired-mnist-iid-quick-20-20261004,2,4,conv2,kurtosis,10.080709566582032,0
lsa-inspired-mnist-iid-quick-20-20261004,2,4,fc1,mean,1.397043941396432e-05,0
lsa-inspired-mnist-iid-quick-20-20261004,2,4,fc1,std,0.00021323367554193558,0
lsa-inspired-mnist-iid-quick-20-20261004,2,4,fc1,median,0.0,0
lsa-inspired-mnist-iid-quick-20-20261004,2,4,fc1,min,-0.0029999464750289917,0
lsa-inspired-mnist-iid-quick-20-20261004,2,4,fc1,max,0.003665410913527012,0
lsa-inspired-mnist-iid-quick-20-20261004,2,4,fc1,l1,10.375551961881683,0
lsa-inspired-mnist-iid-quick-20-20261004,2,4,fc1,l2,0.06771538588870545,0
lsa-inspired-mnist-iid-quick-20-20261004,2,4,fc1,max_abs,0.003665410913527012,0
lsa-inspired-mnist-iid-quick-20-20261004,2,4,fc1,sparsity,0.07089507648183556,0
lsa-inspired-mnist-iid-quick-20-20261004,2,4,fc1,skewness,1.1547164053515893,0
lsa-inspired-mnist-iid-quick-20-20261004,2,4,fc1,kurtosis,26.143142431315002,0
lsa-inspired-mnist-iid-quick-20-20261004,2,4,output,mean,-2.2826358102835142e-10,0
lsa-inspired-mnist-iid-quick-20-20261004,2,4,output,std,0.000671763948925985,0
lsa-inspired-mnist-iid-quick-20-20261004,2,4,output,median,-1.1656433343887329e-05,0
lsa-inspired-mnist-iid-quick-20-20261004,2,4,output,min,-0.004601471126079559,0
lsa-inspired-mnist-iid-quick-20-20261004,2,4,output,max,0.005629546940326691,0
lsa-inspired-mnist-iid-quick-20-20261004,2,4,output,l1,0.2546876331907697,0
lsa-inspired-mnist-iid-quick-20-20261004,2,4,output,l2,0.01712668742050971,0
lsa-inspired-mnist-iid-quick-20-20261004,2,4,output,max_abs,0.005629546940326691,0
lsa-inspired-mnist-iid-quick-20-20261004,2,4,output,sparsity,0.015384615384615385,0
lsa-inspired-mnist-iid-quick-20-20261004,2,4,output,skewness,1.1383805928515494,0
lsa-inspired-mnist-iid-quick-20-20261004,2,4,output,kurtosis,14.120788204100329,0
lsa-inspired-mnist-iid-quick-20-20261004,3,0,conv1,mean,0.00045068283143336887,1
lsa-inspired-mnist-iid-quick-20-20261004,3,0,conv1,std,0.0009001848506345687,1
lsa-inspired-mnist-iid-quick-20-20261004,3,0,conv1,median,7.787719368934631e-05,1
lsa-inspired-mnist-iid-quick-20-20261004,3,0,conv1,min,-0.0011138617992401123,1
lsa-inspired-mnist-iid-quick-20-20261004,3,0,conv1,max,0.0034322142601013184,1
lsa-inspired-mnist-iid-quick-20-20261004,3,0,conv1,l1,0.09609361819457263,1
lsa-inspired-mnist-iid-quick-20-20261004,3,0,conv1,l2,0.012733877837395984,1
lsa-inspired-mnist-iid-quick-20-20261004,3,0,conv1,max_abs,0.0034322142601013184,1
lsa-inspired-mnist-iid-quick-20-20261004,3,0,conv1,sparsity,0.0,1
lsa-inspired-mnist-iid-quick-20-20261004,3,0,conv1,skewness,1.4566803787205949,1
lsa-inspired-mnist-iid-quick-20-20261004,3,0,conv1,kurtosis,1.5235637676122682,1
lsa-inspired-mnist-iid-quick-20-20261004,3,0,conv2,mean,0.00013139907253797243,1
lsa-inspired-mnist-iid-quick-20-20261004,3,0,conv2,std,0.0003958507734250323,1
lsa-inspired-mnist-iid-quick-20-20261004,3,0,conv2,median,3.198347985744476e-05,1
lsa-inspired-mnist-iid-quick-20-20261004,3,0,conv2,min,-0.0014301557093858719,1
lsa-inspired-mnist-iid-quick-20-20261004,3,0,conv2,max,0.003937087021768093,1
lsa-inspired-mnist-iid-quick-20-20261004,3,0,conv2,l1,0.9952750404481776,1
lsa-inspired-mnist-iid-quick-20-20261004,3,0,conv2,l2,0.028411104818971144,1
lsa-inspired-mnist-iid-quick-20-20261004,3,0,conv2,max_abs,0.003937087021768093,1
lsa-inspired-mnist-iid-quick-20-20261004,3,0,conv2,sparsity,0.0,1
lsa-inspired-mnist-iid-quick-20-20261004,3,0,conv2,skewness,3.2194982219524446,1
lsa-inspired-mnist-iid-quick-20-20261004,3,0,conv2,kurtosis,18.075865963020743,1
lsa-inspired-mnist-iid-quick-20-20261004,3,0,fc1,mean,2.2998001959912243e-05,1
lsa-inspired-mnist-iid-quick-20-20261004,3,0,fc1,std,0.00019635361816381738,1
lsa-inspired-mnist-iid-quick-20-20261004,3,0,fc1,median,0.0,1
lsa-inspired-mnist-iid-quick-20-20261004,3,0,fc1,min,-0.0029023243114352226,1
lsa-inspired-mnist-iid-quick-20-20261004,3,0,fc1,max,0.0030759479850530624,1
lsa-inspired-mnist-iid-quick-20-20261004,3,0,fc1,l1,9.343443068219841,1
lsa-inspired-mnist-iid-quick-20-20261004,3,0,fc1,l2,0.06264681911337927,1
lsa-inspired-mnist-iid-quick-20-20261004,3,0,fc1,max_abs,0.0030759479850530624,1
lsa-inspired-mnist-iid-quick-20-20261004,3,0,fc1,sparsity,0.052252629063097515,1
lsa-inspired-mnist-iid-quick-20-20261004,3,0,fc1,skewness,1.7192948284881229,1
lsa-inspired-mnist-iid-quick-20-20261004,3,0,fc1,kurtosis,27.844281656126192,1
lsa-inspired-mnist-iid-quick-20-20261004,3,0,output,mean,7.746096413869124e-11,1
lsa-inspired-mnist-iid-quick-20-20261004,3,0,output,std,0.0025806569782895446,1
lsa-inspired-mnist-iid-quick-20-20261004,3,0,output,median,-0.00010642688721418381,1
lsa-inspired-mnist-iid-quick-20-20261004,3,0,output,min,-0.006671584211289883,1
lsa-inspired-mnist-iid-quick-20-20261004,3,0,output,max,0.034483760595321655,1
lsa-inspired-mnist-iid-quick-20-20261004,3,0,output,l1,0.6061525921686552,1
lsa-inspired-mnist-iid-quick-20-20261004,3,0,output,l2,0.06579410145093892,1
lsa-inspired-mnist-iid-quick-20-20261004,3,0,output,max_abs,0.034483760595321655,1
lsa-inspired-mnist-iid-quick-20-20261004,3,0,output,sparsity,0.015384615384615385,1
lsa-inspired-mnist-iid-quick-20-20261004,3,0,output,skewness,6.744060644260908,1
lsa-inspired-mnist-iid-quick-20-20261004,3,0,output,kurtosis,66.78980000265464,1
lsa-inspired-mnist-iid-quick-20-20261004,3,1,conv1,mean,0.0004152107758272905,0
lsa-inspired-mnist-iid-quick-20-20261004,3,1,conv1,std,0.0008399017953324366,0
lsa-inspired-mnist-iid-quick-20-20261004,3,1,conv1,median,0.00010936707258224487,0
lsa-inspired-mnist-iid-quick-20-20261004,3,1,conv1,min,-0.0009726285934448242,0
lsa-inspired-mnist-iid-quick-20-20261004,3,1,conv1,max,0.003087341785430908,0
lsa-inspired-mnist-iid-quick-20-20261004,3,1,conv1,l1,0.093670375761576,0
lsa-inspired-mnist-iid-quick-20-20261004,3,1,conv1,l2,0.011851312259261422,0
lsa-inspired-mnist-iid-quick-20-20261004,3,1,conv1,max_abs,0.003087341785430908,0
lsa-inspired-mnist-iid-quick-20-20261004,3,1,conv1,sparsity,0.0,0
lsa-inspired-mnist-iid-quick-20-20261004,3,1,conv1,skewness,1.3536195264824273,0
lsa-inspired-mnist-iid-quick-20-20261004,3,1,conv1,kurtosis,1.2159313497210231,0
lsa-inspired-mnist-iid-quick-20-20261004,3,1,conv2,mean,0.00012016812179118805,0
lsa-inspired-mnist-iid-quick-20-20261004,3,1,conv2,std,0.0003770513518220048,0
lsa-inspired-mnist-iid-quick-20-20261004,3,1,conv2,median,3.3931806683540344e-05,0
lsa-inspired-mnist-iid-quick-20-20261004,3,1,conv2,min,-0.0013627465814352036,0
lsa-inspired-mnist-iid-quick-20-20261004,3,1,conv2,max,0.0035724518820643425,0
lsa-inspired-mnist-iid-quick-20-20261004,3,1,conv2,l1,0.9915505501230655,0
lsa-inspired-mnist-iid-quick-20-20261004,3,1,conv2,l2,0.026956661166436968,0
lsa-inspired-mnist-iid-quick-20-20261004,3,1,conv2,max_abs,0.0035724518820643425,0
lsa-inspired-mnist-iid-quick-20-20261004,3,1,conv2,sparsity,0.0010775862068965517,0
lsa-inspired-mnist-iid-quick-20-20261004,3,1,conv2,skewness,2.8256149644349624,0
lsa-inspired-mnist-iid-quick-20-20261004,3,1,conv2,kurtosis,15.015689378392782,0
lsa-inspired-mnist-iid-quick-20-20261004,3,1,fc1,mean,1.34493081891502e-05,0
lsa-inspired-mnist-iid-quick-20-20261004,3,1,fc1,std,0.00020002459348329477,0
lsa-inspired-mnist-iid-quick-20-20261004,3,1,fc1,median,0.0,0
lsa-inspired-mnist-iid-quick-20-20261004,3,1,fc1,min,-0.003189532086253166,0
lsa-inspired-mnist-iid-quick-20-20261004,3,1,fc1,max,0.0029248055070638657,0
lsa-inspired-mnist-iid-quick-20-20261004,3,1,fc1,l1,9.642146110284557,0
lsa-inspired-mnist-iid-quick-20-20261004,3,1,fc1,l2,0.06352787993627837,0
lsa-inspired-mnist-iid-quick-20-20261004,3,1,fc1,max_abs,0.003189532086253166,0
lsa-inspired-mnist-iid-quick-20-20261004,3,1,fc1,sparsity,0.07497809114085405,0
lsa-inspired-mnist-iid-quick-20-20261004,3,1,fc1,skewness,1.0846153932099465,0
lsa-inspired-mnist-iid-quick-20-20261004,3,1,fc1,kurtosis,26.11997477246542,0
lsa-inspired-mnist-iid-quick-20-20261004,3,1,output,mean,-5.990911561709184e-11,0
lsa-inspired-mnist-iid-quick-20-20261004,3,1,output,std,0.0006917838482373276,0
lsa-inspired-mnist-iid-quick-20-20261004,3,1,output,median,-5.539506673812866e-06,0
lsa-inspired-mnist-iid-quick-20-20261004,3,1,output,min,-0.003921188414096832,0
lsa-inspired-mnist-iid-quick-20-20261004,3,1,output,max,0.0033467747271060944,0
lsa-inspired-mnist-iid-quick-20-20261004,3,1,output,l1,0.28077053622109815,0
lsa-inspired-mnist-iid-quick-20-20261004,3,1,output,l2,0.01763709670675228,0
lsa-inspired-mnist-iid-quick-20-20261004,3,1,output,max_abs,0.003921188414096832,0
lsa-inspired-mnist-iid-quick-20-20261004,3,1,output,sparsity,0.015384615384615385,0
lsa-inspired-mnist-iid-quick-20-20261004,3,1,output,skewness,0.7062667411592781,0
lsa-inspired-mnist-iid-quick-20-20261004,3,1,output,kurtosis,4.902323636447614,0
lsa-inspired-mnist-iid-quick-20-20261004,3,2,conv1,mean,0.000442093976016622,0
lsa-inspired-mnist-iid-quick-20-20261004,3,2,conv1,std,0.0008947146989334731,0
lsa-inspired-mnist-iid-quick-20-20261004,3,2,conv1,median,5.967170000076294e-05,0
lsa-inspired-mnist-iid-quick-20-20261004,3,2,conv1,min,-0.0012303590774536133,0
lsa-inspired-mnist-iid-quick-20-20261004,3,2,conv1,max,0.0034638941287994385,0
lsa-inspired-mnist-iid-quick-20-20261004,3,2,conv1,l1,0.09477078239433467,0
lsa-inspired-mnist-iid-quick-20-20261004,3,2,conv1,l2,0.012623542932903112,0
lsa-inspired-mnist-iid-quick-20-20261004,3,2,conv1,max_abs,0.0034638941287994385,0
lsa-inspired-mnist-iid-quick-20-20261004,3,2,conv1,sparsity,0.0,0
lsa-inspired-mnist-iid-quick-20-20261004,3,2,conv1,skewness,1.3993807434023005,0
lsa-inspired-mnist-iid-quick-20-20261004,3,2,conv1,kurtosis,1.3580396204963838,0
lsa-inspired-mnist-iid-quick-20-20261004,3,2,conv2,mean,0.00012317321660514703,0
lsa-inspired-mnist-iid-quick-20-20261004,3,2,conv2,std,0.00040163324312747587,0
lsa-inspired-mnist-iid-quick-20-20261004,3,2,conv2,median,2.840626984834671e-05,0
lsa-inspired-mnist-iid-quick-20-20261004,3,2,conv2,min,-0.0016915630549192429,0
lsa-inspired-mnist-iid-quick-20-20261004,3,2,conv2,max,0.0041009290143847466,0
lsa-inspired-mnist-iid-quick-20-20261004,3,2,conv2,l1,0.996825000285753,0
lsa-inspired-mnist-iid-quick-20-20261004,3,2,conv2,l2,0.02861592897655325,0
lsa-inspired-mnist-iid-quick-20-20261004,3,2,conv2,max_abs,0.0041009290143847466,0
lsa-inspired-mnist-iid-quick-20-20261004,3,2,conv2,sparsity,0.000646551724137931,0
lsa-inspired-mnist-iid-quick-20-20261004,3,2,conv2,skewness,3.2167818441152116,0
lsa-inspired-mnist-iid-quick-20-20261004,3,2,conv2,kurtosis,19.417498511463954,0
lsa-inspired-mnist-iid-quick-20-20261004,3,2,fc1,mean,2.7191847265712716e-05,0
lsa-inspired-mnist-iid-quick-20-20261004,3,2,fc1,std,0.00019817197065147646,0
lsa-inspired-mnist-iid-quick-20-20261004,3,2,fc1,median,0.0,0
lsa-inspired-mnist-iid-quick-20-20261004,3,2,fc1,min,-0.0028333859518170357,0
lsa-inspired-mnist-iid-quick-20-20261004,3,2,fc1,max,0.0029921364039182663,0
lsa-inspired-mnist-iid-quick-20-20261004,3,2,fc1,l1,9.535113636997494,0
lsa-inspired-mnist-iid-quick-20-20261004,3,2,fc1,l2,0.06338609820764446,0
lsa-inspired-mnist-iid-quick-20-20261004,3,2,fc1,max_abs,0.0029921364039182663,0
lsa-inspired-mnist-iid-quick-20-20261004,3,2,fc1,sparsity,0.07172163798597833,0
lsa-inspired-mnist-iid-quick-20-20261004,3,2,fc1,skewness,1.741432952934062,0
lsa-inspired-mnist-iid-quick-20-20261004,3,2,fc1,kurtosis,25.47033013817806,0
lsa-inspired-mnist-iid-quick-20-20261004,3,2,output,mean,-2.56068932895477e-10,0
lsa-inspired-mnist-iid-quick-20-20261004,3,2,output,std,0.0006402246470644623,0
lsa-inspired-mnist-iid-quick-20-20261004,3,2,output,median,-5.636364221572876e-06,0
lsa-inspired-mnist-iid-quick-20-20261004,3,2,output,min,-0.0026103705167770386,0
lsa-inspired-mnist-iid-quick-20-20261004,3,2,output,max,0.0034773722290992737,0
lsa-inspired-mnist-iid-quick-20-20261004,3,2,output,l1,0.2638530039403122,0
lsa-inspired-mnist-iid-quick-20-20261004,3,2,output,l2,0.01632258984232504,0
lsa-inspired-mnist-iid-quick-20-20261004,3,2,output,max_abs,0.0034773722290992737,0
lsa-inspired-mnist-iid-quick-20-20261004,3,2,output,sparsity,0.015384615384615385,0
lsa-inspired-mnist-iid-quick-20-20261004,3,2,output,skewness,0.616377456092882,0
lsa-inspired-mnist-iid-quick-20-20261004,3,2,output,kurtosis,4.019505224704247,0
lsa-inspired-mnist-iid-quick-20-20261004,3,3,conv1,mean,0.00047867273824522274,0
lsa-inspired-mnist-iid-quick-20-20261004,3,3,conv1,std,0.0009578931578163431,0
lsa-inspired-mnist-iid-quick-20-20261004,3,3,conv1,median,0.00010018050670623779,0
lsa-inspired-mnist-iid-quick-20-20261004,3,3,conv1,min,-0.001061365008354187,0
lsa-inspired-mnist-iid-quick-20-20261004,3,3,conv1,max,0.0036625564098358154,0
lsa-inspired-mnist-iid-quick-20-20261004,3,3,conv1,l1,0.10278120287694037,0
lsa-inspired-mnist-iid-quick-20-20261004,3,3,conv1,l2,0.013545106228482935,0
lsa-inspired-mnist-iid-quick-20-20261004,3,3,conv1,max_abs,0.0036625564098358154,0
lsa-inspired-mnist-iid-quick-20-20261004,3,3,conv1,sparsity,0.0,0
lsa-inspired-mnist-iid-quick-20-20261004,3,3,conv1,skewness,1.4685254781795714,0
lsa-inspired-mnist-iid-quick-20-20261004,3,3,conv1,kurtosis,1.5415398905003554,0
lsa-inspired-mnist-iid-quick-20-20261004,3,3,conv2,mean,0.00015229253629372422,0
lsa-inspired-mnist-iid-quick-20-20261004,3,3,conv2,std,0.0004214520410909076,0
lsa-inspired-mnist-iid-quick-20-20261004,3,3,conv2,median,4.198402166366577e-05,0
lsa-inspired-mnist-iid-quick-20-20261004,3,3,conv2,min,-0.001497364602982998,0
lsa-inspired-mnist-iid-quick-20-20261004,3,3,conv2,max,0.003775748424232006,0
lsa-inspired-mnist-iid-quick-20-20261004,3,3,conv2,l1,1.081544938537263,0
lsa-inspired-mnist-iid-quick-20-20261004,3,3,conv2,l2,0.03052508567578752,0
lsa-inspired-mnist-iid-quick-20-20261004,3,3,conv2,max_abs,0.003775748424232006,0
lsa-inspired-mnist-iid-quick-20-20261004,3,3,conv2,sparsity,0.0004310344827586207,0
lsa-inspired-mnist-iid-quick-20-20261004,3,3,conv2,skewness,3.105026302970821,0
lsa-inspired-mnist-iid-quick-20-20261004,3,3,conv2,kurtosis,15.33266710762156,0
lsa-inspired-mnist-iid-quick-20-20261004,3,3,fc1,mean,2.7833205400677115e-05,0
lsa-inspired-mnist-iid-quick-20-20261004,3,3,fc1,std,0.00021367209811559956,0
lsa-inspired-mnist-iid-quick-20-20261004,3,3,fc1,median,0.0,0
lsa-inspired-mnist-iid-quick-20-20261004,3,3,fc1,min,-0.0029352009296417236,0
lsa-inspired-mnist-iid-quick-20-20261004,3,3,fc1,max,0.0035054124891757965,0
lsa-inspired-mnist-iid-quick-20-20261004,3,3,fc1,l1,10.158399825858055,0
lsa-inspired-mnist-iid-quick-20-20261004,3,3,fc1,l2,0.06828147883562309,0
lsa-inspired-mnist-iid-quick-20-20261004,3,3,fc1,max_abs,0.0035054124891757965,0
lsa-inspired-mnist-iid-quick-20-20261004,3,3,fc1,sparsity,0.07164196940726578,0
lsa-inspired-mnist-iid-quick-20-20261004,3,3,fc1,skewness,1.8976736472612203,0
lsa-inspired-mnist-iid-quick-20-20261004,3,3,fc1,kurtosis,27.10534192391521,0
lsa-inspired-mnist-iid-quick-20-20261004,3,3,output,mean,-9.358000869934376e-12,0
lsa-inspired-mnist-iid-quick-20-20261004,3,3,output,std,0.0007409013374374576,0
lsa-inspired-mnist-iid-quick-20-20261004,3,3,output,median,-9.100884199142456e-06,0
lsa-inspired-mnist-iid-quick-20-20261004,3,3,output,min,-0.0038787450175732374,0
lsa-inspired-mnist-iid-quick-20-20261004,3,3,output,max,0.004045303910970688,0
lsa-inspired-mnist-iid-quick-20-20261004,3,3,output,l1,0.2988479901396204,0
lsa-inspired-mnist-iid-quick-20-20261004,3,3,output,l2,0.01888935188620295,0
lsa-inspired-mnist-iid-quick-20-20261004,3,3,output,max_abs,0.004045303910970688,0
lsa-inspired-mnist-iid-quick-20-20261004,3,3,output,sparsity,0.015384615384615385,0
lsa-inspired-mnist-iid-quick-20-20261004,3,3,output,skewness,0.7894242341447435,0
lsa-inspired-mnist-iid-quick-20-20261004,3,3,output,kurtosis,5.220682840800638,0
lsa-inspired-mnist-iid-quick-20-20261004,3,4,conv1,mean,0.00046674997138325126,0
lsa-inspired-mnist-iid-quick-20-20261004,3,4,conv1,std,0.0009297795043061387,0
lsa-inspired-mnist-iid-quick-20-20261004,3,4,conv1,median,7.249414920806885e-05,0
lsa-inspired-mnist-iid-quick-20-20261004,3,4,conv1,min,-0.00123518705368042,0
lsa-inspired-mnist-iid-quick-20-20261004,3,4,conv1,max,0.0035150349140167236,0
lsa-inspired-mnist-iid-quick-20-20261004,3,4,conv1,l1,0.09742360608652234,0
lsa-inspired-mnist-iid-quick-20-20261004,3,4,conv1,l2,0.013159607668401274,0
lsa-inspired-mnist-iid-quick-20-20261004,3,4,conv1,max_abs,0.0035150349140167236,0
lsa-inspired-mnist-iid-quick-20-20261004,3,4,conv1,sparsity,0.0,0
lsa-inspired-mnist-iid-quick-20-20261004,3,4,conv1,skewness,1.5527662685897583,0
lsa-inspired-mnist-iid-quick-20-20261004,3,4,conv1,kurtosis,1.889884449267976,0
lsa-inspired-mnist-iid-quick-20-20261004,3,4,conv2,mean,0.00012996234139367956,0
lsa-inspired-mnist-iid-quick-20-20261004,3,4,conv2,std,0.0004256919677393497,0
lsa-inspired-mnist-iid-quick-20-20261004,3,4,conv2,median,2.8252601623535156e-05,0
lsa-inspired-mnist-iid-quick-20-20261004,3,4,conv2,min,-0.0013364804908633232,0
lsa-inspired-mnist-iid-quick-20-20261004,3,4,conv2,max,0.004299215041100979,0
lsa-inspired-mnist-iid-quick-20-20261004,3,4,conv2,l1,1.076373439103918,0
lsa-inspired-mnist-iid-quick-20-20261004,3,4,conv2,l2,0.03031834292509135,0
lsa-inspired-mnist-iid-quick-20-20261004,3,4,conv2,max_abs,0.004299215041100979,0
lsa-inspired-mnist-iid-quick-20-20261004,3,4,conv2,sparsity,0.00021551724137931034,0
lsa-inspired-mnist-iid-quick-20-20261004,3,4,conv2,skewness,3.2081475640280326,0
lsa-inspired-mnist-iid-quick-20-20261004,3,4,conv2,kurtosis,18.519798198591822,0
lsa-inspired-mnist-iid-quick-20-20261004,3,4,fc1,mean,2.3517646391475988e-05,0
lsa-inspired-mnist-iid-quick-20-20261004,3,4,fc1,std,0.00021438509773724003,0
lsa-inspired-mnist-iid-quick-20-20261004,3,4,fc1,median,0.0,0
lsa-inspired-mnist-iid-quick-20-20261004,3,4,fc1,min,-0.0028779320418834686,0
lsa-inspired-mnist-iid-quick-20-20261004,3,4,fc1,max,0.0035541090182960033,0
lsa-inspired-mnist-iid-quick-20-20261004,3,4,fc1,l1,10.143736978257493,0
lsa-inspired-mnist-iid-quick-20-20261004,3,4,fc1,l2,0.06834292082642257,0
lsa-inspired-mnist-iid-quick-20-20261004,3,4,fc1,max_abs,0.0035541090182960033,0
lsa-inspired-mnist-iid-quick-20-20261004,3,4,fc1,sparsity,0.08353250478011472,0
lsa-inspired-mnist-iid-quick-20-20261004,3,4,fc1,skewness,1.783680998785784,0
lsa-inspired-mnist-iid-quick-20-20261004,3,4,fc1,kurtosis,29.538584982821433,0
lsa-inspired-mnist-iid-quick-20-20261004,3,4,output,mean,1.2447484410726107e-11,0
lsa-inspired-mnist-iid-quick-20-20261004,3,4,output,std,0.0007771100068851477,0
lsa-inspired-mnist-iid-quick-20-20261004,3,4,output,median,-9.66852530837059e-06,0
lsa-inspired-mnist-iid-quick-20-20261004,3,4,output,min,-0.004699096083641052,0
lsa-inspired-mnist-iid-quick-20-20261004,3,4,output,max,0.005361840128898621,0
lsa-inspired-mnist-iid-quick-20-20261004,3,4,output,l1,0.3063707266119309,0
lsa-inspired-mnist-iid-quick-20-20261004,3,4,output,l2,0.01981249544657796,0
lsa-inspired-mnist-iid-quick-20-20261004,3,4,output,max_abs,0.005361840128898621,0
lsa-inspired-mnist-iid-quick-20-20261004,3,4,output,sparsity,0.03076923076923077,0
lsa-inspired-mnist-iid-quick-20-20261004,3,4,output,skewness,1.0194274819721318,0
lsa-inspired-mnist-iid-quick-20-20261004,3,4,output,kurtosis,8.37251520301956,0
lsa-inspired-mnist-iid-quick-20-20261004,4,0,conv1,mean,0.000729314707859885,1
lsa-inspired-mnist-iid-quick-20-20261004,4,0,conv1,std,0.0013540300426523348,1
lsa-inspired-mnist-iid-quick-20-20261004,4,0,conv1,median,7.152673788368702e-05,1
lsa-inspired-mnist-iid-quick-20-20261004,4,0,conv1,min,-0.0013943910598754883,1
lsa-inspired-mnist-iid-quick-20-20261004,4,0,conv1,max,0.0052720606327056885,1
lsa-inspired-mnist-iid-quick-20-20261004,4,0,conv1,l1,0.14090592064894736,1
lsa-inspired-mnist-iid-quick-20-20261004,4,0,conv1,l2,0.01945372889501993,1
lsa-inspired-mnist-iid-quick-20-20261004,4,0,conv1,max_abs,0.0052720606327056885,1
lsa-inspired-mnist-iid-quick-20-20261004,4,0,conv1,sparsity,0.0,1
lsa-inspired-mnist-iid-quick-20-20261004,4,0,conv1,skewness,1.51347766085904,1
lsa-inspired-mnist-iid-quick-20-20261004,4,0,conv1,kurtosis,1.4738520919208877,1
lsa-inspired-mnist-iid-quick-20-20261004,4,0,conv2,mean,0.00019946371153858715,1
lsa-inspired-mnist-iid-quick-20-20261004,4,0,conv2,std,0.0005286660745052255,1
lsa-inspired-mnist-iid-quick-20-20261004,4,0,conv2,median,5.2295858040452003e-05,1
lsa-inspired-mnist-iid-quick-20-20261004,4,0,conv2,min,-0.0013282215222716331,1
lsa-inspired-mnist-iid-quick-20-20261004,4,0,conv2,max,0.005573669448494911,1
lsa-inspired-mnist-iid-quick-20-20261004,4,0,conv2,l1,1.292000345991255,1
lsa-inspired-mnist-iid-quick-20-20261004,4,0,conv2,l2,0.0384893421633613,1
lsa-inspired-mnist-iid-quick-20-20261004,4,0,conv2,max_abs,0.005573669448494911,1
lsa-inspired-mnist-iid-quick-20-20261004,4,0,conv2,sparsity,0.00021551724137931034,1
lsa-inspired-mnist-iid-quick-20-20261004,4,0,conv2,skewness,3.6563422552238047,1
lsa-inspired-mnist-iid-quick-20-20261004,4,0,conv2,kurtosis,21.257225300025862,1
lsa-inspired-mnist-iid-quick-20-20261004,4,0,fc1,mean,3.112798807925678e-05,1
lsa-inspired-mnist-iid-quick-20-20261004,4,0,fc1,std,0.00021802283419541536,1
lsa-inspired-mnist-iid-quick-20-20261004,4,0,fc1,median,8.381903171539307e-09,1
lsa-inspired-mnist-iid-quick-20-20261004,4,0,fc1,min,-0.002914298325777054,1
lsa-inspired-mnist-iid-quick-20-20261004,4,0,fc1,max,0.00347837433218956,1
lsa-inspired-mnist-iid-quick-20-20261004,4,0,fc1,l1,10.292920213529214,1
lsa-inspired-mnist-iid-quick-20-20261004,4,0,fc1,l2,0.06978873832446991,1
lsa-inspired-mnist-iid-quick-20-20261004,4,0,fc1,max_abs,0.00347837433218956,1
lsa-inspired-mnist-iid-quick-20-20261004,4,0,fc1,sparsity,0.05288997769279796,1
lsa-inspired-mnist-iid-quick-20-20261004,4,0,fc1,skewness,2.0720193636421613,1
lsa-inspired-mnist-iid-quick-20-20261004,4,0,fc1,kurtosis,28.12483023803613,1
lsa-inspired-mnist-iid-quick-20-20261004,4,0,output,mean,2.605912203972156e-11,1
lsa-inspired-mnist-iid-quick-20-20261004,4,0,output,std,0.0027591602160649733,1
lsa-inspired-mnist-iid-quick-20-20261004,4,0,output,median,-9.525567293167114e-05,1
lsa-inspired-mnist-iid-quick-20-20261004,4,0,output,min,-0.006507529877126217,1
lsa-inspired-mnist-iid-quick-20-20261004,4,0,output,max,0.030985433608293533,1
lsa-inspired-mnist-iid-quick-20-20261004,4,0,output,l1,0.6856102019664831,1
lsa-inspired-mnist-iid-quick-20-20261004,4,0,output,l2,0.07034505891422092,1
lsa-inspired-mnist-iid-quick-20-20261004,4,0,output,max_abs,0.030985433608293533,1
lsa-inspired-mnist-iid-quick-20-20261004,4,0,output,sparsity,0.015384615384615385,1
lsa-inspired-mnist-iid-quick-20-20261004,4,0,output,skewness,5.778223813176786,1
lsa-inspired-mnist-iid-quick-20-20261004,4,0,output,kurtosis,46.40500569095517,1
lsa-inspired-mnist-iid-quick-20-20261004,4,1,conv1,mean,0.0006812648112827447,0
lsa-inspired-mnist-iid-quick-20-20261004,4,1,conv1,std,0.0012708835233160175,0
lsa-inspired-mnist-iid-quick-20-20261004,4,1,conv1,median,0.00010909140110015869,0
lsa-inspired-mnist-iid-quick-20-20261004,4,1,conv1,min,-0.0012075603008270264,0
lsa-inspired-mnist-iid-quick-20-20261004,4,1,conv1,max,0.004847347736358643,0
lsa-inspired-mnist-iid-quick-20-20261004,4,1,conv1,l1,0.13663408195134252,0
lsa-inspired-mnist-iid-quick-20-20261004,4,1,conv1,l2,0.018239590666144886,0
lsa-inspired-mnist-iid-quick-20-20261004,4,1,conv1,max_abs,0.004847347736358643,0
lsa-inspired-mnist-iid-quick-20-20261004,4,1,conv1,sparsity,0.0,0
lsa-inspired-mnist-iid-quick-20-20261004,4,1,conv1,skewness,1.4419506217340559,0
lsa-inspired-mnist-iid-quick-20-20261004,4,1,conv1,kurtosis,1.2155543977632508,0
lsa-inspired-mnist-iid-quick-20-20261004,4,1,conv2,mean,0.00018377433325126889,0
lsa-inspired-mnist-iid-quick-20-20261004,4,1,conv2,std,0.0005048974251145047,0
lsa-inspired-mnist-iid-quick-20-20261004,4,1,conv2,median,5.18173910677433e-05,0
lsa-inspired-mnist-iid-quick-20-20261004,4,1,conv2,min,-0.0013400167226791382,0
lsa-inspired-mnist-iid-quick-20-20261004,4,1,conv2,max,0.0052001867443323135,0
lsa-inspired-mnist-iid-quick-20-20261004,4,1,conv2,l1,1.282237339852145,0
lsa-inspired-mnist-iid-quick-20-20261004,4,1,conv2,l2,0.036599755295415745,0
lsa-inspired-mnist-iid-quick-20-20261004,4,1,conv2,max_abs,0.0052001867443323135,0
lsa-inspired-mnist-iid-quick-20-20261004,4,1,conv2,sparsity,0.0010775862068965517,0
lsa-inspired-mnist-iid-quick-20-20261004,4,1,conv2,skewness,3.415047772939335,0
lsa-inspired-mnist-iid-quick-20-20261004,4,1,conv2,kurtosis,19.408896621277066,0
lsa-inspired-mnist-iid-quick-20-20261004,4,1,fc1,mean,1.845955562111493e-05,0
lsa-inspired-mnist-iid-quick-20-20261004,4,1,fc1,std,0.00022555057608905467,0
lsa-inspired-mnist-iid-quick-20-20261004,4,1,fc1,median,0.0,0
lsa-inspired-mnist-iid-quick-20-20261004,4,1,fc1,min,-0.0037037543952465057,0
lsa-inspired-mnist-iid-quick-20-20261004,4,1,fc1,max,0.003914857283234596,0
lsa-inspired-mnist-iid-quick-20-20261004,4,1,fc1,l1,10.750664583331172,0
lsa-inspired-mnist-iid-quick-20-20261004,4,1,fc1,l2,0.07171252822827798,0
lsa-inspired-mnist-iid-quick-20-20261004,4,1,fc1,max_abs,0.003914857283234596,0
lsa-inspired-mnist-iid-quick-20-20261004,4,1,fc1,sparsity,0.07428099107711919,0
lsa-inspired-mnist-iid-quick-20-20261004,4,1,fc1,skewness,1.5098052678748246,0
lsa-inspired-mnist-iid-quick-20-20261004,4,1,fc1,kurtosis,27.112247842114467,0
lsa-inspired-mnist-iid-quick-20-20261004,4,1,output,mean,2.603673447783177e-10,0
lsa-inspired-mnist-iid-quick-20-20261004,4,1,output,std,0.0008599156158283272,0
lsa-inspired-mnist-iid-quick-20-20261004,4,1,output,median,-4.184432327747345e-06,0
lsa-inspired-mnist-iid-quick-20-20261004,4,1,output,min,-0.003801502287387848,0
lsa-inspired-mnist-iid-quick-20-20261004,4,1,output,max,0.003912733867764473,0
lsa-inspired-mnist-iid-quick-20-20261004,4,1,output,l1,0.3500882296648342,0
lsa-inspired-mnist-iid-quick-20-20261004,4,1,output,l2,0.02192363252575999,0
lsa-inspired-mnist-iid-quick-20-20261004,4,1,output,max_abs,0.003912733867764473,0
lsa-inspired-mnist-iid-quick-20-20261004,4,1,output,sparsity,0.015384615384615385,0
lsa-inspired-mnist-iid-quick-20-20261004,4,1,output,skewness,0.7556113133970754,0
lsa-inspired-mnist-iid-quick-20-20261004,4,1,output,kurtosis,3.8162215900326117,0
lsa-inspired-mnist-iid-quick-20-20261004,4,2,conv1,mean,0.0007029474909359124,0
lsa-inspired-mnist-iid-quick-20-20261004,4,2,conv1,std,0.0013189082071441583,0
lsa-inspired-mnist-iid-quick-20-20261004,4,2,conv1,median,9.56803560256958e-05,0
lsa-inspired-mnist-iid-quick-20-20261004,4,2,conv1,min,-0.00143413245677948,0
lsa-inspired-mnist-iid-quick-20-20261004,4,2,conv1,max,0.005171984434127808,0
lsa-inspired-mnist-iid-quick-20-20261004,4,2,conv1,l1,0.13818651682231575,0
lsa-inspired-mnist-iid-quick-20-20261004,4,2,conv1,l2,0.018904619684660413,0
lsa-inspired-mnist-iid-quick-20-20261004,4,2,conv1,max_abs,0.005171984434127808,0
lsa-inspired-mnist-iid-quick-20-20261004,4,2,conv1,sparsity,0.0,0
lsa-inspired-mnist-iid-quick-20-20261004,4,2,conv1,skewness,1.4960661165136435,0
lsa-inspired-mnist-iid-quick-20-20261004,4,2,conv1,kurtosis,1.431138114335818,0
lsa-inspired-mnist-iid-quick-20-20261004,4,2,conv2,mean,0.00018931308479828846,0
lsa-inspired-mnist-iid-quick-20-20261004,4,2,conv2,std,0.0005219760523942207,0
lsa-inspired-mnist-iid-quick-20-20261004,4,2,conv2,median,4.756404086947441e-05,0
lsa-inspired-mnist-iid-quick-20-20261004,4,2,conv2,min,-0.0015460159629583359,0
lsa-inspired-mnist-iid-quick-20-20261004,4,2,conv2,max,0.005590835586190224,0
lsa-inspired-mnist-iid-quick-20-20261004,4,2,conv2,l1,1.2761560356957489,0
lsa-inspired-mnist-iid-quick-20-20261004,4,2,conv2,l2,0.03782201445109565,0
lsa-inspired-mnist-iid-quick-20-20261004,4,2,conv2,max_abs,0.005590835586190224,0
lsa-inspired-mnist-iid-quick-20-20261004,4,2,conv2,sparsity,0.0,0
lsa-inspired-mnist-iid-quick-20-20261004,4,2,conv2,skewness,3.6293067964252694,0
lsa-inspired-mnist-iid-quick-20-20261004,4,2,conv2,kurtosis,21.871343065706764,0
lsa-inspired-mnist-iid-quick-20-20261004,4,2,fc1,mean,3.8073266238076717e-05,0
lsa-inspired-mnist-iid-quick-20-20261004,4,2,fc1,std,0.00021883416028369436,0
lsa-inspired-mnist-iid-quick-20-20261004,4,2,fc1,median,4.2747706174850464e-07,0
lsa-inspired-mnist-iid-quick-20-20261004,4,2,fc1,min,-0.0028949882835149765,0
lsa-inspired-mnist-iid-quick-20-20261004,4,2,fc1,max,0.0034336447715759277,0
lsa-inspired-mnist-iid-quick-20-20261004,4,2,fc1,l1,10.505874366863168,0
lsa-inspired-mnist-iid-quick-20-20261004,4,2,fc1,l2,0.07038693716626046,0
lsa-inspired-mnist-iid-quick-20-20261004,4,2,fc1,max_abs,0.0034336447715759277,0
lsa-inspired-mnist-iid-quick-20-20261004,4,2,fc1,sparsity,0.07374322817080943,0
lsa-inspired-mnist-iid-quick-20-20261004,4,2,fc1,skewness,1.997897043663615,0
lsa-inspired-mnist-iid-quick-20-20261004,4,2,fc1,kurtosis,24.60812059447805,0
lsa-inspired-mnist-iid-quick-20-20261004,4,2,output,mean,-1.5125036812745607e-10,0
lsa-inspired-mnist-iid-quick-20-20261004,4,2,output,std,0.0008079102869779111,0
lsa-inspired-mnist-iid-quick-20-20261004,4,2,output,median,-4.356028512120247e-06,0
lsa-inspired-mnist-iid-quick-20-20261004,4,2,output,min,-0.003320850431919098,0
lsa-inspired-mnist-iid-quick-20-20261004,4,2,output,max,0.0040450189262628555,0
lsa-inspired-mnist-iid-quick-20-20261004,4,2,output,l1,0.329108044214081,0
lsa-inspired-mnist-iid-quick-20-20261004,4,2,output,l2,0.02059775159266394,0
lsa-inspired-mnist-iid-quick-20-20261004,4,2,output,max_abs,0.0040450189262628555,0
lsa-inspired-mnist-iid-quick-20-20261004,4,2,output,sparsity,0.015384615384615385,0
lsa-inspired-mnist-iid-quick-20-20261004,4,2,output,skewness,0.5804375321452172,0
lsa-inspired-mnist-iid-quick-20-20261004,4,2,output,kurtosis,3.899759797540275,0
lsa-inspired-mnist-iid-quick-20-20261004,4,3,conv1,mean,0.000776078409398906,0
lsa-inspired-mnist-iid-quick-20-20261004,4,3,conv1,std,0.0014418973826978653,0
lsa-inspired-mnist-iid-quick-20-20261004,4,3,conv1,median,7.980316877365112e-05,0
lsa-inspired-mnist-iid-quick-20-20261004,4,3,conv1,min,-0.0014767944812774658,0
lsa-inspired-mnist-iid-quick-20-20261004,4,3,conv1,max,0.00561147928237915,0
lsa-inspired-mnist-iid-quick-20-20261004,4,3,conv1,l1,0.1504977368749678,0
lsa-inspired-mnist-iid-quick-20-20261004,4,3,conv1,l2,0.02071276228711599,0
lsa-inspired-mnist-iid-quick-20-20261004,4,3,conv1,max_abs,0.00561147928237915,0
lsa-inspired-mnist-iid-quick-20-20261004,4,3,conv1,sparsity,0.0,0
lsa-inspired-mnist-iid-quick-20-20261004,4,3,conv1,skewness,1.5148142184005868,0
lsa-inspired-mnist-iid-quick-20-20261004,4,3,conv1,kurtosis,1.5086186576644254,0
lsa-inspired-mnist-iid-quick-20-20261004,4,3,conv2,mean,0.00022440140488579971,0
lsa-inspired-mnist-iid-quick-20-20261004,4,3,conv2,std,0.0005602342416977926,0
lsa-inspired-mnist-iid-quick-20-20261004,4,3,conv2,median,6.230548024177551e-05,0
lsa-inspired-mnist-iid-quick-20-20261004,4,3,conv2,min,-0.0014171162620186806,0
lsa-inspired-mnist-iid-quick-20-20261004,4,3,conv2,max,0.005412429571151733,0
lsa-inspired-mnist-iid-quick-20-20261004,4,3,conv2,l1,1.3982028568971145,0
lsa-inspired-mnist-iid-quick-20-20261004,4,3,conv2,l2,0.04110928554276217,0
lsa-inspired-mnist-iid-quick-20-20261004,4,3,conv2,max_abs,0.005412429571151733,0
lsa-inspired-mnist-iid-quick-20-20261004,4,3,conv2,sparsity,0.000646551724137931,0
lsa-inspired-mnist-iid-quick-20-20261004,4,3,conv2,skewness,3.4666827799306024,0
lsa-inspired-mnist-iid-quick-20-20261004,4,3,conv2,kurtosis,17.865729569767343,0
lsa-inspired-mnist-iid-quick-20-20261004,4,3,fc1,mean,3.405878245227754e-05,0
lsa-inspired-mnist-iid-quick-20-20261004,4,3,fc1,std,0.00023434124678491935,0
lsa-inspired-mnist-iid-quick-20-20261004,4,3,fc1,median,0.0,0
lsa-inspired-mnist-iid-quick-20-20261004,4,3,fc1,min,-0.0029508601874113083,0
lsa-inspired-mnist-iid-quick-20-20261004,4,3,fc1,max,0.0037975162267684937,0
lsa-inspired-mnist-iid-quick-20-20261004,4,3,fc1,l1,11.065094875778641,0
lsa-inspired-mnist-iid-quick-20-20261004,4,3,fc1,l2,0.07503938700480335,0
lsa-inspired-mnist-iid-quick-20-20261004,4,3,fc1,max_abs,0.0037975162267684937,0
lsa-inspired-mnist-iid-quick-20-20261004,4,3,fc1,sparsity,0.08212834608030593,0
lsa-inspired-mnist-iid-quick-20-20261004,4,3,fc1,skewness,2.1508358577416073,0
lsa-inspired-mnist-iid-quick-20-20261004,4,3,fc1,kurtosis,27.327142247031112,0
lsa-inspired-mnist-iid-quick-20-20261004,4,3,output,mean,-2.528003488595669e-10,0
lsa-inspired-mnist-iid-quick-20-20261004,4,3,output,std,0.0009138052252792062,0
lsa-inspired-mnist-iid-quick-20-20261004,4,3,output,median,-5.626119673252106e-06,0
lsa-inspired-mnist-iid-quick-20-20261004,4,3,output,min,-0.003825380699709058,0
lsa-inspired-mnist-iid-quick-20-20261004,4,3,output,max,0.004717467352747917,0
lsa-inspired-mnist-iid-quick-20-20261004,4,3,output,l1,0.371858824219089,0
lsa-inspired-mnist-iid-quick-20-20261004,4,3,output,l2,0.02329755337660951,0
lsa-inspired-mnist-iid-quick-20-20261004,4,3,output,max_abs,0.004717467352747917,0
lsa-inspired-mnist-iid-quick-20-20261004,4,3,output,sparsity,0.03076923076923077,0
lsa-inspired-mnist-iid-quick-20-20261004,4,3,output,skewness,0.864584943530092,0
lsa-inspired-mnist-iid-quick-20-20261004,4,3,output,kurtosis,4.451827482654289,0
lsa-inspired-mnist-iid-quick-20-20261004,4,4,conv1,mean,0.0007569680848973804,0
lsa-inspired-mnist-iid-quick-20-20261004,4,4,conv1,std,0.0014015087246155489,0
lsa-inspired-mnist-iid-quick-20-20261004,4,4,conv1,median,8.046627044677734e-05,0
lsa-inspired-mnist-iid-quick-20-20261004,4,4,conv1,min,-0.0014935731887817383,0
lsa-inspired-mnist-iid-quick-20-20261004,4,4,conv1,max,0.005457401275634766,0
lsa-inspired-mnist-iid-quick-20-20261004,4,4,conv1,l1,0.14562367578037083,0
lsa-inspired-mnist-iid-quick-20-20261004,4,4,conv1,l2,0.020148359284970913,0
lsa-inspired-mnist-iid-quick-20-20261004,4,4,conv1,max_abs,0.005457401275634766,0
lsa-inspired-mnist-iid-quick-20-20261004,4,4,conv1,sparsity,0.0,0
lsa-inspired-mnist-iid-quick-20-20261004,4,4,conv1,skewness,1.5582977533799998,0
lsa-inspired-mnist-iid-quick-20-20261004,4,4,conv1,kurtosis,1.6336850736418098,0
lsa-inspired-mnist-iid-quick-20-20261004,4,4,conv2,mean,0.0002003658888631027,0
lsa-inspired-mnist-iid-quick-20-20261004,4,4,conv2,std,0.0005655096950306422,0
lsa-inspired-mnist-iid-quick-20-20261004,4,4,conv2,median,4.600547254085541e-05,0
lsa-inspired-mnist-iid-quick-20-20261004,4,4,conv2,min,-0.0014392584562301636,0
lsa-inspired-mnist-iid-quick-20-20261004,4,4,conv2,max,0.006091225892305374,0
lsa-inspired-mnist-iid-quick-20-20261004,4,4,conv2,l1,1.3645747980153828,0
lsa-inspired-mnist-iid-quick-20-20261004,4,4,conv2,l2,0.040867558641471076,0
lsa-inspired-mnist-iid-quick-20-20261004,4,4,conv2,max_abs,0.006091225892305374,0
lsa-inspired-mnist-iid-quick-20-20261004,4,4,conv2,sparsity,0.00021551724137931034,0
lsa-inspired-mnist-iid-quick-20-20261004,4,4,conv2,skewness,3.732346470579859,0
lsa-inspired-mnist-iid-quick-20-20261004,4,4,conv2,kurtosis,22.642816640884366,0
lsa-inspired-mnist-iid-quick-20-20261004,4,4,fc1,mean,3.392034716309044e-05,0
lsa-inspired-mnist-iid-quick-20-20261004,4,4,fc1,std,0.0002364723950255581,0
lsa-inspired-mnist-iid-quick-20-20261004,4,4,fc1,median,2.584420144557953e-08,0
lsa-inspired-mnist-iid-quick-20-20261004,4,4,fc1,min,-0.003019023686647415,0
lsa-inspired-mnist-iid-quick-20-20261004,4,4,fc1,max,0.004079215228557587,0
lsa-inspired-mnist-iid-quick-20-20261004,4,4,fc1,l1,11.104909360976535,0
lsa-inspired-mnist-iid-quick-20-20261004,4,4,fc1,l2,0.0757015150841785,0
lsa-inspired-mnist-iid-quick-20-20261004,4,4,fc1,max_abs,0.004079215228557587,0
lsa-inspired-mnist-iid-quick-20-20261004,4,4,fc1,sparsity,0.08173000318674314,0
lsa-inspired-mnist-iid-quick-20-20261004,4,4,fc1,skewness,2.3269744029694652,0
lsa-inspired-mnist-iid-quick-20-20261004,4,4,fc1,kurtosis,30.941830197523316,0
lsa-inspired-mnist-iid-quick-20-20261004,4,4,output,mean,3.239480205453359e-10,0
lsa-inspired-mnist-iid-quick-20-20261004,4,4,output,std,0.0009491212573067844,0
lsa-inspired-mnist-iid-quick-20-20261004,4,4,output,median,-6.981194019317627e-06,0
lsa-inspired-mnist-iid-quick-20-20261004,4,4,output,min,-0.004567436873912811,0
lsa-inspired-mnist-iid-quick-20-20261004,4,4,output,max,0.005224280059337616,0
lsa-inspired-mnist-iid-quick-20-20261004,4,4,output,l1,0.3800071580626536,0
lsa-inspired-mnist-iid-quick-20-20261004,4,4,output,l2,0.02419793905886647,0
lsa-inspired-mnist-iid-quick-20-20261004,4,4,output,max_abs,0.005224280059337616,0
lsa-inspired-mnist-iid-quick-20-20261004,4,4,output,sparsity,0.03076923076923077,0
lsa-inspired-mnist-iid-quick-20-20261004,4,4,output,skewness,1.0412040543752228,0
lsa-inspired-mnist-iid-quick-20-20261004,4,4,output,kurtosis,5.552759054626408,0
lsa-inspired-mnist-iid-quick-20-20261004,5,0,conv1,mean,0.0011241146043175832,1
lsa-inspired-mnist-iid-quick-20-20261004,5,0,conv1,std,0.0019778201704681434,1
lsa-inspired-mnist-iid-quick-20-20261004,5,0,conv1,median,0.0001855064183473587,1
lsa-inspired-mnist-iid-quick-20-20261004,5,0,conv1,min,-0.0016903430223464966,1
lsa-inspired-mnist-iid-quick-20-20261004,5,0,conv1,max,0.007643222808837891,1
lsa-inspired-mnist-iid-quick-20-20261004,5,0,conv1,l1,0.20675080409273505,1
lsa-inspired-mnist-iid-quick-20-20261004,5,0,conv1,l2,0.028776118627363796,1
lsa-inspired-mnist-iid-quick-20-20261004,5,0,conv1,max_abs,0.007643222808837891,1
lsa-inspired-mnist-iid-quick-20-20261004,5,0,conv1,sparsity,0.0,1
lsa-inspired-mnist-iid-quick-20-20261004,5,0,conv1,skewness,1.5212203921832321,1
lsa-inspired-mnist-iid-quick-20-20261004,5,0,conv1,kurtosis,1.3538064571810722,1
lsa-inspired-mnist-iid-quick-20-20261004,5,0,conv2,mean,0.0002749874397028995,1
lsa-inspired-mnist-iid-quick-20-20261004,5,0,conv2,std,0.0007043294066741614,1
lsa-inspired-mnist-iid-quick-20-20261004,5,0,conv2,median,6.927381036803126e-05,1
lsa-inspired-mnist-iid-quick-20-20261004,5,0,conv2,min,-0.0017587319016456604,1
lsa-inspired-mnist-iid-quick-20-20261004,5,0,conv2,max,0.007655322551727295,1
lsa-inspired-mnist-iid-quick-20-20261004,5,0,conv2,l1,1.6871163002688263,1
lsa-inspired-mnist-iid-quick-20-20261004,5,0,conv2,l2,0.051504162391650836,1
lsa-inspired-mnist-iid-quick-20-20261004,5,0,conv2,max_abs,0.007655322551727295,1
lsa-inspired-mnist-iid-quick-20-20261004,5,0,conv2,sparsity,0.00021551724137931034,1
lsa-inspired-mnist-iid-quick-20-20261004,5,0,conv2,skewness,3.885795643210811,1
lsa-inspired-mnist-iid-quick-20-20261004,5,0,conv2,kurtosis,23.653560631298188,1
lsa-inspired-mnist-iid-quick-20-20261004,5,0,fc1,mean,3.792696148014014e-05,1
lsa-inspired-mnist-iid-quick-20-20261004,5,0,fc1,std,0.0002491134516289048,1
lsa-inspired-mnist-iid-quick-20-20261004,5,0,fc1,median,4.7497451305389404e-08,1
lsa-inspired-mnist-iid-quick-20-20261004,5,0,fc1,min,-0.003550168126821518,1
lsa-inspired-mnist-iid-quick-20-20261004,5,0,fc1,max,0.004192022606730461,1
lsa-inspired-mnist-iid-quick-20-20261004,5,0,fc1,l1,11.716827527998646,1
lsa-inspired-mnist-iid-quick-20-20261004,5,0,fc1,l2,0.07984992761983659,1
lsa-inspired-mnist-iid-quick-20-20261004,5,0,fc1,max_abs,0.004192022606730461,1
lsa-inspired-mnist-iid-quick-20-20261004,5,0,fc1,sparsity,0.052411966220522625,1
lsa-inspired-mnist-iid-quick-20-20261004,5,0,fc1,skewness,2.121975059227283,1
lsa-inspired-mnist-iid-quick-20-20261004,5,0,fc1,kurtosis,28.66191588050288,1
lsa-inspired-mnist-iid-quick-20-20261004,5,0,output,mean,5.328239729771247e-11,1
lsa-inspired-mnist-iid-quick-20-20261004,5,0,output,std,0.002798015841869746,1
lsa-inspired-mnist-iid-quick-20-20261004,5,0,output,median,-9.908713400363922e-05,1
lsa-inspired-mnist-iid-quick-20-20261004,5,0,output,min,-0.006142103113234043,1
lsa-inspired-mnist-iid-quick-20-20261004,5,0,output,max,0.025742623955011368,1
lsa-inspired-mnist-iid-quick-20-20261004,5,0,output,l1,0.7507924766396172,1
lsa-inspired-mnist-iid-quick-20-20261004,5,0,output,l2,0.0713356868851779,1
lsa-inspired-mnist-iid-quick-20-20261004,5,0,output,max_abs,0.025742623955011368,1
lsa-inspired-mnist-iid-quick-20-20261004,5,0,output,sparsity,0.015384615384615385,1
lsa-inspired-mnist-iid-quick-20-20261004,5,0,output,skewness,4.963292070522945,1
lsa-inspired-mnist-iid-quick-20-20261004,5,0,output,kurtosis,34.098983605165124,1
lsa-inspired-mnist-iid-quick-20-20261004,5,1,conv1,mean,0.0010609314696921502,0
lsa-inspired-mnist-iid-quick-20-20261004,5,1,conv1,std,0.0018852810386583566,0
lsa-inspired-mnist-iid-quick-20-20261004,5,1,conv1,median,0.00015943124890327454,0
lsa-inspired-mnist-iid-quick-20-20261004,5,1,conv1,min,-0.0015875697135925293,0
lsa-inspired-mnist-iid-quick-20-20261004,5,1,conv1,max,0.007241368293762207,0
lsa-inspired-mnist-iid-quick-20-20261004,5,1,conv1,l1,0.19990110641811043,0
lsa-inspired-mnist-iid-quick-20-20261004,5,1,conv1,l2,0.02736380142628689,0
lsa-inspired-mnist-iid-quick-20-20261004,5,1,conv1,max_abs,0.007241368293762207,0
lsa-inspired-mnist-iid-quick-20-20261004,5,1,conv1,sparsity,0.0,0
lsa-inspired-mnist-iid-quick-20-20261004,5,1,conv1,skewness,1.4908511747557416,0
lsa-inspired-mnist-iid-quick-20-20261004,5,1,conv1,kurtosis,1.2768494048518262,0
lsa-inspired-mnist-iid-quick-20-20261004,5,1,conv2,mean,0.0002521610834805713,0
lsa-inspired-mnist-iid-quick-20-20261004,5,1,conv2,std,0.0006798312881253339,0
lsa-inspired-mnist-iid-quick-20-20261004,5,1,conv2,median,6.740167737007141e-05,0
lsa-inspired-mnist-iid-quick-20-20261004,5,1,conv2,min,-0.0017674490809440613,0
lsa-inspired-mnist-iid-quick-20-20261004,5,1,conv2,max,0.00732237845659256,0
lsa-inspired-mnist-iid-quick-20-20261004,5,1,conv2,l1,1.6657725440782087,0
lsa-inspired-mnist-iid-quick-20-20261004,5,1,conv2,l2,0.0493913643913608,0
lsa-inspired-mnist-iid-quick-20-20261004,5,1,conv2,max_abs,0.00732237845659256,0
lsa-inspired-mnist-iid-quick-20-20261004,5,1,conv2,sparsity,0.000646551724137931,0
lsa-inspired-mnist-iid-quick-20-20261004,5,1,conv2,skewness,3.765554883265564,0
lsa-inspired-mnist-iid-quick-20-20261004,5,1,conv2,kurtosis,22.90365709035876,0
lsa-inspired-mnist-iid-quick-20-20261004,5,1,fc1,mean,2.390053656305785e-05,0
lsa-inspired-mnist-iid-quick-20-20261004,5,1,fc1,std,0.0002599289080098476,0
lsa-inspired-mnist-iid-quick-20-20261004,5,1,fc1,median,0.0,0
lsa-inspired-mnist-iid-quick-20-20261004,5,1,fc1,min,-0.004414159804582596,0
lsa-inspired-mnist-iid-quick-20-20261004,5,1,fc1,max,0.004303190857172012,0
lsa-inspired-mnist-iid-quick-20-20261004,5,1,fc1,l1,12.216681923350734,0
lsa-inspired-mnist-iid-quick-20-20261004,5,1,fc1,l2,0.08271499951177018,0
lsa-inspired-mnist-iid-quick-20-20261004,5,1,fc1,max_abs,0.004414159804582596,0
lsa-inspired-mnist-iid-quick-20-20261004,5,1,fc1,sparsity,0.07259799235181644,0
lsa-inspired-mnist-iid-quick-20-20261004,5,1,fc1,skewness,1.7180944586471882,0
lsa-inspired-mnist-iid-quick-20-20261004,5,1,fc1,kurtosis,29.084786050775847,0
lsa-inspired-mnist-iid-quick-20-20261004,5,1,output,mean,2.3054711234111053e-10,0
lsa-inspired-mnist-iid-quick-20-20261004,5,1,output,std,0.0011143216549624449,0
lsa-inspired-mnist-iid-quick-20-20261004,5,1,output,median,-2.908986061811447e-06,0
lsa-inspired-mnist-iid-quick-20-20261004,5,1,output,min,-0.004045654088258743,0
lsa-inspired-mnist-iid-quick-20-20261004,5,1,output,max,0.004682689905166626,0
lsa-inspired-mnist-iid-quick-20-20261004,5,1,output,l1,0.45622653627651744,0
lsa-inspired-mnist-iid-quick-20-20261004,5,1,output,l2,0.02840973931536317,0
lsa-inspired-mnist-iid-quick-20-20261004,5,1,output,max_abs,0.004682689905166626,0
lsa-inspired-mnist-iid-quick-20-20261004,5,1,output,sparsity,0.015384615384615385,0
lsa-inspired-mnist-iid-quick-20-20261004,5,1,output,skewness,0.7299109221102612,0
lsa-inspired-mnist-iid-quick-20-20261004,5,1,output,kurtosis,3.2632368325773857,0
lsa-inspired-mnist-iid-quick-20-20261004,5,2,conv1,mean,0.0010835743589268532,0
lsa-inspired-mnist-iid-quick-20-20261004,5,2,conv1,std,0.0019153278774539338,0
lsa-inspired-mnist-iid-quick-20-20261004,5,2,conv1,median,0.00013923365622758865,0
lsa-inspired-mnist-iid-quick-20-20261004,5,2,conv1,min,-0.0017831623554229736,0
lsa-inspired-mnist-iid-quick-20-20261004,5,2,conv1,max,0.007363826036453247,0
lsa-inspired-mnist-iid-quick-20-20261004,5,2,conv1,l1,0.2027564781019464,0
lsa-inspired-mnist-iid-quick-20-20261004,5,2,conv1,l2,0.02783555789123238,0
lsa-inspired-mnist-iid-quick-20-20261004,5,2,conv1,max_abs,0.007363826036453247,0
lsa-inspired-mnist-iid-quick-20-20261004,5,2,conv1,sparsity,0.0,0
lsa-inspired-mnist-iid-quick-20-20261004,5,2,conv1,skewness,1.4757167716111923,0
lsa-inspired-mnist-iid-quick-20-20261004,5,2,conv1,kurtosis,1.2035222394483798,0
lsa-inspired-mnist-iid-quick-20-20261004,5,2,conv2,mean,0.00026541237442055215,0
lsa-inspired-mnist-iid-quick-20-20261004,5,2,conv2,std,0.000689098723050349,0
lsa-inspired-mnist-iid-quick-20-20261004,5,2,conv2,median,6.529130041599274e-05,0
lsa-inspired-mnist-iid-quick-20-20261004,5,2,conv2,min,-0.0018048286437988281,0
lsa-inspired-mnist-iid-quick-20-20261004,5,2,conv2,max,0.007467212155461311,0
lsa-inspired-mnist-iid-quick-20-20261004,5,2,conv2,l1,1.6656230466396664,0
lsa-inspired-mnist-iid-quick-20-20261004,5,2,conv2,l2,0.05030104981735491,0
lsa-inspired-mnist-iid-quick-20-20261004,5,2,conv2,max_abs,0.007467212155461311,0
lsa-inspired-mnist-iid-quick-20-20261004,5,2,conv2,sparsity,0.0,0
lsa-inspired-mnist-iid-quick-20-20261004,5,2,conv2,skewness,3.796066468345808,0
lsa-inspired-mnist-iid-quick-20-20261004,5,2,conv2,kurtosis,22.961105307294886,0
lsa-inspired-mnist-iid-quick-20-20261004,5,2,fc1,mean,4.651741808954724e-05,0
lsa-inspired-mnist-iid-quick-20-20261004,5,2,fc1,std,0.0002534082877627169,0
lsa-inspired-mnist-iid-quick-20-20261004,5,2,fc1,median,5.718320608139038e-07,0
lsa-inspired-mnist-iid-quick-20-20261004,5,2,fc1,min,-0.004024486523121595,0
lsa-inspired-mnist-iid-quick-20-20261004,5,2,fc1,max,0.004092341288924217,0
lsa-inspired-mnist-iid-quick-20-20261004,5,2,fc1,l1,12.262337372834054,0
lsa-inspired-mnist-iid-quick-20-20261004,5,2,fc1,l2,0.0816429848519753,0
lsa-inspired-mnist-iid-quick-20-20261004,5,2,fc1,max_abs,0.004092341288924217,0
lsa-inspired-mnist-iid-quick-20-20261004,5,2,fc1,sparsity,0.07130337794773742,0
lsa-inspired-mnist-iid-quick-20-20261004,5,2,fc1,skewness,1.8628967800495702,0
lsa-inspired-mnist-iid-quick-20-20261004,5,2,fc1,kurtosis,24.359193135989646,0
lsa-inspired-mnist-iid-quick-20-20261004,5,2,output,mean,1.2281816452741622e-10,0
lsa-inspired-mnist-iid-quick-20-20261004,5,2,output,std,0.0010501131886729831,0
lsa-inspired-mnist-iid-quick-20-20261004,5,2,output,median,-3.0668452382087708e-06,0
lsa-inspired-mnist-iid-quick-20-20261004,5,2,output,min,-0.004381880164146423,0
lsa-inspired-mnist-iid-quick-20-20261004,5,2,output,max,0.004710327833890915,0
lsa-inspired-mnist-iid-quick-20-20261004,5,2,output,l1,0.4292121081671212,0
lsa-inspired-mnist-iid-quick-20-20261004,5,2,output,l2,0.0267727382026236,0
lsa-inspired-mnist-iid-quick-20-20261004,5,2,output,max_abs,0.004710327833890915,0
lsa-inspired-mnist-iid-quick-20-20261004,5,2,output,sparsity,0.015384615384615385,0
lsa-inspired-mnist-iid-quick-20-20261004,5,2,output,skewness,0.44886126597265336,0
lsa-inspired-mnist-iid-quick-20-20261004,5,2,output,kurtosis,3.6212744818768323,0
lsa-inspired-mnist-iid-quick-20-20261004,5,3,conv1,mean,0.001181061346869683,0
lsa-inspired-mnist-iid-quick-20-20261004,5,3,conv1,std,0.002087208271080878,0
lsa-inspired-mnist-iid-quick-20-20261004,5,3,conv1,median,0.00014745444059371948,0
lsa-inspired-mnist-iid-quick-20-20261004,5,3,conv1,min,-0.0017375797033309937,0
lsa-inspired-mnist-iid-quick-20-20261004,5,3,conv1,max,0.008095085620880127,0
lsa-inspired-mnist-iid-quick-20-20261004,5,3,conv1,l1,0.2165310758864507,0
lsa-inspired-mnist-iid-quick-20-20261004,5,3,conv1,l2,0.03033504711567281,0
lsa-inspired-mnist-iid-quick-20-20261004,5,3,conv1,max_abs,0.008095085620880127,0
lsa-inspired-mnist-iid-quick-20-20261004,5,3,conv1,sparsity,0.0,0
lsa-inspired-mnist-iid-quick-20-20261004,5,3,conv1,skewness,1.5370017278038237,0
lsa-inspired-mnist-iid-quick-20-20261004,5,3,conv1,kurtosis,1.4092509942761646,0
lsa-inspired-mnist-iid-quick-20-20261004,5,3,conv2,mean,0.00030325781323473826,0
lsa-inspired-mnist-iid-quick-20-20261004,5,3,conv2,std,0.0007353961910132673,0
lsa-inspired-mnist-iid-quick-20-20261004,5,3,conv2,median,8.402206003665924e-05,0
lsa-inspired-mnist-iid-quick-20-20261004,5,3,conv2,min,-0.0017459914088249207,0
lsa-inspired-mnist-iid-quick-20-20261004,5,3,conv2,max,0.007645759731531143,0
lsa-inspired-mnist-iid-quick-20-20261004,5,3,conv2,l1,1.803558943211101,0
lsa-inspired-mnist-iid-quick-20-20261004,5,3,conv2,l2,0.05418547836798695,0
lsa-inspired-mnist-iid-quick-20-20261004,5,3,conv2,max_abs,0.007645759731531143,0
lsa-inspired-mnist-iid-quick-20-20261004,5,3,conv2,sparsity,0.0004310344827586207,0
lsa-inspired-mnist-iid-quick-20-20261004,5,3,conv2,skewness,3.726662443460831,0
lsa-inspired-mnist-iid-quick-20-20261004,5,3,conv2,kurtosis,21.139999291800926,0
lsa-inspired-mnist-iid-quick-20-20261004,5,3,fc1,mean,3.874716516956008e-05,0
lsa-inspired-mnist-iid-quick-20-20261004,5,3,fc1,std,0.0002645133177370785,0
lsa-inspired-mnist-iid-quick-20-20261004,5,3,fc1,median,5.9371814131736755e-09,0
lsa-inspired-mnist-iid-quick-20-20261004,5,3,fc1,min,-0.0033685360103845596,0
lsa-inspired-mnist-iid-quick-20-20261004,5,3,fc1,max,0.004478340037167072,0
lsa-inspired-mnist-iid-quick-20-20261004,5,3,fc1,l1,12.321173334998889,0
lsa-inspired-mnist-iid-quick-20-20261004,5,3,fc1,l2,0.08471478478006106,0
lsa-inspired-mnist-iid-quick-20-20261004,5,3,fc1,max_abs,0.004478340037167072,0
lsa-inspired-mnist-iid-quick-20-20261004,5,3,fc1,sparsity,0.08091340025493945,0
lsa-inspired-mnist-iid-quick-20-20261004,5,3,fc1,skewness,2.2017197245109297,0
lsa-inspired-mnist-iid-quick-20-20261004,5,3,fc1,kurtosis,28.466291930170836,0
lsa-inspired-mnist-iid-quick-20-20261004,5,3,output,mean,-4.0709542540403514e-10,0
lsa-inspired-mnist-iid-quick-20-20261004,5,3,output,std,0.001170777621897484,0
lsa-inspired-mnist-iid-quick-20-20261004,5,3,output,median,-4.217028617858887e-06,0
lsa-inspired-mnist-iid-quick-20-20261004,5,3,output,min,-0.0044291652739048,0
lsa-inspired-mnist-iid-quick-20-20261004,5,3,output,max,0.005552761256694794,0
lsa-inspired-mnist-iid-quick-20-20261004,5,3,output,l1,0.4820503529626876,0
lsa-inspired-mnist-iid-quick-20-20261004,5,3,output,l2,0.029849089700666936,0
lsa-inspired-mnist-iid-quick-20-20261004,5,3,output,max_abs,0.005552761256694794,0
lsa-inspired-mnist-iid-quick-20-20261004,5,3,output,sparsity,0.03076923076923077,0
lsa-inspired-mnist-iid-quick-20-20261004,5,3,output,skewness,0.8144372912596737,0
lsa-inspired-mnist-iid-quick-20-20261004,5,3,output,kurtosis,3.9285689357393334,0
lsa-inspired-mnist-iid-quick-20-20261004,5,4,conv1,mean,0.0011708925951097627,0
lsa-inspired-mnist-iid-quick-20-20261004,5,4,conv1,std,0.002038921133029783,0
lsa-inspired-mnist-iid-quick-20-20261004,5,4,conv1,median,0.0002314634621143341,0
lsa-inspired-mnist-iid-quick-20-20261004,5,4,conv1,min,-0.001774325966835022,0
lsa-inspired-mnist-iid-quick-20-20261004,5,4,conv1,max,0.007872611284255981,0
lsa-inspired-mnist-iid-quick-20-20261004,5,4,conv1,l1,0.21359703957568854,0
lsa-inspired-mnist-iid-quick-20-20261004,5,4,conv1,l2,0.029740716483631198,0
lsa-inspired-mnist-iid-quick-20-20261004,5,4,conv1,max_abs,0.007872611284255981,0
lsa-inspired-mnist-iid-quick-20-20261004,5,4,conv1,sparsity,0.0,0
lsa-inspired-mnist-iid-quick-20-20261004,5,4,conv1,skewness,1.5595179421000038,0
lsa-inspired-mnist-iid-quick-20-20261004,5,4,conv1,kurtosis,1.4838516905694688,0
lsa-inspired-mnist-iid-quick-20-20261004,5,4,conv2,mean,0.00027911852048967785,0
lsa-inspired-mnist-iid-quick-20-20261004,5,4,conv2,std,0.000745474332867131,0
lsa-inspired-mnist-iid-quick-20-20261004,5,4,conv2,median,6.462074816226959e-05,0
lsa-inspired-mnist-iid-quick-20-20261004,5,4,conv2,min,-0.0017806142568588257,0
lsa-inspired-mnist-iid-quick-20-20261004,5,4,conv2,max,0.00828811526298523,0
lsa-inspired-mnist-iid-quick-20-20261004,5,4,conv2,l1,1.749504667644942,0
lsa-inspired-mnist-iid-quick-20-20261004,5,4,conv2,l2,0.05422255582892003,0
lsa-inspired-mnist-iid-quick-20-20261004,5,4,conv2,max_abs,0.00828811526298523,0
lsa-inspired-mnist-iid-quick-20-20261004,5,4,conv2,sparsity,0.0004310344827586207,0
lsa-inspired-mnist-iid-quick-20-20261004,5,4,conv2,skewness,3.967591580015592,0
lsa-inspired-mnist-iid-quick-20-20261004,5,4,conv2,kurtosis,24.686911134084955,0
lsa-inspired-mnist-iid-quick-20-20261004,5,4,fc1,mean,4.25427291136134e-05,0
lsa-inspired-mnist-iid-quick-20-20261004,5,4,fc1,std,0.00026997127626092314,0
lsa-inspired-mnist-iid-quick-20-20261004,5,4,fc1,median,1.2526288628578186e-07,0
lsa-inspired-mnist-iid-quick-20-20261004,5,4,fc1,min,-0.003597383387386799,0
lsa-inspired-mnist-iid-quick-20-20261004,5,4,fc1,max,0.004938805475831032,0
lsa-inspired-mnist-iid-quick-20-20261004,5,4,fc1,l1,12.694733992191914,0
lsa-inspired-mnist-iid-quick-20-20261004,5,4,fc1,l2,0.08660548620117581,0
lsa-inspired-mnist-iid-quick-20-20261004,5,4,fc1,max_abs,0.004938805475831032,0
lsa-inspired-mnist-iid-quick-20-20261004,5,4,fc1,sparsity,0.08087356596558318,0
lsa-inspired-mnist-iid-quick-20-20261004,5,4,fc1,skewness,2.3702426670884176,0
lsa-inspired-mnist-iid-quick-20-20261004,5,4,fc1,kurtosis,31.010058460161112,0
lsa-inspired-mnist-iid-quick-20-20261004,5,4,output,mean,6.505825485174473e-11,0
lsa-inspired-mnist-iid-quick-20-20261004,5,4,output,std,0.0012043348206043556,0
lsa-inspired-mnist-iid-quick-20-20261004,5,4,output,median,-4.198402166366577e-06,0
lsa-inspired-mnist-iid-quick-20-20261004,5,4,output,min,-0.004363473504781723,0
lsa-inspired-mnist-iid-quick-20-20261004,5,4,output,max,0.006236597895622253,0
lsa-inspired-mnist-iid-quick-20-20261004,5,4,output,l1,0.48705942285596393,0
lsa-inspired-mnist-iid-quick-20-20261004,5,4,output,l2,0.03070463375580442,0
lsa-inspired-mnist-iid-quick-20-20261004,5,4,output,max_abs,0.006236597895622253,0
lsa-inspired-mnist-iid-quick-20-20261004,5,4,output,sparsity,0.03076923076923077,0
lsa-inspired-mnist-iid-quick-20-20261004,5,4,output,skewness,0.9909076830575588,0
lsa-inspired-mnist-iid-quick-20-20261004,5,4,output,kurtosis,4.291620380315144,0
lsa-inspired-mnist-iid-quick-20-20261004,6,0,conv1,mean,0.0016540047188755124,1
lsa-inspired-mnist-iid-quick-20-20261004,6,0,conv1,std,0.0028128236343677856,1
lsa-inspired-mnist-iid-quick-20-20261004,6,0,conv1,median,0.00032852403819561005,1
lsa-inspired-mnist-iid-quick-20-20261004,6,0,conv1,min,-0.0020565688610076904,1
lsa-inspired-mnist-iid-quick-20-20261004,6,0,conv1,max,0.010645300149917603,1
lsa-inspired-mnist-iid-quick-20-20261004,6,0,conv1,l1,0.296218971721828,1
lsa-inspired-mnist-iid-quick-20-20261004,6,0,conv1,l2,0.041275093522598755,1
lsa-inspired-mnist-iid-quick-20-20261004,6,0,conv1,max_abs,0.010645300149917603,1
lsa-inspired-mnist-iid-quick-20-20261004,6,0,conv1,sparsity,0.0,1
lsa-inspired-mnist-iid-quick-20-20261004,6,0,conv1,skewness,1.508143696927167,1
lsa-inspired-mnist-iid-quick-20-20261004,6,0,conv1,kurtosis,1.1912477468163196,1
lsa-inspired-mnist-iid-quick-20-20261004,6,0,conv2,mean,0.0003563430863754673,1
lsa-inspired-mnist-iid-quick-20-20261004,6,0,conv2,std,0.0009185066936589913,1
lsa-inspired-mnist-iid-quick-20-20261004,6,0,conv2,median,8.516199886798859e-05,1
lsa-inspired-mnist-iid-quick-20-20261004,6,0,conv2,min,-0.002260245382785797,1
lsa-inspired-mnist-iid-quick-20-20261004,6,0,conv2,max,0.010168805718421936,1
lsa-inspired-mnist-iid-quick-20-20261004,6,0,conv2,l1,2.1636162419781613,1
lsa-inspired-mnist-iid-quick-20-20261004,6,0,conv2,l2,0.06710995551018047,1
lsa-inspired-mnist-iid-quick-20-20261004,6,0,conv2,max_abs,0.010168805718421936,1
lsa-inspired-mnist-iid-quick-20-20261004,6,0,conv2,sparsity,0.00021551724137931034,1
lsa-inspired-mnist-iid-quick-20-20261004,6,0,conv2,skewness,3.9578462821398057,1
lsa-inspired-mnist-iid-quick-20-20261004,6,0,conv2,kurtosis,24.424120039498497,1
lsa-inspired-mnist-iid-quick-20-20261004,6,0,fc1,mean,4.393061053824195e-05,1
lsa-inspired-mnist-iid-quick-20-20261004,6,0,fc1,std,0.00029032186955285405,1
lsa-inspired-mnist-iid-quick-20-20261004,6,0,fc1,median,8.416827768087387e-08,1
lsa-inspired-mnist-iid-quick-20-20261004,6,0,fc1,min,-0.004175374284386635,1
lsa-inspired-mnist-iid-quick-20-20261004,6,0,fc1,max,0.00504717230796814,1
lsa-inspired-mnist-iid-quick-20-20261004,6,0,fc1,l1,13.678627889025222,1
lsa-inspired-mnist-iid-quick-20-20261004,6,0,fc1,l2,0.09304587465261212,1
lsa-inspired-mnist-iid-quick-20-20261004,6,0,fc1,max_abs,0.00504717230796814,1
lsa-inspired-mnist-iid-quick-20-20261004,6,0,fc1,sparsity,0.05122689611217336,1
lsa-inspired-mnist-iid-quick-20-20261004,6,0,fc1,skewness,1.9690570881210019,1
lsa-inspired-mnist-iid-quick-20-20261004,6,0,fc1,kurtosis,28.68511281532116,1
lsa-inspired-mnist-iid-quick-20-20261004,6,0,output,mean,1.3625070166129332e-10,1
lsa-inspired-mnist-iid-quick-20-20261004,6,0,output,std,0.002599643341006872,1
lsa-inspired-mnist-iid-quick-20-20261004,6,0,output,median,-6.9398432970047e-05,1
lsa-inspired-mnist-iid-quick-20-20261004,6,0,output,min,-0.006250593811273575,1
lsa-inspired-mnist-iid-quick-20-20261004,6,0,output,max,0.020823895931243896,1
lsa-inspired-mnist-iid-quick-20-20261004,6,0,output,l1,0.7822454244887922,1
lsa-inspired-mnist-iid-quick-20-20261004,6,0,output,l2,0.066278160620878,1
lsa-inspired-mnist-iid-quick-20-20261004,6,0,output,max_abs,0.020823895931243896,1
lsa-inspired-mnist-iid-quick-20-20261004,6,0,output,sparsity,0.027692307692307693,1
lsa-inspired-mnist-iid-quick-20-20261004,6,0,output,skewness,4.033786085227228,1
lsa-inspired-mnist-iid-quick-20-20261004,6,0,output,kurtosis,24.692864997532066,1
lsa-inspired-mnist-iid-quick-20-20261004,6,1,conv1,mean,0.0015860802566749043,0
lsa-inspired-mnist-iid-quick-20-20261004,6,1,conv1,std,0.002703988712672153,0
lsa-inspired-mnist-iid-quick-20-20261004,6,1,conv1,median,0.000349278561770916,0
lsa-inspired-mnist-iid-quick-20-20261004,6,1,conv1,min,-0.0019754767417907715,0
lsa-inspired-mnist-iid-quick-20-20261004,6,1,conv1,max,0.010020077228546143,0
lsa-inspired-mnist-iid-quick-20-20261004,6,1,conv1,l1,0.2882181911263615,0
lsa-inspired-mnist-iid-quick-20-20261004,6,1,conv1,l2,0.03965290514224114,0
lsa-inspired-mnist-iid-quick-20-20261004,6,1,conv1,max_abs,0.010020077228546143,0
lsa-inspired-mnist-iid-quick-20-20261004,6,1,conv1,sparsity,0.0,0
lsa-inspired-mnist-iid-quick-20-20261004,6,1,conv1,skewness,1.4775119459464625,0
lsa-inspired-mnist-iid-quick-20-20261004,6,1,conv1,kurtosis,1.0824573772855821,0
lsa-inspired-mnist-iid-quick-20-20261004,6,1,conv2,mean,0.00033771734674858104,0
lsa-inspired-mnist-iid-quick-20-20261004,6,1,conv2,std,0.0008937935025888526,0
lsa-inspired-mnist-iid-quick-20-20261004,6,1,conv2,median,8.215988054871559e-05,0
lsa-inspired-mnist-iid-quick-20-20261004,6,1,conv2,min,-0.0022998377680778503,0
lsa-inspired-mnist-iid-quick-20-20261004,6,1,conv2,max,0.00970403105020523,0
lsa-inspired-mnist-iid-quick-20-20261004,6,1,conv2,l1,2.1528186882060254,0
lsa-inspired-mnist-iid-quick-20-20261004,6,1,conv2,l2,0.06508416104138832,0
lsa-inspired-mnist-iid-quick-20-20261004,6,1,conv2,max_abs,0.00970403105020523,0
lsa-inspired-mnist-iid-quick-20-20261004,6,1,conv2,sparsity,0.0004310344827586207,0
lsa-inspired-mnist-iid-quick-20-20261004,6,1,conv2,skewness,3.8017549837334976,0
lsa-inspired-mnist-iid-quick-20-20261004,6,1,conv2,kurtosis,22.95084121732673,0
lsa-inspired-mnist-iid-quick-20-20261004,6,1,fc1,mean,3.289315791816034e-05,0
lsa-inspired-mnist-iid-quick-20-20261004,6,1,fc1,std,0.00030568009947421783,0
lsa-inspired-mnist-iid-quick-20-20261004,6,1,fc1,median,0.0,0
lsa-inspired-mnist-iid-quick-20-20261004,6,1,fc1,min,-0.005002027377486229,0
lsa-inspired-mnist-iid-quick-20-20261004,6,1,fc1,max,0.004922876134514809,0
lsa-inspired-mnist-iid-quick-20-20261004,6,1,fc1,l1,14.551217721654439,0
lsa-inspired-mnist-iid-quick-20-20261004,6,1,fc1,l2,0.09742458403806235,0
lsa-inspired-mnist-iid-quick-20-20261004,6,1,fc1,max_abs,0.005002027377486229,0
lsa-inspired-mnist-iid-quick-20-20261004,6,1,fc1,sparsity,0.07230919375398343,0
lsa-inspired-mnist-iid-quick-20-20261004,6,1,fc1,skewness,1.6022146822316108,0
lsa-inspired-mnist-iid-quick-20-20261004,6,1,fc1,kurtosis,27.27332659429874,0
lsa-inspired-mnist-iid-quick-20-20261004,6,1,output,mean,-1.2832550475230583e-10,0
lsa-inspired-mnist-iid-quick-20-20261004,6,1,output,std,0.0014857848739722116,0
lsa-inspired-mnist-iid-quick-20-20261004,6,1,output,median,-2.3152679204940796e-06,0
lsa-inspired-mnist-iid-quick-20-20261004,6,1,output,min,-0.005331441760063171,0
lsa-inspired-mnist-iid-quick-20-20261004,6,1,output,max,0.006058722734451294,0
lsa-inspired-mnist-iid-quick-20-20261004,6,1,output,l1,0.616423649713397,0
lsa-inspired-mnist-iid-quick-20-20261004,6,1,output,l2,0.03788023032692666,0
lsa-inspired-mnist-iid-quick-20-20261004,6,1,output,max_abs,0.006058722734451294,0
lsa-inspired-mnist-iid-quick-20-20261004,6,1,output,sparsity,0.015384615384615385,0
lsa-inspired-mnist-iid-quick-20-20261004,6,1,output,skewness,0.6424921242251491,0
lsa-inspired-mnist-iid-quick-20-20261004,6,1,output,kurtosis,2.7712533292823816,0
lsa-inspired-mnist-iid-quick-20-20261004,6,2,conv1,mean,0.0015799092419911177,0
lsa-inspired-mnist-iid-quick-20-20261004,6,2,conv1,std,0.0026947971164416255,0
lsa-inspired-mnist-iid-quick-20-20261004,6,2,conv1,median,0.00033383816480636597,0
lsa-inspired-mnist-iid-quick-20-20261004,6,2,conv1,min,-0.0020460784435272217,0
lsa-inspired-mnist-iid-quick-20-20261004,6,2,conv1,max,0.010211586952209473,0
lsa-inspired-mnist-iid-quick-20-20261004,6,2,conv1,l1,0.28586873784661293,0
lsa-inspired-mnist-iid-quick-20-20261004,6,2,conv1,l2,0.03951312634902188,0
lsa-inspired-mnist-iid-quick-20-20261004,6,2,conv1,max_abs,0.010211586952209473,0
lsa-inspired-mnist-iid-quick-20-20261004,6,2,conv1,sparsity,0.0,0
lsa-inspired-mnist-iid-quick-20-20261004,6,2,conv1,skewness,1.4849698924035715,0
lsa-inspired-mnist-iid-quick-20-20261004,6,2,conv1,kurtosis,1.1263275403478215,0
lsa-inspired-mnist-iid-quick-20-20261004,6,2,conv2,mean,0.00033911992196949384,0
lsa-inspired-mnist-iid-quick-20-20261004,6,2,conv2,std,0.0008884022633057843,0
lsa-inspired-mnist-iid-quick-20-20261004,6,2,conv2,median,7.797218859195709e-05,0
lsa-inspired-mnist-iid-quick-20-20261004,6,2,conv2,min,-0.00223638117313385,0
lsa-inspired-mnist-iid-quick-20-20261004,6,2,conv2,max,0.009797737002372742,0
lsa-inspired-mnist-iid-quick-20-20261004,6,2,conv2,l1,2.1013834945242706,0
lsa-inspired-mnist-iid-quick-20-20261004,6,2,conv2,l2,0.06477476815523728,0
lsa-inspired-mnist-iid-quick-20-20261004,6,2,conv2,max_abs,0.009797737002372742,0
lsa-inspired-mnist-iid-quick-20-20261004,6,2,conv2,sparsity,0.00021551724137931034,0
lsa-inspired-mnist-iid-quick-20-20261004,6,2,conv2,skewness,3.931508205324208,0
lsa-inspired-mnist-iid-quick-20-20261004,6,2,conv2,kurtosis,24.371414730697467,0
lsa-inspired-mnist-iid-quick-20-20261004,6,2,fc1,mean,5.391562278605693e-05,0
lsa-inspired-mnist-iid-quick-20-20261004,6,2,fc1,std,0.00029769518617525794,0
lsa-inspired-mnist-iid-quick-20-20261004,6,2,fc1,median,8.633360266685486e-07,0
lsa-inspired-mnist-iid-quick-20-20261004,6,2,fc1,min,-0.005138424690812826,0
lsa-inspired-mnist-iid-quick-20-20261004,6,2,fc1,max,0.005163546651601791,0
lsa-inspired-mnist-iid-quick-20-20261004,6,2,fc1,l1,14.38334405603382,0
lsa-inspired-mnist-iid-quick-20-20261004,6,2,fc1,l2,0.095869745079592,0
lsa-inspired-mnist-iid-quick-20-20261004,6,2,fc1,max_abs,0.005163546651601791,0
lsa-inspired-mnist-iid-quick-20-20261004,6,2,fc1,sparsity,0.07013822498406629,0
lsa-inspired-mnist-iid-quick-20-20261004,6,2,fc1,skewness,1.7334010239656807,0
lsa-inspired-mnist-iid-quick-20-20261004,6,2,fc1,kurtosis,24.778085407342942,0
lsa-inspired-mnist-iid-quick-20-20261004,6,2,output,mean,1.5129514325123567e-10,0
lsa-inspired-mnist-iid-quick-20-20261004,6,2,output,std,0.0013877086897304443,0
lsa-inspired-mnist-iid-quick-20-20261004,6,2,output,median,-1.8067657947540283e-06,0
lsa-inspired-mnist-iid-quick-20-20261004,6,2,output,min,-0.005804520100355148,0
lsa-inspired-mnist-iid-quick-20-20261004,6,2,output,max,0.005699470639228821,0
lsa-inspired-mnist-iid-quick-20-20261004,6,2,output,l1,0.5767251211509574,0
lsa-inspired-mnist-iid-quick-20-20261004,6,2,output,l2,0.035379768440589265,0
lsa-inspired-mnist-iid-quick-20-20261004,6,2,output,max_abs,0.005804520100355148,0
lsa-inspired-mnist-iid-quick-20-20261004,6,2,output,sparsity,0.015384615384615385,0
lsa-inspired-mnist-iid-quick-20-20261004,6,2,output,skewness,0.2288522233244582,0
lsa-inspired-mnist-iid-quick-20-20261004,6,2,output,kurtosis,3.0847367644519945,0
lsa-inspired-mnist-iid-quick-20-20261004,6,3,conv1,mean,0.0017278951847401914,0
lsa-inspired-mnist-iid-quick-20-20261004,6,3,conv1,std,0.0029421000736072947,0
lsa-inspired-mnist-iid-quick-20-20261004,6,3,conv1,median,0.0003100857138633728,0
lsa-inspired-mnist-iid-quick-20-20261004,6,3,conv1,min,-0.0020905733108520508,0
lsa-inspired-mnist-iid-quick-20-20261004,6,3,conv1,max,0.011182665824890137,0
lsa-inspired-mnist-iid-quick-20-20261004,6,3,conv1,l1,0.30769301077816635,0
lsa-inspired-mnist-iid-quick-20-20261004,6,3,conv1,l2,0.04315845152471231,0
lsa-inspired-mnist-iid-quick-20-20261004,6,3,conv1,max_abs,0.011182665824890137,0
lsa-inspired-mnist-iid-quick-20-20261004,6,3,conv1,sparsity,0.0,0
lsa-inspired-mnist-iid-quick-20-20261004,6,3,conv1,skewness,1.516396209884972,0
lsa-inspired-mnist-iid-quick-20-20261004,6,3,conv1,kurtosis,1.215555052902027,0
lsa-inspired-mnist-iid-quick-20-20261004,6,3,conv2,mean,0.0003853451977318337,0
lsa-inspired-mnist-iid-quick-20-20261004,6,3,conv2,std,0.000954000624056679,0
lsa-inspired-mnist-iid-quick-20-20261004,6,3,conv2,median,9.928550571203232e-05,0
lsa-inspired-mnist-iid-quick-20-20261004,6,3,conv2,min,-0.002273090183734894,0
lsa-inspired-mnist-iid-quick-20-20261004,6,3,conv2,max,0.010229431092739105,0
lsa-inspired-mnist-iid-quick-20-20261004,6,3,conv2,l1,2.278769246637239,0
lsa-inspired-mnist-iid-quick-20-20261004,6,3,conv2,l2,0.07008524552440412,0
lsa-inspired-mnist-iid-quick-20-20261004,6,3,conv2,max_abs,0.010229431092739105,0
lsa-inspired-mnist-iid-quick-20-20261004,6,3,conv2,sparsity,0.0,0
lsa-inspired-mnist-iid-quick-20-20261004,6,3,conv2,skewness,3.8656971004792364,0
lsa-inspired-mnist-iid-quick-20-20261004,6,3,conv2,kurtosis,22.807958883361845,0
lsa-inspired-mnist-iid-quick-20-20261004,6,3,fc1,mean,4.4010075376945815e-05,0
lsa-inspired-mnist-iid-quick-20-20261004,6,3,fc1,std,0.00030685248239641674,0
lsa-inspired-mnist-iid-quick-20-20261004,6,3,fc1,median,9.569339454174042e-08,0
lsa-inspired-mnist-iid-quick-20-20261004,6,3,fc1,min,-0.004087354987859726,0
lsa-inspired-mnist-iid-quick-20-20261004,6,3,fc1,max,0.005510393995791674,0
lsa-inspired-mnist-iid-quick-20-20261004,6,3,fc1,l1,14.262344016546763,0
lsa-inspired-mnist-iid-quick-20-20261004,6,3,fc1,l2,0.0982319139951512,0
lsa-inspired-mnist-iid-quick-20-20261004,6,3,fc1,max_abs,0.005510393995791674,0
lsa-inspired-mnist-iid-quick-20-20261004,6,3,fc1,sparsity,0.07854326003824091,0
lsa-inspired-mnist-iid-quick-20-20261004,6,3,fc1,skewness,2.070345967416241,0
lsa-inspired-mnist-iid-quick-20-20261004,6,3,fc1,kurtosis,29.266341630523655,0
lsa-inspired-mnist-iid-quick-20-20261004,6,3,output,mean,7.459535621679746e-11,0
lsa-inspired-mnist-iid-quick-20-20261004,6,3,output,std,0.0015317739299227635,0
lsa-inspired-mnist-iid-quick-20-20261004,6,3,output,median,-2.263113856315613e-06,0
lsa-inspired-mnist-iid-quick-20-20261004,6,3,output,min,-0.005923286080360413,0
lsa-inspired-mnist-iid-quick-20-20261004,6,3,output,max,0.00660473108291626,0
lsa-inspired-mnist-iid-quick-20-20261004,6,3,output,l1,0.6432509659207426,0
lsa-inspired-mnist-iid-quick-20-20261004,6,3,output,l2,0.03905272579544444,0
lsa-inspired-mnist-iid-quick-20-20261004,6,3,output,max_abs,0.00660473108291626,0
lsa-inspired-mnist-iid-quick-20-20261004,6,3,output,sparsity,0.03076923076923077,0
lsa-inspired-mnist-iid-quick-20-20261004,6,3,output,skewness,0.6333784043702824,0
lsa-inspired-mnist-iid-quick-20-20261004,6,3,output,kurtosis,3.161736648466645,0
lsa-inspired-mnist-iid-quick-20-20261004,6,4,conv1,mean,0.0017221371163032018,0
lsa-inspired-mnist-iid-quick-20-20261004,6,4,conv1,std,0.0029210028136597483,0
lsa-inspired-mnist-iid-quick-20-20261004,6,4,conv1,median,0.0003010537475347519,0
lsa-inspired-mnist-iid-quick-20-20261004,6,4,conv1,min,-0.0021920204162597656,0
lsa-inspired-mnist-iid-quick-20-20261004,6,4,conv1,max,0.011166870594024658,0
lsa-inspired-mnist-iid-quick-20-20261004,6,4,conv1,l1,0.30710462224669755,0
lsa-inspired-mnist-iid-quick-20-20261004,6,4,conv1,l2,0.042891516522048555,0
lsa-inspired-mnist-iid-quick-20-20261004,6,4,conv1,max_abs,0.011166870594024658,0
lsa-inspired-mnist-iid-quick-20-20261004,6,4,conv1,sparsity,0.0,0
lsa-inspired-mnist-iid-quick-20-20261004,6,4,conv1,skewness,1.5423274647472822,0
lsa-inspired-mnist-iid-quick-20-20261004,6,4,conv1,kurtosis,1.326518923072955,0
lsa-inspired-mnist-iid-quick-20-20261004,6,4,conv2,mean,0.0003631899342335914,0
lsa-inspired-mnist-iid-quick-20-20261004,6,4,conv2,std,0.0009665504915736089,0
lsa-inspired-mnist-iid-quick-20-20261004,6,4,conv2,median,7.978174835443497e-05,0
lsa-inspired-mnist-iid-quick-20-20261004,6,4,conv2,min,-0.002231679856777191,0
lsa-inspired-mnist-iid-quick-20-20261004,6,4,conv2,max,0.01094401627779007,0
lsa-inspired-mnist-iid-quick-20-20261004,6,4,conv2,l1,2.236190992873162,0
lsa-inspired-mnist-iid-quick-20-20261004,6,4,conv2,l2,0.07033369224103483,0
lsa-inspired-mnist-iid-quick-20-20261004,6,4,conv2,max_abs,0.01094401627779007,0
lsa-inspired-mnist-iid-quick-20-20261004,6,4,conv2,sparsity,0.00021551724137931034,0
lsa-inspired-mnist-iid-quick-20-20261004,6,4,conv2,skewness,4.056029059139677,0
lsa-inspired-mnist-iid-quick-20-20261004,6,4,conv2,kurtosis,25.65326258756299,0
lsa-inspired-mnist-iid-quick-20-20261004,6,4,fc1,mean,4.490358228219591e-05,0
lsa-inspired-mnist-iid-quick-20-20261004,6,4,fc1,std,0.0003123080099678006,0
lsa-inspired-mnist-iid-quick-20-20261004,6,4,fc1,median,2.7837813831865788e-08,0
lsa-inspired-mnist-iid-quick-20-20261004,6,4,fc1,min,-0.004300003871321678,0
lsa-inspired-mnist-iid-quick-20-20261004,6,4,fc1,max,0.0058767832815647125,0
lsa-inspired-mnist-iid-quick-20-20261004,6,4,fc1,l1,14.564301878147376,0
lsa-inspired-mnist-iid-quick-20-20261004,6,4,fc1,l2,0.09998338047443472,0
lsa-inspired-mnist-iid-quick-20-20261004,6,4,fc1,max_abs,0.0058767832815647125,0
lsa-inspired-mnist-iid-quick-20-20261004,6,4,fc1,sparsity,0.07987770873167623,0
lsa-inspired-mnist-iid-quick-20-20261004,6,4,fc1,skewness,2.2319982924464683,0
lsa-inspired-mnist-iid-quick-20-20261004,6,4,fc1,kurtosis,31.852338505856935,0
lsa-inspired-mnist-iid-quick-20-20261004,6,4,output,mean,3.7736474321438715e-10,0
lsa-inspired-mnist-iid-quick-20-20261004,6,4,output,std,0.001568526957365162,0
lsa-inspired-mnist-iid-quick-20-20261004,6,4,output,median,-1.519918441772461e-06,0
lsa-inspired-mnist-iid-quick-20-20261004,6,4,output,min,-0.00523676723241806,0
lsa-inspired-mnist-iid-quick-20-20261004,6,4,output,max,0.00793449580669403,0
lsa-inspired-mnist-iid-quick-20-20261004,6,4,output,l1,0.6457244674675167,0
lsa-inspired-mnist-iid-quick-20-20261004,6,4,output,l2,0.03998974781600755,0
lsa-inspired-mnist-iid-quick-20-20261004,6,4,output,max_abs,0.00793449580669403,0
lsa-inspired-mnist-iid-quick-20-20261004,6,4,output,sparsity,0.03076923076923077,0
lsa-inspired-mnist-iid-quick-20-20261004,6,4,output,skewness,0.8489566922013985,0
lsa-inspired-mnist-iid-quick-20-20261004,6,4,output,kurtosis,3.598031139384932,0
lsa-inspired-mnist-iid-quick-20-20261004,7,0,conv1,mean,0.002327131268248195,1
lsa-inspired-mnist-iid-quick-20-20261004,7,0,conv1,std,0.003849944366952891,1
lsa-inspired-mnist-iid-quick-20-20261004,7,0,conv1,median,0.0004255138337612152,1
lsa-inspired-mnist-iid-quick-20-20261004,7,0,conv1,min,-0.002363234758377075,1
lsa-inspired-mnist-iid-quick-20-20261004,7,0,conv1,max,0.014265954494476318,1
lsa-inspired-mnist-iid-quick-20-20261004,7,0,conv1,l1,0.41085890342947096,1
lsa-inspired-mnist-iid-quick-20-20261004,7,0,conv1,l2,0.0569035838144358,1
lsa-inspired-mnist-iid-quick-20-20261004,7,0,conv1,max_abs,0.014265954494476318,1
lsa-inspired-mnist-iid-quick-20-20261004,7,0,conv1,sparsity,0.0,1
lsa-inspired-mnist-iid-quick-20-20261004,7,0,conv1,skewness,1.4901944190058962,1
lsa-inspired-mnist-iid-quick-20-20261004,7,0,conv1,kurtosis,1.0537622842382461,1
lsa-inspired-mnist-iid-quick-20-20261004,7,0,conv2,mean,0.0004392015983543827,1
lsa-inspired-mnist-iid-quick-20-20261004,7,0,conv2,std,0.001162580954980283,1
lsa-inspired-mnist-iid-quick-20-20261004,7,0,conv2,median,9.793788194656372e-05,1
lsa-inspired-mnist-iid-quick-20-20261004,7,0,conv2,min,-0.0028082355856895447,1
lsa-inspired-mnist-iid-quick-20-20261004,7,0,conv2,max,0.013106830418109894,1
lsa-inspired-mnist-iid-quick-20-20261004,7,0,conv2,l1,2.6655034065443033,1
lsa-inspired-mnist-iid-quick-20-20261004,7,0,conv2,l2,0.08465485985389609,1
lsa-inspired-mnist-iid-quick-20-20261004,7,0,conv2,max_abs,0.013106830418109894,1
lsa-inspired-mnist-iid-quick-20-20261004,7,0,conv2,sparsity,0.00021551724137931034,1
lsa-inspired-mnist-iid-quick-20-20261004,7,0,conv2,skewness,4.075623465940521,1
lsa-inspired-mnist-iid-quick-20-20261004,7,0,conv2,kurtosis,25.576957137616212,1
lsa-inspired-mnist-iid-quick-20-20261004,7,0,fc1,mean,5.219344785525766e-05,1
lsa-inspired-mnist-iid-quick-20-20261004,7,0,fc1,std,0.00034291344588497285,1
lsa-inspired-mnist-iid-quick-20-20261004,7,0,fc1,median,0.0,1
lsa-inspired-mnist-iid-quick-20-20261004,7,0,fc1,min,-0.00466180220246315,1
lsa-inspired-mnist-iid-quick-20-20261004,7,0,fc1,max,0.006043759640306234,1
lsa-inspired-mnist-iid-quick-20-20261004,7,0,fc1,l1,16.256470317973424,1
lsa-inspired-mnist-iid-quick-20-20261004,7,0,fc1,l2,0.10991555518814226,1
lsa-inspired-mnist-iid-quick-20-20261004,7,0,fc1,max_abs,0.006043759640306234,1
lsa-inspired-mnist-iid-quick-20-20261004,7,0,fc1,sparsity,0.049235181644359464,1
lsa-inspired-mnist-iid-quick-20-20261004,7,0,fc1,skewness,1.8963626615062457,1
lsa-inspired-mnist-iid-quick-20-20261004,7,0,fc1,kurtosis,27.63948802501195,1
lsa-inspired-mnist-iid-quick-20-20261004,7,0,output,mean,-1.6705598682165146e-10,1
lsa-inspired-mnist-iid-quick-20-20261004,7,0,output,std,0.0022059014607198014,1
lsa-inspired-mnist-iid-quick-20-20261004,7,0,output,median,-1.1762604117393494e-05,1
lsa-inspired-mnist-iid-quick-20-20261004,7,0,output,min,-0.00688735768198967,1
lsa-inspired-mnist-iid-quick-20-20261004,7,0,output,max,0.01508362591266632,1
lsa-inspired-mnist-iid-quick-20-20261004,7,0,output,l1,0.8061913971032482,1
lsa-inspired-mnist-iid-quick-20-20261004,7,0,output,l2,0.05623967296636564,1
lsa-inspired-mnist-iid-quick-20-20261004,7,0,output,max_abs,0.01508362591266632,1
lsa-inspired-mnist-iid-quick-20-20261004,7,0,output,sparsity,0.03076923076923077,1
lsa-inspired-mnist-iid-quick-20-20261004,7,0,output,skewness,2.4419228059831863,1
lsa-inspired-mnist-iid-quick-20-20261004,7,0,output,kurtosis,12.822031454592576,1
lsa-inspired-mnist-iid-quick-20-20261004,7,1,conv1,mean,0.0022689848599839026,0
lsa-inspired-mnist-iid-quick-20-20261004,7,1,conv1,std,0.0037517838622312056,0
lsa-inspired-mnist-iid-quick-20-20261004,7,1,conv1,median,0.0005083829164505005,0
lsa-inspired-mnist-iid-quick-20-20261004,7,1,conv1,min,-0.0021282732486724854,0
lsa-inspired-mnist-iid-quick-20-20261004,7,1,conv1,max,0.01364278793334961,0
lsa-inspired-mnist-iid-quick-20-20261004,7,1,conv1,l1,0.4033920371439308,0
lsa-inspired-mnist-iid-quick-20-20261004,7,1,conv1,l2,0.05546050766985051,0
lsa-inspired-mnist-iid-quick-20-20261004,7,1,conv1,max_abs,0.01364278793334961,0
lsa-inspired-mnist-iid-quick-20-20261004,7,1,conv1,sparsity,0.0,0
lsa-inspired-mnist-iid-quick-20-20261004,7,1,conv1,skewness,1.4704389650006766,0
lsa-inspired-mnist-iid-quick-20-20261004,7,1,conv1,kurtosis,0.9644966603033236,0
lsa-inspired-mnist-iid-quick-20-20261004,7,1,conv2,mean,0.00043085742155544093,0
lsa-inspired-mnist-iid-quick-20-20261004,7,1,conv2,std,0.0011445791606673017,0
lsa-inspired-mnist-iid-quick-20-20261004,7,1,conv2,median,9.910017251968384e-05,0
lsa-inspired-mnist-iid-quick-20-20261004,7,1,conv2,min,-0.002825036644935608,0
lsa-inspired-mnist-iid-quick-20-20261004,7,1,conv2,max,0.01260405033826828,0
lsa-inspired-mnist-iid-quick-20-20261004,7,1,conv2,l1,2.6750013440614566,0
lsa-inspired-mnist-iid-quick-20-20261004,7,1,conv2,l2,0.08330693859174496,0
lsa-inspired-mnist-iid-quick-20-20261004,7,1,conv2,max_abs,0.01260405033826828,0
lsa-inspired-mnist-iid-quick-20-20261004,7,1,conv2,sparsity,0.0004310344827586207,0
lsa-inspired-mnist-iid-quick-20-20261004,7,1,conv2,skewness,3.924605444318794,0
lsa-inspired-mnist-iid-quick-20-20261004,7,1,conv2,kurtosis,23.789892286404033,0
lsa-inspired-mnist-iid-quick-20-20261004,7,1,fc1,mean,4.3288329491015536e-05,0
lsa-inspired-mnist-iid-quick-20-20261004,7,1,fc1,std,0.0003670873555947583,0
lsa-inspired-mnist-iid-quick-20-20261004,7,1,fc1,median,0.0,0
lsa-inspired-mnist-iid-quick-20-20261004,7,1,fc1,min,-0.004630478098988533,0
lsa-inspired-mnist-iid-quick-20-20261004,7,1,fc1,max,0.0057821087539196014,0
lsa-inspired-mnist-iid-quick-20-20261004,7,1,fc1,l1,17.4454109079183,0
lsa-inspired-mnist-iid-quick-20-20261004,7,1,fc1,l2,0.11713042920312516,0
lsa-inspired-mnist-iid-quick-20-20261004,7,1,fc1,max_abs,0.0057821087539196014,0
lsa-inspired-mnist-iid-quick-20-20261004,7,1,fc1,sparsity,0.06994901210962397,0
lsa-inspired-mnist-iid-quick-20-20261004,7,1,fc1,skewness,1.8335660569748693,0
lsa-inspired-mnist-iid-quick-20-20261004,7,1,fc1,kurtosis,26.408080554291157,0
lsa-inspired-mnist-iid-quick-20-20261004,7,1,output,mean,3.4230582129496797e-10,0
lsa-inspired-mnist-iid-quick-20-20261004,7,1,output,std,0.0019795329131980215,0
lsa-inspired-mnist-iid-quick-20-20261004,7,1,output,median,-1.5459954738616943e-06,0
lsa-inspired-mnist-iid-quick-20-20261004,7,1,output,min,-0.006903413683176041,0
lsa-inspired-mnist-iid-quick-20-20261004,7,1,output,max,0.007635436952114105,0
lsa-inspired-mnist-iid-quick-20-20261004,7,1,output,l1,0.8425166188681033,0
lsa-inspired-mnist-iid-quick-20-20261004,7,1,output,l2,0.05046838476098017,0
lsa-inspired-mnist-iid-quick-20-20261004,7,1,output,max_abs,0.007635436952114105,0
lsa-inspired-mnist-iid-quick-20-20261004,7,1,output,sparsity,0.015384615384615385,0
lsa-inspired-mnist-iid-quick-20-20261004,7,1,output,skewness,0.5154069852768379,0
lsa-inspired-mnist-iid-quick-20-20261004,7,1,output,kurtosis,2.175914100124939,0
lsa-inspired-mnist-iid-quick-20-20261004,7,2,conv1,mean,0.002198933366162237,0
lsa-inspired-mnist-iid-quick-20-20261004,7,2,conv1,std,0.003654197779418697,0
lsa-inspired-mnist-iid-quick-20-20261004,7,2,conv1,median,0.0004579909145832062,0
lsa-inspired-mnist-iid-quick-20-20261004,7,2,conv1,min,-0.0022639483213424683,0
lsa-inspired-mnist-iid-quick-20-20261004,7,2,conv1,max,0.013660579919815063,0
lsa-inspired-mnist-iid-quick-20-20261004,7,2,conv1,l1,0.3920452219899744,0
lsa-inspired-mnist-iid-quick-20-20261004,7,2,conv1,l2,0.0539458533864172,0
lsa-inspired-mnist-iid-quick-20-20261004,7,2,conv1,max_abs,0.013660579919815063,0
lsa-inspired-mnist-iid-quick-20-20261004,7,2,conv1,sparsity,0.0,0
lsa-inspired-mnist-iid-quick-20-20261004,7,2,conv1,skewness,1.4762620858358977,0
lsa-inspired-mnist-iid-quick-20-20261004,7,2,conv1,kurtosis,1.0388106460202788,0
lsa-inspired-mnist-iid-quick-20-20261004,7,2,conv2,mean,0.00041421951438741386,0
lsa-inspired-mnist-iid-quick-20-20261004,7,2,conv2,std,0.0011071505279009435,0
lsa-inspired-mnist-iid-quick-20-20261004,7,2,conv2,median,9.171059355139732e-05,0
lsa-inspired-mnist-iid-quick-20-20261004,7,2,conv2,min,-0.0027095749974250793,0
lsa-inspired-mnist-iid-quick-20-20261004,7,2,conv2,max,0.012400634586811066,0
lsa-inspired-mnist-iid-quick-20-20261004,7,2,conv2,l1,2.5526246121444274,0
lsa-inspired-mnist-iid-quick-20-20261004,7,2,conv2,l2,0.0805217414897515,0
lsa-inspired-mnist-iid-quick-20-20261004,7,2,conv2,max_abs,0.012400634586811066,0
lsa-inspired-mnist-iid-quick-20-20261004,7,2,conv2,sparsity,0.0,0
lsa-inspired-mnist-iid-quick-20-20261004,7,2,conv2,skewness,4.036577795894998,0
lsa-inspired-mnist-iid-quick-20-20261004,7,2,conv2,kurtosis,25.173422047633554,0
lsa-inspired-mnist-iid-quick-20-20261004,7,2,fc1,mean,5.949561874208531e-05,0
lsa-inspired-mnist-iid-quick-20-20261004,7,2,fc1,std,0.0003473201786650403,0
lsa-inspired-mnist-iid-quick-20-20261004,7,2,fc1,median,4.3690670281648636e-07,0
lsa-inspired-mnist-iid-quick-20-20261004,7,2,fc1,min,-0.00640700850635767,0
lsa-inspired-mnist-iid-quick-20-20261004,7,2,fc1,max,0.0059477053582668304,0
lsa-inspired-mnist-iid-quick-20-20261004,7,2,fc1,l1,16.749103004859307,0
lsa-inspired-mnist-iid-quick-20-20261004,7,2,fc1,l2,0.11166359597634044,0
lsa-inspired-mnist-iid-quick-20-20261004,7,2,fc1,max_abs,0.00640700850635767,0
lsa-inspired-mnist-iid-quick-20-20261004,7,2,fc1,sparsity,0.06772825047801147,0
lsa-inspired-mnist-iid-quick-20-20261004,7,2,fc1,skewness,1.530805056806906,0
lsa-inspired-mnist-iid-quick-20-20261004,7,2,fc1,kurtosis,24.918408761056877,0
lsa-inspired-mnist-iid-quick-20-20261004,7,2,output,mean,1.2760910277183239e-11,0
lsa-inspired-mnist-iid-quick-20-20261004,7,2,output,std,0.001814560717720947,0
lsa-inspired-mnist-iid-quick-20-20261004,7,2,output,median,-7.096678018569946e-07,0
lsa-inspired-mnist-iid-quick-20-20261004,7,2,output,min,-0.0075126029551029205,0
lsa-inspired-mnist-iid-quick-20-20261004,7,2,output,max,0.006929956376552582,0
lsa-inspired-mnist-iid-quick-20-20261004,7,2,output,l1,0.7756425324769225,0
lsa-inspired-mnist-iid-quick-20-20261004,7,2,output,l2,0.04626240254129019,0
lsa-inspired-mnist-iid-quick-20-20261004,7,2,output,max_abs,0.0075126029551029205,0
lsa-inspired-mnist-iid-quick-20-20261004,7,2,output,sparsity,0.015384615384615385,0
lsa-inspired-mnist-iid-quick-20-20261004,7,2,output,skewness,-0.08643452753685806,0
lsa-inspired-mnist-iid-quick-20-20261004,7,2,output,kurtosis,2.2965280252561655,0
lsa-inspired-mnist-iid-quick-20-20261004,7,3,conv1,mean,0.002413037361111492,0
lsa-inspired-mnist-iid-quick-20-20261004,7,3,conv1,std,0.003999123496526607,0
lsa-inspired-mnist-iid-quick-20-20261004,7,3,conv1,median,0.0004449300467967987,0
lsa-inspired-mnist-iid-quick-20-20261004,7,3,conv1,min,-0.0024422556161880493,0
lsa-inspired-mnist-iid-quick-20-20261004,7,3,conv1,max,0.014899522066116333,0
lsa-inspired-mnist-iid-quick-20-20261004,7,3,conv1,l1,0.42410042881965637,0
lsa-inspired-mnist-iid-quick-20-20261004,7,3,conv1,l2,0.05908060669504485,0
lsa-inspired-mnist-iid-quick-20-20261004,7,3,conv1,max_abs,0.014899522066116333,0
lsa-inspired-mnist-iid-quick-20-20261004,7,3,conv1,sparsity,0.0,0
lsa-inspired-mnist-iid-quick-20-20261004,7,3,conv1,skewness,1.506921991596045,0
lsa-inspired-mnist-iid-quick-20-20261004,7,3,conv1,kurtosis,1.117556370323551,0
lsa-inspired-mnist-iid-quick-20-20261004,7,3,conv2,mean,0.00046791590686066697,0
lsa-inspired-mnist-iid-quick-20-20261004,7,3,conv2,std,0.0012032903217827626,0
lsa-inspired-mnist-iid-quick-20-20261004,7,3,conv2,median,0.00011040642857551575,0
lsa-inspired-mnist-iid-quick-20-20261004,7,3,conv2,min,-0.002858467400074005,0
lsa-inspired-mnist-iid-quick-20-20261004,7,3,conv2,max,0.013351984322071075,0
lsa-inspired-mnist-iid-quick-20-20261004,7,3,conv2,l1,2.7930657114447968,0
lsa-inspired-mnist-iid-quick-20-20261004,7,3,conv2,l2,0.08794428594267154,0
lsa-inspired-mnist-iid-quick-20-20261004,7,3,conv2,max_abs,0.013351984322071075,0
lsa-inspired-mnist-iid-quick-20-20261004,7,3,conv2,sparsity,0.0,0
lsa-inspired-mnist-iid-quick-20-20261004,7,3,conv2,skewness,4.007376354633368,0
lsa-inspired-mnist-iid-quick-20-20261004,7,3,conv2,kurtosis,24.583878147629743,0
lsa-inspired-mnist-iid-quick-20-20261004,7,3,fc1,mean,5.119096518513157e-05,0
lsa-inspired-mnist-iid-quick-20-20261004,7,3,fc1,std,0.00036367442233429425,0
lsa-inspired-mnist-iid-quick-20-20261004,7,3,fc1,median,0.0,0
lsa-inspired-mnist-iid-quick-20-20261004,7,3,fc1,min,-0.004938069730997086,0
lsa-inspired-mnist-iid-quick-20-20261004,7,3,fc1,max,0.0068670581094920635,0
lsa-inspired-mnist-iid-quick-20-20261004,7,3,fc1,l1,17.04196799865855,0
lsa-inspired-mnist-iid-quick-20-20261004,7,3,fc1,l2,0.11637899274110225,0
lsa-inspired-mnist-iid-quick-20-20261004,7,3,fc1,max_abs,0.0068670581094920635,0
lsa-inspired-mnist-iid-quick-20-20261004,7,3,fc1,sparsity,0.08783460803059273,0
lsa-inspired-mnist-iid-quick-20-20261004,7,3,fc1,skewness,1.9496189381241977,0
lsa-inspired-mnist-iid-quick-20-20261004,7,3,fc1,kurtosis,28.189827376489543,0
lsa-inspired-mnist-iid-quick-20-20261004,7,3,output,mean,-7.723708851979329e-11,0
lsa-inspired-mnist-iid-quick-20-20261004,7,3,output,std,0.001995697331830343,0
lsa-inspired-mnist-iid-quick-20-20261004,7,3,output,median,-1.0095536708831787e-06,0
lsa-inspired-mnist-iid-quick-20-20261004,7,3,output,min,-0.00778685137629509,0
lsa-inspired-mnist-iid-quick-20-20261004,7,3,output,max,0.0077800452709198,0
lsa-inspired-mnist-iid-quick-20-20261004,7,3,output,l1,0.8628377045679372,0
lsa-inspired-mnist-iid-quick-20-20261004,7,3,output,l2,0.0508804981911399,0
lsa-inspired-mnist-iid-quick-20-20261004,7,3,output,max_abs,0.00778685137629509,0
lsa-inspired-mnist-iid-quick-20-20261004,7,3,output,sparsity,0.046153846153846156,0
lsa-inspired-mnist-iid-quick-20-20261004,7,3,output,skewness,0.3671316533356441,0
lsa-inspired-mnist-iid-quick-20-20261004,7,3,output,kurtosis,2.2528569136552026,0
lsa-inspired-mnist-iid-quick-20-20261004,7,4,conv1,mean,0.0024275694573589134,0
lsa-inspired-mnist-iid-quick-20-20261004,7,4,conv1,std,0.004003300395565934,0
lsa-inspired-mnist-iid-quick-20-20261004,7,4,conv1,median,0.00043079257011413574,0
lsa-inspired-mnist-iid-quick-20-20261004,7,4,conv1,min,-0.0026184767484664917,0
lsa-inspired-mnist-iid-quick-20-20261004,7,4,conv1,max,0.014860928058624268,0
lsa-inspired-mnist-iid-quick-20-20261004,7,4,conv1,l1,0.42556425172369927,0
lsa-inspired-mnist-iid-quick-20-20261004,7,4,conv1,l2,0.05922095241036261,0
lsa-inspired-mnist-iid-quick-20-20261004,7,4,conv1,max_abs,0.014860928058624268,0
lsa-inspired-mnist-iid-quick-20-20261004,7,4,conv1,sparsity,0.0,0
lsa-inspired-mnist-iid-quick-20-20261004,7,4,conv1,skewness,1.5009030078971377,0
lsa-inspired-mnist-iid-quick-20-20261004,7,4,conv1,kurtosis,1.0872992314758863,0
lsa-inspired-mnist-iid-quick-20-20261004,7,4,conv2,mean,0.00044381363520250457,0
lsa-inspired-mnist-iid-quick-20-20261004,7,4,conv2,std,0.0012210516412334044,0
lsa-inspired-mnist-iid-quick-20-20261004,7,4,conv2,median,9.59932804107666e-05,0
lsa-inspired-mnist-iid-quick-20-20261004,7,4,conv2,min,-0.0028398558497428894,0
lsa-inspired-mnist-iid-quick-20-20261004,7,4,conv2,max,0.014070682227611542,0
lsa-inspired-mnist-iid-quick-20-20261004,7,4,conv2,l1,2.7456973937660223,0
lsa-inspired-mnist-iid-quick-20-20261004,7,4,conv2,l2,0.08849876107350939,0
lsa-inspired-mnist-iid-quick-20-20261004,7,4,conv2,max_abs,0.014070682227611542,0
lsa-inspired-mnist-iid-quick-20-20261004,7,4,conv2,sparsity,0.0,0
lsa-inspired-mnist-iid-quick-20-20261004,7,4,conv2,skewness,4.212067620205383,0
lsa-inspired-mnist-iid-quick-20-20261004,7,4,conv2,kurtosis,27.370195718306114,0
lsa-inspired-mnist-iid-quick-20-20261004,7,4,fc1,mean,5.4798866655563205e-05,0
lsa-inspired-mnist-iid-quick-20-20261004,7,4,fc1,std,0.0003674347183310315,0
lsa-inspired-mnist-iid-quick-20-20261004,7,4,fc1,median,1.862645149230957e-09,0
lsa-inspired-mnist-iid-quick-20-20261004,7,4,fc1,min,-0.005026011727750301,0
lsa-inspired-mnist-iid-quick-20-20261004,7,4,fc1,max,0.0069330595433712006,0
lsa-inspired-mnist-iid-quick-20-20261004,7,4,fc1,l1,17.240963905103627,0
lsa-inspired-mnist-iid-quick-20-20261004,7,4,fc1,l2,0.11772226406415615,0
lsa-inspired-mnist-iid-quick-20-20261004,7,4,fc1,max_abs,0.0069330595433712006,0
lsa-inspired-mnist-iid-quick-20-20261004,7,4,fc1,sparsity,0.07945944869343531,0
lsa-inspired-mnist-iid-quick-20-20261004,7,4,fc1,skewness,2.1575609209711826,0
lsa-inspired-mnist-iid-quick-20-20261004,7,4,fc1,kurtosis,31.474159278677924,0
lsa-inspired-mnist-iid-quick-20-20261004,7,4,output,mean,-1.1677352281717153e-10,0
lsa-inspired-mnist-iid-quick-20-20261004,7,4,output,std,0.002030755586112945,0
lsa-inspired-mnist-iid-quick-20-20261004,7,4,output,median,-7.776543498039246e-07,0
lsa-inspired-mnist-iid-quick-20-20261004,7,4,output,min,-0.006900321692228317,0
lsa-inspired-mnist-iid-quick-20-20261004,7,4,output,max,0.009904913604259491,0
lsa-inspired-mnist-iid-quick-20-20261004,7,4,output,l1,0.8639471758506261,0
lsa-inspired-mnist-iid-quick-20-20261004,7,4,output,l2,0.051774311804637374,0
lsa-inspired-mnist-iid-quick-20-20261004,7,4,output,max_abs,0.009904913604259491,0
lsa-inspired-mnist-iid-quick-20-20261004,7,4,output,sparsity,0.03076923076923077,0
lsa-inspired-mnist-iid-quick-20-20261004,7,4,output,skewness,0.6078927199600119,0
lsa-inspired-mnist-iid-quick-20-20261004,7,4,output,kurtosis,2.8968659461312125,0
lsa-inspired-mnist-iid-quick-20-20261004,8,0,conv1,mean,0.003022353901906172,1
lsa-inspired-mnist-iid-quick-20-20261004,8,0,conv1,std,0.0049116093760242,1
lsa-inspired-mnist-iid-quick-20-20261004,8,0,conv1,median,0.0006133466958999634,1
lsa-inspired-mnist-iid-quick-20-20261004,8,0,conv1,min,-0.0024378448724746704,1
lsa-inspired-mnist-iid-quick-20-20261004,8,0,conv1,max,0.018124639987945557,1
lsa-inspired-mnist-iid-quick-20-20261004,8,0,conv1,l1,0.5269246523967013,1
lsa-inspired-mnist-iid-quick-20-20261004,8,0,conv1,l2,0.07294768511311793,1
lsa-inspired-mnist-iid-quick-20-20261004,8,0,conv1,max_abs,0.018124639987945557,1
lsa-inspired-mnist-iid-quick-20-20261004,8,0,conv1,sparsity,0.0,1
lsa-inspired-mnist-iid-quick-20-20261004,8,0,conv1,skewness,1.488590243746435,1
lsa-inspired-mnist-iid-quick-20-20261004,8,0,conv1,kurtosis,1.002141875350504,1
lsa-inspired-mnist-iid-quick-20-20261004,8,0,conv2,mean,0.0005020487617316419,1
lsa-inspired-mnist-iid-quick-20-20261004,8,0,conv2,std,0.0013749687566009929,1
lsa-inspired-mnist-iid-quick-20-20261004,8,0,conv2,median,0.00010158959776163101,1
lsa-inspired-mnist-iid-quick-20-20261004,8,0,conv2,min,-0.0032229572534561157,1
lsa-inspired-mnist-iid-quick-20-20261004,8,0,conv2,max,0.01588478684425354,1
lsa-inspired-mnist-iid-quick-20-20261004,8,0,conv2,l1,3.0622244549158495,1
lsa-inspired-mnist-iid-quick-20-20261004,8,0,conv2,l2,0.09970770817365687,1
lsa-inspired-mnist-iid-quick-20-20261004,8,0,conv2,max_abs,0.01588478684425354,1
lsa-inspired-mnist-iid-quick-20-20261004,8,0,conv2,sparsity,0.0,1
lsa-inspired-mnist-iid-quick-20-20261004,8,0,conv2,skewness,4.26327974084153,1
lsa-inspired-mnist-iid-quick-20-20261004,8,0,conv2,kurtosis,27.63409389625537,1
lsa-inspired-mnist-iid-quick-20-20261004,8,0,fc1,mean,5.240302592326244e-05,1
lsa-inspired-mnist-iid-quick-20-20261004,8,0,fc1,std,0.00038649027715143003,1
lsa-inspired-mnist-iid-quick-20-20261004,8,0,fc1,median,0.0,1
lsa-inspired-mnist-iid-quick-20-20261004,8,0,fc1,min,-0.005275003612041473,1
lsa-inspired-mnist-iid-quick-20-20261004,8,0,fc1,max,0.007032196968793869,1
lsa-inspired-mnist-iid-quick-20-20261004,8,0,fc1,l1,18.328975707408915,1
lsa-inspired-mnist-iid-quick-20-20261004,8,0,fc1,l2,0.12359354110719972,1
lsa-inspired-mnist-iid-quick-20-20261004,8,0,fc1,max_abs,0.007032196968793869,1
lsa-inspired-mnist-iid-quick-20-20261004,8,0,fc1,sparsity,0.04764181007010835,1
lsa-inspired-mnist-iid-quick-20-20261004,8,0,fc1,skewness,1.7402176427789535,1
lsa-inspired-mnist-iid-quick-20-20261004,8,0,fc1,kurtosis,26.903281361094017,1
lsa-inspired-mnist-iid-quick-20-20261004,8,0,output,mean,2.894711752350514e-10,1
lsa-inspired-mnist-iid-quick-20-20261004,8,0,output,std,0.001982760504088378,1
lsa-inspired-mnist-iid-quick-20-20261004,8,0,output,median,-2.0881416276097298e-06,1
lsa-inspired-mnist-iid-quick-20-20261004,8,0,output,min,-0.007455050945281982,1
lsa-inspired-mnist-iid-quick-20-20261004,8,0,output,max,0.008692175149917603,1
lsa-inspired-mnist-iid-quick-20-20261004,8,0,output,l1,0.8610455285233911,1
lsa-inspired-mnist-iid-quick-20-20261004,8,0,output,l2,0.05055067250563907,1
lsa-inspired-mnist-iid-quick-20-20261004,8,0,output,max_abs,0.008692175149917603,1
lsa-inspired-mnist-iid-quick-20-20261004,8,0,output,sparsity,0.03076923076923077,1
lsa-inspired-mnist-iid-quick-20-20261004,8,0,output,skewness,0.6534056928386757,1
lsa-inspired-mnist-iid-quick-20-20261004,8,0,output,kurtosis,2.905187250325385,1
lsa-inspired-mnist-iid-quick-20-20261004,8,1,conv1,mean,0.0029954870871733872,0
lsa-inspired-mnist-iid-quick-20-20261004,8,1,conv1,std,0.0048737292364921785,0
lsa-inspired-mnist-iid-quick-20-20261004,8,1,conv1,median,0.000686991959810257,0
lsa-inspired-mnist-iid-quick-20-20261004,8,1,conv1,min,-0.0023513734340667725,0
lsa-inspired-mnist-iid-quick-20-20261004,8,1,conv1,max,0.0176754891872406,0
lsa-inspired-mnist-iid-quick-20-20261004,8,1,conv1,l1,0.5265382267534733,0
lsa-inspired-mnist-iid-quick-20-20261004,8,1,conv1,l2,0.07236151414674642,0
lsa-inspired-mnist-iid-quick-20-20261004,8,1,conv1,max_abs,0.0176754891872406,0
lsa-inspired-mnist-iid-quick-20-20261004,8,1,conv1,sparsity,0.0,0
lsa-inspired-mnist-iid-quick-20-20261004,8,1,conv1,skewness,1.4736940437642008,0
lsa-inspired-mnist-iid-quick-20-20261004,8,1,conv1,kurtosis,0.9425772987411922,0
lsa-inspired-mnist-iid-quick-20-20261004,8,1,conv2,mean,0.000502887406135195,0
lsa-inspired-mnist-iid-quick-20-20261004,8,1,conv2,std,0.001368870817708283,0
lsa-inspired-mnist-iid-quick-20-20261004,8,1,conv2,median,0.00010486319661140442,0
lsa-inspired-mnist-iid-quick-20-20261004,8,1,conv2,min,-0.0032673776149749756,0
lsa-inspired-mnist-iid-quick-20-20261004,8,1,conv2,max,0.015505179762840271,0
lsa-inspired-mnist-iid-quick-20-20261004,8,1,conv2,l1,3.093878089381178,0
lsa-inspired-mnist-iid-quick-20-20261004,8,1,conv2,l2,0.09933731520902635,0
lsa-inspired-mnist-iid-quick-20-20261004,8,1,conv2,max_abs,0.015505179762840271,0
lsa-inspired-mnist-iid-quick-20-20261004,8,1,conv2,sparsity,0.00021551724137931034,0
lsa-inspired-mnist-iid-quick-20-20261004,8,1,conv2,skewness,4.180921324335771,0
lsa-inspired-mnist-iid-quick-20-20261004,8,1,conv2,kurtosis,26.63141945707623,0
lsa-inspired-mnist-iid-quick-20-20261004,8,1,fc1,mean,4.543028249350682e-05,0
lsa-inspired-mnist-iid-quick-20-20261004,8,1,fc1,std,0.0004145336045470442,0
lsa-inspired-mnist-iid-quick-20-20261004,8,1,fc1,median,0.0,0
lsa-inspired-mnist-iid-quick-20-20261004,8,1,fc1,min,-0.00544208288192749,0
lsa-inspired-mnist-iid-quick-20-20261004,8,1,fc1,max,0.006797315087169409,0
lsa-inspired-mnist-iid-quick-20-20261004,8,1,fc1,l1,19.651396096820918,0
lsa-inspired-mnist-iid-quick-20-20261004,8,1,fc1,l2,0.1321459239889178,0
lsa-inspired-mnist-iid-quick-20-20261004,8,1,fc1,max_abs,0.006797315087169409,0
lsa-inspired-mnist-iid-quick-20-20261004,8,1,fc1,sparsity,0.07649179413639261,0
lsa-inspired-mnist-iid-quick-20-20261004,8,1,fc1,skewness,1.812981251710663,0
lsa-inspired-mnist-iid-quick-20-20261004,8,1,fc1,kurtosis,26.894131246509254,0
lsa-inspired-mnist-iid-quick-20-20261004,8,1,output,mean,3.482161376338739e-10,0
lsa-inspired-mnist-iid-quick-20-20261004,8,1,output,std,0.0025514430541200856,0
lsa-inspired-mnist-iid-quick-20-20261004,8,1,output,median,-8.493661880493164e-07,0
lsa-inspired-mnist-iid-quick-20-20261004,8,1,output,min,-0.008318766951560974,0
lsa-inspired-mnist-iid-quick-20-20261004,8,1,output,max,0.01004880666732788,0
lsa-inspired-mnist-iid-quick-20-20261004,8,1,output,l1,1.107630333135603,0
lsa-inspired-mnist-iid-quick-20-20261004,8,1,output,l2,0.06504928960389604,0
lsa-inspired-mnist-iid-quick-20-20261004,8,1,output,max_abs,0.01004880666732788,0
lsa-inspired-mnist-iid-quick-20-20261004,8,1,output,sparsity,0.03076923076923077,0
lsa-inspired-mnist-iid-quick-20-20261004,8,1,output,skewness,0.48740267027629075,0
lsa-inspired-mnist-iid-quick-20-20261004,8,1,output,kurtosis,1.918255640150912,0
lsa-inspired-mnist-iid-quick-20-20261004,8,2,conv1,mean,0.0028326127994660055,0
lsa-inspired-mnist-iid-quick-20-20261004,8,2,conv1,std,0.004623030243516401,0
lsa-inspired-mnist-iid-quick-20-20261004,8,2,conv1,median,0.0005548782646656036,0
lsa-inspired-mnist-iid-quick-20-20261004,8,2,conv1,min,-0.0022432804107666016,0
lsa-inspired-mnist-iid-quick-20-20261004,8,2,conv1,max,0.017163068056106567,0
lsa-inspired-mnist-iid-quick-20-20261004,8,2,conv1,l1,0.4963453622185625,0
lsa-inspired-mnist-iid-quick-20-20261004,8,2,conv1,l2,0.06858116814889167,0
lsa-inspired-mnist-iid-quick-20-20261004,8,2,conv1,max_abs,0.017163068056106567,0
lsa-inspired-mnist-iid-quick-20-20261004,8,2,conv1,sparsity,0.0,0
lsa-inspired-mnist-iid-quick-20-20261004,8,2,conv1,skewness,1.4836947344344742,0
lsa-inspired-mnist-iid-quick-20-20261004,8,2,conv1,kurtosis,1.0020685702038499,0
lsa-inspired-mnist-iid-quick-20-20261004,8,2,conv2,mean,0.0004740939463639232,0
lsa-inspired-mnist-iid-quick-20-20261004,8,2,conv2,std,0.001300494302046361,0
lsa-inspired-mnist-iid-quick-20-20261004,8,2,conv2,median,9.726407006382942e-05,0
lsa-inspired-mnist-iid-quick-20-20261004,8,2,conv2,min,-0.0030882656574249268,0
lsa-inspired-mnist-iid-quick-20-20261004,8,2,conv2,max,0.014857620000839233,0
lsa-inspired-mnist-iid-quick-20-20261004,8,2,conv2,l1,2.9285716016565857,0
lsa-inspired-mnist-iid-quick-20-20261004,8,2,conv2,l2,0.09428931179249118,0
lsa-inspired-mnist-iid-quick-20-20261004,8,2,conv2,max_abs,0.014857620000839233,0
lsa-inspired-mnist-iid-quick-20-20261004,8,2,conv2,sparsity,0.0,0
lsa-inspired-mnist-iid-quick-20-20261004,8,2,conv2,skewness,4.164284501148883,0
lsa-inspired-mnist-iid-quick-20-20261004,8,2,conv2,kurtosis,26.448672130915636,0
lsa-inspired-mnist-iid-quick-20-20261004,8,2,fc1,mean,5.7388463401592266e-05,0
lsa-inspired-mnist-iid-quick-20-20261004,8,2,fc1,std,0.0003969752487636673,0
lsa-inspired-mnist-iid-quick-20-20261004,8,2,fc1,median,0.0,0
lsa-inspired-mnist-iid-quick-20-20261004,8,2,fc1,min,-0.006829709280282259,0
lsa-inspired-mnist-iid-quick-20-20261004,8,2,fc1,max,0.006765797734260559,0
lsa-inspired-mnist-iid-quick-20-20261004,8,2,fc1,l1,18.982629476973102,0
lsa-inspired-mnist-iid-quick-20-20261004,8,2,fc1,l2,0.12710312987627007,0
lsa-inspired-mnist-iid-quick-20-20261004,8,2,fc1,max_abs,0.006829709280282259,0
lsa-inspired-mnist-iid-quick-20-20261004,8,2,fc1,sparsity,0.08655991077119184,0
lsa-inspired-mnist-iid-quick-20-20261004,8,2,fc1,skewness,1.3847708224709152,0
lsa-inspired-mnist-iid-quick-20-20261004,8,2,fc1,kurtosis,24.293195675854616,0
lsa-inspired-mnist-iid-quick-20-20261004,8,2,output,mean,1.3374329472963627e-10,0
lsa-inspired-mnist-iid-quick-20-20261004,8,2,output,std,0.002317995577393556,0
lsa-inspired-mnist-iid-quick-20-20261004,8,2,output,median,-3.7671998143196106e-07,0
lsa-inspired-mnist-iid-quick-20-20261004,8,2,output,min,-0.009222641587257385,0
lsa-inspired-mnist-iid-quick-20-20261004,8,2,output,max,0.007837660610675812,0
lsa-inspired-mnist-iid-quick-20-20261004,8,2,output,l1,1.0229601842875127,0
lsa-inspired-mnist-iid-quick-20-20261004,8,2,output,l2,0.05909752340775768,0
lsa-inspired-mnist-iid-quick-20-20261004,8,2,output,max_abs,0.009222641587257385,0
lsa-inspired-mnist-iid-quick-20-20261004,8,2,output,sparsity,0.046153846153846156,0
lsa-inspired-mnist-iid-quick-20-20261004,8,2,output,skewness,-0.26545719948089863,0
lsa-inspired-mnist-iid-quick-20-20261004,8,2,output,kurtosis,1.6532636150322624,0
lsa-inspired-mnist-iid-quick-20-20261004,8,3,conv1,mean,0.003114518739312189,0
lsa-inspired-mnist-iid-quick-20-20261004,8,3,conv1,std,0.005067342286205279,0
lsa-inspired-mnist-iid-quick-20-20261004,8,3,conv1,median,0.0006313025951385498,0
lsa-inspired-mnist-iid-quick-20-20261004,8,3,conv1,min,-0.002536758780479431,0
lsa-inspired-mnist-iid-quick-20-20261004,8,3,conv1,max,0.01879534125328064,0
lsa-inspired-mnist-iid-quick-20-20261004,8,3,conv1,l1,0.5406189354835078,0
lsa-inspired-mnist-iid-quick-20-20261004,8,3,conv1,l2,0.07523635804379786,0
lsa-inspired-mnist-iid-quick-20-20261004,8,3,conv1,max_abs,0.01879534125328064,0
lsa-inspired-mnist-iid-quick-20-20261004,8,3,conv1,sparsity,0.0,0
lsa-inspired-mnist-iid-quick-20-20261004,8,3,conv1,skewness,1.5038665514019731,0
lsa-inspired-mnist-iid-quick-20-20261004,8,3,conv1,kurtosis,1.0594992949604993,0
lsa-inspired-mnist-iid-quick-20-20261004,8,3,conv2,mean,0.0005299610795214777,0
lsa-inspired-mnist-iid-quick-20-20261004,8,3,conv2,std,0.0014187345689717337,0
lsa-inspired-mnist-iid-quick-20-20261004,8,3,conv2,median,0.00011263228952884674,0
lsa-inspired-mnist-iid-quick-20-20261004,8,3,conv2,min,-0.0031970441341400146,0
lsa-inspired-mnist-iid-quick-20-20261004,8,3,conv2,max,0.01615750789642334,0
lsa-inspired-mnist-iid-quick-20-20261004,8,3,conv2,l1,3.19077555567128,0
lsa-inspired-mnist-iid-quick-20-20261004,8,3,conv2,l2,0.10316303924727031,0
lsa-inspired-mnist-iid-quick-20-20261004,8,3,conv2,max_abs,0.01615750789642334,0
lsa-inspired-mnist-iid-quick-20-20261004,8,3,conv2,sparsity,0.0,0
lsa-inspired-mnist-iid-quick-20-20261004,8,3,conv2,skewness,4.197747168022705,0
lsa-inspired-mnist-iid-quick-20-20261004,8,3,conv2,kurtosis,26.745888848325475,0
lsa-inspired-mnist-iid-quick-20-20261004,8,3,fc1,mean,5.184170999914675e-05,0
lsa-inspired-mnist-iid-quick-20-20261004,8,3,fc1,std,0.00041252687759226354,0
lsa-inspired-mnist-iid-quick-20-20261004,8,3,fc1,median,0.0,0
lsa-inspired-mnist-iid-quick-20-20261004,8,3,fc1,min,-0.005891753360629082,0
lsa-inspired-mnist-iid-quick-20-20261004,8,3,fc1,max,0.008108686655759811,0
lsa-inspired-mnist-iid-quick-20-20261004,8,3,fc1,l1,19.285910271884745,0
lsa-inspired-mnist-iid-quick-20-20261004,8,3,fc1,l2,0.13175170212950027,0
lsa-inspired-mnist-iid-quick-20-20261004,8,3,fc1,max_abs,0.008108686655759811,0
lsa-inspired-mnist-iid-quick-20-20261004,8,3,fc1,sparsity,0.07473908540471638,0
lsa-inspired-mnist-iid-quick-20-20261004,8,3,fc1,skewness,1.76327039681798,0
lsa-inspired-mnist-iid-quick-20-20261004,8,3,fc1,kurtosis,27.730152090385825,0
lsa-inspired-mnist-iid-quick-20-20261004,8,3,output,mean,-4.571540137896171e-11,0
lsa-inspired-mnist-iid-quick-20-20261004,8,3,output,std,0.002516877394254653,0
lsa-inspired-mnist-iid-quick-20-20261004,8,3,output,median,-4.246830940246582e-07,0
lsa-inspired-mnist-iid-quick-20-20261004,8,3,output,min,-0.009501427412033081,0
lsa-inspired-mnist-iid-quick-20-20261004,8,3,output,max,0.00944460928440094,0
lsa-inspired-mnist-iid-quick-20-20261004,8,3,output,l1,1.1087677711911965,0
lsa-inspired-mnist-iid-quick-20-20261004,8,3,output,l2,0.0641680347331252,0
lsa-inspired-mnist-iid-quick-20-20261004,8,3,output,max_abs,0.009501427412033081,0
lsa-inspired-mnist-iid-quick-20-20261004,8,3,output,sparsity,0.03076923076923077,0
lsa-inspired-mnist-iid-quick-20-20261004,8,3,output,skewness,0.23581102443784457,0
lsa-inspired-mnist-iid-quick-20-20261004,8,3,output,kurtosis,1.68650688700742,0
lsa-inspired-mnist-iid-quick-20-20261004,8,4,conv1,mean,0.0031467966120544586,0
lsa-inspired-mnist-iid-quick-20-20261004,8,4,conv1,std,0.005090283782006265,0
lsa-inspired-mnist-iid-quick-20-20261004,8,4,conv1,median,0.0006021931767463684,0
lsa-inspired-mnist-iid-quick-20-20261004,8,4,conv1,min,-0.0026199668645858765,0
lsa-inspired-mnist-iid-quick-20-20261004,8,4,conv1,max,0.018864691257476807,0
lsa-inspired-mnist-iid-quick-20-20261004,8,4,conv1,l1,0.5454398971633054,0
lsa-inspired-mnist-iid-quick-20-20261004,8,4,conv1,l2,0.07569762786137323,0
lsa-inspired-mnist-iid-quick-20-20261004,8,4,conv1,max_abs,0.018864691257476807,0
lsa-inspired-mnist-iid-quick-20-20261004,8,4,conv1,sparsity,0.0,0
lsa-inspired-mnist-iid-quick-20-20261004,8,4,conv1,skewness,1.4897294909011765,0
lsa-inspired-mnist-iid-quick-20-20261004,8,4,conv1,kurtosis,1.0031910895665561,0
lsa-inspired-mnist-iid-quick-20-20261004,8,4,conv2,mean,0.0005012525029463898,0
lsa-inspired-mnist-iid-quick-20-20261004,8,4,conv2,std,0.0014366464940218046,0
lsa-inspired-mnist-iid-quick-20-20261004,8,4,conv2,median,9.776093065738678e-05,0
lsa-inspired-mnist-iid-quick-20-20261004,8,4,conv2,min,-0.003339134156703949,0
lsa-inspired-mnist-iid-quick-20-20261004,8,4,conv2,max,0.01701885461807251,0
lsa-inspired-mnist-iid-quick-20-20261004,8,4,conv2,l1,3.1378108090430032,0
lsa-inspired-mnist-iid-quick-20-20261004,8,4,conv2,l2,0.10364632894173126,0
lsa-inspired-mnist-iid-quick-20-20261004,8,4,conv2,max_abs,0.01701885461807251,0
lsa-inspired-mnist-iid-quick-20-20261004,8,4,conv2,sparsity,0.0,0
lsa-inspired-mnist-iid-quick-20-20261004,8,4,conv2,skewness,4.392286859839843,0
lsa-inspired-mnist-iid-quick-20-20261004,8,4,conv2,kurtosis,29.36772568180126,0
lsa-inspired-mnist-iid-quick-20-20261004,8,4,fc1,mean,5.4951652587128294e-05,0
lsa-inspired-mnist-iid-quick-20-20261004,8,4,fc1,std,0.00041607030797979324,0
lsa-inspired-mnist-iid-quick-20-20261004,8,4,fc1,median,0.0,0
lsa-inspired-mnist-iid-quick-20-20261004,8,4,fc1,min,-0.005905548110604286,0
lsa-inspired-mnist-iid-quick-20-20261004,8,4,fc1,max,0.00828215479850769,0
lsa-inspired-mnist-iid-quick-20-20261004,8,4,fc1,l1,19.53965074709481,0
lsa-inspired-mnist-iid-quick-20-20261004,8,4,fc1,l2,0.13299131682757448,0
lsa-inspired-mnist-iid-quick-20-20261004,8,4,fc1,max_abs,0.00828215479850769,0
lsa-inspired-mnist-iid-quick-20-20261004,8,4,fc1,sparsity,0.07355401529636711,0
lsa-inspired-mnist-iid-quick-20-20261004,8,4,fc1,skewness,1.8882411668062489,0
lsa-inspired-mnist-iid-quick-20-20261004,8,4,fc1,kurtosis,30.697941485719923,0
lsa-inspired-mnist-iid-quick-20-20261004,8,4,output,mean,2.9372481199411245e-10,0
lsa-inspired-mnist-iid-quick-20-20261004,8,4,output,std,0.00252149013523704,0
lsa-inspired-mnist-iid-quick-20-20261004,8,4,output,median,-5.364418029785156e-07,0
lsa-inspired-mnist-iid-quick-20-20261004,8,4,output,min,-0.008461087942123413,0
lsa-inspired-mnist-iid-quick-20-20261004,8,4,output,max,0.011526443064212799,0
lsa-inspired-mnist-iid-quick-20-20261004,8,4,output,l1,1.110318701248616,0
lsa-inspired-mnist-iid-quick-20-20261004,8,4,output,l2,0.06428563701452732,0
lsa-inspired-mnist-iid-quick-20-20261004,8,4,output,max_abs,0.011526443064212799,0
lsa-inspired-mnist-iid-quick-20-20261004,8,4,output,sparsity,0.03076923076923077,0
lsa-inspired-mnist-iid-quick-20-20261004,8,4,output,skewness,0.36457193544025845,0
lsa-inspired-mnist-iid-quick-20-20261004,8,4,output,kurtosis,2.19072923975303,0
lsa-inspired-mnist-iid-quick-20-20261004,9,0,conv1,mean,0.003470651093084598,1
lsa-inspired-mnist-iid-quick-20-20261004,9,0,conv1,std,0.005581513837750678,1
lsa-inspired-mnist-iid-quick-20-20261004,9,0,conv1,median,0.0006795190274715424,1
lsa-inspired-mnist-iid-quick-20-20261004,9,0,conv1,min,-0.0022424906492233276,1
lsa-inspired-mnist-iid-quick-20-20261004,9,0,conv1,max,0.02067682147026062,1
lsa-inspired-mnist-iid-quick-20-20261004,9,0,conv1,l1,0.5974838788388297,1
lsa-inspired-mnist-iid-quick-20-20261004,9,0,conv1,l2,0.08313720296563419,1
lsa-inspired-mnist-iid-quick-20-20261004,9,0,conv1,max_abs,0.02067682147026062,1
lsa-inspired-mnist-iid-quick-20-20261004,9,0,conv1,sparsity,0.0,1
lsa-inspired-mnist-iid-quick-20-20261004,9,0,conv1,skewness,1.5103762677867754,1
lsa-inspired-mnist-iid-quick-20-20261004,9,0,conv1,kurtosis,1.0592077864788436,1
lsa-inspired-mnist-iid-quick-20-20261004,9,0,conv2,mean,0.0005298798859226297,1
lsa-inspired-mnist-iid-quick-20-20261004,9,0,conv2,std,0.0014802205077235917,1
lsa-inspired-mnist-iid-quick-20-20261004,9,0,conv2,median,0.00010375218698754907,1
lsa-inspired-mnist-iid-quick-20-20261004,9,0,conv2,min,-0.0032100528478622437,1
lsa-inspired-mnist-iid-quick-20-20261004,9,0,conv2,max,0.01729463040828705,1
lsa-inspired-mnist-iid-quick-20-20261004,9,0,conv2,l1,3.2271543047681917,1
lsa-inspired-mnist-iid-quick-20-20261004,9,0,conv2,l2,0.10709467804124358,1
lsa-inspired-mnist-iid-quick-20-20261004,9,0,conv2,max_abs,0.01729463040828705,1
lsa-inspired-mnist-iid-quick-20-20261004,9,0,conv2,sparsity,0.0,1
lsa-inspired-mnist-iid-quick-20-20261004,9,0,conv2,skewness,4.356329668912658,1
lsa-inspired-mnist-iid-quick-20-20261004,9,0,conv2,kurtosis,28.447109220893385,1
lsa-inspired-mnist-iid-quick-20-20261004,9,0,fc1,mean,5.648051661988128e-05,1
lsa-inspired-mnist-iid-quick-20-20261004,9,0,fc1,std,0.00040789297639599875,1
lsa-inspired-mnist-iid-quick-20-20261004,9,0,fc1,median,3.5390257835388184e-08,1
lsa-inspired-mnist-iid-quick-20-20261004,9,0,fc1,min,-0.005107812583446503,1
lsa-inspired-mnist-iid-quick-20-20261004,9,0,fc1,max,0.007280789781361818,1
lsa-inspired-mnist-iid-quick-20-20261004,9,0,fc1,l1,19.346810706739518,1
lsa-inspired-mnist-iid-quick-20-20261004,9,0,fc1,l2,0.1304883621413308,1
lsa-inspired-mnist-iid-quick-20-20261004,9,0,fc1,max_abs,0.007280789781361818,1
lsa-inspired-mnist-iid-quick-20-20261004,9,0,fc1,sparsity,0.04622769279796048,1
lsa-inspired-mnist-iid-quick-20-20261004,9,0,fc1,skewness,1.7788090817678743,1
lsa-inspired-mnist-iid-quick-20-20261004,9,0,fc1,kurtosis,25.620983339980178,1
lsa-inspired-mnist-iid-quick-20-20261004,9,0,output,mean,-2.2665167657228617e-10,1
lsa-inspired-mnist-iid-quick-20-20261004,9,0,output,std,0.0022104029816400706,1
lsa-inspired-mnist-iid-quick-20-20261004,9,0,output,median,-1.7964048311114311e-06,1
lsa-inspired-mnist-iid-quick-20-20261004,9,0,output,min,-0.007210642099380493,1
lsa-inspired-mnist-iid-quick-20-20261004,9,0,output,max,0.009922150522470474,1
lsa-inspired-mnist-iid-quick-20-20261004,9,0,output,l1,0.9801019697333686,1
lsa-inspired-mnist-iid-quick-20-20261004,9,0,output,l2,0.05635443968143228,1
lsa-inspired-mnist-iid-quick-20-20261004,9,0,output,max_abs,0.009922150522470474,1
lsa-inspired-mnist-iid-quick-20-20261004,9,0,output,sparsity,0.03076923076923077,1
lsa-inspired-mnist-iid-quick-20-20261004,9,0,output,skewness,0.6466104513233318,1
lsa-inspired-mnist-iid-quick-20-20261004,9,0,output,kurtosis,2.0940494508422463,1
lsa-inspired-mnist-iid-quick-20-20261004,9,1,conv1,mean,0.0034982685872819276,0
lsa-inspired-mnist-iid-quick-20-20261004,9,1,conv1,std,0.00564451909451732,0
lsa-inspired-mnist-iid-quick-20-20261004,9,1,conv1,median,0.0007850155234336853,0
lsa-inspired-mnist-iid-quick-20-20261004,9,1,conv1,min,-0.0022249221801757812,0
lsa-inspired-mnist-iid-quick-20-20261004,9,1,conv1,max,0.02060803771018982,0
lsa-inspired-mnist-iid-quick-20-20261004,9,1,conv1,l1,0.6058416743762791,0
lsa-inspired-mnist-iid-quick-20-20261004,9,1,conv1,l2,0.08399855133715972,0
lsa-inspired-mnist-iid-quick-20-20261004,9,1,conv1,max_abs,0.02060803771018982,0
lsa-inspired-mnist-iid-quick-20-20261004,9,1,conv1,sparsity,0.0,0
lsa-inspired-mnist-iid-quick-20-20261004,9,1,conv1,skewness,1.505833190260125,0
lsa-inspired-mnist-iid-quick-20-20261004,9,1,conv1,kurtosis,1.0337576075218937,0
lsa-inspired-mnist-iid-quick-20-20261004,9,1,conv2,mean,0.0005436543745582671,0
lsa-inspired-mnist-iid-quick-20-20261004,9,1,conv2,std,0.0015001012379925493,0
lsa-inspired-mnist-iid-quick-20-20261004,9,1,conv2,median,0.00010565109550952911,0
lsa-inspired-mnist-iid-quick-20-20261004,9,1,conv2,min,-0.003329746425151825,0
lsa-inspired-mnist-iid-quick-20-20261004,9,1,conv2,max,0.01718612015247345,0
lsa-inspired-mnist-iid-quick-20-20261004,9,1,conv2,l1,3.3017315542711003,0
lsa-inspired-mnist-iid-quick-20-20261004,9,1,conv2,l2,0.10868674273738484,0
lsa-inspired-mnist-iid-quick-20-20261004,9,1,conv2,max_abs,0.01718612015247345,0
lsa-inspired-mnist-iid-quick-20-20261004,9,1,conv2,sparsity,0.0,0
lsa-inspired-mnist-iid-quick-20-20261004,9,1,conv2,skewness,4.31394761578619,0
lsa-inspired-mnist-iid-quick-20-20261004,9,1,conv2,kurtosis,27.810542625786116,0
lsa-inspired-mnist-iid-quick-20-20261004,9,1,fc1,mean,5.279245151837333e-05,0
lsa-inspired-mnist-iid-quick-20-20261004,9,1,fc1,std,0.0004419373506390081,0
lsa-inspired-mnist-iid-quick-20-20261004,9,1,fc1,median,0.0,0
lsa-inspired-mnist-iid-quick-20-20261004,9,1,fc1,min,-0.005510084331035614,0
lsa-inspired-mnist-iid-quick-20-20261004,9,1,fc1,max,0.007322118151932955,0
lsa-inspired-mnist-iid-quick-20-20261004,9,1,fc1,l1,20.868639185336747,0
lsa-inspired-mnist-iid-quick-20-20261004,9,1,fc1,l2,0.14103891051508669,0
lsa-inspired-mnist-iid-quick-20-20261004,9,1,fc1,max_abs,0.007322118151932955,0
lsa-inspired-mnist-iid-quick-20-20261004,9,1,fc1,sparsity,0.09673757170172084,0
lsa-inspired-mnist-iid-quick-20-20261004,9,1,fc1,skewness,1.9526099079067796,0
lsa-inspired-mnist-iid-quick-20-20261004,9,1,fc1,kurtosis,26.9165455555943,0
lsa-inspired-mnist-iid-quick-20-20261004,9,1,output,mean,4.954367446211669e-10,0
lsa-inspired-mnist-iid-quick-20-20261004,9,1,output,std,0.0029994688752936175,0
lsa-inspired-mnist-iid-quick-20-20261004,9,1,output,median,-3.986060619354248e-07,0
lsa-inspired-mnist-iid-quick-20-20261004,9,1,output,min,-0.008941017091274261,0
lsa-inspired-mnist-iid-quick-20-20261004,9,1,output,max,0.012921139597892761,0
lsa-inspired-mnist-iid-quick-20-20261004,9,1,output,l1,1.324436158145545,0
lsa-inspired-mnist-iid-quick-20-20261004,9,1,output,l2,0.07647175162768283,0
lsa-inspired-mnist-iid-quick-20-20261004,9,1,output,max_abs,0.012921139597892761,0
lsa-inspired-mnist-iid-quick-20-20261004,9,1,output,sparsity,0.06153846153846154,0
lsa-inspired-mnist-iid-quick-20-20261004,9,1,output,skewness,0.5720039689282053,0
lsa-inspired-mnist-iid-quick-20-20261004,9,1,output,kurtosis,2.096112890010189,0
lsa-inspired-mnist-iid-quick-20-20261004,9,2,conv1,mean,0.003251425472990377,0
lsa-inspired-mnist-iid-quick-20-20261004,9,2,conv1,std,0.005236620861402771,0
lsa-inspired-mnist-iid-quick-20-20261004,9,2,conv1,median,0.000611230731010437,0
lsa-inspired-mnist-iid-quick-20-20261004,9,2,conv1,min,-0.0019619613885879517,0
lsa-inspired-mnist-iid-quick-20-20261004,9,2,conv1,max,0.019502967596054077,0
lsa-inspired-mnist-iid-quick-20-20261004,9,2,conv1,l1,0.5615265310043469,0
lsa-inspired-mnist-iid-quick-20-20261004,9,2,conv1,l2,0.07796816340275244,0
lsa-inspired-mnist-iid-quick-20-20261004,9,2,conv1,max_abs,0.019502967596054077,0
lsa-inspired-mnist-iid-quick-20-20261004,9,2,conv1,sparsity,0.0,0
lsa-inspired-mnist-iid-quick-20-20261004,9,2,conv1,skewness,1.5141575796353082,0
lsa-inspired-mnist-iid-quick-20-20261004,9,2,conv1,kurtosis,1.0825027017348745,0
lsa-inspired-mnist-iid-quick-20-20261004,9,2,conv2,mean,0.0004969112110255334,0
lsa-inspired-mnist-iid-quick-20-20261004,9,2,conv2,std,0.0013973640248992826,0
lsa-inspired-mnist-iid-quick-20-20261004,9,2,conv2,median,9.326054714620113e-05,0
lsa-inspired-mnist-iid-quick-20-20261004,9,2,conv2,min,-0.0029985979199409485,0
lsa-inspired-mnist-iid-quick-20-20261004,9,2,conv2,max,0.016147002577781677,0
lsa-inspired-mnist-iid-quick-20-20261004,9,2,conv2,l1,3.0669906394250575,0
lsa-inspired-mnist-iid-quick-20-20261004,9,2,conv2,l2,0.10102424431554395,0
lsa-inspired-mnist-iid-quick-20-20261004,9,2,conv2,max_abs,0.016147002577781677,0
lsa-inspired-mnist-iid-quick-20-20261004,9,2,conv2,sparsity,0.0,0
lsa-inspired-mnist-iid-quick-20-20261004,9,2,conv2,skewness,4.270759728020002,0
lsa-inspired-mnist-iid-quick-20-20261004,9,2,conv2,kurtosis,27.327638665119082,0
lsa-inspired-mnist-iid-quick-20-20261004,9,2,fc1,mean,5.887031598473609e-05,0
lsa-inspired-mnist-iid-quick-20-20261004,9,2,fc1,std,0.0004285103050891905,0
lsa-inspired-mnist-iid-quick-20-20261004,9,2,fc1,median,0.0,0
lsa-inspired-mnist-iid-quick-20-20261004,9,2,fc1,min,-0.007111093029379845,0
lsa-inspired-mnist-iid-quick-20-20261004,9,2,fc1,max,0.00729004479944706,0
lsa-inspired-mnist-iid-quick-20-20261004,9,2,fc1,l1,20.408361557987234,0
lsa-inspired-mnist-iid-quick-20-20261004,9,2,fc1,l2,0.13706388172737863,0
lsa-inspired-mnist-iid-quick-20-20261004,9,2,fc1,max_abs,0.00729004479944706,0
lsa-inspired-mnist-iid-quick-20-20261004,9,2,fc1,sparsity,0.08522546207775654,0
lsa-inspired-mnist-iid-quick-20-20261004,9,2,fc1,skewness,1.4378073068315649,0
lsa-inspired-mnist-iid-quick-20-20261004,9,2,fc1,kurtosis,23.61197662823423,0
lsa-inspired-mnist-iid-quick-20-20261004,9,2,output,mean,2.0135373163681763e-10,0
lsa-inspired-mnist-iid-quick-20-20261004,9,2,output,std,0.0027832907813872226,0
lsa-inspired-mnist-iid-quick-20-20261004,9,2,output,median,-1.4901161193847656e-07,0
lsa-inspired-mnist-iid-quick-20-20261004,9,2,output,min,-0.010120227932929993,0
lsa-inspired-mnist-iid-quick-20-20261004,9,2,output,max,0.009570233523845673,0
lsa-inspired-mnist-iid-quick-20-20261004,9,2,output,l1,1.2602604138373863,0
lsa-inspired-mnist-iid-quick-20-20261004,9,2,output,l2,0.07096027003148198,0
lsa-inspired-mnist-iid-quick-20-20261004,9,2,output,max_abs,0.010120227932929993,0
lsa-inspired-mnist-iid-quick-20-20261004,9,2,output,sparsity,0.046153846153846156,0
lsa-inspired-mnist-iid-quick-20-20261004,9,2,output,skewness,-0.09800157192681122,0
lsa-inspired-mnist-iid-quick-20-20261004,9,2,output,kurtosis,1.1615754575960509,0
lsa-inspired-mnist-iid-quick-20-20261004,9,3,conv1,mean,0.0035600302118837133,0
lsa-inspired-mnist-iid-quick-20-20261004,9,3,conv1,std,0.005722043256766626,0
lsa-inspired-mnist-iid-quick-20-20261004,9,3,conv1,median,0.0006954669952392578,0
lsa-inspired-mnist-iid-quick-20-20261004,9,3,conv1,min,-0.0024220645427703857,0
lsa-inspired-mnist-iid-quick-20-20261004,9,3,conv1,max,0.021258533000946045,0
lsa-inspired-mnist-iid-quick-20-20261004,9,3,conv1,l1,0.6108753873850219,0
lsa-inspired-mnist-iid-quick-20-20261004,9,3,conv1,l2,0.08524373914073287,0
lsa-inspired-mnist-iid-quick-20-20261004,9,3,conv1,max_abs,0.021258533000946045,0
lsa-inspired-mnist-iid-quick-20-20261004,9,3,conv1,sparsity,0.0,0
lsa-inspired-mnist-iid-quick-20-20261004,9,3,conv1,skewness,1.5132876783252074,0
lsa-inspired-mnist-iid-quick-20-20261004,9,3,conv1,kurtosis,1.0802456893930685,0
lsa-inspired-mnist-iid-quick-20-20261004,9,3,conv2,mean,0.000559277331584279,0
lsa-inspired-mnist-iid-quick-20-20261004,9,3,conv2,std,0.0015176704749379098,0
lsa-inspired-mnist-iid-quick-20-20261004,9,3,conv2,median,0.00011381786316633224,0
lsa-inspired-mnist-iid-quick-20-20261004,9,3,conv2,min,-0.003168150782585144,0
lsa-inspired-mnist-iid-quick-20-20261004,9,3,conv2,max,0.017464324831962585,0
lsa-inspired-mnist-iid-quick-20-20261004,9,3,conv2,l1,3.359911868294148,0
lsa-inspired-mnist-iid-quick-20-20261004,9,3,conv2,l2,0.11017609854740472,0
lsa-inspired-mnist-iid-quick-20-20261004,9,3,conv2,max_abs,0.017464324831962585,0
lsa-inspired-mnist-iid-quick-20-20261004,9,3,conv2,sparsity,0.0,0
lsa-inspired-mnist-iid-quick-20-20261004,9,3,conv2,skewness,4.25832872577138,0
lsa-inspired-mnist-iid-quick-20-20261004,9,3,conv2,kurtosis,27.228648636101827,0
lsa-inspired-mnist-iid-quick-20-20261004,9,3,fc1,mean,5.818443691875679e-05,0
lsa-inspired-mnist-iid-quick-20-20261004,9,3,fc1,std,0.00043914998835225546,0
lsa-inspired-mnist-iid-quick-20-20261004,9,3,fc1,median,0.0,0
lsa-inspired-mnist-iid-quick-20-20261004,9,3,fc1,min,-0.0056384652853012085,0
lsa-inspired-mnist-iid-quick-20-20261004,9,3,fc1,max,0.008537335321307182,0
lsa-inspired-mnist-iid-quick-20-20261004,9,3,fc1,l1,20.574688384982437,0
lsa-inspired-mnist-iid-quick-20-20261004,9,3,fc1,l2,0.14037609897549203,0
lsa-inspired-mnist-iid-quick-20-20261004,9,3,fc1,max_abs,0.008537335321307182,0
lsa-inspired-mnist-iid-quick-20-20261004,9,3,fc1,sparsity,0.07524697259400892,0
lsa-inspired-mnist-iid-quick-20-20261004,9,3,fc1,skewness,1.855971444949461,0
lsa-inspired-mnist-iid-quick-20-20261004,9,3,fc1,kurtosis,26.52448033372961,0
lsa-inspired-mnist-iid-quick-20-20261004,9,3,output,mean,1.4713105673973377e-10,0
lsa-inspired-mnist-iid-quick-20-20261004,9,3,output,std,0.0029036127355240877,0
lsa-inspired-mnist-iid-quick-20-20261004,9,3,output,median,-3.739260137081146e-07,0
lsa-inspired-mnist-iid-quick-20-20261004,9,3,output,min,-0.010105840861797333,0
lsa-inspired-mnist-iid-quick-20-20261004,9,3,output,max,0.011623203754425049,0
lsa-inspired-mnist-iid-quick-20-20261004,9,3,output,l1,1.2900111636263318,0
lsa-inspired-mnist-iid-quick-20-20261004,9,3,output,l2,0.07402788999176935,0
lsa-inspired-mnist-iid-quick-20-20261004,9,3,output,max_abs,0.011623203754425049,0
lsa-inspired-mnist-iid-quick-20-20261004,9,3,output,sparsity,0.03076923076923077,0
lsa-inspired-mnist-iid-quick-20-20261004,9,3,output,skewness,0.30225550727827705,0
lsa-inspired-mnist-iid-quick-20-20261004,9,3,output,kurtosis,1.4624085599767982,0
lsa-inspired-mnist-iid-quick-20-20261004,9,4,conv1,mean,0.003572881621221313,0
lsa-inspired-mnist-iid-quick-20-20261004,9,4,conv1,std,0.005730480620558309,0
lsa-inspired-mnist-iid-quick-20-20261004,9,4,conv1,median,0.0006705187261104584,0
lsa-inspired-mnist-iid-quick-20-20261004,9,4,conv1,min,-0.002360999584197998,0
lsa-inspired-mnist-iid-quick-20-20261004,9,4,conv1,max,0.02133771777153015,0
lsa-inspired-mnist-iid-quick-20-20261004,9,4,conv1,l1,0.6136467809556052,0
lsa-inspired-mnist-iid-quick-20-20261004,9,4,conv1,l2,0.0854202704016843,0
lsa-inspired-mnist-iid-quick-20-20261004,9,4,conv1,max_abs,0.02133771777153015,0
lsa-inspired-mnist-iid-quick-20-20261004,9,4,conv1,sparsity,0.0,0
lsa-inspired-mnist-iid-quick-20-20261004,9,4,conv1,skewness,1.5082851579795935,0
lsa-inspired-mnist-iid-quick-20-20261004,9,4,conv1,kurtosis,1.049593529622289,0
lsa-inspired-mnist-iid-quick-20-20261004,9,4,conv2,mean,0.0005196766195993028,0
lsa-inspired-mnist-iid-quick-20-20261004,9,4,conv2,std,0.0015280949008397696,0
lsa-inspired-mnist-iid-quick-20-20261004,9,4,conv2,median,9.199138730764389e-05,0
lsa-inspired-mnist-iid-quick-20-20261004,9,4,conv2,min,-0.003343731164932251,0
lsa-inspired-mnist-iid-quick-20-20261004,9,4,conv2,max,0.018381059169769287,0
lsa-inspired-mnist-iid-quick-20-20261004,9,4,conv2,l1,3.2683167982831947,0
lsa-inspired-mnist-iid-quick-20-20261004,9,4,conv2,l2,0.10994471092907689,0
lsa-inspired-mnist-iid-quick-20-20261004,9,4,conv2,max_abs,0.018381059169769287,0
lsa-inspired-mnist-iid-quick-20-20261004,9,4,conv2,sparsity,0.0,0
lsa-inspired-mnist-iid-quick-20-20261004,9,4,conv2,skewness,4.487505199867486,0
lsa-inspired-mnist-iid-quick-20-20261004,9,4,conv2,kurtosis,30.373537549500938,0
lsa-inspired-mnist-iid-quick-20-20261004,9,4,fc1,mean,5.607486351991024e-05,0
lsa-inspired-mnist-iid-quick-20-20261004,9,4,fc1,std,0.00043619293535957003,0
lsa-inspired-mnist-iid-quick-20-20261004,9,4,fc1,median,6.51925802230835e-08,0
lsa-inspired-mnist-iid-quick-20-20261004,9,4,fc1,min,-0.006346654146909714,0
lsa-inspired-mnist-iid-quick-20-20261004,9,4,fc1,max,0.008742276579141617,0
lsa-inspired-mnist-iid-quick-20-20261004,9,4,fc1,l1,20.55832986637256,0
lsa-inspired-mnist-iid-quick-20-20261004,9,4,fc1,l2,0.1393604130418062,0
lsa-inspired-mnist-iid-quick-20-20261004,9,4,fc1,max_abs,0.008742276579141617,0
lsa-inspired-mnist-iid-quick-20-20261004,9,4,fc1,sparsity,0.07193076800509879,0
lsa-inspired-mnist-iid-quick-20-20261004,9,4,fc1,skewness,1.772796864213714,0
lsa-inspired-mnist-iid-quick-20-20261004,9,4,fc1,kurtosis,29.511221727048806,0
lsa-inspired-mnist-iid-quick-20-20261004,9,4,output,mean,-1.2277338940363663e-10,0
lsa-inspired-mnist-iid-quick-20-20261004,9,4,output,std,0.0028779964861463826,0
lsa-inspired-mnist-iid-quick-20-20261004,9,4,output,median,-4.079192876815796e-07,0
lsa-inspired-mnist-iid-quick-20-20261004,9,4,output,min,-0.008906416594982147,0
lsa-inspired-mnist-iid-quick-20-20261004,9,4,output,max,0.011915825307369232,0
lsa-inspired-mnist-iid-quick-20-20261004,9,4,output,l1,1.3039674495230429,0
lsa-inspired-mnist-iid-quick-20-20261004,9,4,output,l2,0.07337480121455943,0
lsa-inspired-mnist-iid-quick-20-20261004,9,4,output,max_abs,0.011915825307369232,0
lsa-inspired-mnist-iid-quick-20-20261004,9,4,output,sparsity,0.03076923076923077,0
lsa-inspired-mnist-iid-quick-20-20261004,9,4,output,skewness,0.2684762959587206,0
lsa-inspired-mnist-iid-quick-20-20261004,9,4,output,kurtosis,1.5509214871326913,0
lsa-inspired-mnist-iid-quick-20-20261004,10,0,conv1,mean,0.0034792624133842764,1
lsa-inspired-mnist-iid-quick-20-20261004,10,0,conv1,std,0.0055416701339142125,1
lsa-inspired-mnist-iid-quick-20-20261004,10,0,conv1,median,0.0006953328847885132,1
lsa-inspired-mnist-iid-quick-20-20261004,10,0,conv1,min,-0.0018715113401412964,1
lsa-inspired-mnist-iid-quick-20-20261004,10,0,conv1,max,0.020595312118530273,1
lsa-inspired-mnist-iid-quick-20-20261004,10,0,conv1,l1,0.595040459476877,1
lsa-inspired-mnist-iid-quick-20-20261004,10,0,conv1,l2,0.08276750552172547,1
lsa-inspired-mnist-iid-quick-20-20261004,10,0,conv1,max_abs,0.020595312118530273,1
lsa-inspired-mnist-iid-quick-20-20261004,10,0,conv1,sparsity,0.0,1
lsa-inspired-mnist-iid-quick-20-20261004,10,0,conv1,skewness,1.5070687981765825,1
lsa-inspired-mnist-iid-quick-20-20261004,10,0,conv1,kurtosis,1.0440652531228416,1
lsa-inspired-mnist-iid-quick-20-20261004,10,0,conv2,mean,0.0004816075168648616,1
lsa-inspired-mnist-iid-quick-20-20261004,10,0,conv2,std,0.0014086940572136798,1
lsa-inspired-mnist-iid-quick-20-20261004,10,0,conv2,median,8.225999772548676e-05,1
lsa-inspired-mnist-iid-quick-20-20261004,10,0,conv2,min,-0.0028915870934724808,1
lsa-inspired-mnist-iid-quick-20-20261004,10,0,conv2,max,0.01639118790626526,1
lsa-inspired-mnist-iid-quick-20-20261004,10,0,conv2,l1,3.031636670595617,1
lsa-inspired-mnist-iid-quick-20-20261004,10,0,conv2,l2,0.10140972550343791,1
lsa-inspired-mnist-iid-quick-20-20261004,10,0,conv2,max_abs,0.01639118790626526,1
lsa-inspired-mnist-iid-quick-20-20261004,10,0,conv2,sparsity,0.0,1
lsa-inspired-mnist-iid-quick-20-20261004,10,0,conv2,skewness,4.330370602423708,1
lsa-inspired-mnist-iid-quick-20-20261004,10,0,conv2,kurtosis,27.907401604366527,1
lsa-inspired-mnist-iid-quick-20-20261004,10,0,fc1,mean,4.7372389283981786e-05,1
lsa-inspired-mnist-iid-quick-20-20261004,10,0,fc1,std,0.00038815366542408847,1
lsa-inspired-mnist-iid-quick-20-20261004,10,0,fc1,median,0.0,1
lsa-inspired-mnist-iid-quick-20-20261004,10,0,fc1,min,-0.005095001310110092,1
lsa-inspired-mnist-iid-quick-20-20261004,10,0,fc1,max,0.0067136650905013084,1
lsa-inspired-mnist-iid-quick-20-20261004,10,0,fc1,l1,18.497540450138672,1
lsa-inspired-mnist-iid-quick-20-20261004,10,0,fc1,l2,0.12391267331448491,1
lsa-inspired-mnist-iid-quick-20-20261004,10,0,fc1,max_abs,0.0067136650905013084,1
lsa-inspired-mnist-iid-quick-20-20261004,10,0,fc1,sparsity,0.04632727852135118,1
lsa-inspired-mnist-iid-quick-20-20261004,10,0,fc1,skewness,1.6002307593418856,1
lsa-inspired-mnist-iid-quick-20-20261004,10,0,fc1,kurtosis,24.934210063999732,1
lsa-inspired-mnist-iid-quick-20-20261004,10,0,output,mean,4.4909449150929085e-10,1
lsa-inspired-mnist-iid-quick-20-20261004,10,0,output,std,0.002680447237005522,1
lsa-inspired-mnist-iid-quick-20-20261004,10,0,output,median,-3.4496188163757324e-06,1
lsa-inspired-mnist-iid-quick-20-20261004,10,0,output,min,-0.008749336004257202,1
lsa-inspired-mnist-iid-quick-20-20261004,10,0,output,max,0.014295246452093124,1
lsa-inspired-mnist-iid-quick-20-20261004,10,0,output,l1,1.1483350652852096,1
lsa-inspired-mnist-iid-quick-20-20261004,10,0,output,l2,0.06833826383323606,1
lsa-inspired-mnist-iid-quick-20-20261004,10,0,output,max_abs,0.014295246452093124,1
lsa-inspired-mnist-iid-quick-20-20261004,10,0,output,sparsity,0.03076923076923077,1
lsa-inspired-mnist-iid-quick-20-20261004,10,0,output,skewness,1.1632849414708344,1
lsa-inspired-mnist-iid-quick-20-20261004,10,0,output,kurtosis,4.365793754362256,1
lsa-inspired-mnist-iid-quick-20-20261004,10,1,conv1,mean,0.0035484496202116134,0
lsa-inspired-mnist-iid-quick-20-20261004,10,1,conv1,std,0.005667493164378001,0
lsa-inspired-mnist-iid-quick-20-20261004,10,1,conv1,median,0.0007498562335968018,0
lsa-inspired-mnist-iid-quick-20-20261004,10,1,conv1,min,-0.001902550458908081,0
lsa-inspired-mnist-iid-quick-20-20261004,10,1,conv1,max,0.020749002695083618,0
lsa-inspired-mnist-iid-quick-20-20261004,10,1,conv1,l1,0.6089320366154425,0
lsa-inspired-mnist-iid-quick-20-20261004,10,1,conv1,l2,0.08458082380819076,0
lsa-inspired-mnist-iid-quick-20-20261004,10,1,conv1,max_abs,0.020749002695083618,0
lsa-inspired-mnist-iid-quick-20-20261004,10,1,conv1,sparsity,0.0,0
lsa-inspired-mnist-iid-quick-20-20261004,10,1,conv1,skewness,1.4996235628415076,0
lsa-inspired-mnist-iid-quick-20-20261004,10,1,conv1,kurtosis,1.0095200820921173,0
lsa-inspired-mnist-iid-quick-20-20261004,10,1,conv2,mean,0.0005022053618788426,0
lsa-inspired-mnist-iid-quick-20-20261004,10,1,conv2,std,0.001442686418172192,0
lsa-inspired-mnist-iid-quick-20-20261004,10,1,conv2,median,8.846074342727661e-05,0
lsa-inspired-mnist-iid-quick-20-20261004,10,1,conv2,min,-0.0030368492007255554,0
lsa-inspired-mnist-iid-quick-20-20261004,10,1,conv2,max,0.016461610794067383,0
lsa-inspired-mnist-iid-quick-20-20261004,10,1,conv2,l1,3.1272055826848373,0
lsa-inspired-mnist-iid-quick-20-20261004,10,1,conv2,l2,0.10405619671978997,0
lsa-inspired-mnist-iid-quick-20-20261004,10,1,conv2,max_abs,0.016461610794067383,0
lsa-inspired-mnist-iid-quick-20-20261004,10,1,conv2,sparsity,0.0,0
lsa-inspired-mnist-iid-quick-20-20261004,10,1,conv2,skewness,4.31087289418229,0
lsa-inspired-mnist-iid-quick-20-20261004,10,1,conv2,kurtosis,27.4511156840129,0
lsa-inspired-mnist-iid-quick-20-20261004,10,1,fc1,mean,4.456326654725557e-05,0
lsa-inspired-mnist-iid-quick-20-20261004,10,1,fc1,std,0.00042338158223919524,0
lsa-inspired-mnist-iid-quick-20-20261004,10,1,fc1,median,0.0,0
lsa-inspired-mnist-iid-quick-20-20261004,10,1,fc1,min,-0.005619995296001434,0
lsa-inspired-mnist-iid-quick-20-20261004,10,1,fc1,max,0.007556406781077385,0
lsa-inspired-mnist-iid-quick-20-20261004,10,1,fc1,l1,20.106946339832007,0
lsa-inspired-mnist-iid-quick-20-20261004,10,1,fc1,l2,0.13490433586663175,0
lsa-inspired-mnist-iid-quick-20-20261004,10,1,fc1,max_abs,0.007556406781077385,0
lsa-inspired-mnist-iid-quick-20-20261004,10,1,fc1,sparsity,0.09355082855321861,0
lsa-inspired-mnist-iid-quick-20-20261004,10,1,fc1,skewness,1.708748998943133,0
lsa-inspired-mnist-iid-quick-20-20261004,10,1,fc1,kurtosis,26.39234955247488,0
lsa-inspired-mnist-iid-quick-20-20261004,10,1,output,mean,6.570301663417082e-10,0
lsa-inspired-mnist-iid-quick-20-20261004,10,1,output,std,0.003014507626026134,0
lsa-inspired-mnist-iid-quick-20-20261004,10,1,output,median,-4.3213367462158203e-07,0
lsa-inspired-mnist-iid-quick-20-20261004,10,1,output,min,-0.008341915905475616,0
lsa-inspired-mnist-iid-quick-20-20261004,10,1,output,max,0.01369468867778778,0
lsa-inspired-mnist-iid-quick-20-20261004,10,1,output,l1,1.3612667722045444,0
lsa-inspired-mnist-iid-quick-20-20261004,10,1,output,l2,0.07685516604490941,0
lsa-inspired-mnist-iid-quick-20-20261004,10,1,output,max_abs,0.01369468867778778,0
lsa-inspired-mnist-iid-quick-20-20261004,10,1,output,sparsity,0.06153846153846154,0
lsa-inspired-mnist-iid-quick-20-20261004,10,1,output,skewness,0.5766295484107844,0
lsa-inspired-mnist-iid-quick-20-20261004,10,1,output,kurtosis,1.9773057055973577,0
lsa-inspired-mnist-iid-quick-20-20261004,10,2,conv1,mean,0.0032962852506898343,0
lsa-inspired-mnist-iid-quick-20-20261004,10,2,conv1,std,0.00524835131705248,0
lsa-inspired-mnist-iid-quick-20-20261004,10,2,conv1,median,0.0005789324641227722,0
lsa-inspired-mnist-iid-quick-20-20261004,10,2,conv1,min,-0.0016179531812667847,0
lsa-inspired-mnist-iid-quick-20-20261004,10,2,conv1,max,0.01963868737220764,0
lsa-inspired-mnist-iid-quick-20-20261004,10,2,conv1,l1,0.5653369608335197,0
lsa-inspired-mnist-iid-quick-20-20261004,10,2,conv1,l2,0.07839457940559089,0
lsa-inspired-mnist-iid-quick-20-20261004,10,2,conv1,max_abs,0.01963868737220764,0
lsa-inspired-mnist-iid-quick-20-20261004,10,2,conv1,sparsity,0.0,0
lsa-inspired-mnist-iid-quick-20-20261004,10,2,conv1,skewness,1.513596532880069,0
lsa-inspired-mnist-iid-quick-20-20261004,10,2,conv1,kurtosis,1.0793686902588089,0
lsa-inspired-mnist-iid-quick-20-20261004,10,2,conv2,mean,0.0004612250541428913,0
lsa-inspired-mnist-iid-quick-20-20261004,10,2,conv2,std,0.0013434910454142995,0
lsa-inspired-mnist-iid-quick-20-20261004,10,2,conv2,median,8.246768265962601e-05,0
lsa-inspired-mnist-iid-quick-20-20261004,10,2,conv2,min,-0.0031704120337963104,0
lsa-inspired-mnist-iid-quick-20-20261004,10,2,conv2,max,0.015456140041351318,0
lsa-inspired-mnist-iid-quick-20-20261004,10,2,conv2,l1,2.918336869988707,0
lsa-inspired-mnist-iid-quick-20-20261004,10,2,conv2,l2,0.0967580119271975,0
lsa-inspired-mnist-iid-quick-20-20261004,10,2,conv2,max_abs,0.015456140041351318,0
lsa-inspired-mnist-iid-quick-20-20261004,10,2,conv2,sparsity,0.0,0
lsa-inspired-mnist-iid-quick-20-20261004,10,2,conv2,skewness,4.250418605737701,0
lsa-inspired-mnist-iid-quick-20-20261004,10,2,conv2,kurtosis,26.898518388397974,0
lsa-inspired-mnist-iid-quick-20-20261004,10,2,fc1,mean,5.1240441006907734e-05,0
lsa-inspired-mnist-iid-quick-20-20261004,10,2,fc1,std,0.0004274722822136079,0
lsa-inspired-mnist-iid-quick-20-20261004,10,2,fc1,median,0.0,0
lsa-inspired-mnist-iid-quick-20-20261004,10,2,fc1,min,-0.007020989432930946,0
lsa-inspired-mnist-iid-quick-20-20261004,10,2,fc1,max,0.007232489064335823,0
lsa-inspired-mnist-iid-quick-20-20261004,10,2,fc1,l1,20.38344210590776,0
lsa-inspired-mnist-iid-quick-20-20261004,10,2,fc1,l2,0.13642918481633307,0
lsa-inspired-mnist-iid-quick-20-20261004,10,2,fc1,max_abs,0.007232489064335823,0
lsa-inspired-mnist-iid-quick-20-20261004,10,2,fc1,sparsity,0.09487531867431485,0
lsa-inspired-mnist-iid-quick-20-20261004,10,2,fc1,skewness,1.2899936868755948,0
lsa-inspired-mnist-iid-quick-20-20261004,10,2,fc1,kurtosis,23.59454579995172,0
lsa-inspired-mnist-iid-quick-20-20261004,10,2,output,mean,1.8554811294262227e-10,0
lsa-inspired-mnist-iid-quick-20-20261004,10,2,output,std,0.0029701072102291063,0
lsa-inspired-mnist-iid-quick-20-20261004,10,2,output,median,-1.30385160446167e-07,0
lsa-inspired-mnist-iid-quick-20-20261004,10,2,output,min,-0.009462714195251465,0
lsa-inspired-mnist-iid-quick-20-20261004,10,2,output,max,0.011224932968616486,0
lsa-inspired-mnist-iid-quick-20-20261004,10,2,output,l1,1.36308311088942,0
lsa-inspired-mnist-iid-quick-20-20261004,10,2,output,l2,0.07572317311210436,0
lsa-inspired-mnist-iid-quick-20-20261004,10,2,output,max_abs,0.011224932968616486,0
lsa-inspired-mnist-iid-quick-20-20261004,10,2,output,sparsity,0.06153846153846154,0
lsa-inspired-mnist-iid-quick-20-20261004,10,2,output,skewness,0.19273941687669413,0
lsa-inspired-mnist-iid-quick-20-20261004,10,2,output,kurtosis,0.9281876871309445,0
lsa-inspired-mnist-iid-quick-20-20261004,10,3,conv1,mean,0.003525217038986739,0
lsa-inspired-mnist-iid-quick-20-20261004,10,3,conv1,std,0.005622547846608374,0
lsa-inspired-mnist-iid-quick-20-20261004,10,3,conv1,median,0.0006045177578926086,0
lsa-inspired-mnist-iid-quick-20-20261004,10,3,conv1,min,-0.0020114630460739136,0
lsa-inspired-mnist-iid-quick-20-20261004,10,3,conv1,max,0.020919859409332275,0
lsa-inspired-mnist-iid-quick-20-20261004,10,3,conv1,l1,0.6022467378061265,0
lsa-inspired-mnist-iid-quick-20-20261004,10,3,conv1,l2,0.08394302778371807,0
lsa-inspired-mnist-iid-quick-20-20261004,10,3,conv1,max_abs,0.020919859409332275,0
lsa-inspired-mnist-iid-quick-20-20261004,10,3,conv1,sparsity,0.0,0
lsa-inspired-mnist-iid-quick-20-20261004,10,3,conv1,skewness,1.509511618900514,0
lsa-inspired-mnist-iid-quick-20-20261004,10,3,conv1,kurtosis,1.0578987796828914,0
lsa-inspired-mnist-iid-quick-20-20261004,10,3,conv2,mean,0.0004965458183497848,0
lsa-inspired-mnist-iid-quick-20-20261004,10,3,conv2,std,0.0014300530092687899,0
lsa-inspired-mnist-iid-quick-20-20261004,10,3,conv2,median,9.174924343824387e-05,0
lsa-inspired-mnist-iid-quick-20-20261004,10,3,conv2,min,-0.0032237041741609573,0
lsa-inspired-mnist-iid-quick-20-20261004,10,3,conv2,max,0.016315504908561707,0
lsa-inspired-mnist-iid-quick-20-20261004,10,3,conv2,l1,3.122133538385242,0
lsa-inspired-mnist-iid-quick-20-20261004,10,3,conv2,l2,0.10311676597887813,0
lsa-inspired-mnist-iid-quick-20-20261004,10,3,conv2,max_abs,0.016315504908561707,0
lsa-inspired-mnist-iid-quick-20-20261004,10,3,conv2,sparsity,0.0,0
lsa-inspired-mnist-iid-quick-20-20261004,10,3,conv2,skewness,4.21208358794547,0
lsa-inspired-mnist-iid-quick-20-20261004,10,3,conv2,kurtosis,26.630432489334254,0
lsa-inspired-mnist-iid-quick-20-20261004,10,3,fc1,mean,4.7008578785500905e-05,0
lsa-inspired-mnist-iid-quick-20-20261004,10,3,fc1,std,0.0004214312258245601,0
lsa-inspired-mnist-iid-quick-20-20261004,10,3,fc1,median,0.0,0
lsa-inspired-mnist-iid-quick-20-20261004,10,3,fc1,min,-0.0053984373807907104,0
lsa-inspired-mnist-iid-quick-20-20261004,10,3,fc1,max,0.007871105335652828,0
lsa-inspired-mnist-iid-quick-20-20261004,10,3,fc1,l1,19.699561120699514,0
lsa-inspired-mnist-iid-quick-20-20261004,10,3,fc1,l2,0.13437340182166796,0
lsa-inspired-mnist-iid-quick-20-20261004,10,3,fc1,max_abs,0.007871105335652828,0
lsa-inspired-mnist-iid-quick-20-20261004,10,3,fc1,sparsity,0.08391093052899937,0
lsa-inspired-mnist-iid-quick-20-20261004,10,3,fc1,skewness,1.7330036788147647,0
lsa-inspired-mnist-iid-quick-20-20261004,10,3,fc1,kurtosis,27.07266434971839,0
lsa-inspired-mnist-iid-quick-20-20261004,10,3,output,mean,-7.536996585818437e-10,0
lsa-inspired-mnist-iid-quick-20-20261004,10,3,output,std,0.002924618723703011,0
lsa-inspired-mnist-iid-quick-20-20261004,10,3,output,median,-3.241002559661865e-07,0
lsa-inspired-mnist-iid-quick-20-20261004,10,3,output,min,-0.008924484252929688,0
lsa-inspired-mnist-iid-quick-20-20261004,10,3,output,max,0.011817380785942078,0
lsa-inspired-mnist-iid-quick-20-20261004,10,3,output,l1,1.3098486310627777,0
lsa-inspired-mnist-iid-quick-20-20261004,10,3,output,l2,0.07456343970990487,0
lsa-inspired-mnist-iid-quick-20-20261004,10,3,output,max_abs,0.011817380785942078,0
lsa-inspired-mnist-iid-quick-20-20261004,10,3,output,sparsity,0.046153846153846156,0
lsa-inspired-mnist-iid-quick-20-20261004,10,3,output,skewness,0.3786822308305617,0
lsa-inspired-mnist-iid-quick-20-20261004,10,3,output,kurtosis,1.3346222683889568,0
lsa-inspired-mnist-iid-quick-20-20261004,10,4,conv1,mean,0.0035470969929519923,0
lsa-inspired-mnist-iid-quick-20-20261004,10,4,conv1,std,0.0056367295941706615,0
lsa-inspired-mnist-iid-quick-20-20261004,10,4,conv1,median,0.0006817188113927841,0
lsa-inspired-mnist-iid-quick-20-20261004,10,4,conv1,min,-0.001954108476638794,0
lsa-inspired-mnist-iid-quick-20-20261004,10,4,conv1,max,0.02107366919517517,0
lsa-inspired-mnist-iid-quick-20-20261004,10,4,conv1,l1,0.6051078990858514,0
lsa-inspired-mnist-iid-quick-20-20261004,10,4,conv1,l2,0.08424214393777824,0
lsa-inspired-mnist-iid-quick-20-20261004,10,4,conv1,max_abs,0.02107366919517517,0
lsa-inspired-mnist-iid-quick-20-20261004,10,4,conv1,sparsity,0.0,0
lsa-inspired-mnist-iid-quick-20-20261004,10,4,conv1,skewness,1.506017973542698,0
lsa-inspired-mnist-iid-quick-20-20261004,10,4,conv1,kurtosis,1.0404236199798635,0
lsa-inspired-mnist-iid-quick-20-20261004,10,4,conv2,mean,0.000466453982630026,0
lsa-inspired-mnist-iid-quick-20-20261004,10,4,conv2,std,0.001440773875008523,0
lsa-inspired-mnist-iid-quick-20-20261004,10,4,conv2,median,7.095746695995331e-05,0
lsa-inspired-mnist-iid-quick-20-20261004,10,4,conv2,min,-0.0030201151967048645,0
lsa-inspired-mnist-iid-quick-20-20261004,10,4,conv2,max,0.017331495881080627,0
lsa-inspired-mnist-iid-quick-20-20261004,10,4,conv2,l1,3.04871108981024,0
lsa-inspired-mnist-iid-quick-20-20261004,10,4,conv2,l2,0.10315724046540689,0
lsa-inspired-mnist-iid-quick-20-20261004,10,4,conv2,max_abs,0.017331495881080627,0
lsa-inspired-mnist-iid-quick-20-20261004,10,4,conv2,sparsity,0.0,0
lsa-inspired-mnist-iid-quick-20-20261004,10,4,conv2,skewness,4.450087579985669,0
lsa-inspired-mnist-iid-quick-20-20261004,10,4,conv2,kurtosis,29.6477485062412,0
lsa-inspired-mnist-iid-quick-20-20261004,10,4,fc1,mean,4.6677274997576686e-05,0
lsa-inspired-mnist-iid-quick-20-20261004,10,4,fc1,std,0.00041689434029120137,0
lsa-inspired-mnist-iid-quick-20-20261004,10,4,fc1,median,0.0,0
lsa-inspired-mnist-iid-quick-20-20261004,10,4,fc1,min,-0.00639546662569046,0
lsa-inspired-mnist-iid-quick-20-20261004,10,4,fc1,max,0.007946893572807312,0
lsa-inspired-mnist-iid-quick-20-20261004,10,4,fc1,l1,19.712755080808392,0
lsa-inspired-mnist-iid-quick-20-20261004,10,4,fc1,l2,0.13293296594499893,0
lsa-inspired-mnist-iid-quick-20-20261004,10,4,fc1,max_abs,0.007946893572807312,0
lsa-inspired-mnist-iid-quick-20-20261004,10,4,fc1,sparsity,0.08088352453792225,0
lsa-inspired-mnist-iid-quick-20-20261004,10,4,fc1,skewness,1.6164256535048318,0
lsa-inspired-mnist-iid-quick-20-20261004,10,4,fc1,kurtosis,28.98887452490828,0
lsa-inspired-mnist-iid-quick-20-20261004,10,4,output,mean,9.156512812926219e-11,0
lsa-inspired-mnist-iid-quick-20-20261004,10,4,output,std,0.002951407654642415,0
lsa-inspired-mnist-iid-quick-20-20261004,10,4,output,median,-1.2479722499847412e-07,0
lsa-inspired-mnist-iid-quick-20-20261004,10,4,output,min,-0.0079721137881279,0
lsa-inspired-mnist-iid-quick-20-20261004,10,4,output,max,0.011487305164337158,0
lsa-inspired-mnist-iid-quick-20-20261004,10,4,output,l1,1.3746427328733262,0
lsa-inspired-mnist-iid-quick-20-20261004,10,4,output,l2,0.07524642611794398,0
lsa-inspired-mnist-iid-quick-20-20261004,10,4,output,max_abs,0.011487305164337158,0
lsa-inspired-mnist-iid-quick-20-20261004,10,4,output,sparsity,0.046153846153846156,0
lsa-inspired-mnist-iid-quick-20-20261004,10,4,output,skewness,0.2775153188885283,0
lsa-inspired-mnist-iid-quick-20-20261004,10,4,output,kurtosis,1.0274401909564563,0
lsa-inspired-mnist-iid-quick-20-20261004,11,0,conv1,mean,0.003054845608494361,1
lsa-inspired-mnist-iid-quick-20-20261004,11,0,conv1,std,0.004847377012378068,1
lsa-inspired-mnist-iid-quick-20-20261004,11,0,conv1,median,0.0006030648946762085,1
lsa-inspired-mnist-iid-quick-20-20261004,11,0,conv1,min,-0.0014970749616622925,1
lsa-inspired-mnist-iid-quick-20-20261004,11,0,conv1,max,0.01812613010406494,1
lsa-inspired-mnist-iid-quick-20-20261004,11,0,conv1,l1,0.5209560652147047,1
lsa-inspired-mnist-iid-quick-20-20261004,11,0,conv1,l2,0.0724752598801755,1
lsa-inspired-mnist-iid-quick-20-20261004,11,0,conv1,max_abs,0.01812613010406494,1
lsa-inspired-mnist-iid-quick-20-20261004,11,0,conv1,sparsity,0.0,1
lsa-inspired-mnist-iid-quick-20-20261004,11,0,conv1,skewness,1.5065803777140596,1
lsa-inspired-mnist-iid-quick-20-20261004,11,0,conv1,kurtosis,1.0500550312545691,1
lsa-inspired-mnist-iid-quick-20-20261004,11,0,conv2,mean,0.00038907371771262564,1
lsa-inspired-mnist-iid-quick-20-20261004,11,0,conv2,std,0.0011996187350134043,1
lsa-inspired-mnist-iid-quick-20-20261004,11,0,conv2,median,6.279163062572479e-05,1
lsa-inspired-mnist-iid-quick-20-20261004,11,0,conv2,min,-0.003052700310945511,1
lsa-inspired-mnist-iid-quick-20-20261004,11,0,conv2,max,0.013787612318992615,1
lsa-inspired-mnist-iid-quick-20-20261004,11,0,conv2,l1,2.5688455515664828,1
lsa-inspired-mnist-iid-quick-20-20261004,11,0,conv2,l2,0.08590547414369973,1
lsa-inspired-mnist-iid-quick-20-20261004,11,0,conv2,max_abs,0.013787612318992615,1
lsa-inspired-mnist-iid-quick-20-20261004,11,0,conv2,sparsity,0.0,1
lsa-inspired-mnist-iid-quick-20-20261004,11,0,conv2,skewness,4.224679303985533,1
lsa-inspired-mnist-iid-quick-20-20261004,11,0,conv2,kurtosis,26.71298293308974,1
lsa-inspired-mnist-iid-quick-20-20261004,11,0,fc1,mean,3.504044706399555e-05,1
lsa-inspired-mnist-iid-quick-20-20261004,11,0,fc1,std,0.0003418842195694794,1
lsa-inspired-mnist-iid-quick-20-20261004,11,0,fc1,median,0.0,1
lsa-inspired-mnist-iid-quick-20-20261004,11,0,fc1,min,-0.004655212163925171,1
lsa-inspired-mnist-iid-quick-20-20261004,11,0,fc1,max,0.005700770765542984,1
lsa-inspired-mnist-iid-quick-20-20261004,11,0,fc1,l1,16.398923729801197,1
lsa-inspired-mnist-iid-quick-20-20261004,11,0,fc1,l2,0.10890546412167038,1
lsa-inspired-mnist-iid-quick-20-20261004,11,0,fc1,max_abs,0.005700770765542984,1
lsa-inspired-mnist-iid-quick-20-20261004,11,0,fc1,sparsity,0.0573115838113448,1
lsa-inspired-mnist-iid-quick-20-20261004,11,0,fc1,skewness,1.3494456062212283,1
lsa-inspired-mnist-iid-quick-20-20261004,11,0,fc1,kurtosis,24.27924509285487,1
lsa-inspired-mnist-iid-quick-20-20261004,11,0,output,mean,1.5223542085060707e-10,1
lsa-inspired-mnist-iid-quick-20-20261004,11,0,output,std,0.0032095360543045763,1
lsa-inspired-mnist-iid-quick-20-20261004,11,0,output,median,-5.245208740234375e-06,1
lsa-inspired-mnist-iid-quick-20-20261004,11,0,output,min,-0.013673722743988037,1
lsa-inspired-mnist-iid-quick-20-20261004,11,0,output,max,0.018726233392953873,1
lsa-inspired-mnist-iid-quick-20-20261004,11,0,output,l1,1.287793559487909,1
lsa-inspired-mnist-iid-quick-20-20261004,11,0,output,l2,0.08182743485239322,1
lsa-inspired-mnist-iid-quick-20-20261004,11,0,output,max_abs,0.018726233392953873,1
lsa-inspired-mnist-iid-quick-20-20261004,11,0,output,sparsity,0.03230769230769231,1
lsa-inspired-mnist-iid-quick-20-20261004,11,0,output,skewness,1.5477344163388336,1
lsa-inspired-mnist-iid-quick-20-20261004,11,0,output,kurtosis,8.070482997506042,1
lsa-inspired-mnist-iid-quick-20-20261004,11,1,conv1,mean,0.0031235028327500913,0
lsa-inspired-mnist-iid-quick-20-20261004,11,1,conv1,std,0.0049637536800131036,0
lsa-inspired-mnist-iid-quick-20-20261004,11,1,conv1,median,0.0005698204040527344,0
lsa-inspired-mnist-iid-quick-20-20261004,11,1,conv1,min,-0.0015075504779815674,0
lsa-inspired-mnist-iid-quick-20-20261004,11,1,conv1,max,0.018283545970916748,0
lsa-inspired-mnist-iid-quick-20-20261004,11,1,conv1,l1,0.5342318046605214,0
lsa-inspired-mnist-iid-quick-20-20261004,11,1,conv1,l2,0.07418368612253394,0
lsa-inspired-mnist-iid-quick-20-20261004,11,1,conv1,max_abs,0.018283545970916748,0
lsa-inspired-mnist-iid-quick-20-20261004,11,1,conv1,sparsity,0.0,0
lsa-inspired-mnist-iid-quick-20-20261004,11,1,conv1,skewness,1.4963983730390882,0
lsa-inspired-mnist-iid-quick-20-20261004,11,1,conv1,kurtosis,1.0023972836848056,0
lsa-inspired-mnist-iid-quick-20-20261004,11,1,conv2,mean,0.0004075290637035386,0
lsa-inspired-mnist-iid-quick-20-20261004,11,1,conv2,std,0.0012285477935949517,0
lsa-inspired-mnist-iid-quick-20-20261004,11,1,conv2,median,6.811885396018624e-05,0
lsa-inspired-mnist-iid-quick-20-20261004,11,1,conv2,min,-0.0028528571128845215,0
lsa-inspired-mnist-iid-quick-20-20261004,11,1,conv2,max,0.013896062970161438,0
lsa-inspired-mnist-iid-quick-20-20261004,11,1,conv2,l1,2.6523873222122347,0
lsa-inspired-mnist-iid-quick-20-20261004,11,1,conv2,l2,0.08816972627689675,0
lsa-inspired-mnist-iid-quick-20-20261004,11,1,conv2,max_abs,0.013896062970161438,0
lsa-inspired-mnist-iid-quick-20-20261004,11,1,conv2,sparsity,0.0,0
lsa-inspired-mnist-iid-quick-20-20261004,11,1,conv2,skewness,4.223343308935285,0
lsa-inspired-mnist-iid-quick-20-20261004,11,1,conv2,kurtosis,26.445540511184372,0
lsa-inspired-mnist-iid-quick-20-20261004,11,1,fc1,mean,3.01942776888196e-05,0
lsa-inspired-mnist-iid-quick-20-20261004,11,1,fc1,std,0.00037645439992995555,0
lsa-inspired-mnist-iid-quick-20-20261004,11,1,fc1,median,0.0,0
lsa-inspired-mnist-iid-quick-20-20261004,11,1,fc1,min,-0.005314666777849197,0
lsa-inspired-mnist-iid-quick-20-20261004,11,1,fc1,max,0.006967633031308651,0
lsa-inspired-mnist-iid-quick-20-20261004,11,1,fc1,l1,17.95023418664323,0
lsa-inspired-mnist-iid-quick-20-20261004,11,1,fc1,l2,0.11967579070465366,0
lsa-inspired-mnist-iid-quick-20-20261004,11,1,fc1,max_abs,0.006967633031308651,0
lsa-inspired-mnist-iid-quick-20-20261004,11,1,fc1,sparsity,0.09026449968132569,0
lsa-inspired-mnist-iid-quick-20-20261004,11,1,fc1,skewness,1.3671272777861705,0
lsa-inspired-mnist-iid-quick-20-20261004,11,1,fc1,kurtosis,26.209090592166834,0
lsa-inspired-mnist-iid-quick-20-20261004,11,1,output,mean,8.771446748421743e-11,0
lsa-inspired-mnist-iid-quick-20-20261004,11,1,output,std,0.0026713939327833425,0
lsa-inspired-mnist-iid-quick-20-20261004,11,1,output,median,-7.071066647768021e-07,0
lsa-inspired-mnist-iid-quick-20-20261004,11,1,output,min,-0.007948815822601318,0
lsa-inspired-mnist-iid-quick-20-20261004,11,1,output,max,0.011834323406219482,0
lsa-inspired-mnist-iid-quick-20-20261004,11,1,output,l1,1.22745217118063,0
lsa-inspired-mnist-iid-quick-20-20261004,11,1,output,l2,0.06810744895877821,0
lsa-inspired-mnist-iid-quick-20-20261004,11,1,output,max_abs,0.011834323406219482,0
lsa-inspired-mnist-iid-quick-20-20261004,11,1,output,sparsity,0.06153846153846154,0
lsa-inspired-mnist-iid-quick-20-20261004,11,1,output,skewness,0.503312212206526,0
lsa-inspired-mnist-iid-quick-20-20261004,11,1,output,kurtosis,1.576652773265871,0
lsa-inspired-mnist-iid-quick-20-20261004,11,2,conv1,mean,0.0029164804420361177,0
lsa-inspired-mnist-iid-quick-20-20261004,11,2,conv1,std,0.004655169741666291,0
lsa-inspired-mnist-iid-quick-20-20261004,11,2,conv1,median,0.0005186647176742554,0
lsa-inspired-mnist-iid-quick-20-20261004,11,2,conv1,min,-0.0013179630041122437,0
lsa-inspired-mnist-iid-quick-20-20261004,11,2,conv1,max,0.017498672008514404,0
lsa-inspired-mnist-iid-quick-20-20261004,11,2,conv1,l1,0.4992282691237051,0
lsa-inspired-mnist-iid-quick-20-20261004,11,2,conv1,l2,0.0694854960319111,0
lsa-inspired-mnist-iid-quick-20-20261004,11,2,conv1,max_abs,0.017498672008514404,0
lsa-inspired-mnist-iid-quick-20-20261004,11,2,conv1,sparsity,0.0,0
lsa-inspired-mnist-iid-quick-20-20261004,11,2,conv1,skewness,1.5196691461250256,0
lsa-inspired-mnist-iid-quick-20-20261004,11,2,conv1,kurtosis,1.1039519609107469,0
lsa-inspired-mnist-iid-quick-20-20261004,11,2,conv2,mean,0.0003806857879312545,0
lsa-inspired-mnist-iid-quick-20-20261004,11,2,conv2,std,0.0011582869052303366,0
lsa-inspired-mnist-iid-quick-20-20261004,11,2,conv2,median,6.308662705123425e-05,0
lsa-inspired-mnist-iid-quick-20-20261004,11,2,conv2,min,-0.0033137761056423187,0
lsa-inspired-mnist-iid-quick-20-20261004,11,2,conv2,max,0.013113319873809814,0
lsa-inspired-mnist-iid-quick-20-20261004,11,2,conv2,l1,2.514541920481861,0
lsa-inspired-mnist-iid-quick-20-20261004,11,2,conv2,l2,0.08305174916387148,0
lsa-inspired-mnist-iid-quick-20-20261004,11,2,conv2,max_abs,0.013113319873809814,0
lsa-inspired-mnist-iid-quick-20-20261004,11,2,conv2,sparsity,0.0,0
lsa-inspired-mnist-iid-quick-20-20261004,11,2,conv2,skewness,4.117484101515849,0
lsa-inspired-mnist-iid-quick-20-20261004,11,2,conv2,kurtosis,25.45405278057282,0
lsa-inspired-mnist-iid-quick-20-20261004,11,2,fc1,mean,4.079782701061271e-05,0
lsa-inspired-mnist-iid-quick-20-20261004,11,2,fc1,std,0.00039953621311541147,0
lsa-inspired-mnist-iid-quick-20-20261004,11,2,fc1,median,0.0,0
lsa-inspired-mnist-iid-quick-20-20261004,11,2,fc1,min,-0.006994098424911499,0
lsa-inspired-mnist-iid-quick-20-20261004,11,2,fc1,max,0.0065748430788517,0
lsa-inspired-mnist-iid-quick-20-20261004,11,2,fc1,l1,19.079580273060117,0
lsa-inspired-mnist-iid-quick-20-20261004,11,2,fc1,l2,0.12726532515034628,0
lsa-inspired-mnist-iid-quick-20-20261004,11,2,fc1,max_abs,0.006994098424911499,0
lsa-inspired-mnist-iid-quick-20-20261004,11,2,fc1,sparsity,0.09383962715105162,0
lsa-inspired-mnist-iid-quick-20-20261004,11,2,fc1,skewness,1.0116633095236163,0
lsa-inspired-mnist-iid-quick-20-20261004,11,2,fc1,kurtosis,23.913177949651462,0
lsa-inspired-mnist-iid-quick-20-20261004,11,2,output,mean,3.946031658695294e-10,0
lsa-inspired-mnist-iid-quick-20-20261004,11,2,output,std,0.0028356183845548114,0
lsa-inspired-mnist-iid-quick-20-20261004,11,2,output,median,-5.662441253662109e-07,0
lsa-inspired-mnist-iid-quick-20-20261004,11,2,output,min,-0.008034050464630127,0
lsa-inspired-mnist-iid-quick-20-20261004,11,2,output,max,0.01138313114643097,0
lsa-inspired-mnist-iid-quick-20-20261004,11,2,output,l1,1.3038953015056904,0
lsa-inspired-mnist-iid-quick-20-20261004,11,2,output,l2,0.07229436737973786,0
lsa-inspired-mnist-iid-quick-20-20261004,11,2,output,max_abs,0.01138313114643097,0
lsa-inspired-mnist-iid-quick-20-20261004,11,2,output,sparsity,0.06769230769230769,0
lsa-inspired-mnist-iid-quick-20-20261004,11,2,output,skewness,0.4430011237730437,0
lsa-inspired-mnist-iid-quick-20-20261004,11,2,output,kurtosis,0.9559899503019764,0
lsa-inspired-mnist-iid-quick-20-20261004,11,3,conv1,mean,0.0030624534338130616,0
lsa-inspired-mnist-iid-quick-20-20261004,11,3,conv1,std,0.004850187097609677,0
lsa-inspired-mnist-iid-quick-20-20261004,11,3,conv1,median,0.0005166903138160706,0
lsa-inspired-mnist-iid-quick-20-20261004,11,3,conv1,min,-0.001566186547279358,0
lsa-inspired-mnist-iid-quick-20-20261004,11,3,conv1,max,0.01811903715133667,0
lsa-inspired-mnist-iid-quick-20-20261004,11,3,conv1,l1,0.5217979422304779,0
lsa-inspired-mnist-iid-quick-20-20261004,11,3,conv1,l2,0.07255666576252554,0
lsa-inspired-mnist-iid-quick-20-20261004,11,3,conv1,max_abs,0.01811903715133667,0
lsa-inspired-mnist-iid-quick-20-20261004,11,3,conv1,sparsity,0.0,0
lsa-inspired-mnist-iid-quick-20-20261004,11,3,conv1,skewness,1.5053789875773138,0
lsa-inspired-mnist-iid-quick-20-20261004,11,3,conv1,kurtosis,1.053660157429749,0
lsa-inspired-mnist-iid-quick-20-20261004,11,3,conv2,mean,0.000394969603779953,0
lsa-inspired-mnist-iid-quick-20-20261004,11,3,conv2,std,0.001207673789845822,0
lsa-inspired-mnist-iid-quick-20-20261004,11,3,conv2,median,6.695277988910675e-05,0
lsa-inspired-mnist-iid-quick-20-20261004,11,3,conv2,min,-0.003295574337244034,0
lsa-inspired-mnist-iid-quick-20-20261004,11,3,conv2,max,0.013459667563438416,0
lsa-inspired-mnist-iid-quick-20-20261004,11,3,conv2,l1,2.631371650240908,0
lsa-inspired-mnist-iid-quick-20-20261004,11,3,conv2,l2,0.08655156349564506,0
lsa-inspired-mnist-iid-quick-20-20261004,11,3,conv2,max_abs,0.013459667563438416,0
lsa-inspired-mnist-iid-quick-20-20261004,11,3,conv2,sparsity,0.0,0
lsa-inspired-mnist-iid-quick-20-20261004,11,3,conv2,skewness,4.062899693181604,0
lsa-inspired-mnist-iid-quick-20-20261004,11,3,conv2,kurtosis,25.028709459459574,0
lsa-inspired-mnist-iid-quick-20-20261004,11,3,fc1,mean,3.6283012705630396e-05,0
lsa-inspired-mnist-iid-quick-20-20261004,11,3,fc1,std,0.00037830183486943346,0
lsa-inspired-mnist-iid-quick-20-20261004,11,3,fc1,median,0.0,0
lsa-inspired-mnist-iid-quick-20-20261004,11,3,fc1,min,-0.005333175417035818,0
lsa-inspired-mnist-iid-quick-20-20261004,11,3,fc1,max,0.007654489949345589,0
lsa-inspired-mnist-iid-quick-20-20261004,11,3,fc1,l1,17.708305003859095,0
lsa-inspired-mnist-iid-quick-20-20261004,11,3,fc1,l2,0.12042821879249381,0
lsa-inspired-mnist-iid-quick-20-20261004,11,3,fc1,max_abs,0.007654489949345589,0
lsa-inspired-mnist-iid-quick-20-20261004,11,3,fc1,sparsity,0.08232751752708732,0
lsa-inspired-mnist-iid-quick-20-20261004,11,3,fc1,skewness,1.5213452210981484,0
lsa-inspired-mnist-iid-quick-20-20261004,11,3,fc1,kurtosis,27.61679254879077,0
lsa-inspired-mnist-iid-quick-20-20261004,11,3,output,mean,-2.841877106290597e-10,0
lsa-inspired-mnist-iid-quick-20-20261004,11,3,output,std,0.002630807582550038,0
lsa-inspired-mnist-iid-quick-20-20261004,11,3,output,median,-4.6193599700927734e-07,0
lsa-inspired-mnist-iid-quick-20-20261004,11,3,output,min,-0.007787063717842102,0
lsa-inspired-mnist-iid-quick-20-20261004,11,3,output,max,0.010212868452072144,0
lsa-inspired-mnist-iid-quick-20-20261004,11,3,output,l1,1.1868485557788517,0
lsa-inspired-mnist-iid-quick-20-20261004,11,3,output,l2,0.06707269599965292,0
lsa-inspired-mnist-iid-quick-20-20261004,11,3,output,max_abs,0.010212868452072144,0
lsa-inspired-mnist-iid-quick-20-20261004,11,3,output,sparsity,0.046153846153846156,0
lsa-inspired-mnist-iid-quick-20-20261004,11,3,output,skewness,0.38026187246221016,0
lsa-inspired-mnist-iid-quick-20-20261004,11,3,output,kurtosis,1.25465474498505,0
lsa-inspired-mnist-iid-quick-20-20261004,11,4,conv1,mean,0.0031169476202194345,0
lsa-inspired-mnist-iid-quick-20-20261004,11,4,conv1,std,0.0049292479144696305,0
lsa-inspired-mnist-iid-quick-20-20261004,11,4,conv1,median,0.0005425512790679932,0
lsa-inspired-mnist-iid-quick-20-20261004,11,4,conv1,min,-0.0015965849161148071,0
lsa-inspired-mnist-iid-quick-20-20261004,11,4,conv1,max,0.01860332489013672,0
lsa-inspired-mnist-iid-quick-20-20261004,11,4,conv1,l1,0.5300033477251418,0
lsa-inspired-mnist-iid-quick-20-20261004,11,4,conv1,l2,0.07377028937939153,0
lsa-inspired-mnist-iid-quick-20-20261004,11,4,conv1,max_abs,0.01860332489013672,0
lsa-inspired-mnist-iid-quick-20-20261004,11,4,conv1,sparsity,0.0,0
lsa-inspired-mnist-iid-quick-20-20261004,11,4,conv1,skewness,1.5060155820537642,0
lsa-inspired-mnist-iid-quick-20-20261004,11,4,conv1,kurtosis,1.056499729903317,0
lsa-inspired-mnist-iid-quick-20-20261004,11,4,conv2,mean,0.0003731104223749659,0
lsa-inspired-mnist-iid-quick-20-20261004,11,4,conv2,std,0.00122870333849964,0
lsa-inspired-mnist-iid-quick-20-20261004,11,4,conv2,median,4.891771823167801e-05,0
lsa-inspired-mnist-iid-quick-20-20261004,11,4,conv2,min,-0.002777721732854843,0
lsa-inspired-mnist-iid-quick-20-20261004,11,4,conv2,max,0.014681398868560791,0
lsa-inspired-mnist-iid-quick-20-20261004,11,4,conv2,l1,2.579532431849657,0
lsa-inspired-mnist-iid-quick-20-20261004,11,4,conv2,l2,0.08747001786525449,0
lsa-inspired-mnist-iid-quick-20-20261004,11,4,conv2,max_abs,0.014681398868560791,0
lsa-inspired-mnist-iid-quick-20-20261004,11,4,conv2,sparsity,0.0,0
lsa-inspired-mnist-iid-quick-20-20261004,11,4,conv2,skewness,4.375741789383693,0
lsa-inspired-mnist-iid-quick-20-20261004,11,4,conv2,kurtosis,28.823890539601116,0
lsa-inspired-mnist-iid-quick-20-20261004,11,4,fc1,mean,3.2886664734444826e-05,0
lsa-inspired-mnist-iid-quick-20-20261004,11,4,fc1,std,0.0003791740447100237,0
lsa-inspired-mnist-iid-quick-20-20261004,11,4,fc1,median,0.0,0
lsa-inspired-mnist-iid-quick-20-20261004,11,4,fc1,min,-0.006043180823326111,0
lsa-inspired-mnist-iid-quick-20-20261004,11,4,fc1,max,0.007319856435060501,0
lsa-inspired-mnist-iid-quick-20-20261004,11,4,fc1,l1,17.91273604968447,0
lsa-inspired-mnist-iid-quick-20-20261004,11,4,fc1,l2,0.12060559007481167,0
lsa-inspired-mnist-iid-quick-20-20261004,11,4,fc1,max_abs,0.007319856435060501,0
lsa-inspired-mnist-iid-quick-20-20261004,11,4,fc1,sparsity,0.09135994263862332,0
lsa-inspired-mnist-iid-quick-20-20261004,11,4,fc1,skewness,1.4418451439357622,0
lsa-inspired-mnist-iid-quick-20-20261004,11,4,fc1,kurtosis,29.446859475259664,0
lsa-inspired-mnist-iid-quick-20-20261004,11,4,output,mean,-2.0824910069887454e-10,0
lsa-inspired-mnist-iid-quick-20-20261004,11,4,output,std,0.00277748160389938,0
lsa-inspired-mnist-iid-quick-20-20261004,11,4,output,median,-2.682209014892578e-07,0
lsa-inspired-mnist-iid-quick-20-20261004,11,4,output,min,-0.00821562111377716,0
lsa-inspired-mnist-iid-quick-20-20261004,11,4,output,max,0.009969979524612427,0
lsa-inspired-mnist-iid-quick-20-20261004,11,4,output,l1,1.3048229113628622,0
lsa-inspired-mnist-iid-quick-20-20261004,11,4,output,l2,0.07081216448463983,0
lsa-inspired-mnist-iid-quick-20-20261004,11,4,output,max_abs,0.009969979524612427,0
lsa-inspired-mnist-iid-quick-20-20261004,11,4,output,sparsity,0.07230769230769231,0
lsa-inspired-mnist-iid-quick-20-20261004,11,4,output,skewness,0.2994144604168458,0
lsa-inspired-mnist-iid-quick-20-20261004,11,4,output,kurtosis,0.8307362668293385,0
lsa-inspired-mnist-iid-quick-20-20261004,12,0,conv1,mean,0.0025137089458439734,1
lsa-inspired-mnist-iid-quick-20-20261004,12,0,conv1,std,0.003979416157726561,1
lsa-inspired-mnist-iid-quick-20-20261004,12,0,conv1,median,0.0004559028893709183,1
lsa-inspired-mnist-iid-quick-20-20261004,12,0,conv1,min,-0.0011878907680511475,1
lsa-inspired-mnist-iid-quick-20-20261004,12,0,conv1,max,0.015017390251159668,1
lsa-inspired-mnist-iid-quick-20-20261004,12,0,conv1,l1,0.42893508955603465,1
lsa-inspired-mnist-iid-quick-20-20261004,12,0,conv1,l2,0.05953753185450837,1
lsa-inspired-mnist-iid-quick-20-20261004,12,0,conv1,max_abs,0.015017390251159668,1
lsa-inspired-mnist-iid-quick-20-20261004,12,0,conv1,sparsity,0.0,1
lsa-inspired-mnist-iid-quick-20-20261004,12,0,conv1,skewness,1.5044216708134077,1
lsa-inspired-mnist-iid-quick-20-20261004,12,0,conv1,kurtosis,1.0583324874445843,1
lsa-inspired-mnist-iid-quick-20-20261004,12,0,conv2,mean,0.0002934549553358544,1
lsa-inspired-mnist-iid-quick-20-20261004,12,0,conv2,std,0.0009722959280896475,1
lsa-inspired-mnist-iid-quick-20-20261004,12,0,conv2,median,4.253163933753967e-05,1
lsa-inspired-mnist-iid-quick-20-20261004,12,0,conv2,min,-0.00303519144654274,1
lsa-inspired-mnist-iid-quick-20-20261004,12,0,conv2,max,0.010969877243041992,1
lsa-inspired-mnist-iid-quick-20-20261004,12,0,conv2,l1,2.0941069766104192,1
lsa-inspired-mnist-iid-quick-20-20261004,12,0,conv2,l2,0.06918124635493111,1
lsa-inspired-mnist-iid-quick-20-20261004,12,0,conv2,max_abs,0.010969877243041992,1
lsa-inspired-mnist-iid-quick-20-20261004,12,0,conv2,sparsity,0.0,1
lsa-inspired-mnist-iid-quick-20-20261004,12,0,conv2,skewness,4.033448331733133,1
lsa-inspired-mnist-iid-quick-20-20261004,12,0,conv2,kurtosis,25.060597340536496,1
lsa-inspired-mnist-iid-quick-20-20261004,12,0,fc1,mean,2.3776007136171934e-05,1
lsa-inspired-mnist-iid-quick-20-20261004,12,0,fc1,std,0.00029560977020911405,1
lsa-inspired-mnist-iid-quick-20-20261004,12,0,fc1,median,0.0,1
lsa-inspired-mnist-iid-quick-20-20261004,12,0,fc1,min,-0.004014398902654648,1
lsa-inspired-mnist-iid-quick-20-20261004,12,0,fc1,max,0.0047811344265937805,1
lsa-inspired-mnist-iid-quick-20-20261004,12,0,fc1,l1,14.321928100963873,1
lsa-inspired-mnist-iid-quick-20-20261004,12,0,fc1,l2,0.09397675700247353,1
lsa-inspired-mnist-iid-quick-20-20261004,12,0,fc1,max_abs,0.0047811344265937805,1
lsa-inspired-mnist-iid-quick-20-20261004,12,0,fc1,sparsity,0.05734145952836201,1
lsa-inspired-mnist-iid-quick-20-20261004,12,0,fc1,skewness,1.0129237520436871,1
lsa-inspired-mnist-iid-quick-20-20261004,12,0,fc1,kurtosis,23.277677007655562,1
lsa-inspired-mnist-iid-quick-20-20261004,12,0,output,mean,1.6150387147298227e-10,1
lsa-inspired-mnist-iid-quick-20-20261004,12,0,output,std,0.0037199086799702516,1
lsa-inspired-mnist-iid-quick-20-20261004,12,0,output,median,-1.4662742614746094e-05,1
lsa-inspired-mnist-iid-quick-20-20261004,12,0,output,min,-0.0179377943277359,1
lsa-inspired-mnist-iid-quick-20-20261004,12,0,output,max,0.02335520088672638,1
lsa-inspired-mnist-iid-quick-20-20261004,12,0,output,l1,1.3856705426296685,1
lsa-inspired-mnist-iid-quick-20-20261004,12,0,output,l2,0.09483943473975753,1
lsa-inspired-mnist-iid-quick-20-20261004,12,0,output,max_abs,0.02335520088672638,1
lsa-inspired-mnist-iid-quick-20-20261004,12,0,output,sparsity,0.046153846153846156,1
lsa-inspired-mnist-iid-quick-20-20261004,12,0,output,skewness,1.7724292198749618,1
lsa-inspired-mnist-iid-quick-20-20261004,12,0,output,kurtosis,11.14160460973624,1
lsa-inspired-mnist-iid-quick-20-20261004,12,1,conv1,mean,0.0025683780297185875,0
lsa-inspired-mnist-iid-quick-20-20261004,12,1,conv1,std,0.004081213936994016,0
lsa-inspired-mnist-iid-quick-20-20261004,12,1,conv1,median,0.0004217773675918579,0
lsa-inspired-mnist-iid-quick-20-20261004,12,1,conv1,min,-0.001275569200515747,0
lsa-inspired-mnist-iid-quick-20-20261004,12,1,conv1,max,0.01517796516418457,0
lsa-inspired-mnist-iid-quick-20-20261004,12,1,conv1,l1,0.4407686035556253,0
lsa-inspired-mnist-iid-quick-20-20261004,12,1,conv1,l2,0.06099557085960302,0
lsa-inspired-mnist-iid-quick-20-20261004,12,1,conv1,max_abs,0.01517796516418457,0
lsa-inspired-mnist-iid-quick-20-20261004,12,1,conv1,sparsity,0.0,0
lsa-inspired-mnist-iid-quick-20-20261004,12,1,conv1,skewness,1.489863225682364,0
lsa-inspired-mnist-iid-quick-20-20261004,12,1,conv1,kurtosis,0.997787175303646,0
lsa-inspired-mnist-iid-quick-20-20261004,12,1,conv2,mean,0.00031121511238536875,0
lsa-inspired-mnist-iid-quick-20-20261004,12,1,conv2,std,0.0009941579992426412,0
lsa-inspired-mnist-iid-quick-20-20261004,12,1,conv2,median,5.057500675320625e-05,0
lsa-inspired-mnist-iid-quick-20-20261004,12,1,conv2,min,-0.0028953514993190765,0
lsa-inspired-mnist-iid-quick-20-20261004,12,1,conv2,max,0.010976672172546387,0
lsa-inspired-mnist-iid-quick-20-20261004,12,1,conv2,l1,2.1641064310115325,0
lsa-inspired-mnist-iid-quick-20-20261004,12,1,conv2,l2,0.07096020770591911,0
lsa-inspired-mnist-iid-quick-20-20261004,12,1,conv2,max_abs,0.010976672172546387,0
lsa-inspired-mnist-iid-quick-20-20261004,12,1,conv2,sparsity,0.0,0
lsa-inspired-mnist-iid-quick-20-20261004,12,1,conv2,skewness,4.0324564390793665,0
lsa-inspired-mnist-iid-quick-20-20261004,12,1,conv2,kurtosis,24.63537031886391,0
lsa-inspired-mnist-iid-quick-20-20261004,12,1,fc1,mean,1.7188186196457875e-05,0
lsa-inspired-mnist-iid-quick-20-20261004,12,1,fc1,std,0.00033030942486349225,0
lsa-inspired-mnist-iid-quick-20-20261004,12,1,fc1,median,0.0,0
lsa-inspired-mnist-iid-quick-20-20261004,12,1,fc1,min,-0.004693776369094849,0
lsa-inspired-mnist-iid-quick-20-20261004,12,1,fc1,max,0.006030218675732613,0
lsa-inspired-mnist-iid-quick-20-20261004,12,1,fc1,l1,15.802240490077224,0
lsa-inspired-mnist-iid-quick-20-20261004,12,1,fc1,l2,0.10481166579057523,0
lsa-inspired-mnist-iid-quick-20-20261004,12,1,fc1,max_abs,0.006030218675732613,0
lsa-inspired-mnist-iid-quick-20-20261004,12,1,fc1,sparsity,0.09098151688973868,0
lsa-inspired-mnist-iid-quick-20-20261004,12,1,fc1,skewness,0.9731353162022643,0
lsa-inspired-mnist-iid-quick-20-20261004,12,1,fc1,kurtosis,25.88374738831964,0
lsa-inspired-mnist-iid-quick-20-20261004,12,1,output,mean,2.9515761595505934e-10,0
lsa-inspired-mnist-iid-quick-20-20261004,12,1,output,std,0.0022735873123946636,0
lsa-inspired-mnist-iid-quick-20-20261004,12,1,output,median,-5.951151251792908e-07,0
lsa-inspired-mnist-iid-quick-20-20261004,12,1,output,min,-0.008129715919494629,0
lsa-inspired-mnist-iid-quick-20-20261004,12,1,output,max,0.009481772780418396,0
lsa-inspired-mnist-iid-quick-20-20261004,12,1,output,l1,1.053576048463583,0
lsa-inspired-mnist-iid-quick-20-20261004,12,1,output,l2,0.0579653303587873,0
lsa-inspired-mnist-iid-quick-20-20261004,12,1,output,max_abs,0.009481772780418396,0
lsa-inspired-mnist-iid-quick-20-20261004,12,1,output,sparsity,0.06461538461538462,0
lsa-inspired-mnist-iid-quick-20-20261004,12,1,output,skewness,0.431906538565318,0
lsa-inspired-mnist-iid-quick-20-20261004,12,1,output,kurtosis,1.321718141485447,0
lsa-inspired-mnist-iid-quick-20-20261004,12,2,conv1,mean,0.002407909812609432,0
lsa-inspired-mnist-iid-quick-20-20261004,12,2,conv1,std,0.003843706695553445,0
lsa-inspired-mnist-iid-quick-20-20261004,12,2,conv1,median,0.00045188143849372864,0
lsa-inspired-mnist-iid-quick-20-20261004,12,2,conv1,min,-0.0010466724634170532,0
lsa-inspired-mnist-iid-quick-20-20261004,12,2,conv1,max,0.014525920152664185,0
lsa-inspired-mnist-iid-quick-20-20261004,12,2,conv1,l1,0.41318848181981593,0
lsa-inspired-mnist-iid-quick-20-20261004,12,2,conv1,l2,0.057371924600247697,0
lsa-inspired-mnist-iid-quick-20-20261004,12,2,conv1,max_abs,0.014525920152664185,0
lsa-inspired-mnist-iid-quick-20-20261004,12,2,conv1,sparsity,0.0,0
lsa-inspired-mnist-iid-quick-20-20261004,12,2,conv1,skewness,1.5194770511605176,0
lsa-inspired-mnist-iid-quick-20-20261004,12,2,conv1,kurtosis,1.11810726071017,0
lsa-inspired-mnist-iid-quick-20-20261004,12,2,conv2,mean,0.0002893721078423588,0
lsa-inspired-mnist-iid-quick-20-20261004,12,2,conv2,std,0.0009481999588118623,0
lsa-inspired-mnist-iid-quick-20-20261004,12,2,conv2,median,4.8822490498423576e-05,0
lsa-inspired-mnist-iid-quick-20-20261004,12,2,conv2,min,-0.003254614770412445,0
lsa-inspired-mnist-iid-quick-20-20261004,12,2,conv2,max,0.010556191205978394,0
lsa-inspired-mnist-iid-quick-20-20261004,12,2,conv2,l1,2.0794278156936343,0
lsa-inspired-mnist-iid-quick-20-20261004,12,2,conv2,l2,0.06752985944833644,0
lsa-inspired-mnist-iid-quick-20-20261004,12,2,conv2,max_abs,0.010556191205978394,0
lsa-inspired-mnist-iid-quick-20-20261004,12,2,conv2,sparsity,0.0,0
lsa-inspired-mnist-iid-quick-20-20261004,12,2,conv2,skewness,3.903203560826043,0
lsa-inspired-mnist-iid-quick-20-20261004,12,2,conv2,kurtosis,23.782897972129486,0
lsa-inspired-mnist-iid-quick-20-20261004,12,2,fc1,mean,2.7884819718743888e-05,0
lsa-inspired-mnist-iid-quick-20-20261004,12,2,fc1,std,0.0003713525779673464,0
lsa-inspired-mnist-iid-quick-20-20261004,12,2,fc1,median,0.0,0
lsa-inspired-mnist-iid-quick-20-20261004,12,2,fc1,min,-0.007168829441070557,0
lsa-inspired-mnist-iid-quick-20-20261004,12,2,fc1,max,0.005677998065948486,0
lsa-inspired-mnist-iid-quick-20-20261004,12,2,fc1,l1,17.70357236070265,0
lsa-inspired-mnist-iid-quick-20-20261004,12,2,fc1,l2,0.11800729230989468,0
lsa-inspired-mnist-iid-quick-20-20261004,12,2,fc1,max_abs,0.007168829441070557,0
lsa-inspired-mnist-iid-quick-20-20261004,12,2,fc1,sparsity,0.10213511790949649,0
lsa-inspired-mnist-iid-quick-20-20261004,12,2,fc1,skewness,0.6037262971624093,0
lsa-inspired-mnist-iid-quick-20-20261004,12,2,fc1,kurtosis,24.745979257418263,0
lsa-inspired-mnist-iid-quick-20-20261004,12,2,output,mean,6.178967081583463e-11,0
lsa-inspired-mnist-iid-quick-20-20261004,12,2,output,std,0.002588100301836268,0
lsa-inspired-mnist-iid-quick-20-20261004,12,2,output,median,-1.5068799257278442e-06,0
lsa-inspired-mnist-iid-quick-20-20261004,12,2,output,min,-0.008217960596084595,0
lsa-inspired-mnist-iid-quick-20-20261004,12,2,output,max,0.010633543133735657,0
lsa-inspired-mnist-iid-quick-20-20261004,12,2,output,l1,1.181237451848574,0
lsa-inspired-mnist-iid-quick-20-20261004,12,2,output,l2,0.06598386971099257,0
lsa-inspired-mnist-iid-quick-20-20261004,12,2,output,max_abs,0.010633543133735657,0
lsa-inspired-mnist-iid-quick-20-20261004,12,2,output,sparsity,0.07692307692307693,0
lsa-inspired-mnist-iid-quick-20-20261004,12,2,output,skewness,0.5773682208451071,0
lsa-inspired-mnist-iid-quick-20-20261004,12,2,output,kurtosis,1.2088367992803875,0
lsa-inspired-mnist-iid-quick-20-20261004,12,3,conv1,mean,0.0024969189764306064,0
lsa-inspired-mnist-iid-quick-20-20261004,12,3,conv1,std,0.0039332761857512775,0
lsa-inspired-mnist-iid-quick-20-20261004,12,3,conv1,median,0.0004121363162994385,0
lsa-inspired-mnist-iid-quick-20-20261004,12,3,conv1,min,-0.001203089952468872,0
lsa-inspired-mnist-iid-quick-20-20261004,12,3,conv1,max,0.014863073825836182,0
lsa-inspired-mnist-iid-quick-20-20261004,12,3,conv1,l1,0.42555212808656506,0
lsa-inspired-mnist-iid-quick-20-20261004,12,3,conv1,l2,0.05893082850699778,0
lsa-inspired-mnist-iid-quick-20-20261004,12,3,conv1,max_abs,0.014863073825836182,0
lsa-inspired-mnist-iid-quick-20-20261004,12,3,conv1,sparsity,0.0,0
lsa-inspired-mnist-iid-quick-20-20261004,12,3,conv1,skewness,1.5037961320132318,0
lsa-inspired-mnist-iid-quick-20-20261004,12,3,conv1,kurtosis,1.0692534595267684,0
lsa-inspired-mnist-iid-quick-20-20261004,12,3,conv2,mean,0.00029124204787845444,0
lsa-inspired-mnist-iid-quick-20-20261004,12,3,conv2,std,0.0009743285223866876,0
lsa-inspired-mnist-iid-quick-20-20261004,12,3,conv2,median,4.5017339289188385e-05,0
lsa-inspired-mnist-iid-quick-20-20261004,12,3,conv2,min,-0.0033028945326805115,0
lsa-inspired-mnist-iid-quick-20-20261004,12,3,conv2,max,0.010539010167121887,0
lsa-inspired-mnist-iid-quick-20-20261004,12,3,conv2,l1,2.1452363472271827,0
lsa-inspired-mnist-iid-quick-20-20261004,12,3,conv2,l2,0.06927048664436673,0
lsa-inspired-mnist-iid-quick-20-20261004,12,3,conv2,max_abs,0.010539010167121887,0
lsa-inspired-mnist-iid-quick-20-20261004,12,3,conv2,sparsity,0.0,0
lsa-inspired-mnist-iid-quick-20-20261004,12,3,conv2,skewness,3.7991212308867297,0
lsa-inspired-mnist-iid-quick-20-20261004,12,3,conv2,kurtosis,22.723845699384825,0
lsa-inspired-mnist-iid-quick-20-20261004,12,3,fc1,mean,2.601942876908998e-05,0
lsa-inspired-mnist-iid-quick-20-20261004,12,3,fc1,std,0.0003444581612794967,0
lsa-inspired-mnist-iid-quick-20-20261004,12,3,fc1,median,0.0,0
lsa-inspired-mnist-iid-quick-20-20261004,12,3,fc1,min,-0.005698721390217543,0
lsa-inspired-mnist-iid-quick-20-20261004,12,3,fc1,max,0.007166916038841009,0
lsa-inspired-mnist-iid-quick-20-20261004,12,3,fc1,l1,16.219623010355065,0
lsa-inspired-mnist-iid-quick-20-20261004,12,3,fc1,l2,0.10946453390819827,0
lsa-inspired-mnist-iid-quick-20-20261004,12,3,fc1,max_abs,0.007166916038841009,0
lsa-inspired-mnist-iid-quick-20-20261004,12,3,fc1,sparsity,0.08028601019757807,0
lsa-inspired-mnist-iid-quick-20-20261004,12,3,fc1,skewness,1.133728176149218,0
lsa-inspired-mnist-iid-quick-20-20261004,12,3,fc1,kurtosis,27.38517896739029,0
lsa-inspired-mnist-iid-quick-20-20261004,12,3,output,mean,-1.2496737046883656e-10,0
lsa-inspired-mnist-iid-quick-20-20261004,12,3,output,std,0.002295609146109558,0
lsa-inspired-mnist-iid-quick-20-20261004,12,3,output,median,-1.6298145055770874e-07,0
lsa-inspired-mnist-iid-quick-20-20261004,12,3,output,min,-0.007704600691795349,0
lsa-inspired-mnist-iid-quick-20-20261004,12,3,output,max,0.008445441722869873,0
lsa-inspired-mnist-iid-quick-20-20261004,12,3,output,l1,1.0416882090212312,0
lsa-inspired-mnist-iid-quick-20-20261004,12,3,output,l2,0.05852677915797362,0
lsa-inspired-mnist-iid-quick-20-20261004,12,3,output,max_abs,0.008445441722869873,0
lsa-inspired-mnist-iid-quick-20-20261004,12,3,output,sparsity,0.047692307692307694,0
lsa-inspired-mnist-iid-quick-20-20261004,12,3,output,skewness,0.2819233212569333,0
lsa-inspired-mnist-iid-quick-20-20261004,12,3,output,kurtosis,1.0658222170231593,0
lsa-inspired-mnist-iid-quick-20-20261004,12,4,conv1,mean,0.002581629384076223,0
lsa-inspired-mnist-iid-quick-20-20261004,12,4,conv1,std,0.004071389586868913,0
lsa-inspired-mnist-iid-quick-20-20261004,12,4,conv1,median,0.0004081428050994873,0
lsa-inspired-mnist-iid-quick-20-20261004,12,4,conv1,min,-0.0012262165546417236,0
lsa-inspired-mnist-iid-quick-20-20261004,12,4,conv1,max,0.01550266146659851,0
lsa-inspired-mnist-iid-quick-20-20261004,12,4,conv1,l1,0.4385603806003928,0
lsa-inspired-mnist-iid-quick-20-20261004,12,4,conv1,l2,0.06098002747758042,0
lsa-inspired-mnist-iid-quick-20-20261004,12,4,conv1,max_abs,0.01550266146659851,0
lsa-inspired-mnist-iid-quick-20-20261004,12,4,conv1,sparsity,0.0,0
lsa-inspired-mnist-iid-quick-20-20261004,12,4,conv1,skewness,1.5060833669713285,0
lsa-inspired-mnist-iid-quick-20-20261004,12,4,conv1,kurtosis,1.0720148264716993,0
lsa-inspired-mnist-iid-quick-20-20261004,12,4,conv2,mean,0.0002819905728082286,0
lsa-inspired-mnist-iid-quick-20-20261004,12,4,conv2,std,0.001003423838374724,0
lsa-inspired-mnist-iid-quick-20-20261004,12,4,conv2,median,3.170222043991089e-05,0
lsa-inspired-mnist-iid-quick-20-20261004,12,4,conv2,min,-0.002699635922908783,0
lsa-inspired-mnist-iid-quick-20-20261004,12,4,conv2,max,0.011807650327682495,0
lsa-inspired-mnist-iid-quick-20-20261004,12,4,conv2,l1,2.113623401754012,0
lsa-inspired-mnist-iid-quick-20-20261004,12,4,conv2,l2,0.0709985514157239,0
lsa-inspired-mnist-iid-quick-20-20261004,12,4,conv2,max_abs,0.011807650327682495,0
lsa-inspired-mnist-iid-quick-20-20261004,12,4,conv2,sparsity,0.0,0
lsa-inspired-mnist-iid-quick-20-20261004,12,4,conv2,skewness,4.235484524298806,0
lsa-inspired-mnist-iid-quick-20-20261004,12,4,conv2,kurtosis,27.722112500257907,0
lsa-inspired-mnist-iid-quick-20-20261004,12,4,fc1,mean,2.401159601097258e-05,0
lsa-inspired-mnist-iid-quick-20-20261004,12,4,fc1,std,0.0003451339799874263,0
lsa-inspired-mnist-iid-quick-20-20261004,12,4,fc1,median,0.0,0
lsa-inspired-mnist-iid-quick-20-20261004,12,4,fc1,min,-0.005571741610765457,0
lsa-inspired-mnist-iid-quick-20-20261004,12,4,fc1,max,0.006811380386352539,0
lsa-inspired-mnist-iid-quick-20-20261004,12,4,fc1,l1,16.37645929436883,0
lsa-inspired-mnist-iid-quick-20-20261004,12,4,fc1,l2,0.10963208837372238,0
lsa-inspired-mnist-iid-quick-20-20261004,12,4,fc1,max_abs,0.006811380386352539,0
lsa-inspired-mnist-iid-quick-20-20261004,12,4,fc1,sparsity,0.10127868068833652,0
lsa-inspired-mnist-iid-quick-20-20261004,12,4,fc1,skewness,1.2918021049681827,0
lsa-inspired-mnist-iid-quick-20-20261004,12,4,fc1,kurtosis,29.497086630181457,0
lsa-inspired-mnist-iid-quick-20-20261004,12,4,output,mean,1.60877019740068e-10,0
lsa-inspired-mnist-iid-quick-20-20261004,12,4,output,std,0.0025625866595077036,0
lsa-inspired-mnist-iid-quick-20-20261004,12,4,output,median,-1.5273690223693848e-07,0
lsa-inspired-mnist-iid-quick-20-20261004,12,4,output,min,-0.008217617869377136,0
lsa-inspired-mnist-iid-quick-20-20261004,12,4,output,max,0.008395105600357056,0
lsa-inspired-mnist-iid-quick-20-20261004,12,4,output,l1,1.1912358472764026,0
lsa-inspired-mnist-iid-quick-20-20261004,12,4,output,l2,0.06533339691051178,0
lsa-inspired-mnist-iid-quick-20-20261004,12,4,output,max_abs,0.008395105600357056,0
lsa-inspired-mnist-iid-quick-20-20261004,12,4,output,sparsity,0.07692307692307693,0
lsa-inspired-mnist-iid-quick-20-20261004,12,4,output,skewness,0.2877806700402001,0
lsa-inspired-mnist-iid-quick-20-20261004,12,4,output,kurtosis,0.8685365261313489,0
lsa-inspired-mnist-iid-quick-20-20261004,13,0,conv1,mean,0.0020375384025101083,1
lsa-inspired-mnist-iid-quick-20-20261004,13,0,conv1,std,0.00323291410705599,1
lsa-inspired-mnist-iid-quick-20-20261004,13,0,conv1,median,0.00033953599631786346,1
lsa-inspired-mnist-iid-quick-20-20261004,13,0,conv1,min,-0.000972554087638855,1
lsa-inspired-mnist-iid-quick-20-20261004,13,0,conv1,max,0.012288391590118408,1
lsa-inspired-mnist-iid-quick-20-20261004,13,0,conv1,l1,0.34979207336436957,1
lsa-inspired-mnist-iid-quick-20-20261004,13,0,conv1,l2,0.04833763976911586,1
lsa-inspired-mnist-iid-quick-20-20261004,13,0,conv1,max_abs,0.012288391590118408,1
lsa-inspired-mnist-iid-quick-20-20261004,13,0,conv1,sparsity,0.0,1
lsa-inspired-mnist-iid-quick-20-20261004,13,0,conv1,skewness,1.5029129523819456,1
lsa-inspired-mnist-iid-quick-20-20261004,13,0,conv1,kurtosis,1.078357331384833,1
lsa-inspired-mnist-iid-quick-20-20261004,13,0,conv2,mean,0.0002158770527628427,1
lsa-inspired-mnist-iid-quick-20-20261004,13,0,conv2,std,0.0007882237116643415,1
lsa-inspired-mnist-iid-quick-20-20261004,13,0,conv2,median,2.9727816581726074e-05,1
lsa-inspired-mnist-iid-quick-20-20261004,13,0,conv2,min,-0.002966351807117462,1
lsa-inspired-mnist-iid-quick-20-20261004,13,0,conv2,max,0.00861579179763794,1
lsa-inspired-mnist-iid-quick-20-20261004,13,0,conv2,l1,1.7217812568123918,1
lsa-inspired-mnist-iid-quick-20-20261004,13,0,conv2,l2,0.05566914567283386,1
lsa-inspired-mnist-iid-quick-20-20261004,13,0,conv2,max_abs,0.00861579179763794,1
lsa-inspired-mnist-iid-quick-20-20261004,13,0,conv2,sparsity,0.0,1
lsa-inspired-mnist-iid-quick-20-20261004,13,0,conv2,skewness,3.746843339929185,1
lsa-inspired-mnist-iid-quick-20-20261004,13,0,conv2,kurtosis,22.871959137931356,1
lsa-inspired-mnist-iid-quick-20-20261004,13,0,fc1,mean,1.4557709685441623e-05,1
lsa-inspired-mnist-iid-quick-20-20261004,13,0,fc1,std,0.00026131009024149413,1
lsa-inspired-mnist-iid-quick-20-20261004,13,0,fc1,median,0.0,1
lsa-inspired-mnist-iid-quick-20-20261004,13,0,fc1,min,-0.003971731290221214,1
lsa-inspired-mnist-iid-quick-20-20261004,13,0,fc1,max,0.00380001962184906,1
lsa-inspired-mnist-iid-quick-20-20261004,13,0,fc1,l1,12.718610547613594,1
lsa-inspired-mnist-iid-quick-20-20261004,13,0,fc1,l2,0.0829336053216212,1
lsa-inspired-mnist-iid-quick-20-20261004,13,0,fc1,max_abs,0.003971731290221214,1
lsa-inspired-mnist-iid-quick-20-20261004,13,0,fc1,sparsity,0.0573115838113448,1
lsa-inspired-mnist-iid-quick-20-20261004,13,0,fc1,skewness,0.7250309264143651,1
lsa-inspired-mnist-iid-quick-20-20261004,13,0,fc1,kurtosis,22.58156618654002,1
lsa-inspired-mnist-iid-quick-20-20261004,13,0,output,mean,-6.379559636116028e-10,1
lsa-inspired-mnist-iid-quick-20-20261004,13,0,output,std,0.004210180953595254,1
lsa-inspired-mnist-iid-quick-20-20261004,13,0,output,median,-3.530643880367279e-05,1
lsa-inspired-mnist-iid-quick-20-20261004,13,0,output,min,-0.0221375972032547,1
lsa-inspired-mnist-iid-quick-20-20261004,13,0,output,max,0.026768222451210022,1
lsa-inspired-mnist-iid-quick-20-20261004,13,0,output,l1,1.488307724124752,1
lsa-inspired-mnist-iid-quick-20-20261004,13,0,output,l2,0.10733897419069562,1
lsa-inspired-mnist-iid-quick-20-20261004,13,0,output,max_abs,0.026768222451210022,1
lsa-inspired-mnist-iid-quick-20-20261004,13,0,output,sparsity,0.046153846153846156,1
lsa-inspired-mnist-iid-quick-20-20261004,13,0,output,skewness,1.688095363679391,1
lsa-inspired-mnist-iid-quick-20-20261004,13,0,output,kurtosis,12.376560040719015,1
lsa-inspired-mnist-iid-quick-20-20261004,13,1,conv1,mean,0.0020968612810975174,0
lsa-inspired-mnist-iid-quick-20-20261004,13,1,conv1,std,0.00332344390588521,0
lsa-inspired-mnist-iid-quick-20-20261004,13,1,conv1,median,0.0003228709101676941,0
lsa-inspired-mnist-iid-quick-20-20261004,13,1,conv1,min,-0.001039072871208191,0
lsa-inspired-mnist-iid-quick-20-20261004,13,1,conv1,max,0.012436658143997192,0
lsa-inspired-mnist-iid-quick-20-20261004,13,1,conv1,l1,0.361195222416427,0
lsa-inspired-mnist-iid-quick-20-20261004,13,1,conv1,l2,0.04970650923608531,0
lsa-inspired-mnist-iid-quick-20-20261004,13,1,conv1,max_abs,0.012436658143997192,0
lsa-inspired-mnist-iid-quick-20-20261004,13,1,conv1,sparsity,0.0,0
lsa-inspired-mnist-iid-quick-20-20261004,13,1,conv1,skewness,1.482542139372762,0
lsa-inspired-mnist-iid-quick-20-20261004,13,1,conv1,kurtosis,0.9989070636767483,0
lsa-inspired-mnist-iid-quick-20-20261004,13,1,conv2,mean,0.00023410840843408111,0
lsa-inspired-mnist-iid-quick-20-20261004,13,1,conv2,std,0.0008074299873389757,0
lsa-inspired-mnist-iid-quick-20-20261004,13,1,conv2,median,3.7902966141700745e-05,0
lsa-inspired-mnist-iid-quick-20-20261004,13,1,conv2,min,-0.0027551501989364624,0
lsa-inspired-mnist-iid-quick-20-20261004,13,1,conv2,max,0.00855262577533722,0
lsa-inspired-mnist-iid-quick-20-20261004,13,1,conv2,l1,1.7842603881099421,0
lsa-inspired-mnist-iid-quick-20-20261004,13,1,conv2,l2,0.05726534450679077,0
lsa-inspired-mnist-iid-quick-20-20261004,13,1,conv2,max_abs,0.00855262577533722,0
lsa-inspired-mnist-iid-quick-20-20261004,13,1,conv2,sparsity,0.0,0
lsa-inspired-mnist-iid-quick-20-20261004,13,1,conv2,skewness,3.765018852209884,0
lsa-inspired-mnist-iid-quick-20-20261004,13,1,conv2,kurtosis,22.23622865085092,0
lsa-inspired-mnist-iid-quick-20-20261004,13,1,fc1,mean,1.2252686405406776e-05,0
lsa-inspired-mnist-iid-quick-20-20261004,13,1,fc1,std,0.00030235954630725663,0
lsa-inspired-mnist-iid-quick-20-20261004,13,1,fc1,median,0.0,0
lsa-inspired-mnist-iid-quick-20-20261004,13,1,fc1,min,-0.004380663391202688,0
lsa-inspired-mnist-iid-quick-20-20261004,13,1,fc1,max,0.005126278847455978,0
lsa-inspired-mnist-iid-quick-20-20261004,13,1,fc1,l1,14.566559060532427,0
lsa-inspired-mnist-iid-quick-20-20261004,13,1,fc1,l2,0.09589179354320117,0
lsa-inspired-mnist-iid-quick-20-20261004,13,1,fc1,max_abs,0.005126278847455978,0
lsa-inspired-mnist-iid-quick-20-20261004,13,1,fc1,sparsity,0.10090025493945189,0
lsa-inspired-mnist-iid-quick-20-20261004,13,1,fc1,skewness,1.0000489677401099,0
lsa-inspired-mnist-iid-quick-20-20261004,13,1,fc1,kurtosis,25.11886353474786,0
lsa-inspired-mnist-iid-quick-20-20261004,13,1,output,mean,3.651635219844488e-10,0
lsa-inspired-mnist-iid-quick-20-20261004,13,1,output,std,0.0019551656992622124,0
lsa-inspired-mnist-iid-quick-20-20261004,13,1,output,median,-6.705522537231445e-08,0
lsa-inspired-mnist-iid-quick-20-20261004,13,1,output,min,-0.008001253008842468,0
lsa-inspired-mnist-iid-quick-20-20261004,13,1,output,max,0.007781818509101868,0
lsa-inspired-mnist-iid-quick-20-20261004,13,1,output,l1,0.9091611282638041,0
lsa-inspired-mnist-iid-quick-20-20261004,13,1,output,l2,0.04984714026422739,0
lsa-inspired-mnist-iid-quick-20-20261004,13,1,output,max_abs,0.008001253008842468,0
lsa-inspired-mnist-iid-quick-20-20261004,13,1,output,sparsity,0.07692307692307693,0
lsa-inspired-mnist-iid-quick-20-20261004,13,1,output,skewness,0.4100415815914321,0
lsa-inspired-mnist-iid-quick-20-20261004,13,1,output,kurtosis,1.385281638204921,0
lsa-inspired-mnist-iid-quick-20-20261004,13,2,conv1,mean,0.0019403555717872223,0
lsa-inspired-mnist-iid-quick-20-20261004,13,2,conv1,std,0.0031282970234481856,0
lsa-inspired-mnist-iid-quick-20-20261004,13,2,conv1,median,0.0003532618284225464,0
lsa-inspired-mnist-iid-quick-20-20261004,13,2,conv1,min,-0.0008972883224487305,0
lsa-inspired-mnist-iid-quick-20-20261004,13,2,conv1,max,0.01187211275100708,0
lsa-inspired-mnist-iid-quick-20-20261004,13,2,conv1,l1,0.33675996685633436,0
lsa-inspired-mnist-iid-quick-20-20261004,13,2,conv1,l2,0.046563886456146245,0
lsa-inspired-mnist-iid-quick-20-20261004,13,2,conv1,max_abs,0.01187211275100708,0
lsa-inspired-mnist-iid-quick-20-20261004,13,2,conv1,sparsity,0.0,0
lsa-inspired-mnist-iid-quick-20-20261004,13,2,conv1,skewness,1.525143421463416,0
lsa-inspired-mnist-iid-quick-20-20261004,13,2,conv1,kurtosis,1.1705736657231034,0
lsa-inspired-mnist-iid-quick-20-20261004,13,2,conv2,mean,0.0002131650927737908,0
lsa-inspired-mnist-iid-quick-20-20261004,13,2,conv2,std,0.0007756284734396132,0
lsa-inspired-mnist-iid-quick-20-20261004,13,2,conv2,median,3.189966082572937e-05,0
lsa-inspired-mnist-iid-quick-20-20261004,13,2,conv2,min,-0.003214314579963684,0
lsa-inspired-mnist-iid-quick-20-20261004,13,2,conv2,max,0.008301064372062683,0
lsa-inspired-mnist-iid-quick-20-20261004,13,2,conv2,l1,1.7236103527948217,0
lsa-inspired-mnist-iid-quick-20-20261004,13,2,conv2,l2,0.05479288666538851,0
lsa-inspired-mnist-iid-quick-20-20261004,13,2,conv2,max_abs,0.008301064372062683,0
lsa-inspired-mnist-iid-quick-20-20261004,13,2,conv2,sparsity,0.0,0
lsa-inspired-mnist-iid-quick-20-20261004,13,2,conv2,skewness,3.551378894851888,0
lsa-inspired-mnist-iid-quick-20-20261004,13,2,conv2,kurtosis,21.5002999321815,0
lsa-inspired-mnist-iid-quick-20-20261004,13,2,fc1,mean,1.596327233293799e-05,0
lsa-inspired-mnist-iid-quick-20-20261004,13,2,fc1,std,0.00035278722635003444,0
lsa-inspired-mnist-iid-quick-20-20261004,13,2,fc1,median,0.0,0
lsa-inspired-mnist-iid-quick-20-20261004,13,2,fc1,min,-0.0074002183973789215,0
lsa-inspired-mnist-iid-quick-20-20261004,13,2,fc1,max,0.0051650553941726685,0
lsa-inspired-mnist-iid-quick-20-20261004,13,2,fc1,l1,16.79675633442298,0
lsa-inspired-mnist-iid-quick-20-20261004,13,2,fc1,l2,0.11190731072471788,0
lsa-inspired-mnist-iid-quick-20-20261004,13,2,fc1,max_abs,0.0074002183973789215,0
lsa-inspired-mnist-iid-quick-20-20261004,13,2,fc1,sparsity,0.09940646908859146,0
lsa-inspired-mnist-iid-quick-20-20261004,13,2,fc1,skewness,0.17801090418459595,0
lsa-inspired-mnist-iid-quick-20-20261004,13,2,fc1,kurtosis,25.786206426208633,0
lsa-inspired-mnist-iid-quick-20-20261004,13,2,output,mean,2.9750830995348785e-10,0
lsa-inspired-mnist-iid-quick-20-20261004,13,2,output,std,0.0023942876644475483,0
lsa-inspired-mnist-iid-quick-20-20261004,13,2,output,median,-2.3134052753448486e-06,0
lsa-inspired-mnist-iid-quick-20-20261004,13,2,output,min,-0.008018255233764648,0
lsa-inspired-mnist-iid-quick-20-20261004,13,2,output,max,0.009770065546035767,0
lsa-inspired-mnist-iid-quick-20-20261004,13,2,output,l1,1.0862946148117771,0
lsa-inspired-mnist-iid-quick-20-20261004,13,2,output,l2,0.061042597610863183,0
lsa-inspired-mnist-iid-quick-20-20261004,13,2,output,max_abs,0.009770065546035767,0
lsa-inspired-mnist-iid-quick-20-20261004,13,2,output,sparsity,0.07692307692307693,0
lsa-inspired-mnist-iid-quick-20-20261004,13,2,output,skewness,0.6151116776610138,0
lsa-inspired-mnist-iid-quick-20-20261004,13,2,output,kurtosis,1.48760100249536,0
lsa-inspired-mnist-iid-quick-20-20261004,13,3,conv1,mean,0.002000087555643404,0
lsa-inspired-mnist-iid-quick-20-20261004,13,3,conv1,std,0.0031579612882474454,0
lsa-inspired-mnist-iid-quick-20-20261004,13,3,conv1,median,0.000387389212846756,0
lsa-inspired-mnist-iid-quick-20-20261004,13,3,conv1,min,-0.0009266585111618042,0
lsa-inspired-mnist-iid-quick-20-20261004,13,3,conv1,max,0.01202741265296936,0
lsa-inspired-mnist-iid-quick-20-20261004,13,3,conv1,l1,0.3434959485894069,0
lsa-inspired-mnist-iid-quick-20-20261004,13,3,conv1,l2,0.047283095885627575,0
lsa-inspired-mnist-iid-quick-20-20261004,13,3,conv1,max_abs,0.01202741265296936,0
lsa-inspired-mnist-iid-quick-20-20261004,13,3,conv1,sparsity,0.0,0
lsa-inspired-mnist-iid-quick-20-20261004,13,3,conv1,skewness,1.507453746433622,0
lsa-inspired-mnist-iid-quick-20-20261004,13,3,conv1,kurtosis,1.113745294163377,0
lsa-inspired-mnist-iid-quick-20-20261004,13,3,conv2,mean,0.0002113199877965536,0
lsa-inspired-mnist-iid-quick-20-20261004,13,3,conv2,std,0.000788470376632695,0
lsa-inspired-mnist-iid-quick-20-20261004,13,3,conv2,median,3.037974238395691e-05,0
lsa-inspired-mnist-iid-quick-20-20261004,13,3,conv2,min,-0.0033282600343227386,0
lsa-inspired-mnist-iid-quick-20-20261004,13,3,conv2,max,0.008203685283660889,0
lsa-inspired-mnist-iid-quick-20-20261004,13,3,conv2,l1,1.7663739706258639,0
lsa-inspired-mnist-iid-quick-20-20261004,13,3,conv2,l2,0.055604184720245,0
lsa-inspired-mnist-iid-quick-20-20261004,13,3,conv2,max_abs,0.008203685283660889,0
lsa-inspired-mnist-iid-quick-20-20261004,13,3,conv2,sparsity,0.0,0
lsa-inspired-mnist-iid-quick-20-20261004,13,3,conv2,skewness,3.4302679275547603,0
lsa-inspired-mnist-iid-quick-20-20261004,13,3,conv2,kurtosis,20.087518737133383,0
lsa-inspired-mnist-iid-quick-20-20261004,13,3,fc1,mean,1.4512453258815283e-05,0
lsa-inspired-mnist-iid-quick-20-20261004,13,3,fc1,std,0.0003208782236055807,0
lsa-inspired-mnist-iid-quick-20-20261004,13,3,fc1,median,0.0,0
lsa-inspired-mnist-iid-quick-20-20261004,13,3,fc1,min,-0.005785009823739529,0
lsa-inspired-mnist-iid-quick-20-20261004,13,3,fc1,max,0.00668423343449831,0
lsa-inspired-mnist-iid-quick-20-20261004,13,3,fc1,l1,15.012672090774458,0
lsa-inspired-mnist-iid-quick-20-20261004,13,3,fc1,l2,0.10178538560024576,0
lsa-inspired-mnist-iid-quick-20-20261004,13,3,fc1,max_abs,0.00668423343449831,0
lsa-inspired-mnist-iid-quick-20-20261004,13,3,fc1,sparsity,0.09026449968132569,0
lsa-inspired-mnist-iid-quick-20-20261004,13,3,fc1,skewness,0.6328416567283061,0
lsa-inspired-mnist-iid-quick-20-20261004,13,3,fc1,kurtosis,28.855738989794187,0
lsa-inspired-mnist-iid-quick-20-20261004,13,3,output,mean,-2.606359955209952e-10,0
lsa-inspired-mnist-iid-quick-20-20261004,13,3,output,std,0.0020632729980528783,0
lsa-inspired-mnist-iid-quick-20-20261004,13,3,output,median,-1.6020203474909067e-07,0
lsa-inspired-mnist-iid-quick-20-20261004,13,3,output,min,-0.007286787033081055,0
lsa-inspired-mnist-iid-quick-20-20261004,13,3,output,max,0.007180348038673401,0
lsa-inspired-mnist-iid-quick-20-20261004,13,3,output,l1,0.9433278364886064,0
lsa-inspired-mnist-iid-quick-20-20261004,13,3,output,l2,0.052603346394703994,0
lsa-inspired-mnist-iid-quick-20-20261004,13,3,output,max_abs,0.007286787033081055,0
lsa-inspired-mnist-iid-quick-20-20261004,13,3,output,sparsity,0.06153846153846154,0
lsa-inspired-mnist-iid-quick-20-20261004,13,3,output,skewness,0.15372448412462203,0
lsa-inspired-mnist-iid-quick-20-20261004,13,3,output,kurtosis,0.8594400238844355,0
lsa-inspired-mnist-iid-quick-20-20261004,13,4,conv1,mean,0.0021128496522578645,0
lsa-inspired-mnist-iid-quick-20-20261004,13,4,conv1,std,0.0033382263290124177,0
lsa-inspired-mnist-iid-quick-20-20261004,13,4,conv1,median,0.00034365803003311157,0
lsa-inspired-mnist-iid-quick-20-20261004,13,4,conv1,min,-0.001027226448059082,0
lsa-inspired-mnist-iid-quick-20-20261004,13,4,conv1,max,0.012817353010177612,0
lsa-inspired-mnist-iid-quick-20-20261004,13,4,conv1,l1,0.3606345268781297,0
lsa-inspired-mnist-iid-quick-20-20261004,13,4,conv1,l2,0.04997261438309251,0
lsa-inspired-mnist-iid-quick-20-20261004,13,4,conv1,max_abs,0.012817353010177612,0
lsa-inspired-mnist-iid-quick-20-20261004,13,4,conv1,sparsity,0.0,0
lsa-inspired-mnist-iid-quick-20-20261004,13,4,conv1,skewness,1.5023466837699027,0
lsa-inspired-mnist-iid-quick-20-20261004,13,4,conv1,kurtosis,1.0820969446964472,0
lsa-inspired-mnist-iid-quick-20-20261004,13,4,conv2,mean,0.0002049146903400783,0
lsa-inspired-mnist-iid-quick-20-20261004,13,4,conv2,std,0.0008222610586024652,0
lsa-inspired-mnist-iid-quick-20-20261004,13,4,conv2,median,1.9257888197898865e-05,0
lsa-inspired-mnist-iid-quick-20-20261004,13,4,conv2,min,-0.0025777779519557953,0
lsa-inspired-mnist-iid-quick-20-20261004,13,4,conv2,max,0.00940580666065216,0
lsa-inspired-mnist-iid-quick-20-20261004,13,4,conv2,l1,1.7556357207358815,0
lsa-inspired-mnist-iid-quick-20-20261004,13,4,conv2,l2,0.05772347194758859,0
lsa-inspired-mnist-iid-quick-20-20261004,13,4,conv2,max_abs,0.00940580666065216,0
lsa-inspired-mnist-iid-quick-20-20261004,13,4,conv2,sparsity,0.00021551724137931034,0
lsa-inspired-mnist-iid-quick-20-20261004,13,4,conv2,skewness,4.000297683781841,0
lsa-inspired-mnist-iid-quick-20-20261004,13,4,conv2,kurtosis,25.90025145616138,0
lsa-inspired-mnist-iid-quick-20-20261004,13,4,fc1,mean,1.5502420552296697e-05,0
lsa-inspired-mnist-iid-quick-20-20261004,13,4,fc1,std,0.0003230844824883243,0
lsa-inspired-mnist-iid-quick-20-20261004,13,4,fc1,median,0.0,0
lsa-inspired-mnist-iid-quick-20-20261004,13,4,fc1,min,-0.005292437970638275,0
lsa-inspired-mnist-iid-quick-20-20261004,13,4,fc1,max,0.006056554615497589,0
lsa-inspired-mnist-iid-quick-20-20261004,13,4,fc1,l1,15.344082776137611,0
lsa-inspired-mnist-iid-quick-20-20261004,13,4,fc1,l2,0.1024983625842181,0
lsa-inspired-mnist-iid-quick-20-20261004,13,4,fc1,max_abs,0.006056554615497589,0
lsa-inspired-mnist-iid-quick-20-20261004,13,4,fc1,sparsity,0.10054174633524537,0
lsa-inspired-mnist-iid-quick-20-20261004,13,4,fc1,skewness,1.0754739480310493,0
lsa-inspired-mnist-iid-quick-20-20261004,13,4,fc1,kurtosis,29.19779381641331,0
lsa-inspired-mnist-iid-quick-20-20261004,13,4,output,mean,4.132743924856186e-11,0
lsa-inspired-mnist-iid-quick-20-20261004,13,4,output,std,0.0023990462005525166,0
lsa-inspired-mnist-iid-quick-20-20261004,13,4,output,median,-6.51925802230835e-08,0
lsa-inspired-mnist-iid-quick-20-20261004,13,4,output,min,-0.007923200726509094,0
lsa-inspired-mnist-iid-quick-20-20261004,13,4,output,max,0.008085235953330994,0
lsa-inspired-mnist-iid-quick-20-20261004,13,4,output,l1,1.1117240306048188,0
lsa-inspired-mnist-iid-quick-20-20261004,13,4,output,l2,0.06116391695313957,0
lsa-inspired-mnist-iid-quick-20-20261004,13,4,output,max_abs,0.008085235953330994,0
lsa-inspired-mnist-iid-quick-20-20261004,13,4,output,sparsity,0.07692307692307693,0
lsa-inspired-mnist-iid-quick-20-20261004,13,4,output,skewness,0.23202197030516492,0
lsa-inspired-mnist-iid-quick-20-20261004,13,4,output,kurtosis,0.8863467683961126,0
lsa-inspired-mnist-iid-quick-20-20261004,14,0,conv1,mean,0.001670261481558555,1
lsa-inspired-mnist-iid-quick-20-20261004,14,0,conv1,std,0.002669838193820342,1
lsa-inspired-mnist-iid-quick-20-20261004,14,0,conv1,median,0.0002933107316493988,1
lsa-inspired-mnist-iid-quick-20-20261004,14,0,conv1,min,-0.0008409321308135986,1
lsa-inspired-mnist-iid-quick-20-20261004,14,0,conv1,max,0.010220229625701904,1
lsa-inspired-mnist-iid-quick-20-20261004,14,0,conv1,l1,0.2892221821821295,1
lsa-inspired-mnist-iid-quick-20-20261004,14,0,conv1,l2,0.039835279635940885,1
lsa-inspired-mnist-iid-quick-20-20261004,14,0,conv1,max_abs,0.010220229625701904,1
lsa-inspired-mnist-iid-quick-20-20261004,14,0,conv1,sparsity,0.0,1
lsa-inspired-mnist-iid-quick-20-20261004,14,0,conv1,skewness,1.5092971747333548,1
lsa-inspired-mnist-iid-quick-20-20261004,14,0,conv1,kurtosis,1.1260696722883514,1
lsa-inspired-mnist-iid-quick-20-20261004,14,0,conv2,mean,0.00016402809912568925,1
lsa-inspired-mnist-iid-quick-20-20261004,14,0,conv2,std,0.0006514747287281441,1
lsa-inspired-mnist-iid-quick-20-20261004,14,0,conv2,median,2.1724030375480652e-05,1
lsa-inspired-mnist-iid-quick-20-20261004,14,0,conv2,min,-0.002847198396921158,1
lsa-inspired-mnist-iid-quick-20-20261004,14,0,conv2,max,0.006844937801361084,1
lsa-inspired-mnist-iid-quick-20-20261004,14,0,conv2,l1,1.4466249634788255,1
lsa-inspired-mnist-iid-quick-20-20261004,14,0,conv2,l2,0.04576183850284283,1
lsa-inspired-mnist-iid-quick-20-20261004,14,0,conv2,max_abs,0.006844937801361084,1
lsa-inspired-mnist-iid-quick-20-20261004,14,0,conv2,sparsity,0.0,1
lsa-inspired-mnist-iid-quick-20-20261004,14,0,conv2,skewness,3.409659366501259,1
lsa-inspired-mnist-iid-quick-20-20261004,14,0,conv2,kurtosis,20.75321456006922,1
lsa-inspired-mnist-iid-quick-20-20261004,14,0,fc1,mean,4.8482262549378495e-06,1
lsa-inspired-mnist-iid-quick-20-20261004,14,0,fc1,std,0.00022944497134499373,1
lsa-inspired-mnist-iid-quick-20-20261004,14,0,fc1,median,-1.0058283805847168e-07,1
lsa-inspired-mnist-iid-quick-20-20261004,14,0,fc1,min,-0.0038991346955299377,1
lsa-inspired-mnist-iid-quick-20-20261004,14,0,fc1,max,0.003305107355117798,1
lsa-inspired-mnist-iid-quick-20-20261004,14,0,fc1,l1,11.174833718058267,1
lsa-inspired-mnist-iid-quick-20-20261004,14,0,fc1,l2,0.07272386206331805,1
lsa-inspired-mnist-iid-quick-20-20261004,14,0,fc1,max_abs,0.0038991346955299377,1
lsa-inspired-mnist-iid-quick-20-20261004,14,0,fc1,sparsity,0.05844686105799873,1
lsa-inspired-mnist-iid-quick-20-20261004,14,0,fc1,skewness,0.2957309368811743,1
lsa-inspired-mnist-iid-quick-20-20261004,14,0,fc1,kurtosis,22.80937334652039,1
lsa-inspired-mnist-iid-quick-20-20261004,14,0,output,mean,3.174556275972953e-11,1
lsa-inspired-mnist-iid-quick-20-20261004,14,0,output,std,0.004613759693725662,1
lsa-inspired-mnist-iid-quick-20-20261004,14,0,output,median,-7.1339309215545654e-06,1
lsa-inspired-mnist-iid-quick-20-20261004,14,0,output,min,-0.02441895753145218,1
lsa-inspired-mnist-iid-quick-20-20261004,14,0,output,max,0.0296681746840477,1
lsa-inspired-mnist-iid-quick-20-20261004,14,0,output,l1,1.5703157161769923,1
lsa-inspired-mnist-iid-quick-20-20261004,14,0,output,l2,0.11762825354667512,1
lsa-inspired-mnist-iid-quick-20-20261004,14,0,output,max_abs,0.0296681746840477,1
lsa-inspired-mnist-iid-quick-20-20261004,14,0,output,sparsity,0.04923076923076923,1
lsa-inspired-mnist-iid-quick-20-20261004,14,0,output,skewness,1.7466005467791244,1
lsa-inspired-mnist-iid-quick-20-20261004,14,0,output,kurtosis,13.224843285146981,1
lsa-inspired-mnist-iid-quick-20-20261004,14,1,conv1,mean,0.0017177825120597845,0
lsa-inspired-mnist-iid-quick-20-20261004,14,1,conv1,std,0.0027427932331244055,0
lsa-inspired-mnist-iid-quick-20-20261004,14,1,conv1,median,0.00027851760387420654,0
lsa-inspired-mnist-iid-quick-20-20261004,14,1,conv1,min,-0.000894889235496521,0
lsa-inspired-mnist-iid-quick-20-20261004,14,1,conv1,max,0.010385572910308838,0
lsa-inspired-mnist-iid-quick-20-20261004,14,1,conv1,l1,0.29832519782939926,0
lsa-inspired-mnist-iid-quick-20-20261004,14,1,conv1,l2,0.0409364218825465,0
lsa-inspired-mnist-iid-quick-20-20261004,14,1,conv1,max_abs,0.010385572910308838,0
lsa-inspired-mnist-iid-quick-20-20261004,14,1,conv1,sparsity,0.0,0
lsa-inspired-mnist-iid-quick-20-20261004,14,1,conv1,skewness,1.489503786272492,0
lsa-inspired-mnist-iid-quick-20-20261004,14,1,conv1,kurtosis,1.0500484501795047,0
lsa-inspired-mnist-iid-quick-20-20261004,14,1,conv2,mean,0.00018189558574139764,0
lsa-inspired-mnist-iid-quick-20-20261004,14,1,conv2,std,0.0006658501121538656,0
lsa-inspired-mnist-iid-quick-20-20261004,14,1,conv2,median,2.9039569199085236e-05,0
lsa-inspired-mnist-iid-quick-20-20261004,14,1,conv2,min,-0.0025840774178504944,0
lsa-inspired-mnist-iid-quick-20-20261004,14,1,conv2,max,0.00670565664768219,0
lsa-inspired-mnist-iid-quick-20-20261004,14,1,conv2,l1,1.4994388238192187,0
lsa-inspired-mnist-iid-quick-20-20261004,14,1,conv2,l2,0.047018003195470774,0
lsa-inspired-mnist-iid-quick-20-20261004,14,1,conv2,max_abs,0.00670565664768219,0
lsa-inspired-mnist-iid-quick-20-20261004,14,1,conv2,sparsity,0.0,0
lsa-inspired-mnist-iid-quick-20-20261004,14,1,conv2,skewness,3.45836827565091,0
lsa-inspired-mnist-iid-quick-20-20261004,14,1,conv2,kurtosis,19.847839120730487,0
lsa-inspired-mnist-iid-quick-20-20261004,14,1,fc1,mean,3.341403260585135e-06,0
lsa-inspired-mnist-iid-quick-20-20261004,14,1,fc1,std,0.0002698911925638623,0
lsa-inspired-mnist-iid-quick-20-20261004,14,1,fc1,median,0.0,0
lsa-inspired-mnist-iid-quick-20-20261004,14,1,fc1,min,-0.004336722660809755,0
lsa-inspired-mnist-iid-quick-20-20261004,14,1,fc1,max,0.004643697291612625,0
lsa-inspired-mnist-iid-quick-20-20261004,14,1,fc1,l1,13.150220570912325,0
lsa-inspired-mnist-iid-quick-20-20261004,14,1,fc1,l2,0.08553098086063243,0
lsa-inspired-mnist-iid-quick-20-20261004,14,1,fc1,max_abs,0.004643697291612625,0
lsa-inspired-mnist-iid-quick-20-20261004,14,1,fc1,sparsity,0.1007608349267049,0
lsa-inspired-mnist-iid-quick-20-20261004,14,1,fc1,skewness,0.5740930175291242,0
lsa-inspired-mnist-iid-quick-20-20261004,14,1,fc1,kurtosis,23.861794806222942,0
lsa-inspired-mnist-iid-quick-20-20261004,14,1,output,mean,3.3644028007984163e-10,0
lsa-inspired-mnist-iid-quick-20-20261004,14,1,output,std,0.0017507219606136145,0
lsa-inspired-mnist-iid-quick-20-20261004,14,1,output,median,-4.842877388000488e-08,0
lsa-inspired-mnist-iid-quick-20-20261004,14,1,output,min,-0.007471248507499695,0
lsa-inspired-mnist-iid-quick-20-20261004,14,1,output,max,0.006609857082366943,0
lsa-inspired-mnist-iid-quick-20-20261004,14,1,output,l1,0.8119859479484148,0
lsa-inspired-mnist-iid-quick-20-20261004,14,1,output,l2,0.044634827200222014,0
lsa-inspired-mnist-iid-quick-20-20261004,14,1,output,max_abs,0.007471248507499695,0
lsa-inspired-mnist-iid-quick-20-20261004,14,1,output,sparsity,0.07692307692307693,0
lsa-inspired-mnist-iid-quick-20-20261004,14,1,output,skewness,0.4546086389556119,0
lsa-inspired-mnist-iid-quick-20-20261004,14,1,output,kurtosis,1.5342759863907736,0
lsa-inspired-mnist-iid-quick-20-20261004,14,2,conv1,mean,0.001584762076890911,0
lsa-inspired-mnist-iid-quick-20-20261004,14,2,conv1,std,0.0025812793168561313,0
lsa-inspired-mnist-iid-quick-20-20261004,14,2,conv1,median,0.0003001764416694641,0
lsa-inspired-mnist-iid-quick-20-20261004,14,2,conv1,min,-0.000784263014793396,0
lsa-inspired-mnist-iid-quick-20-20261004,14,2,conv1,max,0.009843915700912476,0
lsa-inspired-mnist-iid-quick-20-20261004,14,2,conv1,l1,0.2785224014078267,0
lsa-inspired-mnist-iid-quick-20-20261004,14,2,conv1,l2,0.03831338930865991,0
lsa-inspired-mnist-iid-quick-20-20261004,14,2,conv1,max_abs,0.009843915700912476,0
lsa-inspired-mnist-iid-quick-20-20261004,14,2,conv1,sparsity,0.0,0
lsa-inspired-mnist-iid-quick-20-20261004,14,2,conv1,skewness,1.5360630581749568,0
lsa-inspired-mnist-iid-quick-20-20261004,14,2,conv1,kurtosis,1.2474021047472963,0
lsa-inspired-mnist-iid-quick-20-20261004,14,2,conv2,mean,0.00016114753562713555,0
lsa-inspired-mnist-iid-quick-20-20261004,14,2,conv2,std,0.0006475019960658451,0
lsa-inspired-mnist-iid-quick-20-20261004,14,2,conv2,median,2.4123117327690125e-05,0
lsa-inspired-mnist-iid-quick-20-20261004,14,2,conv2,min,-0.0031075067818164825,0
lsa-inspired-mnist-iid-quick-20-20261004,14,2,conv2,max,0.006549254059791565,0
lsa-inspired-mnist-iid-quick-20-20261004,14,2,conv2,l1,1.4683967348792066,0
lsa-inspired-mnist-iid-quick-20-20261004,14,2,conv2,l2,0.04545167725185178,0
lsa-inspired-mnist-iid-quick-20-20261004,14,2,conv2,max_abs,0.006549254059791565,0
lsa-inspired-mnist-iid-quick-20-20261004,14,2,conv2,sparsity,0.00021551724137931034,0
lsa-inspired-mnist-iid-quick-20-20261004,14,2,conv2,skewness,3.1208546480956816,0
lsa-inspired-mnist-iid-quick-20-20261004,14,2,conv2,kurtosis,19.16834439401321,0
lsa-inspired-mnist-iid-quick-20-20261004,14,2,fc1,mean,4.945620659059647e-06,0
lsa-inspired-mnist-iid-quick-20-20261004,14,2,fc1,std,0.00033676454486026485,0
lsa-inspired-mnist-iid-quick-20-20261004,14,2,fc1,median,0.0,0
lsa-inspired-mnist-iid-quick-20-20261004,14,2,fc1,min,-0.007444299757480621,0
lsa-inspired-mnist-iid-quick-20-20261004,14,2,fc1,max,0.004753589630126953,0
lsa-inspired-mnist-iid-quick-20-20261004,14,2,fc1,l1,15.915376667994906,0
lsa-inspired-mnist-iid-quick-20-20261004,14,2,fc1,l2,0.1067270849788625,0
lsa-inspired-mnist-iid-quick-20-20261004,14,2,fc1,max_abs,0.007444299757480621,0
lsa-inspired-mnist-iid-quick-20-20261004,14,2,fc1,sparsity,0.10024298916507329,0
lsa-inspired-mnist-iid-quick-20-20261004,14,2,fc1,skewness,-0.29212541665372777,0
lsa-inspired-mnist-iid-quick-20-20261004,14,2,fc1,kurtosis,27.1851327140136,0
lsa-inspired-mnist-iid-quick-20-20261004,14,2,output,mean,-9.116215201524588e-11,0
lsa-inspired-mnist-iid-quick-20-20261004,14,2,output,std,0.0022123078462670484,0
lsa-inspired-mnist-iid-quick-20-20261004,14,2,output,median,-1.1380761861801147e-06,0
lsa-inspired-mnist-iid-quick-20-20261004,14,2,output,min,-0.0076483190059661865,0
lsa-inspired-mnist-iid-quick-20-20261004,14,2,output,max,0.008852079510688782,0
lsa-inspired-mnist-iid-quick-20-20261004,14,2,output,l1,1.001715652528219,0
lsa-inspired-mnist-iid-quick-20-20261004,14,2,output,l2,0.056403004390950584,0
lsa-inspired-mnist-iid-quick-20-20261004,14,2,output,max_abs,0.008852079510688782,0
lsa-inspired-mnist-iid-quick-20-20261004,14,2,output,sparsity,0.07692307692307693,0
lsa-inspired-mnist-iid-quick-20-20261004,14,2,output,skewness,0.6047749888219958,0
lsa-inspired-mnist-iid-quick-20-20261004,14,2,output,kurtosis,1.6103758690918255,0
lsa-inspired-mnist-iid-quick-20-20261004,14,3,conv1,mean,0.0016258009782177396,0
lsa-inspired-mnist-iid-quick-20-20261004,14,3,conv1,std,0.0025917273946003756,0
lsa-inspired-mnist-iid-quick-20-20261004,14,3,conv1,median,0.0002904236316680908,0
lsa-inspired-mnist-iid-quick-20-20261004,14,3,conv1,min,-0.0007767081260681152,0
lsa-inspired-mnist-iid-quick-20-20261004,14,3,conv1,max,0.009955555200576782,0
lsa-inspired-mnist-iid-quick-20-20261004,14,3,conv1,l1,0.2820865649264306,0
lsa-inspired-mnist-iid-quick-20-20261004,14,3,conv1,l2,0.03869941541407738,0
lsa-inspired-mnist-iid-quick-20-20261004,14,3,conv1,max_abs,0.009955555200576782,0
lsa-inspired-mnist-iid-quick-20-20261004,14,3,conv1,sparsity,0.0,0
lsa-inspired-mnist-iid-quick-20-20261004,14,3,conv1,skewness,1.5182253293670718,0
lsa-inspired-mnist-iid-quick-20-20261004,14,3,conv1,kurtosis,1.1887409038628718,0
lsa-inspired-mnist-iid-quick-20-20261004,14,3,conv2,mean,0.0001593444027070416,0
lsa-inspired-mnist-iid-quick-20-20261004,14,3,conv2,std,0.0006553972962139032,0
lsa-inspired-mnist-iid-quick-20-20261004,14,3,conv2,median,2.1564774215221405e-05,0
lsa-inspired-mnist-iid-quick-20-20261004,14,3,conv2,min,-0.0032822564244270325,0
lsa-inspired-mnist-iid-quick-20-20261004,14,3,conv2,max,0.006482303142547607,0
lsa-inspired-mnist-iid-quick-20-20261004,14,3,conv2,l1,1.4918391425053414,0
lsa-inspired-mnist-iid-quick-20-20261004,14,3,conv2,l2,0.04594457771219267,0
lsa-inspired-mnist-iid-quick-20-20261004,14,3,conv2,max_abs,0.006482303142547607,0
lsa-inspired-mnist-iid-quick-20-20261004,14,3,conv2,sparsity,0.00021551724137931034,0
lsa-inspired-mnist-iid-quick-20-20261004,14,3,conv2,skewness,2.994219053740705,0
lsa-inspired-mnist-iid-quick-20-20261004,14,3,conv2,kurtosis,17.6234948363264,0
lsa-inspired-mnist-iid-quick-20-20261004,14,3,fc1,mean,5.67317425527797e-06,0
lsa-inspired-mnist-iid-quick-20-20261004,14,3,fc1,std,0.00030402275088283365,0
lsa-inspired-mnist-iid-quick-20-20261004,14,3,fc1,median,0.0,0
lsa-inspired-mnist-iid-quick-20-20261004,14,3,fc1,min,-0.0057645272463560104,0
lsa-inspired-mnist-iid-quick-20-20261004,14,3,fc1,max,0.006274012848734856,0
lsa-inspired-mnist-iid-quick-20-20261004,14,3,fc1,l1,14.171979229956605,0
lsa-inspired-mnist-iid-quick-20-20261004,14,3,fc1,l2,0.0963569717016947,0
lsa-inspired-mnist-iid-quick-20-20261004,14,3,fc1,max_abs,0.006274012848734856,0
lsa-inspired-mnist-iid-quick-20-20261004,14,3,fc1,sparsity,0.09033420968769917,0
lsa-inspired-mnist-iid-quick-20-20261004,14,3,fc1,skewness,0.07431649839670725,0
lsa-inspired-mnist-iid-quick-20-20261004,14,3,fc1,kurtosis,30.683239102879853,0
lsa-inspired-mnist-iid-quick-20-20261004,14,3,output,mean,2.87545844912529e-10,0
lsa-inspired-mnist-iid-quick-20-20261004,14,3,output,std,0.00193079004991841,0
lsa-inspired-mnist-iid-quick-20-20261004,14,3,output,median,-5.21540641784668e-08,0
lsa-inspired-mnist-iid-quick-20-20261004,14,3,output,min,-0.0066674500703811646,0
lsa-inspired-mnist-iid-quick-20-20261004,14,3,output,max,0.006239697337150574,0
lsa-inspired-mnist-iid-quick-20-20261004,14,3,output,l1,0.8807758023613133,0
lsa-inspired-mnist-iid-quick-20-20261004,14,3,output,l2,0.049225680705924355,0
lsa-inspired-mnist-iid-quick-20-20261004,14,3,output,max_abs,0.0066674500703811646,0
lsa-inspired-mnist-iid-quick-20-20261004,14,3,output,sparsity,0.06153846153846154,0
lsa-inspired-mnist-iid-quick-20-20261004,14,3,output,skewness,0.07127912798271968,0
lsa-inspired-mnist-iid-quick-20-20261004,14,3,output,kurtosis,0.9074251099889699,0
lsa-inspired-mnist-iid-quick-20-20261004,14,4,conv1,mean,0.0017526960204122589,0
lsa-inspired-mnist-iid-quick-20-20261004,14,4,conv1,std,0.0027849153040478683,0
lsa-inspired-mnist-iid-quick-20-20261004,14,4,conv1,median,0.00029078125953674316,0
lsa-inspired-mnist-iid-quick-20-20261004,14,4,conv1,min,-0.0009078830480575562,0
lsa-inspired-mnist-iid-quick-20-20261004,14,4,conv1,max,0.010695844888687134,0
lsa-inspired-mnist-iid-quick-20-20261004,14,4,conv1,l1,0.30142217269167304,0
lsa-inspired-mnist-iid-quick-20-20261004,14,4,conv1,l2,0.041622487365728635,0
lsa-inspired-mnist-iid-quick-20-20261004,14,4,conv1,max_abs,0.010695844888687134,0
lsa-inspired-mnist-iid-quick-20-20261004,14,4,conv1,sparsity,0.0,0
lsa-inspired-mnist-iid-quick-20-20261004,14,4,conv1,skewness,1.5060180006220618,0
lsa-inspired-mnist-iid-quick-20-20261004,14,4,conv1,kurtosis,1.1105308082584031,0
lsa-inspired-mnist-iid-quick-20-20261004,14,4,conv2,mean,0.00015372502085044508,0
lsa-inspired-mnist-iid-quick-20-20261004,14,4,conv2,std,0.0006880216034614517,0
lsa-inspired-mnist-iid-quick-20-20261004,14,4,conv2,median,1.3222917914390564e-05,0
lsa-inspired-mnist-iid-quick-20-20261004,14,4,conv2,min,-0.002542853355407715,0
lsa-inspired-mnist-iid-quick-20-20261004,14,4,conv2,max,0.00764252245426178,0
lsa-inspired-mnist-iid-quick-20-20261004,14,4,conv2,l1,1.4935319799988065,0
lsa-inspired-mnist-iid-quick-20-20261004,14,4,conv2,l2,0.048021908595288404,0
lsa-inspired-mnist-iid-quick-20-20261004,14,4,conv2,max_abs,0.00764252245426178,0
lsa-inspired-mnist-iid-quick-20-20261004,14,4,conv2,sparsity,0.0,0
lsa-inspired-mnist-iid-quick-20-20261004,14,4,conv2,skewness,3.770834251450503,0
lsa-inspired-mnist-iid-quick-20-20261004,14,4,conv2,kurtosis,24.574311995028502,0
lsa-inspired-mnist-iid-quick-20-20261004,14,4,fc1,mean,5.43270530408986e-06,0
lsa-inspired-mnist-iid-quick-20-20261004,14,4,fc1,std,0.0003026494255236517,0
lsa-inspired-mnist-iid-quick-20-20261004,14,4,fc1,median,0.0,0
lsa-inspired-mnist-iid-quick-20-20261004,14,4,fc1,min,-0.004864063113927841,0
lsa-inspired-mnist-iid-quick-20-20261004,14,4,fc1,max,0.005561552941799164,0
lsa-inspired-mnist-iid-quick-20-20261004,14,4,fc1,l1,14.337789011691711,0
lsa-inspired-mnist-iid-quick-20-20261004,14,4,fc1,l2,0.09592046392881627,0
lsa-inspired-mnist-iid-quick-20-20261004,14,4,fc1,max_abs,0.005561552941799164,0
lsa-inspired-mnist-iid-quick-20-20261004,14,4,fc1,sparsity,0.09107114404079031,0
lsa-inspired-mnist-iid-quick-20-20261004,14,4,fc1,skewness,0.6650866253669635,0
lsa-inspired-mnist-iid-quick-20-20261004,14,4,fc1,kurtosis,29.206862295346617,0
lsa-inspired-mnist-iid-quick-20-20261004,14,4,output,mean,3.0518724368168756e-10,0
lsa-inspired-mnist-iid-quick-20-20261004,14,4,output,std,0.0022594569714574713,0
lsa-inspired-mnist-iid-quick-20-20261004,14,4,output,median,-2.421438694000244e-08,0
lsa-inspired-mnist-iid-quick-20-20261004,14,4,output,min,-0.007261216640472412,0
lsa-inspired-mnist-iid-quick-20-20261004,14,4,output,max,0.007584795355796814,0
lsa-inspired-mnist-iid-quick-20-20261004,14,4,output,l1,1.0502755546476692,0
lsa-inspired-mnist-iid-quick-20-20261004,14,4,output,l2,0.057605075937925035,0
lsa-inspired-mnist-iid-quick-20-20261004,14,4,output,max_abs,0.007584795355796814,0
lsa-inspired-mnist-iid-quick-20-20261004,14,4,output,sparsity,0.06461538461538462,0
lsa-inspired-mnist-iid-quick-20-20261004,14,4,output,skewness,0.18580086874574975,0
lsa-inspired-mnist-iid-quick-20-20261004,14,4,output,kurtosis,0.8856871928923402,0
lsa-inspired-mnist-iid-quick-20-20261004,15,0,conv1,mean,0.001403561305050971,1
lsa-inspired-mnist-iid-quick-20-20261004,15,0,conv1,std,0.0022540269101756294,1
lsa-inspired-mnist-iid-quick-20-20261004,15,0,conv1,median,0.0002489164471626282,1
lsa-inspired-mnist-iid-quick-20-20261004,15,0,conv1,min,-0.0007305741310119629,1
lsa-inspired-mnist-iid-quick-20-20261004,15,0,conv1,max,0.008692175149917603,1
lsa-inspired-mnist-iid-quick-20-20261004,15,0,conv1,l1,0.2449232469080016,1
lsa-inspired-mnist-iid-quick-20-20261004,15,0,conv1,l2,0.033587191960822875,1
lsa-inspired-mnist-iid-quick-20-20261004,15,0,conv1,max_abs,0.008692175149917603,1
lsa-inspired-mnist-iid-quick-20-20261004,15,0,conv1,sparsity,0.0,1
lsa-inspired-mnist-iid-quick-20-20261004,15,0,conv1,skewness,1.5153146245386329,1
lsa-inspired-mnist-iid-quick-20-20261004,15,0,conv1,kurtosis,1.1749282274758057,1
lsa-inspired-mnist-iid-quick-20-20261004,15,0,conv2,mean,0.0001279961448933042,1
lsa-inspired-mnist-iid-quick-20-20261004,15,0,conv2,std,0.0005543877853667005,1
lsa-inspired-mnist-iid-quick-20-20261004,15,0,conv2,median,1.6641803085803986e-05,1
lsa-inspired-mnist-iid-quick-20-20261004,15,0,conv2,min,-0.0027492567896842957,1
lsa-inspired-mnist-iid-quick-20-20261004,15,0,conv2,max,0.005522370338439941,1
lsa-inspired-mnist-iid-quick-20-20261004,15,0,conv2,l1,1.2531544972298434,1
lsa-inspired-mnist-iid-quick-20-20261004,15,0,conv2,l2,0.03875695769374874,1
lsa-inspired-mnist-iid-quick-20-20261004,15,0,conv2,max_abs,0.005522370338439941,1
lsa-inspired-mnist-iid-quick-20-20261004,15,0,conv2,sparsity,0.0,1
lsa-inspired-mnist-iid-quick-20-20261004,15,0,conv2,skewness,3.0483100581930493,1
lsa-inspired-mnist-iid-quick-20-20261004,15,0,conv2,kurtosis,18.662181010322204,1
lsa-inspired-mnist-iid-quick-20-20261004,15,0,fc1,mean,9.015945095354014e-07,1
lsa-inspired-mnist-iid-quick-20-20261004,15,0,fc1,std,0.0002071628464061602,1
lsa-inspired-mnist-iid-quick-20-20261004,15,0,fc1,median,-1.7136335372924805e-07,1
lsa-inspired-mnist-iid-quick-20-20261004,15,0,fc1,min,-0.003771379590034485,1
lsa-inspired-mnist-iid-quick-20-20261004,15,0,fc1,max,0.0028489530086517334,1
lsa-inspired-mnist-iid-quick-20-20261004,15,0,fc1,l1,10.105843630038748,1
lsa-inspired-mnist-iid-quick-20-20261004,15,0,fc1,l2,0.06564738654068841,1
lsa-inspired-mnist-iid-quick-20-20261004,15,0,fc1,max_abs,0.003771379590034485,1
lsa-inspired-mnist-iid-quick-20-20261004,15,0,fc1,sparsity,0.05869582536647546,1
lsa-inspired-mnist-iid-quick-20-20261004,15,0,fc1,skewness,0.037367062329877604,1
lsa-inspired-mnist-iid-quick-20-20261004,15,0,fc1,kurtosis,22.936315523011046,1
lsa-inspired-mnist-iid-quick-20-20261004,15,0,output,mean,2.989635014763245e-10,1
lsa-inspired-mnist-iid-quick-20-20261004,15,0,output,std,0.004893807045519992,1
lsa-inspired-mnist-iid-quick-20-20261004,15,0,output,median,-5.636364221572876e-06,1
lsa-inspired-mnist-iid-quick-20-20261004,15,0,output,min,-0.023800581693649292,1
lsa-inspired-mnist-iid-quick-20-20261004,15,0,output,max,0.03260751813650131,1
lsa-inspired-mnist-iid-quick-20-20261004,15,0,output,l1,1.631959961116081,1
lsa-inspired-mnist-iid-quick-20-20261004,15,0,output,l2,0.1247680881043217,1
lsa-inspired-mnist-iid-quick-20-20261004,15,0,output,max_abs,0.03260751813650131,1
lsa-inspired-mnist-iid-quick-20-20261004,15,0,output,sparsity,0.052307692307692305,1
lsa-inspired-mnist-iid-quick-20-20261004,15,0,output,skewness,2.242185939773852,1
lsa-inspired-mnist-iid-quick-20-20261004,15,0,output,kurtosis,14.577444158330323,1
lsa-inspired-mnist-iid-quick-20-20261004,15,1,conv1,mean,0.0014448955545958598,0
lsa-inspired-mnist-iid-quick-20-20261004,15,1,conv1,std,0.0023081664469914854,0
lsa-inspired-mnist-iid-quick-20-20261004,15,1,conv1,median,0.0002590036019682884,0
lsa-inspired-mnist-iid-quick-20-20261004,15,1,conv1,min,-0.0007431507110595703,0
lsa-inspired-mnist-iid-quick-20-20261004,15,1,conv1,max,0.008895665407180786,0
lsa-inspired-mnist-iid-quick-20-20261004,15,1,conv1,l1,0.252649023081176,0
lsa-inspired-mnist-iid-quick-20-20261004,15,1,conv1,l2,0.03444498340416653,0
lsa-inspired-mnist-iid-quick-20-20261004,15,1,conv1,max_abs,0.008895665407180786,0
lsa-inspired-mnist-iid-quick-20-20261004,15,1,conv1,sparsity,0.0,0
lsa-inspired-mnist-iid-quick-20-20261004,15,1,conv1,skewness,1.496681082870263,0
lsa-inspired-mnist-iid-quick-20-20261004,15,1,conv1,kurtosis,1.119311503449036,0
lsa-inspired-mnist-iid-quick-20-20261004,15,1,conv2,mean,0.0001445173930968504,0
lsa-inspired-mnist-iid-quick-20-20261004,15,1,conv2,std,0.000565197657235573,0
lsa-inspired-mnist-iid-quick-20-20261004,15,1,conv2,median,2.4254433810710907e-05,0
lsa-inspired-mnist-iid-quick-20-20261004,15,1,conv2,min,-0.002487853169441223,0
lsa-inspired-mnist-iid-quick-20-20261004,15,1,conv2,max,0.005338042974472046,0
lsa-inspired-mnist-iid-quick-20-20261004,15,1,conv2,l1,1.3013519596788683,0
lsa-inspired-mnist-iid-quick-20-20261004,15,1,conv2,l2,0.039738497990559445,0
lsa-inspired-mnist-iid-quick-20-20261004,15,1,conv2,max_abs,0.005338042974472046,0
lsa-inspired-mnist-iid-quick-20-20261004,15,1,conv2,sparsity,0.0,0
lsa-inspired-mnist-iid-quick-20-20261004,15,1,conv2,skewness,3.112021957147143,0
lsa-inspired-mnist-iid-quick-20-20261004,15,1,conv2,kurtosis,17.418885517856953,0
lsa-inspired-mnist-iid-quick-20-20261004,15,1,fc1,mean,-4.615839915147703e-07,0
lsa-inspired-mnist-iid-quick-20-20261004,15,1,fc1,std,0.0002516957845213886,0
lsa-inspired-mnist-iid-quick-20-20261004,15,1,fc1,median,0.0,0
lsa-inspired-mnist-iid-quick-20-20261004,15,1,fc1,min,-0.00416376581415534,0
lsa-inspired-mnist-iid-quick-20-20261004,15,1,fc1,max,0.004347294569015503,0
lsa-inspired-mnist-iid-quick-20-20261004,15,1,fc1,l1,12.29363036162033,0
lsa-inspired-mnist-iid-quick-20-20261004,15,1,fc1,l2,0.07975871180416712,0
lsa-inspired-mnist-iid-quick-20-20261004,15,1,fc1,max_abs,0.004347294569015503,0
lsa-inspired-mnist-iid-quick-20-20261004,15,1,fc1,sparsity,0.09359066284257489,0
lsa-inspired-mnist-iid-quick-20-20261004,15,1,fc1,skewness,0.3971613565411969,0
lsa-inspired-mnist-iid-quick-20-20261004,15,1,fc1,kurtosis,23.423313346659352,0
lsa-inspired-mnist-iid-quick-20-20261004,15,1,output,mean,-1.7972734685127552e-10,0
lsa-inspired-mnist-iid-quick-20-20261004,15,1,output,std,0.001612597532937689,0
lsa-inspired-mnist-iid-quick-20-20261004,15,1,output,median,-5.21540641784668e-08,0
lsa-inspired-mnist-iid-quick-20-20261004,15,1,output,min,-0.006755799055099487,0
lsa-inspired-mnist-iid-quick-20-20261004,15,1,output,max,0.006293967366218567,0
lsa-inspired-mnist-iid-quick-20-20261004,15,1,output,l1,0.7428755077417009,0
lsa-inspired-mnist-iid-quick-20-20261004,15,1,output,l2,0.04111333144010456,0
lsa-inspired-mnist-iid-quick-20-20261004,15,1,output,max_abs,0.006755799055099487,0
lsa-inspired-mnist-iid-quick-20-20261004,15,1,output,sparsity,0.06769230769230769,0
lsa-inspired-mnist-iid-quick-20-20261004,15,1,output,skewness,0.525777408094936,0
lsa-inspired-mnist-iid-quick-20-20261004,15,1,output,kurtosis,1.6513190878211716,0
lsa-inspired-mnist-iid-quick-20-20261004,15,2,conv1,mean,0.0013210770215664525,0
lsa-inspired-mnist-iid-quick-20-20261004,15,2,conv1,std,0.002175282050522256,0
lsa-inspired-mnist-iid-quick-20-20261004,15,2,conv1,median,0.0002529546618461609,0
lsa-inspired-mnist-iid-quick-20-20261004,15,2,conv1,min,-0.0006878674030303955,0
lsa-inspired-mnist-iid-quick-20-20261004,15,2,conv1,max,0.008298039436340332,0
lsa-inspired-mnist-iid-quick-20-20261004,15,2,conv1,l1,0.23480226926039904,0
lsa-inspired-mnist-iid-quick-20-20261004,15,2,conv1,l2,0.03219216425463861,0
lsa-inspired-mnist-iid-quick-20-20261004,15,2,conv1,max_abs,0.008298039436340332,0
lsa-inspired-mnist-iid-quick-20-20261004,15,2,conv1,sparsity,0.0,0
lsa-inspired-mnist-iid-quick-20-20261004,15,2,conv1,skewness,1.5472367325500513,0
lsa-inspired-mnist-iid-quick-20-20261004,15,2,conv1,kurtosis,1.3152712554125445,0
lsa-inspired-mnist-iid-quick-20-20261004,15,2,conv2,mean,0.00012194844674421143,0
lsa-inspired-mnist-iid-quick-20-20261004,15,2,conv2,std,0.0005575012531113849,0
lsa-inspired-mnist-iid-quick-20-20261004,15,2,conv2,median,1.7345882952213287e-05,0
lsa-inspired-mnist-iid-quick-20-20261004,15,2,conv2,min,-0.0029693394899368286,0
lsa-inspired-mnist-iid-quick-20-20261004,15,2,conv2,max,0.005385547876358032,0
lsa-inspired-mnist-iid-quick-20-20261004,15,2,conv2,l1,1.2885900776964263,0
lsa-inspired-mnist-iid-quick-20-20261004,15,2,conv2,l2,0.038873524266551635,0
lsa-inspired-mnist-iid-quick-20-20261004,15,2,conv2,max_abs,0.005385547876358032,0
lsa-inspired-mnist-iid-quick-20-20261004,15,2,conv2,sparsity,0.00021551724137931034,0
lsa-inspired-mnist-iid-quick-20-20261004,15,2,conv2,skewness,2.685433728792951,0
lsa-inspired-mnist-iid-quick-20-20261004,15,2,conv2,kurtosis,17.366754460793583,0
lsa-inspired-mnist-iid-quick-20-20261004,15,2,fc1,mean,-1.187584192116862e-06,0
lsa-inspired-mnist-iid-quick-20-20261004,15,2,fc1,std,0.0003204381124859237,0
lsa-inspired-mnist-iid-quick-20-20261004,15,2,fc1,median,0.0,0
lsa-inspired-mnist-iid-quick-20-20261004,15,2,fc1,min,-0.0071343667805194855,0
lsa-inspired-mnist-iid-quick-20-20261004,15,2,fc1,max,0.004432022571563721,0
lsa-inspired-mnist-iid-quick-20-20261004,15,2,fc1,l1,15.09050582710131,0
lsa-inspired-mnist-iid-quick-20-20261004,15,2,fc1,l2,0.10154267644000736,0
lsa-inspired-mnist-iid-quick-20-20261004,15,2,fc1,max_abs,0.0071343667805194855,0
lsa-inspired-mnist-iid-quick-20-20261004,15,2,fc1,sparsity,0.09084209687699171,0
lsa-inspired-mnist-iid-quick-20-20261004,15,2,fc1,skewness,-0.5383761655731537,0
lsa-inspired-mnist-iid-quick-20-20261004,15,2,fc1,kurtosis,27.812123659450037,0
lsa-inspired-mnist-iid-quick-20-20261004,15,2,output,mean,-1.4972801391895001e-10,0
lsa-inspired-mnist-iid-quick-20-20261004,15,2,output,std,0.0020887933029150414,0
lsa-inspired-mnist-iid-quick-20-20261004,15,2,output,median,-3.4086406230926514e-07,0
lsa-inspired-mnist-iid-quick-20-20261004,15,2,output,min,-0.0072139352560043335,0
lsa-inspired-mnist-iid-quick-20-20261004,15,2,output,max,0.008586153388023376,0
lsa-inspired-mnist-iid-quick-20-20261004,15,2,output,l1,0.9442143077030778,0
lsa-inspired-mnist-iid-quick-20-20261004,15,2,output,l2,0.05325398905712875,0
lsa-inspired-mnist-iid-quick-20-20261004,15,2,output,max_abs,0.008586153388023376,0
lsa-inspired-mnist-iid-quick-20-20261004,15,2,output,sparsity,0.07230769230769231,0
lsa-inspired-mnist-iid-quick-20-20261004,15,2,output,skewness,0.6101441871091641,0
lsa-inspired-mnist-iid-quick-20-20261004,15,2,output,kurtosis,1.665621502075341,0
lsa-inspired-mnist-iid-quick-20-20261004,15,3,conv1,mean,0.0013660720593179575,0
lsa-inspired-mnist-iid-quick-20-20261004,15,3,conv1,std,0.0021850440978705313,0
lsa-inspired-mnist-iid-quick-20-20261004,15,3,conv1,median,0.00024134665727615356,0
lsa-inspired-mnist-iid-quick-20-20261004,15,3,conv1,min,-0.0006446987390518188,0
lsa-inspired-mnist-iid-quick-20-20261004,15,3,conv1,max,0.008371233940124512,0
lsa-inspired-mnist-iid-quick-20-20261004,15,3,conv1,l1,0.2391153380740434,0
lsa-inspired-mnist-iid-quick-20-20261004,15,3,conv1,l2,0.03259587846556812,0
lsa-inspired-mnist-iid-quick-20-20261004,15,3,conv1,max_abs,0.008371233940124512,0
lsa-inspired-mnist-iid-quick-20-20261004,15,3,conv1,sparsity,0.0,0
lsa-inspired-mnist-iid-quick-20-20261004,15,3,conv1,skewness,1.5163345299607915,0
lsa-inspired-mnist-iid-quick-20-20261004,15,3,conv1,kurtosis,1.2122201171684406,0
lsa-inspired-mnist-iid-quick-20-20261004,15,3,conv2,mean,0.00012272943817120464,0
lsa-inspired-mnist-iid-quick-20-20261004,15,3,conv2,std,0.0005639942848004395,0
lsa-inspired-mnist-iid-quick-20-20261004,15,3,conv2,median,1.5070661902427673e-05,0
lsa-inspired-mnist-iid-quick-20-20261004,15,3,conv2,min,-0.0031664520502090454,0
lsa-inspired-mnist-iid-quick-20-20261004,15,3,conv2,max,0.0052292123436927795,0
lsa-inspired-mnist-iid-quick-20-20261004,15,3,conv2,l1,1.299568435359106,0
lsa-inspired-mnist-iid-quick-20-20261004,15,3,conv2,l2,0.0393169886540869,0
lsa-inspired-mnist-iid-quick-20-20261004,15,3,conv2,max_abs,0.0052292123436927795,0
lsa-inspired-mnist-iid-quick-20-20261004,15,3,conv2,sparsity,0.0,0
lsa-inspired-mnist-iid-quick-20-20261004,15,3,conv2,skewness,2.610086788152631,0
lsa-inspired-mnist-iid-quick-20-20261004,15,3,conv2,kurtosis,15.752181493646802,0
lsa-inspired-mnist-iid-quick-20-20261004,15,3,fc1,mean,2.1473978750540238e-06,0
lsa-inspired-mnist-iid-quick-20-20261004,15,3,fc1,std,0.0002954486778615379,0
lsa-inspired-mnist-iid-quick-20-20261004,15,3,fc1,median,0.0,0
lsa-inspired-mnist-iid-quick-20-20261004,15,3,fc1,min,-0.00571009237319231,0
lsa-inspired-mnist-iid-quick-20-20261004,15,3,fc1,max,0.005795817822217941,0
lsa-inspired-mnist-iid-quick-20-20261004,15,3,fc1,l1,13.67233773469934,0
lsa-inspired-mnist-iid-quick-20-20261004,15,3,fc1,l2,0.09362567907537252,0
lsa-inspired-mnist-iid-quick-20-20261004,15,3,fc1,max_abs,0.005795817822217941,0
lsa-inspired-mnist-iid-quick-20-20261004,15,3,fc1,sparsity,0.08980640535372848,0
lsa-inspired-mnist-iid-quick-20-20261004,15,3,fc1,skewness,-0.30134166816049796,0
lsa-inspired-mnist-iid-quick-20-20261004,15,3,fc1,kurtosis,31.86675855299356,0
lsa-inspired-mnist-iid-quick-20-20261004,15,3,output,mean,-1.7668263843426337e-10,0
lsa-inspired-mnist-iid-quick-20-20261004,15,3,output,std,0.001845126026983409,0
lsa-inspired-mnist-iid-quick-20-20261004,15,3,output,median,-5.21540641784668e-08,0
lsa-inspired-mnist-iid-quick-20-20261004,15,3,output,min,-0.006586082279682159,0
lsa-inspired-mnist-iid-quick-20-20261004,15,3,output,max,0.005891740322113037,0
lsa-inspired-mnist-iid-quick-20-20261004,15,3,output,l1,0.835145563527476,0
lsa-inspired-mnist-iid-quick-20-20261004,15,3,output,l2,0.04704166808313186,0
lsa-inspired-mnist-iid-quick-20-20261004,15,3,output,max_abs,0.006586082279682159,0
lsa-inspired-mnist-iid-quick-20-20261004,15,3,output,sparsity,0.06307692307692307,0
lsa-inspired-mnist-iid-quick-20-20261004,15,3,output,skewness,0.043663368393184916,0
lsa-inspired-mnist-iid-quick-20-20261004,15,3,output,kurtosis,1.1613780523485433,0
lsa-inspired-mnist-iid-quick-20-20261004,15,4,conv1,mean,0.0014821999469859294,0
lsa-inspired-mnist-iid-quick-20-20261004,15,4,conv1,std,0.0023740436563637213,0
lsa-inspired-mnist-iid-quick-20-20261004,15,4,conv1,median,0.00023647397756576538,0
lsa-inspired-mnist-iid-quick-20-20261004,15,4,conv1,min,-0.000846564769744873,0
lsa-inspired-mnist-iid-quick-20-20261004,15,4,conv1,max,0.009203702211380005,0
lsa-inspired-mnist-iid-quick-20-20261004,15,4,conv1,l1,0.2566905543790199,0
lsa-inspired-mnist-iid-quick-20-20261004,15,4,conv1,l2,0.035401694795963466,0
lsa-inspired-mnist-iid-quick-20-20261004,15,4,conv1,max_abs,0.009203702211380005,0
lsa-inspired-mnist-iid-quick-20-20261004,15,4,conv1,sparsity,0.0,0
lsa-inspired-mnist-iid-quick-20-20261004,15,4,conv1,skewness,1.520035177452174,0
lsa-inspired-mnist-iid-quick-20-20261004,15,4,conv1,kurtosis,1.1861045547616103,0
lsa-inspired-mnist-iid-quick-20-20261004,15,4,conv2,mean,0.00012278909749699685,0
lsa-inspired-mnist-iid-quick-20-20261004,15,4,conv2,std,0.0005898118148143993,0
lsa-inspired-mnist-iid-quick-20-20261004,15,4,conv2,median,1.2005679309368134e-05,0
lsa-inspired-mnist-iid-quick-20-20261004,15,4,conv2,min,-0.0024783574044704437,0
lsa-inspired-mnist-iid-quick-20-20261004,15,4,conv2,max,0.006455168128013611,0
lsa-inspired-mnist-iid-quick-20-20261004,15,4,conv2,l1,1.3049939236952923,0
lsa-inspired-mnist-iid-quick-20-20261004,15,4,conv2,l2,0.04103793180247696,0
lsa-inspired-mnist-iid-quick-20-20261004,15,4,conv2,max_abs,0.006455168128013611,0
lsa-inspired-mnist-iid-quick-20-20261004,15,4,conv2,sparsity,0.0,0
lsa-inspired-mnist-iid-quick-20-20261004,15,4,conv2,skewness,3.488646425780318,0
lsa-inspired-mnist-iid-quick-20-20261004,15,4,conv2,kurtosis,22.617011679387467,0
lsa-inspired-mnist-iid-quick-20-20261004,15,4,fc1,mean,3.108148421959078e-06,0
lsa-inspired-mnist-iid-quick-20-20261004,15,4,fc1,std,0.0002878414726903008,0
lsa-inspired-mnist-iid-quick-20-20261004,15,4,fc1,median,0.0,0
lsa-inspired-mnist-iid-quick-20-20261004,15,4,fc1,min,-0.004455076530575752,0
lsa-inspired-mnist-iid-quick-20-20261004,15,4,fc1,max,0.005190648138523102,0
lsa-inspired-mnist-iid-quick-20-20261004,15,4,fc1,l1,13.61906492253081,0
lsa-inspired-mnist-iid-quick-20-20261004,15,4,fc1,l2,0.09121791570898811,0
lsa-inspired-mnist-iid-quick-20-20261004,15,4,fc1,max_abs,0.005190648138523102,0
lsa-inspired-mnist-iid-quick-20-20261004,15,4,fc1,sparsity,0.09129023263224983,0
lsa-inspired-mnist-iid-quick-20-20261004,15,4,fc1,skewness,0.42423589963074887,0
lsa-inspired-mnist-iid-quick-20-20261004,15,4,fc1,kurtosis,28.766897991085404,0
lsa-inspired-mnist-iid-quick-20-20261004,15,4,output,mean,-2.38472309250098e-10,0
lsa-inspired-mnist-iid-quick-20-20261004,15,4,output,std,0.0021224061088418737,0
lsa-inspired-mnist-iid-quick-20-20261004,15,4,output,median,-1.862645149230957e-08,0
lsa-inspired-mnist-iid-quick-20-20261004,15,4,output,min,-0.006597235798835754,0
lsa-inspired-mnist-iid-quick-20-20261004,15,4,output,max,0.007023647427558899,0
lsa-inspired-mnist-iid-quick-20-20261004,15,4,output,l1,0.9898993990500458,0
lsa-inspired-mnist-iid-quick-20-20261004,15,4,output,l2,0.05411095082376657,0
lsa-inspired-mnist-iid-quick-20-20261004,15,4,output,max_abs,0.007023647427558899,0
lsa-inspired-mnist-iid-quick-20-20261004,15,4,output,sparsity,0.06615384615384616,0
lsa-inspired-mnist-iid-quick-20-20261004,15,4,output,skewness,0.16206139829574895,0
lsa-inspired-mnist-iid-quick-20-20261004,15,4,output,kurtosis,0.8640455124815096,0
lsa-inspired-mnist-iid-quick-20-20261004,16,0,conv1,mean,0.0012035770021611824,1
lsa-inspired-mnist-iid-quick-20-20261004,16,0,conv1,std,0.001943917993863625,1
lsa-inspired-mnist-iid-quick-20-20261004,16,0,conv1,median,0.0002189837396144867,1
lsa-inspired-mnist-iid-quick-20-20261004,16,0,conv1,min,-0.0006469488143920898,1
lsa-inspired-mnist-iid-quick-20-20261004,16,0,conv1,max,0.007529914379119873,1
lsa-inspired-mnist-iid-quick-20-20261004,16,0,conv1,l1,0.21097246604040265,1
lsa-inspired-mnist-iid-quick-20-20261004,16,0,conv1,l2,0.028920345134864706,1
lsa-inspired-mnist-iid-quick-20-20261004,16,0,conv1,max_abs,0.007529914379119873,1
lsa-inspired-mnist-iid-quick-20-20261004,16,0,conv1,sparsity,0.0,1
lsa-inspired-mnist-iid-quick-20-20261004,16,0,conv1,skewness,1.5292373099122225,1
lsa-inspired-mnist-iid-quick-20-20261004,16,0,conv1,kurtosis,1.2416311767531445,1
lsa-inspired-mnist-iid-quick-20-20261004,16,0,conv2,mean,0.00010267143925140208,1
lsa-inspired-mnist-iid-quick-20-20261004,16,0,conv2,std,0.00048283419074790084,1
lsa-inspired-mnist-iid-quick-20-20261004,16,0,conv2,median,1.266133040189743e-05,1
lsa-inspired-mnist-iid-quick-20-20261004,16,0,conv2,min,-0.0026913508772850037,1
lsa-inspired-mnist-iid-quick-20-20261004,16,0,conv2,max,0.0045980364084243774,1
lsa-inspired-mnist-iid-quick-20-20261004,16,0,conv2,l1,1.1038152498767886,1
lsa-inspired-mnist-iid-quick-20-20261004,16,0,conv2,l2,0.033624843495489234,1
lsa-inspired-mnist-iid-quick-20-20261004,16,0,conv2,max_abs,0.0045980364084243774,1
lsa-inspired-mnist-iid-quick-20-20261004,16,0,conv2,sparsity,0.0,1
lsa-inspired-mnist-iid-quick-20-20261004,16,0,conv2,skewness,2.7200482339173275,1
lsa-inspired-mnist-iid-quick-20-20261004,16,0,conv2,kurtosis,17.432569426672366,1
lsa-inspired-mnist-iid-quick-20-20261004,16,0,fc1,mean,-2.807226834615184e-06,1
lsa-inspired-mnist-iid-quick-20-20261004,16,0,fc1,std,0.00018878552332875933,1
lsa-inspired-mnist-iid-quick-20-20261004,16,0,fc1,median,-2.5704503059387207e-07,1
lsa-inspired-mnist-iid-quick-20-20261004,16,0,fc1,min,-0.003530312329530716,1
lsa-inspired-mnist-iid-quick-20-20261004,16,0,fc1,max,0.0025025010108947754,1
lsa-inspired-mnist-iid-quick-20-20261004,16,0,fc1,l1,9.234499561936673,1
lsa-inspired-mnist-iid-quick-20-20261004,16,0,fc1,l2,0.05982988334860192,1
lsa-inspired-mnist-iid-quick-20-20261004,16,0,fc1,max_abs,0.003530312329530716,1
lsa-inspired-mnist-iid-quick-20-20261004,16,0,fc1,sparsity,0.059731516889738684,1
lsa-inspired-mnist-iid-quick-20-20261004,16,0,fc1,skewness,-0.19888427313071164,1
lsa-inspired-mnist-iid-quick-20-20261004,16,0,fc1,kurtosis,23.049900462751488,1
lsa-inspired-mnist-iid-quick-20-20261004,16,0,output,mean,3.4655945805402903e-10,1
lsa-inspired-mnist-iid-quick-20-20261004,16,0,output,std,0.005130892779526559,1
lsa-inspired-mnist-iid-quick-20-20261004,16,0,output,median,-4.060566425323486e-06,1
lsa-inspired-mnist-iid-quick-20-20261004,16,0,output,min,-0.024474963545799255,1
lsa-inspired-mnist-iid-quick-20-20261004,16,0,output,max,0.03419741243124008,1
lsa-inspired-mnist-iid-quick-20-20261004,16,0,output,l1,1.6895223039900884,1
lsa-inspired-mnist-iid-quick-20-20261004,16,0,output,l2,0.13081261202479152,1
lsa-inspired-mnist-iid-quick-20-20261004,16,0,output,max_abs,0.03419741243124008,1
lsa-inspired-mnist-iid-quick-20-20261004,16,0,output,sparsity,0.06769230769230769,1
lsa-inspired-mnist-iid-quick-20-20261004,16,0,output,skewness,2.3022840822517363,1
lsa-inspired-mnist-iid-quick-20-20261004,16,0,output,kurtosis,14.916983873781334,1
lsa-inspired-mnist-iid-quick-20-20261004,16,1,conv1,mean,0.0012287830111745279,0
lsa-inspired-mnist-iid-quick-20-20261004,16,1,conv1,std,0.001978747812718519,0
lsa-inspired-mnist-iid-quick-20-20261004,16,1,conv1,median,0.00023704767227172852,0
lsa-inspired-mnist-iid-quick-20-20261004,16,1,conv1,min,-0.0006546378135681152,0
lsa-inspired-mnist-iid-quick-20-20261004,16,1,conv1,max,0.007690608501434326,0
lsa-inspired-mnist-iid-quick-20-20261004,16,1,conv1,l1,0.21584500197786838,0
lsa-inspired-mnist-iid-quick-20-20261004,16,1,conv1,l2,0.029462791707207826,0
lsa-inspired-mnist-iid-quick-20-20261004,16,1,conv1,max_abs,0.007690608501434326,0
lsa-inspired-mnist-iid-quick-20-20261004,16,1,conv1,sparsity,0.0,0
lsa-inspired-mnist-iid-quick-20-20261004,16,1,conv1,skewness,1.5205328088959298,0
lsa-inspired-mnist-iid-quick-20-20261004,16,1,conv1,kurtosis,1.2214768792027737,0
lsa-inspired-mnist-iid-quick-20-20261004,16,1,conv2,mean,0.0001196582306028145,0
lsa-inspired-mnist-iid-quick-20-20261004,16,1,conv2,std,0.0004897093208958865,0
lsa-inspired-mnist-iid-quick-20-20261004,16,1,conv2,median,2.0548701286315918e-05,0
lsa-inspired-mnist-iid-quick-20-20261004,16,1,conv2,min,-0.002385959029197693,0
lsa-inspired-mnist-iid-quick-20-20261004,16,1,conv2,max,0.004303291440010071,0
lsa-inspired-mnist-iid-quick-20-20261004,16,1,conv2,l1,1.1448599506547907,0
lsa-inspired-mnist-iid-quick-20-20261004,16,1,conv2,l2,0.034339169524205786,0
lsa-inspired-mnist-iid-quick-20-20261004,16,1,conv2,max_abs,0.004303291440010071,0
lsa-inspired-mnist-iid-quick-20-20261004,16,1,conv2,sparsity,0.0004310344827586207,0
lsa-inspired-mnist-iid-quick-20-20261004,16,1,conv2,skewness,2.788198608754018,0
lsa-inspired-mnist-iid-quick-20-20261004,16,1,conv2,kurtosis,15.684712270696267,0
lsa-inspired-mnist-iid-quick-20-20261004,16,1,fc1,mean,-1.6436200242870362e-06,0
lsa-inspired-mnist-iid-quick-20-20261004,16,1,fc1,std,0.00023787260332732736,0
lsa-inspired-mnist-iid-quick-20-20261004,16,1,fc1,median,0.0,0
lsa-inspired-mnist-iid-quick-20-20261004,16,1,fc1,min,-0.0038429941050708294,0
lsa-inspired-mnist-iid-quick-20-20261004,16,1,fc1,max,0.0040321946144104,0
lsa-inspired-mnist-iid-quick-20-20261004,16,1,fc1,l1,11.656696396976713,0
lsa-inspired-mnist-iid-quick-20-20261004,16,1,fc1,l2,0.07538002054948668,0
lsa-inspired-mnist-iid-quick-20-20261004,16,1,fc1,max_abs,0.0040321946144104,0
lsa-inspired-mnist-iid-quick-20-20261004,16,1,fc1,sparsity,0.09855999043977055,0
lsa-inspired-mnist-iid-quick-20-20261004,16,1,fc1,skewness,0.3733882917378778,0
lsa-inspired-mnist-iid-quick-20-20261004,16,1,fc1,kurtosis,22.864216327184778,0
lsa-inspired-mnist-iid-quick-20-20261004,16,1,output,mean,6.893578057105725e-10,0
lsa-inspired-mnist-iid-quick-20-20261004,16,1,output,std,0.0015073196856100009,0
lsa-inspired-mnist-iid-quick-20-20261004,16,1,output,median,-3.725290298461914e-08,0
lsa-inspired-mnist-iid-quick-20-20261004,16,1,output,min,-0.006156891584396362,0
lsa-inspired-mnist-iid-quick-20-20261004,16,1,output,max,0.005882240831851959,0
lsa-inspired-mnist-iid-quick-20-20261004,16,1,output,l1,0.6910061941598542,0
lsa-inspired-mnist-iid-quick-20-20261004,16,1,output,l2,0.0384292624507437,0
lsa-inspired-mnist-iid-quick-20-20261004,16,1,output,max_abs,0.006156891584396362,0
lsa-inspired-mnist-iid-quick-20-20261004,16,1,output,sparsity,0.06769230769230769,0
lsa-inspired-mnist-iid-quick-20-20261004,16,1,output,skewness,0.5634501608035242,0
lsa-inspired-mnist-iid-quick-20-20261004,16,1,output,kurtosis,1.6696637081283718,0
lsa-inspired-mnist-iid-quick-20-20261004,16,2,conv1,mean,0.0011218856874620543,0
lsa-inspired-mnist-iid-quick-20-20261004,16,2,conv1,std,0.0018708612336274266,0
lsa-inspired-mnist-iid-quick-20-20261004,16,2,conv1,median,0.0002275221049785614,0
lsa-inspired-mnist-iid-quick-20-20261004,16,2,conv1,min,-0.0006191730499267578,0
lsa-inspired-mnist-iid-quick-20-20261004,16,2,conv1,max,0.007160276174545288,0
lsa-inspired-mnist-iid-quick-20-20261004,16,2,conv1,l1,0.20195566350594163,0
lsa-inspired-mnist-iid-quick-20-20261004,16,2,conv1,l2,0.02759347531927689,0
lsa-inspired-mnist-iid-quick-20-20261004,16,2,conv1,max_abs,0.007160276174545288,0
lsa-inspired-mnist-iid-quick-20-20261004,16,2,conv1,sparsity,0.0,0
lsa-inspired-mnist-iid-quick-20-20261004,16,2,conv1,skewness,1.5561890531312175,0
lsa-inspired-mnist-iid-quick-20-20261004,16,2,conv1,kurtosis,1.37863336638301,0
lsa-inspired-mnist-iid-quick-20-20261004,16,2,conv2,mean,9.337477599023385e-05,0
lsa-inspired-mnist-iid-quick-20-20261004,16,2,conv2,std,0.0004896429611325131,0
lsa-inspired-mnist-iid-quick-20-20261004,16,2,conv2,median,1.2641772627830505e-05,0
lsa-inspired-mnist-iid-quick-20-20261004,16,2,conv2,min,-0.002832643687725067,0
lsa-inspired-mnist-iid-quick-20-20261004,16,2,conv2,max,0.004571139812469482,0
lsa-inspired-mnist-iid-quick-20-20261004,16,2,conv2,l1,1.1454852446295263,0
lsa-inspired-mnist-iid-quick-20-20261004,16,2,conv2,l2,0.03395432995576834,0
lsa-inspired-mnist-iid-quick-20-20261004,16,2,conv2,max_abs,0.004571139812469482,0
lsa-inspired-mnist-iid-quick-20-20261004,16,2,conv2,sparsity,0.0,0
lsa-inspired-mnist-iid-quick-20-20261004,16,2,conv2,skewness,2.2580799909690863,0
lsa-inspired-mnist-iid-quick-20-20261004,16,2,conv2,kurtosis,16.21289607170943,0
lsa-inspired-mnist-iid-quick-20-20261004,16,2,fc1,mean,-4.470686416515716e-06,0
lsa-inspired-mnist-iid-quick-20-20261004,16,2,fc1,std,0.0003055275027404296,0
lsa-inspired-mnist-iid-quick-20-20261004,16,2,fc1,median,-1.0244548320770264e-08,0
lsa-inspired-mnist-iid-quick-20-20261004,16,2,fc1,min,-0.006657116115093231,0
lsa-inspired-mnist-iid-quick-20-20261004,16,2,fc1,max,0.004522271454334259,0
lsa-inspired-mnist-iid-quick-20-20261004,16,2,fc1,l1,14.350583832189614,0
lsa-inspired-mnist-iid-quick-20-20261004,16,2,fc1,l2,0.0968273973947582,0
lsa-inspired-mnist-iid-quick-20-20261004,16,2,fc1,max_abs,0.006657116115093231,0
lsa-inspired-mnist-iid-quick-20-20261004,16,2,fc1,sparsity,0.09012507966857872,0
lsa-inspired-mnist-iid-quick-20-20261004,16,2,fc1,skewness,-0.7130392452825267,0
lsa-inspired-mnist-iid-quick-20-20261004,16,2,fc1,kurtosis,28.216387547027715,0
lsa-inspired-mnist-iid-quick-20-20261004,16,2,output,mean,-7.593860993018517e-11,0
lsa-inspired-mnist-iid-quick-20-20261004,16,2,output,std,0.001964845098682559,0
lsa-inspired-mnist-iid-quick-20-20261004,16,2,output,median,-2.2351741790771484e-07,0
lsa-inspired-mnist-iid-quick-20-20261004,16,2,output,min,-0.006766274571418762,0
lsa-inspired-mnist-iid-quick-20-20261004,16,2,output,max,0.008213326334953308,0
lsa-inspired-mnist-iid-quick-20-20261004,16,2,output,l1,0.8864907049573958,0
lsa-inspired-mnist-iid-quick-20-20261004,16,2,output,l2,0.05009391749684758,0
lsa-inspired-mnist-iid-quick-20-20261004,16,2,output,max_abs,0.008213326334953308,0
lsa-inspired-mnist-iid-quick-20-20261004,16,2,output,sparsity,0.07076923076923076,0
lsa-inspired-mnist-iid-quick-20-20261004,16,2,output,skewness,0.607118696042216,0
lsa-inspired-mnist-iid-quick-20-20261004,16,2,output,kurtosis,1.650606137393103,0
lsa-inspired-mnist-iid-quick-20-20261004,16,3,conv1,mean,0.0011794078956882004,0
lsa-inspired-mnist-iid-quick-20-20261004,16,3,conv1,std,0.0018907687425293957,0
lsa-inspired-mnist-iid-quick-20-20261004,16,3,conv1,median,0.00020042061805725098,0
lsa-inspired-mnist-iid-quick-20-20261004,16,3,conv1,min,-0.0005265399813652039,0
lsa-inspired-mnist-iid-quick-20-20261004,16,3,conv1,max,0.007207393646240234,0
lsa-inspired-mnist-iid-quick-20-20261004,16,3,conv1,l1,0.2071498412406072,0
lsa-inspired-mnist-iid-quick-20-20261004,16,3,conv1,l2,0.02818796742480837,0
lsa-inspired-mnist-iid-quick-20-20261004,16,3,conv1,max_abs,0.007207393646240234,0
lsa-inspired-mnist-iid-quick-20-20261004,16,3,conv1,sparsity,0.0,0
lsa-inspired-mnist-iid-quick-20-20261004,16,3,conv1,skewness,1.528434093701226,0
lsa-inspired-mnist-iid-quick-20-20261004,16,3,conv1,kurtosis,1.2743902197018784,0
lsa-inspired-mnist-iid-quick-20-20261004,16,3,conv2,mean,9.932203149007584e-05,0
lsa-inspired-mnist-iid-quick-20-20261004,16,3,conv2,std,0.0004992524407151627,0
lsa-inspired-mnist-iid-quick-20-20261004,16,3,conv2,median,9.49157401919365e-06,0
lsa-inspired-mnist-iid-quick-20-20261004,16,3,conv2,min,-0.0031024739146232605,0
lsa-inspired-mnist-iid-quick-20-20261004,16,3,conv2,max,0.004559747874736786,0
lsa-inspired-mnist-iid-quick-20-20261004,16,3,conv2,l1,1.1613137256335904,0
lsa-inspired-mnist-iid-quick-20-20261004,16,3,conv2,l2,0.034674297338475976,0
lsa-inspired-mnist-iid-quick-20-20261004,16,3,conv2,max_abs,0.004559747874736786,0
lsa-inspired-mnist-iid-quick-20-20261004,16,3,conv2,sparsity,0.0,0
lsa-inspired-mnist-iid-quick-20-20261004,16,3,conv2,skewness,2.2745500697327956,0
lsa-inspired-mnist-iid-quick-20-20261004,16,3,conv2,kurtosis,14.761991186861273,0
lsa-inspired-mnist-iid-quick-20-20261004,16,3,fc1,mean,-2.534952358126292e-06,0
lsa-inspired-mnist-iid-quick-20-20261004,16,3,fc1,std,0.00028793419958212063,0
lsa-inspired-mnist-iid-quick-20-20261004,16,3,fc1,median,0.0,0
lsa-inspired-mnist-iid-quick-20-20261004,16,3,fc1,min,-0.0056327637284994125,0
lsa-inspired-mnist-iid-quick-20-20261004,16,3,fc1,max,0.005432421341538429,0
lsa-inspired-mnist-iid-quick-20-20261004,16,3,fc1,l1,13.237769787831667,0
lsa-inspired-mnist-iid-quick-20-20261004,16,3,fc1,l2,0.09124551791415722,0
lsa-inspired-mnist-iid-quick-20-20261004,16,3,fc1,max_abs,0.0056327637284994125,0
lsa-inspired-mnist-iid-quick-20-20261004,16,3,fc1,sparsity,0.09099147546207775,0
lsa-inspired-mnist-iid-quick-20-20261004,16,3,fc1,skewness,-0.48473761091865253,0
lsa-inspired-mnist-iid-quick-20-20261004,16,3,fc1,kurtosis,33.304827463677846,0
lsa-inspired-mnist-iid-quick-20-20261004,16,3,output,mean,4.1399079446609204e-10,0
lsa-inspired-mnist-iid-quick-20-20261004,16,3,output,std,0.0018016763091174004,0
lsa-inspired-mnist-iid-quick-20-20261004,16,3,output,median,-1.5657860785722733e-08,0
lsa-inspired-mnist-iid-quick-20-20261004,16,3,output,min,-0.007069416344165802,0
lsa-inspired-mnist-iid-quick-20-20261004,16,3,output,max,0.006533890962600708,0
lsa-inspired-mnist-iid-quick-20-20261004,16,3,output,l1,0.8059450799482875,0
lsa-inspired-mnist-iid-quick-20-20261004,16,3,output,l2,0.04593391328683846,0
lsa-inspired-mnist-iid-quick-20-20261004,16,3,output,max_abs,0.007069416344165802,0
lsa-inspired-mnist-iid-quick-20-20261004,16,3,output,sparsity,0.06769230769230769,0
lsa-inspired-mnist-iid-quick-20-20261004,16,3,output,skewness,0.06291217178815339,0
lsa-inspired-mnist-iid-quick-20-20261004,16,3,output,kurtosis,1.5991594905817017,0
lsa-inspired-mnist-iid-quick-20-20261004,16,4,conv1,mean,0.001284230692544952,0
lsa-inspired-mnist-iid-quick-20-20261004,16,4,conv1,std,0.0020664346668078674,0
lsa-inspired-mnist-iid-quick-20-20261004,16,4,conv1,median,0.0002291463315486908,0
lsa-inspired-mnist-iid-quick-20-20261004,16,4,conv1,min,-0.0008114874362945557,0
lsa-inspired-mnist-iid-quick-20-20261004,16,4,conv1,max,0.008061408996582031,0
lsa-inspired-mnist-iid-quick-20-20261004,16,4,conv1,l1,0.22286164108663797,0
lsa-inspired-mnist-iid-quick-20-20261004,16,4,conv1,l2,0.03077505666310905,0
lsa-inspired-mnist-iid-quick-20-20261004,16,4,conv1,max_abs,0.008061408996582031,0
lsa-inspired-mnist-iid-quick-20-20261004,16,4,conv1,sparsity,0.0,0
lsa-inspired-mnist-iid-quick-20-20261004,16,4,conv1,skewness,1.5403649925756564,0
lsa-inspired-mnist-iid-quick-20-20261004,16,4,conv1,kurtosis,1.276697990503103,0
lsa-inspired-mnist-iid-quick-20-20261004,16,4,conv2,mean,9.833066334255724e-05,0
lsa-inspired-mnist-iid-quick-20-20261004,16,4,conv2,std,0.0005201985915593795,0
lsa-inspired-mnist-iid-quick-20-20261004,16,4,conv2,median,7.543247193098068e-06,0
lsa-inspired-mnist-iid-quick-20-20261004,16,4,conv2,min,-0.002472624182701111,0
lsa-inspired-mnist-iid-quick-20-20261004,16,4,conv2,max,0.0057426318526268005,0
lsa-inspired-mnist-iid-quick-20-20261004,16,4,conv2,l1,1.1661482845738647,0
lsa-inspired-mnist-iid-quick-20-20261004,16,4,conv2,l2,0.036062144864439184,0
lsa-inspired-mnist-iid-quick-20-20261004,16,4,conv2,max_abs,0.0057426318526268005,0
lsa-inspired-mnist-iid-quick-20-20261004,16,4,conv2,sparsity,0.0,0
lsa-inspired-mnist-iid-quick-20-20261004,16,4,conv2,skewness,3.2735747620208624,0
lsa-inspired-mnist-iid-quick-20-20261004,16,4,conv2,kurtosis,21.90551058273034,0
lsa-inspired-mnist-iid-quick-20-20261004,16,4,fc1,mean,-2.5796540833749603e-06,0
lsa-inspired-mnist-iid-quick-20-20261004,16,4,fc1,std,0.0002773668322768772,0
lsa-inspired-mnist-iid-quick-20-20261004,16,4,fc1,median,0.0,0
lsa-inspired-mnist-iid-quick-20-20261004,16,4,fc1,min,-0.0044541130773723125,0
lsa-inspired-mnist-iid-quick-20-20261004,16,4,fc1,max,0.004846662282943726,0
lsa-inspired-mnist-iid-quick-20-20261004,16,4,fc1,l1,13.11539661915208,0
lsa-inspired-mnist-iid-quick-20-20261004,16,4,fc1,l2,0.0878971447555785,0
lsa-inspired-mnist-iid-quick-20-20261004,16,4,fc1,max_abs,0.004846662282943726,0
lsa-inspired-mnist-iid-quick-20-20261004,16,4,fc1,sparsity,0.09150932122370938,0
lsa-inspired-mnist-iid-quick-20-20261004,16,4,fc1,skewness,0.15154980117413236,0
lsa-inspired-mnist-iid-quick-20-20261004,16,4,fc1,kurtosis,27.986231183900333,0
lsa-inspired-mnist-iid-quick-20-20261004,16,4,output,mean,-2.3972601271592653e-10,0
lsa-inspired-mnist-iid-quick-20-20261004,16,4,output,std,0.0020039952001768696,0
lsa-inspired-mnist-iid-quick-20-20261004,16,4,output,median,-3.725290298461914e-09,0
lsa-inspired-mnist-iid-quick-20-20261004,16,4,output,min,-0.00634402921423316,0
lsa-inspired-mnist-iid-quick-20-20261004,16,4,output,max,0.006487205624580383,0
lsa-inspired-mnist-iid-quick-20-20261004,16,4,output,l1,0.9400280274567194,0
lsa-inspired-mnist-iid-quick-20-20261004,16,4,output,l2,0.05109205315424105,0
lsa-inspired-mnist-iid-quick-20-20261004,16,4,output,max_abs,0.006487205624580383,0
lsa-inspired-mnist-iid-quick-20-20261004,16,4,output,sparsity,0.06615384615384616,0
lsa-inspired-mnist-iid-quick-20-20261004,16,4,output,skewness,0.11524168533316576,0
lsa-inspired-mnist-iid-quick-20-20261004,16,4,output,kurtosis,0.8031069311262611,0
lsa-inspired-mnist-iid-quick-20-20261004,17,0,conv1,mean,0.0010476845753146335,1
lsa-inspired-mnist-iid-quick-20-20261004,17,0,conv1,std,0.0017029483815752097,1
lsa-inspired-mnist-iid-quick-20-20261004,17,0,conv1,median,0.0001857765018939972,1
lsa-inspired-mnist-iid-quick-20-20261004,17,0,conv1,min,-0.0005572289228439331,1
lsa-inspired-mnist-iid-quick-20-20261004,17,0,conv1,max,0.006654798984527588,1
lsa-inspired-mnist-iid-quick-20-20261004,17,0,conv1,l1,0.18439290905371308,1
lsa-inspired-mnist-iid-quick-20-20261004,17,0,conv1,l2,0.025290871585334752,1
lsa-inspired-mnist-iid-quick-20-20261004,17,0,conv1,max_abs,0.006654798984527588,1
lsa-inspired-mnist-iid-quick-20-20261004,17,0,conv1,sparsity,0.0,1
lsa-inspired-mnist-iid-quick-20-20261004,17,0,conv1,skewness,1.552926248833829,1
lsa-inspired-mnist-iid-quick-20-20261004,17,0,conv1,kurtosis,1.3505318782062394,1
lsa-inspired-mnist-iid-quick-20-20261004,17,0,conv2,mean,8.695626757516634e-05,1
lsa-inspired-mnist-iid-quick-20-20261004,17,0,conv2,std,0.00042767649264906156,1
lsa-inspired-mnist-iid-quick-20-20261004,17,0,conv2,median,1.229066401720047e-05,1
lsa-inspired-mnist-iid-quick-20-20261004,17,0,conv2,min,-0.0026182159781455994,1
lsa-inspired-mnist-iid-quick-20-20261004,17,0,conv2,max,0.0038786977529525757,1
lsa-inspired-mnist-iid-quick-20-20261004,17,0,conv2,l1,0.98713657278131,1
lsa-inspired-mnist-iid-quick-20-20261004,17,0,conv2,l2,0.029728339799513847,1
lsa-inspired-mnist-iid-quick-20-20261004,17,0,conv2,max_abs,0.0038786977529525757,1
lsa-inspired-mnist-iid-quick-20-20261004,17,0,conv2,sparsity,0.0,1
lsa-inspired-mnist-iid-quick-20-20261004,17,0,conv2,skewness,2.3834989520264274,1
lsa-inspired-mnist-iid-quick-20-20261004,17,0,conv2,kurtosis,16.16849049132271,1
lsa-inspired-mnist-iid-quick-20-20261004,17,0,fc1,mean,-3.6129127676568486e-06,1
lsa-inspired-mnist-iid-quick-20-20261004,17,0,fc1,std,0.00017287950473523863,1
lsa-inspired-mnist-iid-quick-20-20261004,17,0,fc1,median,-2.725282683968544e-07,1
lsa-inspired-mnist-iid-quick-20-20261004,17,0,fc1,min,-0.00336340069770813,1
lsa-inspired-mnist-iid-quick-20-20261004,17,0,fc1,max,0.002283569425344467,1
lsa-inspired-mnist-iid-quick-20-20261004,17,0,fc1,l1,8.49907466921718,1
lsa-inspired-mnist-iid-quick-20-20261004,17,0,fc1,l2,0.05479485547162266,1
lsa-inspired-mnist-iid-quick-20-20261004,17,0,fc1,max_abs,0.00336340069770813,1
lsa-inspired-mnist-iid-quick-20-20261004,17,0,fc1,sparsity,0.0598908540471638,1
lsa-inspired-mnist-iid-quick-20-20261004,17,0,fc1,skewness,-0.2692855336009909,1
lsa-inspired-mnist-iid-quick-20-20261004,17,0,fc1,kurtosis,22.783114144210177,1
lsa-inspired-mnist-iid-quick-20-20261004,17,0,output,mean,-1.280568540096283e-10,1
lsa-inspired-mnist-iid-quick-20-20261004,17,0,output,std,0.005255125573039034,1
lsa-inspired-mnist-iid-quick-20-20261004,17,0,output,median,-2.2239983081817627e-06,1
lsa-inspired-mnist-iid-quick-20-20261004,17,0,output,min,-0.02379971742630005,1
lsa-inspired-mnist-iid-quick-20-20261004,17,0,output,max,0.03525100648403168,1
lsa-inspired-mnist-iid-quick-20-20261004,17,0,output,l1,1.7112921996740624,1
lsa-inspired-mnist-iid-quick-20-20261004,17,0,output,l2,0.13397993921653253,1
lsa-inspired-mnist-iid-quick-20-20261004,17,0,output,max_abs,0.03525100648403168,1
lsa-inspired-mnist-iid-quick-20-20261004,17,0,output,sparsity,0.07692307692307693,1
lsa-inspired-mnist-iid-quick-20-20261004,17,0,output,skewness,2.4553924365902686,1
lsa-inspired-mnist-iid-quick-20-20261004,17,0,output,kurtosis,15.439995990301824,1
lsa-inspired-mnist-iid-quick-20-20261004,17,1,conv1,mean,0.001067510426946683,0
lsa-inspired-mnist-iid-quick-20-20261004,17,1,conv1,std,0.0017345522824991513,0
lsa-inspired-mnist-iid-quick-20-20261004,17,1,conv1,median,0.00022067874670028687,0
lsa-inspired-mnist-iid-quick-20-20261004,17,1,conv1,min,-0.0005796104669570923,0
lsa-inspired-mnist-iid-quick-20-20261004,17,1,conv1,max,0.006836622953414917,0
lsa-inspired-mnist-iid-quick-20-20261004,17,1,conv1,l1,0.18882926099468023,0
lsa-inspired-mnist-iid-quick-20-20261004,17,1,conv1,l2,0.025762764237908648,0
lsa-inspired-mnist-iid-quick-20-20261004,17,1,conv1,max_abs,0.006836622953414917,0
lsa-inspired-mnist-iid-quick-20-20261004,17,1,conv1,sparsity,0.0,0
lsa-inspired-mnist-iid-quick-20-20261004,17,1,conv1,skewness,1.5448460789900271,0
lsa-inspired-mnist-iid-quick-20-20261004,17,1,conv1,kurtosis,1.3381893751333207,0
lsa-inspired-mnist-iid-quick-20-20261004,17,1,conv2,mean,0.00010405950098990208,0
lsa-inspired-mnist-iid-quick-20-20261004,17,1,conv2,std,0.00043484054822619044,0
lsa-inspired-mnist-iid-quick-20-20261004,17,1,conv2,median,1.9572500605136156e-05,0
lsa-inspired-mnist-iid-quick-20-20261004,17,1,conv2,min,-0.0023460164666175842,0
lsa-inspired-mnist-iid-quick-20-20261004,17,1,conv2,max,0.0034526586532592773,0
lsa-inspired-mnist-iid-quick-20-20261004,17,1,conv2,l1,1.0320271798045724,0
lsa-inspired-mnist-iid-quick-20-20261004,17,1,conv2,l2,0.03045659411479811,0
lsa-inspired-mnist-iid-quick-20-20261004,17,1,conv2,max_abs,0.0034526586532592773,0
lsa-inspired-mnist-iid-quick-20-20261004,17,1,conv2,sparsity,0.0,0
lsa-inspired-mnist-iid-quick-20-20261004,17,1,conv2,skewness,2.449461247674742,0
lsa-inspired-mnist-iid-quick-20-20261004,17,1,conv2,kurtosis,14.074534544824573,0
lsa-inspired-mnist-iid-quick-20-20261004,17,1,fc1,mean,-1.914683155759141e-06,0
lsa-inspired-mnist-iid-quick-20-20261004,17,1,fc1,std,0.00022652640219014708,0
lsa-inspired-mnist-iid-quick-20-20261004,17,1,fc1,median,0.0,0
lsa-inspired-mnist-iid-quick-20-20261004,17,1,fc1,min,-0.0034733014181256294,0
lsa-inspired-mnist-iid-quick-20-20261004,17,1,fc1,max,0.0037153251469135284,0
lsa-inspired-mnist-iid-quick-20-20261004,17,1,fc1,l1,11.161999498351634,0
lsa-inspired-mnist-iid-quick-20-20261004,17,1,fc1,l2,0.07178534618479356,0
lsa-inspired-mnist-iid-quick-20-20261004,17,1,fc1,max_abs,0.0037153251469135284,0
lsa-inspired-mnist-iid-quick-20-20261004,17,1,fc1,sparsity,0.0946960643722116,0
lsa-inspired-mnist-iid-quick-20-20261004,17,1,fc1,skewness,0.3638188144719443,0
lsa-inspired-mnist-iid-quick-20-20261004,17,1,fc1,kurtosis,21.5754994217977,0
lsa-inspired-mnist-iid-quick-20-20261004,17,1,output,mean,-2.2347264278393527e-10,0
lsa-inspired-mnist-iid-quick-20-20261004,17,1,output,std,0.0014193902107890852,0
lsa-inspired-mnist-iid-quick-20-20261004,17,1,output,median,-3.91155481338501e-08,0
lsa-inspired-mnist-iid-quick-20-20261004,17,1,output,min,-0.005498126149177551,0
lsa-inspired-mnist-iid-quick-20-20261004,17,1,output,max,0.005557723343372345,0
lsa-inspired-mnist-iid-quick-20-20261004,17,1,output,l1,0.648557470733067,0
lsa-inspired-mnist-iid-quick-20-20261004,17,1,output,l2,0.03618749191108105,0
lsa-inspired-mnist-iid-quick-20-20261004,17,1,output,max_abs,0.005557723343372345,0
lsa-inspired-mnist-iid-quick-20-20261004,17,1,output,sparsity,0.06923076923076923,0
lsa-inspired-mnist-iid-quick-20-20261004,17,1,output,skewness,0.5549700307364392,0
lsa-inspired-mnist-iid-quick-20-20261004,17,1,output,kurtosis,1.598741545486904,0
lsa-inspired-mnist-iid-quick-20-20261004,17,2,conv1,mean,0.0009651912150729913,0
lsa-inspired-mnist-iid-quick-20-20261004,17,2,conv1,std,0.0016315827804187653,0
lsa-inspired-mnist-iid-quick-20-20261004,17,2,conv1,median,0.00020050257444381714,0
lsa-inspired-mnist-iid-quick-20-20261004,17,2,conv1,min,-0.0005661845207214355,0
lsa-inspired-mnist-iid-quick-20-20261004,17,2,conv1,max,0.00626102089881897,0
lsa-inspired-mnist-iid-quick-20-20261004,17,2,conv1,l1,0.17553731508087367,0
lsa-inspired-mnist-iid-quick-20-20261004,17,2,conv1,l2,0.02397884551353749,0
lsa-inspired-mnist-iid-quick-20-20261004,17,2,conv1,max_abs,0.00626102089881897,0
lsa-inspired-mnist-iid-quick-20-20261004,17,2,conv1,sparsity,0.0,0
lsa-inspired-mnist-iid-quick-20-20261004,17,2,conv1,skewness,1.5895624613112367,0
lsa-inspired-mnist-iid-quick-20-20261004,17,2,conv1,kurtosis,1.537838669646172,0
lsa-inspired-mnist-iid-quick-20-20261004,17,2,conv2,mean,7.512673685612063e-05,0
lsa-inspired-mnist-iid-quick-20-20261004,17,2,conv2,std,0.0004387791164872882,0
lsa-inspired-mnist-iid-quick-20-20261004,17,2,conv2,median,1.086643896996975e-05,0
lsa-inspired-mnist-iid-quick-20-20261004,17,2,conv2,min,-0.0027634426951408386,0
lsa-inspired-mnist-iid-quick-20-20261004,17,2,conv2,max,0.0038908421993255615,0
lsa-inspired-mnist-iid-quick-20-20261004,17,2,conv2,l1,1.0351865980301227,0
lsa-inspired-mnist-iid-quick-20-20261004,17,2,conv2,l2,0.030323490696222713,0
lsa-inspired-mnist-iid-quick-20-20261004,17,2,conv2,max_abs,0.0038908421993255615,0
lsa-inspired-mnist-iid-quick-20-20261004,17,2,conv2,sparsity,0.0,0
lsa-inspired-mnist-iid-quick-20-20261004,17,2,conv2,skewness,1.8500287216772333,0
lsa-inspired-mnist-iid-quick-20-20261004,17,2,conv2,kurtosis,15.375366750672818,0
lsa-inspired-mnist-iid-quick-20-20261004,17,2,fc1,mean,-6.495449527723128e-06,0
lsa-inspired-mnist-iid-quick-20-20261004,17,2,fc1,std,0.00029310570757834384,0
lsa-inspired-mnist-iid-quick-20-20261004,17,2,fc1,median,-2.0954757928848267e-08,0
lsa-inspired-mnist-iid-quick-20-20261004,17,2,fc1,min,-0.006262592971324921,0
lsa-inspired-mnist-iid-quick-20-20261004,17,2,fc1,max,0.004383496940135956,0
lsa-inspired-mnist-iid-quick-20-20261004,17,2,fc1,l1,13.763910094256289,0
lsa-inspired-mnist-iid-quick-20-20261004,17,2,fc1,l2,0.0929035584731585,0
lsa-inspired-mnist-iid-quick-20-20261004,17,2,fc1,max_abs,0.006262592971324921,0
lsa-inspired-mnist-iid-quick-20-20261004,17,2,fc1,sparsity,0.09053338113448056,0
lsa-inspired-mnist-iid-quick-20-20261004,17,2,fc1,skewness,-0.7596284145733707,0
lsa-inspired-mnist-iid-quick-20-20261004,17,2,fc1,kurtosis,27.847980086045308,0
lsa-inspired-mnist-iid-quick-20-20261004,17,2,output,mean,5.610770760820462e-10,0
lsa-inspired-mnist-iid-quick-20-20261004,17,2,output,std,0.0018727734027154876,0
lsa-inspired-mnist-iid-quick-20-20261004,17,2,output,median,-8.530914783477783e-07,0
lsa-inspired-mnist-iid-quick-20-20261004,17,2,output,min,-0.006309524178504944,0
lsa-inspired-mnist-iid-quick-20-20261004,17,2,output,max,0.007884114980697632,0
lsa-inspired-mnist-iid-quick-20-20261004,17,2,output,l1,0.8442474355979357,0
lsa-inspired-mnist-iid-quick-20-20261004,17,2,output,l2,0.04774654062492129,0
lsa-inspired-mnist-iid-quick-20-20261004,17,2,output,max_abs,0.007884114980697632,0
lsa-inspired-mnist-iid-quick-20-20261004,17,2,output,sparsity,0.07076923076923076,0
lsa-inspired-mnist-iid-quick-20-20261004,17,2,output,skewness,0.6193988058271308,0
lsa-inspired-mnist-iid-quick-20-20261004,17,2,output,kurtosis,1.620887655707044,0
lsa-inspired-mnist-iid-quick-20-20261004,17,3,conv1,mean,0.0010312152837286704,0
lsa-inspired-mnist-iid-quick-20-20261004,17,3,conv1,std,0.0016597292826328889,0
lsa-inspired-mnist-iid-quick-20-20261004,17,3,conv1,median,0.00018359720706939697,0
lsa-inspired-mnist-iid-quick-20-20261004,17,3,conv1,min,-0.0005107149481773376,0
lsa-inspired-mnist-iid-quick-20-20261004,17,3,conv1,max,0.006320178508758545,0
lsa-inspired-mnist-iid-quick-20-20261004,17,3,conv1,l1,0.18168945354409516,0
lsa-inspired-mnist-iid-quick-20-20261004,17,3,conv1,l2,0.024716330643603828,0
lsa-inspired-mnist-iid-quick-20-20261004,17,3,conv1,max_abs,0.006320178508758545,0
lsa-inspired-mnist-iid-quick-20-20261004,17,3,conv1,sparsity,0.0,0
lsa-inspired-mnist-iid-quick-20-20261004,17,3,conv1,skewness,1.5477793625532783,0
lsa-inspired-mnist-iid-quick-20-20261004,17,3,conv1,kurtosis,1.3682675344445103,0
lsa-inspired-mnist-iid-quick-20-20261004,17,3,conv2,mean,8.341244293417512e-05,0
lsa-inspired-mnist-iid-quick-20-20261004,17,3,conv2,std,0.00044777830349655137,0
lsa-inspired-mnist-iid-quick-20-20261004,17,3,conv2,median,8.014962077140808e-06,0
lsa-inspired-mnist-iid-quick-20-20261004,17,3,conv2,min,-0.0029623210430145264,0
lsa-inspired-mnist-iid-quick-20-20261004,17,3,conv2,max,0.0040100812911987305,0
lsa-inspired-mnist-iid-quick-20-20261004,17,3,conv2,l1,1.0495652639056061,0
lsa-inspired-mnist-iid-quick-20-20261004,17,3,conv2,l2,0.031026255453951008,0
lsa-inspired-mnist-iid-quick-20-20261004,17,3,conv2,max_abs,0.0040100812911987305,0
lsa-inspired-mnist-iid-quick-20-20261004,17,3,conv2,sparsity,0.00021551724137931034,0
lsa-inspired-mnist-iid-quick-20-20261004,17,3,conv2,skewness,1.9860520837608895,0
lsa-inspired-mnist-iid-quick-20-20261004,17,3,conv2,kurtosis,13.950513013576483,0
lsa-inspired-mnist-iid-quick-20-20261004,17,3,fc1,mean,-3.570253263344553e-06,0
lsa-inspired-mnist-iid-quick-20-20261004,17,3,fc1,std,0.0002795859126348776,0
lsa-inspired-mnist-iid-quick-20-20261004,17,3,fc1,median,0.0,0
lsa-inspired-mnist-iid-quick-20-20261004,17,3,fc1,min,-0.005475591868162155,0
lsa-inspired-mnist-iid-quick-20-20261004,17,3,fc1,max,0.0052275750786066055,0
lsa-inspired-mnist-iid-quick-20-20261004,17,3,fc1,l1,12.822253657044484,0
lsa-inspired-mnist-iid-quick-20-20261004,17,3,fc1,l2,0.08860375970235752,0
lsa-inspired-mnist-iid-quick-20-20261004,17,3,fc1,max_abs,0.005475591868162155,0
lsa-inspired-mnist-iid-quick-20-20261004,17,3,fc1,sparsity,0.10291188655194392,0
lsa-inspired-mnist-iid-quick-20-20261004,17,3,fc1,skewness,-0.5079109479798399,0
lsa-inspired-mnist-iid-quick-20-20261004,17,3,fc1,kurtosis,33.475187872167076,0
lsa-inspired-mnist-iid-quick-20-20261004,17,3,output,mean,-9.787842058218443e-11,0
lsa-inspired-mnist-iid-quick-20-20261004,17,3,output,std,0.0017398940655728391,0
lsa-inspired-mnist-iid-quick-20-20261004,17,3,output,median,-8.381903171539307e-09,0
lsa-inspired-mnist-iid-quick-20-20261004,17,3,output,min,-0.007252424955368042,0
lsa-inspired-mnist-iid-quick-20-20261004,17,3,output,max,0.006819054484367371,0
lsa-inspired-mnist-iid-quick-20-20261004,17,3,output,l1,0.7713092287885956,0
lsa-inspired-mnist-iid-quick-20-20261004,17,3,output,l2,0.04435876895970103,0
lsa-inspired-mnist-iid-quick-20-20261004,17,3,output,max_abs,0.007252424955368042,0
lsa-inspired-mnist-iid-quick-20-20261004,17,3,output,sparsity,0.08153846153846153,0
lsa-inspired-mnist-iid-quick-20-20261004,17,3,output,skewness,0.08149155633979717,0
lsa-inspired-mnist-iid-quick-20-20261004,17,3,output,kurtosis,1.9345602912157362,0
lsa-inspired-mnist-iid-quick-20-20261004,17,4,conv1,mean,0.0011268226153333671,0
lsa-inspired-mnist-iid-quick-20-20261004,17,4,conv1,std,0.0018214388447267272,0
lsa-inspired-mnist-iid-quick-20-20261004,17,4,conv1,median,0.00019513815641403198,0
lsa-inspired-mnist-iid-quick-20-20261004,17,4,conv1,min,-0.0006996244192123413,0
lsa-inspired-mnist-iid-quick-20-20261004,17,4,conv1,max,0.007201343774795532,0
lsa-inspired-mnist-iid-quick-20-20261004,17,4,conv1,l1,0.19580657384358346,0
lsa-inspired-mnist-iid-quick-20-20261004,17,4,conv1,l2,0.02709204657165985,0
lsa-inspired-mnist-iid-quick-20-20261004,17,4,conv1,max_abs,0.007201343774795532,0
lsa-inspired-mnist-iid-quick-20-20261004,17,4,conv1,sparsity,0.0,0
lsa-inspired-mnist-iid-quick-20-20261004,17,4,conv1,skewness,1.5696806907553482,0
lsa-inspired-mnist-iid-quick-20-20261004,17,4,conv1,kurtosis,1.4073104728396082,0
lsa-inspired-mnist-iid-quick-20-20261004,17,4,conv2,mean,8.52263238106514e-05,0
lsa-inspired-mnist-iid-quick-20-20261004,17,4,conv2,std,0.0004633580430769328,0
lsa-inspired-mnist-iid-quick-20-20261004,17,4,conv2,median,7.18235969543457e-06,0
lsa-inspired-mnist-iid-quick-20-20261004,17,4,conv2,min,-0.00243985652923584,0
lsa-inspired-mnist-iid-quick-20-20261004,17,4,conv2,max,0.005042329430580139,0
lsa-inspired-mnist-iid-quick-20-20261004,17,4,conv2,l1,1.0512867330180597,0
lsa-inspired-mnist-iid-quick-20-20261004,17,4,conv2,l2,0.03209227163857746,0
lsa-inspired-mnist-iid-quick-20-20261004,17,4,conv2,max_abs,0.005042329430580139,0
lsa-inspired-mnist-iid-quick-20-20261004,17,4,conv2,sparsity,0.0,0
lsa-inspired-mnist-iid-quick-20-20261004,17,4,conv2,skewness,3.020451477010606,0
lsa-inspired-mnist-iid-quick-20-20261004,17,4,conv2,kurtosis,20.41174293400998,0
lsa-inspired-mnist-iid-quick-20-20261004,17,4,fc1,mean,-2.47126726703567e-06,0
lsa-inspired-mnist-iid-quick-20-20261004,17,4,fc1,std,0.0002645032856560568,0
lsa-inspired-mnist-iid-quick-20-20261004,17,4,fc1,median,0.0,0
lsa-inspired-mnist-iid-quick-20-20261004,17,4,fc1,min,-0.0044804830104112625,0
lsa-inspired-mnist-iid-quick-20-20261004,17,4,fc1,max,0.004567496478557587,0
lsa-inspired-mnist-iid-quick-20-20261004,17,4,fc1,l1,12.54841311639484,0
lsa-inspired-mnist-iid-quick-20-20261004,17,4,fc1,l2,0.08382073881870719,0
lsa-inspired-mnist-iid-quick-20-20261004,17,4,fc1,max_abs,0.004567496478557587,0
lsa-inspired-mnist-iid-quick-20-20261004,17,4,fc1,sparsity,0.09150932122370938,0
lsa-inspired-mnist-iid-quick-20-20261004,17,4,fc1,skewness,0.09183541750009301,0
lsa-inspired-mnist-iid-quick-20-20261004,17,4,fc1,kurtosis,27.630741164826123,0
lsa-inspired-mnist-iid-quick-20-20261004,17,4,output,mean,3.801855760125014e-10,0
lsa-inspired-mnist-iid-quick-20-20261004,17,4,output,std,0.0018986596810810427,0
lsa-inspired-mnist-iid-quick-20-20261004,17,4,output,median,0.0,0
lsa-inspired-mnist-iid-quick-20-20261004,17,4,output,min,-0.006054629106074572,0
lsa-inspired-mnist-iid-quick-20-20261004,17,4,output,max,0.006107151508331299,0
lsa-inspired-mnist-iid-quick-20-20261004,17,4,output,l1,0.8948326498793904,0
lsa-inspired-mnist-iid-quick-20-20261004,17,4,output,l2,0.048406513817521424,0
lsa-inspired-mnist-iid-quick-20-20261004,17,4,output,max_abs,0.006107151508331299,0
lsa-inspired-mnist-iid-quick-20-20261004,17,4,output,sparsity,0.07230769230769231,0
lsa-inspired-mnist-iid-quick-20-20261004,17,4,output,skewness,0.09677326236930736,0
lsa-inspired-mnist-iid-quick-20-20261004,17,4,output,kurtosis,0.7110923398496207,0
lsa-inspired-mnist-iid-quick-20-20261004,18,0,conv1,mean,0.0009262553277949337,1
lsa-inspired-mnist-iid-quick-20-20261004,18,0,conv1,std,0.0015152055034640172,1
lsa-inspired-mnist-iid-quick-20-20261004,18,0,conv1,median,0.00016551092267036438,1
lsa-inspired-mnist-iid-quick-20-20261004,18,0,conv1,min,-0.0005078762769699097,1
lsa-inspired-mnist-iid-quick-20-20261004,18,0,conv1,max,0.005937337875366211,1
lsa-inspired-mnist-iid-quick-20-20261004,18,0,conv1,l1,0.1641101756831631,1
lsa-inspired-mnist-iid-quick-20-20261004,18,0,conv1,l2,0.02246346954500536,1
lsa-inspired-mnist-iid-quick-20-20261004,18,0,conv1,max_abs,0.005937337875366211,1
lsa-inspired-mnist-iid-quick-20-20261004,18,0,conv1,sparsity,0.0,1
lsa-inspired-mnist-iid-quick-20-20261004,18,0,conv1,skewness,1.5614010347996732,1
lsa-inspired-mnist-iid-quick-20-20261004,18,0,conv1,kurtosis,1.4088108490788311,1
lsa-inspired-mnist-iid-quick-20-20261004,18,0,conv2,mean,7.272820457964027e-05,1
lsa-inspired-mnist-iid-quick-20-20261004,18,0,conv2,std,0.0003858074144622721,1
lsa-inspired-mnist-iid-quick-20-20261004,18,0,conv2,median,1.081172376871109e-05,1
lsa-inspired-mnist-iid-quick-20-20261004,18,0,conv2,min,-0.0025596097111701965,1
lsa-inspired-mnist-iid-quick-20-20261004,18,0,conv2,max,0.0034100040793418884,1
lsa-inspired-mnist-iid-quick-20-20261004,18,0,conv2,l1,0.9010845123157196,1
lsa-inspired-mnist-iid-quick-20-20261004,18,0,conv2,l2,0.026743121227165094,1
lsa-inspired-mnist-iid-quick-20-20261004,18,0,conv2,max_abs,0.0034100040793418884,1
lsa-inspired-mnist-iid-quick-20-20261004,18,0,conv2,sparsity,0.00021551724137931034,1
lsa-inspired-mnist-iid-quick-20-20261004,18,0,conv2,skewness,2.035890929368821,1
lsa-inspired-mnist-iid-quick-20-20261004,18,0,conv2,kurtosis,15.319473781025906,1
lsa-inspired-mnist-iid-quick-20-20261004,18,0,fc1,mean,-4.67871618373116e-06,1
lsa-inspired-mnist-iid-quick-20-20261004,18,0,fc1,std,0.00015952860376861514,1
lsa-inspired-mnist-iid-quick-20-20261004,18,0,fc1,median,-2.8742942959070206e-07,1
lsa-inspired-mnist-iid-quick-20-20261004,18,0,fc1,min,-0.0030241981148719788,1
lsa-inspired-mnist-iid-quick-20-20261004,18,0,fc1,max,0.0021274611353874207,1
lsa-inspired-mnist-iid-quick-20-20261004,18,0,fc1,l1,7.891562913316193,1
lsa-inspired-mnist-iid-quick-20-20261004,18,0,fc1,l2,0.05057393228852445,1
lsa-inspired-mnist-iid-quick-20-20261004,18,0,fc1,max_abs,0.0030241981148719788,1
lsa-inspired-mnist-iid-quick-20-20261004,18,0,fc1,sparsity,0.0611954270235819,1
lsa-inspired-mnist-iid-quick-20-20261004,18,0,fc1,skewness,-0.3057885292720979,1
lsa-inspired-mnist-iid-quick-20-20261004,18,0,fc1,kurtosis,21.965490450958946,1
lsa-inspired-mnist-iid-quick-20-20261004,18,0,output,mean,-1.261762988108855e-10,1
lsa-inspired-mnist-iid-quick-20-20261004,18,0,output,std,0.005371277627509963,1
lsa-inspired-mnist-iid-quick-20-20261004,18,0,output,median,-8.828938007354736e-07,1
lsa-inspired-mnist-iid-quick-20-20261004,18,0,output,min,-0.023488134145736694,1
lsa-inspired-mnist-iid-quick-20-20261004,18,0,output,max,0.03595232963562012,1
lsa-inspired-mnist-iid-quick-20-20261004,18,0,output,l1,1.7423648886033334,1
lsa-inspired-mnist-iid-quick-20-20261004,18,0,output,l2,0.13694124717798833,1
lsa-inspired-mnist-iid-quick-20-20261004,18,0,output,max_abs,0.03595232963562012,1
lsa-inspired-mnist-iid-quick-20-20261004,18,0,output,sparsity,0.08307692307692308,1
lsa-inspired-mnist-iid-quick-20-20261004,18,0,output,skewness,2.5627100579027657,1
lsa-inspired-mnist-iid-quick-20-20261004,18,0,output,kurtosis,15.719802880759435,1
lsa-inspired-mnist-iid-quick-20-20261004,18,1,conv1,mean,0.0009438995082746259,0
lsa-inspired-mnist-iid-quick-20-20261004,18,1,conv1,std,0.001547364012671026,0
lsa-inspired-mnist-iid-quick-20-20261004,18,1,conv1,median,0.0001807957887649536,0
lsa-inspired-mnist-iid-quick-20-20261004,18,1,conv1,min,-0.0005603581666946411,0
lsa-inspired-mnist-iid-quick-20-20261004,18,1,conv1,max,0.006144106388092041,0
lsa-inspired-mnist-iid-quick-20-20261004,18,1,conv1,l1,0.16818291530944407,0
lsa-inspired-mnist-iid-quick-20-20261004,18,1,conv1,l2,0.022926950671837577,0
lsa-inspired-mnist-iid-quick-20-20261004,18,1,conv1,max_abs,0.006144106388092041,0
lsa-inspired-mnist-iid-quick-20-20261004,18,1,conv1,sparsity,0.0,0
lsa-inspired-mnist-iid-quick-20-20261004,18,1,conv1,skewness,1.5595477526731412,0
lsa-inspired-mnist-iid-quick-20-20261004,18,1,conv1,kurtosis,1.4249466842650245,0
lsa-inspired-mnist-iid-quick-20-20261004,18,1,conv2,mean,9.07861054891892e-05,0
lsa-inspired-mnist-iid-quick-20-20261004,18,1,conv2,std,0.00039387757009673127,0
lsa-inspired-mnist-iid-quick-20-20261004,18,1,conv2,median,1.882202923297882e-05,0
lsa-inspired-mnist-iid-quick-20-20261004,18,1,conv2,min,-0.002277769148349762,0
lsa-inspired-mnist-iid-quick-20-20261004,18,1,conv2,max,0.0030079036951065063,0
lsa-inspired-mnist-iid-quick-20-20261004,18,1,conv2,l1,0.9459545471108868,0
lsa-inspired-mnist-iid-quick-20-20261004,18,1,conv2,l2,0.027533450370284623,0
lsa-inspired-mnist-iid-quick-20-20261004,18,1,conv2,max_abs,0.0030079036951065063,0
lsa-inspired-mnist-iid-quick-20-20261004,18,1,conv2,sparsity,0.0,0
lsa-inspired-mnist-iid-quick-20-20261004,18,1,conv2,skewness,2.184564349813903,0
lsa-inspired-mnist-iid-quick-20-20261004,18,1,conv2,kurtosis,13.352727322776623,0
lsa-inspired-mnist-iid-quick-20-20261004,18,1,fc1,mean,-3.8042877482718147e-06,0
lsa-inspired-mnist-iid-quick-20-20261004,18,1,fc1,std,0.00021788075839890162,0
lsa-inspired-mnist-iid-quick-20-20261004,18,1,fc1,median,-2.7939677238464355e-09,0
lsa-inspired-mnist-iid-quick-20-20261004,18,1,fc1,min,-0.0031168456189334393,0
lsa-inspired-mnist-iid-quick-20-20261004,18,1,fc1,max,0.003483802080154419,0
lsa-inspired-mnist-iid-quick-20-20261004,18,1,fc1,l1,10.768116281826451,0
lsa-inspired-mnist-iid-quick-20-20261004,18,1,fc1,l2,0.06905363228338747,0
lsa-inspired-mnist-iid-quick-20-20261004,18,1,fc1,max_abs,0.003483802080154419,0
lsa-inspired-mnist-iid-quick-20-20261004,18,1,fc1,sparsity,0.09403879859783301,0
lsa-inspired-mnist-iid-quick-20-20261004,18,1,fc1,skewness,0.2604719167696412,0
lsa-inspired-mnist-iid-quick-20-20261004,18,1,fc1,kurtosis,21.052655001867272,0
lsa-inspired-mnist-iid-quick-20-20261004,18,1,output,mean,1.3853423297405242e-10,0
lsa-inspired-mnist-iid-quick-20-20261004,18,1,output,std,0.0013523902903879344,0
lsa-inspired-mnist-iid-quick-20-20261004,18,1,output,median,-6.705522537231445e-08,0
lsa-inspired-mnist-iid-quick-20-20261004,18,1,output,min,-0.00488494336605072,0
lsa-inspired-mnist-iid-quick-20-20261004,18,1,output,max,0.00527549535036087,0
lsa-inspired-mnist-iid-quick-20-20261004,18,1,output,l1,0.6152310835313983,0
lsa-inspired-mnist-iid-quick-20-20261004,18,1,output,l2,0.034479322403407626,0
lsa-inspired-mnist-iid-quick-20-20261004,18,1,output,max_abs,0.00527549535036087,0
lsa-inspired-mnist-iid-quick-20-20261004,18,1,output,sparsity,0.07538461538461538,0
lsa-inspired-mnist-iid-quick-20-20261004,18,1,output,skewness,0.49358158159884064,0
lsa-inspired-mnist-iid-quick-20-20261004,18,1,output,kurtosis,1.5047531999850072,0
lsa-inspired-mnist-iid-quick-20-20261004,18,2,conv1,mean,0.0008392271476623137,0
lsa-inspired-mnist-iid-quick-20-20261004,18,2,conv1,std,0.0014398245021935289,0
lsa-inspired-mnist-iid-quick-20-20261004,18,2,conv1,median,0.00015339627861976624,0
lsa-inspired-mnist-iid-quick-20-20261004,18,2,conv1,min,-0.0005541294813156128,0
lsa-inspired-mnist-iid-quick-20-20261004,18,2,conv1,max,0.005537688732147217,0
lsa-inspired-mnist-iid-quick-20-20261004,18,2,conv1,l1,0.15471504523884505,0
lsa-inspired-mnist-iid-quick-20-20261004,18,2,conv1,l2,0.021080405318647043,0
lsa-inspired-mnist-iid-quick-20-20261004,18,2,conv1,max_abs,0.005537688732147217,0
lsa-inspired-mnist-iid-quick-20-20261004,18,2,conv1,sparsity,0.0,0
lsa-inspired-mnist-iid-quick-20-20261004,18,2,conv1,skewness,1.6048974027971585,0
lsa-inspired-mnist-iid-quick-20-20261004,18,2,conv1,kurtosis,1.6445375527918253,0
lsa-inspired-mnist-iid-quick-20-20261004,18,2,conv2,mean,5.8416073578224186e-05,0
lsa-inspired-mnist-iid-quick-20-20261004,18,2,conv2,std,0.00039975831516676145,0
lsa-inspired-mnist-iid-quick-20-20261004,18,2,conv2,median,8.80751758813858e-06,0
lsa-inspired-mnist-iid-quick-20-20261004,18,2,conv2,min,-0.002788923680782318,0
lsa-inspired-mnist-iid-quick-20-20261004,18,2,conv2,max,0.0033945590257644653,0
lsa-inspired-mnist-iid-quick-20-20261004,18,2,conv2,l1,0.9520441869390197,0
lsa-inspired-mnist-iid-quick-20-20261004,18,2,conv2,l2,0.02751975377134226,0
lsa-inspired-mnist-iid-quick-20-20261004,18,2,conv2,max_abs,0.0033945590257644653,0
lsa-inspired-mnist-iid-quick-20-20261004,18,2,conv2,sparsity,0.0,0
lsa-inspired-mnist-iid-quick-20-20261004,18,2,conv2,skewness,1.3563034731066854,0
lsa-inspired-mnist-iid-quick-20-20261004,18,2,conv2,kurtosis,14.776534759729287,0
lsa-inspired-mnist-iid-quick-20-20261004,18,2,fc1,mean,-8.07388668939642e-06,0
lsa-inspired-mnist-iid-quick-20-20261004,18,2,fc1,std,0.00028049104839713917,0
lsa-inspired-mnist-iid-quick-20-20261004,18,2,fc1,median,-2.60770320892334e-08,0
lsa-inspired-mnist-iid-quick-20-20261004,18,2,fc1,min,-0.005751743912696838,0
lsa-inspired-mnist-iid-quick-20-20261004,18,2,fc1,max,0.004106998443603516,0
lsa-inspired-mnist-iid-quick-20-20261004,18,2,fc1,l1,13.18913466664435,0
lsa-inspired-mnist-iid-quick-20-20261004,18,2,fc1,l2,0.08892017544249933,0
lsa-inspired-mnist-iid-quick-20-20261004,18,2,fc1,max_abs,0.005751743912696838,0
lsa-inspired-mnist-iid-quick-20-20261004,18,2,fc1,sparsity,0.09123048119821542,0
lsa-inspired-mnist-iid-quick-20-20261004,18,2,fc1,skewness,-0.8709009126419727,0
lsa-inspired-mnist-iid-quick-20-20261004,18,2,fc1,kurtosis,27.346684931113263,0
lsa-inspired-mnist-iid-quick-20-20261004,18,2,output,mean,6.349112551945906e-11,0
lsa-inspired-mnist-iid-quick-20-20261004,18,2,output,std,0.0017841071478445773,0
lsa-inspired-mnist-iid-quick-20-20261004,18,2,output,median,-1.898501068353653e-06,0
lsa-inspired-mnist-iid-quick-20-20261004,18,2,output,min,-0.005933940410614014,0
lsa-inspired-mnist-iid-quick-20-20261004,18,2,output,max,0.007488369941711426,0
lsa-inspired-mnist-iid-quick-20-20261004,18,2,output,l1,0.8053437459166162,0
lsa-inspired-mnist-iid-quick-20-20261004,18,2,output,l2,0.045485985805999364,0
lsa-inspired-mnist-iid-quick-20-20261004,18,2,output,max_abs,0.007488369941711426,0
lsa-inspired-mnist-iid-quick-20-20261004,18,2,output,sparsity,0.07230769230769231,0
lsa-inspired-mnist-iid-quick-20-20261004,18,2,output,skewness,0.6135433722115614,0
lsa-inspired-mnist-iid-quick-20-20261004,18,2,output,kurtosis,1.581606646988237,0
lsa-inspired-mnist-iid-quick-20-20261004,18,3,conv1,mean,0.0009163667680695653,0
lsa-inspired-mnist-iid-quick-20-20261004,18,3,conv1,std,0.0014835001489976788,0
lsa-inspired-mnist-iid-quick-20-20261004,18,3,conv1,median,0.0001681894063949585,0
lsa-inspired-mnist-iid-quick-20-20261004,18,3,conv1,min,-0.0005019605159759521,0
lsa-inspired-mnist-iid-quick-20-20261004,18,3,conv1,max,0.005617409944534302,0
lsa-inspired-mnist-iid-quick-20-20261004,18,3,conv1,l1,0.16244006715714931,0
lsa-inspired-mnist-iid-quick-20-20261004,18,3,conv1,l2,0.022056294324109462,0
lsa-inspired-mnist-iid-quick-20-20261004,18,3,conv1,max_abs,0.005617409944534302,0
lsa-inspired-mnist-iid-quick-20-20261004,18,3,conv1,sparsity,0.0,0
lsa-inspired-mnist-iid-quick-20-20261004,18,3,conv1,skewness,1.5554182726735961,0
lsa-inspired-mnist-iid-quick-20-20261004,18,3,conv1,kurtosis,1.4247691316209785,0
lsa-inspired-mnist-iid-quick-20-20261004,18,3,conv2,mean,6.992003382194902e-05,0
lsa-inspired-mnist-iid-quick-20-20261004,18,3,conv2,std,0.00040999767873502397,0
lsa-inspired-mnist-iid-quick-20-20261004,18,3,conv2,median,8.13603401184082e-06,0
lsa-inspired-mnist-iid-quick-20-20261004,18,3,conv2,min,-0.0028255730867385864,0
lsa-inspired-mnist-iid-quick-20-20261004,18,3,conv2,max,0.0036591216921806335,0
lsa-inspired-mnist-iid-quick-20-20261004,18,3,conv2,l1,0.9689976793233654,0
lsa-inspired-mnist-iid-quick-20-20261004,18,3,conv2,l2,0.028331241619767654,0
lsa-inspired-mnist-iid-quick-20-20261004,18,3,conv2,max_abs,0.0036591216921806335,0
lsa-inspired-mnist-iid-quick-20-20261004,18,3,conv2,sparsity,0.0,0
lsa-inspired-mnist-iid-quick-20-20261004,18,3,conv2,skewness,1.7076020416622042,0
lsa-inspired-mnist-iid-quick-20-20261004,18,3,conv2,kurtosis,13.411201655773077,0
lsa-inspired-mnist-iid-quick-20-20261004,18,3,fc1,mean,-3.7527577971194613e-06,0
lsa-inspired-mnist-iid-quick-20-20261004,18,3,fc1,std,0.00027380741613887877,0
lsa-inspired-mnist-iid-quick-20-20261004,18,3,fc1,median,0.0,0
lsa-inspired-mnist-iid-quick-20-20261004,18,3,fc1,min,-0.005316900089383125,0
lsa-inspired-mnist-iid-quick-20-20261004,18,3,fc1,max,0.004831945523619652,0
lsa-inspired-mnist-iid-quick-20-20261004,18,3,fc1,l1,12.526528485662311,0
lsa-inspired-mnist-iid-quick-20-20261004,18,3,fc1,l2,0.08677356751598939,0
lsa-inspired-mnist-iid-quick-20-20261004,18,3,fc1,max_abs,0.005316900089383125,0
lsa-inspired-mnist-iid-quick-20-20261004,18,3,fc1,sparsity,0.10214507648183556,0
lsa-inspired-mnist-iid-quick-20-20261004,18,3,fc1,skewness,-0.4738901807043086,0
lsa-inspired-mnist-iid-quick-20-20261004,18,3,fc1,kurtosis,33.652635314862884,0
lsa-inspired-mnist-iid-quick-20-20261004,18,3,output,mean,3.5032056845151463e-10,0
lsa-inspired-mnist-iid-quick-20-20261004,18,3,output,std,0.0016913080396693404,0
lsa-inspired-mnist-iid-quick-20-20261004,18,3,output,median,0.0,0
lsa-inspired-mnist-iid-quick-20-20261004,18,3,output,min,-0.007506214082241058,0
lsa-inspired-mnist-iid-quick-20-20261004,18,3,output,max,0.007084891200065613,0
lsa-inspired-mnist-iid-quick-20-20261004,18,3,output,l1,0.7410268811509013,0
lsa-inspired-mnist-iid-quick-20-20261004,18,3,output,l2,0.043120063488852556,0
lsa-inspired-mnist-iid-quick-20-20261004,18,3,output,max_abs,0.007506214082241058,0
lsa-inspired-mnist-iid-quick-20-20261004,18,3,output,sparsity,0.09384615384615384,0
lsa-inspired-mnist-iid-quick-20-20261004,18,3,output,skewness,0.09927690505840689,0
lsa-inspired-mnist-iid-quick-20-20261004,18,3,output,kurtosis,2.4047980340976878,0
lsa-inspired-mnist-iid-quick-20-20261004,18,4,conv1,mean,0.0010055279482912738,0
lsa-inspired-mnist-iid-quick-20-20261004,18,4,conv1,std,0.0016302249861129886,0
lsa-inspired-mnist-iid-quick-20-20261004,18,4,conv1,median,0.00018275901675224304,0
lsa-inspired-mnist-iid-quick-20-20261004,18,4,conv1,min,-0.0006235241889953613,0
lsa-inspired-mnist-iid-quick-20-20261004,18,4,conv1,max,0.006450176239013672,0
lsa-inspired-mnist-iid-quick-20-20261004,18,4,conv1,l1,0.1756059842882678,0
lsa-inspired-mnist-iid-quick-20-20261004,18,4,conv1,l2,0.024227983688757764,0
lsa-inspired-mnist-iid-quick-20-20261004,18,4,conv1,max_abs,0.006450176239013672,0
lsa-inspired-mnist-iid-quick-20-20261004,18,4,conv1,sparsity,0.0,0
lsa-inspired-mnist-iid-quick-20-20261004,18,4,conv1,skewness,1.5807982958285223,0
lsa-inspired-mnist-iid-quick-20-20261004,18,4,conv1,kurtosis,1.4665614561376863,0
lsa-inspired-mnist-iid-quick-20-20261004,18,4,conv2,mean,7.17905789589826e-05,0
lsa-inspired-mnist-iid-quick-20-20261004,18,4,conv2,std,0.0004214897572924989,0
lsa-inspired-mnist-iid-quick-20-20261004,18,4,conv2,median,4.991888999938965e-06,0
lsa-inspired-mnist-iid-quick-20-20261004,18,4,conv2,min,-0.0023620054125785828,0
lsa-inspired-mnist-iid-quick-20-20261004,18,4,conv2,max,0.004581354558467865,0
lsa-inspired-mnist-iid-quick-20-20261004,18,4,conv2,l1,0.9667960930419213,0
lsa-inspired-mnist-iid-quick-20-20261004,18,4,conv2,l2,0.029124333686216166,0
lsa-inspired-mnist-iid-quick-20-20261004,18,4,conv2,max_abs,0.004581354558467865,0
lsa-inspired-mnist-iid-quick-20-20261004,18,4,conv2,sparsity,0.00021551724137931034,0
lsa-inspired-mnist-iid-quick-20-20261004,18,4,conv2,skewness,2.8123630109140527,0
lsa-inspired-mnist-iid-quick-20-20261004,18,4,conv2,kurtosis,19.780211334471854,0
lsa-inspired-mnist-iid-quick-20-20261004,18,4,fc1,mean,-3.083927218836729e-06,0
lsa-inspired-mnist-iid-quick-20-20261004,18,4,fc1,std,0.00025408600105927495,0
lsa-inspired-mnist-iid-quick-20-20261004,18,4,fc1,median,0.0,0
lsa-inspired-mnist-iid-quick-20-20261004,18,4,fc1,min,-0.004625100642442703,0
lsa-inspired-mnist-iid-quick-20-20261004,18,4,fc1,max,0.004372887313365936,0
lsa-inspired-mnist-iid-quick-20-20261004,18,4,fc1,l1,12.089286321141572,0
lsa-inspired-mnist-iid-quick-20-20261004,18,4,fc1,l2,0.08052193144764792,0
lsa-inspired-mnist-iid-quick-20-20261004,18,4,fc1,max_abs,0.004625100642442703,0
lsa-inspired-mnist-iid-quick-20-20261004,18,4,fc1,sparsity,0.10353927660930529,0
lsa-inspired-mnist-iid-quick-20-20261004,18,4,fc1,skewness,0.11228148627234899,0
lsa-inspired-mnist-iid-quick-20-20261004,18,4,fc1,kurtosis,26.96200880071183,0
lsa-inspired-mnist-iid-quick-20-20261004,18,4,output,mean,1.0544541650093519e-10,0
lsa-inspired-mnist-iid-quick-20-20261004,18,4,output,std,0.0017940375816551184,0
lsa-inspired-mnist-iid-quick-20-20261004,18,4,output,median,0.0,0
lsa-inspired-mnist-iid-quick-20-20261004,18,4,output,min,-0.005669468082487583,0
lsa-inspired-mnist-iid-quick-20-20261004,18,4,output,max,0.005783647298812866,0
lsa-inspired-mnist-iid-quick-20-20261004,18,4,output,l1,0.8483861083223019,0
lsa-inspired-mnist-iid-quick-20-20261004,18,4,output,l2,0.045739163184891365,0
lsa-inspired-mnist-iid-quick-20-20261004,18,4,output,max_abs,0.005783647298812866,0
lsa-inspired-mnist-iid-quick-20-20261004,18,4,output,sparsity,0.08615384615384615,0
lsa-inspired-mnist-iid-quick-20-20261004,18,4,output,skewness,0.07416295076503508,0
lsa-inspired-mnist-iid-quick-20-20261004,18,4,output,kurtosis,0.6352536666322619,0
lsa-inspired-mnist-iid-quick-20-20261004,19,0,conv1,mean,0.0008288197823276278,1
lsa-inspired-mnist-iid-quick-20-20261004,19,0,conv1,std,0.0013620403222005615,1
lsa-inspired-mnist-iid-quick-20-20261004,19,0,conv1,median,0.00014707818627357483,1
lsa-inspired-mnist-iid-quick-20-20261004,19,0,conv1,min,-0.00045925378799438477,1
lsa-inspired-mnist-iid-quick-20-20261004,19,0,conv1,max,0.005360722541809082,1
lsa-inspired-mnist-iid-quick-20-20261004,19,0,conv1,l1,0.14771267084870487,1
lsa-inspired-mnist-iid-quick-20-20261004,19,0,conv1,l2,0.020167681357569394,1
lsa-inspired-mnist-iid-quick-20-20261004,19,0,conv1,max_abs,0.005360722541809082,1
lsa-inspired-mnist-iid-quick-20-20261004,19,0,conv1,sparsity,0.0,1
lsa-inspired-mnist-iid-quick-20-20261004,19,0,conv1,skewness,1.5722619644114877,1
lsa-inspired-mnist-iid-quick-20-20261004,19,0,conv1,kurtosis,1.48183325143909,1
lsa-inspired-mnist-iid-quick-20-20261004,19,0,conv2,mean,6.080795739041511e-05,1
lsa-inspired-mnist-iid-quick-20-20261004,19,0,conv2,std,0.0003524822949246665,1
lsa-inspired-mnist-iid-quick-20-20261004,19,0,conv2,median,9.05059278011322e-06,1
lsa-inspired-mnist-iid-quick-20-20261004,19,0,conv2,min,-0.0024841129779815674,1
lsa-inspired-mnist-iid-quick-20-20261004,19,0,conv2,max,0.0029904544353485107,1
lsa-inspired-mnist-iid-quick-20-20261004,19,0,conv2,l1,0.8299166272117873,1
lsa-inspired-mnist-iid-quick-20-20261004,19,0,conv2,l2,0.02436489245321069,1
lsa-inspired-mnist-iid-quick-20-20261004,19,0,conv2,max_abs,0.0029904544353485107,1
lsa-inspired-mnist-iid-quick-20-20261004,19,0,conv2,sparsity,0.0,1
lsa-inspired-mnist-iid-quick-20-20261004,19,0,conv2,skewness,1.7026540760785251,1
lsa-inspired-mnist-iid-quick-20-20261004,19,0,conv2,kurtosis,14.614699358477157,1
lsa-inspired-mnist-iid-quick-20-20261004,19,0,fc1,mean,-5.772946319397697e-06,1
lsa-inspired-mnist-iid-quick-20-20261004,19,0,fc1,std,0.00014811691188022026,1
lsa-inspired-mnist-iid-quick-20-20261004,19,0,fc1,median,-3.1455419957637787e-07,1
lsa-inspired-mnist-iid-quick-20-20261004,19,0,fc1,min,-0.002928275614976883,1
lsa-inspired-mnist-iid-quick-20-20261004,19,0,fc1,max,0.0019290298223495483,1
lsa-inspired-mnist-iid-quick-20-20261004,19,0,fc1,l1,7.358297641048921,1
lsa-inspired-mnist-iid-quick-20-20261004,19,0,fc1,l2,0.046971640158243566,1
lsa-inspired-mnist-iid-quick-20-20261004,19,0,fc1,max_abs,0.002928275614976883,1
lsa-inspired-mnist-iid-quick-20-20261004,19,0,fc1,sparsity,0.061972195666029316,1
lsa-inspired-mnist-iid-quick-20-20261004,19,0,fc1,skewness,-0.386161424027398,1
lsa-inspired-mnist-iid-quick-20-20261004,19,0,fc1,kurtosis,21.643294901606403,1
lsa-inspired-mnist-iid-quick-20-20261004,19,0,output,mean,1.6692166145031268e-10,1
lsa-inspired-mnist-iid-quick-20-20261004,19,0,output,std,0.00549533940527434,1
lsa-inspired-mnist-iid-quick-20-20261004,19,0,output,median,-7.543712854385376e-07,1
lsa-inspired-mnist-iid-quick-20-20261004,19,0,output,min,-0.023331373929977417,1
lsa-inspired-mnist-iid-quick-20-20261004,19,0,output,max,0.03666713088750839,1
lsa-inspired-mnist-iid-quick-20-20261004,19,0,output,l1,1.782760909292847,1
lsa-inspired-mnist-iid-quick-20-20261004,19,0,output,l2,0.1401042143065462,1
lsa-inspired-mnist-iid-quick-20-20261004,19,0,output,max_abs,0.03666713088750839,1
lsa-inspired-mnist-iid-quick-20-20261004,19,0,output,sparsity,0.09384615384615384,1
lsa-inspired-mnist-iid-quick-20-20261004,19,0,output,skewness,2.593901841173139,1
lsa-inspired-mnist-iid-quick-20-20261004,19,0,output,kurtosis,15.73164040179369,1
lsa-inspired-mnist-iid-quick-20-20261004,19,1,conv1,mean,0.0008455340459477157,0
lsa-inspired-mnist-iid-quick-20-20261004,19,1,conv1,std,0.001394726191516863,0
lsa-inspired-mnist-iid-quick-20-20261004,19,1,conv1,median,0.0001684129238128662,0
lsa-inspired-mnist-iid-quick-20-20261004,19,1,conv1,min,-0.0005200058221817017,0
lsa-inspired-mnist-iid-quick-20-20261004,19,1,conv1,max,0.005590856075286865,0
lsa-inspired-mnist-iid-quick-20-20261004,19,1,conv1,l1,0.1517622210085392,0
lsa-inspired-mnist-iid-quick-20-20261004,19,1,conv1,l2,0.020630807922754152,0
lsa-inspired-mnist-iid-quick-20-20261004,19,1,conv1,max_abs,0.005590856075286865,0
lsa-inspired-mnist-iid-quick-20-20261004,19,1,conv1,sparsity,0.0,0
lsa-inspired-mnist-iid-quick-20-20261004,19,1,conv1,skewness,1.5689584103993686,0
lsa-inspired-mnist-iid-quick-20-20261004,19,1,conv1,kurtosis,1.492522672261047,0
lsa-inspired-mnist-iid-quick-20-20261004,19,1,conv2,mean,7.884598987465293e-05,0
lsa-inspired-mnist-iid-quick-20-20261004,19,1,conv2,std,0.00036153389530133576,0
lsa-inspired-mnist-iid-quick-20-20261004,19,1,conv2,median,1.6732141375541687e-05,0
lsa-inspired-mnist-iid-quick-20-20261004,19,1,conv2,min,-0.0021624788641929626,0
lsa-inspired-mnist-iid-quick-20-20261004,19,1,conv2,max,0.002848014235496521,0
lsa-inspired-mnist-iid-quick-20-20261004,19,1,conv2,l1,0.8747416579790297,0
lsa-inspired-mnist-iid-quick-20-20261004,19,1,conv2,l2,0.02520565009536096,0
lsa-inspired-mnist-iid-quick-20-20261004,19,1,conv2,max_abs,0.002848014235496521,0
lsa-inspired-mnist-iid-quick-20-20261004,19,1,conv2,sparsity,0.0,0
lsa-inspired-mnist-iid-quick-20-20261004,19,1,conv2,skewness,1.93612073012362,0
lsa-inspired-mnist-iid-quick-20-20261004,19,1,conv2,kurtosis,12.842438236393258,0
lsa-inspired-mnist-iid-quick-20-20261004,19,1,fc1,mean,-4.27530439185866e-06,0
lsa-inspired-mnist-iid-quick-20-20261004,19,1,fc1,std,0.0002115304337847256,0
lsa-inspired-mnist-iid-quick-20-20261004,19,1,fc1,median,0.0,0
lsa-inspired-mnist-iid-quick-20-20261004,19,1,fc1,min,-0.002888686954975128,0
lsa-inspired-mnist-iid-quick-20-20261004,19,1,fc1,max,0.0033437591046094894,0
lsa-inspired-mnist-iid-quick-20-20261004,19,1,fc1,l1,10.459611610622005,0
lsa-inspired-mnist-iid-quick-20-20261004,19,1,fc1,l2,0.06704447658069945,0
lsa-inspired-mnist-iid-quick-20-20261004,19,1,fc1,max_abs,0.0033437591046094894,0
lsa-inspired-mnist-iid-quick-20-20261004,19,1,fc1,sparsity,0.10448534098151689,0
lsa-inspired-mnist-iid-quick-20-20261004,19,1,fc1,skewness,0.14840921005464783,0
lsa-inspired-mnist-iid-quick-20-20261004,19,1,fc1,kurtosis,20.636152165492412,0
lsa-inspired-mnist-iid-quick-20-20261004,19,1,output,mean,2.902323523393044e-10,0
lsa-inspired-mnist-iid-quick-20-20261004,19,1,output,std,0.0012993227767976786,0
lsa-inspired-mnist-iid-quick-20-20261004,19,1,output,median,-2.1187588572502136e-08,0
lsa-inspired-mnist-iid-quick-20-20261004,19,1,output,min,-0.004316270351409912,0
lsa-inspired-mnist-iid-quick-20-20261004,19,1,output,max,0.005007699131965637,0
lsa-inspired-mnist-iid-quick-20-20261004,19,1,output,l1,0.5881490199244581,0
lsa-inspired-mnist-iid-quick-20-20261004,19,1,output,l2,0.033126360966735456,0
lsa-inspired-mnist-iid-quick-20-20261004,19,1,output,max_abs,0.005007699131965637,0
lsa-inspired-mnist-iid-quick-20-20261004,19,1,output,sparsity,0.0876923076923077,0
lsa-inspired-mnist-iid-quick-20-20261004,19,1,output,skewness,0.3929256161250399,0
lsa-inspired-mnist-iid-quick-20-20261004,19,1,output,kurtosis,1.444923265941327,0
lsa-inspired-mnist-iid-quick-20-20261004,19,2,conv1,mean,0.0007375720670097508,0
lsa-inspired-mnist-iid-quick-20-20261004,19,2,conv1,std,0.0012836878729382331,0
lsa-inspired-mnist-iid-quick-20-20261004,19,2,conv1,median,0.00011896342039108276,0
lsa-inspired-mnist-iid-quick-20-20261004,19,2,conv1,min,-0.0005649030208587646,0
lsa-inspired-mnist-iid-quick-20-20261004,19,2,conv1,max,0.0049276649951934814,0
lsa-inspired-mnist-iid-quick-20-20261004,19,2,conv1,l1,0.13772807898931205,0
lsa-inspired-mnist-iid-quick-20-20261004,19,2,conv1,l2,0.018726952167020545,0
lsa-inspired-mnist-iid-quick-20-20261004,19,2,conv1,max_abs,0.0049276649951934814,0
lsa-inspired-mnist-iid-quick-20-20261004,19,2,conv1,sparsity,0.0,0
lsa-inspired-mnist-iid-quick-20-20261004,19,2,conv1,skewness,1.6250036125403913,0
lsa-inspired-mnist-iid-quick-20-20261004,19,2,conv1,kurtosis,1.7613235086580712,0
lsa-inspired-mnist-iid-quick-20-20261004,19,2,conv2,mean,4.540415879060235e-05,0
lsa-inspired-mnist-iid-quick-20-20261004,19,2,conv2,std,0.00036763204459046495,0
lsa-inspired-mnist-iid-quick-20-20261004,19,2,conv2,median,7.446855306625366e-06,0
lsa-inspired-mnist-iid-quick-20-20261004,19,2,conv2,min,-0.002739623188972473,0
lsa-inspired-mnist-iid-quick-20-20261004,19,2,conv2,max,0.0031750649213790894,0
lsa-inspired-mnist-iid-quick-20-20261004,19,2,conv2,l1,0.8804924040960032,0
lsa-inspired-mnist-iid-quick-20-20261004,19,2,conv2,l2,0.025232458072925634,0
lsa-inspired-mnist-iid-quick-20-20261004,19,2,conv2,max_abs,0.0031750649213790894,0
lsa-inspired-mnist-iid-quick-20-20261004,19,2,conv2,sparsity,0.0,0
lsa-inspired-mnist-iid-quick-20-20261004,19,2,conv2,skewness,0.9494147076223443,0
lsa-inspired-mnist-iid-quick-20-20261004,19,2,conv2,kurtosis,14.580424226375126,0
lsa-inspired-mnist-iid-quick-20-20261004,19,2,fc1,mean,-1.1156059351906846e-05,0
lsa-inspired-mnist-iid-quick-20-20261004,19,2,fc1,std,0.00026932596247941935,0
lsa-inspired-mnist-iid-quick-20-20261004,19,2,fc1,median,-4.540197551250458e-09,0
lsa-inspired-mnist-iid-quick-20-20261004,19,2,fc1,min,-0.005612678825855255,0
lsa-inspired-mnist-iid-quick-20-20261004,19,2,fc1,max,0.003869384527206421,0
lsa-inspired-mnist-iid-quick-20-20261004,19,2,fc1,l1,12.665021397826195,0
lsa-inspired-mnist-iid-quick-20-20261004,19,2,fc1,l2,0.08541849987075861,0
lsa-inspired-mnist-iid-quick-20-20261004,19,2,fc1,max_abs,0.005612678825855255,0
lsa-inspired-mnist-iid-quick-20-20261004,19,2,fc1,sparsity,0.10234424792861696,0
lsa-inspired-mnist-iid-quick-20-20261004,19,2,fc1,skewness,-0.9954517903236746,0
lsa-inspired-mnist-iid-quick-20-20261004,19,2,fc1,kurtosis,26.835291523835178,0
lsa-inspired-mnist-iid-quick-20-20261004,19,2,output,mean,2.4205431915246523e-10,0
lsa-inspired-mnist-iid-quick-20-20261004,19,2,output,std,0.0017045927060008283,0
lsa-inspired-mnist-iid-quick-20-20261004,19,2,output,median,-1.2307427823543549e-06,0
lsa-inspired-mnist-iid-quick-20-20261004,19,2,output,min,-0.0053440481424331665,0
lsa-inspired-mnist-iid-quick-20-20261004,19,2,output,max,0.007220089435577393,0
lsa-inspired-mnist-iid-quick-20-20261004,19,2,output,l1,0.7683631519903429,0
lsa-inspired-mnist-iid-quick-20-20261004,19,2,output,l2,0.04345875735313119,0
lsa-inspired-mnist-iid-quick-20-20261004,19,2,output,max_abs,0.007220089435577393,0
lsa-inspired-mnist-iid-quick-20-20261004,19,2,output,sparsity,0.08,0
lsa-inspired-mnist-iid-quick-20-20261004,19,2,output,skewness,0.6146357062672877,0
lsa-inspired-mnist-iid-quick-20-20261004,19,2,output,kurtosis,1.6064208747893245,0
lsa-inspired-mnist-iid-quick-20-20261004,19,3,conv1,mean,0.0008269403871963732,0
lsa-inspired-mnist-iid-quick-20-20261004,19,3,conv1,std,0.001341405796188063,0
lsa-inspired-mnist-iid-quick-20-20261004,19,3,conv1,median,0.0001396462321281433,0
lsa-inspired-mnist-iid-quick-20-20261004,19,3,conv1,min,-0.0004665479063987732,0
lsa-inspired-mnist-iid-quick-20-20261004,19,3,conv1,max,0.0050299763679504395,0
lsa-inspired-mnist-iid-quick-20-20261004,19,3,conv1,l1,0.14737155404873192,0
lsa-inspired-mnist-iid-quick-20-20261004,19,3,conv1,l2,0.019932686378001007,0
lsa-inspired-mnist-iid-quick-20-20261004,19,3,conv1,max_abs,0.0050299763679504395,0
lsa-inspired-mnist-iid-quick-20-20261004,19,3,conv1,sparsity,0.0,0
lsa-inspired-mnist-iid-quick-20-20261004,19,3,conv1,skewness,1.5592985862479576,0
lsa-inspired-mnist-iid-quick-20-20261004,19,3,conv1,kurtosis,1.4733360225739602,0
lsa-inspired-mnist-iid-quick-20-20261004,19,3,conv2,mean,6.0842333567930396e-05,0
lsa-inspired-mnist-iid-quick-20-20261004,19,3,conv2,std,0.0003786032661954367,0
lsa-inspired-mnist-iid-quick-20-20261004,19,3,conv2,median,6.644055247306824e-06,0
lsa-inspired-mnist-iid-quick-20-20261004,19,3,conv2,min,-0.0026859641075134277,0
lsa-inspired-mnist-iid-quick-20-20261004,19,3,conv2,max,0.0033158212900161743,0
lsa-inspired-mnist-iid-quick-20-20261004,19,3,conv2,l1,0.8982725877067423,0
lsa-inspired-mnist-iid-quick-20-20261004,19,3,conv2,l2,0.02612041181637832,0
lsa-inspired-mnist-iid-quick-20-20261004,19,3,conv2,max_abs,0.0033158212900161743,0
lsa-inspired-mnist-iid-quick-20-20261004,19,3,conv2,sparsity,0.0,0
lsa-inspired-mnist-iid-quick-20-20261004,19,3,conv2,skewness,1.4777780810378944,0
lsa-inspired-mnist-iid-quick-20-20261004,19,3,conv2,kurtosis,13.05530060823807,0
lsa-inspired-mnist-iid-quick-20-20261004,19,3,fc1,mean,-2.9158478023403832e-06,0
lsa-inspired-mnist-iid-quick-20-20261004,19,3,fc1,std,0.0002609033583994691,0
lsa-inspired-mnist-iid-quick-20-20261004,19,3,fc1,median,0.0,0
lsa-inspired-mnist-iid-quick-20-20261004,19,3,fc1,min,-0.005044253543019295,0
lsa-inspired-mnist-iid-quick-20-20261004,19,3,fc1,max,0.004435744136571884,0
lsa-inspired-mnist-iid-quick-20-20261004,19,3,fc1,l1,11.952725835503088,0
lsa-inspired-mnist-iid-quick-20-20261004,19,3,fc1,l2,0.08268148130097401,0
lsa-inspired-mnist-iid-quick-20-20261004,19,3,fc1,max_abs,0.005044253543019295,0
lsa-inspired-mnist-iid-quick-20-20261004,19,3,fc1,sparsity,0.11308954748247291,0
lsa-inspired-mnist-iid-quick-20-20261004,19,3,fc1,skewness,-0.5372342529100596,0
lsa-inspired-mnist-iid-quick-20-20261004,19,3,fc1,kurtosis,33.17568455342335,0
lsa-inspired-mnist-iid-quick-20-20261004,19,3,output,mean,2.8575483996134536e-10,0
lsa-inspired-mnist-iid-quick-20-20261004,19,3,output,std,0.0016032678800501402,0
lsa-inspired-mnist-iid-quick-20-20261004,19,3,output,median,-7.450580596923828e-09,0
lsa-inspired-mnist-iid-quick-20-20261004,19,3,output,min,-0.007273934781551361,0
lsa-inspired-mnist-iid-quick-20-20261004,19,3,output,max,0.007063716650009155,0
lsa-inspired-mnist-iid-quick-20-20261004,19,3,output,l1,0.7010047885705717,0
lsa-inspired-mnist-iid-quick-20-20261004,19,3,output,l2,0.04087547102946166,0
lsa-inspired-mnist-iid-quick-20-20261004,19,3,output,max_abs,0.007273934781551361,0
lsa-inspired-mnist-iid-quick-20-20261004,19,3,output,sparsity,0.09692307692307692,0
lsa-inspired-mnist-iid-quick-20-20261004,19,3,output,skewness,0.15897541854159633,0
lsa-inspired-mnist-iid-quick-20-20261004,19,3,output,kurtosis,2.663299382832893,0
lsa-inspired-mnist-iid-quick-20-20261004,19,4,conv1,mean,0.0009052337103639729,0
lsa-inspired-mnist-iid-quick-20-20261004,19,4,conv1,std,0.0014733498624810901,0
lsa-inspired-mnist-iid-quick-20-20261004,19,4,conv1,median,0.0001688636839389801,0
lsa-inspired-mnist-iid-quick-20-20261004,19,4,conv1,min,-0.000567898154258728,0
lsa-inspired-mnist-iid-quick-20-20261004,19,4,conv1,max,0.005894392728805542,0
lsa-inspired-mnist-iid-quick-20-20261004,19,4,conv1,l1,0.15862794849090278,0
lsa-inspired-mnist-iid-quick-20-20261004,19,4,conv1,l2,0.021873117336684764,0
lsa-inspired-mnist-iid-quick-20-20261004,19,4,conv1,max_abs,0.005894392728805542,0
lsa-inspired-mnist-iid-quick-20-20261004,19,4,conv1,sparsity,0.0,0
lsa-inspired-mnist-iid-quick-20-20261004,19,4,conv1,skewness,1.606003727064482,0
lsa-inspired-mnist-iid-quick-20-20261004,19,4,conv1,kurtosis,1.6013738550632874,0
lsa-inspired-mnist-iid-quick-20-20261004,19,4,conv2,mean,5.8139240856830994e-05,0
lsa-inspired-mnist-iid-quick-20-20261004,19,4,conv2,std,0.0003888987639085351,0
lsa-inspired-mnist-iid-quick-20-20261004,19,4,conv2,median,3.6032870411872864e-06,0
lsa-inspired-mnist-iid-quick-20-20261004,19,4,conv2,min,-0.0023773089051246643,0
lsa-inspired-mnist-iid-quick-20-20261004,19,4,conv2,max,0.004175528883934021,0
lsa-inspired-mnist-iid-quick-20-20261004,19,4,conv2,l1,0.8988192644883384,0
lsa-inspired-mnist-iid-quick-20-20261004,19,4,conv2,l2,0.026785220333647757,0
lsa-inspired-mnist-iid-quick-20-20261004,19,4,conv2,max_abs,0.004175528883934021,0
lsa-inspired-mnist-iid-quick-20-20261004,19,4,conv2,sparsity,0.00021551724137931034,0
lsa-inspired-mnist-iid-quick-20-20261004,19,4,conv2,skewness,2.5545255373521676,0
lsa-inspired-mnist-iid-quick-20-20261004,19,4,conv2,kurtosis,19.11599990246474,0
lsa-inspired-mnist-iid-quick-20-20261004,19,4,fc1,mean,-4.744570434274507e-06,0
lsa-inspired-mnist-iid-quick-20-20261004,19,4,fc1,std,0.0002463143122743186,0
lsa-inspired-mnist-iid-quick-20-20261004,19,4,fc1,median,0.0,0
lsa-inspired-mnist-iid-quick-20-20261004,19,4,fc1,min,-0.004553033970296383,0
lsa-inspired-mnist-iid-quick-20-20261004,19,4,fc1,max,0.00415472686290741,0
lsa-inspired-mnist-iid-quick-20-20261004,19,4,fc1,l1,11.746718095203505,0
lsa-inspired-mnist-iid-quick-20-20261004,19,4,fc1,l2,0.07806774961885107,0
lsa-inspired-mnist-iid-quick-20-20261004,19,4,fc1,max_abs,0.004553033970296383,0
lsa-inspired-mnist-iid-quick-20-20261004,19,4,fc1,sparsity,0.10327039515615041,0
lsa-inspired-mnist-iid-quick-20-20261004,19,4,fc1,skewness,-0.03808780843177606,0
lsa-inspired-mnist-iid-quick-20-20261004,19,4,fc1,kurtosis,26.055742697264648,0
lsa-inspired-mnist-iid-quick-20-20261004,19,4,output,mean,-1.0352008617841281e-10,0
lsa-inspired-mnist-iid-quick-20-20261004,19,4,output,std,0.001711220860493933,0
lsa-inspired-mnist-iid-quick-20-20261004,19,4,output,median,0.0,0
lsa-inspired-mnist-iid-quick-20-20261004,19,4,output,min,-0.005369860678911209,0
lsa-inspired-mnist-iid-quick-20-20261004,19,4,output,max,0.005439326167106628,0
lsa-inspired-mnist-iid-quick-20-20261004,19,4,output,l1,0.8130340194329619,0
lsa-inspired-mnist-iid-quick-20-20261004,19,4,output,l2,0.043627742798628084,0
lsa-inspired-mnist-iid-quick-20-20261004,19,4,output,max_abs,0.005439326167106628,0
lsa-inspired-mnist-iid-quick-20-20261004,19,4,output,sparsity,0.08923076923076922,0
lsa-inspired-mnist-iid-quick-20-20261004,19,4,output,skewness,0.07654862346757729,0
lsa-inspired-mnist-iid-quick-20-20261004,19,4,output,kurtosis,0.5739801811356364,0
lsa-inspired-mnist-iid-quick-20-20261004,20,0,conv1,mean,0.0007528111222200095,1
lsa-inspired-mnist-iid-quick-20-20261004,20,0,conv1,std,0.0012401581491849835,1
lsa-inspired-mnist-iid-quick-20-20261004,20,0,conv1,median,0.00013136118650436401,1
lsa-inspired-mnist-iid-quick-20-20261004,20,0,conv1,min,-0.0004314035177230835,1
lsa-inspired-mnist-iid-quick-20-20261004,20,0,conv1,max,0.004889756441116333,1
lsa-inspired-mnist-iid-quick-20-20261004,20,0,conv1,l1,0.1346039492636919,1
lsa-inspired-mnist-iid-quick-20-20261004,20,0,conv1,l2,0.018350877126625087,1
lsa-inspired-mnist-iid-quick-20-20261004,20,0,conv1,max_abs,0.004889756441116333,1
lsa-inspired-mnist-iid-quick-20-20261004,20,0,conv1,sparsity,0.0,1
lsa-inspired-mnist-iid-quick-20-20261004,20,0,conv1,skewness,1.5876629372474351,1
lsa-inspired-mnist-iid-quick-20-20261004,20,0,conv1,kurtosis,1.5725770233073977,1
lsa-inspired-mnist-iid-quick-20-20261004,20,0,conv2,mean,5.410503369587567e-05,1
lsa-inspired-mnist-iid-quick-20-20261004,20,0,conv2,std,0.00032522804085332186,1
lsa-inspired-mnist-iid-quick-20-20261004,20,0,conv2,median,8.23289155960083e-06,1
lsa-inspired-mnist-iid-quick-20-20261004,20,0,conv2,min,-0.0023655667901039124,1
lsa-inspired-mnist-iid-quick-20-20261004,20,0,conv2,max,0.0026364773511886597,1
lsa-inspired-mnist-iid-quick-20-20261004,20,0,conv2,l1,0.7722930468844424,1
lsa-inspired-mnist-iid-quick-20-20261004,20,0,conv2,l2,0.02245820425101574,1
lsa-inspired-mnist-iid-quick-20-20261004,20,0,conv2,max_abs,0.0026364773511886597,1
lsa-inspired-mnist-iid-quick-20-20261004,20,0,conv2,sparsity,0.0,1
lsa-inspired-mnist-iid-quick-20-20261004,20,0,conv2,skewness,1.4676703709480303,1
lsa-inspired-mnist-iid-quick-20-20261004,20,0,conv2,kurtosis,14.188585122195434,1
lsa-inspired-mnist-iid-quick-20-20261004,20,0,fc1,mean,-6.608113321577999e-06,1
lsa-inspired-mnist-iid-quick-20-20261004,20,0,fc1,std,0.00013926330718932388,1
lsa-inspired-mnist-iid-quick-20-20261004,20,0,fc1,median,-3.373716026544571e-07,1
lsa-inspired-mnist-iid-quick-20-20261004,20,0,fc1,min,-0.0027375556528568268,1
lsa-inspired-mnist-iid-quick-20-20261004,20,0,fc1,max,0.0018145665526390076,1
lsa-inspired-mnist-iid-quick-20-20261004,20,0,fc1,l1,6.949095878964272,1
lsa-inspired-mnist-iid-quick-20-20261004,20,0,fc1,l2,0.044180083413553305,1
lsa-inspired-mnist-iid-quick-20-20261004,20,0,fc1,max_abs,0.0027375556528568268,1
lsa-inspired-mnist-iid-quick-20-20261004,20,0,fc1,sparsity,0.06153401848311026,1
lsa-inspired-mnist-iid-quick-20-20261004,20,0,fc1,skewness,-0.5104500826361681,1
lsa-inspired-mnist-iid-quick-20-20261004,20,0,fc1,kurtosis,21.025312465829582,1
lsa-inspired-mnist-iid-quick-20-20261004,20,0,output,mean,6.662538418403039e-10,1
lsa-inspired-mnist-iid-quick-20-20261004,20,0,output,std,0.005567992359421497,1
lsa-inspired-mnist-iid-quick-20-20261004,20,0,output,median,-1.8030405044555664e-06,1
lsa-inspired-mnist-iid-quick-20-20261004,20,0,output,min,-0.02207779884338379,1
lsa-inspired-mnist-iid-quick-20-20261004,20,0,output,max,0.03753957524895668,1
lsa-inspired-mnist-iid-quick-20-20261004,20,0,output,l1,1.777083540102467,1
lsa-inspired-mnist-iid-quick-20-20261004,20,0,output,l2,0.14195650846112973,1
lsa-inspired-mnist-iid-quick-20-20261004,20,0,output,max_abs,0.03753957524895668,1
lsa-inspired-mnist-iid-quick-20-20261004,20,0,output,sparsity,0.09384615384615384,1
lsa-inspired-mnist-iid-quick-20-20261004,20,0,output,skewness,2.8443754785794164,1
lsa-inspired-mnist-iid-quick-20-20261004,20,0,output,kurtosis,16.630924081524192,1
lsa-inspired-mnist-iid-quick-20-20261004,20,1,conv1,mean,0.0007697994617046789,0
lsa-inspired-mnist-iid-quick-20-20261004,20,1,conv1,std,0.0012713028297905594,0
lsa-inspired-mnist-iid-quick-20-20261004,20,1,conv1,median,0.0001661926507949829,0
lsa-inspired-mnist-iid-quick-20-20261004,20,1,conv1,min,-0.0004843175411224365,0
lsa-inspired-mnist-iid-quick-20-20261004,20,1,conv1,max,0.005109578371047974,0
lsa-inspired-mnist-iid-quick-20-20261004,20,1,conv1,l1,0.13837418472394347,0
lsa-inspired-mnist-iid-quick-20-20261004,20,1,conv1,l2,0.018799157837623672,0
lsa-inspired-mnist-iid-quick-20-20261004,20,1,conv1,max_abs,0.005109578371047974,0
lsa-inspired-mnist-iid-quick-20-20261004,20,1,conv1,sparsity,0.0,0
lsa-inspired-mnist-iid-quick-20-20261004,20,1,conv1,skewness,1.584895190655031,0
lsa-inspired-mnist-iid-quick-20-20261004,20,1,conv1,kurtosis,1.5828638564056652,0
lsa-inspired-mnist-iid-quick-20-20261004,20,1,conv2,mean,7.245298790135637e-05,0
lsa-inspired-mnist-iid-quick-20-20261004,20,1,conv2,std,0.00033462017353060307,0
lsa-inspired-mnist-iid-quick-20-20261004,20,1,conv2,median,1.7588026821613312e-05,0
lsa-inspired-mnist-iid-quick-20-20261004,20,1,conv2,min,-0.0020160898566246033,0
lsa-inspired-mnist-iid-quick-20-20261004,20,1,conv2,max,0.0027000457048416138,0
lsa-inspired-mnist-iid-quick-20-20261004,20,1,conv2,l1,0.8175196838310512,0
lsa-inspired-mnist-iid-quick-20-20261004,20,1,conv2,l2,0.023321690448833473,0
lsa-inspired-mnist-iid-quick-20-20261004,20,1,conv2,max_abs,0.0027000457048416138,0
lsa-inspired-mnist-iid-quick-20-20261004,20,1,conv2,sparsity,0.0,0
lsa-inspired-mnist-iid-quick-20-20261004,20,1,conv2,skewness,1.7582673555866366,0
lsa-inspired-mnist-iid-quick-20-20261004,20,1,conv2,kurtosis,12.512257946395847,0
lsa-inspired-mnist-iid-quick-20-20261004,20,1,fc1,mean,-3.0733770974415726e-06,0
lsa-inspired-mnist-iid-quick-20-20261004,20,1,fc1,std,0.0002027041952962643,0
lsa-inspired-mnist-iid-quick-20-20261004,20,1,fc1,median,0.0,0
lsa-inspired-mnist-iid-quick-20-20261004,20,1,fc1,min,-0.002729758620262146,0
lsa-inspired-mnist-iid-quick-20-20261004,20,1,fc1,max,0.003286665305495262,0
lsa-inspired-mnist-iid-quick-20-20261004,20,1,fc1,l1,10.063563851973868,0
lsa-inspired-mnist-iid-quick-20-20261004,20,1,fc1,l2,0.06424126861532942,0
lsa-inspired-mnist-iid-quick-20-20261004,20,1,fc1,max_abs,0.003286665305495262,0
lsa-inspired-mnist-iid-quick-20-20261004,20,1,fc1,sparsity,0.10252350223072021,0
lsa-inspired-mnist-iid-quick-20-20261004,20,1,fc1,skewness,0.2444313857190114,0
lsa-inspired-mnist-iid-quick-20-20261004,20,1,fc1,kurtosis,19.682996323988313,0
lsa-inspired-mnist-iid-quick-20-20261004,20,1,output,mean,2.2101001097605778e-10,0
lsa-inspired-mnist-iid-quick-20-20261004,20,1,output,std,0.0012451645214425094,0
lsa-inspired-mnist-iid-quick-20-20261004,20,1,output,median,-7.450580596923828e-09,0
lsa-inspired-mnist-iid-quick-20-20261004,20,1,output,min,-0.004229098558425903,0
lsa-inspired-mnist-iid-quick-20-20261004,20,1,output,max,0.004811592400074005,0
lsa-inspired-mnist-iid-quick-20-20261004,20,1,output,l1,0.5632086492842063,0
lsa-inspired-mnist-iid-quick-20-20261004,20,1,output,l2,0.03174559096234438,0
lsa-inspired-mnist-iid-quick-20-20261004,20,1,output,max_abs,0.004811592400074005,0
lsa-inspired-mnist-iid-quick-20-20261004,20,1,output,sparsity,0.08923076923076922,0
lsa-inspired-mnist-iid-quick-20-20261004,20,1,output,skewness,0.3121340313059151,0
lsa-inspired-mnist-iid-quick-20-20261004,20,1,output,kurtosis,1.4263494190309407,0
lsa-inspired-mnist-iid-quick-20-20261004,20,2,conv1,mean,0.0006552422426466364,0
lsa-inspired-mnist-iid-quick-20-20261004,20,2,conv1,std,0.0011571775926221637,0
lsa-inspired-mnist-iid-quick-20-20261004,20,2,conv1,median,0.00010070949792861938,0
lsa-inspired-mnist-iid-quick-20-20261004,20,2,conv1,min,-0.000559195876121521,0
lsa-inspired-mnist-iid-quick-20-20261004,20,2,conv1,max,0.004442065954208374,0
lsa-inspired-mnist-iid-quick-20-20261004,20,2,conv1,l1,0.12372151564341038,0
lsa-inspired-mnist-iid-quick-20-20261004,20,2,conv1,l2,0.016820950638607415,0
lsa-inspired-mnist-iid-quick-20-20261004,20,2,conv1,max_abs,0.004442065954208374,0
lsa-inspired-mnist-iid-quick-20-20261004,20,2,conv1,sparsity,0.0,0
lsa-inspired-mnist-iid-quick-20-20261004,20,2,conv1,skewness,1.6506889234734865,0
lsa-inspired-mnist-iid-quick-20-20261004,20,2,conv1,kurtosis,1.9128827592995723,0
lsa-inspired-mnist-iid-quick-20-20261004,20,2,conv2,mean,3.532373268469734e-05,0
lsa-inspired-mnist-iid-quick-20-20261004,20,2,conv2,std,0.0003415850394005446,0
lsa-inspired-mnist-iid-quick-20-20261004,20,2,conv2,median,5.456618964672089e-06,0
lsa-inspired-mnist-iid-quick-20-20261004,20,2,conv2,min,-0.0026315301656723022,0
lsa-inspired-mnist-iid-quick-20-20261004,20,2,conv2,max,0.0030526071786880493,0
lsa-inspired-mnist-iid-quick-20-20261004,20,2,conv2,l1,0.8175799778946384,0
lsa-inspired-mnist-iid-quick-20-20261004,20,2,conv2,l2,0.023392015908881375,0
lsa-inspired-mnist-iid-quick-20-20261004,20,2,conv2,max_abs,0.0030526071786880493,0
lsa-inspired-mnist-iid-quick-20-20261004,20,2,conv2,sparsity,0.0,0
lsa-inspired-mnist-iid-quick-20-20261004,20,2,conv2,skewness,0.666404761742074,0
lsa-inspired-mnist-iid-quick-20-20261004,20,2,conv2,kurtosis,14.700885987422005,0
lsa-inspired-mnist-iid-quick-20-20261004,20,2,fc1,mean,-1.3310390435762081e-05,0
lsa-inspired-mnist-iid-quick-20-20261004,20,2,fc1,std,0.0002599807268647176,0
lsa-inspired-mnist-iid-quick-20-20261004,20,2,fc1,median,-1.5832483768463135e-08,0
lsa-inspired-mnist-iid-quick-20-20261004,20,2,fc1,min,-0.005234375596046448,0
lsa-inspired-mnist-iid-quick-20-20261004,20,2,fc1,max,0.003627493977546692,0
lsa-inspired-mnist-iid-quick-20-20261004,20,2,fc1,l1,12.251779010654445,0
lsa-inspired-mnist-iid-quick-20-20261004,20,2,fc1,l2,0.08249185181408616,0
lsa-inspired-mnist-iid-quick-20-20261004,20,2,fc1,max_abs,0.005234375596046448,0
lsa-inspired-mnist-iid-quick-20-20261004,20,2,fc1,sparsity,0.10250358508604207,0
lsa-inspired-mnist-iid-quick-20-20261004,20,2,fc1,skewness,-1.0613901400110262,0
lsa-inspired-mnist-iid-quick-20-20261004,20,2,fc1,kurtosis,25.99514036480718,0
lsa-inspired-mnist-iid-quick-20-20261004,20,2,output,mean,5.910316338905921e-12,0
lsa-inspired-mnist-iid-quick-20-20261004,20,2,output,std,0.0016407218513935615,0
lsa-inspired-mnist-iid-quick-20-20261004,20,2,output,median,-2.682209014892578e-07,0
lsa-inspired-mnist-iid-quick-20-20261004,20,2,output,min,-0.004938572645187378,0
lsa-inspired-mnist-iid-quick-20-20261004,20,2,output,max,0.006959795951843262,0
lsa-inspired-mnist-iid-quick-20-20261004,20,2,output,l1,0.7371815385995433,0
lsa-inspired-mnist-iid-quick-20-20261004,20,2,output,l2,0.04183036368316926,0
lsa-inspired-mnist-iid-quick-20-20261004,20,2,output,max_abs,0.006959795951843262,0
lsa-inspired-mnist-iid-quick-20-20261004,20,2,output,sparsity,0.08153846153846153,0
lsa-inspired-mnist-iid-quick-20-20261004,20,2,output,skewness,0.6140598371593176,0
lsa-inspired-mnist-iid-quick-20-20261004,20,2,output,kurtosis,1.6591207107222923,0
lsa-inspired-mnist-iid-quick-20-20261004,20,3,conv1,mean,0.000757664667617064,0
lsa-inspired-mnist-iid-quick-20-20261004,20,3,conv1,std,0.001231793898529688,0
lsa-inspired-mnist-iid-quick-20-20261004,20,3,conv1,median,0.00012198463082313538,0
lsa-inspired-mnist-iid-quick-20-20261004,20,3,conv1,min,-0.00043288618326187134,0
lsa-inspired-mnist-iid-quick-20-20261004,20,3,conv1,max,0.004600852727890015,0
lsa-inspired-mnist-iid-quick-20-20261004,20,3,conv1,l1,0.13555142772383988,0
lsa-inspired-mnist-iid-quick-20-20261004,20,3,conv1,l2,0.018292608155253284,0
lsa-inspired-mnist-iid-quick-20-20261004,20,3,conv1,max_abs,0.004600852727890015,0
lsa-inspired-mnist-iid-quick-20-20261004,20,3,conv1,sparsity,0.0,0
lsa-inspired-mnist-iid-quick-20-20261004,20,3,conv1,skewness,1.571284328734492,0
lsa-inspired-mnist-iid-quick-20-20261004,20,3,conv1,kurtosis,1.5481992630353645,0
lsa-inspired-mnist-iid-quick-20-20261004,20,3,conv2,mean,5.457892355456477e-05,0
lsa-inspired-mnist-iid-quick-20-20261004,20,3,conv2,std,0.00035379403826924335,0
lsa-inspired-mnist-iid-quick-20-20261004,20,3,conv2,median,6.532296538352966e-06,0
lsa-inspired-mnist-iid-quick-20-20261004,20,3,conv2,min,-0.0026158615946769714,0
lsa-inspired-mnist-iid-quick-20-20261004,20,3,conv2,max,0.0030301958322525024,0
lsa-inspired-mnist-iid-quick-20-20261004,20,3,conv2,l1,0.8477334943618189,0
lsa-inspired-mnist-iid-quick-20-20261004,20,3,conv2,l2,0.024384661841168213,0
lsa-inspired-mnist-iid-quick-20-20261004,20,3,conv2,max_abs,0.0030301958322525024,0
lsa-inspired-mnist-iid-quick-20-20261004,20,3,conv2,sparsity,0.0,0
lsa-inspired-mnist-iid-quick-20-20261004,20,3,conv2,skewness,1.1933593652207164,0
lsa-inspired-mnist-iid-quick-20-20261004,20,3,conv2,kurtosis,12.822616303275906,0
lsa-inspired-mnist-iid-quick-20-20261004,20,3,fc1,mean,-4.9688907093864936e-06,0
lsa-inspired-mnist-iid-quick-20-20261004,20,3,fc1,std,0.0002490640697715302,0
lsa-inspired-mnist-iid-quick-20-20261004,20,3,fc1,median,0.0,0
lsa-inspired-mnist-iid-quick-20-20261004,20,3,fc1,min,-0.004739850759506226,0
lsa-inspired-mnist-iid-quick-20-20261004,20,3,fc1,max,0.00417686253786087,0
lsa-inspired-mnist-iid-quick-20-20261004,20,3,fc1,l1,11.47202082019976,0
lsa-inspired-mnist-iid-quick-20-20261004,20,3,fc1,l2,0.07894033211550343,0
lsa-inspired-mnist-iid-quick-20-20261004,20,3,fc1,max_abs,0.004739850759506226,0
lsa-inspired-mnist-iid-quick-20-20261004,20,3,fc1,sparsity,0.11299992033142128,0
lsa-inspired-mnist-iid-quick-20-20261004,20,3,fc1,skewness,-0.5301463153017271,0
lsa-inspired-mnist-iid-quick-20-20261004,20,3,fc1,kurtosis,32.016471604343394,0
lsa-inspired-mnist-iid-quick-20-20261004,20,3,output,mean,2.0757747384218068e-10,0
lsa-inspired-mnist-iid-quick-20-20261004,20,3,output,std,0.0015050788256898001,0
lsa-inspired-mnist-iid-quick-20-20261004,20,3,output,median,0.0,0
lsa-inspired-mnist-iid-quick-20-20261004,20,3,output,min,-0.006816044449806213,0
lsa-inspired-mnist-iid-quick-20-20261004,20,3,output,max,0.006761133670806885,0
lsa-inspired-mnist-iid-quick-20-20261004,20,3,output,l1,0.6587714360794052,0
lsa-inspired-mnist-iid-quick-20-20261004,20,3,output,l2,0.038372131508438385,0
lsa-inspired-mnist-iid-quick-20-20261004,20,3,output,max_abs,0.006816044449806213,0
lsa-inspired-mnist-iid-quick-20-20261004,20,3,output,sparsity,0.09692307692307692,0
lsa-inspired-mnist-iid-quick-20-20261004,20,3,output,skewness,0.1659043669319469,0
lsa-inspired-mnist-iid-quick-20-20261004,20,3,output,kurtosis,2.699418633598486,0
lsa-inspired-mnist-iid-quick-20-20261004,20,4,conv1,mean,0.0008285398427688051,0
lsa-inspired-mnist-iid-quick-20-20261004,20,4,conv1,std,0.001349155960607469,0
lsa-inspired-mnist-iid-quick-20-20261004,20,4,conv1,median,0.0001793093979358673,0
lsa-inspired-mnist-iid-quick-20-20261004,20,4,conv1,min,-0.0005264878273010254,0
lsa-inspired-mnist-iid-quick-20-20261004,20,4,conv1,max,0.005447179079055786,0
lsa-inspired-mnist-iid-quick-20-20261004,20,4,conv1,l1,0.14551696449052542,0
lsa-inspired-mnist-iid-quick-20-20261004,20,4,conv1,l2,0.020026782376000467,0
lsa-inspired-mnist-iid-quick-20-20261004,20,4,conv1,max_abs,0.005447179079055786,0
lsa-inspired-mnist-iid-quick-20-20261004,20,4,conv1,sparsity,0.0,0
lsa-inspired-mnist-iid-quick-20-20261004,20,4,conv1,skewness,1.6262578705490844,0
lsa-inspired-mnist-iid-quick-20-20261004,20,4,conv1,kurtosis,1.7040672765580522,0
lsa-inspired-mnist-iid-quick-20-20261004,20,4,conv2,mean,5.406445680576106e-05,0
lsa-inspired-mnist-iid-quick-20-20261004,20,4,conv2,std,0.00035915336647389894,0
lsa-inspired-mnist-iid-quick-20-20261004,20,4,conv2,median,3.941357135772705e-06,0
lsa-inspired-mnist-iid-quick-20-20261004,20,4,conv2,min,-0.0022036880254745483,0
lsa-inspired-mnist-iid-quick-20-20261004,20,4,conv2,max,0.003705143928527832,0
lsa-inspired-mnist-iid-quick-20-20261004,20,4,conv2,l1,0.8359529659192049,0
lsa-inspired-mnist-iid-quick-20-20261004,20,4,conv2,l2,0.024740279959734865,0
lsa-inspired-mnist-iid-quick-20-20261004,20,4,conv2,max_abs,0.003705143928527832,0
lsa-inspired-mnist-iid-quick-20-20261004,20,4,conv2,sparsity,0.0,0
lsa-inspired-mnist-iid-quick-20-20261004,20,4,conv2,skewness,2.4253501567920654,0
lsa-inspired-mnist-iid-quick-20-20261004,20,4,conv2,kurtosis,17.955448325710904,0
lsa-inspired-mnist-iid-quick-20-20261004,20,4,fc1,mean,-5.0797924343159225e-06,0
lsa-inspired-mnist-iid-quick-20-20261004,20,4,fc1,std,0.0002369098951862032,0
lsa-inspired-mnist-iid-quick-20-20261004,20,4,fc1,median,0.0,0
lsa-inspired-mnist-iid-quick-20-20261004,20,4,fc1,min,-0.004461647477000952,0
lsa-inspired-mnist-iid-quick-20-20261004,20,4,fc1,max,0.004019096493721008,0
lsa-inspired-mnist-iid-quick-20-20261004,20,4,fc1,l1,11.304008553928952,0
lsa-inspired-mnist-iid-quick-20-20261004,20,4,fc1,l2,0.07509040915833613,0
lsa-inspired-mnist-iid-quick-20-20261004,20,4,fc1,max_abs,0.004461647477000952,0
lsa-inspired-mnist-iid-quick-20-20261004,20,4,fc1,sparsity,0.11369702039515615,0
lsa-inspired-mnist-iid-quick-20-20261004,20,4,fc1,skewness,-0.12291038468600511,0
lsa-inspired-mnist-iid-quick-20-20261004,20,4,fc1,kurtosis,26.00473309613895,0
lsa-inspired-mnist-iid-quick-20-20261004,20,4,output,mean,-7.620726067286271e-11,0
lsa-inspired-mnist-iid-quick-20-20261004,20,4,output,std,0.0016335242070437692,0
lsa-inspired-mnist-iid-quick-20-20261004,20,4,output,median,0.0,0
lsa-inspired-mnist-iid-quick-20-20261004,20,4,output,min,-0.005178146064281464,0
lsa-inspired-mnist-iid-quick-20-20261004,20,4,output,max,0.005114942789077759,0
lsa-inspired-mnist-iid-quick-20-20261004,20,4,output,l1,0.7790508097386919,0
lsa-inspired-mnist-iid-quick-20-20261004,20,4,output,l2,0.041646859038211845,0
lsa-inspired-mnist-iid-quick-20-20261004,20,4,output,max_abs,0.005178146064281464,0
lsa-inspired-mnist-iid-quick-20-20261004,20,4,output,sparsity,0.09538461538461539,0
lsa-inspired-mnist-iid-quick-20-20261004,20,4,output,skewness,0.05928576364689897,0
lsa-inspired-mnist-iid-quick-20-20261004,20,4,output,kurtosis,0.5250115037126593,0
