experiment_id,round,client_id,layer_name,feature_name,feature_value,ground_truth
fedavg-mnist-iid-reference-seed7-20261004,1,0,conv1,mean,0.00016318554989993572,0
fedavg-mnist-iid-reference-seed7-20261004,1,0,conv1,std,0.0004145797985751977,0
fedavg-mnist-iid-reference-seed7-20261004,1,0,conv1,median,8.247792720794678e-05,0
fedavg-mnist-iid-reference-seed7-20261004,1,0,conv1,min,-0.0009186044335365295,0
fedavg-mnist-iid-reference-seed7-20261004,1,0,conv1,max,0.0012970753014087677,0
fedavg-mnist-iid-reference-seed7-20261004,1,0,conv1,l1,0.051070500165224075,0
fedavg-mnist-iid-reference-seed7-20261004,1,0,conv1,l2,0.005635685343704645,0
fedavg-mnist-iid-reference-seed7-20261004,1,0,conv1,max_abs,0.0012970753014087677,0
fedavg-mnist-iid-reference-seed7-20261004,1,0,conv1,sparsity,0.0,0
fedavg-mnist-iid-reference-seed7-20261004,1,0,conv1,skewness,0.47372898181089224,0
fedavg-mnist-iid-reference-seed7-20261004,1,0,conv1,kurtosis,0.3282019215081653,0
fedavg-mnist-iid-reference-seed7-20261004,1,0,conv2,mean,5.0012441787155946e-05,0
fedavg-mnist-iid-reference-seed7-20261004,1,0,conv2,std,0.0002924446125620674,0
fedavg-mnist-iid-reference-seed7-20261004,1,0,conv2,median,1.008063554763794e-05,0
fedavg-mnist-iid-reference-seed7-20261004,1,0,conv2,min,-0.0012142732739448547,0
fedavg-mnist-iid-reference-seed7-20261004,1,0,conv2,max,0.0020057279616594315,0
fedavg-mnist-iid-reference-seed7-20261004,1,0,conv2,l1,0.8844010527645878,0
fedavg-mnist-iid-reference-seed7-20261004,1,0,conv2,l2,0.020209810594867633,0
fedavg-mnist-iid-reference-seed7-20261004,1,0,conv2,max_abs,0.0020057279616594315,0
fedavg-mnist-iid-reference-seed7-20261004,1,0,conv2,sparsity,0.0,0
fedavg-mnist-iid-reference-seed7-20261004,1,0,conv2,skewness,0.6905111305771129,0
fedavg-mnist-iid-reference-seed7-20261004,1,0,conv2,kurtosis,4.145688732035026,0
fedavg-mnist-iid-reference-seed7-20261004,1,0,fc1,mean,-9.37748571361343e-06,0
fedavg-mnist-iid-reference-seed7-20261004,1,0,fc1,std,0.0002716921275522466,0
fedavg-mnist-iid-reference-seed7-20261004,1,0,fc1,median,0.0,0
fedavg-mnist-iid-reference-seed7-20261004,1,0,fc1,min,-0.0034309811890125275,0
fedavg-mnist-iid-reference-seed7-20261004,1,0,fc1,max,0.003624608740210533,0
fedavg-mnist-iid-reference-seed7-20261004,1,0,fc1,l1,13.283992208946074,0
fedavg-mnist-iid-reference-seed7-20261004,1,0,fc1,l2,0.08614638259249771,0
fedavg-mnist-iid-reference-seed7-20261004,1,0,fc1,max_abs,0.003624608740210533,0
fedavg-mnist-iid-reference-seed7-20261004,1,0,fc1,sparsity,0.1371693753983429,0
fedavg-mnist-iid-reference-seed7-20261004,1,0,fc1,skewness,0.10914980336100029,0
fedavg-mnist-iid-reference-seed7-20261004,1,0,fc1,kurtosis,18.054167497403817,0
fedavg-mnist-iid-reference-seed7-20261004,1,0,output,mean,-1.0049776532329046e-10,0
fedavg-mnist-iid-reference-seed7-20261004,1,0,output,std,0.0007339971838218214,0
fedavg-mnist-iid-reference-seed7-20261004,1,0,output,median,-3.7725549191236496e-06,0
fedavg-mnist-iid-reference-seed7-20261004,1,0,output,min,-0.003963161259889603,0
fedavg-mnist-iid-reference-seed7-20261004,1,0,output,max,0.004855398088693619,0
fedavg-mnist-iid-reference-seed7-20261004,1,0,output,l1,0.27317279564158525,0
fedavg-mnist-iid-reference-seed7-20261004,1,0,output,l2,0.01871332981614826,0
fedavg-mnist-iid-reference-seed7-20261004,1,0,output,max_abs,0.004855398088693619,0
fedavg-mnist-iid-reference-seed7-20261004,1,0,output,sparsity,0.09230769230769231,0
fedavg-mnist-iid-reference-seed7-20261004,1,0,output,skewness,0.6589431140994997,0
fedavg-mnist-iid-reference-seed7-20261004,1,0,output,kurtosis,6.859377419311285,0
fedavg-mnist-iid-reference-seed7-20261004,1,1,conv1,mean,0.00022999271350272467,0
fedavg-mnist-iid-reference-seed7-20261004,1,1,conv1,std,0.0004178474927676104,0
fedavg-mnist-iid-reference-seed7-20261004,1,1,conv1,median,0.0001372750848531723,0
fedavg-mnist-iid-reference-seed7-20261004,1,1,conv1,min,-0.0007751304656267166,0
fedavg-mnist-iid-reference-seed7-20261004,1,1,conv1,max,0.001360870897769928,0
fedavg-mnist-iid-reference-seed7-20261004,1,1,conv1,l1,0.053879543498624116,0
fedavg-mnist-iid-reference-seed7-20261004,1,1,conv1,l2,0.0060331507586205676,0
fedavg-mnist-iid-reference-seed7-20261004,1,1,conv1,max_abs,0.001360870897769928,0
fedavg-mnist-iid-reference-seed7-20261004,1,1,conv1,sparsity,0.0,0
fedavg-mnist-iid-reference-seed7-20261004,1,1,conv1,skewness,0.7543111709499455,0
fedavg-mnist-iid-reference-seed7-20261004,1,1,conv1,kurtosis,0.405352327585248,0
fedavg-mnist-iid-reference-seed7-20261004,1,1,conv2,mean,6.506613258979682e-05,0
fedavg-mnist-iid-reference-seed7-20261004,1,1,conv2,std,0.00027987735581407475,0
fedavg-mnist-iid-reference-seed7-20261004,1,1,conv2,median,1.2587755918502808e-05,0
fedavg-mnist-iid-reference-seed7-20261004,1,1,conv2,min,-0.0009744465351104736,0
fedavg-mnist-iid-reference-seed7-20261004,1,1,conv2,max,0.0022907815873622894,0
fedavg-mnist-iid-reference-seed7-20261004,1,1,conv2,l1,0.8503979159504524,0
fedavg-mnist-iid-reference-seed7-20261004,1,1,conv2,l2,0.019572973780486055,0
fedavg-mnist-iid-reference-seed7-20261004,1,1,conv2,max_abs,0.0022907815873622894,0
fedavg-mnist-iid-reference-seed7-20261004,1,1,conv2,sparsity,0.0,0
fedavg-mnist-iid-reference-seed7-20261004,1,1,conv2,skewness,1.2330592698018177,0
fedavg-mnist-iid-reference-seed7-20261004,1,1,conv2,kurtosis,4.6542474815808355,0
fedavg-mnist-iid-reference-seed7-20261004,1,1,fc1,mean,1.0373802914696629e-05,0
fedavg-mnist-iid-reference-seed7-20261004,1,1,fc1,std,0.00026061418389460895,0
fedavg-mnist-iid-reference-seed7-20261004,1,1,fc1,median,0.0,0
fedavg-mnist-iid-reference-seed7-20261004,1,1,fc1,min,-0.0030981646850705147,0
fedavg-mnist-iid-reference-seed7-20261004,1,1,fc1,max,0.004228183999657631,0
fedavg-mnist-iid-reference-seed7-20261004,1,1,fc1,l1,12.994098027877953,0
fedavg-mnist-iid-reference-seed7-20261004,1,1,fc1,l2,0.08265008317447922,0
fedavg-mnist-iid-reference-seed7-20261004,1,1,fc1,max_abs,0.004228183999657631,0
fedavg-mnist-iid-reference-seed7-20261004,1,1,fc1,sparsity,0.1352075366475462,0
fedavg-mnist-iid-reference-seed7-20261004,1,1,fc1,skewness,0.9240013838620835,0
fedavg-mnist-iid-reference-seed7-20261004,1,1,fc1,kurtosis,17.199731883691786,0
fedavg-mnist-iid-reference-seed7-20261004,1,1,output,mean,1.1865407801591432e-10,0
fedavg-mnist-iid-reference-seed7-20261004,1,1,output,std,0.0006576114659274018,0
fedavg-mnist-iid-reference-seed7-20261004,1,1,output,median,-6.644055247306824e-06,0
fedavg-mnist-iid-reference-seed7-20261004,1,1,output,min,-0.002486586570739746,0
fedavg-mnist-iid-reference-seed7-20261004,1,1,output,max,0.004539830610156059,0
fedavg-mnist-iid-reference-seed7-20261004,1,1,output,l1,0.25307989987777546,0
fedavg-mnist-iid-reference-seed7-20261004,1,1,output,l2,0.016765868485631167,0
fedavg-mnist-iid-reference-seed7-20261004,1,1,output,max_abs,0.004539830610156059,0
fedavg-mnist-iid-reference-seed7-20261004,1,1,output,sparsity,0.09230769230769231,0
fedavg-mnist-iid-reference-seed7-20261004,1,1,output,skewness,0.813211707764891,0
fedavg-mnist-iid-reference-seed7-20261004,1,1,output,kurtosis,6.049740800840652,0
fedavg-mnist-iid-reference-seed7-20261004,1,2,conv1,mean,0.0002025907779170666,0
fedavg-mnist-iid-reference-seed7-20261004,1,2,conv1,std,0.0004619057776106048,0
fedavg-mnist-iid-reference-seed7-20261004,1,2,conv1,median,0.00012051872909069061,0
fedavg-mnist-iid-reference-seed7-20261004,1,2,conv1,min,-0.0008961260318756104,0
fedavg-mnist-iid-reference-seed7-20261004,1,2,conv1,max,0.0012810230255126953,0
fedavg-mnist-iid-reference-seed7-20261004,1,2,conv1,l1,0.06003534852061421,0
fedavg-mnist-iid-reference-seed7-20261004,1,2,conv1,l2,0.006379968284398908,0
fedavg-mnist-iid-reference-seed7-20261004,1,2,conv1,max_abs,0.0012810230255126953,0
fedavg-mnist-iid-reference-seed7-20261004,1,2,conv1,sparsity,0.0,0
fedavg-mnist-iid-reference-seed7-20261004,1,2,conv1,skewness,0.3480752196577479,0
fedavg-mnist-iid-reference-seed7-20261004,1,2,conv1,kurtosis,-0.061205666334184894,0
fedavg-mnist-iid-reference-seed7-20261004,1,2,conv2,mean,5.4871214905656886e-05,0
fedavg-mnist-iid-reference-seed7-20261004,1,2,conv2,std,0.00032078486176622084,0
fedavg-mnist-iid-reference-seed7-20261004,1,2,conv2,median,1.0322080925107002e-05,0
fedavg-mnist-iid-reference-seed7-20261004,1,2,conv2,min,-0.0014643892645835876,0
fedavg-mnist-iid-reference-seed7-20261004,1,2,conv2,max,0.0019809631630778313,0
fedavg-mnist-iid-reference-seed7-20261004,1,2,conv2,l1,0.9290365038832533,0
fedavg-mnist-iid-reference-seed7-20261004,1,2,conv2,l2,0.022168444438505068,0
fedavg-mnist-iid-reference-seed7-20261004,1,2,conv2,max_abs,0.0019809631630778313,0
fedavg-mnist-iid-reference-seed7-20261004,1,2,conv2,sparsity,0.0,0
fedavg-mnist-iid-reference-seed7-20261004,1,2,conv2,skewness,1.071613714531311,0
fedavg-mnist-iid-reference-seed7-20261004,1,2,conv2,kurtosis,5.8229341991780785,0
fedavg-mnist-iid-reference-seed7-20261004,1,2,fc1,mean,-1.3619851803503573e-06,0
fedavg-mnist-iid-reference-seed7-20261004,1,2,fc1,std,0.0003029721585205579,0
fedavg-mnist-iid-reference-seed7-20261004,1,2,fc1,median,0.0,0
fedavg-mnist-iid-reference-seed7-20261004,1,2,fc1,min,-0.004402639344334602,0
fedavg-mnist-iid-reference-seed7-20261004,1,2,fc1,max,0.004767674952745438,0
fedavg-mnist-iid-reference-seed7-20261004,1,2,fc1,l1,14.665890291654364,0
fedavg-mnist-iid-reference-seed7-20261004,1,2,fc1,l2,0.09600825319472345,0
fedavg-mnist-iid-reference-seed7-20261004,1,2,fc1,max_abs,0.004767674952745438,0
fedavg-mnist-iid-reference-seed7-20261004,1,2,fc1,sparsity,0.13396271510516253,0
fedavg-mnist-iid-reference-seed7-20261004,1,2,fc1,skewness,0.6017052761235139,0
fedavg-mnist-iid-reference-seed7-20261004,1,2,fc1,kurtosis,19.291325728506376,0
fedavg-mnist-iid-reference-seed7-20261004,1,2,output,mean,9.040097491099284e-11,0
fedavg-mnist-iid-reference-seed7-20261004,1,2,output,std,0.00076485502872119,0
fedavg-mnist-iid-reference-seed7-20261004,1,2,output,median,-3.807246685028076e-06,0
fedavg-mnist-iid-reference-seed7-20261004,1,2,output,min,-0.0036176368594169617,0
fedavg-mnist-iid-reference-seed7-20261004,1,2,output,max,0.0032849907875061035,0
fedavg-mnist-iid-reference-seed7-20261004,1,2,output,l1,0.2893939513305668,0
fedavg-mnist-iid-reference-seed7-20261004,1,2,output,l2,0.019500053582594722,0
fedavg-mnist-iid-reference-seed7-20261004,1,2,output,max_abs,0.0036176368594169617,0
fedavg-mnist-iid-reference-seed7-20261004,1,2,output,sparsity,0.09230769230769231,0
fedavg-mnist-iid-reference-seed7-20261004,1,2,output,skewness,0.4241413621939161,0
fedavg-mnist-iid-reference-seed7-20261004,1,2,output,kurtosis,4.923961642206597,0
fedavg-mnist-iid-reference-seed7-20261004,1,3,conv1,mean,0.00019975669310952072,0
fedavg-mnist-iid-reference-seed7-20261004,1,3,conv1,std,0.0004238262418612157,0
fedavg-mnist-iid-reference-seed7-20261004,1,3,conv1,median,6.80685043334961e-05,0
fedavg-mnist-iid-reference-seed7-20261004,1,3,conv1,min,-0.0009185224771499634,0
fedavg-mnist-iid-reference-seed7-20261004,1,3,conv1,max,0.0014442205429077148,0
fedavg-mnist-iid-reference-seed7-20261004,1,3,conv1,l1,0.053335652279201895,0
fedavg-mnist-iid-reference-seed7-20261004,1,3,conv1,l2,0.0059266370866757545,0
fedavg-mnist-iid-reference-seed7-20261004,1,3,conv1,max_abs,0.0014442205429077148,0
fedavg-mnist-iid-reference-seed7-20261004,1,3,conv1,sparsity,0.0,0
fedavg-mnist-iid-reference-seed7-20261004,1,3,conv1,skewness,0.45601775909894865,0
fedavg-mnist-iid-reference-seed7-20261004,1,3,conv1,kurtosis,0.2014825173469621,0
fedavg-mnist-iid-reference-seed7-20261004,1,3,conv2,mean,6.785704992329682e-05,0
fedavg-mnist-iid-reference-seed7-20261004,1,3,conv2,std,0.00027875410485046174,0
fedavg-mnist-iid-reference-seed7-20261004,1,3,conv2,median,1.8933787941932678e-05,0
fedavg-mnist-iid-reference-seed7-20261004,1,3,conv2,min,-0.0012755542993545532,0
fedavg-mnist-iid-reference-seed7-20261004,1,3,conv2,max,0.002181253395974636,0
fedavg-mnist-iid-reference-seed7-20261004,1,3,conv2,l1,0.853337173059117,0
fedavg-mnist-iid-reference-seed7-20261004,1,3,conv2,l2,0.019542546305588635,0
fedavg-mnist-iid-reference-seed7-20261004,1,3,conv2,max_abs,0.002181253395974636,0
fedavg-mnist-iid-reference-seed7-20261004,1,3,conv2,sparsity,0.0,0
fedavg-mnist-iid-reference-seed7-20261004,1,3,conv2,skewness,0.9476751481227879,0
fedavg-mnist-iid-reference-seed7-20261004,1,3,conv2,kurtosis,4.669604778455419,0
fedavg-mnist-iid-reference-seed7-20261004,1,3,fc1,mean,1.3102255927007208e-05,0
fedavg-mnist-iid-reference-seed7-20261004,1,3,fc1,std,0.0002445919219137389,0
fedavg-mnist-iid-reference-seed7-20261004,1,3,fc1,median,0.0,0
fedavg-mnist-iid-reference-seed7-20261004,1,3,fc1,min,-0.0028120409697294235,0
fedavg-mnist-iid-reference-seed7-20261004,1,3,fc1,max,0.0040711890906095505,0
fedavg-mnist-iid-reference-seed7-20261004,1,3,fc1,l1,11.83629844541997,0
fedavg-mnist-iid-reference-seed7-20261004,1,3,fc1,l2,0.07761859595851808,0
fedavg-mnist-iid-reference-seed7-20261004,1,3,fc1,max_abs,0.0040711890906095505,0
fedavg-mnist-iid-reference-seed7-20261004,1,3,fc1,sparsity,0.1615081261950287,0
fedavg-mnist-iid-reference-seed7-20261004,1,3,fc1,skewness,1.0745603149518645,0
fedavg-mnist-iid-reference-seed7-20261004,1,3,fc1,kurtosis,19.41315631844157,0
fedavg-mnist-iid-reference-seed7-20261004,1,3,output,mean,1.3271346688270568e-10,0
fedavg-mnist-iid-reference-seed7-20261004,1,3,output,std,0.0006107582158246369,0
fedavg-mnist-iid-reference-seed7-20261004,1,3,output,median,-7.720664143562317e-07,0
fedavg-mnist-iid-reference-seed7-20261004,1,3,output,min,-0.002343006432056427,0
fedavg-mnist-iid-reference-seed7-20261004,1,3,output,max,0.0022187158465385437,0
fedavg-mnist-iid-reference-seed7-20261004,1,3,output,l1,0.23932947986759245,0
fedavg-mnist-iid-reference-seed7-20261004,1,3,output,l2,0.015571340302885055,0
fedavg-mnist-iid-reference-seed7-20261004,1,3,output,max_abs,0.002343006432056427,0
fedavg-mnist-iid-reference-seed7-20261004,1,3,output,sparsity,0.12307692307692308,0
fedavg-mnist-iid-reference-seed7-20261004,1,3,output,skewness,0.12419616148418441,0
fedavg-mnist-iid-reference-seed7-20261004,1,3,output,kurtosis,2.952407316116293,0
fedavg-mnist-iid-reference-seed7-20261004,1,4,conv1,mean,0.00015855926230869954,0
fedavg-mnist-iid-reference-seed7-20261004,1,4,conv1,std,0.0004037454946089665,0
fedavg-mnist-iid-reference-seed7-20261004,1,4,conv1,median,8.966401219367981e-05,0
fedavg-mnist-iid-reference-seed7-20261004,1,4,conv1,min,-0.0008881688117980957,0
fedavg-mnist-iid-reference-seed7-20261004,1,4,conv1,max,0.0014878511428833008,0
fedavg-mnist-iid-reference-seed7-20261004,1,4,conv1,l1,0.05009761903784238,0
fedavg-mnist-iid-reference-seed7-20261004,1,4,conv1,l2,0.005486732566195192,0
fedavg-mnist-iid-reference-seed7-20261004,1,4,conv1,max_abs,0.0014878511428833008,0
fedavg-mnist-iid-reference-seed7-20261004,1,4,conv1,sparsity,0.0,0
fedavg-mnist-iid-reference-seed7-20261004,1,4,conv1,skewness,0.3832883797814514,0
fedavg-mnist-iid-reference-seed7-20261004,1,4,conv1,kurtosis,0.6884509787467321,0
fedavg-mnist-iid-reference-seed7-20261004,1,4,conv2,mean,5.484888443310536e-05,0
fedavg-mnist-iid-reference-seed7-20261004,1,4,conv2,std,0.00029516287906049477,0
fedavg-mnist-iid-reference-seed7-20261004,1,4,conv2,median,1.0963529348373413e-05,0
fedavg-mnist-iid-reference-seed7-20261004,1,4,conv2,min,-0.0014406591653823853,0
fedavg-mnist-iid-reference-seed7-20261004,1,4,conv2,max,0.0021507134661078453,0
fedavg-mnist-iid-reference-seed7-20261004,1,4,conv2,l1,0.902768852063673,0
fedavg-mnist-iid-reference-seed7-20261004,1,4,conv2,l2,0.020449963261253083,0
fedavg-mnist-iid-reference-seed7-20261004,1,4,conv2,max_abs,0.0021507134661078453,0
fedavg-mnist-iid-reference-seed7-20261004,1,4,conv2,sparsity,0.0,0
fedavg-mnist-iid-reference-seed7-20261004,1,4,conv2,skewness,0.5943687783520611,0
fedavg-mnist-iid-reference-seed7-20261004,1,4,conv2,kurtosis,3.8054973394488947,0
fedavg-mnist-iid-reference-seed7-20261004,1,4,fc1,mean,4.690611995034947e-06,0
fedavg-mnist-iid-reference-seed7-20261004,1,4,fc1,std,0.0002866656882308931,0
fedavg-mnist-iid-reference-seed7-20261004,1,4,fc1,median,0.0,0
fedavg-mnist-iid-reference-seed7-20261004,1,4,fc1,min,-0.003445411566644907,0
fedavg-mnist-iid-reference-seed7-20261004,1,4,fc1,max,0.004072015173733234,0
fedavg-mnist-iid-reference-seed7-20261004,1,4,fc1,l1,14.047113539031216,0
fedavg-mnist-iid-reference-seed7-20261004,1,4,fc1,l2,0.09085216970406519,0
fedavg-mnist-iid-reference-seed7-20261004,1,4,fc1,max_abs,0.004072015173733234,0
fedavg-mnist-iid-reference-seed7-20261004,1,4,fc1,sparsity,0.13664157106437222,0
fedavg-mnist-iid-reference-seed7-20261004,1,4,fc1,skewness,0.5095316018452568,0
fedavg-mnist-iid-reference-seed7-20261004,1,4,fc1,kurtosis,17.146925200742764,0
fedavg-mnist-iid-reference-seed7-20261004,1,4,output,mean,-1.6495155600401072e-10,0
fedavg-mnist-iid-reference-seed7-20261004,1,4,output,std,0.0007230148745571831,0
fedavg-mnist-iid-reference-seed7-20261004,1,4,output,median,-2.9532238841056824e-06,0
fedavg-mnist-iid-reference-seed7-20261004,1,4,output,min,-0.0029710382223129272,0
fedavg-mnist-iid-reference-seed7-20261004,1,4,output,max,0.004338614642620087,0
fedavg-mnist-iid-reference-seed7-20261004,1,4,output,l1,0.27166755637153983,0
fedavg-mnist-iid-reference-seed7-20261004,1,4,output,l2,0.018433334769925064,0
fedavg-mnist-iid-reference-seed7-20261004,1,4,output,max_abs,0.004338614642620087,0
fedavg-mnist-iid-reference-seed7-20261004,1,4,output,sparsity,0.09230769230769231,0
fedavg-mnist-iid-reference-seed7-20261004,1,4,output,skewness,0.7495761851995669,0
fedavg-mnist-iid-reference-seed7-20261004,1,4,output,kurtosis,4.880804739387071,0
fedavg-mnist-iid-reference-seed7-20261004,2,0,conv1,mean,0.0005608689833024982,0
fedavg-mnist-iid-reference-seed7-20261004,2,0,conv1,std,0.0007455287142694965,0
fedavg-mnist-iid-reference-seed7-20261004,2,0,conv1,median,0.0003315173089504242,0
fedavg-mnist-iid-reference-seed7-20261004,2,0,conv1,min,-0.0008604303002357483,0
fedavg-mnist-iid-reference-seed7-20261004,2,0,conv1,max,0.0028224587440490723,0
fedavg-mnist-iid-reference-seed7-20261004,2,0,conv1,l1,0.10180167446378618,0
fedavg-mnist-iid-reference-seed7-20261004,2,0,conv1,l2,0.011800929320904225,0
fedavg-mnist-iid-reference-seed7-20261004,2,0,conv1,max_abs,0.0028224587440490723,0
fedavg-mnist-iid-reference-seed7-20261004,2,0,conv1,sparsity,0.0,0
fedavg-mnist-iid-reference-seed7-20261004,2,0,conv1,skewness,1.0046293266522757,0
fedavg-mnist-iid-reference-seed7-20261004,2,0,conv1,kurtosis,0.3962605431210524,0
fedavg-mnist-iid-reference-seed7-20261004,2,0,conv2,mean,0.00012882225791662646,0
fedavg-mnist-iid-reference-seed7-20261004,2,0,conv2,std,0.0003410726962007133,0
fedavg-mnist-iid-reference-seed7-20261004,2,0,conv2,median,3.700144588947296e-05,0
fedavg-mnist-iid-reference-seed7-20261004,2,0,conv2,min,-0.000947231543250382,0
fedavg-mnist-iid-reference-seed7-20261004,2,0,conv2,max,0.0027458257973194122,0
fedavg-mnist-iid-reference-seed7-20261004,2,0,conv2,l1,1.0029199517339293,0
fedavg-mnist-iid-reference-seed7-20261004,2,0,conv2,l2,0.024834965636771057,0
fedavg-mnist-iid-reference-seed7-20261004,2,0,conv2,max_abs,0.0027458257973194122,0
fedavg-mnist-iid-reference-seed7-20261004,2,0,conv2,sparsity,0.0004310344827586207,0
fedavg-mnist-iid-reference-seed7-20261004,2,0,conv2,skewness,2.107646178327399,0
fedavg-mnist-iid-reference-seed7-20261004,2,0,conv2,kurtosis,8.298869175487289,0
fedavg-mnist-iid-reference-seed7-20261004,2,0,fc1,mean,1.2300497697279608e-05,0
fedavg-mnist-iid-reference-seed7-20261004,2,0,fc1,std,0.00027051882129304884,0
fedavg-mnist-iid-reference-seed7-20261004,2,0,fc1,median,0.0,0
fedavg-mnist-iid-reference-seed7-20261004,2,0,fc1,min,-0.0037185708060860634,0
fedavg-mnist-iid-reference-seed7-20261004,2,0,fc1,max,0.003568964544683695,0
fedavg-mnist-iid-reference-seed7-20261004,2,0,fc1,l1,12.942452598596674,0
fedavg-mnist-iid-reference-seed7-20261004,2,0,fc1,l2,0.08581188433698306,0
fedavg-mnist-iid-reference-seed7-20261004,2,0,fc1,max_abs,0.0037185708060860634,0
fedavg-mnist-iid-reference-seed7-20261004,2,0,fc1,sparsity,0.13782664117272148,0
fedavg-mnist-iid-reference-seed7-20261004,2,0,fc1,skewness,0.37996000997470863,0
fedavg-mnist-iid-reference-seed7-20261004,2,0,fc1,kurtosis,19.162313744562724,0
fedavg-mnist-iid-reference-seed7-20261004,2,0,output,mean,-2.462351963353845e-10,0
fedavg-mnist-iid-reference-seed7-20261004,2,0,output,std,0.0008389295195131458,0
fedavg-mnist-iid-reference-seed7-20261004,2,0,output,median,-2.9783695936203003e-06,0
fedavg-mnist-iid-reference-seed7-20261004,2,0,output,min,-0.0039028748869895935,0
fedavg-mnist-iid-reference-seed7-20261004,2,0,output,max,0.004840802401304245,0
fedavg-mnist-iid-reference-seed7-20261004,2,0,output,l1,0.3194495891984843,0
fedavg-mnist-iid-reference-seed7-20261004,2,0,output,l2,0.02138858995263367,0
fedavg-mnist-iid-reference-seed7-20261004,2,0,output,max_abs,0.004840802401304245,0
fedavg-mnist-iid-reference-seed7-20261004,2,0,output,sparsity,0.09230769230769231,0
fedavg-mnist-iid-reference-seed7-20261004,2,0,output,skewness,0.5980188026955584,0
fedavg-mnist-iid-reference-seed7-20261004,2,0,output,kurtosis,5.28565319845465,0
fedavg-mnist-iid-reference-seed7-20261004,2,1,conv1,mean,0.0006070392431865912,0
fedavg-mnist-iid-reference-seed7-20261004,2,1,conv1,std,0.0008108968145262637,0
fedavg-mnist-iid-reference-seed7-20261004,2,1,conv1,median,0.0003602895885705948,0
fedavg-mnist-iid-reference-seed7-20261004,2,1,conv1,min,-0.0006561651825904846,0
fedavg-mnist-iid-reference-seed7-20261004,2,1,conv1,max,0.0032446086406707764,0
fedavg-mnist-iid-reference-seed7-20261004,2,1,conv1,l1,0.10833596147131175,0
fedavg-mnist-iid-reference-seed7-20261004,2,1,conv1,l2,0.012812807883223044,0
fedavg-mnist-iid-reference-seed7-20261004,2,1,conv1,max_abs,0.0032446086406707764,0
fedavg-mnist-iid-reference-seed7-20261004,2,1,conv1,sparsity,0.0,0
fedavg-mnist-iid-reference-seed7-20261004,2,1,conv1,skewness,1.2964732004406017,0
fedavg-mnist-iid-reference-seed7-20261004,2,1,conv1,kurtosis,1.3478387784806358,0
fedavg-mnist-iid-reference-seed7-20261004,2,1,conv2,mean,0.00014586558594569866,0
fedavg-mnist-iid-reference-seed7-20261004,2,1,conv2,std,0.0003439535913712762,0
fedavg-mnist-iid-reference-seed7-20261004,2,1,conv2,median,4.501361399888992e-05,0
fedavg-mnist-iid-reference-seed7-20261004,2,1,conv2,min,-0.000811590813100338,0
fedavg-mnist-iid-reference-seed7-20261004,2,1,conv2,max,0.0029563233256340027,0
fedavg-mnist-iid-reference-seed7-20261004,2,1,conv2,l1,1.019640821235953,0
fedavg-mnist-iid-reference-seed7-20261004,2,1,conv2,l2,0.025449068896865976,0
fedavg-mnist-iid-reference-seed7-20261004,2,1,conv2,max_abs,0.0029563233256340027,0
fedavg-mnist-iid-reference-seed7-20261004,2,1,conv2,sparsity,0.0,0
fedavg-mnist-iid-reference-seed7-20261004,2,1,conv2,skewness,2.2498345981020917,0
fedavg-mnist-iid-reference-seed7-20261004,2,1,conv2,kurtosis,8.87937449299633,0
fedavg-mnist-iid-reference-seed7-20261004,2,1,fc1,mean,3.1808184981565965e-05,0
fedavg-mnist-iid-reference-seed7-20261004,2,1,fc1,std,0.00025414383222936867,0
fedavg-mnist-iid-reference-seed7-20261004,2,1,fc1,median,0.0,0
fedavg-mnist-iid-reference-seed7-20261004,2,1,fc1,min,-0.0033464618027210236,0
fedavg-mnist-iid-reference-seed7-20261004,2,1,fc1,max,0.004208371043205261,0
fedavg-mnist-iid-reference-seed7-20261004,2,1,fc1,l1,12.411506731306986,0
fedavg-mnist-iid-reference-seed7-20261004,2,1,fc1,l2,0.08116264388258551,0
fedavg-mnist-iid-reference-seed7-20261004,2,1,fc1,max_abs,0.004208371043205261,0
fedavg-mnist-iid-reference-seed7-20261004,2,1,fc1,sparsity,0.1347892766093053,0
fedavg-mnist-iid-reference-seed7-20261004,2,1,fc1,skewness,1.3974473392933906,0
fedavg-mnist-iid-reference-seed7-20261004,2,1,fc1,kurtosis,18.18241740667105,0
fedavg-mnist-iid-reference-seed7-20261004,2,1,output,mean,-4.880488491975344e-11,0
fedavg-mnist-iid-reference-seed7-20261004,2,1,output,std,0.0007597223781761864,0
fedavg-mnist-iid-reference-seed7-20261004,2,1,output,median,-3.1888484954833984e-06,0
fedavg-mnist-iid-reference-seed7-20261004,2,1,output,min,-0.002640493679791689,0
fedavg-mnist-iid-reference-seed7-20261004,2,1,output,max,0.004481825977563858,0
fedavg-mnist-iid-reference-seed7-20261004,2,1,output,l1,0.2964394878363237,0
fedavg-mnist-iid-reference-seed7-20261004,2,1,output,l2,0.0193691961561675,0
fedavg-mnist-iid-reference-seed7-20261004,2,1,output,max_abs,0.004481825977563858,0
fedavg-mnist-iid-reference-seed7-20261004,2,1,output,sparsity,0.09230769230769231,0
fedavg-mnist-iid-reference-seed7-20261004,2,1,output,skewness,0.6429640225305676,0
fedavg-mnist-iid-reference-seed7-20261004,2,1,output,kurtosis,4.217830622553539,0
fedavg-mnist-iid-reference-seed7-20261004,2,2,conv1,mean,0.0006272612663451582,0
fedavg-mnist-iid-reference-seed7-20261004,2,2,conv1,std,0.0008202516528372311,0
fedavg-mnist-iid-reference-seed7-20261004,2,2,conv1,median,0.00034715980291366577,0
fedavg-mnist-iid-reference-seed7-20261004,2,2,conv1,min,-0.0007373318076133728,0
fedavg-mnist-iid-reference-seed7-20261004,2,2,conv1,max,0.002951696515083313,0
fedavg-mnist-iid-reference-seed7-20261004,2,2,conv1,l1,0.1152923284098506,0
fedavg-mnist-iid-reference-seed7-20261004,2,2,conv1,l2,0.013061512746931826,0
fedavg-mnist-iid-reference-seed7-20261004,2,2,conv1,max_abs,0.002951696515083313,0
fedavg-mnist-iid-reference-seed7-20261004,2,2,conv1,sparsity,0.0,0
fedavg-mnist-iid-reference-seed7-20261004,2,2,conv1,skewness,0.9305299831671601,0
fedavg-mnist-iid-reference-seed7-20261004,2,2,conv1,kurtosis,0.16971881996471883,0
fedavg-mnist-iid-reference-seed7-20261004,2,2,conv2,mean,0.00013718603573375607,0
fedavg-mnist-iid-reference-seed7-20261004,2,2,conv2,std,0.0003755919689841932,0
fedavg-mnist-iid-reference-seed7-20261004,2,2,conv2,median,3.55986412614584e-05,0
fedavg-mnist-iid-reference-seed7-20261004,2,2,conv2,min,-0.0013549402356147766,0
fedavg-mnist-iid-reference-seed7-20261004,2,2,conv2,max,0.0030692070722579956,0
fedavg-mnist-iid-reference-seed7-20261004,2,2,conv2,l1,1.0651157715292356,0
fedavg-mnist-iid-reference-seed7-20261004,2,2,conv2,l2,0.027237593818565487,0
fedavg-mnist-iid-reference-seed7-20261004,2,2,conv2,max_abs,0.0030692070722579956,0
fedavg-mnist-iid-reference-seed7-20261004,2,2,conv2,sparsity,0.0,0
fedavg-mnist-iid-reference-seed7-20261004,2,2,conv2,skewness,2.338222217379178,0
fedavg-mnist-iid-reference-seed7-20261004,2,2,conv2,kurtosis,9.75149966355732,0
fedavg-mnist-iid-reference-seed7-20261004,2,2,fc1,mean,2.2163606445348736e-05,0
fedavg-mnist-iid-reference-seed7-20261004,2,2,fc1,std,0.00028494336935842266,0
fedavg-mnist-iid-reference-seed7-20261004,2,2,fc1,median,0.0,0
fedavg-mnist-iid-reference-seed7-20261004,2,2,fc1,min,-0.00412529893219471,0
fedavg-mnist-iid-reference-seed7-20261004,2,2,fc1,max,0.00471872091293335,0
fedavg-mnist-iid-reference-seed7-20261004,2,2,fc1,l1,13.370369570013509,0
fedavg-mnist-iid-reference-seed7-20261004,2,2,fc1,l2,0.09056696661621912,0
fedavg-mnist-iid-reference-seed7-20261004,2,2,fc1,max_abs,0.00471872091293335,0
fedavg-mnist-iid-reference-seed7-20261004,2,2,fc1,sparsity,0.13501832377310388,0
fedavg-mnist-iid-reference-seed7-20261004,2,2,fc1,skewness,1.140492981040836,0
fedavg-mnist-iid-reference-seed7-20261004,2,2,fc1,kurtosis,21.301128569131524,0
fedavg-mnist-iid-reference-seed7-20261004,2,2,output,mean,3.9355095046070904e-10,0
fedavg-mnist-iid-reference-seed7-20261004,2,2,output,std,0.0008340815428930109,0
fedavg-mnist-iid-reference-seed7-20261004,2,2,output,median,-2.3934990167617798e-06,0
fedavg-mnist-iid-reference-seed7-20261004,2,2,output,min,-0.003363370895385742,0
fedavg-mnist-iid-reference-seed7-20261004,2,2,output,max,0.00362221896648407,0
fedavg-mnist-iid-reference-seed7-20261004,2,2,output,l1,0.32218429377826396,0
fedavg-mnist-iid-reference-seed7-20261004,2,2,output,l2,0.021264990315697566,0
fedavg-mnist-iid-reference-seed7-20261004,2,2,output,max_abs,0.00362221896648407,0
fedavg-mnist-iid-reference-seed7-20261004,2,2,output,sparsity,0.09230769230769231,0
fedavg-mnist-iid-reference-seed7-20261004,2,2,output,skewness,0.344667125268195,0
fedavg-mnist-iid-reference-seed7-20261004,2,2,output,kurtosis,3.543170233109877,0
fedavg-mnist-iid-reference-seed7-20261004,2,3,conv1,mean,0.0005809736969240476,0
fedavg-mnist-iid-reference-seed7-20261004,2,3,conv1,std,0.0007762160126998098,0
fedavg-mnist-iid-reference-seed7-20261004,2,3,conv1,median,0.0002983585000038147,0
fedavg-mnist-iid-reference-seed7-20261004,2,3,conv1,min,-0.0007986277341842651,0
fedavg-mnist-iid-reference-seed7-20261004,2,3,conv1,max,0.002897396683692932,0
fedavg-mnist-iid-reference-seed7-20261004,2,3,conv1,l1,0.10382554319221526,0
fedavg-mnist-iid-reference-seed7-20261004,2,3,conv1,l2,0.012264040018781322,0
fedavg-mnist-iid-reference-seed7-20261004,2,3,conv1,max_abs,0.002897396683692932,0
fedavg-mnist-iid-reference-seed7-20261004,2,3,conv1,sparsity,0.0,0
fedavg-mnist-iid-reference-seed7-20261004,2,3,conv1,skewness,1.0906864880144649,0
fedavg-mnist-iid-reference-seed7-20261004,2,3,conv1,kurtosis,0.503389490784758,0
fedavg-mnist-iid-reference-seed7-20261004,2,3,conv2,mean,0.00014276102047554968,0
fedavg-mnist-iid-reference-seed7-20261004,2,3,conv2,std,0.00034216264654905916,0
fedavg-mnist-iid-reference-seed7-20261004,2,3,conv2,median,4.25092875957489e-05,0
fedavg-mnist-iid-reference-seed7-20261004,2,3,conv2,min,-0.0011591613292694092,0
fedavg-mnist-iid-reference-seed7-20261004,2,3,conv2,max,0.0030176639556884766,0
fedavg-mnist-iid-reference-seed7-20261004,2,3,conv2,l1,0.9992986936522357,0
fedavg-mnist-iid-reference-seed7-20261004,2,3,conv2,l2,0.0252546188540936,0
fedavg-mnist-iid-reference-seed7-20261004,2,3,conv2,max_abs,0.0030176639556884766,0
fedavg-mnist-iid-reference-seed7-20261004,2,3,conv2,sparsity,0.0,0
fedavg-mnist-iid-reference-seed7-20261004,2,3,conv2,skewness,2.3111737191498283,0
fedavg-mnist-iid-reference-seed7-20261004,2,3,conv2,kurtosis,9.300537305878688,0
fedavg-mnist-iid-reference-seed7-20261004,2,3,fc1,mean,3.316543924119324e-05,0
fedavg-mnist-iid-reference-seed7-20261004,2,3,fc1,std,0.00024337722696633315,0
fedavg-mnist-iid-reference-seed7-20261004,2,3,fc1,median,0.0,0
fedavg-mnist-iid-reference-seed7-20261004,2,3,fc1,min,-0.002581491135060787,0
fedavg-mnist-iid-reference-seed7-20261004,2,3,fc1,max,0.0040296521037817,0
fedavg-mnist-iid-reference-seed7-20261004,2,3,fc1,l1,11.677967457985403,0
fedavg-mnist-iid-reference-seed7-20261004,2,3,fc1,l2,0.07783534148258192,0
fedavg-mnist-iid-reference-seed7-20261004,2,3,fc1,max_abs,0.0040296521037817,0
fedavg-mnist-iid-reference-seed7-20261004,2,3,fc1,sparsity,0.16207576481835564,0
fedavg-mnist-iid-reference-seed7-20261004,2,3,fc1,skewness,1.5221303689090824,0
fedavg-mnist-iid-reference-seed7-20261004,2,3,fc1,kurtosis,18.53648396188548,0
fedavg-mnist-iid-reference-seed7-20261004,2,3,output,mean,-1.9486133868877703e-10,0
fedavg-mnist-iid-reference-seed7-20261004,2,3,output,std,0.0007235083614328344,0
fedavg-mnist-iid-reference-seed7-20261004,2,3,output,median,-1.3075768947601318e-06,0
fedavg-mnist-iid-reference-seed7-20261004,2,3,output,min,-0.0033198967576026917,0
fedavg-mnist-iid-reference-seed7-20261004,2,3,output,max,0.0031148046255111694,0
fedavg-mnist-iid-reference-seed7-20261004,2,3,output,l1,0.2786018905462697,0
fedavg-mnist-iid-reference-seed7-20261004,2,3,output,l2,0.01844591626596849,0
fedavg-mnist-iid-reference-seed7-20261004,2,3,output,max_abs,0.0033198967576026917,0
fedavg-mnist-iid-reference-seed7-20261004,2,3,output,sparsity,0.12307692307692308,0
fedavg-mnist-iid-reference-seed7-20261004,2,3,output,skewness,0.21569450031018733,0
fedavg-mnist-iid-reference-seed7-20261004,2,3,output,kurtosis,3.1166546143640677,0
fedavg-mnist-iid-reference-seed7-20261004,2,4,conv1,mean,0.0005762735509051709,0
fedavg-mnist-iid-reference-seed7-20261004,2,4,conv1,std,0.0007490126455124357,0
fedavg-mnist-iid-reference-seed7-20261004,2,4,conv1,median,0.00031222589313983917,0
fedavg-mnist-iid-reference-seed7-20261004,2,4,conv1,min,-0.0007568448781967163,0
fedavg-mnist-iid-reference-seed7-20261004,2,4,conv1,max,0.0029483139514923096,0
fedavg-mnist-iid-reference-seed7-20261004,2,4,conv1,l1,0.1029771204921417,0
fedavg-mnist-iid-reference-seed7-20261004,2,4,conv1,l2,0.011953986104127057,0
fedavg-mnist-iid-reference-seed7-20261004,2,4,conv1,max_abs,0.0029483139514923096,0
fedavg-mnist-iid-reference-seed7-20261004,2,4,conv1,sparsity,0.0,0
fedavg-mnist-iid-reference-seed7-20261004,2,4,conv1,skewness,1.0469111594318068,0
fedavg-mnist-iid-reference-seed7-20261004,2,4,conv1,kurtosis,0.5398463666810347,0
fedavg-mnist-iid-reference-seed7-20261004,2,4,conv2,mean,0.00013420628844853816,0
fedavg-mnist-iid-reference-seed7-20261004,2,4,conv2,std,0.0003492990901908391,0
fedavg-mnist-iid-reference-seed7-20261004,2,4,conv2,median,3.308616578578949e-05,0
fedavg-mnist-iid-reference-seed7-20261004,2,4,conv2,min,-0.001230381429195404,0
fedavg-mnist-iid-reference-seed7-20261004,2,4,conv2,max,0.003002334386110306,0
fedavg-mnist-iid-reference-seed7-20261004,2,4,conv2,l1,1.0291223335261748,0
fedavg-mnist-iid-reference-seed7-20261004,2,4,conv2,l2,0.025489179777312965,0
fedavg-mnist-iid-reference-seed7-20261004,2,4,conv2,max_abs,0.003002334386110306,0
fedavg-mnist-iid-reference-seed7-20261004,2,4,conv2,sparsity,0.0,0
fedavg-mnist-iid-reference-seed7-20261004,2,4,conv2,skewness,2.153254930816629,0
fedavg-mnist-iid-reference-seed7-20261004,2,4,conv2,kurtosis,8.779741686626835,0
fedavg-mnist-iid-reference-seed7-20261004,2,4,fc1,mean,2.2067227362942178e-05,0
fedavg-mnist-iid-reference-seed7-20261004,2,4,fc1,std,0.0002648314024029226,0
fedavg-mnist-iid-reference-seed7-20261004,2,4,fc1,median,0.0,0
fedavg-mnist-iid-reference-seed7-20261004,2,4,fc1,min,-0.0029293778352439404,0
fedavg-mnist-iid-reference-seed7-20261004,2,4,fc1,max,0.004054537974298,0
fedavg-mnist-iid-reference-seed7-20261004,2,4,fc1,l1,12.594961944556644,0
fedavg-mnist-iid-reference-seed7-20261004,2,4,fc1,l2,0.08421189012280321,0
fedavg-mnist-iid-reference-seed7-20261004,2,4,fc1,max_abs,0.004054537974298,0
fedavg-mnist-iid-reference-seed7-20261004,2,4,fc1,sparsity,0.13744821542383684,0
fedavg-mnist-iid-reference-seed7-20261004,2,4,fc1,skewness,1.0468777688284465,0
fedavg-mnist-iid-reference-seed7-20261004,2,4,fc1,kurtosis,18.780194711060815,0
fedavg-mnist-iid-reference-seed7-20261004,2,4,output,mean,4.0611037268088416e-11,0
fedavg-mnist-iid-reference-seed7-20261004,2,4,output,std,0.0008158216634725539,0
fedavg-mnist-iid-reference-seed7-20261004,2,4,output,median,-4.36045229434967e-06,0
fedavg-mnist-iid-reference-seed7-20261004,2,4,output,min,-0.0026197433471679688,0
fedavg-mnist-iid-reference-seed7-20261004,2,4,output,max,0.0037195533514022827,0
fedavg-mnist-iid-reference-seed7-20261004,2,4,output,l1,0.31703636949532665,0
fedavg-mnist-iid-reference-seed7-20261004,2,4,output,l2,0.020799452908291417,0
fedavg-mnist-iid-reference-seed7-20261004,2,4,output,max_abs,0.0037195533514022827,0
fedavg-mnist-iid-reference-seed7-20261004,2,4,output,sparsity,0.09230769230769231,0
fedavg-mnist-iid-reference-seed7-20261004,2,4,output,skewness,0.6012986113065969,0
fedavg-mnist-iid-reference-seed7-20261004,2,4,output,kurtosis,2.968553298486345,0
fedavg-mnist-iid-reference-seed7-20261004,3,0,conv1,mean,0.0009904648846713825,0
fedavg-mnist-iid-reference-seed7-20261004,3,0,conv1,std,0.001273336711023972,0
fedavg-mnist-iid-reference-seed7-20261004,3,0,conv1,median,0.0005561038851737976,0
fedavg-mnist-iid-reference-seed7-20261004,3,0,conv1,min,-0.0009782910346984863,0
fedavg-mnist-iid-reference-seed7-20261004,3,0,conv1,max,0.004998341202735901,0
fedavg-mnist-iid-reference-seed7-20261004,3,0,conv1,l1,0.1689584287814796,0
fedavg-mnist-iid-reference-seed7-20261004,3,0,conv1,l2,0.02040551716534895,0
fedavg-mnist-iid-reference-seed7-20261004,3,0,conv1,max_abs,0.004998341202735901,0
fedavg-mnist-iid-reference-seed7-20261004,3,0,conv1,sparsity,0.0,0
fedavg-mnist-iid-reference-seed7-20261004,3,0,conv1,skewness,1.2697056353034537,0
fedavg-mnist-iid-reference-seed7-20261004,3,0,conv1,kurtosis,1.0330925743610848,0
fedavg-mnist-iid-reference-seed7-20261004,3,0,conv2,mean,0.0002126865212176199,0
fedavg-mnist-iid-reference-seed7-20261004,3,0,conv2,std,0.000462061633593029,0
fedavg-mnist-iid-reference-seed7-20261004,3,0,conv2,median,6.395578384399414e-05,0
fedavg-mnist-iid-reference-seed7-20261004,3,0,conv2,min,-0.0011603147722780704,0
fedavg-mnist-iid-reference-seed7-20261004,3,0,conv2,max,0.003973543643951416,0
fedavg-mnist-iid-reference-seed7-20261004,3,0,conv2,l1,1.3246083088088199,0
fedavg-mnist-iid-reference-seed7-20261004,3,0,conv2,l2,0.03464877204598867,0
fedavg-mnist-iid-reference-seed7-20261004,3,0,conv2,max_abs,0.003973543643951416,0
fedavg-mnist-iid-reference-seed7-20261004,3,0,conv2,sparsity,0.0,0
fedavg-mnist-iid-reference-seed7-20261004,3,0,conv2,skewness,2.5866102162442046,0
fedavg-mnist-iid-reference-seed7-20261004,3,0,conv2,kurtosis,10.535990930991561,0
fedavg-mnist-iid-reference-seed7-20261004,3,0,fc1,mean,2.0210148709545144e-05,0
fedavg-mnist-iid-reference-seed7-20261004,3,0,fc1,std,0.00028512802733837326,0
fedavg-mnist-iid-reference-seed7-20261004,3,0,fc1,median,0.0,0
fedavg-mnist-iid-reference-seed7-20261004,3,0,fc1,min,-0.003857501782476902,0
fedavg-mnist-iid-reference-seed7-20261004,3,0,fc1,max,0.003805882064625621,0
fedavg-mnist-iid-reference-seed7-20261004,3,0,fc1,l1,13.425092684784545,0
fedavg-mnist-iid-reference-seed7-20261004,3,0,fc1,l2,0.09057943523990783,0
fedavg-mnist-iid-reference-seed7-20261004,3,0,fc1,max_abs,0.003857501782476902,0
fedavg-mnist-iid-reference-seed7-20261004,3,0,fc1,sparsity,0.1370996653919694,0
fedavg-mnist-iid-reference-seed7-20261004,3,0,fc1,skewness,0.7677163613501939,0
fedavg-mnist-iid-reference-seed7-20261004,3,0,fc1,kurtosis,18.81413706175382,0
fedavg-mnist-iid-reference-seed7-20261004,3,0,output,mean,3.0581409541460184e-10,0
fedavg-mnist-iid-reference-seed7-20261004,3,0,output,std,0.001041846274639586,0
fedavg-mnist-iid-reference-seed7-20261004,3,0,output,median,-1.6130506992340088e-06,0
fedavg-mnist-iid-reference-seed7-20261004,3,0,output,min,-0.0038757435977458954,0
fedavg-mnist-iid-reference-seed7-20261004,3,0,output,max,0.005029141902923584,0
fedavg-mnist-iid-reference-seed7-20261004,3,0,output,l1,0.40687575546326116,0
fedavg-mnist-iid-reference-seed7-20261004,3,0,output,l2,0.026561972422757128,0
fedavg-mnist-iid-reference-seed7-20261004,3,0,output,max_abs,0.005029141902923584,0
fedavg-mnist-iid-reference-seed7-20261004,3,0,output,sparsity,0.09230769230769231,0
fedavg-mnist-iid-reference-seed7-20261004,3,0,output,skewness,0.48032128338110297,0
fedavg-mnist-iid-reference-seed7-20261004,3,0,output,kurtosis,3.884980603181713,0
fedavg-mnist-iid-reference-seed7-20261004,3,1,conv1,mean,0.0010070096075651235,0
fedavg-mnist-iid-reference-seed7-20261004,3,1,conv1,std,0.0013147407889738073,0
fedavg-mnist-iid-reference-seed7-20261004,3,1,conv1,median,0.0005556754767894745,0
fedavg-mnist-iid-reference-seed7-20261004,3,1,conv1,min,-0.0007235631346702576,0
fedavg-mnist-iid-reference-seed7-20261004,3,1,conv1,max,0.005289062857627869,0
fedavg-mnist-iid-reference-seed7-20261004,3,1,conv1,l1,0.17236533877439797,0
fedavg-mnist-iid-reference-seed7-20261004,3,1,conv1,l2,0.020947980110435215,0
fedavg-mnist-iid-reference-seed7-20261004,3,1,conv1,max_abs,0.005289062857627869,0
fedavg-mnist-iid-reference-seed7-20261004,3,1,conv1,sparsity,0.0,0
fedavg-mnist-iid-reference-seed7-20261004,3,1,conv1,skewness,1.437244315827471,0
fedavg-mnist-iid-reference-seed7-20261004,3,1,conv1,kurtosis,1.6739800822824789,0
fedavg-mnist-iid-reference-seed7-20261004,3,1,conv2,mean,0.00022098860644103392,0
fedavg-mnist-iid-reference-seed7-20261004,3,1,conv2,std,0.00046868339022628473,0
fedavg-mnist-iid-reference-seed7-20261004,3,1,conv2,median,6.196927279233932e-05,0
fedavg-mnist-iid-reference-seed7-20261004,3,1,conv2,min,-0.0010787539649754763,0
fedavg-mnist-iid-reference-seed7-20261004,3,1,conv2,max,0.004191860556602478,0
fedavg-mnist-iid-reference-seed7-20261004,3,1,conv2,l1,1.326458885181637,0
fedavg-mnist-iid-reference-seed7-20261004,3,1,conv2,l2,0.03529646429674648,0
fedavg-mnist-iid-reference-seed7-20261004,3,1,conv2,max_abs,0.004191860556602478,0
fedavg-mnist-iid-reference-seed7-20261004,3,1,conv2,sparsity,0.0,0
fedavg-mnist-iid-reference-seed7-20261004,3,1,conv2,skewness,2.722838894331763,0
fedavg-mnist-iid-reference-seed7-20261004,3,1,conv2,kurtosis,11.57931044809817,0
fedavg-mnist-iid-reference-seed7-20261004,3,1,fc1,mean,3.29672771989564e-05,0
fedavg-mnist-iid-reference-seed7-20261004,3,1,fc1,std,0.00027085996004980173,0
fedavg-mnist-iid-reference-seed7-20261004,3,1,fc1,median,0.0,0
fedavg-mnist-iid-reference-seed7-20261004,3,1,fc1,min,-0.003538944758474827,0
fedavg-mnist-iid-reference-seed7-20261004,3,1,fc1,max,0.004409624729305506,0
fedavg-mnist-iid-reference-seed7-20261004,3,1,fc1,l1,13.149375289052728,0
fedavg-mnist-iid-reference-seed7-20261004,3,1,fc1,l2,0.08646483647985535,0
fedavg-mnist-iid-reference-seed7-20261004,3,1,fc1,max_abs,0.004409624729305506,0
fedavg-mnist-iid-reference-seed7-20261004,3,1,fc1,sparsity,0.13356437221159975,0
fedavg-mnist-iid-reference-seed7-20261004,3,1,fc1,skewness,1.3948462571722107,0
fedavg-mnist-iid-reference-seed7-20261004,3,1,fc1,kurtosis,18.24609782828451,0
fedavg-mnist-iid-reference-seed7-20261004,3,1,output,mean,4.659747131741964e-10,0
fedavg-mnist-iid-reference-seed7-20261004,3,1,output,std,0.0009541489320505585,0
fedavg-mnist-iid-reference-seed7-20261004,3,1,output,median,-9.164214134216309e-07,0
fedavg-mnist-iid-reference-seed7-20261004,3,1,output,min,-0.003353402018547058,0
fedavg-mnist-iid-reference-seed7-20261004,3,1,output,max,0.004595659673213959,0
fedavg-mnist-iid-reference-seed7-20261004,3,1,output,l1,0.3763765929325018,0
fedavg-mnist-iid-reference-seed7-20261004,3,1,output,l2,0.02432612011700047,0
fedavg-mnist-iid-reference-seed7-20261004,3,1,output,max_abs,0.004595659673213959,0
fedavg-mnist-iid-reference-seed7-20261004,3,1,output,sparsity,0.09230769230769231,0
fedavg-mnist-iid-reference-seed7-20261004,3,1,output,skewness,0.4536296086333371,0
fedavg-mnist-iid-reference-seed7-20261004,3,1,output,kurtosis,3.2508011142643563,0
fedavg-mnist-iid-reference-seed7-20261004,3,2,conv1,mean,0.0010684831580874744,0
fedavg-mnist-iid-reference-seed7-20261004,3,2,conv1,std,0.0013574798075744153,0
fedavg-mnist-iid-reference-seed7-20261004,3,2,conv1,median,0.0006473051907960325,0
fedavg-mnist-iid-reference-seed7-20261004,3,2,conv1,min,-0.0008427798748016357,0
fedavg-mnist-iid-reference-seed7-20261004,3,2,conv1,max,0.0052704960107803345,0
fedavg-mnist-iid-reference-seed7-20261004,3,2,conv1,l1,0.18432247248711064,0
fedavg-mnist-iid-reference-seed7-20261004,3,2,conv1,l2,0.02185189305150052,0
fedavg-mnist-iid-reference-seed7-20261004,3,2,conv1,max_abs,0.0052704960107803345,0
fedavg-mnist-iid-reference-seed7-20261004,3,2,conv1,sparsity,0.0,0
fedavg-mnist-iid-reference-seed7-20261004,3,2,conv1,skewness,1.219541529856306,0
fedavg-mnist-iid-reference-seed7-20261004,3,2,conv1,kurtosis,0.8837608515704143,0
fedavg-mnist-iid-reference-seed7-20261004,3,2,conv2,mean,0.00021176384524206415,0
fedavg-mnist-iid-reference-seed7-20261004,3,2,conv2,std,0.0004918003388178717,0
fedavg-mnist-iid-reference-seed7-20261004,3,2,conv2,median,5.8850739151239395e-05,0
fedavg-mnist-iid-reference-seed7-20261004,3,2,conv2,min,-0.0012803524732589722,0
fedavg-mnist-iid-reference-seed7-20261004,3,2,conv2,max,0.004449181258678436,0
fedavg-mnist-iid-reference-seed7-20261004,3,2,conv2,l1,1.3570559098443482,0
fedavg-mnist-iid-reference-seed7-20261004,3,2,conv2,l2,0.036473844838139605,0
fedavg-mnist-iid-reference-seed7-20261004,3,2,conv2,max_abs,0.004449181258678436,0
fedavg-mnist-iid-reference-seed7-20261004,3,2,conv2,sparsity,0.0,0
fedavg-mnist-iid-reference-seed7-20261004,3,2,conv2,skewness,2.842820524279163,0
fedavg-mnist-iid-reference-seed7-20261004,3,2,conv2,kurtosis,12.655595130785606,0
fedavg-mnist-iid-reference-seed7-20261004,3,2,fc1,mean,2.635299244125513e-05,0
fedavg-mnist-iid-reference-seed7-20261004,3,2,fc1,std,0.0002962136975102404,0
fedavg-mnist-iid-reference-seed7-20261004,3,2,fc1,median,0.0,0
fedavg-mnist-iid-reference-seed7-20261004,3,2,fc1,min,-0.004167119972407818,0
fedavg-mnist-iid-reference-seed7-20261004,3,2,fc1,max,0.004964365623891354,0
fedavg-mnist-iid-reference-seed7-20261004,3,2,fc1,l1,13.690079242859156,0
fedavg-mnist-iid-reference-seed7-20261004,3,2,fc1,l2,0.09423636923612815,0
fedavg-mnist-iid-reference-seed7-20261004,3,2,fc1,max_abs,0.004964365623891354,0
fedavg-mnist-iid-reference-seed7-20261004,3,2,fc1,sparsity,0.13462993945188018,0
fedavg-mnist-iid-reference-seed7-20261004,3,2,fc1,skewness,1.1482047961021677,0
fedavg-mnist-iid-reference-seed7-20261004,3,2,fc1,kurtosis,20.89788117113481,0
fedavg-mnist-iid-reference-seed7-20261004,3,2,output,mean,2.1881602991085787e-10,0
fedavg-mnist-iid-reference-seed7-20261004,3,2,output,std,0.0010251188077444859,0
fedavg-mnist-iid-reference-seed7-20261004,3,2,output,median,-4.731118679046631e-07,0
fedavg-mnist-iid-reference-seed7-20261004,3,2,output,min,-0.004369974136352539,0
fedavg-mnist-iid-reference-seed7-20261004,3,2,output,max,0.004316754639148712,0
fedavg-mnist-iid-reference-seed7-20261004,3,2,output,l1,0.40058936589048244,0
fedavg-mnist-iid-reference-seed7-20261004,3,2,output,l2,0.026135504022201113,0
fedavg-mnist-iid-reference-seed7-20261004,3,2,output,max_abs,0.004369974136352539,0
fedavg-mnist-iid-reference-seed7-20261004,3,2,output,sparsity,0.09230769230769231,0
fedavg-mnist-iid-reference-seed7-20261004,3,2,output,skewness,0.16342186102809245,0
fedavg-mnist-iid-reference-seed7-20261004,3,2,output,kurtosis,3.1043702659827472,0
fedavg-mnist-iid-reference-seed7-20261004,3,3,conv1,mean,0.001019463547709165,0
fedavg-mnist-iid-reference-seed7-20261004,3,3,conv1,std,0.0012931794757746302,0
fedavg-mnist-iid-reference-seed7-20261004,3,3,conv1,median,0.0005649738013744354,0
fedavg-mnist-iid-reference-seed7-20261004,3,3,conv1,min,-0.0008374899625778198,0
fedavg-mnist-iid-reference-seed7-20261004,3,3,conv1,max,0.004969142377376556,0
fedavg-mnist-iid-reference-seed7-20261004,3,3,conv1,l1,0.17241245124023408,0
fedavg-mnist-iid-reference-seed7-20261004,3,3,conv1,l2,0.020829283546670557,0
fedavg-mnist-iid-reference-seed7-20261004,3,3,conv1,max_abs,0.004969142377376556,0
fedavg-mnist-iid-reference-seed7-20261004,3,3,conv1,sparsity,0.0,0
fedavg-mnist-iid-reference-seed7-20261004,3,3,conv1,skewness,1.3032182333163609,0
fedavg-mnist-iid-reference-seed7-20261004,3,3,conv1,kurtosis,1.120158088552226,0
fedavg-mnist-iid-reference-seed7-20261004,3,3,conv2,mean,0.00022303401605517262,0
fedavg-mnist-iid-reference-seed7-20261004,3,3,conv2,std,0.0004721225998968662,0
fedavg-mnist-iid-reference-seed7-20261004,3,3,conv2,median,5.9788115322589874e-05,0
fedavg-mnist-iid-reference-seed7-20261004,3,3,conv2,min,-0.0010652393102645874,0
fedavg-mnist-iid-reference-seed7-20261004,3,3,conv2,max,0.00443904846906662,0
fedavg-mnist-iid-reference-seed7-20261004,3,3,conv2,l1,1.3333586447806738,0
fedavg-mnist-iid-reference-seed7-20261004,3,3,conv2,l2,0.03556779156007567,0
fedavg-mnist-iid-reference-seed7-20261004,3,3,conv2,max_abs,0.00443904846906662,0
fedavg-mnist-iid-reference-seed7-20261004,3,3,conv2,sparsity,0.0,0
fedavg-mnist-iid-reference-seed7-20261004,3,3,conv2,skewness,2.774968721170097,0
fedavg-mnist-iid-reference-seed7-20261004,3,3,conv2,kurtosis,11.888371793807432,0
fedavg-mnist-iid-reference-seed7-20261004,3,3,fc1,mean,4.520609443903505e-05,0
fedavg-mnist-iid-reference-seed7-20261004,3,3,fc1,std,0.00027027247889391005,0
fedavg-mnist-iid-reference-seed7-20261004,3,3,fc1,median,0.0,0
fedavg-mnist-iid-reference-seed7-20261004,3,3,fc1,min,-0.0027486057952046394,0
fedavg-mnist-iid-reference-seed7-20261004,3,3,fc1,max,0.004230214282870293,0
fedavg-mnist-iid-reference-seed7-20261004,3,3,fc1,l1,13.046582717077001,0
fedavg-mnist-iid-reference-seed7-20261004,3,3,fc1,l2,0.08683500536407483,0
fedavg-mnist-iid-reference-seed7-20261004,3,3,fc1,max_abs,0.004230214282870293,0
fedavg-mnist-iid-reference-seed7-20261004,3,3,fc1,sparsity,0.1615678776290631,0
fedavg-mnist-iid-reference-seed7-20261004,3,3,fc1,skewness,1.7107358630073772,0
fedavg-mnist-iid-reference-seed7-20261004,3,3,fc1,kurtosis,17.536205861433935,0
fedavg-mnist-iid-reference-seed7-20261004,3,3,output,mean,-5.573607408083402e-10,0
fedavg-mnist-iid-reference-seed7-20261004,3,3,output,std,0.0009185162487975593,0
fedavg-mnist-iid-reference-seed7-20261004,3,3,output,median,-9.648501873016357e-07,0
fedavg-mnist-iid-reference-seed7-20261004,3,3,output,min,-0.0041761696338653564,0
fedavg-mnist-iid-reference-seed7-20261004,3,3,output,max,0.0041337162256240845,0
fedavg-mnist-iid-reference-seed7-20261004,3,3,output,l1,0.3563887555501424,0
fedavg-mnist-iid-reference-seed7-20261004,3,3,output,l2,0.023417661380858313,0
fedavg-mnist-iid-reference-seed7-20261004,3,3,output,max_abs,0.0041761696338653564,0
fedavg-mnist-iid-reference-seed7-20261004,3,3,output,sparsity,0.12307692307692308,0
fedavg-mnist-iid-reference-seed7-20261004,3,3,output,skewness,0.15346437888207082,0
fedavg-mnist-iid-reference-seed7-20261004,3,3,output,kurtosis,3.332089917396093,0
fedavg-mnist-iid-reference-seed7-20261004,3,4,conv1,mean,0.0010216423805104568,0
fedavg-mnist-iid-reference-seed7-20261004,3,4,conv1,std,0.0012789106654856137,0
fedavg-mnist-iid-reference-seed7-20261004,3,4,conv1,median,0.0005423184484243393,0
fedavg-mnist-iid-reference-seed7-20261004,3,4,conv1,min,-0.0007542818784713745,0
fedavg-mnist-iid-reference-seed7-20261004,3,4,conv1,max,0.004920065402984619,0
fedavg-mnist-iid-reference-seed7-20261004,3,4,conv1,l1,0.17276873951777816,0
fedavg-mnist-iid-reference-seed7-20261004,3,4,conv1,l2,0.02070503569259586,0
fedavg-mnist-iid-reference-seed7-20261004,3,4,conv1,max_abs,0.004920065402984619,0
fedavg-mnist-iid-reference-seed7-20261004,3,4,conv1,sparsity,0.0,0
fedavg-mnist-iid-reference-seed7-20261004,3,4,conv1,skewness,1.2312003795803739,0
fedavg-mnist-iid-reference-seed7-20261004,3,4,conv1,kurtosis,0.9008544152033751,0
fedavg-mnist-iid-reference-seed7-20261004,3,4,conv2,mean,0.00021458572949337268,0
fedavg-mnist-iid-reference-seed7-20261004,3,4,conv2,std,0.00047605877960256514,0
fedavg-mnist-iid-reference-seed7-20261004,3,4,conv2,median,5.558691918849945e-05,0
fedavg-mnist-iid-reference-seed7-20261004,3,4,conv2,min,-0.0014735236763954163,0
fedavg-mnist-iid-reference-seed7-20261004,3,4,conv2,max,0.004363762214779854,0
fedavg-mnist-iid-reference-seed7-20261004,3,4,conv2,l1,1.344218748206913,0
fedavg-mnist-iid-reference-seed7-20261004,3,4,conv2,l2,0.0355700793616831,0
fedavg-mnist-iid-reference-seed7-20261004,3,4,conv2,max_abs,0.004363762214779854,0
fedavg-mnist-iid-reference-seed7-20261004,3,4,conv2,sparsity,0.0,0
fedavg-mnist-iid-reference-seed7-20261004,3,4,conv2,skewness,2.6873846277024263,0
fedavg-mnist-iid-reference-seed7-20261004,3,4,conv2,kurtosis,11.578854631322848,0
fedavg-mnist-iid-reference-seed7-20261004,3,4,fc1,mean,2.381768020213534e-05,0
fedavg-mnist-iid-reference-seed7-20261004,3,4,fc1,std,0.0002846256601357184,0
fedavg-mnist-iid-reference-seed7-20261004,3,4,fc1,median,0.0,0
fedavg-mnist-iid-reference-seed7-20261004,3,4,fc1,min,-0.0029909396544098854,0
fedavg-mnist-iid-reference-seed7-20261004,3,4,fc1,max,0.004264074843376875,0
fedavg-mnist-iid-reference-seed7-20261004,3,4,fc1,l1,13.434144292792894,0
fedavg-mnist-iid-reference-seed7-20261004,3,4,fc1,l2,0.09050879357212974,0
fedavg-mnist-iid-reference-seed7-20261004,3,4,fc1,max_abs,0.004264074843376875,0
fedavg-mnist-iid-reference-seed7-20261004,3,4,fc1,sparsity,0.13605401529636713,0
fedavg-mnist-iid-reference-seed7-20261004,3,4,fc1,skewness,1.197585109632431,0
fedavg-mnist-iid-reference-seed7-20261004,3,4,fc1,kurtosis,18.63581752396747,0
fedavg-mnist-iid-reference-seed7-20261004,3,4,output,mean,-2.1977869507211905e-10,0
fedavg-mnist-iid-reference-seed7-20261004,3,4,output,std,0.001028567343836804,0
fedavg-mnist-iid-reference-seed7-20261004,3,4,output,median,-2.475455403327942e-06,0
fedavg-mnist-iid-reference-seed7-20261004,3,4,output,min,-0.0035205725580453873,0
fedavg-mnist-iid-reference-seed7-20261004,3,4,output,max,0.0040480345487594604,0
fedavg-mnist-iid-reference-seed7-20261004,3,4,output,l1,0.40948390976700466,0
fedavg-mnist-iid-reference-seed7-20261004,3,4,output,l2,0.026223424786341414,0
fedavg-mnist-iid-reference-seed7-20261004,3,4,output,max_abs,0.0040480345487594604,0
fedavg-mnist-iid-reference-seed7-20261004,3,4,output,sparsity,0.09230769230769231,0
fedavg-mnist-iid-reference-seed7-20261004,3,4,output,skewness,0.49105657008256015,0
fedavg-mnist-iid-reference-seed7-20261004,3,4,output,kurtosis,2.4971643694745076,0
fedavg-mnist-iid-reference-seed7-20261004,4,0,conv1,mean,0.0015166669138125144,0
fedavg-mnist-iid-reference-seed7-20261004,4,0,conv1,std,0.001922180983878765,0
fedavg-mnist-iid-reference-seed7-20261004,4,0,conv1,median,0.0008256714791059494,0
fedavg-mnist-iid-reference-seed7-20261004,4,0,conv1,min,-0.0009353235363960266,0
fedavg-mnist-iid-reference-seed7-20261004,4,0,conv1,max,0.007602766156196594,0
fedavg-mnist-iid-reference-seed7-20261004,4,0,conv1,l1,0.25373475975356996,0
fedavg-mnist-iid-reference-seed7-20261004,4,0,conv1,l2,0.030971104629286216,0
fedavg-mnist-iid-reference-seed7-20261004,4,0,conv1,max_abs,0.007602766156196594,0
fedavg-mnist-iid-reference-seed7-20261004,4,0,conv1,sparsity,0.0,0
fedavg-mnist-iid-reference-seed7-20261004,4,0,conv1,skewness,1.3596192403184417,0
fedavg-mnist-iid-reference-seed7-20261004,4,0,conv1,kurtosis,1.2864697786568424,0
fedavg-mnist-iid-reference-seed7-20261004,4,0,conv2,mean,0.0002892030407447864,0
fedavg-mnist-iid-reference-seed7-20261004,4,0,conv2,std,0.0006168033529507001,0
fedavg-mnist-iid-reference-seed7-20261004,4,0,conv2,median,7.824599742889404e-05,0
fedavg-mnist-iid-reference-seed7-20261004,4,0,conv2,min,-0.0013587570283561945,0
fedavg-mnist-iid-reference-seed7-20261004,4,0,conv2,max,0.006038697436451912,0
fedavg-mnist-iid-reference-seed7-20261004,4,0,conv2,l1,1.6850386824116868,0
fedavg-mnist-iid-reference-seed7-20261004,4,0,conv2,l2,0.04640423855577064,0
fedavg-mnist-iid-reference-seed7-20261004,4,0,conv2,max_abs,0.006038697436451912,0
fedavg-mnist-iid-reference-seed7-20261004,4,0,conv2,sparsity,0.00021551724137931034,0
fedavg-mnist-iid-reference-seed7-20261004,4,0,conv2,skewness,2.965192240754444,0
fedavg-mnist-iid-reference-seed7-20261004,4,0,conv2,kurtosis,13.413883209307116,0
fedavg-mnist-iid-reference-seed7-20261004,4,0,fc1,mean,2.3755270705535454e-05,0
fedavg-mnist-iid-reference-seed7-20261004,4,0,fc1,std,0.00030748064269342274,0
fedavg-mnist-iid-reference-seed7-20261004,4,0,fc1,median,0.0,0
fedavg-mnist-iid-reference-seed7-20261004,4,0,fc1,min,-0.0036550816148519516,0
fedavg-mnist-iid-reference-seed7-20261004,4,0,fc1,max,0.004165029153227806,0
fedavg-mnist-iid-reference-seed7-20261004,4,0,fc1,l1,14.39517323126006,0
fedavg-mnist-iid-reference-seed7-20261004,4,0,fc1,l2,0.09772630686610753,0
fedavg-mnist-iid-reference-seed7-20261004,4,0,fc1,max_abs,0.004165029153227806,0
fedavg-mnist-iid-reference-seed7-20261004,4,0,fc1,sparsity,0.13657186105799873,0
fedavg-mnist-iid-reference-seed7-20261004,4,0,fc1,skewness,0.8903902122653821,0
fedavg-mnist-iid-reference-seed7-20261004,4,0,fc1,kurtosis,18.760775086814597,0
fedavg-mnist-iid-reference-seed7-20261004,4,0,output,mean,2.935457114989941e-10,0
fedavg-mnist-iid-reference-seed7-20261004,4,0,output,std,0.001340493688987475,0
fedavg-mnist-iid-reference-seed7-20261004,4,0,output,median,-1.064501702785492e-06,0
fedavg-mnist-iid-reference-seed7-20261004,4,0,output,min,-0.004898920655250549,0
fedavg-mnist-iid-reference-seed7-20261004,4,0,output,max,0.006498932838439941,0
fedavg-mnist-iid-reference-seed7-20261004,4,0,output,l1,0.531622901908122,0
fedavg-mnist-iid-reference-seed7-20261004,4,0,output,l2,0.03417601738997638,0
fedavg-mnist-iid-reference-seed7-20261004,4,0,output,max_abs,0.006498932838439941,0
fedavg-mnist-iid-reference-seed7-20261004,4,0,output,sparsity,0.09230769230769231,0
fedavg-mnist-iid-reference-seed7-20261004,4,0,output,skewness,0.3974135440798633,0
fedavg-mnist-iid-reference-seed7-20261004,4,0,output,kurtosis,3.328998336566274,0
fedavg-mnist-iid-reference-seed7-20261004,4,1,conv1,mean,0.0015069905450218358,0
fedavg-mnist-iid-reference-seed7-20261004,4,1,conv1,std,0.001939486840379342,0
fedavg-mnist-iid-reference-seed7-20261004,4,1,conv1,median,0.0008566826581954956,0
fedavg-mnist-iid-reference-seed7-20261004,4,1,conv1,min,-0.0008214414119720459,0
fedavg-mnist-iid-reference-seed7-20261004,4,1,conv1,max,0.007838577032089233,0
fedavg-mnist-iid-reference-seed7-20261004,4,1,conv1,l1,0.25385801144875586,0
fedavg-mnist-iid-reference-seed7-20261004,4,1,conv1,l2,0.031068002077481203,0
fedavg-mnist-iid-reference-seed7-20261004,4,1,conv1,max_abs,0.007838577032089233,0
fedavg-mnist-iid-reference-seed7-20261004,4,1,conv1,sparsity,0.0,0
fedavg-mnist-iid-reference-seed7-20261004,4,1,conv1,skewness,1.4806370393616666,0
fedavg-mnist-iid-reference-seed7-20261004,4,1,conv1,kurtosis,1.741938982257773,0
fedavg-mnist-iid-reference-seed7-20261004,4,1,conv2,mean,0.00029174288669278685,0
fedavg-mnist-iid-reference-seed7-20261004,4,1,conv2,std,0.0006165313967666934,0
fedavg-mnist-iid-reference-seed7-20261004,4,1,conv2,median,6.956374272704124e-05,0
fedavg-mnist-iid-reference-seed7-20261004,4,1,conv2,min,-0.0013000073377043009,0
fedavg-mnist-iid-reference-seed7-20261004,4,1,conv2,max,0.006043901666998863,0
fedavg-mnist-iid-reference-seed7-20261004,4,1,conv2,l1,1.6635167988060857,0
fedavg-mnist-iid-reference-seed7-20261004,4,1,conv2,l2,0.04646120339192772,0
fedavg-mnist-iid-reference-seed7-20261004,4,1,conv2,max_abs,0.006043901666998863,0
fedavg-mnist-iid-reference-seed7-20261004,4,1,conv2,sparsity,0.0,0
fedavg-mnist-iid-reference-seed7-20261004,4,1,conv2,skewness,3.07032219778677,0
fedavg-mnist-iid-reference-seed7-20261004,4,1,conv2,kurtosis,14.380754472602042,0
fedavg-mnist-iid-reference-seed7-20261004,4,1,fc1,mean,3.3338546353235784e-05,0
fedavg-mnist-iid-reference-seed7-20261004,4,1,fc1,std,0.0002906238944144408,0
fedavg-mnist-iid-reference-seed7-20261004,4,1,fc1,median,0.0,0
fedavg-mnist-iid-reference-seed7-20261004,4,1,fc1,min,-0.003834567964076996,0
fedavg-mnist-iid-reference-seed7-20261004,4,1,fc1,max,0.004793521016836166,0
fedavg-mnist-iid-reference-seed7-20261004,4,1,fc1,l1,13.951027790267744,0
fedavg-mnist-iid-reference-seed7-20261004,4,1,fc1,l2,0.09269827037077959,0
fedavg-mnist-iid-reference-seed7-20261004,4,1,fc1,max_abs,0.004793521016836166,0
fedavg-mnist-iid-reference-seed7-20261004,4,1,fc1,sparsity,0.121414913957935,0
fedavg-mnist-iid-reference-seed7-20261004,4,1,fc1,skewness,1.2718737160256561,0
fedavg-mnist-iid-reference-seed7-20261004,4,1,fc1,kurtosis,18.730384067091283,0
fedavg-mnist-iid-reference-seed7-20261004,4,1,output,mean,-2.413379171719918e-10,0
fedavg-mnist-iid-reference-seed7-20261004,4,1,output,std,0.001229791712589921,0
fedavg-mnist-iid-reference-seed7-20261004,4,1,output,median,-9.313225746154785e-07,0
fedavg-mnist-iid-reference-seed7-20261004,4,1,output,min,-0.004614435136318207,0
fedavg-mnist-iid-reference-seed7-20261004,4,1,output,max,0.005003295838832855,0
fedavg-mnist-iid-reference-seed7-20261004,4,1,output,l1,0.4878806420019828,0
fedavg-mnist-iid-reference-seed7-20261004,4,1,output,l2,0.031353659700754086,0
fedavg-mnist-iid-reference-seed7-20261004,4,1,output,max_abs,0.005003295838832855,0
fedavg-mnist-iid-reference-seed7-20261004,4,1,output,sparsity,0.07846153846153846,0
fedavg-mnist-iid-reference-seed7-20261004,4,1,output,skewness,0.3223737742810229,0
fedavg-mnist-iid-reference-seed7-20261004,4,1,output,kurtosis,2.9037214260537283,0
fedavg-mnist-iid-reference-seed7-20261004,4,2,conv1,mean,0.0015966874736477621,0
fedavg-mnist-iid-reference-seed7-20261004,4,2,conv1,std,0.0019903621528990167,0
fedavg-mnist-iid-reference-seed7-20261004,4,2,conv1,median,0.0009771622717380524,0
fedavg-mnist-iid-reference-seed7-20261004,4,2,conv1,min,-0.0008761957287788391,0
fedavg-mnist-iid-reference-seed7-20261004,4,2,conv1,max,0.007868215441703796,0
fedavg-mnist-iid-reference-seed7-20261004,4,2,conv1,l1,0.2669628367293626,0
fedavg-mnist-iid-reference-seed7-20261004,4,2,conv1,l2,0.03227618908903957,0
fedavg-mnist-iid-reference-seed7-20261004,4,2,conv1,max_abs,0.007868215441703796,0
fedavg-mnist-iid-reference-seed7-20261004,4,2,conv1,sparsity,0.0,0
fedavg-mnist-iid-reference-seed7-20261004,4,2,conv1,skewness,1.3318781997105278,0
fedavg-mnist-iid-reference-seed7-20261004,4,2,conv1,kurtosis,1.1949476724311472,0
fedavg-mnist-iid-reference-seed7-20261004,4,2,conv2,mean,0.0002834343453741894,0
fedavg-mnist-iid-reference-seed7-20261004,4,2,conv2,std,0.0006376779586309288,0
fedavg-mnist-iid-reference-seed7-20261004,4,2,conv2,median,6.988737732172012e-05,0
fedavg-mnist-iid-reference-seed7-20261004,4,2,conv2,min,-0.0014133229851722717,0
fedavg-mnist-iid-reference-seed7-20261004,4,2,conv2,max,0.005736306309700012,0
fedavg-mnist-iid-reference-seed7-20261004,4,2,conv2,l1,1.6977831123731448,0
fedavg-mnist-iid-reference-seed7-20261004,4,2,conv2,l2,0.04753453987118118,0
fedavg-mnist-iid-reference-seed7-20261004,4,2,conv2,max_abs,0.005736306309700012,0
fedavg-mnist-iid-reference-seed7-20261004,4,2,conv2,sparsity,0.0,0
fedavg-mnist-iid-reference-seed7-20261004,4,2,conv2,skewness,3.134599031132078,0
fedavg-mnist-iid-reference-seed7-20261004,4,2,conv2,kurtosis,14.91398819714803,0
fedavg-mnist-iid-reference-seed7-20261004,4,2,fc1,mean,2.793796445709659e-05,0
fedavg-mnist-iid-reference-seed7-20261004,4,2,fc1,std,0.0003215337488181295,0
fedavg-mnist-iid-reference-seed7-20261004,4,2,fc1,median,0.0,0
fedavg-mnist-iid-reference-seed7-20261004,4,2,fc1,min,-0.004447971470654011,0
fedavg-mnist-iid-reference-seed7-20261004,4,2,fc1,max,0.0054073212668299675,0
fedavg-mnist-iid-reference-seed7-20261004,4,2,fc1,l1,14.590929296104832,0
fedavg-mnist-iid-reference-seed7-20261004,4,2,fc1,l2,0.1022730686593651,0
fedavg-mnist-iid-reference-seed7-20261004,4,2,fc1,max_abs,0.0054073212668299675,0
fedavg-mnist-iid-reference-seed7-20261004,4,2,fc1,sparsity,0.135466459528362,0
fedavg-mnist-iid-reference-seed7-20261004,4,2,fc1,skewness,1.1487292982513988,0
fedavg-mnist-iid-reference-seed7-20261004,4,2,fc1,kurtosis,21.41042718969285,0
fedavg-mnist-iid-reference-seed7-20261004,4,2,output,mean,1.2366889187922846e-10,0
fedavg-mnist-iid-reference-seed7-20261004,4,2,output,std,0.0013166639705142825,0
fedavg-mnist-iid-reference-seed7-20261004,4,2,output,median,-1.1734664440155029e-07,0
fedavg-mnist-iid-reference-seed7-20261004,4,2,output,min,-0.00565260648727417,0
fedavg-mnist-iid-reference-seed7-20261004,4,2,output,max,0.005440239794552326,0
fedavg-mnist-iid-reference-seed7-20261004,4,2,output,l1,0.51809910236625,0
fedavg-mnist-iid-reference-seed7-20261004,4,2,output,l2,0.03356847639248455,0
fedavg-mnist-iid-reference-seed7-20261004,4,2,output,max_abs,0.00565260648727417,0
fedavg-mnist-iid-reference-seed7-20261004,4,2,output,sparsity,0.09230769230769231,0
fedavg-mnist-iid-reference-seed7-20261004,4,2,output,skewness,0.06882563370402403,0
fedavg-mnist-iid-reference-seed7-20261004,4,2,output,kurtosis,2.9279152314704326,0
fedavg-mnist-iid-reference-seed7-20261004,4,3,conv1,mean,0.0015274054574547335,0
fedavg-mnist-iid-reference-seed7-20261004,4,3,conv1,std,0.0019136126522459709,0
fedavg-mnist-iid-reference-seed7-20261004,4,3,conv1,median,0.0008064508438110352,0
fedavg-mnist-iid-reference-seed7-20261004,4,3,conv1,min,-0.0007256269454956055,0
fedavg-mnist-iid-reference-seed7-20261004,4,3,conv1,max,0.007535785436630249,0
fedavg-mnist-iid-reference-seed7-20261004,4,3,conv1,l1,0.25353934755548835,0
fedavg-mnist-iid-reference-seed7-20261004,4,3,conv1,l2,0.030970646268486845,0
fedavg-mnist-iid-reference-seed7-20261004,4,3,conv1,max_abs,0.007535785436630249,0
fedavg-mnist-iid-reference-seed7-20261004,4,3,conv1,sparsity,0.0,0
fedavg-mnist-iid-reference-seed7-20261004,4,3,conv1,skewness,1.3992463875705012,0
fedavg-mnist-iid-reference-seed7-20261004,4,3,conv1,kurtosis,1.4315445682677232,0
fedavg-mnist-iid-reference-seed7-20261004,4,3,conv2,mean,0.000299443468228956,0
fedavg-mnist-iid-reference-seed7-20261004,4,3,conv2,std,0.0006262813170101545,0
fedavg-mnist-iid-reference-seed7-20261004,4,3,conv2,median,7.669348269701004e-05,0
fedavg-mnist-iid-reference-seed7-20261004,4,3,conv2,min,-0.0012065917253494263,0
fedavg-mnist-iid-reference-seed7-20261004,4,3,conv2,max,0.006049461662769318,0
fedavg-mnist-iid-reference-seed7-20261004,4,3,conv2,l1,1.7029613051417982,0
fedavg-mnist-iid-reference-seed7-20261004,4,3,conv2,l2,0.04728626977434836,0
fedavg-mnist-iid-reference-seed7-20261004,4,3,conv2,max_abs,0.006049461662769318,0
fedavg-mnist-iid-reference-seed7-20261004,4,3,conv2,sparsity,0.0,0
fedavg-mnist-iid-reference-seed7-20261004,4,3,conv2,skewness,3.0652822067781056,0
fedavg-mnist-iid-reference-seed7-20261004,4,3,conv2,kurtosis,14.160116277695963,0
fedavg-mnist-iid-reference-seed7-20261004,4,3,fc1,mean,5.035310710249655e-05,0
fedavg-mnist-iid-reference-seed7-20261004,4,3,fc1,std,0.0002921110086947433,0
fedavg-mnist-iid-reference-seed7-20261004,4,3,fc1,median,0.0,0
fedavg-mnist-iid-reference-seed7-20261004,4,3,fc1,min,-0.0029557161033153534,0
fedavg-mnist-iid-reference-seed7-20261004,4,3,fc1,max,0.004604977089911699,0
fedavg-mnist-iid-reference-seed7-20261004,4,3,fc1,l1,14.08763814705651,0
fedavg-mnist-iid-reference-seed7-20261004,4,3,fc1,l2,0.09393071499089384,0
fedavg-mnist-iid-reference-seed7-20261004,4,3,fc1,max_abs,0.004604977089911699,0
fedavg-mnist-iid-reference-seed7-20261004,4,3,fc1,sparsity,0.1370996653919694,0
fedavg-mnist-iid-reference-seed7-20261004,4,3,fc1,skewness,1.6765483817920932,0
fedavg-mnist-iid-reference-seed7-20261004,4,3,fc1,kurtosis,17.389587306862246,0
fedavg-mnist-iid-reference-seed7-20261004,4,3,output,mean,6.42523026237121e-11,0
fedavg-mnist-iid-reference-seed7-20261004,4,3,output,std,0.0011953406406225997,0
fedavg-mnist-iid-reference-seed7-20261004,4,3,output,median,-3.1478703022003174e-07,0
fedavg-mnist-iid-reference-seed7-20261004,4,3,output,min,-0.005245640873908997,0
fedavg-mnist-iid-reference-seed7-20261004,4,3,output,max,0.005425065755844116,0
fedavg-mnist-iid-reference-seed7-20261004,4,3,output,l1,0.46359165184549056,0
fedavg-mnist-iid-reference-seed7-20261004,4,3,output,l2,0.030475326259625728,0
fedavg-mnist-iid-reference-seed7-20261004,4,3,output,max_abs,0.005425065755844116,0
fedavg-mnist-iid-reference-seed7-20261004,4,3,output,sparsity,0.09230769230769231,0
fedavg-mnist-iid-reference-seed7-20261004,4,3,output,skewness,0.10912402804540443,0
fedavg-mnist-iid-reference-seed7-20261004,4,3,output,kurtosis,3.5012324063853812,0
fedavg-mnist-iid-reference-seed7-20261004,4,4,conv1,mean,0.0015476866319659166,0
fedavg-mnist-iid-reference-seed7-20261004,4,4,conv1,std,0.0019257666874756903,0
fedavg-mnist-iid-reference-seed7-20261004,4,4,conv1,median,0.0008362717926502228,0
fedavg-mnist-iid-reference-seed7-20261004,4,4,conv1,min,-0.0008974969387054443,0
fedavg-mnist-iid-reference-seed7-20261004,4,4,conv1,max,0.007525429129600525,0
fedavg-mnist-iid-reference-seed7-20261004,4,4,conv1,l1,0.25871575879864395,0
fedavg-mnist-iid-reference-seed7-20261004,4,4,conv1,l2,0.03125101277170286,0
fedavg-mnist-iid-reference-seed7-20261004,4,4,conv1,max_abs,0.007525429129600525,0
fedavg-mnist-iid-reference-seed7-20261004,4,4,conv1,sparsity,0.0,0
fedavg-mnist-iid-reference-seed7-20261004,4,4,conv1,skewness,1.329894486748265,0
fedavg-mnist-iid-reference-seed7-20261004,4,4,conv1,kurtosis,1.1942920551473923,0
fedavg-mnist-iid-reference-seed7-20261004,4,4,conv2,mean,0.00029211890556905866,0
fedavg-mnist-iid-reference-seed7-20261004,4,4,conv2,std,0.0006320478835448594,0
fedavg-mnist-iid-reference-seed7-20261004,4,4,conv2,median,7.04452395439148e-05,0
fedavg-mnist-iid-reference-seed7-20261004,4,4,conv2,min,-0.0017074048519134521,0
fedavg-mnist-iid-reference-seed7-20261004,4,4,conv2,max,0.006274323910474777,0
fedavg-mnist-iid-reference-seed7-20261004,4,4,conv2,l1,1.7005302021098032,0
fedavg-mnist-iid-reference-seed7-20261004,4,4,conv2,l2,0.047429478564196964,0
fedavg-mnist-iid-reference-seed7-20261004,4,4,conv2,max_abs,0.006274323910474777,0
fedavg-mnist-iid-reference-seed7-20261004,4,4,conv2,sparsity,0.0,0
fedavg-mnist-iid-reference-seed7-20261004,4,4,conv2,skewness,3.062696756660015,0
fedavg-mnist-iid-reference-seed7-20261004,4,4,conv2,kurtosis,14.483139114714348,0
fedavg-mnist-iid-reference-seed7-20261004,4,4,fc1,mean,2.4131173372783943e-05,0
fedavg-mnist-iid-reference-seed7-20261004,4,4,fc1,std,0.00031092110648356705,0
fedavg-mnist-iid-reference-seed7-20261004,4,4,fc1,median,0.0,0
fedavg-mnist-iid-reference-seed7-20261004,4,4,fc1,min,-0.003479713574051857,0
fedavg-mnist-iid-reference-seed7-20261004,4,4,fc1,max,0.004668273963034153,0
fedavg-mnist-iid-reference-seed7-20261004,4,4,fc1,l1,14.457228383867914,0
fedavg-mnist-iid-reference-seed7-20261004,4,4,fc1,l2,0.0988224800624493,0
fedavg-mnist-iid-reference-seed7-20261004,4,4,fc1,max_abs,0.004668273963034153,0
fedavg-mnist-iid-reference-seed7-20261004,4,4,fc1,sparsity,0.13418180369662205,0
fedavg-mnist-iid-reference-seed7-20261004,4,4,fc1,skewness,1.196008404275195,0
fedavg-mnist-iid-reference-seed7-20261004,4,4,fc1,kurtosis,19.73795591761811,0
fedavg-mnist-iid-reference-seed7-20261004,4,4,output,mean,5.054104034430706e-10,0
fedavg-mnist-iid-reference-seed7-20261004,4,4,output,std,0.0013357165312610363,0
fedavg-mnist-iid-reference-seed7-20261004,4,4,output,median,-1.7611309885978699e-06,0
fedavg-mnist-iid-reference-seed7-20261004,4,4,output,min,-0.004758620634675026,0
fedavg-mnist-iid-reference-seed7-20261004,4,4,output,max,0.005157098174095154,0
fedavg-mnist-iid-reference-seed7-20261004,4,4,output,l1,0.5339800196306896,0
fedavg-mnist-iid-reference-seed7-20261004,4,4,output,l2,0.034054223287644896,0
fedavg-mnist-iid-reference-seed7-20261004,4,4,output,max_abs,0.005157098174095154,0
fedavg-mnist-iid-reference-seed7-20261004,4,4,output,sparsity,0.09230769230769231,0
fedavg-mnist-iid-reference-seed7-20261004,4,4,output,skewness,0.4306507212759343,0
fedavg-mnist-iid-reference-seed7-20261004,4,4,output,kurtosis,2.417405612030503,0
fedavg-mnist-iid-reference-seed7-20261004,5,0,conv1,mean,0.0021585237176623196,0
fedavg-mnist-iid-reference-seed7-20261004,5,0,conv1,std,0.002707549966354942,0
fedavg-mnist-iid-reference-seed7-20261004,5,0,conv1,median,0.001112867146730423,0
fedavg-mnist-iid-reference-seed7-20261004,5,0,conv1,min,-0.000753939151763916,0
fedavg-mnist-iid-reference-seed7-20261004,5,0,conv1,max,0.010730713605880737,0
fedavg-mnist-iid-reference-seed7-20261004,5,0,conv1,l1,0.35829856246709824,0
fedavg-mnist-iid-reference-seed7-20261004,5,0,conv1,l2,0.0437996373683973,0
fedavg-mnist-iid-reference-seed7-20261004,5,0,conv1,max_abs,0.010730713605880737,0
fedavg-mnist-iid-reference-seed7-20261004,5,0,conv1,sparsity,0.0,0
fedavg-mnist-iid-reference-seed7-20261004,5,0,conv1,skewness,1.4007689091636129,0
fedavg-mnist-iid-reference-seed7-20261004,5,0,conv1,kurtosis,1.3952588698172939,0
fedavg-mnist-iid-reference-seed7-20261004,5,0,conv2,mean,0.00038643407240293717,0
fedavg-mnist-iid-reference-seed7-20261004,5,0,conv2,std,0.0007927605604770286,0
fedavg-mnist-iid-reference-seed7-20261004,5,0,conv2,median,9.770458564162254e-05,0
fedavg-mnist-iid-reference-seed7-20261004,5,0,conv2,min,-0.0015489679062739015,0
fedavg-mnist-iid-reference-seed7-20261004,5,0,conv2,max,0.008153693750500679,0
fedavg-mnist-iid-reference-seed7-20261004,5,0,conv2,l1,2.1335692782740807,0
fedavg-mnist-iid-reference-seed7-20261004,5,0,conv2,l2,0.0600749097155095,0
fedavg-mnist-iid-reference-seed7-20261004,5,0,conv2,max_abs,0.008153693750500679,0
fedavg-mnist-iid-reference-seed7-20261004,5,0,conv2,sparsity,0.0,0
fedavg-mnist-iid-reference-seed7-20261004,5,0,conv2,skewness,3.1412409886138533,0
fedavg-mnist-iid-reference-seed7-20261004,5,0,conv2,kurtosis,14.884711159933374,0
fedavg-mnist-iid-reference-seed7-20261004,5,0,fc1,mean,3.1807528675873365e-05,0
fedavg-mnist-iid-reference-seed7-20261004,5,0,fc1,std,0.0003375119521597384,0
fedavg-mnist-iid-reference-seed7-20261004,5,0,fc1,median,0.0,0
fedavg-mnist-iid-reference-seed7-20261004,5,0,fc1,min,-0.0036546681076288223,0
fedavg-mnist-iid-reference-seed7-20261004,5,0,fc1,max,0.004985024221241474,0
fedavg-mnist-iid-reference-seed7-20261004,5,0,fc1,l1,15.578312051319074,0
fedavg-mnist-iid-reference-seed7-20261004,5,0,fc1,l2,0.10742631383601765,0
fedavg-mnist-iid-reference-seed7-20261004,5,0,fc1,max_abs,0.004985024221241474,0
fedavg-mnist-iid-reference-seed7-20261004,5,0,fc1,sparsity,0.12178338113448056,0
fedavg-mnist-iid-reference-seed7-20261004,5,0,fc1,skewness,1.4225725357516257,0
fedavg-mnist-iid-reference-seed7-20261004,5,0,fc1,kurtosis,20.01865274906943,0
fedavg-mnist-iid-reference-seed7-20261004,5,0,output,mean,8.865474508358882e-11,0
fedavg-mnist-iid-reference-seed7-20261004,5,0,output,std,0.001760100610719253,0
fedavg-mnist-iid-reference-seed7-20261004,5,0,output,median,-4.917383193969727e-07,0
fedavg-mnist-iid-reference-seed7-20261004,5,0,output,min,-0.006158694624900818,0
fedavg-mnist-iid-reference-seed7-20261004,5,0,output,max,0.008495578542351723,0
fedavg-mnist-iid-reference-seed7-20261004,5,0,output,l1,0.7062995427986607,0
fedavg-mnist-iid-reference-seed7-20261004,5,0,output,l2,0.0448739367997203,0
fedavg-mnist-iid-reference-seed7-20261004,5,0,output,max_abs,0.008495578542351723,0
fedavg-mnist-iid-reference-seed7-20261004,5,0,output,sparsity,0.07692307692307693,0
fedavg-mnist-iid-reference-seed7-20261004,5,0,output,skewness,0.3866334072076009,0
fedavg-mnist-iid-reference-seed7-20261004,5,0,output,kurtosis,3.1726455873362953,0
fedavg-mnist-iid-reference-seed7-20261004,5,1,conv1,mean,0.0021171292260987683,0
fedavg-mnist-iid-reference-seed7-20261004,5,1,conv1,std,0.0026981386733652395,0
fedavg-mnist-iid-reference-seed7-20261004,5,1,conv1,median,0.0012452229857444763,0
fedavg-mnist-iid-reference-seed7-20261004,5,1,conv1,min,-0.0008710920810699463,0
fedavg-mnist-iid-reference-seed7-20261004,5,1,conv1,max,0.010782629251480103,0
fedavg-mnist-iid-reference-seed7-20261004,5,1,conv1,l1,0.3527367669157684,0
fedavg-mnist-iid-reference-seed7-20261004,5,1,conv1,l2,0.04338144941923579,0
fedavg-mnist-iid-reference-seed7-20261004,5,1,conv1,max_abs,0.010782629251480103,0
fedavg-mnist-iid-reference-seed7-20261004,5,1,conv1,sparsity,0.0,0
fedavg-mnist-iid-reference-seed7-20261004,5,1,conv1,skewness,1.481691693380012,0
fedavg-mnist-iid-reference-seed7-20261004,5,1,conv1,kurtosis,1.67958541578807,0
fedavg-mnist-iid-reference-seed7-20261004,5,1,conv2,mean,0.00038478901989539487,0
fedavg-mnist-iid-reference-seed7-20261004,5,1,conv2,std,0.000791092806488734,0
fedavg-mnist-iid-reference-seed7-20261004,5,1,conv2,median,9.188055992126465e-05,0
fedavg-mnist-iid-reference-seed7-20261004,5,1,conv2,min,-0.0014810439897701144,0
fedavg-mnist-iid-reference-seed7-20261004,5,1,conv2,max,0.008312718942761421,0
fedavg-mnist-iid-reference-seed7-20261004,5,1,conv2,l1,2.0959177623371943,0
fedavg-mnist-iid-reference-seed7-20261004,5,1,conv2,l2,0.05992371434548846,0
fedavg-mnist-iid-reference-seed7-20261004,5,1,conv2,max_abs,0.008312718942761421,0
fedavg-mnist-iid-reference-seed7-20261004,5,1,conv2,sparsity,0.0,0
fedavg-mnist-iid-reference-seed7-20261004,5,1,conv2,skewness,3.2312757405558172,0
fedavg-mnist-iid-reference-seed7-20261004,5,1,conv2,kurtosis,15.775259946495794,0
fedavg-mnist-iid-reference-seed7-20261004,5,1,fc1,mean,3.863271483887044e-05,0
fedavg-mnist-iid-reference-seed7-20261004,5,1,fc1,std,0.0003257792890749844,0
fedavg-mnist-iid-reference-seed7-20261004,5,1,fc1,median,0.0,0
fedavg-mnist-iid-reference-seed7-20261004,5,1,fc1,min,-0.0037759877741336823,0
fedavg-mnist-iid-reference-seed7-20261004,5,1,fc1,max,0.005283445119857788,0
fedavg-mnist-iid-reference-seed7-20261004,5,1,fc1,l1,15.598176830368402,0
fedavg-mnist-iid-reference-seed7-20261004,5,1,fc1,l2,0.10395785218755876,0
fedavg-mnist-iid-reference-seed7-20261004,5,1,fc1,max_abs,0.005283445119857788,0
fedavg-mnist-iid-reference-seed7-20261004,5,1,fc1,sparsity,0.13255855640535372,0
fedavg-mnist-iid-reference-seed7-20261004,5,1,fc1,skewness,1.3568587533335497,0
fedavg-mnist-iid-reference-seed7-20261004,5,1,fc1,kurtosis,18.18893385282762,0
fedavg-mnist-iid-reference-seed7-20261004,5,1,output,mean,1.9459268794609951e-10,0
fedavg-mnist-iid-reference-seed7-20261004,5,1,output,std,0.001612724809216433,0
fedavg-mnist-iid-reference-seed7-20261004,5,1,output,median,-8.931383490562439e-07,0
fedavg-mnist-iid-reference-seed7-20261004,5,1,output,min,-0.00618155300617218,0
fedavg-mnist-iid-reference-seed7-20261004,5,1,output,max,0.006344199180603027,0
fedavg-mnist-iid-reference-seed7-20261004,5,1,output,l1,0.647965254902374,0
fedavg-mnist-iid-reference-seed7-20261004,5,1,output,l2,0.04111657636124926,0
fedavg-mnist-iid-reference-seed7-20261004,5,1,output,max_abs,0.006344199180603027,0
fedavg-mnist-iid-reference-seed7-20261004,5,1,output,sparsity,0.09230769230769231,0
fedavg-mnist-iid-reference-seed7-20261004,5,1,output,skewness,0.2698876404288725,0
fedavg-mnist-iid-reference-seed7-20261004,5,1,output,kurtosis,2.7580827478181975,0
fedavg-mnist-iid-reference-seed7-20261004,5,2,conv1,mean,0.002233027887996286,0
fedavg-mnist-iid-reference-seed7-20261004,5,2,conv1,std,0.002759602100775093,0
fedavg-mnist-iid-reference-seed7-20261004,5,2,conv1,median,0.0012681633234024048,0
fedavg-mnist-iid-reference-seed7-20261004,5,2,conv1,min,-0.0009765326976776123,0
fedavg-mnist-iid-reference-seed7-20261004,5,2,conv1,max,0.010963097214698792,0
fedavg-mnist-iid-reference-seed7-20261004,5,2,conv1,l1,0.36957161873579025,0
fedavg-mnist-iid-reference-seed7-20261004,5,2,conv1,l2,0.04490312648922605,0
fedavg-mnist-iid-reference-seed7-20261004,5,2,conv1,max_abs,0.010963097214698792,0
fedavg-mnist-iid-reference-seed7-20261004,5,2,conv1,sparsity,0.0,0
fedavg-mnist-iid-reference-seed7-20261004,5,2,conv1,skewness,1.3779256610319706,0
fedavg-mnist-iid-reference-seed7-20261004,5,2,conv1,kurtosis,1.3229612176436305,0
fedavg-mnist-iid-reference-seed7-20261004,5,2,conv2,mean,0.0003718279764590424,0
fedavg-mnist-iid-reference-seed7-20261004,5,2,conv2,std,0.0008158623603456076,0
fedavg-mnist-iid-reference-seed7-20261004,5,2,conv2,median,8.593592792749405e-05,0
fedavg-mnist-iid-reference-seed7-20261004,5,2,conv2,min,-0.0016531834844499826,0
fedavg-mnist-iid-reference-seed7-20261004,5,2,conv2,max,0.007970103994011879,0
fedavg-mnist-iid-reference-seed7-20261004,5,2,conv2,l1,2.1401790926793183,0
fedavg-mnist-iid-reference-seed7-20261004,5,2,conv2,l2,0.06107403457193066,0
fedavg-mnist-iid-reference-seed7-20261004,5,2,conv2,max_abs,0.007970103994011879,0
fedavg-mnist-iid-reference-seed7-20261004,5,2,conv2,sparsity,0.00021551724137931034,0
fedavg-mnist-iid-reference-seed7-20261004,5,2,conv2,skewness,3.2486512631157414,0
fedavg-mnist-iid-reference-seed7-20261004,5,2,conv2,kurtosis,15.918518748110618,0
fedavg-mnist-iid-reference-seed7-20261004,5,2,fc1,mean,3.413699835302728e-05,0
fedavg-mnist-iid-reference-seed7-20261004,5,2,fc1,std,0.0003623313666237013,0
fedavg-mnist-iid-reference-seed7-20261004,5,2,fc1,median,0.0,0
fedavg-mnist-iid-reference-seed7-20261004,5,2,fc1,min,-0.005096066743135452,0
fedavg-mnist-iid-reference-seed7-20261004,5,2,fc1,max,0.005998061969876289,0
fedavg-mnist-iid-reference-seed7-20261004,5,2,fc1,l1,16.191690967952127,0
fedavg-mnist-iid-reference-seed7-20261004,5,2,fc1,l2,0.1153257747462209,0
fedavg-mnist-iid-reference-seed7-20261004,5,2,fc1,max_abs,0.005998061969876289,0
fedavg-mnist-iid-reference-seed7-20261004,5,2,fc1,sparsity,0.13578513384321222,0
fedavg-mnist-iid-reference-seed7-20261004,5,2,fc1,skewness,1.2802458355463886,0
fedavg-mnist-iid-reference-seed7-20261004,5,2,fc1,kurtosis,21.703580888325533,0
fedavg-mnist-iid-reference-seed7-20261004,5,2,output,mean,1.0714687120455962e-10,0
fedavg-mnist-iid-reference-seed7-20261004,5,2,output,std,0.0017198313896770996,0
fedavg-mnist-iid-reference-seed7-20261004,5,2,output,median,-1.2386590242385864e-07,0
fedavg-mnist-iid-reference-seed7-20261004,5,2,output,min,-0.007359936833381653,0
fedavg-mnist-iid-reference-seed7-20261004,5,2,output,max,0.007328430190682411,0
fedavg-mnist-iid-reference-seed7-20261004,5,2,output,l1,0.6870644373993855,0
fedavg-mnist-iid-reference-seed7-20261004,5,2,output,l2,0.04384726908026472,0
fedavg-mnist-iid-reference-seed7-20261004,5,2,output,max_abs,0.007359936833381653,0
fedavg-mnist-iid-reference-seed7-20261004,5,2,output,sparsity,0.09230769230769231,0
fedavg-mnist-iid-reference-seed7-20261004,5,2,output,skewness,0.07284856356630803,0
fedavg-mnist-iid-reference-seed7-20261004,5,2,output,kurtosis,2.7441721135843364,0
fedavg-mnist-iid-reference-seed7-20261004,5,3,conv1,mean,0.0021308048599166796,0
fedavg-mnist-iid-reference-seed7-20261004,5,3,conv1,std,0.0026610530398093026,0
fedavg-mnist-iid-reference-seed7-20261004,5,3,conv1,median,0.001175474375486374,0
fedavg-mnist-iid-reference-seed7-20261004,5,3,conv1,min,-0.0007673352956771851,0
fedavg-mnist-iid-reference-seed7-20261004,5,3,conv1,max,0.010520309209823608,0
fedavg-mnist-iid-reference-seed7-20261004,5,3,conv1,l1,0.35249895928427577,0
fedavg-mnist-iid-reference-seed7-20261004,5,3,conv1,l2,0.043121285011878514,0
fedavg-mnist-iid-reference-seed7-20261004,5,3,conv1,max_abs,0.010520309209823608,0
fedavg-mnist-iid-reference-seed7-20261004,5,3,conv1,sparsity,0.0,0
fedavg-mnist-iid-reference-seed7-20261004,5,3,conv1,skewness,1.4307228754691859,0
fedavg-mnist-iid-reference-seed7-20261004,5,3,conv1,kurtosis,1.5196775500553024,0
fedavg-mnist-iid-reference-seed7-20261004,5,3,conv2,mean,0.00038887103629223994,0
fedavg-mnist-iid-reference-seed7-20261004,5,3,conv2,std,0.0007975453177955892,0
fedavg-mnist-iid-reference-seed7-20261004,5,3,conv2,median,0.00010104291141033173,0
fedavg-mnist-iid-reference-seed7-20261004,5,3,conv2,min,-0.001240752637386322,0
fedavg-mnist-iid-reference-seed7-20261004,5,3,conv2,max,0.008272940292954445,0
fedavg-mnist-iid-reference-seed7-20261004,5,3,conv2,l1,2.119174428815313,0
fedavg-mnist-iid-reference-seed7-20261004,5,3,conv2,l2,0.060440618510846325,0
fedavg-mnist-iid-reference-seed7-20261004,5,3,conv2,max_abs,0.008272940292954445,0
fedavg-mnist-iid-reference-seed7-20261004,5,3,conv2,sparsity,0.0,0
fedavg-mnist-iid-reference-seed7-20261004,5,3,conv2,skewness,3.278670076946413,0
fedavg-mnist-iid-reference-seed7-20261004,5,3,conv2,kurtosis,16.159387397331788,0
fedavg-mnist-iid-reference-seed7-20261004,5,3,fc1,mean,5.9634884186178496e-05,0
fedavg-mnist-iid-reference-seed7-20261004,5,3,fc1,std,0.0003237126879684968,0
fedavg-mnist-iid-reference-seed7-20261004,5,3,fc1,median,0.0,0
fedavg-mnist-iid-reference-seed7-20261004,5,3,fc1,min,-0.0033373404294252396,0
fedavg-mnist-iid-reference-seed7-20261004,5,3,fc1,max,0.005128213204443455,0
fedavg-mnist-iid-reference-seed7-20261004,5,3,fc1,l1,15.297385195985328,0
fedavg-mnist-iid-reference-seed7-20261004,5,3,fc1,l2,0.10430577359597372,0
fedavg-mnist-iid-reference-seed7-20261004,5,3,fc1,max_abs,0.005128213204443455,0
fedavg-mnist-iid-reference-seed7-20261004,5,3,fc1,sparsity,0.14636113766730402,0
fedavg-mnist-iid-reference-seed7-20261004,5,3,fc1,skewness,1.7778375162026576,0
fedavg-mnist-iid-reference-seed7-20261004,5,3,fc1,kurtosis,18.160870758773264,0
fedavg-mnist-iid-reference-seed7-20261004,5,3,output,mean,3.358134283469273e-11,0
fedavg-mnist-iid-reference-seed7-20261004,5,3,output,std,0.0015744185285964318,0
fedavg-mnist-iid-reference-seed7-20261004,5,3,output,median,-1.8719583749771118e-07,0
fedavg-mnist-iid-reference-seed7-20261004,5,3,output,min,-0.00655578076839447,0
fedavg-mnist-iid-reference-seed7-20261004,5,3,output,max,0.007183894515037537,0
fedavg-mnist-iid-reference-seed7-20261004,5,3,output,l1,0.6158176584285684,0
fedavg-mnist-iid-reference-seed7-20261004,5,3,output,l2,0.040139953999376234,0
fedavg-mnist-iid-reference-seed7-20261004,5,3,output,max_abs,0.007183894515037537,0
fedavg-mnist-iid-reference-seed7-20261004,5,3,output,sparsity,0.1076923076923077,0
fedavg-mnist-iid-reference-seed7-20261004,5,3,output,skewness,0.14892659227799065,0
fedavg-mnist-iid-reference-seed7-20261004,5,3,output,kurtosis,3.5239314288205943,0
fedavg-mnist-iid-reference-seed7-20261004,5,4,conv1,mean,0.0022165042231790722,0
fedavg-mnist-iid-reference-seed7-20261004,5,4,conv1,std,0.0027229448653598295,0
fedavg-mnist-iid-reference-seed7-20261004,5,4,conv1,median,0.0012749284505844116,0
fedavg-mnist-iid-reference-seed7-20261004,5,4,conv1,min,-0.0009680911898612976,0
fedavg-mnist-iid-reference-seed7-20261004,5,4,conv1,max,0.010692328214645386,0
fedavg-mnist-iid-reference-seed7-20261004,5,4,conv1,l1,0.36583979334682226,0
fedavg-mnist-iid-reference-seed7-20261004,5,4,conv1,l2,0.04441138540718607,0
fedavg-mnist-iid-reference-seed7-20261004,5,4,conv1,max_abs,0.010692328214645386,0
fedavg-mnist-iid-reference-seed7-20261004,5,4,conv1,sparsity,0.0,0
fedavg-mnist-iid-reference-seed7-20261004,5,4,conv1,skewness,1.371286665966769,0
fedavg-mnist-iid-reference-seed7-20261004,5,4,conv1,kurtosis,1.3091842449658753,0
fedavg-mnist-iid-reference-seed7-20261004,5,4,conv2,mean,0.00039680231901488225,0
fedavg-mnist-iid-reference-seed7-20261004,5,4,conv2,std,0.0008194590745452371,0
fedavg-mnist-iid-reference-seed7-20261004,5,4,conv2,median,0.00010087154805660248,0
fedavg-mnist-iid-reference-seed7-20261004,5,4,conv2,min,-0.0015782564878463745,0
fedavg-mnist-iid-reference-seed7-20261004,5,4,conv2,max,0.008454764261841774,0
fedavg-mnist-iid-reference-seed7-20261004,5,4,conv2,l1,2.1929484226384375,0
fedavg-mnist-iid-reference-seed7-20261004,5,4,conv2,l2,0.06201934201737212,0
fedavg-mnist-iid-reference-seed7-20261004,5,4,conv2,max_abs,0.008454764261841774,0
fedavg-mnist-iid-reference-seed7-20261004,5,4,conv2,sparsity,0.0,0
fedavg-mnist-iid-reference-seed7-20261004,5,4,conv2,skewness,3.1933719720741105,0
fedavg-mnist-iid-reference-seed7-20261004,5,4,conv2,kurtosis,15.45601820881712,0
fedavg-mnist-iid-reference-seed7-20261004,5,4,fc1,mean,3.2618139914010463e-05,0
fedavg-mnist-iid-reference-seed7-20261004,5,4,fc1,std,0.00035308382284145325,0
fedavg-mnist-iid-reference-seed7-20261004,5,4,fc1,median,0.0,0
fedavg-mnist-iid-reference-seed7-20261004,5,4,fc1,min,-0.004223858937621117,0
fedavg-mnist-iid-reference-seed7-20261004,5,4,fc1,max,0.005181858316063881,0
fedavg-mnist-iid-reference-seed7-20261004,5,4,fc1,l1,16.232505270682452,0
fedavg-mnist-iid-reference-seed7-20261004,5,4,fc1,l2,0.11236332794129962,0
fedavg-mnist-iid-reference-seed7-20261004,5,4,fc1,max_abs,0.005181858316063881,0
fedavg-mnist-iid-reference-seed7-20261004,5,4,fc1,sparsity,0.1333552421924793,0
fedavg-mnist-iid-reference-seed7-20261004,5,4,fc1,skewness,1.3590783689495671,0
fedavg-mnist-iid-reference-seed7-20261004,5,4,fc1,kurtosis,20.33536631073959,0
fedavg-mnist-iid-reference-seed7-20261004,5,4,output,mean,8.883384557870718e-11,0
fedavg-mnist-iid-reference-seed7-20261004,5,4,output,std,0.0017564192436107472,0
fedavg-mnist-iid-reference-seed7-20261004,5,4,output,median,-1.2307427823543549e-06,0
fedavg-mnist-iid-reference-seed7-20261004,5,4,output,min,-0.00632254034280777,0
fedavg-mnist-iid-reference-seed7-20261004,5,4,output,max,0.006614550948143005,0
fedavg-mnist-iid-reference-seed7-20261004,5,4,output,l1,0.7062066284706816,0
fedavg-mnist-iid-reference-seed7-20261004,5,4,output,l2,0.044780079986105455,0
fedavg-mnist-iid-reference-seed7-20261004,5,4,output,max_abs,0.006614550948143005,0
fedavg-mnist-iid-reference-seed7-20261004,5,4,output,sparsity,0.09230769230769231,0
fedavg-mnist-iid-reference-seed7-20261004,5,4,output,skewness,0.4244977838817653,0
fedavg-mnist-iid-reference-seed7-20261004,5,4,output,kurtosis,2.275132220622636,0
fedavg-mnist-iid-reference-seed7-20261004,6,0,conv1,mean,0.0029055516817606984,0
fedavg-mnist-iid-reference-seed7-20261004,6,0,conv1,std,0.003643925463798339,0
fedavg-mnist-iid-reference-seed7-20261004,6,0,conv1,median,0.0014652237296104431,0
fedavg-mnist-iid-reference-seed7-20261004,6,0,conv1,min,-0.0007918104529380798,0
fedavg-mnist-iid-reference-seed7-20261004,6,0,conv1,max,0.014414682984352112,0
fedavg-mnist-iid-reference-seed7-20261004,6,0,conv1,l1,0.4804541887715459,0
fedavg-mnist-iid-reference-seed7-20261004,6,0,conv1,l2,0.05895140149119492,0
fedavg-mnist-iid-reference-seed7-20261004,6,0,conv1,max_abs,0.014414682984352112,0
fedavg-mnist-iid-reference-seed7-20261004,6,0,conv1,sparsity,0.0,0
fedavg-mnist-iid-reference-seed7-20261004,6,0,conv1,skewness,1.4242420481947982,0
fedavg-mnist-iid-reference-seed7-20261004,6,0,conv1,kurtosis,1.4513943769691657,0
fedavg-mnist-iid-reference-seed7-20261004,6,0,conv2,mean,0.0004833115254047604,0
fedavg-mnist-iid-reference-seed7-20261004,6,0,conv2,std,0.0009941363016191603,0
fedavg-mnist-iid-reference-seed7-20261004,6,0,conv2,median,0.0001128041185438633,0
fedavg-mnist-iid-reference-seed7-20261004,6,0,conv2,min,-0.0016997270286083221,0
fedavg-mnist-iid-reference-seed7-20261004,6,0,conv2,max,0.010548882186412811,0
fedavg-mnist-iid-reference-seed7-20261004,6,0,conv2,l1,2.616433640476316,0
fedavg-mnist-iid-reference-seed7-20261004,6,0,conv2,l2,0.07529676060686473,0
fedavg-mnist-iid-reference-seed7-20261004,6,0,conv2,max_abs,0.010548882186412811,0
fedavg-mnist-iid-reference-seed7-20261004,6,0,conv2,sparsity,0.0,0
fedavg-mnist-iid-reference-seed7-20261004,6,0,conv2,skewness,3.2945218166308963,0
fedavg-mnist-iid-reference-seed7-20261004,6,0,conv2,kurtosis,16.323242028592652,0
fedavg-mnist-iid-reference-seed7-20261004,6,0,fc1,mean,3.430508186283625e-05,0
fedavg-mnist-iid-reference-seed7-20261004,6,0,fc1,std,0.0003818368635912422,0
fedavg-mnist-iid-reference-seed7-20261004,6,0,fc1,median,0.0,0
fedavg-mnist-iid-reference-seed7-20261004,6,0,fc1,min,-0.004113164730370045,0
fedavg-mnist-iid-reference-seed7-20261004,6,0,fc1,max,0.006053709425032139,0
fedavg-mnist-iid-reference-seed7-20261004,6,0,fc1,l1,17.38735274228293,0
fedavg-mnist-iid-reference-seed7-20261004,6,0,fc1,l2,0.12148565765209252,0
fedavg-mnist-iid-reference-seed7-20261004,6,0,fc1,max_abs,0.006053709425032139,0
fedavg-mnist-iid-reference-seed7-20261004,6,0,fc1,sparsity,0.11908460803059273,0
fedavg-mnist-iid-reference-seed7-20261004,6,0,fc1,skewness,1.5685451253702762,0
fedavg-mnist-iid-reference-seed7-20261004,6,0,fc1,kurtosis,21.95557136665262,0
fedavg-mnist-iid-reference-seed7-20261004,6,0,output,mean,-1.4847431045312147e-10,0
fedavg-mnist-iid-reference-seed7-20261004,6,0,output,std,0.0023022338325524652,0
fedavg-mnist-iid-reference-seed7-20261004,6,0,output,median,-3.594905138015747e-07,0
fedavg-mnist-iid-reference-seed7-20261004,6,0,output,min,-0.008032485842704773,0
fedavg-mnist-iid-reference-seed7-20261004,6,0,output,max,0.011586088687181473,0
fedavg-mnist-iid-reference-seed7-20261004,6,0,output,l1,0.9247709390474483,0
fedavg-mnist-iid-reference-seed7-20261004,6,0,output,l2,0.058695676185192745,0
fedavg-mnist-iid-reference-seed7-20261004,6,0,output,max_abs,0.011586088687181473,0
fedavg-mnist-iid-reference-seed7-20261004,6,0,output,sparsity,0.07692307692307693,0
fedavg-mnist-iid-reference-seed7-20261004,6,0,output,skewness,0.39166241276483144,0
fedavg-mnist-iid-reference-seed7-20261004,6,0,output,kurtosis,3.207540873350215,0
fedavg-mnist-iid-reference-seed7-20261004,6,1,conv1,mean,0.0028253059717826545,0
fedavg-mnist-iid-reference-seed7-20261004,6,1,conv1,std,0.0035783278958908854,0
fedavg-mnist-iid-reference-seed7-20261004,6,1,conv1,median,0.001635625958442688,0
fedavg-mnist-iid-reference-seed7-20261004,6,1,conv1,min,-0.0009472966194152832,0
fedavg-mnist-iid-reference-seed7-20261004,6,1,conv1,max,0.014304786920547485,0
fedavg-mnist-iid-reference-seed7-20261004,6,1,conv1,l1,0.46947351563721895,0
fedavg-mnist-iid-reference-seed7-20261004,6,1,conv1,l2,0.05767049070670596,0
fedavg-mnist-iid-reference-seed7-20261004,6,1,conv1,max_abs,0.014304786920547485,0
fedavg-mnist-iid-reference-seed7-20261004,6,1,conv1,sparsity,0.0,0
fedavg-mnist-iid-reference-seed7-20261004,6,1,conv1,skewness,1.4759843237449388,0
fedavg-mnist-iid-reference-seed7-20261004,6,1,conv1,kurtosis,1.6272453416734223,0
fedavg-mnist-iid-reference-seed7-20261004,6,1,conv2,mean,0.0004816042230388497,0
fedavg-mnist-iid-reference-seed7-20261004,6,1,conv2,std,0.0009840226326151135,0
fedavg-mnist-iid-reference-seed7-20261004,6,1,conv2,median,0.00011275964789092541,0
fedavg-mnist-iid-reference-seed7-20261004,6,1,conv2,min,-0.0016561072552576661,0
fedavg-mnist-iid-reference-seed7-20261004,6,1,conv2,max,0.010553516447544098,0
fedavg-mnist-iid-reference-seed7-20261004,6,1,conv2,l1,2.572638755707885,0
fedavg-mnist-iid-reference-seed7-20261004,6,1,conv2,l2,0.07462659247778244,0
fedavg-mnist-iid-reference-seed7-20261004,6,1,conv2,max_abs,0.010553516447544098,0
fedavg-mnist-iid-reference-seed7-20261004,6,1,conv2,sparsity,0.0,0
fedavg-mnist-iid-reference-seed7-20261004,6,1,conv2,skewness,3.3331131986578235,0
fedavg-mnist-iid-reference-seed7-20261004,6,1,conv2,kurtosis,16.678309431594315,0
fedavg-mnist-iid-reference-seed7-20261004,6,1,fc1,mean,4.257010907907688e-05,0
fedavg-mnist-iid-reference-seed7-20261004,6,1,fc1,std,0.00036474799180333977,0
fedavg-mnist-iid-reference-seed7-20261004,6,1,fc1,median,0.0,0
fedavg-mnist-iid-reference-seed7-20261004,6,1,fc1,min,-0.003908664919435978,0
fedavg-mnist-iid-reference-seed7-20261004,6,1,fc1,max,0.005915012210607529,0
fedavg-mnist-iid-reference-seed7-20261004,6,1,fc1,l1,17.246239810054135,0
fedavg-mnist-iid-reference-seed7-20261004,6,1,fc1,l2,0.11636765078332287,0
fedavg-mnist-iid-reference-seed7-20261004,6,1,fc1,max_abs,0.005915012210607529,0
fedavg-mnist-iid-reference-seed7-20261004,6,1,fc1,sparsity,0.1281967017208413,0
fedavg-mnist-iid-reference-seed7-20261004,6,1,fc1,skewness,1.4530107149381666,0
fedavg-mnist-iid-reference-seed7-20261004,6,1,fc1,kurtosis,19.02967847967776,0
fedavg-mnist-iid-reference-seed7-20261004,6,1,output,mean,1.7784679165253272e-10,0
fedavg-mnist-iid-reference-seed7-20261004,6,1,output,std,0.002104205391297911,0
fedavg-mnist-iid-reference-seed7-20261004,6,1,output,median,-9.78820025920868e-07,0
fedavg-mnist-iid-reference-seed7-20261004,6,1,output,min,-0.008053004741668701,0
fedavg-mnist-iid-reference-seed7-20261004,6,1,output,max,0.007988996803760529,0
fedavg-mnist-iid-reference-seed7-20261004,6,1,output,l1,0.845478898496367,0
fedavg-mnist-iid-reference-seed7-20261004,6,1,output,l2,0.05364692175417613,0
fedavg-mnist-iid-reference-seed7-20261004,6,1,output,max_abs,0.008053004741668701,0
fedavg-mnist-iid-reference-seed7-20261004,6,1,output,sparsity,0.09230769230769231,0
fedavg-mnist-iid-reference-seed7-20261004,6,1,output,skewness,0.2666135135212884,0
fedavg-mnist-iid-reference-seed7-20261004,6,1,output,kurtosis,2.8085321889283295,0
fedavg-mnist-iid-reference-seed7-20261004,6,2,conv1,mean,0.002996001833525952,0
fedavg-mnist-iid-reference-seed7-20261004,6,2,conv1,std,0.0036922974060262276,0
fedavg-mnist-iid-reference-seed7-20261004,6,2,conv1,median,0.0018157735466957092,0
fedavg-mnist-iid-reference-seed7-20261004,6,2,conv1,min,-0.0012049823999404907,0
fedavg-mnist-iid-reference-seed7-20261004,6,2,conv1,max,0.014681920409202576,0
fedavg-mnist-iid-reference-seed7-20261004,6,2,conv1,l1,0.49394831736572087,0
fedavg-mnist-iid-reference-seed7-20261004,6,2,conv1,l2,0.06014527362450203,0
fedavg-mnist-iid-reference-seed7-20261004,6,2,conv1,max_abs,0.014681920409202576,0
fedavg-mnist-iid-reference-seed7-20261004,6,2,conv1,sparsity,0.0,0
fedavg-mnist-iid-reference-seed7-20261004,6,2,conv1,skewness,1.3903576904262736,0
fedavg-mnist-iid-reference-seed7-20261004,6,2,conv1,kurtosis,1.3440924045570055,0
fedavg-mnist-iid-reference-seed7-20261004,6,2,conv2,mean,0.0004638787551812129,0
fedavg-mnist-iid-reference-seed7-20261004,6,2,conv2,std,0.001010320611087532,0
fedavg-mnist-iid-reference-seed7-20261004,6,2,conv2,median,0.00010314816609025002,0
fedavg-mnist-iid-reference-seed7-20261004,6,2,conv2,min,-0.0019010582473129034,0
fedavg-mnist-iid-reference-seed7-20261004,6,2,conv2,max,0.010248076170682907,0
fedavg-mnist-iid-reference-seed7-20261004,6,2,conv2,l1,2.6078709753637668,0
fedavg-mnist-iid-reference-seed7-20261004,6,2,conv2,l2,0.07572794027486121,0
fedavg-mnist-iid-reference-seed7-20261004,6,2,conv2,max_abs,0.010248076170682907,0
fedavg-mnist-iid-reference-seed7-20261004,6,2,conv2,sparsity,0.0,0
fedavg-mnist-iid-reference-seed7-20261004,6,2,conv2,skewness,3.381508113803475,0
fedavg-mnist-iid-reference-seed7-20261004,6,2,conv2,kurtosis,17.17605810509018,0
fedavg-mnist-iid-reference-seed7-20261004,6,2,fc1,mean,3.788709788996498e-05,0
fedavg-mnist-iid-reference-seed7-20261004,6,2,fc1,std,0.00041045851800746374,0
fedavg-mnist-iid-reference-seed7-20261004,6,2,fc1,median,0.0,0
fedavg-mnist-iid-reference-seed7-20261004,6,2,fc1,min,-0.0061828624457120895,0
fedavg-mnist-iid-reference-seed7-20261004,6,2,fc1,max,0.006718415766954422,0
fedavg-mnist-iid-reference-seed7-20261004,6,2,fc1,l1,18.159691290302135,0
fedavg-mnist-iid-reference-seed7-20261004,6,2,fc1,l2,0.13062100120597891,0
fedavg-mnist-iid-reference-seed7-20261004,6,2,fc1,max_abs,0.006718415766954422,0
fedavg-mnist-iid-reference-seed7-20261004,6,2,fc1,sparsity,0.13254859783301465,0
fedavg-mnist-iid-reference-seed7-20261004,6,2,fc1,skewness,1.2624283977907762,0
fedavg-mnist-iid-reference-seed7-20261004,6,2,fc1,kurtosis,23.00790365378545,0
fedavg-mnist-iid-reference-seed7-20261004,6,2,output,mean,1.4444454931295836e-10,0
fedavg-mnist-iid-reference-seed7-20261004,6,2,output,std,0.002262729405647148,0
fedavg-mnist-iid-reference-seed7-20261004,6,2,output,median,-3.6694109439849854e-07,0
fedavg-mnist-iid-reference-seed7-20261004,6,2,output,min,-0.009661838412284851,0
fedavg-mnist-iid-reference-seed7-20261004,6,2,output,max,0.01009548082947731,0
fedavg-mnist-iid-reference-seed7-20261004,6,2,output,l1,0.9108292974415235,0
fedavg-mnist-iid-reference-seed7-20261004,6,2,output,l2,0.05768850696687518,0
fedavg-mnist-iid-reference-seed7-20261004,6,2,output,max_abs,0.01009548082947731,0
fedavg-mnist-iid-reference-seed7-20261004,6,2,output,sparsity,0.09230769230769231,0
fedavg-mnist-iid-reference-seed7-20261004,6,2,output,skewness,0.147922262238507,0
fedavg-mnist-iid-reference-seed7-20261004,6,2,output,kurtosis,2.695806867922105,0
fedavg-mnist-iid-reference-seed7-20261004,6,3,conv1,mean,0.0028573498668265527,0
fedavg-mnist-iid-reference-seed7-20261004,6,3,conv1,std,0.00356114656418751,0
fedavg-mnist-iid-reference-seed7-20261004,6,3,conv1,median,0.001605801284313202,0
fedavg-mnist-iid-reference-seed7-20261004,6,3,conv1,min,-0.0009309351444244385,0
fedavg-mnist-iid-reference-seed7-20261004,6,3,conv1,max,0.014184191823005676,0
fedavg-mnist-iid-reference-seed7-20261004,6,3,conv1,l1,0.4705421270336956,0
fedavg-mnist-iid-reference-seed7-20261004,6,3,conv1,l2,0.05775287090779571,0
fedavg-mnist-iid-reference-seed7-20261004,6,3,conv1,max_abs,0.014184191823005676,0
fedavg-mnist-iid-reference-seed7-20261004,6,3,conv1,sparsity,0.0,0
fedavg-mnist-iid-reference-seed7-20261004,6,3,conv1,skewness,1.4625853007287142,0
fedavg-mnist-iid-reference-seed7-20261004,6,3,conv1,kurtosis,1.6229236753101084,0
fedavg-mnist-iid-reference-seed7-20261004,6,3,conv2,mean,0.000491743792038286,0
fedavg-mnist-iid-reference-seed7-20261004,6,3,conv2,std,0.0009931731376012774,0
fedavg-mnist-iid-reference-seed7-20261004,6,3,conv2,median,0.00012194737792015076,0
fedavg-mnist-iid-reference-seed7-20261004,6,3,conv2,min,-0.0014118179678916931,0
fedavg-mnist-iid-reference-seed7-20261004,6,3,conv2,max,0.01062466949224472,0
fedavg-mnist-iid-reference-seed7-20261004,6,3,conv2,l1,2.604422945798433,0
fedavg-mnist-iid-reference-seed7-20261004,6,3,conv2,l2,0.07549086335134104,0
fedavg-mnist-iid-reference-seed7-20261004,6,3,conv2,max_abs,0.01062466949224472,0
fedavg-mnist-iid-reference-seed7-20261004,6,3,conv2,sparsity,0.00021551724137931034,0
fedavg-mnist-iid-reference-seed7-20261004,6,3,conv2,skewness,3.4192306979987275,0
fedavg-mnist-iid-reference-seed7-20261004,6,3,conv2,kurtosis,17.551016632888825,0
fedavg-mnist-iid-reference-seed7-20261004,6,3,fc1,mean,6.86733885280982e-05,0
fedavg-mnist-iid-reference-seed7-20261004,6,3,fc1,std,0.0003641165435446354,0
fedavg-mnist-iid-reference-seed7-20261004,6,3,fc1,median,0.0,0
fedavg-mnist-iid-reference-seed7-20261004,6,3,fc1,min,-0.0038868580013513565,0
fedavg-mnist-iid-reference-seed7-20261004,6,3,fc1,max,0.0058706048876047134,0
fedavg-mnist-iid-reference-seed7-20261004,6,3,fc1,l1,17.107100831999333,0
fedavg-mnist-iid-reference-seed7-20261004,6,3,fc1,l2,0.11741722473460814,0
fedavg-mnist-iid-reference-seed7-20261004,6,3,fc1,max_abs,0.0058706048876047134,0
fedavg-mnist-iid-reference-seed7-20261004,6,3,fc1,sparsity,0.14491714467813893,0
fedavg-mnist-iid-reference-seed7-20261004,6,3,fc1,skewness,1.9331412842434517,0
fedavg-mnist-iid-reference-seed7-20261004,6,3,fc1,kurtosis,18.82468731701996,0
fedavg-mnist-iid-reference-seed7-20261004,6,3,output,mean,3.692268644674466e-10,0
fedavg-mnist-iid-reference-seed7-20261004,6,3,output,std,0.002049660873921714,0
fedavg-mnist-iid-reference-seed7-20261004,6,3,output,median,-5.066394805908203e-07,0
fedavg-mnist-iid-reference-seed7-20261004,6,3,output,min,-0.00834624469280243,0
fedavg-mnist-iid-reference-seed7-20261004,6,3,output,max,0.009452760219573975,0
fedavg-mnist-iid-reference-seed7-20261004,6,3,output,l1,0.8044656076890533,0
fedavg-mnist-iid-reference-seed7-20261004,6,3,output,l2,0.052256303961873155,0
fedavg-mnist-iid-reference-seed7-20261004,6,3,output,max_abs,0.009452760219573975,0
fedavg-mnist-iid-reference-seed7-20261004,6,3,output,sparsity,0.1076923076923077,0
fedavg-mnist-iid-reference-seed7-20261004,6,3,output,skewness,0.15661517574749592,0
fedavg-mnist-iid-reference-seed7-20261004,6,3,output,kurtosis,3.4772056199128425,0
fedavg-mnist-iid-reference-seed7-20261004,6,4,conv1,mean,0.003020150677184574,0
fedavg-mnist-iid-reference-seed7-20261004,6,4,conv1,std,0.003691230458029205,0
fedavg-mnist-iid-reference-seed7-20261004,6,4,conv1,median,0.0016967430710792542,0
fedavg-mnist-iid-reference-seed7-20261004,6,4,conv1,min,-0.0010432153940200806,0
fedavg-mnist-iid-reference-seed7-20261004,6,4,conv1,max,0.014536410570144653,0
fedavg-mnist-iid-reference-seed7-20261004,6,4,conv1,l1,0.49606443429365754,0
fedavg-mnist-iid-reference-seed7-20261004,6,4,conv1,l2,0.06032776131391708,0
fedavg-mnist-iid-reference-seed7-20261004,6,4,conv1,max_abs,0.014536410570144653,0
fedavg-mnist-iid-reference-seed7-20261004,6,4,conv1,sparsity,0.0,0
fedavg-mnist-iid-reference-seed7-20261004,6,4,conv1,skewness,1.3861075258531828,0
fedavg-mnist-iid-reference-seed7-20261004,6,4,conv1,kurtosis,1.3347395515174139,0
fedavg-mnist-iid-reference-seed7-20261004,6,4,conv2,mean,0.0004966530264325762,0
fedavg-mnist-iid-reference-seed7-20261004,6,4,conv2,std,0.0010299349396141108,0
fedavg-mnist-iid-reference-seed7-20261004,6,4,conv2,median,0.00012257695198059082,0
fedavg-mnist-iid-reference-seed7-20261004,6,4,conv2,min,-0.0016662105917930603,0
fedavg-mnist-iid-reference-seed7-20261004,6,4,conv2,max,0.010967183858156204,0
fedavg-mnist-iid-reference-seed7-20261004,6,4,conv2,l1,2.6885301670918125,0
fedavg-mnist-iid-reference-seed7-20261004,6,4,conv2,l2,0.07788758673531923,0
fedavg-mnist-iid-reference-seed7-20261004,6,4,conv2,max_abs,0.010967183858156204,0
fedavg-mnist-iid-reference-seed7-20261004,6,4,conv2,sparsity,0.0,0
fedavg-mnist-iid-reference-seed7-20261004,6,4,conv2,skewness,3.377374041063253,0
fedavg-mnist-iid-reference-seed7-20261004,6,4,conv2,kurtosis,17.19343747735602,0
fedavg-mnist-iid-reference-seed7-20261004,6,4,fc1,mean,3.538313098631737e-05,0
fedavg-mnist-iid-reference-seed7-20261004,6,4,fc1,std,0.00040129460658671885,0
fedavg-mnist-iid-reference-seed7-20261004,6,4,fc1,median,0.0,0
fedavg-mnist-iid-reference-seed7-20261004,6,4,fc1,min,-0.004898263141512871,0
fedavg-mnist-iid-reference-seed7-20261004,6,4,fc1,max,0.005826782435178757,0
fedavg-mnist-iid-reference-seed7-20261004,6,4,fc1,l1,18.141696607928225,0
fedavg-mnist-iid-reference-seed7-20261004,6,4,fc1,l2,0.12765753046149597,0
fedavg-mnist-iid-reference-seed7-20261004,6,4,fc1,max_abs,0.005826782435178757,0
fedavg-mnist-iid-reference-seed7-20261004,6,4,fc1,sparsity,0.12877429891650732,0
fedavg-mnist-iid-reference-seed7-20261004,6,4,fc1,skewness,1.4748311517472226,0
fedavg-mnist-iid-reference-seed7-20261004,6,4,fc1,kurtosis,22.030386953479844,0
fedavg-mnist-iid-reference-seed7-20261004,6,4,output,mean,1.0002762652360476e-10,0
fedavg-mnist-iid-reference-seed7-20261004,6,4,output,std,0.0022800736924790833,0
fedavg-mnist-iid-reference-seed7-20261004,6,4,output,median,-1.4617107808589935e-06,0
fedavg-mnist-iid-reference-seed7-20261004,6,4,output,min,-0.00816274806857109,0
fedavg-mnist-iid-reference-seed7-20261004,6,4,output,max,0.00810900330543518,0
fedavg-mnist-iid-reference-seed7-20261004,6,4,output,l1,0.9178872437332757,0
fedavg-mnist-iid-reference-seed7-20261004,6,4,output,l2,0.05813070125190205,0
fedavg-mnist-iid-reference-seed7-20261004,6,4,output,max_abs,0.00816274806857109,0
fedavg-mnist-iid-reference-seed7-20261004,6,4,output,sparsity,0.09230769230769231,0
fedavg-mnist-iid-reference-seed7-20261004,6,4,output,skewness,0.44476524849388427,0
fedavg-mnist-iid-reference-seed7-20261004,6,4,output,kurtosis,2.2418932050451286,0
fedavg-mnist-iid-reference-seed7-20261004,7,0,conv1,mean,0.003699474585300777,0
fedavg-mnist-iid-reference-seed7-20261004,7,0,conv1,std,0.004633022858006599,0
fedavg-mnist-iid-reference-seed7-20261004,7,0,conv1,median,0.0019536279141902924,0
fedavg-mnist-iid-reference-seed7-20261004,7,0,conv1,min,-0.0009551048278808594,0
fedavg-mnist-iid-reference-seed7-20261004,7,0,conv1,max,0.018520519137382507,0
fedavg-mnist-iid-reference-seed7-20261004,7,0,conv1,l1,0.6093500608112663,0
fedavg-mnist-iid-reference-seed7-20261004,7,0,conv1,l2,0.0749944136693906,0
fedavg-mnist-iid-reference-seed7-20261004,7,0,conv1,max_abs,0.018520519137382507,0
fedavg-mnist-iid-reference-seed7-20261004,7,0,conv1,sparsity,0.0,0
fedavg-mnist-iid-reference-seed7-20261004,7,0,conv1,skewness,1.447568138303122,0
fedavg-mnist-iid-reference-seed7-20261004,7,0,conv1,kurtosis,1.5272410998169894,0
fedavg-mnist-iid-reference-seed7-20261004,7,0,conv2,mean,0.0005730046831558866,0
fedavg-mnist-iid-reference-seed7-20261004,7,0,conv2,std,0.0011965903548012875,0
fedavg-mnist-iid-reference-seed7-20261004,7,0,conv2,median,0.00011844886466860771,0
fedavg-mnist-iid-reference-seed7-20261004,7,0,conv2,min,-0.0018528960645198822,0
fedavg-mnist-iid-reference-seed7-20261004,7,0,conv2,max,0.012863978743553162,0
fedavg-mnist-iid-reference-seed7-20261004,7,0,conv2,l1,3.0782512195728486,0
fedavg-mnist-iid-reference-seed7-20261004,7,0,conv2,l2,0.09037231653955932,0
fedavg-mnist-iid-reference-seed7-20261004,7,0,conv2,max_abs,0.012863978743553162,0
fedavg-mnist-iid-reference-seed7-20261004,7,0,conv2,sparsity,0.0,0
fedavg-mnist-iid-reference-seed7-20261004,7,0,conv2,skewness,3.396654922037759,0
fedavg-mnist-iid-reference-seed7-20261004,7,0,conv2,kurtosis,17.17688314465737,0
fedavg-mnist-iid-reference-seed7-20261004,7,0,fc1,mean,4.04601312807512e-05,0
fedavg-mnist-iid-reference-seed7-20261004,7,0,fc1,std,0.0004266998806305992,0
fedavg-mnist-iid-reference-seed7-20261004,7,0,fc1,median,0.0,0
fedavg-mnist-iid-reference-seed7-20261004,7,0,fc1,min,-0.0046332464553415775,0
fedavg-mnist-iid-reference-seed7-20261004,7,0,fc1,max,0.007249942049384117,0
fedavg-mnist-iid-reference-seed7-20261004,7,0,fc1,l1,19.178393944962295,0
fedavg-mnist-iid-reference-seed7-20261004,7,0,fc1,l2,0.13582122189278575,0
fedavg-mnist-iid-reference-seed7-20261004,7,0,fc1,max_abs,0.007249942049384117,0
fedavg-mnist-iid-reference-seed7-20261004,7,0,fc1,sparsity,0.12779835882727852,0
fedavg-mnist-iid-reference-seed7-20261004,7,0,fc1,skewness,1.7776977419549755,0
fedavg-mnist-iid-reference-seed7-20261004,7,0,fc1,kurtosis,24.61050307468107,0
fedavg-mnist-iid-reference-seed7-20261004,7,0,output,mean,1.1525116860866547e-10,0
fedavg-mnist-iid-reference-seed7-20261004,7,0,output,std,0.002902142722348536,0
fedavg-mnist-iid-reference-seed7-20261004,7,0,output,median,-7.003545761108398e-07,0
fedavg-mnist-iid-reference-seed7-20261004,7,0,output,min,-0.010813504457473755,0
fedavg-mnist-iid-reference-seed7-20261004,7,0,output,max,0.015717841684818268,0
fedavg-mnist-iid-reference-seed7-20261004,7,0,output,l1,1.1646478224429302,0
fedavg-mnist-iid-reference-seed7-20261004,7,0,output,l2,0.07399041186243241,0
fedavg-mnist-iid-reference-seed7-20261004,7,0,output,max_abs,0.015717841684818268,0
fedavg-mnist-iid-reference-seed7-20261004,7,0,output,sparsity,0.09692307692307692,0
fedavg-mnist-iid-reference-seed7-20261004,7,0,output,skewness,0.41514501496227946,0
fedavg-mnist-iid-reference-seed7-20261004,7,0,output,kurtosis,3.466520196565206,0
fedavg-mnist-iid-reference-seed7-20261004,7,1,conv1,mean,0.0035496181109920142,0
fedavg-mnist-iid-reference-seed7-20261004,7,1,conv1,std,0.004500917267663123,0
fedavg-mnist-iid-reference-seed7-20261004,7,1,conv1,median,0.00205853208899498,0
fedavg-mnist-iid-reference-seed7-20261004,7,1,conv1,min,-0.001094222068786621,0
fedavg-mnist-iid-reference-seed7-20261004,7,1,conv1,max,0.01805517077445984,0
fedavg-mnist-iid-reference-seed7-20261004,7,1,conv1,l1,0.5883765844628215,0
fedavg-mnist-iid-reference-seed7-20261004,7,1,conv1,l2,0.07250715273320897,0
fedavg-mnist-iid-reference-seed7-20261004,7,1,conv1,max_abs,0.01805517077445984,0
fedavg-mnist-iid-reference-seed7-20261004,7,1,conv1,sparsity,0.0,0
fedavg-mnist-iid-reference-seed7-20261004,7,1,conv1,skewness,1.4895698377634845,0
fedavg-mnist-iid-reference-seed7-20261004,7,1,conv1,kurtosis,1.6633489999905962,0
fedavg-mnist-iid-reference-seed7-20261004,7,1,conv2,mean,0.0005660255377310462,0
fedavg-mnist-iid-reference-seed7-20261004,7,1,conv2,std,0.0011718572127439686,0
fedavg-mnist-iid-reference-seed7-20261004,7,1,conv2,median,0.00012235110625624657,0
fedavg-mnist-iid-reference-seed7-20261004,7,1,conv2,min,-0.001759113627485931,0
fedavg-mnist-iid-reference-seed7-20261004,7,1,conv2,max,0.012777529656887054,0
fedavg-mnist-iid-reference-seed7-20261004,7,1,conv2,l1,3.0077714281142107,0
fedavg-mnist-iid-reference-seed7-20261004,7,1,conv2,l2,0.088647971533512,0
fedavg-mnist-iid-reference-seed7-20261004,7,1,conv2,max_abs,0.012777529656887054,0
fedavg-mnist-iid-reference-seed7-20261004,7,1,conv2,sparsity,0.0,0
fedavg-mnist-iid-reference-seed7-20261004,7,1,conv2,skewness,3.446592637160886,0
fedavg-mnist-iid-reference-seed7-20261004,7,1,conv2,kurtosis,17.749862029252895,0
fedavg-mnist-iid-reference-seed7-20261004,7,1,fc1,mean,4.8993183485088366e-05,0
fedavg-mnist-iid-reference-seed7-20261004,7,1,fc1,std,0.0004113578996347657,0
fedavg-mnist-iid-reference-seed7-20261004,7,1,fc1,median,0.0,0
fedavg-mnist-iid-reference-seed7-20261004,7,1,fc1,min,-0.004669200628995895,0
fedavg-mnist-iid-reference-seed7-20261004,7,1,fc1,max,0.006594566628336906,0
fedavg-mnist-iid-reference-seed7-20261004,7,1,fc1,l1,19.31266330834933,0
fedavg-mnist-iid-reference-seed7-20261004,7,1,fc1,l2,0.13127435954480537,0
fedavg-mnist-iid-reference-seed7-20261004,7,1,fc1,max_abs,0.006594566628336906,0
fedavg-mnist-iid-reference-seed7-20261004,7,1,fc1,sparsity,0.12491037284894838,0
fedavg-mnist-iid-reference-seed7-20261004,7,1,fc1,skewness,1.5095856327121093,0
fedavg-mnist-iid-reference-seed7-20261004,7,1,fc1,kurtosis,20.01049866835692,0
fedavg-mnist-iid-reference-seed7-20261004,7,1,output,mean,1.7865274388056536e-10,0
fedavg-mnist-iid-reference-seed7-20261004,7,1,output,std,0.0026639880064848634,0
fedavg-mnist-iid-reference-seed7-20261004,7,1,output,median,-1.0207295417785645e-06,0
fedavg-mnist-iid-reference-seed7-20261004,7,1,output,min,-0.010003790259361267,0
fedavg-mnist-iid-reference-seed7-20261004,7,1,output,max,0.010637816041707993,0
fedavg-mnist-iid-reference-seed7-20261004,7,1,output,l1,1.0699966864776798,0
fedavg-mnist-iid-reference-seed7-20261004,7,1,output,l2,0.06791863414521747,0
fedavg-mnist-iid-reference-seed7-20261004,7,1,output,max_abs,0.010637816041707993,0
fedavg-mnist-iid-reference-seed7-20261004,7,1,output,sparsity,0.09384615384615384,0
fedavg-mnist-iid-reference-seed7-20261004,7,1,output,skewness,0.31403385452454013,0
fedavg-mnist-iid-reference-seed7-20261004,7,1,output,kurtosis,2.976928298937513,0
fedavg-mnist-iid-reference-seed7-20261004,7,2,conv1,mean,0.0038118470081826674,0
fedavg-mnist-iid-reference-seed7-20261004,7,2,conv1,std,0.004689754878609038,0
fedavg-mnist-iid-reference-seed7-20261004,7,2,conv1,median,0.002197444438934326,0
fedavg-mnist-iid-reference-seed7-20261004,7,2,conv1,min,-0.0013145357370376587,0
fedavg-mnist-iid-reference-seed7-20261004,7,2,conv1,max,0.0187445729970932,0
fedavg-mnist-iid-reference-seed7-20261004,7,2,conv1,l1,0.6258659888990223,0
fedavg-mnist-iid-reference-seed7-20261004,7,2,conv1,l2,0.07644499035016321,0
fedavg-mnist-iid-reference-seed7-20261004,7,2,conv1,max_abs,0.0187445729970932,0
fedavg-mnist-iid-reference-seed7-20261004,7,2,conv1,sparsity,0.0,0
fedavg-mnist-iid-reference-seed7-20261004,7,2,conv1,skewness,1.4070048888988873,0
fedavg-mnist-iid-reference-seed7-20261004,7,2,conv1,kurtosis,1.3813327993681632,0
fedavg-mnist-iid-reference-seed7-20261004,7,2,conv2,mean,0.0005487193048981586,0
fedavg-mnist-iid-reference-seed7-20261004,7,2,conv2,std,0.0012118033019578372,0
fedavg-mnist-iid-reference-seed7-20261004,7,2,conv2,median,0.00011277524754405022,0
fedavg-mnist-iid-reference-seed7-20261004,7,2,conv2,min,-0.0023197829723358154,0
fedavg-mnist-iid-reference-seed7-20261004,7,2,conv2,max,0.012458283454179764,0
fedavg-mnist-iid-reference-seed7-20261004,7,2,conv2,l1,3.0786763669893844,0
fedavg-mnist-iid-reference-seed7-20261004,7,2,conv2,l2,0.0906132382627715,0
fedavg-mnist-iid-reference-seed7-20261004,7,2,conv2,max_abs,0.012458283454179764,0
fedavg-mnist-iid-reference-seed7-20261004,7,2,conv2,sparsity,0.0,0
fedavg-mnist-iid-reference-seed7-20261004,7,2,conv2,skewness,3.4480514813368774,0
fedavg-mnist-iid-reference-seed7-20261004,7,2,conv2,kurtosis,17.77012540453468,0
fedavg-mnist-iid-reference-seed7-20261004,7,2,fc1,mean,4.19386232114546e-05,0
fedavg-mnist-iid-reference-seed7-20261004,7,2,fc1,std,0.000474342701498218,0
fedavg-mnist-iid-reference-seed7-20261004,7,2,fc1,median,0.0,0
fedavg-mnist-iid-reference-seed7-20261004,7,2,fc1,min,-0.007384138181805611,0
fedavg-mnist-iid-reference-seed7-20261004,7,2,fc1,max,0.0074166059494018555,0
fedavg-mnist-iid-reference-seed7-20261004,7,2,fc1,l1,20.746858740942912,0
fedavg-mnist-iid-reference-seed7-20261004,7,2,fc1,l2,0.15089836564498602,0
fedavg-mnist-iid-reference-seed7-20261004,7,2,fc1,max_abs,0.0074166059494018555,0
fedavg-mnist-iid-reference-seed7-20261004,7,2,fc1,sparsity,0.14194949012109623,0
fedavg-mnist-iid-reference-seed7-20261004,7,2,fc1,skewness,1.1924132777902257,0
fedavg-mnist-iid-reference-seed7-20261004,7,2,fc1,kurtosis,24.20935904772569,0
fedavg-mnist-iid-reference-seed7-20261004,7,2,output,mean,-2.7903857139440683e-10,0
fedavg-mnist-iid-reference-seed7-20261004,7,2,output,std,0.0029205416008215457,0
fedavg-mnist-iid-reference-seed7-20261004,7,2,output,median,-2.8219074010849e-07,0
fedavg-mnist-iid-reference-seed7-20261004,7,2,output,min,-0.012680456042289734,0
fedavg-mnist-iid-reference-seed7-20261004,7,2,output,max,0.013726271688938141,0
fedavg-mnist-iid-reference-seed7-20261004,7,2,output,l1,1.1835279192309827,0
fedavg-mnist-iid-reference-seed7-20261004,7,2,output,l2,0.07445949306424321,0
fedavg-mnist-iid-reference-seed7-20261004,7,2,output,max_abs,0.013726271688938141,0
fedavg-mnist-iid-reference-seed7-20261004,7,2,output,sparsity,0.1076923076923077,0
fedavg-mnist-iid-reference-seed7-20261004,7,2,output,skewness,0.2743522719679058,0
fedavg-mnist-iid-reference-seed7-20261004,7,2,output,kurtosis,2.877792169210802,0
fedavg-mnist-iid-reference-seed7-20261004,7,3,conv1,mean,0.003588893789856229,0
fedavg-mnist-iid-reference-seed7-20261004,7,3,conv1,std,0.004483264116800526,0
fedavg-mnist-iid-reference-seed7-20261004,7,3,conv1,median,0.0020154789090156555,0
fedavg-mnist-iid-reference-seed7-20261004,7,3,conv1,min,-0.0010820701718330383,0
fedavg-mnist-iid-reference-seed7-20261004,7,3,conv1,max,0.01806788146495819,0
fedavg-mnist-iid-reference-seed7-20261004,7,3,conv1,l1,0.5905555326025933,0
fedavg-mnist-iid-reference-seed7-20261004,7,3,conv1,l2,0.07264138299989592,0
fedavg-mnist-iid-reference-seed7-20261004,7,3,conv1,max_abs,0.01806788146495819,0
fedavg-mnist-iid-reference-seed7-20261004,7,3,conv1,sparsity,0.0,0
fedavg-mnist-iid-reference-seed7-20261004,7,3,conv1,skewness,1.4886844401848294,0
fedavg-mnist-iid-reference-seed7-20261004,7,3,conv1,kurtosis,1.7201745695321735,0
fedavg-mnist-iid-reference-seed7-20261004,7,3,conv2,mean,0.0005738764768701567,0
fedavg-mnist-iid-reference-seed7-20261004,7,3,conv2,std,0.001184929568236919,0
fedavg-mnist-iid-reference-seed7-20261004,7,3,conv2,median,0.00013185478746891022,0
fedavg-mnist-iid-reference-seed7-20261004,7,3,conv2,min,-0.0015780404210090637,0
fedavg-mnist-iid-reference-seed7-20261004,7,3,conv2,max,0.012902867048978806,0
fedavg-mnist-iid-reference-seed7-20261004,7,3,conv2,l1,3.0461068703516503,0
fedavg-mnist-iid-reference-seed7-20261004,7,3,conv2,l2,0.08968244107224023,0
fedavg-mnist-iid-reference-seed7-20261004,7,3,conv2,max_abs,0.012902867048978806,0
fedavg-mnist-iid-reference-seed7-20261004,7,3,conv2,sparsity,0.0,0
fedavg-mnist-iid-reference-seed7-20261004,7,3,conv2,skewness,3.509430718080176,0
fedavg-mnist-iid-reference-seed7-20261004,7,3,conv2,kurtosis,18.47309828062977,0
fedavg-mnist-iid-reference-seed7-20261004,7,3,fc1,mean,7.289291572783754e-05,0
fedavg-mnist-iid-reference-seed7-20261004,7,3,fc1,std,0.00041010854893909856,0
fedavg-mnist-iid-reference-seed7-20261004,7,3,fc1,median,0.0,0
fedavg-mnist-iid-reference-seed7-20261004,7,3,fc1,min,-0.0044696517288684845,0
fedavg-mnist-iid-reference-seed7-20261004,7,3,fc1,max,0.006570387631654739,0
fedavg-mnist-iid-reference-seed7-20261004,7,3,fc1,l1,19.109250619134173,0
fedavg-mnist-iid-reference-seed7-20261004,7,3,fc1,l2,0.131994003294239,0
fedavg-mnist-iid-reference-seed7-20261004,7,3,fc1,max_abs,0.006570387631654739,0
fedavg-mnist-iid-reference-seed7-20261004,7,3,fc1,sparsity,0.14069471000637349,0
fedavg-mnist-iid-reference-seed7-20261004,7,3,fc1,skewness,1.8246947135308667,0
fedavg-mnist-iid-reference-seed7-20261004,7,3,fc1,kurtosis,19.39156046982924,0
fedavg-mnist-iid-reference-seed7-20261004,7,3,output,mean,2.2924863375150242e-10,0
fedavg-mnist-iid-reference-seed7-20261004,7,3,output,std,0.0025771874922531986,0
fedavg-mnist-iid-reference-seed7-20261004,7,3,output,median,-1.0095536708831787e-06,0
fedavg-mnist-iid-reference-seed7-20261004,7,3,output,min,-0.010563865303993225,0
fedavg-mnist-iid-reference-seed7-20261004,7,3,output,max,0.012318648397922516,0
fedavg-mnist-iid-reference-seed7-20261004,7,3,output,l1,1.0226703980006278,0
fedavg-mnist-iid-reference-seed7-20261004,7,3,output,l2,0.06570564656593182,0
fedavg-mnist-iid-reference-seed7-20261004,7,3,output,max_abs,0.012318648397922516,0
fedavg-mnist-iid-reference-seed7-20261004,7,3,output,sparsity,0.1076923076923077,0
fedavg-mnist-iid-reference-seed7-20261004,7,3,output,skewness,0.14900683767705308,0
fedavg-mnist-iid-reference-seed7-20261004,7,3,output,kurtosis,3.2725814872037926,0
fedavg-mnist-iid-reference-seed7-20261004,7,4,conv1,mean,0.003819896544155199,0
fedavg-mnist-iid-reference-seed7-20261004,7,4,conv1,std,0.004692317907911577,0
fedavg-mnist-iid-reference-seed7-20261004,7,4,conv1,median,0.0021512433886528015,0
fedavg-mnist-iid-reference-seed7-20261004,7,4,conv1,min,-0.0013437792658805847,0
fedavg-mnist-iid-reference-seed7-20261004,7,4,conv1,max,0.018635809421539307,0
fedavg-mnist-iid-reference-seed7-20261004,7,4,conv1,l1,0.6278786619659513,0
fedavg-mnist-iid-reference-seed7-20261004,7,4,conv1,l2,0.07653439170146349,0
fedavg-mnist-iid-reference-seed7-20261004,7,4,conv1,max_abs,0.018635809421539307,0
fedavg-mnist-iid-reference-seed7-20261004,7,4,conv1,sparsity,0.0,0
fedavg-mnist-iid-reference-seed7-20261004,7,4,conv1,skewness,1.415402655527497,0
fedavg-mnist-iid-reference-seed7-20261004,7,4,conv1,kurtosis,1.4302869178875293,0
fedavg-mnist-iid-reference-seed7-20261004,7,4,conv2,mean,0.0005850156655924366,0
fedavg-mnist-iid-reference-seed7-20261004,7,4,conv2,std,0.0012330532543435042,0
fedavg-mnist-iid-reference-seed7-20261004,7,4,conv2,median,0.00012609735131263733,0
fedavg-mnist-iid-reference-seed7-20261004,7,4,conv2,min,-0.00221049040555954,0
fedavg-mnist-iid-reference-seed7-20261004,7,4,conv2,max,0.013350438326597214,0
fedavg-mnist-iid-reference-seed7-20261004,7,4,conv2,l1,3.1497986847462016,0
fedavg-mnist-iid-reference-seed7-20261004,7,4,conv2,l2,0.09296644216407068,0
fedavg-mnist-iid-reference-seed7-20261004,7,4,conv2,max_abs,0.013350438326597214,0
fedavg-mnist-iid-reference-seed7-20261004,7,4,conv2,sparsity,0.0,0
fedavg-mnist-iid-reference-seed7-20261004,7,4,conv2,skewness,3.4775325597314604,0
fedavg-mnist-iid-reference-seed7-20261004,7,4,conv2,kurtosis,18.143082289934327,0
fedavg-mnist-iid-reference-seed7-20261004,7,4,fc1,mean,3.9140853456034795e-05,0
fedavg-mnist-iid-reference-seed7-20261004,7,4,fc1,std,0.0004563187675888495,0
fedavg-mnist-iid-reference-seed7-20261004,7,4,fc1,median,0.0,0
fedavg-mnist-iid-reference-seed7-20261004,7,4,fc1,min,-0.005995180457830429,0
fedavg-mnist-iid-reference-seed7-20261004,7,4,fc1,max,0.006587224081158638,0
fedavg-mnist-iid-reference-seed7-20261004,7,4,fc1,l1,20.338416561475242,0
fedavg-mnist-iid-reference-seed7-20261004,7,4,fc1,l2,0.14513146480731723,0
fedavg-mnist-iid-reference-seed7-20261004,7,4,fc1,max_abs,0.006587224081158638,0
fedavg-mnist-iid-reference-seed7-20261004,7,4,fc1,sparsity,0.13796606118546845,0
fedavg-mnist-iid-reference-seed7-20261004,7,4,fc1,skewness,1.4120059262733962,0
fedavg-mnist-iid-reference-seed7-20261004,7,4,fc1,kurtosis,23.995956037804653,0
fedavg-mnist-iid-reference-seed7-20261004,7,4,output,mean,3.8193180583990536e-10,0
fedavg-mnist-iid-reference-seed7-20261004,7,4,output,std,0.0028694261749749746,0
fedavg-mnist-iid-reference-seed7-20261004,7,4,output,median,-1.5259720385074615e-06,0
fedavg-mnist-iid-reference-seed7-20261004,7,4,output,min,-0.009935330599546432,0
fedavg-mnist-iid-reference-seed7-20261004,7,4,output,max,0.01047547161579132,0
fedavg-mnist-iid-reference-seed7-20261004,7,4,output,l1,1.1495204567327164,0
fedavg-mnist-iid-reference-seed7-20261004,7,4,output,l2,0.07315630029505715,0
fedavg-mnist-iid-reference-seed7-20261004,7,4,output,max_abs,0.01047547161579132,0
fedavg-mnist-iid-reference-seed7-20261004,7,4,output,sparsity,0.1076923076923077,0
fedavg-mnist-iid-reference-seed7-20261004,7,4,output,skewness,0.5423488113478739,0
fedavg-mnist-iid-reference-seed7-20261004,7,4,output,kurtosis,2.423299457688609,0
fedavg-mnist-iid-reference-seed7-20261004,8,0,conv1,mean,0.004238328787323553,0
fedavg-mnist-iid-reference-seed7-20261004,8,0,conv1,std,0.005321458400423722,0
fedavg-mnist-iid-reference-seed7-20261004,8,0,conv1,median,0.002308409661054611,0
fedavg-mnist-iid-reference-seed7-20261004,8,0,conv1,min,-0.0011097714304924011,0
fedavg-mnist-iid-reference-seed7-20261004,8,0,conv1,max,0.02147798240184784,0
fedavg-mnist-iid-reference-seed7-20261004,8,0,conv1,l1,0.69627830456011,0
fedavg-mnist-iid-reference-seed7-20261004,8,0,conv1,l2,0.08605240302689587,0
fedavg-mnist-iid-reference-seed7-20261004,8,0,conv1,max_abs,0.02147798240184784,0
fedavg-mnist-iid-reference-seed7-20261004,8,0,conv1,sparsity,0.0,0
fedavg-mnist-iid-reference-seed7-20261004,8,0,conv1,skewness,1.4745346809721904,0
fedavg-mnist-iid-reference-seed7-20261004,8,0,conv1,kurtosis,1.6147729574537806,0
fedavg-mnist-iid-reference-seed7-20261004,8,0,conv2,mean,0.0006231842022018476,0
fedavg-mnist-iid-reference-seed7-20261004,8,0,conv2,std,0.001313309043913226,0
fedavg-mnist-iid-reference-seed7-20261004,8,0,conv2,median,0.0001259325072169304,0
fedavg-mnist-iid-reference-seed7-20261004,8,0,conv2,min,-0.001901872456073761,0
fedavg-mnist-iid-reference-seed7-20261004,8,0,conv2,max,0.014198612421751022,0
fedavg-mnist-iid-reference-seed7-20261004,8,0,conv2,l1,3.342223545994784,0
fedavg-mnist-iid-reference-seed7-20261004,8,0,conv2,l2,0.09902002758735107,0
fedavg-mnist-iid-reference-seed7-20261004,8,0,conv2,max_abs,0.014198612421751022,0
fedavg-mnist-iid-reference-seed7-20261004,8,0,conv2,sparsity,0.00021551724137931034,0
fedavg-mnist-iid-reference-seed7-20261004,8,0,conv2,skewness,3.463087935486885,0
fedavg-mnist-iid-reference-seed7-20261004,8,0,conv2,kurtosis,17.771917923795513,0
fedavg-mnist-iid-reference-seed7-20261004,8,0,fc1,mean,4.037397379536631e-05,0
fedavg-mnist-iid-reference-seed7-20261004,8,0,fc1,std,0.0004604921729434237,0
fedavg-mnist-iid-reference-seed7-20261004,8,0,fc1,median,0.0,0
fedavg-mnist-iid-reference-seed7-20261004,8,0,fc1,min,-0.005058932118117809,0
fedavg-mnist-iid-reference-seed7-20261004,8,0,fc1,max,0.007788860239088535,0
fedavg-mnist-iid-reference-seed7-20261004,8,0,fc1,l1,20.595197616568157,0
fedavg-mnist-iid-reference-seed7-20261004,8,0,fc1,l2,0.14648277058905257,0
fedavg-mnist-iid-reference-seed7-20261004,8,0,fc1,max_abs,0.007788860239088535,0
fedavg-mnist-iid-reference-seed7-20261004,8,0,fc1,sparsity,0.139051545570427,0
fedavg-mnist-iid-reference-seed7-20261004,8,0,fc1,skewness,1.609766416574511,0
fedavg-mnist-iid-reference-seed7-20261004,8,0,fc1,kurtosis,24.97965007135838,0
fedavg-mnist-iid-reference-seed7-20261004,8,0,output,mean,-2.0686107186170724e-10,0
fedavg-mnist-iid-reference-seed7-20261004,8,0,output,std,0.003367816445078919,0
fedavg-mnist-iid-reference-seed7-20261004,8,0,output,median,-4.7031790018081665e-07,0
fedavg-mnist-iid-reference-seed7-20261004,8,0,output,min,-0.012694373726844788,0
fedavg-mnist-iid-reference-seed7-20261004,8,0,output,max,0.019488759338855743,0
fedavg-mnist-iid-reference-seed7-20261004,8,0,output,l1,1.3507650856627151,0
fedavg-mnist-iid-reference-seed7-20261004,8,0,output,l2,0.08586280885828063,0
fedavg-mnist-iid-reference-seed7-20261004,8,0,output,max_abs,0.019488759338855743,0
fedavg-mnist-iid-reference-seed7-20261004,8,0,output,sparsity,0.1076923076923077,0
fedavg-mnist-iid-reference-seed7-20261004,8,0,output,skewness,0.4576444338731233,0
fedavg-mnist-iid-reference-seed7-20261004,8,0,output,kurtosis,3.7723652595784305,0
fedavg-mnist-iid-reference-seed7-20261004,8,1,conv1,mean,0.004049165430478752,0
fedavg-mnist-iid-reference-seed7-20261004,8,1,conv1,std,0.005149352171424865,0
fedavg-mnist-iid-reference-seed7-20261004,8,1,conv1,median,0.0023315493017435074,0
fedavg-mnist-iid-reference-seed7-20261004,8,1,conv1,min,-0.001091286540031433,0
fedavg-mnist-iid-reference-seed7-20261004,8,1,conv1,max,0.020814567804336548,0
fedavg-mnist-iid-reference-seed7-20261004,8,1,conv1,l1,0.6701677907258272,0
fedavg-mnist-iid-reference-seed7-20261004,8,1,conv1,l2,0.0828604305745435,0
fedavg-mnist-iid-reference-seed7-20261004,8,1,conv1,max_abs,0.020814567804336548,0
fedavg-mnist-iid-reference-seed7-20261004,8,1,conv1,sparsity,0.0,0
fedavg-mnist-iid-reference-seed7-20261004,8,1,conv1,skewness,1.500027626947805,0
fedavg-mnist-iid-reference-seed7-20261004,8,1,conv1,kurtosis,1.6928071717745397,0
fedavg-mnist-iid-reference-seed7-20261004,8,1,conv2,mean,0.0006109131544470639,0
fedavg-mnist-iid-reference-seed7-20261004,8,1,conv2,std,0.0012849388051435484,0
fedavg-mnist-iid-reference-seed7-20261004,8,1,conv2,median,0.00012719817459583282,0
fedavg-mnist-iid-reference-seed7-20261004,8,1,conv2,min,-0.001634584041312337,0
fedavg-mnist-iid-reference-seed7-20261004,8,1,conv2,max,0.01410534605383873,0
fedavg-mnist-iid-reference-seed7-20261004,8,1,conv2,l1,3.2553932676964905,0
fedavg-mnist-iid-reference-seed7-20261004,8,1,conv2,l2,0.09691579507342697,0
fedavg-mnist-iid-reference-seed7-20261004,8,1,conv2,max_abs,0.01410534605383873,0
fedavg-mnist-iid-reference-seed7-20261004,8,1,conv2,sparsity,0.00021551724137931034,0
fedavg-mnist-iid-reference-seed7-20261004,8,1,conv2,skewness,3.5005474663829004,0
fedavg-mnist-iid-reference-seed7-20261004,8,1,conv2,kurtosis,18.167499460323633,0
fedavg-mnist-iid-reference-seed7-20261004,8,1,fc1,mean,5.2862152685925253e-05,0
fedavg-mnist-iid-reference-seed7-20261004,8,1,fc1,std,0.00044996373465974336,0
fedavg-mnist-iid-reference-seed7-20261004,8,1,fc1,median,0.0,0
fedavg-mnist-iid-reference-seed7-20261004,8,1,fc1,min,-0.005332253873348236,0
fedavg-mnist-iid-reference-seed7-20261004,8,1,fc1,max,0.006908746436238289,0
fedavg-mnist-iid-reference-seed7-20261004,8,1,fc1,l1,21.04924063739486,0
fedavg-mnist-iid-reference-seed7-20261004,8,1,fc1,l2,0.1435672868927554,0
fedavg-mnist-iid-reference-seed7-20261004,8,1,fc1,max_abs,0.006908746436238289,0
fedavg-mnist-iid-reference-seed7-20261004,8,1,fc1,sparsity,0.12220164117272148,0
fedavg-mnist-iid-reference-seed7-20261004,8,1,fc1,skewness,1.6306574344084386,0
fedavg-mnist-iid-reference-seed7-20261004,8,1,fc1,kurtosis,20.932628487353444,0
fedavg-mnist-iid-reference-seed7-20261004,8,1,output,mean,-8.184892626909109e-11,0
fedavg-mnist-iid-reference-seed7-20261004,8,1,output,std,0.003163227712806497,0
fedavg-mnist-iid-reference-seed7-20261004,8,1,output,median,-1.214444637298584e-06,0
fedavg-mnist-iid-reference-seed7-20261004,8,1,output,min,-0.011278882622718811,0
fedavg-mnist-iid-reference-seed7-20261004,8,1,output,max,0.013220075517892838,0
fedavg-mnist-iid-reference-seed7-20261004,8,1,output,l1,1.2902959397761151,0
fedavg-mnist-iid-reference-seed7-20261004,8,1,output,l2,0.08064679916768903,0
fedavg-mnist-iid-reference-seed7-20261004,8,1,output,max_abs,0.013220075517892838,0
fedavg-mnist-iid-reference-seed7-20261004,8,1,output,sparsity,0.09230769230769231,0
fedavg-mnist-iid-reference-seed7-20261004,8,1,output,skewness,0.4056520601824506,0
fedavg-mnist-iid-reference-seed7-20261004,8,1,output,kurtosis,2.93818148418136,0
fedavg-mnist-iid-reference-seed7-20261004,8,2,conv1,mean,0.004391831521934364,0
fedavg-mnist-iid-reference-seed7-20261004,8,2,conv1,std,0.005428361566368513,0
fedavg-mnist-iid-reference-seed7-20261004,8,2,conv1,median,0.00249597430229187,0
fedavg-mnist-iid-reference-seed7-20261004,8,2,conv1,min,-0.0014895796775817871,0
fedavg-mnist-iid-reference-seed7-20261004,8,2,conv1,max,0.021852999925613403,0
fedavg-mnist-iid-reference-seed7-20261004,8,2,conv1,l1,0.7211358656641096,0
fedavg-mnist-iid-reference-seed7-20261004,8,2,conv1,l2,0.0883224034204533,0
fedavg-mnist-iid-reference-seed7-20261004,8,2,conv1,max_abs,0.021852999925613403,0
fedavg-mnist-iid-reference-seed7-20261004,8,2,conv1,sparsity,0.0,0
fedavg-mnist-iid-reference-seed7-20261004,8,2,conv1,skewness,1.4287717191126266,0
fedavg-mnist-iid-reference-seed7-20261004,8,2,conv1,kurtosis,1.443930523594899,0
fedavg-mnist-iid-reference-seed7-20261004,8,2,conv2,mean,0.0005927749308566804,0
fedavg-mnist-iid-reference-seed7-20261004,8,2,conv2,std,0.0013418366025382818,0
fedavg-mnist-iid-reference-seed7-20261004,8,2,conv2,median,0.0001130958553403616,0
fedavg-mnist-iid-reference-seed7-20261004,8,2,conv2,min,-0.0026501864194869995,0
fedavg-mnist-iid-reference-seed7-20261004,8,2,conv2,max,0.013965222984552383,0
fedavg-mnist-iid-reference-seed7-20261004,8,2,conv2,l1,3.3559450390166603,0
fedavg-mnist-iid-reference-seed7-20261004,8,2,conv2,l2,0.09992422730076626,0
fedavg-mnist-iid-reference-seed7-20261004,8,2,conv2,max_abs,0.013965222984552383,0
fedavg-mnist-iid-reference-seed7-20261004,8,2,conv2,sparsity,0.0,0
fedavg-mnist-iid-reference-seed7-20261004,8,2,conv2,skewness,3.519275882715903,0
fedavg-mnist-iid-reference-seed7-20261004,8,2,conv2,kurtosis,18.42407093270446,0
fedavg-mnist-iid-reference-seed7-20261004,8,2,fc1,mean,4.4789768001999054e-05,0
fedavg-mnist-iid-reference-seed7-20261004,8,2,fc1,std,0.0005360026362841622,0
fedavg-mnist-iid-reference-seed7-20261004,8,2,fc1,median,0.0,0
fedavg-mnist-iid-reference-seed7-20261004,8,2,fc1,min,-0.008519500494003296,0
fedavg-mnist-iid-reference-seed7-20261004,8,2,fc1,max,0.00771147757768631,0
fedavg-mnist-iid-reference-seed7-20261004,8,2,fc1,l1,23.124451599609756,0
fedavg-mnist-iid-reference-seed7-20261004,8,2,fc1,l2,0.17044308669196212,0
fedavg-mnist-iid-reference-seed7-20261004,8,2,fc1,max_abs,0.008519500494003296,0
fedavg-mnist-iid-reference-seed7-20261004,8,2,fc1,sparsity,0.13821502549394518,0
fedavg-mnist-iid-reference-seed7-20261004,8,2,fc1,skewness,1.054625361584533,0
fedavg-mnist-iid-reference-seed7-20261004,8,2,fc1,kurtosis,25.34781023073326,0
fedavg-mnist-iid-reference-seed7-20261004,8,2,output,mean,-2.7706846594810485e-10,0
fedavg-mnist-iid-reference-seed7-20261004,8,2,output,std,0.003555587255687382,0
fedavg-mnist-iid-reference-seed7-20261004,8,2,output,median,-3.0174851417541504e-07,0
fedavg-mnist-iid-reference-seed7-20261004,8,2,output,min,-0.015556514263153076,0
fedavg-mnist-iid-reference-seed7-20261004,8,2,output,max,0.016939174383878708,0
fedavg-mnist-iid-reference-seed7-20261004,8,2,output,l1,1.438150088652037,0
fedavg-mnist-iid-reference-seed7-20261004,8,2,output,l2,0.09065004399515918,0
fedavg-mnist-iid-reference-seed7-20261004,8,2,output,max_abs,0.016939174383878708,0
fedavg-mnist-iid-reference-seed7-20261004,8,2,output,sparsity,0.1076923076923077,0
fedavg-mnist-iid-reference-seed7-20261004,8,2,output,skewness,0.4558598653614245,0
fedavg-mnist-iid-reference-seed7-20261004,8,2,output,kurtosis,3.1952245673110893,0
fedavg-mnist-iid-reference-seed7-20261004,8,3,conv1,mean,0.004066201754903886,0
fedavg-mnist-iid-reference-seed7-20261004,8,3,conv1,std,0.005148971639567064,0
fedavg-mnist-iid-reference-seed7-20261004,8,3,conv1,median,0.002238042652606964,0
fedavg-mnist-iid-reference-seed7-20261004,8,3,conv1,min,-0.0011823177337646484,0
fedavg-mnist-iid-reference-seed7-20261004,8,3,conv1,max,0.020933091640472412,0
fedavg-mnist-iid-reference-seed7-20261004,8,3,conv1,l1,0.6688495615962893,0
fedavg-mnist-iid-reference-seed7-20261004,8,3,conv1,l2,0.08299002894965093,0
fedavg-mnist-iid-reference-seed7-20261004,8,3,conv1,max_abs,0.020933091640472412,0
fedavg-mnist-iid-reference-seed7-20261004,8,3,conv1,sparsity,0.0,0
fedavg-mnist-iid-reference-seed7-20261004,8,3,conv1,skewness,1.5254945444624624,0
fedavg-mnist-iid-reference-seed7-20261004,8,3,conv1,kurtosis,1.842594306454524,0
fedavg-mnist-iid-reference-seed7-20261004,8,3,conv2,mean,0.0006075479313039977,0
fedavg-mnist-iid-reference-seed7-20261004,8,3,conv2,std,0.0013047567371419942,0
fedavg-mnist-iid-reference-seed7-20261004,8,3,conv2,median,0.00011994247324764729,0
fedavg-mnist-iid-reference-seed7-20261004,8,3,conv2,min,-0.0017516259104013443,0
fedavg-mnist-iid-reference-seed7-20261004,8,3,conv2,max,0.014284800738096237,0
fedavg-mnist-iid-reference-seed7-20261004,8,3,conv2,l1,3.2770978337648557,0
fedavg-mnist-iid-reference-seed7-20261004,8,3,conv2,l2,0.09803969345241875,0
fedavg-mnist-iid-reference-seed7-20261004,8,3,conv2,max_abs,0.014284800738096237,0
fedavg-mnist-iid-reference-seed7-20261004,8,3,conv2,sparsity,0.00021551724137931034,0
fedavg-mnist-iid-reference-seed7-20261004,8,3,conv2,skewness,3.575283497318771,0
fedavg-mnist-iid-reference-seed7-20261004,8,3,conv2,kurtosis,19.07365573403986,0
fedavg-mnist-iid-reference-seed7-20261004,8,3,fc1,mean,7.695817945597939e-05,0
fedavg-mnist-iid-reference-seed7-20261004,8,3,fc1,std,0.0004536256266558106,0
fedavg-mnist-iid-reference-seed7-20261004,8,3,fc1,median,0.0,0
fedavg-mnist-iid-reference-seed7-20261004,8,3,fc1,min,-0.004693470895290375,0
fedavg-mnist-iid-reference-seed7-20261004,8,3,fc1,max,0.006954098120331764,0
fedavg-mnist-iid-reference-seed7-20261004,8,3,fc1,l1,21.020361627412058,0
fedavg-mnist-iid-reference-seed7-20261004,8,3,fc1,l2,0.14580104163877528,0
fedavg-mnist-iid-reference-seed7-20261004,8,3,fc1,max_abs,0.006954098120331764,0
fedavg-mnist-iid-reference-seed7-20261004,8,3,fc1,sparsity,0.12514937858508604,0
fedavg-mnist-iid-reference-seed7-20261004,8,3,fc1,skewness,1.815242463398563,0
fedavg-mnist-iid-reference-seed7-20261004,8,3,fc1,kurtosis,19.945835649965275,0
fedavg-mnist-iid-reference-seed7-20261004,8,3,output,mean,1.5295182283108051e-10,0
fedavg-mnist-iid-reference-seed7-20261004,8,3,output,std,0.0030466816925171386,0
fedavg-mnist-iid-reference-seed7-20261004,8,3,output,median,-7.692724466323853e-07,0
fedavg-mnist-iid-reference-seed7-20261004,8,3,output,min,-0.012464076280593872,0
fedavg-mnist-iid-reference-seed7-20261004,8,3,output,max,0.015278726816177368,0
fedavg-mnist-iid-reference-seed7-20261004,8,3,output,l1,1.2348156406078488,0
fedavg-mnist-iid-reference-seed7-20261004,8,3,output,l2,0.07767544700925401,0
fedavg-mnist-iid-reference-seed7-20261004,8,3,output,max_abs,0.015278726816177368,0
fedavg-mnist-iid-reference-seed7-20261004,8,3,output,sparsity,0.09230769230769231,0
fedavg-mnist-iid-reference-seed7-20261004,8,3,output,skewness,0.16706880562628354,0
fedavg-mnist-iid-reference-seed7-20261004,8,3,output,kurtosis,2.979146697343678,0
fedavg-mnist-iid-reference-seed7-20261004,8,4,conv1,mean,0.004382869364053477,0
fedavg-mnist-iid-reference-seed7-20261004,8,4,conv1,std,0.005420303099160908,0
fedavg-mnist-iid-reference-seed7-20261004,8,4,conv1,median,0.0023458898067474365,0
fedavg-mnist-iid-reference-seed7-20261004,8,4,conv1,min,-0.0015365853905677795,0
fedavg-mnist-iid-reference-seed7-20261004,8,4,conv1,max,0.021732822060585022,0
fedavg-mnist-iid-reference-seed7-20261004,8,4,conv1,l1,0.7194603083189577,0
fedavg-mnist-iid-reference-seed7-20261004,8,4,conv1,l2,0.0881718590473236,0
fedavg-mnist-iid-reference-seed7-20261004,8,4,conv1,max_abs,0.021732822060585022,0
fedavg-mnist-iid-reference-seed7-20261004,8,4,conv1,sparsity,0.0,0
fedavg-mnist-iid-reference-seed7-20261004,8,4,conv1,skewness,1.4392678154577736,0
fedavg-mnist-iid-reference-seed7-20261004,8,4,conv1,kurtosis,1.4944280984015386,0
fedavg-mnist-iid-reference-seed7-20261004,8,4,conv2,mean,0.0006318584775224987,0
fedavg-mnist-iid-reference-seed7-20261004,8,4,conv2,std,0.0013578873274888712,0
fedavg-mnist-iid-reference-seed7-20261004,8,4,conv2,median,0.00012764893472194672,0
fedavg-mnist-iid-reference-seed7-20261004,8,4,conv2,min,-0.002747301012277603,0
fedavg-mnist-iid-reference-seed7-20261004,8,4,conv2,max,0.014789756387472153,0
fedavg-mnist-iid-reference-seed7-20261004,8,4,conv2,l1,3.408614427142311,0
fedavg-mnist-iid-reference-seed7-20261004,8,4,conv2,l2,0.10201959871584335,0
fedavg-mnist-iid-reference-seed7-20261004,8,4,conv2,max_abs,0.014789756387472153,0
fedavg-mnist-iid-reference-seed7-20261004,8,4,conv2,sparsity,0.0,0
fedavg-mnist-iid-reference-seed7-20261004,8,4,conv2,skewness,3.5496946022533677,0
fedavg-mnist-iid-reference-seed7-20261004,8,4,conv2,kurtosis,18.8156653136543,0
fedavg-mnist-iid-reference-seed7-20261004,8,4,fc1,mean,3.8346366517396865e-05,0
fedavg-mnist-iid-reference-seed7-20261004,8,4,fc1,std,0.0004943471210695354,0
fedavg-mnist-iid-reference-seed7-20261004,8,4,fc1,median,0.0,0
fedavg-mnist-iid-reference-seed7-20261004,8,4,fc1,min,-0.006742320954799652,0
fedavg-mnist-iid-reference-seed7-20261004,8,4,fc1,max,0.007396936882287264,0
fedavg-mnist-iid-reference-seed7-20261004,8,4,fc1,l1,21.7047249339455,0
fedavg-mnist-iid-reference-seed7-20261004,8,4,fc1,l2,0.15712168976234733,0
fedavg-mnist-iid-reference-seed7-20261004,8,4,fc1,max_abs,0.007396936882287264,0
fedavg-mnist-iid-reference-seed7-20261004,8,4,fc1,sparsity,0.12256014977692797,0
fedavg-mnist-iid-reference-seed7-20261004,8,4,fc1,skewness,1.5277483938167964,0
fedavg-mnist-iid-reference-seed7-20261004,8,4,fc1,kurtosis,26.342148844809557,0
fedavg-mnist-iid-reference-seed7-20261004,8,4,output,mean,6.617763294623448e-11,0
fedavg-mnist-iid-reference-seed7-20261004,8,4,output,std,0.00336631715035594,0
fedavg-mnist-iid-reference-seed7-20261004,8,4,output,median,-1.7620623111724854e-06,0
fedavg-mnist-iid-reference-seed7-20261004,8,4,output,min,-0.011030521243810654,0
fedavg-mnist-iid-reference-seed7-20261004,8,4,output,max,0.013201892375946045,0
fedavg-mnist-iid-reference-seed7-20261004,8,4,output,l1,1.348083381599281,0
fedavg-mnist-iid-reference-seed7-20261004,8,4,output,l2,0.08582458419303499,0
fedavg-mnist-iid-reference-seed7-20261004,8,4,output,max_abs,0.013201892375946045,0
fedavg-mnist-iid-reference-seed7-20261004,8,4,output,sparsity,0.09230769230769231,0
fedavg-mnist-iid-reference-seed7-20261004,8,4,output,skewness,0.7193009487599898,0
fedavg-mnist-iid-reference-seed7-20261004,8,4,output,kurtosis,2.8405712944409967,0
fedavg-mnist-iid-reference-seed7-20261004,9,0,conv1,mean,0.0042558694200124595,0
fedavg-mnist-iid-reference-seed7-20261004,9,0,conv1,std,0.005344055754978982,0
fedavg-mnist-iid-reference-seed7-20261004,9,0,conv1,median,0.00225955992937088,0
fedavg-mnist-iid-reference-seed7-20261004,9,0,conv1,min,-0.0011056587100028992,0
fedavg-mnist-iid-reference-seed7-20261004,9,0,conv1,max,0.021802648901939392,0
fedavg-mnist-iid-reference-seed7-20261004,9,0,conv1,l1,0.6970587773248553,0
fedavg-mnist-iid-reference-seed7-20261004,9,0,conv1,l2,0.086414217749184,0
fedavg-mnist-iid-reference-seed7-20261004,9,0,conv1,max_abs,0.021802648901939392,0
fedavg-mnist-iid-reference-seed7-20261004,9,0,conv1,sparsity,0.0,0
fedavg-mnist-iid-reference-seed7-20261004,9,0,conv1,skewness,1.4838406143771656,0
fedavg-mnist-iid-reference-seed7-20261004,9,0,conv1,kurtosis,1.6421854166877257,0
fedavg-mnist-iid-reference-seed7-20261004,9,0,conv2,mean,0.0005860534522259419,0
fedavg-mnist-iid-reference-seed7-20261004,9,0,conv2,std,0.0012792888538997965,0
fedavg-mnist-iid-reference-seed7-20261004,9,0,conv2,median,0.00011234119301661849,0
fedavg-mnist-iid-reference-seed7-20261004,9,0,conv2,min,-0.0019021853804588318,0
fedavg-mnist-iid-reference-seed7-20261004,9,0,conv2,max,0.013814911246299744,0
fedavg-mnist-iid-reference-seed7-20261004,9,0,conv2,l1,3.2201234581007157,0
fedavg-mnist-iid-reference-seed7-20261004,9,0,conv2,l2,0.09585081741687364,0
fedavg-mnist-iid-reference-seed7-20261004,9,0,conv2,max_abs,0.013814911246299744,0
fedavg-mnist-iid-reference-seed7-20261004,9,0,conv2,sparsity,0.0,0
fedavg-mnist-iid-reference-seed7-20261004,9,0,conv2,skewness,3.4900767741399807,0
fedavg-mnist-iid-reference-seed7-20261004,9,0,conv2,kurtosis,18.029607463680847,0
fedavg-mnist-iid-reference-seed7-20261004,9,0,fc1,mean,4.1141302340323416e-05,0
fedavg-mnist-iid-reference-seed7-20261004,9,0,fc1,std,0.00047622989060454925,0
fedavg-mnist-iid-reference-seed7-20261004,9,0,fc1,median,0.0,0
fedavg-mnist-iid-reference-seed7-20261004,9,0,fc1,min,-0.005380971357226372,0
fedavg-mnist-iid-reference-seed7-20261004,9,0,fc1,max,0.007594439201056957,0
fedavg-mnist-iid-reference-seed7-20261004,9,0,fc1,l1,21.514230454755534,0
fedavg-mnist-iid-reference-seed7-20261004,9,0,fc1,l2,0.15147211741036926,0
fedavg-mnist-iid-reference-seed7-20261004,9,0,fc1,max_abs,0.007594439201056957,0
fedavg-mnist-iid-reference-seed7-20261004,9,0,fc1,sparsity,0.14806405353728488,0
fedavg-mnist-iid-reference-seed7-20261004,9,0,fc1,skewness,1.2079922001834424,0
fedavg-mnist-iid-reference-seed7-20261004,9,0,fc1,kurtosis,23.645946661104283,0
fedavg-mnist-iid-reference-seed7-20261004,9,0,output,mean,4.4399012739841755e-10,0
fedavg-mnist-iid-reference-seed7-20261004,9,0,output,std,0.0035141294873774925,0
fedavg-mnist-iid-reference-seed7-20261004,9,0,output,median,-3.580935299396515e-07,0
fedavg-mnist-iid-reference-seed7-20261004,9,0,output,min,-0.01297999918460846,0
fedavg-mnist-iid-reference-seed7-20261004,9,0,output,max,0.021039295941591263,0
fedavg-mnist-iid-reference-seed7-20261004,9,0,output,l1,1.4192781109595671,0
fedavg-mnist-iid-reference-seed7-20261004,9,0,output,l2,0.08959307414714894,0
fedavg-mnist-iid-reference-seed7-20261004,9,0,output,max_abs,0.021039295941591263,0
fedavg-mnist-iid-reference-seed7-20261004,9,0,output,sparsity,0.12307692307692308,0
fedavg-mnist-iid-reference-seed7-20261004,9,0,output,skewness,0.5283180723967047,0
fedavg-mnist-iid-reference-seed7-20261004,9,0,output,kurtosis,3.8407100719654768,0
fedavg-mnist-iid-reference-seed7-20261004,9,1,conv1,mean,0.00402903928043088,0
fedavg-mnist-iid-reference-seed7-20261004,9,1,conv1,std,0.005164341113302991,0
fedavg-mnist-iid-reference-seed7-20261004,9,1,conv1,median,0.002282422035932541,0
fedavg-mnist-iid-reference-seed7-20261004,9,1,conv1,min,-0.0011433586478233337,0
fedavg-mnist-iid-reference-seed7-20261004,9,1,conv1,max,0.021056190133094788,0
fedavg-mnist-iid-reference-seed7-20261004,9,1,conv1,l1,0.6684087833855301,0
fedavg-mnist-iid-reference-seed7-20261004,9,1,conv1,l2,0.08285271429017307,0
fedavg-mnist-iid-reference-seed7-20261004,9,1,conv1,max_abs,0.021056190133094788,0
fedavg-mnist-iid-reference-seed7-20261004,9,1,conv1,sparsity,0.0,0
fedavg-mnist-iid-reference-seed7-20261004,9,1,conv1,skewness,1.5137897051475782,0
fedavg-mnist-iid-reference-seed7-20261004,9,1,conv1,kurtosis,1.7434181396961828,0
fedavg-mnist-iid-reference-seed7-20261004,9,1,conv2,mean,0.0005793733553077643,0
fedavg-mnist-iid-reference-seed7-20261004,9,1,conv2,std,0.0012567022078077408,0
fedavg-mnist-iid-reference-seed7-20261004,9,1,conv2,median,0.00011079944670200348,0
fedavg-mnist-iid-reference-seed7-20261004,9,1,conv2,min,-0.0018819943070411682,0
fedavg-mnist-iid-reference-seed7-20261004,9,1,conv2,max,0.013814441859722137,0
fedavg-mnist-iid-reference-seed7-20261004,9,1,conv2,l1,3.1434154871458304,0
fedavg-mnist-iid-reference-seed7-20261004,9,1,conv2,l2,0.09426281879471535,0
fedavg-mnist-iid-reference-seed7-20261004,9,1,conv2,max_abs,0.013814441859722137,0
fedavg-mnist-iid-reference-seed7-20261004,9,1,conv2,sparsity,0.0,0
fedavg-mnist-iid-reference-seed7-20261004,9,1,conv2,skewness,3.522867534187804,0
fedavg-mnist-iid-reference-seed7-20261004,9,1,conv2,kurtosis,18.335856373549852,0
fedavg-mnist-iid-reference-seed7-20261004,9,1,fc1,mean,4.719394661150076e-05,0
fedavg-mnist-iid-reference-seed7-20261004,9,1,fc1,std,0.0004685583797854521,0
fedavg-mnist-iid-reference-seed7-20261004,9,1,fc1,median,0.0,0
fedavg-mnist-iid-reference-seed7-20261004,9,1,fc1,min,-0.0053135305643081665,0
fedavg-mnist-iid-reference-seed7-20261004,9,1,fc1,max,0.007178938016295433,0
fedavg-mnist-iid-reference-seed7-20261004,9,1,fc1,l1,21.75476875627595,0
fedavg-mnist-iid-reference-seed7-20261004,9,1,fc1,l2,0.14923029338415547,0
fedavg-mnist-iid-reference-seed7-20261004,9,1,fc1,max_abs,0.007178938016295433,0
fedavg-mnist-iid-reference-seed7-20261004,9,1,fc1,sparsity,0.12195267686424474,0
fedavg-mnist-iid-reference-seed7-20261004,9,1,fc1,skewness,1.6811372865284093,0
fedavg-mnist-iid-reference-seed7-20261004,9,1,fc1,kurtosis,21.97460080997789,0
fedavg-mnist-iid-reference-seed7-20261004,9,1,output,mean,-8.005792131790748e-11,0
fedavg-mnist-iid-reference-seed7-20261004,9,1,output,std,0.003411926111876241,0
fedavg-mnist-iid-reference-seed7-20261004,9,1,output,median,-9.583309292793274e-07,0
fedavg-mnist-iid-reference-seed7-20261004,9,1,output,min,-0.011426493525505066,0
fedavg-mnist-iid-reference-seed7-20261004,9,1,output,max,0.01415860652923584,0
fedavg-mnist-iid-reference-seed7-20261004,9,1,output,l1,1.4085521599045023,0
fedavg-mnist-iid-reference-seed7-20261004,9,1,output,l2,0.08698738911696859,0
fedavg-mnist-iid-reference-seed7-20261004,9,1,output,max_abs,0.01415860652923584,0
fedavg-mnist-iid-reference-seed7-20261004,9,1,output,sparsity,0.09230769230769231,0
fedavg-mnist-iid-reference-seed7-20261004,9,1,output,skewness,0.5096681615990434,0
fedavg-mnist-iid-reference-seed7-20261004,9,1,output,kurtosis,2.572223188925026,0
fedavg-mnist-iid-reference-seed7-20261004,9,2,conv1,mean,0.004433145638904535,0
fedavg-mnist-iid-reference-seed7-20261004,9,2,conv1,std,0.00548766969825182,0
fedavg-mnist-iid-reference-seed7-20261004,9,2,conv1,median,0.0024794340133666992,0
fedavg-mnist-iid-reference-seed7-20261004,9,2,conv1,min,-0.0015931874513626099,0
fedavg-mnist-iid-reference-seed7-20261004,9,2,conv1,max,0.022259369492530823,0
fedavg-mnist-iid-reference-seed7-20261004,9,2,conv1,l1,0.7288549374789,0
fedavg-mnist-iid-reference-seed7-20261004,9,2,conv1,l2,0.08923434224364475,0
fedavg-mnist-iid-reference-seed7-20261004,9,2,conv1,max_abs,0.022259369492530823,0
fedavg-mnist-iid-reference-seed7-20261004,9,2,conv1,sparsity,0.0,0
fedavg-mnist-iid-reference-seed7-20261004,9,2,conv1,skewness,1.424891366121372,0
fedavg-mnist-iid-reference-seed7-20261004,9,2,conv1,kurtosis,1.4341834007215564,0
fedavg-mnist-iid-reference-seed7-20261004,9,2,conv2,mean,0.0005643828567779816,0
fedavg-mnist-iid-reference-seed7-20261004,9,2,conv2,std,0.0013213097614374564,0
fedavg-mnist-iid-reference-seed7-20261004,9,2,conv2,median,9.427778422832489e-05,0
fedavg-mnist-iid-reference-seed7-20261004,9,2,conv2,min,-0.0028241053223609924,0
fedavg-mnist-iid-reference-seed7-20261004,9,2,conv2,max,0.01349899172782898,0
fedavg-mnist-iid-reference-seed7-20261004,9,2,conv2,l1,3.267912533861818,0
fedavg-mnist-iid-reference-seed7-20261004,9,2,conv2,l2,0.09787112942734337,0
fedavg-mnist-iid-reference-seed7-20261004,9,2,conv2,max_abs,0.01349899172782898,0
fedavg-mnist-iid-reference-seed7-20261004,9,2,conv2,sparsity,0.0,0
fedavg-mnist-iid-reference-seed7-20261004,9,2,conv2,skewness,3.536114671180659,0
fedavg-mnist-iid-reference-seed7-20261004,9,2,conv2,kurtosis,18.504744302755697,0
fedavg-mnist-iid-reference-seed7-20261004,9,2,fc1,mean,4.1950923541056994e-05,0
fedavg-mnist-iid-reference-seed7-20261004,9,2,fc1,std,0.0005808178081395408,0
fedavg-mnist-iid-reference-seed7-20261004,9,2,fc1,median,0.0,0
fedavg-mnist-iid-reference-seed7-20261004,9,2,fc1,min,-0.009030546993017197,0
fedavg-mnist-iid-reference-seed7-20261004,9,2,fc1,max,0.008338160812854767,0
fedavg-mnist-iid-reference-seed7-20261004,9,2,fc1,l1,24.956701982360926,0
fedavg-mnist-iid-reference-seed7-20261004,9,2,fc1,l2,0.1845318131206427,0
fedavg-mnist-iid-reference-seed7-20261004,9,2,fc1,max_abs,0.009030546993017197,0
fedavg-mnist-iid-reference-seed7-20261004,9,2,fc1,sparsity,0.13578513384321222,0
fedavg-mnist-iid-reference-seed7-20261004,9,2,fc1,skewness,0.8830704624294052,0
fedavg-mnist-iid-reference-seed7-20261004,9,2,fc1,kurtosis,25.454183130456073,0
fedavg-mnist-iid-reference-seed7-20261004,9,2,output,mean,2.579047129704402e-10,0
fedavg-mnist-iid-reference-seed7-20261004,9,2,output,std,0.003926487789346179,0
fedavg-mnist-iid-reference-seed7-20261004,9,2,output,median,-3.241002559661865e-07,0
fedavg-mnist-iid-reference-seed7-20261004,9,2,output,min,-0.015571683645248413,0
fedavg-mnist-iid-reference-seed7-20261004,9,2,output,max,0.019061215221881866,0
fedavg-mnist-iid-reference-seed7-20261004,9,2,output,l1,1.5775945074856281,0
fedavg-mnist-iid-reference-seed7-20261004,9,2,output,l2,0.1001061892888,0
fedavg-mnist-iid-reference-seed7-20261004,9,2,output,max_abs,0.019061215221881866,0
fedavg-mnist-iid-reference-seed7-20261004,9,2,output,sparsity,0.1076923076923077,0
fedavg-mnist-iid-reference-seed7-20261004,9,2,output,skewness,0.7649659378952993,0
fedavg-mnist-iid-reference-seed7-20261004,9,2,output,kurtosis,3.7884513409036886,0
fedavg-mnist-iid-reference-seed7-20261004,9,3,conv1,mean,0.00406180117133772,0
fedavg-mnist-iid-reference-seed7-20261004,9,3,conv1,std,0.005168122075308644,0
fedavg-mnist-iid-reference-seed7-20261004,9,3,conv1,median,0.0022340044379234314,0
fedavg-mnist-iid-reference-seed7-20261004,9,3,conv1,min,-0.0011617615818977356,0
fedavg-mnist-iid-reference-seed7-20261004,9,3,conv1,max,0.02124018967151642,0
fedavg-mnist-iid-reference-seed7-20261004,9,3,conv1,l1,0.6673027279321104,0
fedavg-mnist-iid-reference-seed7-20261004,9,3,conv1,l2,0.08314586175224645,0
fedavg-mnist-iid-reference-seed7-20261004,9,3,conv1,max_abs,0.02124018967151642,0
fedavg-mnist-iid-reference-seed7-20261004,9,3,conv1,sparsity,0.0,0
fedavg-mnist-iid-reference-seed7-20261004,9,3,conv1,skewness,1.5535913613203027,0
fedavg-mnist-iid-reference-seed7-20261004,9,3,conv1,kurtosis,1.9692024006288094,0
fedavg-mnist-iid-reference-seed7-20261004,9,3,conv2,mean,0.000571433319971126,0
fedavg-mnist-iid-reference-seed7-20261004,9,3,conv2,std,0.0012830027248062483,0
fedavg-mnist-iid-reference-seed7-20261004,9,3,conv2,median,0.00010023587674368173,0
fedavg-mnist-iid-reference-seed7-20261004,9,3,conv2,min,-0.0020702630281448364,0
fedavg-mnist-iid-reference-seed7-20261004,9,3,conv2,max,0.014030389487743378,0
fedavg-mnist-iid-reference-seed7-20261004,9,3,conv2,l1,3.184283870476065,0
fedavg-mnist-iid-reference-seed7-20261004,9,3,conv2,l2,0.09567137829045504,0
fedavg-mnist-iid-reference-seed7-20261004,9,3,conv2,max_abs,0.014030389487743378,0
fedavg-mnist-iid-reference-seed7-20261004,9,3,conv2,sparsity,0.0,0
fedavg-mnist-iid-reference-seed7-20261004,9,3,conv2,skewness,3.5805171757142817,0
fedavg-mnist-iid-reference-seed7-20261004,9,3,conv2,kurtosis,19.223888611310972,0
fedavg-mnist-iid-reference-seed7-20261004,9,3,fc1,mean,7.610003385747148e-05,0
fedavg-mnist-iid-reference-seed7-20261004,9,3,fc1,std,0.00048573432691909854,0
fedavg-mnist-iid-reference-seed7-20261004,9,3,fc1,median,0.0,0
fedavg-mnist-iid-reference-seed7-20261004,9,3,fc1,min,-0.006035640370100737,0
fedavg-mnist-iid-reference-seed7-20261004,9,3,fc1,max,0.007107242941856384,0
fedavg-mnist-iid-reference-seed7-20261004,9,3,fc1,l1,22.355671819699182,0
fedavg-mnist-iid-reference-seed7-20261004,9,3,fc1,l2,0.15579943656987363,0
fedavg-mnist-iid-reference-seed7-20261004,9,3,fc1,max_abs,0.007107242941856384,0
fedavg-mnist-iid-reference-seed7-20261004,9,3,fc1,sparsity,0.12270952836201403,0
fedavg-mnist-iid-reference-seed7-20261004,9,3,fc1,skewness,1.6238727983382402,0
fedavg-mnist-iid-reference-seed7-20261004,9,3,fc1,kurtosis,20.815188854950943,0
fedavg-mnist-iid-reference-seed7-20261004,9,3,output,mean,2.398827256491551e-10,0
fedavg-mnist-iid-reference-seed7-20261004,9,3,output,std,0.0033494785692838426,0
fedavg-mnist-iid-reference-seed7-20261004,9,3,output,median,-6.891787052154541e-07,0
fedavg-mnist-iid-reference-seed7-20261004,9,3,output,min,-0.012300252914428711,0
fedavg-mnist-iid-reference-seed7-20261004,9,3,output,max,0.01755717396736145,0
fedavg-mnist-iid-reference-seed7-20261004,9,3,output,l1,1.3846231742500095,0
fedavg-mnist-iid-reference-seed7-20261004,9,3,output,l2,0.08539528292569601,0
fedavg-mnist-iid-reference-seed7-20261004,9,3,output,max_abs,0.01755717396736145,0
fedavg-mnist-iid-reference-seed7-20261004,9,3,output,sparsity,0.09230769230769231,0
fedavg-mnist-iid-reference-seed7-20261004,9,3,output,skewness,0.3495801092523205,0
fedavg-mnist-iid-reference-seed7-20261004,9,3,output,kurtosis,2.947613622702768,0
fedavg-mnist-iid-reference-seed7-20261004,9,4,conv1,mean,0.004416580390534363,0
fedavg-mnist-iid-reference-seed7-20261004,9,4,conv1,std,0.00548485331870272,0
fedavg-mnist-iid-reference-seed7-20261004,9,4,conv1,median,0.0023261606693267822,0
fedavg-mnist-iid-reference-seed7-20261004,9,4,conv1,min,-0.0015429407358169556,0
fedavg-mnist-iid-reference-seed7-20261004,9,4,conv1,max,0.02223847806453705,0
fedavg-mnist-iid-reference-seed7-20261004,9,4,conv1,l1,0.7240025638602674,0
fedavg-mnist-iid-reference-seed7-20261004,9,4,conv1,l2,0.08907506791351835,0
fedavg-mnist-iid-reference-seed7-20261004,9,4,conv1,max_abs,0.02223847806453705,0
fedavg-mnist-iid-reference-seed7-20261004,9,4,conv1,sparsity,0.0,0
fedavg-mnist-iid-reference-seed7-20261004,9,4,conv1,skewness,1.462363120096802,0
fedavg-mnist-iid-reference-seed7-20261004,9,4,conv1,kurtosis,1.5716531395431685,0
fedavg-mnist-iid-reference-seed7-20261004,9,4,conv2,mean,0.0006042181812925515,0
fedavg-mnist-iid-reference-seed7-20261004,9,4,conv2,std,0.0013285928513243586,0
fedavg-mnist-iid-reference-seed7-20261004,9,4,conv2,median,0.0001204940490424633,0
fedavg-mnist-iid-reference-seed7-20261004,9,4,conv2,min,-0.003029562532901764,0
fedavg-mnist-iid-reference-seed7-20261004,9,4,conv2,max,0.014382615685462952,0
fedavg-mnist-iid-reference-seed7-20261004,9,4,conv2,l1,3.3075701903289882,0
fedavg-mnist-iid-reference-seed7-20261004,9,4,conv2,l2,0.09941985208650866,0
fedavg-mnist-iid-reference-seed7-20261004,9,4,conv2,max_abs,0.014382615685462952,0
fedavg-mnist-iid-reference-seed7-20261004,9,4,conv2,sparsity,0.0,0
fedavg-mnist-iid-reference-seed7-20261004,9,4,conv2,skewness,3.5629998212941,0
fedavg-mnist-iid-reference-seed7-20261004,9,4,conv2,kurtosis,18.906795706088058,0
fedavg-mnist-iid-reference-seed7-20261004,9,4,fc1,mean,3.5617471446262496e-05,0
fedavg-mnist-iid-reference-seed7-20261004,9,4,fc1,std,0.0004967144615872779,0
fedavg-mnist-iid-reference-seed7-20261004,9,4,fc1,median,0.0,0
fedavg-mnist-iid-reference-seed7-20261004,9,4,fc1,min,-0.007233843207359314,0
fedavg-mnist-iid-reference-seed7-20261004,9,4,fc1,max,0.007511565461754799,0
fedavg-mnist-iid-reference-seed7-20261004,9,4,fc1,l1,21.615034403342634,0
fedavg-mnist-iid-reference-seed7-20261004,9,4,fc1,l2,0.15780542293671437,0
fedavg-mnist-iid-reference-seed7-20261004,9,4,fc1,max_abs,0.007511565461754799,0
fedavg-mnist-iid-reference-seed7-20261004,9,4,fc1,sparsity,0.11897506373486297,0
fedavg-mnist-iid-reference-seed7-20261004,9,4,fc1,skewness,1.6024870447773534,0
fedavg-mnist-iid-reference-seed7-20261004,9,4,fc1,kurtosis,28.275477397982083,0
fedavg-mnist-iid-reference-seed7-20261004,9,4,output,mean,-4.5142279794582955e-10,0
fedavg-mnist-iid-reference-seed7-20261004,9,4,output,std,0.0035594129754498104,0
fedavg-mnist-iid-reference-seed7-20261004,9,4,output,median,-1.55717134475708e-06,0
fedavg-mnist-iid-reference-seed7-20261004,9,4,output,min,-0.011068854480981827,0
fedavg-mnist-iid-reference-seed7-20261004,9,4,output,max,0.014884941279888153,0
fedavg-mnist-iid-reference-seed7-20261004,9,4,output,l1,1.4391402659821324,0
fedavg-mnist-iid-reference-seed7-20261004,9,4,output,l2,0.09074758109377042,0
fedavg-mnist-iid-reference-seed7-20261004,9,4,output,max_abs,0.014884941279888153,0
fedavg-mnist-iid-reference-seed7-20261004,9,4,output,sparsity,0.09230769230769231,0
fedavg-mnist-iid-reference-seed7-20261004,9,4,output,skewness,0.8645439006251917,0
fedavg-mnist-iid-reference-seed7-20261004,9,4,output,kurtosis,3.053543910902901,0
fedavg-mnist-iid-reference-seed7-20261004,10,0,conv1,mean,0.0036934864372597078,0
fedavg-mnist-iid-reference-seed7-20261004,10,0,conv1,std,0.004688498570383434,0
fedavg-mnist-iid-reference-seed7-20261004,10,0,conv1,median,0.0018980726599693298,0
fedavg-mnist-iid-reference-seed7-20261004,10,0,conv1,min,-0.0010545775294303894,0
fedavg-mnist-iid-reference-seed7-20261004,10,0,conv1,max,0.019432872533798218,0
fedavg-mnist-iid-reference-seed7-20261004,10,0,conv1,l1,0.6056271290872246,0
fedavg-mnist-iid-reference-seed7-20261004,10,0,conv1,l2,0.07549713733032151,0
fedavg-mnist-iid-reference-seed7-20261004,10,0,conv1,max_abs,0.019432872533798218,0
fedavg-mnist-iid-reference-seed7-20261004,10,0,conv1,sparsity,0.0,0
fedavg-mnist-iid-reference-seed7-20261004,10,0,conv1,skewness,1.533584908137917,0
fedavg-mnist-iid-reference-seed7-20261004,10,0,conv1,kurtosis,1.8619513124263145,0
fedavg-mnist-iid-reference-seed7-20261004,10,0,conv2,mean,0.00048632798523863915,0
fedavg-mnist-iid-reference-seed7-20261004,10,0,conv2,std,0.0011109314482150338,0
fedavg-mnist-iid-reference-seed7-20261004,10,0,conv2,median,8.26872419565916e-05,0
fedavg-mnist-iid-reference-seed7-20261004,10,0,conv2,min,-0.00173143669962883,0
fedavg-mnist-iid-reference-seed7-20261004,10,0,conv2,max,0.011784002184867859,0
fedavg-mnist-iid-reference-seed7-20261004,10,0,conv2,l1,2.7925066608877387,0
fedavg-mnist-iid-reference-seed7-20261004,10,0,conv2,l2,0.0826073354262667,0
fedavg-mnist-iid-reference-seed7-20261004,10,0,conv2,max_abs,0.011784002184867859,0
fedavg-mnist-iid-reference-seed7-20261004,10,0,conv2,sparsity,0.0,0
fedavg-mnist-iid-reference-seed7-20261004,10,0,conv2,skewness,3.4268853910800625,0
fedavg-mnist-iid-reference-seed7-20261004,10,0,conv2,kurtosis,17.524448293543653,0
fedavg-mnist-iid-reference-seed7-20261004,10,0,fc1,mean,2.4131196793737525e-05,0
fedavg-mnist-iid-reference-seed7-20261004,10,0,fc1,std,0.0004669028719393726,0
fedavg-mnist-iid-reference-seed7-20261004,10,0,fc1,median,0.0,0
fedavg-mnist-iid-reference-seed7-20261004,10,0,fc1,min,-0.00600019283592701,0
fedavg-mnist-iid-reference-seed7-20261004,10,0,fc1,max,0.006985470652580261,0
fedavg-mnist-iid-reference-seed7-20261004,10,0,fc1,l1,20.943512440590666,0
fedavg-mnist-iid-reference-seed7-20261004,10,0,fc1,l2,0.14815191588599366,0
fedavg-mnist-iid-reference-seed7-20261004,10,0,fc1,max_abs,0.006985470652580261,0
fedavg-mnist-iid-reference-seed7-20261004,10,0,fc1,sparsity,0.13399259082217974,0
fedavg-mnist-iid-reference-seed7-20261004,10,0,fc1,skewness,0.6617711813501705,0
fedavg-mnist-iid-reference-seed7-20261004,10,0,fc1,kurtosis,23.54996811755178,0
fedavg-mnist-iid-reference-seed7-20261004,10,0,output,mean,-3.9527479272622327e-10,0
fedavg-mnist-iid-reference-seed7-20261004,10,0,output,std,0.0033948449442990775,0
fedavg-mnist-iid-reference-seed7-20261004,10,0,output,median,-2.1327286958694458e-07,0
fedavg-mnist-iid-reference-seed7-20261004,10,0,output,min,-0.011686056852340698,0
fedavg-mnist-iid-reference-seed7-20261004,10,0,output,max,0.020716458559036255,0
fedavg-mnist-iid-reference-seed7-20261004,10,0,output,l1,1.3804009166778997,0
fedavg-mnist-iid-reference-seed7-20261004,10,0,output,l2,0.08655190308301462,0
fedavg-mnist-iid-reference-seed7-20261004,10,0,output,max_abs,0.020716458559036255,0
fedavg-mnist-iid-reference-seed7-20261004,10,0,output,sparsity,0.1076923076923077,0
fedavg-mnist-iid-reference-seed7-20261004,10,0,output,skewness,0.7161644761475842,0
fedavg-mnist-iid-reference-seed7-20261004,10,0,output,kurtosis,3.976023313368641,0
fedavg-mnist-iid-reference-seed7-20261004,10,1,conv1,mean,0.0034966154940775595,0
fedavg-mnist-iid-reference-seed7-20261004,10,1,conv1,std,0.004519108273904282,0
fedavg-mnist-iid-reference-seed7-20261004,10,1,conv1,median,0.001887977123260498,0
fedavg-mnist-iid-reference-seed7-20261004,10,1,conv1,min,-0.0010405480861663818,0
fedavg-mnist-iid-reference-seed7-20261004,10,1,conv1,max,0.01873496174812317,0
fedavg-mnist-iid-reference-seed7-20261004,10,1,conv1,l1,0.5819165802095085,0
fedavg-mnist-iid-reference-seed7-20261004,10,1,conv1,l2,0.07227576025716329,0
fedavg-mnist-iid-reference-seed7-20261004,10,1,conv1,max_abs,0.01873496174812317,0
fedavg-mnist-iid-reference-seed7-20261004,10,1,conv1,sparsity,0.0,0
fedavg-mnist-iid-reference-seed7-20261004,10,1,conv1,skewness,1.5362382184758518,0
fedavg-mnist-iid-reference-seed7-20261004,10,1,conv1,kurtosis,1.871936346250573,0
fedavg-mnist-iid-reference-seed7-20261004,10,1,conv2,mean,0.0004882362512386729,0
fedavg-mnist-iid-reference-seed7-20261004,10,1,conv2,std,0.0010947242545598361,0
fedavg-mnist-iid-reference-seed7-20261004,10,1,conv2,median,8.939765393733978e-05,0
fedavg-mnist-iid-reference-seed7-20261004,10,1,conv2,min,-0.0022062771022319794,0
fedavg-mnist-iid-reference-seed7-20261004,10,1,conv2,max,0.012033984065055847,0
fedavg-mnist-iid-reference-seed7-20261004,10,1,conv2,l1,2.7466713824137514,0
fedavg-mnist-iid-reference-seed7-20261004,10,1,conv2,l2,0.08165006217835748,0
fedavg-mnist-iid-reference-seed7-20261004,10,1,conv2,max_abs,0.012033984065055847,0
fedavg-mnist-iid-reference-seed7-20261004,10,1,conv2,sparsity,0.0,0
fedavg-mnist-iid-reference-seed7-20261004,10,1,conv2,skewness,3.4335640015425115,0
fedavg-mnist-iid-reference-seed7-20261004,10,1,conv2,kurtosis,17.570363525317372,0
fedavg-mnist-iid-reference-seed7-20261004,10,1,fc1,mean,3.260219933824761e-05,0
fedavg-mnist-iid-reference-seed7-20261004,10,1,fc1,std,0.0004629832758565933,0
fedavg-mnist-iid-reference-seed7-20261004,10,1,fc1,median,0.0,0
fedavg-mnist-iid-reference-seed7-20261004,10,1,fc1,min,-0.005130581557750702,0
fedavg-mnist-iid-reference-seed7-20261004,10,1,fc1,max,0.007181831169873476,0
fedavg-mnist-iid-reference-seed7-20261004,10,1,fc1,l1,21.353602725039337,0
fedavg-mnist-iid-reference-seed7-20261004,10,1,fc1,l2,0.14707567760164544,0
fedavg-mnist-iid-reference-seed7-20261004,10,1,fc1,max_abs,0.007181831169873476,0
fedavg-mnist-iid-reference-seed7-20261004,10,1,fc1,sparsity,0.12194271829190567,0
fedavg-mnist-iid-reference-seed7-20261004,10,1,fc1,skewness,1.445611683732984,0
fedavg-mnist-iid-reference-seed7-20261004,10,1,fc1,kurtosis,22.714729444197577,0
fedavg-mnist-iid-reference-seed7-20261004,10,1,output,mean,1.4954891342383166e-10,0
fedavg-mnist-iid-reference-seed7-20261004,10,1,output,std,0.0033717667997729696,0
fedavg-mnist-iid-reference-seed7-20261004,10,1,output,median,-4.414469003677368e-07,0
fedavg-mnist-iid-reference-seed7-20261004,10,1,output,min,-0.010179758071899414,0
fedavg-mnist-iid-reference-seed7-20261004,10,1,output,max,0.014458388090133667,0
fedavg-mnist-iid-reference-seed7-20261004,10,1,output,l1,1.4080160177545622,0
fedavg-mnist-iid-reference-seed7-20261004,10,1,output,l2,0.08596352353663342,0
fedavg-mnist-iid-reference-seed7-20261004,10,1,output,max_abs,0.014458388090133667,0
fedavg-mnist-iid-reference-seed7-20261004,10,1,output,sparsity,0.09230769230769231,0
fedavg-mnist-iid-reference-seed7-20261004,10,1,output,skewness,0.6340591229394494,0
fedavg-mnist-iid-reference-seed7-20261004,10,1,output,kurtosis,2.3355705590258182,0
fedavg-mnist-iid-reference-seed7-20261004,10,2,conv1,mean,0.003917982860002667,0
fedavg-mnist-iid-reference-seed7-20261004,10,2,conv1,std,0.0048771290979111835,0
fedavg-mnist-iid-reference-seed7-20261004,10,2,conv1,median,0.002198651432991028,0
fedavg-mnist-iid-reference-seed7-20261004,10,2,conv1,min,-0.0015576928853988647,0
fedavg-mnist-iid-reference-seed7-20261004,10,2,conv1,max,0.02001793682575226,0
fedavg-mnist-iid-reference-seed7-20261004,10,2,conv1,l1,0.6452298709191382,0
fedavg-mnist-iid-reference-seed7-20261004,10,2,conv1,l2,0.07913227197948168,0
fedavg-mnist-iid-reference-seed7-20261004,10,2,conv1,max_abs,0.02001793682575226,0
fedavg-mnist-iid-reference-seed7-20261004,10,2,conv1,sparsity,0.0,0
fedavg-mnist-iid-reference-seed7-20261004,10,2,conv1,skewness,1.4558749315582127,0
fedavg-mnist-iid-reference-seed7-20261004,10,2,conv1,kurtosis,1.570446612782841,0
fedavg-mnist-iid-reference-seed7-20261004,10,2,conv2,mean,0.0004741223724710741,0
fedavg-mnist-iid-reference-seed7-20261004,10,2,conv2,std,0.0011692528016976431,0
fedavg-mnist-iid-reference-seed7-20261004,10,2,conv2,median,7.071346044540405e-05,0
fedavg-mnist-iid-reference-seed7-20261004,10,2,conv2,min,-0.0031485892832279205,0
fedavg-mnist-iid-reference-seed7-20261004,10,2,conv2,max,0.01182776689529419,0
fedavg-mnist-iid-reference-seed7-20261004,10,2,conv2,l1,2.879472083746805,0
fedavg-mnist-iid-reference-seed7-20261004,10,2,conv2,l2,0.08594545247986655,0
fedavg-mnist-iid-reference-seed7-20261004,10,2,conv2,max_abs,0.01182776689529419,0
fedavg-mnist-iid-reference-seed7-20261004,10,2,conv2,sparsity,0.0,0
fedavg-mnist-iid-reference-seed7-20261004,10,2,conv2,skewness,3.4805847586436225,0
fedavg-mnist-iid-reference-seed7-20261004,10,2,conv2,kurtosis,18.1835254760794,0
fedavg-mnist-iid-reference-seed7-20261004,10,2,fc1,mean,2.7157015900237237e-05,0
fedavg-mnist-iid-reference-seed7-20261004,10,2,fc1,std,0.000585073228086152,0
fedavg-mnist-iid-reference-seed7-20261004,10,2,fc1,median,0.0,0
fedavg-mnist-iid-reference-seed7-20261004,10,2,fc1,min,-0.00924408808350563,0
fedavg-mnist-iid-reference-seed7-20261004,10,2,fc1,max,0.008788175880908966,0
fedavg-mnist-iid-reference-seed7-20261004,10,2,fc1,l1,24.726240010037202,0
fedavg-mnist-iid-reference-seed7-20261004,10,2,fc1,l2,0.1856004488648713,0
fedavg-mnist-iid-reference-seed7-20261004,10,2,fc1,max_abs,0.00924408808350563,0
fedavg-mnist-iid-reference-seed7-20261004,10,2,fc1,sparsity,0.13372370936902486,0
fedavg-mnist-iid-reference-seed7-20261004,10,2,fc1,skewness,0.6202678558006747,0
fedavg-mnist-iid-reference-seed7-20261004,10,2,fc1,kurtosis,27.21653045416423,0
fedavg-mnist-iid-reference-seed7-20261004,10,2,output,mean,4.0745362639427185e-10,0
fedavg-mnist-iid-reference-seed7-20261004,10,2,output,std,0.004007670019415653,0
fedavg-mnist-iid-reference-seed7-20261004,10,2,output,median,-2.868473529815674e-07,0
fedavg-mnist-iid-reference-seed7-20261004,10,2,output,min,-0.012524202466011047,0
fedavg-mnist-iid-reference-seed7-20261004,10,2,output,max,0.022760629653930664,0
fedavg-mnist-iid-reference-seed7-20261004,10,2,output,l1,1.5613037884468213,0
fedavg-mnist-iid-reference-seed7-20261004,10,2,output,l2,0.10217593816520648,0
fedavg-mnist-iid-reference-seed7-20261004,10,2,output,max_abs,0.022760629653930664,0
fedavg-mnist-iid-reference-seed7-20261004,10,2,output,sparsity,0.10923076923076923,0
fedavg-mnist-iid-reference-seed7-20261004,10,2,output,skewness,1.3152784646562923,0
fedavg-mnist-iid-reference-seed7-20261004,10,2,output,kurtosis,5.711109922075799,0
fedavg-mnist-iid-reference-seed7-20261004,10,3,conv1,mean,0.003532208073011134,0
fedavg-mnist-iid-reference-seed7-20261004,10,3,conv1,std,0.004565016888911075,0
fedavg-mnist-iid-reference-seed7-20261004,10,3,conv1,median,0.0017959028482437134,0
fedavg-mnist-iid-reference-seed7-20261004,10,3,conv1,min,-0.0011052638292312622,0
fedavg-mnist-iid-reference-seed7-20261004,10,3,conv1,max,0.01909613609313965,0
fedavg-mnist-iid-reference-seed7-20261004,10,3,conv1,l1,0.5820997611153871,0
fedavg-mnist-iid-reference-seed7-20261004,10,3,conv1,l2,0.07301054506531326,0
fedavg-mnist-iid-reference-seed7-20261004,10,3,conv1,max_abs,0.01909613609313965,0
fedavg-mnist-iid-reference-seed7-20261004,10,3,conv1,sparsity,0.0,0
fedavg-mnist-iid-reference-seed7-20261004,10,3,conv1,skewness,1.611641038962455,0
fedavg-mnist-iid-reference-seed7-20261004,10,3,conv1,kurtosis,2.2523477167189805,0
fedavg-mnist-iid-reference-seed7-20261004,10,3,conv2,mean,0.000472012083613318,0
fedavg-mnist-iid-reference-seed7-20261004,10,3,conv2,std,0.0011354560656563518,0
fedavg-mnist-iid-reference-seed7-20261004,10,3,conv2,median,7.177330553531647e-05,0
fedavg-mnist-iid-reference-seed7-20261004,10,3,conv2,min,-0.002525441348552704,0
fedavg-mnist-iid-reference-seed7-20261004,10,3,conv2,max,0.012579530477523804,0
fedavg-mnist-iid-reference-seed7-20261004,10,3,conv2,l1,2.7926558617873525,0
fedavg-mnist-iid-reference-seed7-20261004,10,3,conv2,l2,0.08376120404031531,0
fedavg-mnist-iid-reference-seed7-20261004,10,3,conv2,max_abs,0.012579530477523804,0
fedavg-mnist-iid-reference-seed7-20261004,10,3,conv2,sparsity,0.0,0
fedavg-mnist-iid-reference-seed7-20261004,10,3,conv2,skewness,3.561409708512494,0
fedavg-mnist-iid-reference-seed7-20261004,10,3,conv2,kurtosis,19.464342919338,0
fedavg-mnist-iid-reference-seed7-20261004,10,3,fc1,mean,6.748234617628095e-05,0
fedavg-mnist-iid-reference-seed7-20261004,10,3,fc1,std,0.0005096715811821467,0
fedavg-mnist-iid-reference-seed7-20261004,10,3,fc1,median,0.0,0
fedavg-mnist-iid-reference-seed7-20261004,10,3,fc1,min,-0.007187362294644117,0
fedavg-mnist-iid-reference-seed7-20261004,10,3,fc1,max,0.006834206636995077,0
fedavg-mnist-iid-reference-seed7-20261004,10,3,fc1,l1,23.17712367155849,0
fedavg-mnist-iid-reference-seed7-20261004,10,3,fc1,l2,0.1629167132921111,0
fedavg-mnist-iid-reference-seed7-20261004,10,3,fc1,max_abs,0.007187362294644117,0
fedavg-mnist-iid-reference-seed7-20261004,10,3,fc1,sparsity,0.12214188973868706,0
fedavg-mnist-iid-reference-seed7-20261004,10,3,fc1,skewness,1.2553717124975277,0
fedavg-mnist-iid-reference-seed7-20261004,10,3,fc1,kurtosis,21.995696746815483,0
fedavg-mnist-iid-reference-seed7-20261004,10,3,output,mean,-3.3455972488109883e-10,0
fedavg-mnist-iid-reference-seed7-20261004,10,3,output,std,0.0035005047902645532,0
fedavg-mnist-iid-reference-seed7-20261004,10,3,output,median,-3.6973506212234497e-07,0
fedavg-mnist-iid-reference-seed7-20261004,10,3,output,min,-0.01195479929447174,0
fedavg-mnist-iid-reference-seed7-20261004,10,3,output,max,0.019087359309196472,0
fedavg-mnist-iid-reference-seed7-20261004,10,3,output,l1,1.4488908434286714,0
fedavg-mnist-iid-reference-seed7-20261004,10,3,output,l2,0.08924571116492028,0
fedavg-mnist-iid-reference-seed7-20261004,10,3,output,max_abs,0.019087359309196472,0
fedavg-mnist-iid-reference-seed7-20261004,10,3,output,sparsity,0.09230769230769231,0
fedavg-mnist-iid-reference-seed7-20261004,10,3,output,skewness,0.5786313037744859,0
fedavg-mnist-iid-reference-seed7-20261004,10,3,output,kurtosis,3.2267041015725653,0
fedavg-mnist-iid-reference-seed7-20261004,10,4,conv1,mean,0.003910499876656104,0
fedavg-mnist-iid-reference-seed7-20261004,10,4,conv1,std,0.004884083147839095,0
fedavg-mnist-iid-reference-seed7-20261004,10,4,conv1,median,0.0020651891827583313,0
fedavg-mnist-iid-reference-seed7-20261004,10,4,conv1,min,-0.0014555677771568298,0
fedavg-mnist-iid-reference-seed7-20261004,10,4,conv1,max,0.02008676528930664,0
fedavg-mnist-iid-reference-seed7-20261004,10,4,conv1,l1,0.6416026919614524,0
fedavg-mnist-iid-reference-seed7-20261004,10,4,conv1,l2,0.07914167294702153,0
fedavg-mnist-iid-reference-seed7-20261004,10,4,conv1,max_abs,0.02008676528930664,0
fedavg-mnist-iid-reference-seed7-20261004,10,4,conv1,sparsity,0.0,0
fedavg-mnist-iid-reference-seed7-20261004,10,4,conv1,skewness,1.4912620474947924,0
fedavg-mnist-iid-reference-seed7-20261004,10,4,conv1,kurtosis,1.7061788322531317,0
fedavg-mnist-iid-reference-seed7-20261004,10,4,conv2,mean,0.0005142236169376702,0
fedavg-mnist-iid-reference-seed7-20261004,10,4,conv2,std,0.0011651441156283952,0
fedavg-mnist-iid-reference-seed7-20261004,10,4,conv2,median,9.889272041618824e-05,0
fedavg-mnist-iid-reference-seed7-20261004,10,4,conv2,min,-0.003134068101644516,0
fedavg-mnist-iid-reference-seed7-20261004,10,4,conv2,max,0.01251257210969925,0
fedavg-mnist-iid-reference-seed7-20261004,10,4,conv2,l1,2.9016432765929494,0
fedavg-mnist-iid-reference-seed7-20261004,10,4,conv2,l2,0.0867526280073157,0
fedavg-mnist-iid-reference-seed7-20261004,10,4,conv2,max_abs,0.01251257210969925,0
fedavg-mnist-iid-reference-seed7-20261004,10,4,conv2,sparsity,0.0,0
fedavg-mnist-iid-reference-seed7-20261004,10,4,conv2,skewness,3.481474293618889,0
fedavg-mnist-iid-reference-seed7-20261004,10,4,conv2,kurtosis,18.22218266863706,0
fedavg-mnist-iid-reference-seed7-20261004,10,4,fc1,mean,2.1154064739040627e-05,0
fedavg-mnist-iid-reference-seed7-20261004,10,4,fc1,std,0.0004736563445288202,0
fedavg-mnist-iid-reference-seed7-20261004,10,4,fc1,median,0.0,0
fedavg-mnist-iid-reference-seed7-20261004,10,4,fc1,min,-0.007121950387954712,0
fedavg-mnist-iid-reference-seed7-20261004,10,4,fc1,max,0.007399482652544975,0
fedavg-mnist-iid-reference-seed7-20261004,10,4,fc1,l1,20.77704976108521,0
fedavg-mnist-iid-reference-seed7-20261004,10,4,fc1,l2,0.15024413004453926,0
fedavg-mnist-iid-reference-seed7-20261004,10,4,fc1,max_abs,0.007399482652544975,0
fedavg-mnist-iid-reference-seed7-20261004,10,4,fc1,sparsity,0.12919255895474824,0
fedavg-mnist-iid-reference-seed7-20261004,10,4,fc1,skewness,1.4131050086278645,0
fedavg-mnist-iid-reference-seed7-20261004,10,4,fc1,kurtosis,28.309177017250352,0
fedavg-mnist-iid-reference-seed7-20261004,10,4,output,mean,-5.3640598287949195e-11,0
fedavg-mnist-iid-reference-seed7-20261004,10,4,output,std,0.003424413855039594,0
fedavg-mnist-iid-reference-seed7-20261004,10,4,output,median,-1.1213123798370361e-06,0
fedavg-mnist-iid-reference-seed7-20261004,10,4,output,min,-0.010515674948692322,0
fedavg-mnist-iid-reference-seed7-20261004,10,4,output,max,0.014828383922576904,0
fedavg-mnist-iid-reference-seed7-20261004,10,4,output,l1,1.3951957192621194,0
fedavg-mnist-iid-reference-seed7-20261004,10,4,output,l2,0.08730576534732193,0
fedavg-mnist-iid-reference-seed7-20261004,10,4,output,max_abs,0.014828383922576904,0
fedavg-mnist-iid-reference-seed7-20261004,10,4,output,sparsity,0.1076923076923077,0
fedavg-mnist-iid-reference-seed7-20261004,10,4,output,skewness,0.9375174432657036,0
fedavg-mnist-iid-reference-seed7-20261004,10,4,output,kurtosis,3.092237074804415,0
fedavg-mnist-iid-reference-seed7-20261004,11,0,conv1,mean,0.003040197455266025,0
fedavg-mnist-iid-reference-seed7-20261004,11,0,conv1,std,0.003871491718706475,0
fedavg-mnist-iid-reference-seed7-20261004,11,0,conv1,median,0.0015193745493888855,0
fedavg-mnist-iid-reference-seed7-20261004,11,0,conv1,min,-0.0009631142020225525,0
fedavg-mnist-iid-reference-seed7-20261004,11,0,conv1,max,0.01610630750656128,0
fedavg-mnist-iid-reference-seed7-20261004,11,0,conv1,l1,0.49966403818689287,0
fedavg-mnist-iid-reference-seed7-20261004,11,0,conv1,l2,0.06226555862756723,0
fedavg-mnist-iid-reference-seed7-20261004,11,0,conv1,max_abs,0.01610630750656128,0
fedavg-mnist-iid-reference-seed7-20261004,11,0,conv1,sparsity,0.0,0
fedavg-mnist-iid-reference-seed7-20261004,11,0,conv1,skewness,1.5269895998806435,0
fedavg-mnist-iid-reference-seed7-20261004,11,0,conv1,kurtosis,1.8508442786315893,0
fedavg-mnist-iid-reference-seed7-20261004,11,0,conv2,mean,0.0003798774416634779,0
fedavg-mnist-iid-reference-seed7-20261004,11,0,conv2,std,0.0009130646786368766,0
fedavg-mnist-iid-reference-seed7-20261004,11,0,conv2,median,6.286380812525749e-05,0
fedavg-mnist-iid-reference-seed7-20261004,11,0,conv2,min,-0.001877717673778534,0
fedavg-mnist-iid-reference-seed7-20261004,11,0,conv2,max,0.009471423923969269,0
fedavg-mnist-iid-reference-seed7-20261004,11,0,conv2,l1,2.3116912764635345,0
fedavg-mnist-iid-reference-seed7-20261004,11,0,conv2,l2,0.06736387799254138,0
fedavg-mnist-iid-reference-seed7-20261004,11,0,conv2,max_abs,0.009471423923969269,0
fedavg-mnist-iid-reference-seed7-20261004,11,0,conv2,sparsity,0.0,0
fedavg-mnist-iid-reference-seed7-20261004,11,0,conv2,skewness,3.3143650068966504,0
fedavg-mnist-iid-reference-seed7-20261004,11,0,conv2,kurtosis,16.781957460425655,0
fedavg-mnist-iid-reference-seed7-20261004,11,0,fc1,mean,1.2528988508673897e-05,0
fedavg-mnist-iid-reference-seed7-20261004,11,0,fc1,std,0.0004552501607736046,0
fedavg-mnist-iid-reference-seed7-20261004,11,0,fc1,median,0.0,0
fedavg-mnist-iid-reference-seed7-20261004,11,0,fc1,min,-0.00636894628405571,0
fedavg-mnist-iid-reference-seed7-20261004,11,0,fc1,max,0.006547937169671059,0
fedavg-mnist-iid-reference-seed7-20261004,11,0,fc1,l1,20.385801818975324,0
fedavg-mnist-iid-reference-seed7-20261004,11,0,fc1,l2,0.14431649549677372,0
fedavg-mnist-iid-reference-seed7-20261004,11,0,fc1,max_abs,0.006547937169671059,0
fedavg-mnist-iid-reference-seed7-20261004,11,0,fc1,sparsity,0.13297681644359466,0
fedavg-mnist-iid-reference-seed7-20261004,11,0,fc1,skewness,0.26649882770814154,0
fedavg-mnist-iid-reference-seed7-20261004,11,0,fc1,kurtosis,23.898193425317952,0
fedavg-mnist-iid-reference-seed7-20261004,11,0,output,mean,2.1920781224392927e-10,0
fedavg-mnist-iid-reference-seed7-20261004,11,0,output,std,0.0031873177625093485,0
fedavg-mnist-iid-reference-seed7-20261004,11,0,output,median,-9.12696123123169e-08,0
fedavg-mnist-iid-reference-seed7-20261004,11,0,output,min,-0.00985535979270935,0
fedavg-mnist-iid-reference-seed7-20261004,11,0,output,max,0.019913271069526672,0
fedavg-mnist-iid-reference-seed7-20261004,11,0,output,l1,1.2908747855035472,0
fedavg-mnist-iid-reference-seed7-20261004,11,0,output,l2,0.08126097733528051,0
fedavg-mnist-iid-reference-seed7-20261004,11,0,output,max_abs,0.019913271069526672,0
fedavg-mnist-iid-reference-seed7-20261004,11,0,output,sparsity,0.1076923076923077,0
fedavg-mnist-iid-reference-seed7-20261004,11,0,output,skewness,0.9230777384652121,0
fedavg-mnist-iid-reference-seed7-20261004,11,0,output,kurtosis,4.364104690432615,0
fedavg-mnist-iid-reference-seed7-20261004,11,1,conv1,mean,0.0028272140931221656,0
fedavg-mnist-iid-reference-seed7-20261004,11,1,conv1,std,0.003679635257473057,0
fedavg-mnist-iid-reference-seed7-20261004,11,1,conv1,median,0.001475691795349121,0
fedavg-mnist-iid-reference-seed7-20261004,11,1,conv1,min,-0.0009622722864151001,0
fedavg-mnist-iid-reference-seed7-20261004,11,1,conv1,max,0.015450626611709595,0
fedavg-mnist-iid-reference-seed7-20261004,11,1,conv1,l1,0.4729536173399538,0
fedavg-mnist-iid-reference-seed7-20261004,11,1,conv1,l2,0.05869631014827068,0
fedavg-mnist-iid-reference-seed7-20261004,11,1,conv1,max_abs,0.015450626611709595,0
fedavg-mnist-iid-reference-seed7-20261004,11,1,conv1,sparsity,0.0,0
fedavg-mnist-iid-reference-seed7-20261004,11,1,conv1,skewness,1.5297509761372816,0
fedavg-mnist-iid-reference-seed7-20261004,11,1,conv1,kurtosis,1.8771099594555745,0
fedavg-mnist-iid-reference-seed7-20261004,11,1,conv2,mean,0.0003811648358507604,0
fedavg-mnist-iid-reference-seed7-20261004,11,1,conv2,std,0.000895548805556061,0
fedavg-mnist-iid-reference-seed7-20261004,11,1,conv2,median,7.088243728503585e-05,0
fedavg-mnist-iid-reference-seed7-20261004,11,1,conv2,min,-0.0024433881044387817,0
fedavg-mnist-iid-reference-seed7-20261004,11,1,conv2,max,0.009714804589748383,0
fedavg-mnist-iid-reference-seed7-20261004,11,1,conv2,l1,2.2758623108675238,0
fedavg-mnist-iid-reference-seed7-20261004,11,1,conv2,l2,0.06629815630792604,0
fedavg-mnist-iid-reference-seed7-20261004,11,1,conv2,max_abs,0.009714804589748383,0
fedavg-mnist-iid-reference-seed7-20261004,11,1,conv2,sparsity,0.0,0
fedavg-mnist-iid-reference-seed7-20261004,11,1,conv2,skewness,3.2451192044415147,0
fedavg-mnist-iid-reference-seed7-20261004,11,1,conv2,kurtosis,16.098143930469334,0
fedavg-mnist-iid-reference-seed7-20261004,11,1,fc1,mean,2.0676834271271298e-05,0
fedavg-mnist-iid-reference-seed7-20261004,11,1,fc1,std,0.000453234064214854,0
fedavg-mnist-iid-reference-seed7-20261004,11,1,fc1,median,0.0,0
fedavg-mnist-iid-reference-seed7-20261004,11,1,fc1,min,-0.005694989114999771,0
fedavg-mnist-iid-reference-seed7-20261004,11,1,fc1,max,0.006927967071533203,0
fedavg-mnist-iid-reference-seed7-20261004,11,1,fc1,l1,20.765642924539918,0
fedavg-mnist-iid-reference-seed7-20261004,11,1,fc1,l2,0.14377238219411517,0
fedavg-mnist-iid-reference-seed7-20261004,11,1,fc1,max_abs,0.006927967071533203,0
fedavg-mnist-iid-reference-seed7-20261004,11,1,fc1,sparsity,0.1336440407903123,0
fedavg-mnist-iid-reference-seed7-20261004,11,1,fc1,skewness,1.1261992979092526,0
fedavg-mnist-iid-reference-seed7-20261004,11,1,fc1,kurtosis,23.264121994237623,0
fedavg-mnist-iid-reference-seed7-20261004,11,1,output,mean,3.189779818058014e-10,0
fedavg-mnist-iid-reference-seed7-20261004,11,1,output,std,0.0032356311838429427,0
fedavg-mnist-iid-reference-seed7-20261004,11,1,output,median,-3.2316893339157104e-07,0
fedavg-mnist-iid-reference-seed7-20261004,11,1,output,min,-0.008668720722198486,0
fedavg-mnist-iid-reference-seed7-20261004,11,1,output,max,0.01309242844581604,0
fedavg-mnist-iid-reference-seed7-20261004,11,1,output,l1,1.3506083161337301,0
fedavg-mnist-iid-reference-seed7-20261004,11,1,output,l2,0.08249273272602284,0
fedavg-mnist-iid-reference-seed7-20261004,11,1,output,max_abs,0.01309242844581604,0
fedavg-mnist-iid-reference-seed7-20261004,11,1,output,sparsity,0.10923076923076923,0
fedavg-mnist-iid-reference-seed7-20261004,11,1,output,skewness,0.7044648692780284,0
fedavg-mnist-iid-reference-seed7-20261004,11,1,output,kurtosis,2.3362345260223094,0
fedavg-mnist-iid-reference-seed7-20261004,11,2,conv1,mean,0.003276151401223615,0
fedavg-mnist-iid-reference-seed7-20261004,11,2,conv1,std,0.004094002701195227,0
fedavg-mnist-iid-reference-seed7-20261004,11,2,conv1,median,0.0018446296453475952,0
fedavg-mnist-iid-reference-seed7-20261004,11,2,conv1,min,-0.0014424249529838562,0
fedavg-mnist-iid-reference-seed7-20261004,11,2,conv1,max,0.016920864582061768,0
fedavg-mnist-iid-reference-seed7-20261004,11,2,conv1,l1,0.5409627491608262,0
fedavg-mnist-iid-reference-seed7-20261004,11,2,conv1,l2,0.06632529064679117,0
fedavg-mnist-iid-reference-seed7-20261004,11,2,conv1,max_abs,0.016920864582061768,0
fedavg-mnist-iid-reference-seed7-20261004,11,2,conv1,sparsity,0.0,0
fedavg-mnist-iid-reference-seed7-20261004,11,2,conv1,skewness,1.451218449118701,0
fedavg-mnist-iid-reference-seed7-20261004,11,2,conv1,kurtosis,1.5660279957394412,0
fedavg-mnist-iid-reference-seed7-20261004,11,2,conv2,mean,0.00037424079282102646,0
fedavg-mnist-iid-reference-seed7-20261004,11,2,conv2,std,0.0009826322833054416,0
fedavg-mnist-iid-reference-seed7-20261004,11,2,conv2,median,5.10350801050663e-05,0
fedavg-mnist-iid-reference-seed7-20261004,11,2,conv2,min,-0.003290560096502304,0
fedavg-mnist-iid-reference-seed7-20261004,11,2,conv2,max,0.009513221681118011,0
fedavg-mnist-iid-reference-seed7-20261004,11,2,conv2,l1,2.431404689697956,0
fedavg-mnist-iid-reference-seed7-20261004,11,2,conv2,l2,0.07162463138441234,0
fedavg-mnist-iid-reference-seed7-20261004,11,2,conv2,max_abs,0.009513221681118011,0
fedavg-mnist-iid-reference-seed7-20261004,11,2,conv2,sparsity,0.0,0
fedavg-mnist-iid-reference-seed7-20261004,11,2,conv2,skewness,3.329823464087373,0
fedavg-mnist-iid-reference-seed7-20261004,11,2,conv2,kurtosis,17.138339017697923,0
fedavg-mnist-iid-reference-seed7-20261004,11,2,fc1,mean,1.4808252313922674e-05,0
fedavg-mnist-iid-reference-seed7-20261004,11,2,fc1,std,0.0005655274135676835,0
fedavg-mnist-iid-reference-seed7-20261004,11,2,fc1,median,0.0,0
fedavg-mnist-iid-reference-seed7-20261004,11,2,fc1,min,-0.0089573934674263,0
fedavg-mnist-iid-reference-seed7-20261004,11,2,fc1,max,0.008967039175331593,0
fedavg-mnist-iid-reference-seed7-20261004,11,2,fc1,l1,23.50689529060986,0
fedavg-mnist-iid-reference-seed7-20261004,11,2,fc1,l2,0.17926848816198912,0
fedavg-mnist-iid-reference-seed7-20261004,11,2,fc1,max_abs,0.008967039175331593,0
fedavg-mnist-iid-reference-seed7-20261004,11,2,fc1,sparsity,0.14610221478648822,0
fedavg-mnist-iid-reference-seed7-20261004,11,2,fc1,skewness,0.4036617612515233,0
fedavg-mnist-iid-reference-seed7-20261004,11,2,fc1,kurtosis,28.51715478741052,0
fedavg-mnist-iid-reference-seed7-20261004,11,2,output,mean,-2.385618594976572e-10,0
fedavg-mnist-iid-reference-seed7-20261004,11,2,output,std,0.0038770970310373193,0
fedavg-mnist-iid-reference-seed7-20261004,11,2,output,median,-2.8219074010849e-07,0
fedavg-mnist-iid-reference-seed7-20261004,11,2,output,min,-0.010049519129097462,0
fedavg-mnist-iid-reference-seed7-20261004,11,2,output,max,0.02434779703617096,0
fedavg-mnist-iid-reference-seed7-20261004,11,2,output,l1,1.4471085332334042,0
fedavg-mnist-iid-reference-seed7-20261004,11,2,output,l2,0.0988469670867599,0
fedavg-mnist-iid-reference-seed7-20261004,11,2,output,max_abs,0.02434779703617096,0
fedavg-mnist-iid-reference-seed7-20261004,11,2,output,sparsity,0.12307692307692308,0
fedavg-mnist-iid-reference-seed7-20261004,11,2,output,skewness,1.806184790463132,0
fedavg-mnist-iid-reference-seed7-20261004,11,2,output,kurtosis,8.210934098249359,0
fedavg-mnist-iid-reference-seed7-20261004,11,3,conv1,mean,0.0028708160170936026,0
fedavg-mnist-iid-reference-seed7-20261004,11,3,conv1,std,0.003775419267486895,0
fedavg-mnist-iid-reference-seed7-20261004,11,3,conv1,median,0.0013787299394607544,0
fedavg-mnist-iid-reference-seed7-20261004,11,3,conv1,min,-0.0009965598583221436,0
fedavg-mnist-iid-reference-seed7-20261004,11,3,conv1,max,0.015996545553207397,0
fedavg-mnist-iid-reference-seed7-20261004,11,3,conv1,l1,0.4762088714633137,0
fedavg-mnist-iid-reference-seed7-20261004,11,3,conv1,l2,0.05999383334885339,0
fedavg-mnist-iid-reference-seed7-20261004,11,3,conv1,max_abs,0.015996545553207397,0
fedavg-mnist-iid-reference-seed7-20261004,11,3,conv1,sparsity,0.0,0
fedavg-mnist-iid-reference-seed7-20261004,11,3,conv1,skewness,1.652713008372569,0
fedavg-mnist-iid-reference-seed7-20261004,11,3,conv1,kurtosis,2.461645110239907,0
fedavg-mnist-iid-reference-seed7-20261004,11,3,conv2,mean,0.00036357854269383473,0
fedavg-mnist-iid-reference-seed7-20261004,11,3,conv2,std,0.0009505875469613142,0
fedavg-mnist-iid-reference-seed7-20261004,11,3,conv2,median,4.932470619678497e-05,0
fedavg-mnist-iid-reference-seed7-20261004,11,3,conv2,min,-0.0030566006898880005,0
fedavg-mnist-iid-reference-seed7-20261004,11,3,conv2,max,0.010305523872375488,0
fedavg-mnist-iid-reference-seed7-20261004,11,3,conv2,l1,2.3465655141844763,0
fedavg-mnist-iid-reference-seed7-20261004,11,3,conv2,l2,0.06932632999744179,0
fedavg-mnist-iid-reference-seed7-20261004,11,3,conv2,max_abs,0.010305523872375488,0
fedavg-mnist-iid-reference-seed7-20261004,11,3,conv2,sparsity,0.0,0
fedavg-mnist-iid-reference-seed7-20261004,11,3,conv2,skewness,3.396327432348955,0
fedavg-mnist-iid-reference-seed7-20261004,11,3,conv2,kurtosis,18.401569063290182,0
fedavg-mnist-iid-reference-seed7-20261004,11,3,fc1,mean,5.609264448893542e-05,0
fedavg-mnist-iid-reference-seed7-20261004,11,3,fc1,std,0.0005270348412172472,0
fedavg-mnist-iid-reference-seed7-20261004,11,3,fc1,median,0.0,0
fedavg-mnist-iid-reference-seed7-20261004,11,3,fc1,min,-0.008148672059178352,0
fedavg-mnist-iid-reference-seed7-20261004,11,3,fc1,max,0.007022620178759098,0
fedavg-mnist-iid-reference-seed7-20261004,11,3,fc1,l1,23.464076983329846,0
fedavg-mnist-iid-reference-seed7-20261004,11,3,fc1,l2,0.1679525834854949,0
fedavg-mnist-iid-reference-seed7-20261004,11,3,fc1,max_abs,0.008148672059178352,0
fedavg-mnist-iid-reference-seed7-20261004,11,3,fc1,sparsity,0.13304652644996814,0
fedavg-mnist-iid-reference-seed7-20261004,11,3,fc1,skewness,0.7727752815475636,0
fedavg-mnist-iid-reference-seed7-20261004,11,3,fc1,kurtosis,24.731700923601064,0
fedavg-mnist-iid-reference-seed7-20261004,11,3,output,mean,2.1142813448722547e-10,0
fedavg-mnist-iid-reference-seed7-20261004,11,3,output,std,0.003655443595680663,0
fedavg-mnist-iid-reference-seed7-20261004,11,3,output,median,-3.1385570764541626e-07,0
fedavg-mnist-iid-reference-seed7-20261004,11,3,output,min,-0.015651211142539978,0
fedavg-mnist-iid-reference-seed7-20261004,11,3,output,max,0.019716933369636536,0
fedavg-mnist-iid-reference-seed7-20261004,11,3,output,l1,1.4887297649984248,0
fedavg-mnist-iid-reference-seed7-20261004,11,3,output,l2,0.09319589112606752,0
fedavg-mnist-iid-reference-seed7-20261004,11,3,output,max_abs,0.019716933369636536,0
fedavg-mnist-iid-reference-seed7-20261004,11,3,output,sparsity,0.1076923076923077,0
fedavg-mnist-iid-reference-seed7-20261004,11,3,output,skewness,0.5894038050985965,0
fedavg-mnist-iid-reference-seed7-20261004,11,3,output,kurtosis,3.6546727190872526,0
fedavg-mnist-iid-reference-seed7-20261004,11,4,conv1,mean,0.0032589271038887093,0
fedavg-mnist-iid-reference-seed7-20261004,11,4,conv1,std,0.004070210546603961,0
fedavg-mnist-iid-reference-seed7-20261004,11,4,conv1,median,0.0017002224922180176,0
fedavg-mnist-iid-reference-seed7-20261004,11,4,conv1,min,-0.0013325884938240051,0
fedavg-mnist-iid-reference-seed7-20261004,11,4,conv1,max,0.016827881336212158,0
fedavg-mnist-iid-reference-seed7-20261004,11,4,conv1,l1,0.5359105982352048,0
fedavg-mnist-iid-reference-seed7-20261004,11,4,conv1,l2,0.06595418987405918,0
fedavg-mnist-iid-reference-seed7-20261004,11,4,conv1,max_abs,0.016827881336212158,0
fedavg-mnist-iid-reference-seed7-20261004,11,4,conv1,sparsity,0.0,0
fedavg-mnist-iid-reference-seed7-20261004,11,4,conv1,skewness,1.482561538260575,0
fedavg-mnist-iid-reference-seed7-20261004,11,4,conv1,kurtosis,1.687088754279408,0
fedavg-mnist-iid-reference-seed7-20261004,11,4,conv2,mean,0.00040794143476393307,0
fedavg-mnist-iid-reference-seed7-20261004,11,4,conv2,std,0.0009636740810346969,0
fedavg-mnist-iid-reference-seed7-20261004,11,4,conv2,median,7.2479248046875e-05,0
fedavg-mnist-iid-reference-seed7-20261004,11,4,conv2,min,-0.003102801740169525,0
fedavg-mnist-iid-reference-seed7-20261004,11,4,conv2,max,0.010160759091377258,0
fedavg-mnist-iid-reference-seed7-20261004,11,4,conv2,l1,2.4017096428087825,0
fedavg-mnist-iid-reference-seed7-20261004,11,4,conv2,l2,0.07128246293276282,0
fedavg-mnist-iid-reference-seed7-20261004,11,4,conv2,max_abs,0.010160759091377258,0
fedavg-mnist-iid-reference-seed7-20261004,11,4,conv2,sparsity,0.0004310344827586207,0
fedavg-mnist-iid-reference-seed7-20261004,11,4,conv2,skewness,3.3517374261597874,0
fedavg-mnist-iid-reference-seed7-20261004,11,4,conv2,kurtosis,17.218298787010074,0
fedavg-mnist-iid-reference-seed7-20261004,11,4,fc1,mean,1.3012774781201148e-05,0
fedavg-mnist-iid-reference-seed7-20261004,11,4,fc1,std,0.0004280089508080069,0
fedavg-mnist-iid-reference-seed7-20261004,11,4,fc1,median,0.0,0
fedavg-mnist-iid-reference-seed7-20261004,11,4,fc1,min,-0.005712077021598816,0
fedavg-mnist-iid-reference-seed7-20261004,11,4,fc1,max,0.007084095850586891,0
fedavg-mnist-iid-reference-seed7-20261004,11,4,fc1,l1,18.69720850151532,0
fedavg-mnist-iid-reference-seed7-20261004,11,4,fc1,l2,0.13569221643686086,0
fedavg-mnist-iid-reference-seed7-20261004,11,4,fc1,max_abs,0.007084095850586891,0
fedavg-mnist-iid-reference-seed7-20261004,11,4,fc1,sparsity,0.12824649458253665,0
fedavg-mnist-iid-reference-seed7-20261004,11,4,fc1,skewness,1.4204301349627477,0
fedavg-mnist-iid-reference-seed7-20261004,11,4,fc1,kurtosis,29.296637256327372,0
fedavg-mnist-iid-reference-seed7-20261004,11,4,output,mean,1.169526233122899e-10,0
fedavg-mnist-iid-reference-seed7-20261004,11,4,output,std,0.003128685026380248,0
fedavg-mnist-iid-reference-seed7-20261004,11,4,output,median,-9.718351066112518e-07,0
fedavg-mnist-iid-reference-seed7-20261004,11,4,output,min,-0.009116038680076599,0
fedavg-mnist-iid-reference-seed7-20261004,11,4,output,max,0.013843238353729248,0
fedavg-mnist-iid-reference-seed7-20261004,11,4,output,l1,1.2752706924220547,0
fedavg-mnist-iid-reference-seed7-20261004,11,4,output,l2,0.07976613000699226,0
fedavg-mnist-iid-reference-seed7-20261004,11,4,output,max_abs,0.013843238353729248,0
fedavg-mnist-iid-reference-seed7-20261004,11,4,output,sparsity,0.1076923076923077,0
fedavg-mnist-iid-reference-seed7-20261004,11,4,output,skewness,0.9795604959083478,0
fedavg-mnist-iid-reference-seed7-20261004,11,4,output,kurtosis,3.1649868535860826,0
fedavg-mnist-iid-reference-seed7-20261004,12,0,conv1,mean,0.002466837917745579,0
fedavg-mnist-iid-reference-seed7-20261004,12,0,conv1,std,0.003155693323030329,0
fedavg-mnist-iid-reference-seed7-20261004,12,0,conv1,median,0.0012626945972442627,0
fedavg-mnist-iid-reference-seed7-20261004,12,0,conv1,min,-0.0008580461144447327,0
fedavg-mnist-iid-reference-seed7-20261004,12,0,conv1,max,0.013268530368804932,0
fedavg-mnist-iid-reference-seed7-20261004,12,0,conv1,l1,0.4072642943356186,0
fedavg-mnist-iid-reference-seed7-20261004,12,0,conv1,l2,0.05066547489002039,0
fedavg-mnist-iid-reference-seed7-20261004,12,0,conv1,max_abs,0.013268530368804932,0
fedavg-mnist-iid-reference-seed7-20261004,12,0,conv1,sparsity,0.0,0
fedavg-mnist-iid-reference-seed7-20261004,12,0,conv1,skewness,1.5204939963179411,0
fedavg-mnist-iid-reference-seed7-20261004,12,0,conv1,kurtosis,1.8539458358987009,0
fedavg-mnist-iid-reference-seed7-20261004,12,0,conv2,mean,0.00029172177885631505,0
fedavg-mnist-iid-reference-seed7-20261004,12,0,conv2,std,0.0007483777919717575,0
fedavg-mnist-iid-reference-seed7-20261004,12,0,conv2,median,4.5812688767910004e-05,0
fedavg-mnist-iid-reference-seed7-20261004,12,0,conv2,min,-0.0019952096045017242,0
fedavg-mnist-iid-reference-seed7-20261004,12,0,conv2,max,0.007345035672187805,0
fedavg-mnist-iid-reference-seed7-20261004,12,0,conv2,l1,1.9186447188676539,0
fedavg-mnist-iid-reference-seed7-20261004,12,0,conv2,l2,0.054713737298770396,0
fedavg-mnist-iid-reference-seed7-20261004,12,0,conv2,max_abs,0.007345035672187805,0
fedavg-mnist-iid-reference-seed7-20261004,12,0,conv2,sparsity,0.0,0
fedavg-mnist-iid-reference-seed7-20261004,12,0,conv2,skewness,3.098739086157891,0
fedavg-mnist-iid-reference-seed7-20261004,12,0,conv2,kurtosis,15.154764714167662,0
fedavg-mnist-iid-reference-seed7-20261004,12,0,fc1,mean,3.243855158112216e-06,0
fedavg-mnist-iid-reference-seed7-20261004,12,0,fc1,std,0.0004433789267431214,0
fedavg-mnist-iid-reference-seed7-20261004,12,0,fc1,median,0.0,0
fedavg-mnist-iid-reference-seed7-20261004,12,0,fc1,min,-0.006483651697635651,0
fedavg-mnist-iid-reference-seed7-20261004,12,0,fc1,max,0.006186187267303467,0
fedavg-mnist-iid-reference-seed7-20261004,12,0,fc1,l1,19.68365835918388,0
fedavg-mnist-iid-reference-seed7-20261004,12,0,fc1,l2,0.14050381920806204,0
fedavg-mnist-iid-reference-seed7-20261004,12,0,fc1,max_abs,0.006483651697635651,0
fedavg-mnist-iid-reference-seed7-20261004,12,0,fc1,sparsity,0.13222992351816443,0
fedavg-mnist-iid-reference-seed7-20261004,12,0,fc1,skewness,-0.09351031712301083,0
fedavg-mnist-iid-reference-seed7-20261004,12,0,fc1,kurtosis,24.891139903434016,0
fedavg-mnist-iid-reference-seed7-20261004,12,0,output,mean,3.0527679392924675e-10,0
fedavg-mnist-iid-reference-seed7-20261004,12,0,output,std,0.0029794292163795246,0
fedavg-mnist-iid-reference-seed7-20261004,12,0,output,median,-6.28642737865448e-08,0
fedavg-mnist-iid-reference-seed7-20261004,12,0,output,min,-0.008337557315826416,0
fedavg-mnist-iid-reference-seed7-20261004,12,0,output,max,0.019038215279579163,0
fedavg-mnist-iid-reference-seed7-20261004,12,0,output,l1,1.1999501957907341,0
fedavg-mnist-iid-reference-seed7-20261004,12,0,output,l2,0.07596083856843867,0
fedavg-mnist-iid-reference-seed7-20261004,12,0,output,max_abs,0.019038215279579163,0
fedavg-mnist-iid-reference-seed7-20261004,12,0,output,sparsity,0.10923076923076923,0
fedavg-mnist-iid-reference-seed7-20261004,12,0,output,skewness,1.0608008053454085,0
fedavg-mnist-iid-reference-seed7-20261004,12,0,output,kurtosis,4.803345011725147,0
fedavg-mnist-iid-reference-seed7-20261004,12,1,conv1,mean,0.0022060350223910064,0
fedavg-mnist-iid-reference-seed7-20261004,12,1,conv1,std,0.002909382364525865,0
fedavg-mnist-iid-reference-seed7-20261004,12,1,conv1,median,0.001109011471271515,0
fedavg-mnist-iid-reference-seed7-20261004,12,1,conv1,min,-0.0009968578815460205,0
fedavg-mnist-iid-reference-seed7-20261004,12,1,conv1,max,0.012396037578582764,0
fedavg-mnist-iid-reference-seed7-20261004,12,1,conv1,l1,0.3730301447212696,0
fedavg-mnist-iid-reference-seed7-20261004,12,1,conv1,l2,0.046184146653205235,0
fedavg-mnist-iid-reference-seed7-20261004,12,1,conv1,max_abs,0.012396037578582764,0
fedavg-mnist-iid-reference-seed7-20261004,12,1,conv1,sparsity,0.0,0
fedavg-mnist-iid-reference-seed7-20261004,12,1,conv1,skewness,1.510639693795864,0
fedavg-mnist-iid-reference-seed7-20261004,12,1,conv1,kurtosis,1.8477449545423204,0
fedavg-mnist-iid-reference-seed7-20261004,12,1,conv2,mean,0.0002848105583431224,0
fedavg-mnist-iid-reference-seed7-20261004,12,1,conv2,std,0.0007239844064349953,0
fedavg-mnist-iid-reference-seed7-20261004,12,1,conv2,median,5.234964191913605e-05,0
fedavg-mnist-iid-reference-seed7-20261004,12,1,conv2,min,-0.0025659017264842987,0
fedavg-mnist-iid-reference-seed7-20261004,12,1,conv2,max,0.007709123194217682,0
fedavg-mnist-iid-reference-seed7-20261004,12,1,conv2,l1,1.8675388462961564,0
fedavg-mnist-iid-reference-seed7-20261004,12,1,conv2,l2,0.05299485827472375,0
fedavg-mnist-iid-reference-seed7-20261004,12,1,conv2,max_abs,0.007709123194217682,0
fedavg-mnist-iid-reference-seed7-20261004,12,1,conv2,sparsity,0.00021551724137931034,0
fedavg-mnist-iid-reference-seed7-20261004,12,1,conv2,skewness,2.9841250136368362,0
fedavg-mnist-iid-reference-seed7-20261004,12,1,conv2,kurtosis,14.344141709389007,0
fedavg-mnist-iid-reference-seed7-20261004,12,1,fc1,mean,7.957235401237111e-06,0
fedavg-mnist-iid-reference-seed7-20261004,12,1,fc1,std,0.0004511988276402486,0
fedavg-mnist-iid-reference-seed7-20261004,12,1,fc1,median,0.0,0
fedavg-mnist-iid-reference-seed7-20261004,12,1,fc1,min,-0.0059068407863378525,0
fedavg-mnist-iid-reference-seed7-20261004,12,1,fc1,max,0.006879542022943497,0
fedavg-mnist-iid-reference-seed7-20261004,12,1,fc1,l1,20.578014152398396,0
fedavg-mnist-iid-reference-seed7-20261004,12,1,fc1,l2,0.14300029980728976,0
fedavg-mnist-iid-reference-seed7-20261004,12,1,fc1,max_abs,0.006879542022943497,0
fedavg-mnist-iid-reference-seed7-20261004,12,1,fc1,sparsity,0.13294694072657745,0
fedavg-mnist-iid-reference-seed7-20261004,12,1,fc1,skewness,0.7605053291062797,0
fedavg-mnist-iid-reference-seed7-20261004,12,1,fc1,kurtosis,23.458709143019707,0
fedavg-mnist-iid-reference-seed7-20261004,12,1,output,mean,1.4023568767767686e-10,0
fedavg-mnist-iid-reference-seed7-20261004,12,1,output,std,0.003109673168825816,0
fedavg-mnist-iid-reference-seed7-20261004,12,1,output,median,-2.086162567138672e-07,0
fedavg-mnist-iid-reference-seed7-20261004,12,1,output,min,-0.008819542825222015,0
fedavg-mnist-iid-reference-seed7-20261004,12,1,output,max,0.01268547773361206,0
fedavg-mnist-iid-reference-seed7-20261004,12,1,output,l1,1.2863588343607262,0
fedavg-mnist-iid-reference-seed7-20261004,12,1,output,l2,0.07928142084369381,0
fedavg-mnist-iid-reference-seed7-20261004,12,1,output,max_abs,0.01268547773361206,0
fedavg-mnist-iid-reference-seed7-20261004,12,1,output,sparsity,0.1123076923076923,0
fedavg-mnist-iid-reference-seed7-20261004,12,1,output,skewness,0.7297740198361271,0
fedavg-mnist-iid-reference-seed7-20261004,12,1,output,kurtosis,2.6325292533551217,0
fedavg-mnist-iid-reference-seed7-20261004,12,2,conv1,mean,0.0026932982174912466,0
fedavg-mnist-iid-reference-seed7-20261004,12,2,conv1,std,0.003384657936792283,0
fedavg-mnist-iid-reference-seed7-20261004,12,2,conv1,median,0.0015081539750099182,0
fedavg-mnist-iid-reference-seed7-20261004,12,2,conv1,min,-0.0013439580798149109,0
fedavg-mnist-iid-reference-seed7-20261004,12,2,conv1,max,0.014127165079116821,0
fedavg-mnist-iid-reference-seed7-20261004,12,2,conv1,l1,0.44640186754986644,0
fedavg-mnist-iid-reference-seed7-20261004,12,2,conv1,l2,0.05471345668105063,0
fedavg-mnist-iid-reference-seed7-20261004,12,2,conv1,max_abs,0.014127165079116821,0
fedavg-mnist-iid-reference-seed7-20261004,12,2,conv1,sparsity,0.0,0
fedavg-mnist-iid-reference-seed7-20261004,12,2,conv1,skewness,1.4454771943368154,0
fedavg-mnist-iid-reference-seed7-20261004,12,2,conv1,kurtosis,1.5676873718641104,0
fedavg-mnist-iid-reference-seed7-20261004,12,2,conv2,mean,0.0002883249699254583,0
fedavg-mnist-iid-reference-seed7-20261004,12,2,conv2,std,0.0008173110194555717,0
fedavg-mnist-iid-reference-seed7-20261004,12,2,conv2,median,3.61073762178421e-05,0
fedavg-mnist-iid-reference-seed7-20261004,12,2,conv2,min,-0.003259655088186264,0
fedavg-mnist-iid-reference-seed7-20261004,12,2,conv2,max,0.007454320788383484,0
fedavg-mnist-iid-reference-seed7-20261004,12,2,conv2,l1,2.036387994794495,0
fedavg-mnist-iid-reference-seed7-20261004,12,2,conv2,l2,0.05903589299180579,0
fedavg-mnist-iid-reference-seed7-20261004,12,2,conv2,max_abs,0.007454320788383484,0
fedavg-mnist-iid-reference-seed7-20261004,12,2,conv2,sparsity,0.0,0
fedavg-mnist-iid-reference-seed7-20261004,12,2,conv2,skewness,3.12722452182155,0
fedavg-mnist-iid-reference-seed7-20261004,12,2,conv2,kurtosis,15.959157593188898,0
fedavg-mnist-iid-reference-seed7-20261004,12,2,fc1,mean,1.3193004140813822e-05,0
fedavg-mnist-iid-reference-seed7-20261004,12,2,fc1,std,0.0005301903461793904,0
fedavg-mnist-iid-reference-seed7-20261004,12,2,fc1,median,0.0,0
fedavg-mnist-iid-reference-seed7-20261004,12,2,fc1,min,-0.008237313479185104,0
fedavg-mnist-iid-reference-seed7-20261004,12,2,fc1,max,0.00851284060627222,0
fedavg-mnist-iid-reference-seed7-20261004,12,2,fc1,l1,22.08572254010528,0
fedavg-mnist-iid-reference-seed7-20261004,12,2,fc1,l2,0.16806128825866118,0
fedavg-mnist-iid-reference-seed7-20261004,12,2,fc1,max_abs,0.00851284060627222,0
fedavg-mnist-iid-reference-seed7-20261004,12,2,fc1,sparsity,0.14536528043339708,0
fedavg-mnist-iid-reference-seed7-20261004,12,2,fc1,skewness,0.27137022939630545,0
fedavg-mnist-iid-reference-seed7-20261004,12,2,fc1,kurtosis,28.633709622086023,0
fedavg-mnist-iid-reference-seed7-20261004,12,2,output,mean,1.3969838619232177e-10,0
fedavg-mnist-iid-reference-seed7-20261004,12,2,output,std,0.0036164688814177234,0
fedavg-mnist-iid-reference-seed7-20261004,12,2,output,median,-1.4808028936386108e-07,0
fedavg-mnist-iid-reference-seed7-20261004,12,2,output,min,-0.010294532403349876,0
fedavg-mnist-iid-reference-seed7-20261004,12,2,output,max,0.024488814175128937,0
fedavg-mnist-iid-reference-seed7-20261004,12,2,output,l1,1.3059636214748025,0
fedavg-mnist-iid-reference-seed7-20261004,12,2,output,l2,0.09220222698325028,0
fedavg-mnist-iid-reference-seed7-20261004,12,2,output,max_abs,0.024488814175128937,0
fedavg-mnist-iid-reference-seed7-20261004,12,2,output,sparsity,0.12461538461538461,0
fedavg-mnist-iid-reference-seed7-20261004,12,2,output,skewness,2.120050998049006,0
fedavg-mnist-iid-reference-seed7-20261004,12,2,output,kurtosis,10.384469985386591,0
fedavg-mnist-iid-reference-seed7-20261004,12,3,conv1,mean,0.002273709065048024,0
fedavg-mnist-iid-reference-seed7-20261004,12,3,conv1,std,0.0030734921337180515,0
fedavg-mnist-iid-reference-seed7-20261004,12,3,conv1,median,0.001092810183763504,0
fedavg-mnist-iid-reference-seed7-20261004,12,3,conv1,min,-0.0009504780173301697,0
fedavg-mnist-iid-reference-seed7-20261004,12,3,conv1,max,0.013141721487045288,0
fedavg-mnist-iid-reference-seed7-20261004,12,3,conv1,l1,0.38188557513058186,0
fedavg-mnist-iid-reference-seed7-20261004,12,3,conv1,l2,0.048358836724649704,0
fedavg-mnist-iid-reference-seed7-20261004,12,3,conv1,max_abs,0.013141721487045288,0
fedavg-mnist-iid-reference-seed7-20261004,12,3,conv1,sparsity,0.0,0
fedavg-mnist-iid-reference-seed7-20261004,12,3,conv1,skewness,1.6905368192111798,0
fedavg-mnist-iid-reference-seed7-20261004,12,3,conv1,kurtosis,2.654238017814059,0
fedavg-mnist-iid-reference-seed7-20261004,12,3,conv2,mean,0.00027081586351712384,0
fedavg-mnist-iid-reference-seed7-20261004,12,3,conv2,std,0.0007982242984852077,0
fedavg-mnist-iid-reference-seed7-20261004,12,3,conv2,median,2.5974586606025696e-05,0
fedavg-mnist-iid-reference-seed7-20261004,12,3,conv2,min,-0.003474608063697815,0
fedavg-mnist-iid-reference-seed7-20261004,12,3,conv2,max,0.008318528532981873,0
fedavg-mnist-iid-reference-seed7-20261004,12,3,conv2,l1,1.9928560988228128,0
fedavg-mnist-iid-reference-seed7-20261004,12,3,conv2,l2,0.05741720246214313,0
fedavg-mnist-iid-reference-seed7-20261004,12,3,conv2,max_abs,0.008318528532981873,0
fedavg-mnist-iid-reference-seed7-20261004,12,3,conv2,sparsity,0.0,0
fedavg-mnist-iid-reference-seed7-20261004,12,3,conv2,skewness,3.104036942790812,0
fedavg-mnist-iid-reference-seed7-20261004,12,3,conv2,kurtosis,16.576519818598996,0
fedavg-mnist-iid-reference-seed7-20261004,12,3,fc1,mean,4.695055221617021e-05,0
fedavg-mnist-iid-reference-seed7-20261004,12,3,fc1,std,0.0005442662024139795,0
fedavg-mnist-iid-reference-seed7-20261004,12,3,fc1,median,0.0,0
fedavg-mnist-iid-reference-seed7-20261004,12,3,fc1,min,-0.008809518069028854,0
fedavg-mnist-iid-reference-seed7-20261004,12,3,fc1,max,0.007792919874191284,0
fedavg-mnist-iid-reference-seed7-20261004,12,3,fc1,l1,23.90718709406775,0
fedavg-mnist-iid-reference-seed7-20261004,12,3,fc1,l2,0.1731102314901876,0
fedavg-mnist-iid-reference-seed7-20261004,12,3,fc1,max_abs,0.008809518069028854,0
fedavg-mnist-iid-reference-seed7-20261004,12,3,fc1,sparsity,0.1191941523263225,0
fedavg-mnist-iid-reference-seed7-20261004,12,3,fc1,skewness,0.32479197520370084,0
fedavg-mnist-iid-reference-seed7-20261004,12,3,fc1,kurtosis,26.694045137544325,0
fedavg-mnist-iid-reference-seed7-20261004,12,3,output,mean,2.7894902114684764e-10,0
fedavg-mnist-iid-reference-seed7-20261004,12,3,output,std,0.003822787732937855,0
fedavg-mnist-iid-reference-seed7-20261004,12,3,output,median,-1.6205012798309326e-07,0
fedavg-mnist-iid-reference-seed7-20261004,12,3,output,min,-0.019342511892318726,0
fedavg-mnist-iid-reference-seed7-20261004,12,3,output,max,0.020247846841812134,0
fedavg-mnist-iid-reference-seed7-20261004,12,3,output,l1,1.5123004644992761,0
fedavg-mnist-iid-reference-seed7-20261004,12,3,output,l2,0.09746234623286651,0
fedavg-mnist-iid-reference-seed7-20261004,12,3,output,max_abs,0.020247846841812134,0
fedavg-mnist-iid-reference-seed7-20261004,12,3,output,sparsity,0.09692307692307692,0
fedavg-mnist-iid-reference-seed7-20261004,12,3,output,skewness,0.38693281631618515,0
fedavg-mnist-iid-reference-seed7-20261004,12,3,output,kurtosis,4.234287437095441,0
fedavg-mnist-iid-reference-seed7-20261004,12,4,conv1,mean,0.0026768767173052767,0
fedavg-mnist-iid-reference-seed7-20261004,12,4,conv1,std,0.0033395139259652577,0
fedavg-mnist-iid-reference-seed7-20261004,12,4,conv1,median,0.0014099255204200745,0
fedavg-mnist-iid-reference-seed7-20261004,12,4,conv1,min,-0.0012170374393463135,0
fedavg-mnist-iid-reference-seed7-20261004,12,4,conv1,max,0.013836830854415894,0
fedavg-mnist-iid-reference-seed7-20261004,12,4,conv1,l1,0.4413646257016808,0
fedavg-mnist-iid-reference-seed7-20261004,12,4,conv1,l2,0.05413763529577842,0
fedavg-mnist-iid-reference-seed7-20261004,12,4,conv1,max_abs,0.013836830854415894,0
fedavg-mnist-iid-reference-seed7-20261004,12,4,conv1,sparsity,0.0,0
fedavg-mnist-iid-reference-seed7-20261004,12,4,conv1,skewness,1.462301394300269,0
fedavg-mnist-iid-reference-seed7-20261004,12,4,conv1,kurtosis,1.6390782332765221,0
fedavg-mnist-iid-reference-seed7-20261004,12,4,conv2,mean,0.000313609989557492,0
fedavg-mnist-iid-reference-seed7-20261004,12,4,conv2,std,0.0007943753101235697,0
fedavg-mnist-iid-reference-seed7-20261004,12,4,conv2,median,4.9277208745479584e-05,0
fedavg-mnist-iid-reference-seed7-20261004,12,4,conv2,min,-0.00299709290266037,0
fedavg-mnist-iid-reference-seed7-20261004,12,4,conv2,max,0.00817067176103592,0
fedavg-mnist-iid-reference-seed7-20261004,12,4,conv2,l1,1.988711012461863,0
fedavg-mnist-iid-reference-seed7-20261004,12,4,conv2,l2,0.058175070135089116,0
fedavg-mnist-iid-reference-seed7-20261004,12,4,conv2,max_abs,0.00817067176103592,0
fedavg-mnist-iid-reference-seed7-20261004,12,4,conv2,sparsity,0.0,0
fedavg-mnist-iid-reference-seed7-20261004,12,4,conv2,skewness,3.1452124047736016,0
fedavg-mnist-iid-reference-seed7-20261004,12,4,conv2,kurtosis,15.83614533700495,0
fedavg-mnist-iid-reference-seed7-20261004,12,4,fc1,mean,5.486558670618884e-06,0
fedavg-mnist-iid-reference-seed7-20261004,12,4,fc1,std,0.00038917283875367873,0
fedavg-mnist-iid-reference-seed7-20261004,12,4,fc1,median,0.0,0
fedavg-mnist-iid-reference-seed7-20261004,12,4,fc1,min,-0.00607183575630188,0
fedavg-mnist-iid-reference-seed7-20261004,12,4,fc1,max,0.00648767314851284,0
fedavg-mnist-iid-reference-seed7-20261004,12,4,fc1,l1,16.982359487242206,0
fedavg-mnist-iid-reference-seed7-20261004,12,4,fc1,l2,0.12333522645568927,0
fedavg-mnist-iid-reference-seed7-20261004,12,4,fc1,max_abs,0.00648767314851284,0
fedavg-mnist-iid-reference-seed7-20261004,12,4,fc1,sparsity,0.1159974506054812,0
fedavg-mnist-iid-reference-seed7-20261004,12,4,fc1,skewness,1.197497936168961,0
fedavg-mnist-iid-reference-seed7-20261004,12,4,fc1,kurtosis,29.760639005592083,0
fedavg-mnist-iid-reference-seed7-20261004,12,4,output,mean,-1.1766902529276335e-10,0
fedavg-mnist-iid-reference-seed7-20261004,12,4,output,std,0.002799186931639885,0
fedavg-mnist-iid-reference-seed7-20261004,12,4,output,median,-5.252659320831299e-07,0
fedavg-mnist-iid-reference-seed7-20261004,12,4,output,min,-0.007659360766410828,0
fedavg-mnist-iid-reference-seed7-20261004,12,4,output,max,0.01297450065612793,0
fedavg-mnist-iid-reference-seed7-20261004,12,4,output,l1,1.1415471591753885,0
fedavg-mnist-iid-reference-seed7-20261004,12,4,output,l2,0.07136554393312851,0
fedavg-mnist-iid-reference-seed7-20261004,12,4,output,max_abs,0.01297450065612793,0
fedavg-mnist-iid-reference-seed7-20261004,12,4,output,sparsity,0.09538461538461539,0
fedavg-mnist-iid-reference-seed7-20261004,12,4,output,skewness,0.9840834796741088,0
fedavg-mnist-iid-reference-seed7-20261004,12,4,output,kurtosis,3.2011551209419196,0
fedavg-mnist-iid-reference-seed7-20261004,13,0,conv1,mean,0.0020485822285991164,0
fedavg-mnist-iid-reference-seed7-20261004,13,0,conv1,std,0.002608298252145633,0
fedavg-mnist-iid-reference-seed7-20261004,13,0,conv1,median,0.0011159218847751617,0
fedavg-mnist-iid-reference-seed7-20261004,13,0,conv1,min,-0.0008006840944290161,0
fedavg-mnist-iid-reference-seed7-20261004,13,0,conv1,max,0.011078089475631714,0
fedavg-mnist-iid-reference-seed7-20261004,13,0,conv1,l1,0.3390744812786579,0
fedavg-mnist-iid-reference-seed7-20261004,13,0,conv1,l2,0.04195218024270603,0
fedavg-mnist-iid-reference-seed7-20261004,13,0,conv1,max_abs,0.011078089475631714,0
fedavg-mnist-iid-reference-seed7-20261004,13,0,conv1,sparsity,0.0,0
fedavg-mnist-iid-reference-seed7-20261004,13,0,conv1,skewness,1.502420768166185,0
fedavg-mnist-iid-reference-seed7-20261004,13,0,conv1,kurtosis,1.812116429114857,0
fedavg-mnist-iid-reference-seed7-20261004,13,0,conv2,mean,0.0002263156284133684,0
fedavg-mnist-iid-reference-seed7-20261004,13,0,conv2,std,0.0006284158999485003,0
fedavg-mnist-iid-reference-seed7-20261004,13,0,conv2,median,3.205984830856323e-05,0
fedavg-mnist-iid-reference-seed7-20261004,13,0,conv2,min,-0.0021117962896823883,0
fedavg-mnist-iid-reference-seed7-20261004,13,0,conv2,max,0.005936868488788605,0
fedavg-mnist-iid-reference-seed7-20261004,13,0,conv2,l1,1.6348021365629393,0
fedavg-mnist-iid-reference-seed7-20261004,13,0,conv2,l2,0.045497488110346346,0
fedavg-mnist-iid-reference-seed7-20261004,13,0,conv2,max_abs,0.005936868488788605,0
fedavg-mnist-iid-reference-seed7-20261004,13,0,conv2,sparsity,0.0,0
fedavg-mnist-iid-reference-seed7-20261004,13,0,conv2,skewness,2.8473190092551914,0
fedavg-mnist-iid-reference-seed7-20261004,13,0,conv2,kurtosis,13.60628371367428,0
fedavg-mnist-iid-reference-seed7-20261004,13,0,fc1,mean,-3.6770813143963294e-06,0
fedavg-mnist-iid-reference-seed7-20261004,13,0,fc1,std,0.00043714885007008317,0
fedavg-mnist-iid-reference-seed7-20261004,13,0,fc1,median,0.0,0
fedavg-mnist-iid-reference-seed7-20261004,13,0,fc1,min,-0.006512455642223358,0
fedavg-mnist-iid-reference-seed7-20261004,13,0,fc1,max,0.005971841514110565,0
fedavg-mnist-iid-reference-seed7-20261004,13,0,fc1,l1,19.182732812700877,0
fedavg-mnist-iid-reference-seed7-20261004,13,0,fc1,l2,0.138530742659835,0
fedavg-mnist-iid-reference-seed7-20261004,13,0,fc1,max_abs,0.006512455642223358,0
fedavg-mnist-iid-reference-seed7-20261004,13,0,fc1,sparsity,0.13150294773741236,0
fedavg-mnist-iid-reference-seed7-20261004,13,0,fc1,skewness,-0.37807140181841703,0
fedavg-mnist-iid-reference-seed7-20261004,13,0,fc1,kurtosis,25.986078516443055,0
fedavg-mnist-iid-reference-seed7-20261004,13,0,output,mean,4.5885546849324154e-10,0
fedavg-mnist-iid-reference-seed7-20261004,13,0,output,std,0.0028342824598150507,0
fedavg-mnist-iid-reference-seed7-20261004,13,0,output,median,-6.891787052154541e-08,0
fedavg-mnist-iid-reference-seed7-20261004,13,0,output,min,-0.0074133798480033875,0
fedavg-mnist-iid-reference-seed7-20261004,13,0,output,max,0.018383465707302094,0
fedavg-mnist-iid-reference-seed7-20261004,13,0,output,l1,1.131630843039602,0
fedavg-mnist-iid-reference-seed7-20261004,13,0,output,l2,0.07226030784815445,0
fedavg-mnist-iid-reference-seed7-20261004,13,0,output,max_abs,0.018383465707302094,0
fedavg-mnist-iid-reference-seed7-20261004,13,0,output,sparsity,0.11384615384615385,0
fedavg-mnist-iid-reference-seed7-20261004,13,0,output,skewness,1.186960439558202,0
fedavg-mnist-iid-reference-seed7-20261004,13,0,output,kurtosis,5.252079779470677,0
fedavg-mnist-iid-reference-seed7-20261004,13,1,conv1,mean,0.0017247306685021612,0
fedavg-mnist-iid-reference-seed7-20261004,13,1,conv1,std,0.002320796218770232,0
fedavg-mnist-iid-reference-seed7-20261004,13,1,conv1,median,0.0008687376976013184,0
fedavg-mnist-iid-reference-seed7-20261004,13,1,conv1,min,-0.000998377799987793,0
fedavg-mnist-iid-reference-seed7-20261004,13,1,conv1,max,0.010000914335250854,0
fedavg-mnist-iid-reference-seed7-20261004,13,1,conv1,l1,0.29595689626876265,0
fedavg-mnist-iid-reference-seed7-20261004,13,1,conv1,l2,0.036574944359066615,0
fedavg-mnist-iid-reference-seed7-20261004,13,1,conv1,max_abs,0.010000914335250854,0
fedavg-mnist-iid-reference-seed7-20261004,13,1,conv1,sparsity,0.0,0
fedavg-mnist-iid-reference-seed7-20261004,13,1,conv1,skewness,1.4977200233542665,0
fedavg-mnist-iid-reference-seed7-20261004,13,1,conv1,kurtosis,1.8292684302678461,0
fedavg-mnist-iid-reference-seed7-20261004,13,1,conv2,mean,0.00021755716228387333,0
fedavg-mnist-iid-reference-seed7-20261004,13,1,conv2,std,0.0006008185993117816,0
fedavg-mnist-iid-reference-seed7-20261004,13,1,conv2,median,3.8078054785728455e-05,0
fedavg-mnist-iid-reference-seed7-20261004,13,1,conv2,min,-0.002662237733602524,0
fedavg-mnist-iid-reference-seed7-20261004,13,1,conv2,max,0.0057970136404037476,0
fedavg-mnist-iid-reference-seed7-20261004,13,1,conv2,l1,1.581793439869216,0
fedavg-mnist-iid-reference-seed7-20261004,13,1,conv2,l2,0.04352674421283448,0
fedavg-mnist-iid-reference-seed7-20261004,13,1,conv2,max_abs,0.0057970136404037476,0
fedavg-mnist-iid-reference-seed7-20261004,13,1,conv2,sparsity,0.00021551724137931034,0
fedavg-mnist-iid-reference-seed7-20261004,13,1,conv2,skewness,2.6072335234113186,0
fedavg-mnist-iid-reference-seed7-20261004,13,1,conv2,kurtosis,11.768325245705007,0
fedavg-mnist-iid-reference-seed7-20261004,13,1,fc1,mean,2.8838937288864303e-06,0
fedavg-mnist-iid-reference-seed7-20261004,13,1,fc1,std,0.0004500975701320423,0
fedavg-mnist-iid-reference-seed7-20261004,13,1,fc1,median,0.0,0
fedavg-mnist-iid-reference-seed7-20261004,13,1,fc1,min,-0.005902320146560669,0
fedavg-mnist-iid-reference-seed7-20261004,13,1,fc1,max,0.006839023903012276,0
fedavg-mnist-iid-reference-seed7-20261004,13,1,fc1,l1,20.26286504465986,0
fedavg-mnist-iid-reference-seed7-20261004,13,1,fc1,l2,0.14263202284972773,0
fedavg-mnist-iid-reference-seed7-20261004,13,1,fc1,max_abs,0.006839023903012276,0
fedavg-mnist-iid-reference-seed7-20261004,13,1,fc1,sparsity,0.1315228648820905,0
fedavg-mnist-iid-reference-seed7-20261004,13,1,fc1,skewness,0.4693532148848386,0
fedavg-mnist-iid-reference-seed7-20261004,13,1,fc1,kurtosis,23.848899799758417,0
fedavg-mnist-iid-reference-seed7-20261004,13,1,output,mean,2.2172641295653123e-10,0
fedavg-mnist-iid-reference-seed7-20261004,13,1,output,std,0.0030261741984658834,0
fedavg-mnist-iid-reference-seed7-20261004,13,1,output,median,-1.5832483768463135e-07,0
fedavg-mnist-iid-reference-seed7-20261004,13,1,output,min,-0.009562641382217407,0
fedavg-mnist-iid-reference-seed7-20261004,13,1,output,max,0.01291416585445404,0
fedavg-mnist-iid-reference-seed7-20261004,13,1,output,l1,1.2327856689225882,0
fedavg-mnist-iid-reference-seed7-20261004,13,1,output,l2,0.07715260644754293,0
fedavg-mnist-iid-reference-seed7-20261004,13,1,output,max_abs,0.01291416585445404,0
fedavg-mnist-iid-reference-seed7-20261004,13,1,output,sparsity,0.11384615384615385,0
fedavg-mnist-iid-reference-seed7-20261004,13,1,output,skewness,0.7892199603288892,0
fedavg-mnist-iid-reference-seed7-20261004,13,1,output,kurtosis,3.2669999554001077,0
fedavg-mnist-iid-reference-seed7-20261004,13,2,conv1,mean,0.0022213363212358673,0
fedavg-mnist-iid-reference-seed7-20261004,13,2,conv1,std,0.0028082621636437563,0
fedavg-mnist-iid-reference-seed7-20261004,13,2,conv1,median,0.0012457258999347687,0
fedavg-mnist-iid-reference-seed7-20261004,13,2,conv1,min,-0.0012625828385353088,0
fedavg-mnist-iid-reference-seed7-20261004,13,2,conv1,max,0.01179516315460205,0
fedavg-mnist-iid-reference-seed7-20261004,13,2,conv1,l1,0.3707363532157615,0
fedavg-mnist-iid-reference-seed7-20261004,13,2,conv1,l2,0.045291361528299955,0
fedavg-mnist-iid-reference-seed7-20261004,13,2,conv1,max_abs,0.01179516315460205,0
fedavg-mnist-iid-reference-seed7-20261004,13,2,conv1,sparsity,0.0,0
fedavg-mnist-iid-reference-seed7-20261004,13,2,conv1,skewness,1.4297559767389925,0
fedavg-mnist-iid-reference-seed7-20261004,13,2,conv1,kurtosis,1.5453564502879154,0
fedavg-mnist-iid-reference-seed7-20261004,13,2,conv2,mean,0.00021965353955653787,0
fedavg-mnist-iid-reference-seed7-20261004,13,2,conv2,std,0.0006911788734752373,0
fedavg-mnist-iid-reference-seed7-20261004,13,2,conv2,median,2.2877007722854614e-05,0
fedavg-mnist-iid-reference-seed7-20261004,13,2,conv2,min,-0.0032752379775047302,0
fedavg-mnist-iid-reference-seed7-20261004,13,2,conv2,max,0.006059855222702026,0
fedavg-mnist-iid-reference-seed7-20261004,13,2,conv2,l1,1.7313933043315046,0
fedavg-mnist-iid-reference-seed7-20261004,13,2,conv2,l2,0.049401702747606906,0
fedavg-mnist-iid-reference-seed7-20261004,13,2,conv2,max_abs,0.006059855222702026,0
fedavg-mnist-iid-reference-seed7-20261004,13,2,conv2,sparsity,0.0,0
fedavg-mnist-iid-reference-seed7-20261004,13,2,conv2,skewness,2.8560174954854602,0
fedavg-mnist-iid-reference-seed7-20261004,13,2,conv2,kurtosis,14.688899798990896,0
fedavg-mnist-iid-reference-seed7-20261004,13,2,fc1,mean,6.470441409661082e-06,0
fedavg-mnist-iid-reference-seed7-20261004,13,2,fc1,std,0.0004956577437492728,0
fedavg-mnist-iid-reference-seed7-20261004,13,2,fc1,median,0.0,0
fedavg-mnist-iid-reference-seed7-20261004,13,2,fc1,min,-0.007745131850242615,0
fedavg-mnist-iid-reference-seed7-20261004,13,2,fc1,max,0.007946329191327095,0
fedavg-mnist-iid-reference-seed7-20261004,13,2,fc1,l1,20.49220870672994,0
fedavg-mnist-iid-reference-seed7-20261004,13,2,fc1,l2,0.15707980594823331,0
fedavg-mnist-iid-reference-seed7-20261004,13,2,fc1,max_abs,0.007946329191327095,0
fedavg-mnist-iid-reference-seed7-20261004,13,2,fc1,sparsity,0.145215901848311,0
fedavg-mnist-iid-reference-seed7-20261004,13,2,fc1,skewness,0.12741339499553966,0
fedavg-mnist-iid-reference-seed7-20261004,13,2,fc1,kurtosis,29.59830294929683,0
fedavg-mnist-iid-reference-seed7-20261004,13,2,output,mean,-1.289523564852201e-10,0
fedavg-mnist-iid-reference-seed7-20261004,13,2,output,std,0.0033866224354997666,0
fedavg-mnist-iid-reference-seed7-20261004,13,2,output,median,-1.1548399925231934e-07,0
fedavg-mnist-iid-reference-seed7-20261004,13,2,output,min,-0.009394287131726742,0
fedavg-mnist-iid-reference-seed7-20261004,13,2,output,max,0.0240953266620636,0
fedavg-mnist-iid-reference-seed7-20261004,13,2,output,l1,1.188648337032646,0
fedavg-mnist-iid-reference-seed7-20261004,13,2,output,l2,0.08634226941892222,0
fedavg-mnist-iid-reference-seed7-20261004,13,2,output,max_abs,0.0240953266620636,0
fedavg-mnist-iid-reference-seed7-20261004,13,2,output,sparsity,0.1276923076923077,0
fedavg-mnist-iid-reference-seed7-20261004,13,2,output,skewness,2.3341750725363966,0
fedavg-mnist-iid-reference-seed7-20261004,13,2,output,kurtosis,12.062608629478703,0
fedavg-mnist-iid-reference-seed7-20261004,13,3,conv1,mean,0.0018119584907253738,0
fedavg-mnist-iid-reference-seed7-20261004,13,3,conv1,std,0.0025528286612880235,0
fedavg-mnist-iid-reference-seed7-20261004,13,3,conv1,median,0.0008226931095123291,0
fedavg-mnist-iid-reference-seed7-20261004,13,3,conv1,min,-0.0009715110063552856,0
fedavg-mnist-iid-reference-seed7-20261004,13,3,conv1,max,0.010892808437347412,0
fedavg-mnist-iid-reference-seed7-20261004,13,3,conv1,l1,0.31000406050588936,0
fedavg-mnist-iid-reference-seed7-20261004,13,3,conv1,l2,0.03959823783151039,0
fedavg-mnist-iid-reference-seed7-20261004,13,3,conv1,max_abs,0.010892808437347412,0
fedavg-mnist-iid-reference-seed7-20261004,13,3,conv1,sparsity,0.0,0
fedavg-mnist-iid-reference-seed7-20261004,13,3,conv1,skewness,1.7174908195974568,0
fedavg-mnist-iid-reference-seed7-20261004,13,3,conv1,kurtosis,2.778503562037498,0
fedavg-mnist-iid-reference-seed7-20261004,13,3,conv2,mean,0.00020153631474950715,0
fedavg-mnist-iid-reference-seed7-20261004,13,3,conv2,std,0.0006869208379380459,0
fedavg-mnist-iid-reference-seed7-20261004,13,3,conv2,median,1.7052574548870325e-05,0
fedavg-mnist-iid-reference-seed7-20261004,13,3,conv2,min,-0.003658771514892578,0
fedavg-mnist-iid-reference-seed7-20261004,13,3,conv2,max,0.006804727017879486,0
fedavg-mnist-iid-reference-seed7-20261004,13,3,conv2,l1,1.7350034886185313,0
fedavg-mnist-iid-reference-seed7-20261004,13,3,conv2,l2,0.04876365300333152,0
fedavg-mnist-iid-reference-seed7-20261004,13,3,conv2,max_abs,0.006804727017879486,0
fedavg-mnist-iid-reference-seed7-20261004,13,3,conv2,sparsity,0.0004310344827586207,0
fedavg-mnist-iid-reference-seed7-20261004,13,3,conv2,skewness,2.7501877296131325,0
fedavg-mnist-iid-reference-seed7-20261004,13,3,conv2,kurtosis,14.77249542817313,0
fedavg-mnist-iid-reference-seed7-20261004,13,3,fc1,mean,3.811823908120886e-05,0
fedavg-mnist-iid-reference-seed7-20261004,13,3,fc1,std,0.0005492514142591768,0
fedavg-mnist-iid-reference-seed7-20261004,13,3,fc1,median,0.0,0
fedavg-mnist-iid-reference-seed7-20261004,13,3,fc1,min,-0.009108512662351131,0
fedavg-mnist-iid-reference-seed7-20261004,13,3,fc1,max,0.008152008056640625,0
fedavg-mnist-iid-reference-seed7-20261004,13,3,fc1,l1,23.96607293050249,0
fedavg-mnist-iid-reference-seed7-20261004,13,3,fc1,l2,0.1744680880561881,0
fedavg-mnist-iid-reference-seed7-20261004,13,3,fc1,max_abs,0.009108512662351131,0
fedavg-mnist-iid-reference-seed7-20261004,13,3,fc1,sparsity,0.11809870936902486,0
fedavg-mnist-iid-reference-seed7-20261004,13,3,fc1,skewness,0.01675919940066909,0
fedavg-mnist-iid-reference-seed7-20261004,13,3,fc1,kurtosis,28.093085270853745,0
fedavg-mnist-iid-reference-seed7-20261004,13,3,output,mean,1.9342853472783016e-10,0
fedavg-mnist-iid-reference-seed7-20261004,13,3,output,std,0.003913791482189187,0
fedavg-mnist-iid-reference-seed7-20261004,13,3,output,median,-6.030313670635223e-08,0
fedavg-mnist-iid-reference-seed7-20261004,13,3,output,min,-0.02147652953863144,0
fedavg-mnist-iid-reference-seed7-20261004,13,3,output,max,0.020624443888664246,0
fedavg-mnist-iid-reference-seed7-20261004,13,3,output,l1,1.5072958851233125,0
fedavg-mnist-iid-reference-seed7-20261004,13,3,output,l2,0.09978249569907957,0
fedavg-mnist-iid-reference-seed7-20261004,13,3,output,max_abs,0.02147652953863144,0
fedavg-mnist-iid-reference-seed7-20261004,13,3,output,sparsity,0.09692307692307692,0
fedavg-mnist-iid-reference-seed7-20261004,13,3,output,skewness,0.195974076896642,0
fedavg-mnist-iid-reference-seed7-20261004,13,3,output,kurtosis,4.781734891912942,0
fedavg-mnist-iid-reference-seed7-20261004,13,4,conv1,mean,0.002233158451417694,0
fedavg-mnist-iid-reference-seed7-20261004,13,4,conv1,std,0.0027784047524964796,0
fedavg-mnist-iid-reference-seed7-20261004,13,4,conv1,median,0.0011953338980674744,0
fedavg-mnist-iid-reference-seed7-20261004,13,4,conv1,min,-0.0011229217052459717,0
fedavg-mnist-iid-reference-seed7-20261004,13,4,conv1,max,0.011590242385864258,0
fedavg-mnist-iid-reference-seed7-20261004,13,4,conv1,l1,0.3688572036335245,0
fedavg-mnist-iid-reference-seed7-20261004,13,4,conv1,l2,0.045089297422485165,0
fedavg-mnist-iid-reference-seed7-20261004,13,4,conv1,max_abs,0.011590242385864258,0
fedavg-mnist-iid-reference-seed7-20261004,13,4,conv1,sparsity,0.0,0
fedavg-mnist-iid-reference-seed7-20261004,13,4,conv1,skewness,1.4435705566129722,0
fedavg-mnist-iid-reference-seed7-20261004,13,4,conv1,kurtosis,1.5956831356544363,0
fedavg-mnist-iid-reference-seed7-20261004,13,4,conv2,mean,0.00024788282475332504,0
fedavg-mnist-iid-reference-seed7-20261004,13,4,conv2,std,0.0006666886495004447,0
fedavg-mnist-iid-reference-seed7-20261004,13,4,conv2,median,3.771483898162842e-05,0
fedavg-mnist-iid-reference-seed7-20261004,13,4,conv2,min,-0.002841819077730179,0
fedavg-mnist-iid-reference-seed7-20261004,13,4,conv2,max,0.0065446048974990845,0
fedavg-mnist-iid-reference-seed7-20261004,13,4,conv2,l1,1.6833213477912068,0
fedavg-mnist-iid-reference-seed7-20261004,13,4,conv2,l2,0.04845066745502195,0
fedavg-mnist-iid-reference-seed7-20261004,13,4,conv2,max_abs,0.0065446048974990845,0
fedavg-mnist-iid-reference-seed7-20261004,13,4,conv2,sparsity,0.0,0
fedavg-mnist-iid-reference-seed7-20261004,13,4,conv2,skewness,2.9202591762044485,0
fedavg-mnist-iid-reference-seed7-20261004,13,4,conv2,kurtosis,14.307117789087094,0
fedavg-mnist-iid-reference-seed7-20261004,13,4,fc1,mean,3.340460014823487e-06,0
fedavg-mnist-iid-reference-seed7-20261004,13,4,fc1,std,0.00035080992218967087,0
fedavg-mnist-iid-reference-seed7-20261004,13,4,fc1,median,0.0,0
fedavg-mnist-iid-reference-seed7-20261004,13,4,fc1,min,-0.004775617271661758,0
fedavg-mnist-iid-reference-seed7-20261004,13,4,fc1,max,0.005962003022432327,0
fedavg-mnist-iid-reference-seed7-20261004,13,4,fc1,l1,15.389880435184153,0
fedavg-mnist-iid-reference-seed7-20261004,13,4,fc1,l2,0.11117138472744759,0
fedavg-mnist-iid-reference-seed7-20261004,13,4,fc1,max_abs,0.005962003022432327,0
fedavg-mnist-iid-reference-seed7-20261004,13,4,fc1,sparsity,0.11503146908859146,0
fedavg-mnist-iid-reference-seed7-20261004,13,4,fc1,skewness,1.356455729499636,0
fedavg-mnist-iid-reference-seed7-20261004,13,4,fc1,kurtosis,29.584771329760017,0
fedavg-mnist-iid-reference-seed7-20261004,13,4,output,mean,3.5999199518790614e-11,0
fedavg-mnist-iid-reference-seed7-20261004,13,4,output,std,0.0025085880984880692,0
fedavg-mnist-iid-reference-seed7-20261004,13,4,output,median,-2.2817403078079224e-07,0
fedavg-mnist-iid-reference-seed7-20261004,13,4,output,min,-0.0071622952818870544,0
fedavg-mnist-iid-reference-seed7-20261004,13,4,output,max,0.011752620339393616,0
fedavg-mnist-iid-reference-seed7-20261004,13,4,output,l1,1.0182043694658205,0
fedavg-mnist-iid-reference-seed7-20261004,13,4,output,l2,0.06395669832878642,0
fedavg-mnist-iid-reference-seed7-20261004,13,4,output,max_abs,0.011752620339393616,0
fedavg-mnist-iid-reference-seed7-20261004,13,4,output,sparsity,0.09692307692307692,0
fedavg-mnist-iid-reference-seed7-20261004,13,4,output,skewness,0.9420930071671857,0
fedavg-mnist-iid-reference-seed7-20261004,13,4,output,kurtosis,3.175533413035332,0
fedavg-mnist-iid-reference-seed7-20261004,14,0,conv1,mean,0.0017224635572347323,0
fedavg-mnist-iid-reference-seed7-20261004,14,0,conv1,std,0.0022027256489318046,0
fedavg-mnist-iid-reference-seed7-20261004,14,0,conv1,median,0.0008923821151256561,0
fedavg-mnist-iid-reference-seed7-20261004,14,0,conv1,min,-0.0007331594824790955,0
fedavg-mnist-iid-reference-seed7-20261004,14,0,conv1,max,0.009457260370254517,0
fedavg-mnist-iid-reference-seed7-20261004,14,0,conv1,l1,0.2863758652238175,0
fedavg-mnist-iid-reference-seed7-20261004,14,0,conv1,l2,0.03536977464551058,0
fedavg-mnist-iid-reference-seed7-20261004,14,0,conv1,max_abs,0.009457260370254517,0
fedavg-mnist-iid-reference-seed7-20261004,14,0,conv1,sparsity,0.0,0
fedavg-mnist-iid-reference-seed7-20261004,14,0,conv1,skewness,1.4874223915628388,0
fedavg-mnist-iid-reference-seed7-20261004,14,0,conv1,kurtosis,1.772679425358274,0
fedavg-mnist-iid-reference-seed7-20261004,14,0,conv2,mean,0.00017940100891368713,0
fedavg-mnist-iid-reference-seed7-20261004,14,0,conv2,std,0.0005409342290976221,0
fedavg-mnist-iid-reference-seed7-20261004,14,0,conv2,median,2.3838132619857788e-05,0
fedavg-mnist-iid-reference-seed7-20261004,14,0,conv2,min,-0.002148214727640152,0
fedavg-mnist-iid-reference-seed7-20261004,14,0,conv2,max,0.004764437675476074,0
fedavg-mnist-iid-reference-seed7-20261004,14,0,conv2,l1,1.4295808815622877,0
fedavg-mnist-iid-reference-seed7-20261004,14,0,conv2,l2,0.03882070025963352,0
fedavg-mnist-iid-reference-seed7-20261004,14,0,conv2,max_abs,0.004764437675476074,0
fedavg-mnist-iid-reference-seed7-20261004,14,0,conv2,sparsity,0.0,0
fedavg-mnist-iid-reference-seed7-20261004,14,0,conv2,skewness,2.554575856253517,0
fedavg-mnist-iid-reference-seed7-20261004,14,0,conv2,kurtosis,11.80479793524264,0
fedavg-mnist-iid-reference-seed7-20261004,14,0,fc1,mean,-4.477714589587918e-06,0
fedavg-mnist-iid-reference-seed7-20261004,14,0,fc1,std,0.0004319445351564794,0
fedavg-mnist-iid-reference-seed7-20261004,14,0,fc1,median,0.0,0
fedavg-mnist-iid-reference-seed7-20261004,14,0,fc1,min,-0.006491299718618393,0
fedavg-mnist-iid-reference-seed7-20261004,14,0,fc1,max,0.0058112964034080505,0
fedavg-mnist-iid-reference-seed7-20261004,14,0,fc1,l1,18.786279474268554,0
fedavg-mnist-iid-reference-seed7-20261004,14,0,fc1,l2,0.13688402802592842,0
fedavg-mnist-iid-reference-seed7-20261004,14,0,fc1,max_abs,0.006491299718618393,0
fedavg-mnist-iid-reference-seed7-20261004,14,0,fc1,sparsity,0.13068634480560867,0
fedavg-mnist-iid-reference-seed7-20261004,14,0,fc1,skewness,-0.5579311056053771,0
fedavg-mnist-iid-reference-seed7-20261004,14,0,fc1,kurtosis,26.801761488650012,0
fedavg-mnist-iid-reference-seed7-20261004,14,0,output,mean,-2.283531312759106e-10,0
fedavg-mnist-iid-reference-seed7-20261004,14,0,output,std,0.0027348835914164905,0
fedavg-mnist-iid-reference-seed7-20261004,14,0,output,median,-5.9138983488082886e-08,0
fedavg-mnist-iid-reference-seed7-20261004,14,0,output,min,-0.007961645722389221,0
fedavg-mnist-iid-reference-seed7-20261004,14,0,output,max,0.017881758511066437,0
fedavg-mnist-iid-reference-seed7-20261004,14,0,output,l1,1.0848049580818042,0
fedavg-mnist-iid-reference-seed7-20261004,14,0,output,l2,0.06972612400018725,0
fedavg-mnist-iid-reference-seed7-20261004,14,0,output,max_abs,0.017881758511066437,0
fedavg-mnist-iid-reference-seed7-20261004,14,0,output,sparsity,0.1123076923076923,0
fedavg-mnist-iid-reference-seed7-20261004,14,0,output,skewness,1.2865683401993455,0
fedavg-mnist-iid-reference-seed7-20261004,14,0,output,kurtosis,5.588716901166913,0
fedavg-mnist-iid-reference-seed7-20261004,14,1,conv1,mean,0.001370616279746173,0
fedavg-mnist-iid-reference-seed7-20261004,14,1,conv1,std,0.0018925901310748812,0
fedavg-mnist-iid-reference-seed7-20261004,14,1,conv1,median,0.0006961151957511902,0
fedavg-mnist-iid-reference-seed7-20261004,14,1,conv1,min,-0.0009882301092147827,0
fedavg-mnist-iid-reference-seed7-20261004,14,1,conv1,max,0.008227020502090454,0
fedavg-mnist-iid-reference-seed7-20261004,14,1,conv1,l1,0.24059468728955835,0
fedavg-mnist-iid-reference-seed7-20261004,14,1,conv1,l2,0.029558041587486206,0
fedavg-mnist-iid-reference-seed7-20261004,14,1,conv1,max_abs,0.008227020502090454,0
fedavg-mnist-iid-reference-seed7-20261004,14,1,conv1,sparsity,0.0,0
fedavg-mnist-iid-reference-seed7-20261004,14,1,conv1,skewness,1.470733561677731,0
fedavg-mnist-iid-reference-seed7-20261004,14,1,conv1,kurtosis,1.7640801713975396,0
fedavg-mnist-iid-reference-seed7-20261004,14,1,conv2,mean,0.00016565774762652993,0
fedavg-mnist-iid-reference-seed7-20261004,14,1,conv2,std,0.0005169823789170108,0
fedavg-mnist-iid-reference-seed7-20261004,14,1,conv2,median,2.7445144951343536e-05,0
fedavg-mnist-iid-reference-seed7-20261004,14,1,conv2,min,-0.002306383103132248,0
fedavg-mnist-iid-reference-seed7-20261004,14,1,conv2,max,0.00463046133518219,0
fedavg-mnist-iid-reference-seed7-20261004,14,1,conv2,l1,1.3770509458336164,0
fedavg-mnist-iid-reference-seed7-20261004,14,1,conv2,l2,0.0369793127341701,0
fedavg-mnist-iid-reference-seed7-20261004,14,1,conv2,max_abs,0.00463046133518219,0
fedavg-mnist-iid-reference-seed7-20261004,14,1,conv2,sparsity,0.000646551724137931,0
fedavg-mnist-iid-reference-seed7-20261004,14,1,conv2,skewness,2.3134971301414993,0
fedavg-mnist-iid-reference-seed7-20261004,14,1,conv2,kurtosis,10.486348495944233,0
fedavg-mnist-iid-reference-seed7-20261004,14,1,fc1,mean,-4.1449482772594475e-06,0
fedavg-mnist-iid-reference-seed7-20261004,14,1,fc1,std,0.00045558244923367825,0
fedavg-mnist-iid-reference-seed7-20261004,14,1,fc1,median,0.0,0
fedavg-mnist-iid-reference-seed7-20261004,14,1,fc1,min,-0.005749659612774849,0
fedavg-mnist-iid-reference-seed7-20261004,14,1,fc1,max,0.006788656115531921,0
fedavg-mnist-iid-reference-seed7-20261004,14,1,fc1,l1,20.359755079841648,0
fedavg-mnist-iid-reference-seed7-20261004,14,1,fc1,l2,0.14437314516500133,0
fedavg-mnist-iid-reference-seed7-20261004,14,1,fc1,max_abs,0.006788656115531921,0
fedavg-mnist-iid-reference-seed7-20261004,14,1,fc1,sparsity,0.1307759719566603,0
fedavg-mnist-iid-reference-seed7-20261004,14,1,fc1,skewness,0.23864414038592688,0
fedavg-mnist-iid-reference-seed7-20261004,14,1,fc1,kurtosis,23.734015868419743,0
fedavg-mnist-iid-reference-seed7-20261004,14,1,output,mean,3.725290298461914e-11,0
fedavg-mnist-iid-reference-seed7-20261004,14,1,output,std,0.002976169684932251,0
fedavg-mnist-iid-reference-seed7-20261004,14,1,output,median,-9.12696123123169e-08,0
fedavg-mnist-iid-reference-seed7-20261004,14,1,output,min,-0.010374501347541809,0
fedavg-mnist-iid-reference-seed7-20261004,14,1,output,max,0.013154789805412292,0
fedavg-mnist-iid-reference-seed7-20261004,14,1,output,l1,1.187495947116986,0
fedavg-mnist-iid-reference-seed7-20261004,14,1,output,l2,0.0758777364961642,0
fedavg-mnist-iid-reference-seed7-20261004,14,1,output,max_abs,0.013154789805412292,0
fedavg-mnist-iid-reference-seed7-20261004,14,1,output,sparsity,0.11538461538461539,0
fedavg-mnist-iid-reference-seed7-20261004,14,1,output,skewness,0.855021623494469,0
fedavg-mnist-iid-reference-seed7-20261004,14,1,output,kurtosis,4.071957112173288,0
fedavg-mnist-iid-reference-seed7-20261004,14,2,conv1,mean,0.0018555504328105598,0
fedavg-mnist-iid-reference-seed7-20261004,14,2,conv1,std,0.0023560697536086344,0
fedavg-mnist-iid-reference-seed7-20261004,14,2,conv1,median,0.0010363627225160599,0
fedavg-mnist-iid-reference-seed7-20261004,14,2,conv1,min,-0.0012029781937599182,0
fedavg-mnist-iid-reference-seed7-20261004,14,2,conv1,max,0.010033905506134033,0
fedavg-mnist-iid-reference-seed7-20261004,14,2,conv1,l1,0.31178637128323317,0
fedavg-mnist-iid-reference-seed7-20261004,14,2,conv1,l2,0.0379349592699355,0
fedavg-mnist-iid-reference-seed7-20261004,14,2,conv1,max_abs,0.010033905506134033,0
fedavg-mnist-iid-reference-seed7-20261004,14,2,conv1,sparsity,0.0,0
fedavg-mnist-iid-reference-seed7-20261004,14,2,conv1,skewness,1.4117404035278731,0
fedavg-mnist-iid-reference-seed7-20261004,14,2,conv1,kurtosis,1.5286918624995902,0
fedavg-mnist-iid-reference-seed7-20261004,14,2,conv2,mean,0.00016461470243970763,0
fedavg-mnist-iid-reference-seed7-20261004,14,2,conv2,std,0.0005934339684742459,0
fedavg-mnist-iid-reference-seed7-20261004,14,2,conv2,median,1.3042706996202469e-05,0
fedavg-mnist-iid-reference-seed7-20261004,14,2,conv2,min,-0.0032394900918006897,0
fedavg-mnist-iid-reference-seed7-20261004,14,2,conv2,max,0.005051374435424805,0
fedavg-mnist-iid-reference-seed7-20261004,14,2,conv2,l1,1.4953248510682897,0
fedavg-mnist-iid-reference-seed7-20261004,14,2,conv2,l2,0.04194967343044046,0
fedavg-mnist-iid-reference-seed7-20261004,14,2,conv2,max_abs,0.005051374435424805,0
fedavg-mnist-iid-reference-seed7-20261004,14,2,conv2,sparsity,0.0,0
fedavg-mnist-iid-reference-seed7-20261004,14,2,conv2,skewness,2.5464713882979706,0
fedavg-mnist-iid-reference-seed7-20261004,14,2,conv2,kurtosis,13.569113699162529,0
fedavg-mnist-iid-reference-seed7-20261004,14,2,fc1,mean,5.685167459333789e-06,0
fedavg-mnist-iid-reference-seed7-20261004,14,2,fc1,std,0.00046543421603391035,0
fedavg-mnist-iid-reference-seed7-20261004,14,2,fc1,median,0.0,0
fedavg-mnist-iid-reference-seed7-20261004,14,2,fc1,min,-0.007103383541107178,0
fedavg-mnist-iid-reference-seed7-20261004,14,2,fc1,max,0.007274500094354153,0
fedavg-mnist-iid-reference-seed7-20261004,14,2,fc1,l1,19.25362647406135,0
fedavg-mnist-iid-reference-seed7-20261004,14,2,fc1,l2,0.14750004804045708,0
fedavg-mnist-iid-reference-seed7-20261004,14,2,fc1,max_abs,0.007274500094354153,0
fedavg-mnist-iid-reference-seed7-20261004,14,2,fc1,sparsity,0.1446980560866794,0
fedavg-mnist-iid-reference-seed7-20261004,14,2,fc1,skewness,0.16485246516708085,0
fedavg-mnist-iid-reference-seed7-20261004,14,2,fc1,kurtosis,28.834012681117223,0
fedavg-mnist-iid-reference-seed7-20261004,14,2,output,mean,8.543093617145831e-11,0
fedavg-mnist-iid-reference-seed7-20261004,14,2,output,std,0.003128421445520817,0
fedavg-mnist-iid-reference-seed7-20261004,14,2,output,median,-1.0244548320770264e-07,0
fedavg-mnist-iid-reference-seed7-20261004,14,2,output,min,-0.009236782789230347,0
fedavg-mnist-iid-reference-seed7-20261004,14,2,output,max,0.02303674817085266,0
fedavg-mnist-iid-reference-seed7-20261004,14,2,output,l1,1.0855484168278053,0
fedavg-mnist-iid-reference-seed7-20261004,14,2,output,l2,0.079759409987264,0
fedavg-mnist-iid-reference-seed7-20261004,14,2,output,max_abs,0.02303674817085266,0
fedavg-mnist-iid-reference-seed7-20261004,14,2,output,sparsity,0.1276923076923077,0
fedavg-mnist-iid-reference-seed7-20261004,14,2,output,skewness,2.454075180708934,0
fedavg-mnist-iid-reference-seed7-20261004,14,2,output,kurtosis,13.126788332487497,0
fedavg-mnist-iid-reference-seed7-20261004,14,3,conv1,mean,0.0014952361823816318,0
fedavg-mnist-iid-reference-seed7-20261004,14,3,conv1,std,0.0021606825893841393,0
fedavg-mnist-iid-reference-seed7-20261004,14,3,conv1,median,0.0007308050990104675,0
fedavg-mnist-iid-reference-seed7-20261004,14,3,conv1,min,-0.0009405463933944702,0
fedavg-mnist-iid-reference-seed7-20261004,14,3,conv1,max,0.009344726800918579,0
fedavg-mnist-iid-reference-seed7-20261004,14,3,conv1,l1,0.2595918505685404,0
fedavg-mnist-iid-reference-seed7-20261004,14,3,conv1,l2,0.03323680007021361,0
fedavg-mnist-iid-reference-seed7-20261004,14,3,conv1,max_abs,0.009344726800918579,0
fedavg-mnist-iid-reference-seed7-20261004,14,3,conv1,sparsity,0.0,0
fedavg-mnist-iid-reference-seed7-20261004,14,3,conv1,skewness,1.7030854317564812,0
fedavg-mnist-iid-reference-seed7-20261004,14,3,conv1,kurtosis,2.7365523392119657,0
fedavg-mnist-iid-reference-seed7-20261004,14,3,conv2,mean,0.0001560117578217865,0
fedavg-mnist-iid-reference-seed7-20261004,14,3,conv2,std,0.0006060688671068776,0
fedavg-mnist-iid-reference-seed7-20261004,14,3,conv2,median,1.1091120541095734e-05,0
fedavg-mnist-iid-reference-seed7-20261004,14,3,conv2,min,-0.0037595704197883606,0
fedavg-mnist-iid-reference-seed7-20261004,14,3,conv2,max,0.0056645870208740234,0
fedavg-mnist-iid-reference-seed7-20261004,14,3,conv2,l1,1.5546865405412973,0
fedavg-mnist-iid-reference-seed7-20261004,14,3,conv2,l2,0.04262978314256994,0
fedavg-mnist-iid-reference-seed7-20261004,14,3,conv2,max_abs,0.0056645870208740234,0
fedavg-mnist-iid-reference-seed7-20261004,14,3,conv2,sparsity,0.0004310344827586207,0
fedavg-mnist-iid-reference-seed7-20261004,14,3,conv2,skewness,2.382723913770047,0
fedavg-mnist-iid-reference-seed7-20261004,14,3,conv2,kurtosis,13.194573545714341,0
fedavg-mnist-iid-reference-seed7-20261004,14,3,fc1,mean,3.105634102205305e-05,0
fedavg-mnist-iid-reference-seed7-20261004,14,3,fc1,std,0.0005496536829281282,0
fedavg-mnist-iid-reference-seed7-20261004,14,3,fc1,median,0.0,0
fedavg-mnist-iid-reference-seed7-20261004,14,3,fc1,min,-0.009179837070405483,0
fedavg-mnist-iid-reference-seed7-20261004,14,3,fc1,max,0.008348630741238594,0
fedavg-mnist-iid-reference-seed7-20261004,14,3,fc1,l1,23.86789544105477,0
fedavg-mnist-iid-reference-seed7-20261004,14,3,fc1,l2,0.1744547206385731,0
fedavg-mnist-iid-reference-seed7-20261004,14,3,fc1,max_abs,0.009179837070405483,0
fedavg-mnist-iid-reference-seed7-20261004,14,3,fc1,sparsity,0.11844725940089229,0
fedavg-mnist-iid-reference-seed7-20261004,14,3,fc1,skewness,-0.10886081980816403,0
fedavg-mnist-iid-reference-seed7-20261004,14,3,fc1,kurtosis,28.592786071973883,0
fedavg-mnist-iid-reference-seed7-20261004,14,3,output,mean,6.779849242705566e-10,0
fedavg-mnist-iid-reference-seed7-20261004,14,3,output,std,0.0039294003495701875,0
fedavg-mnist-iid-reference-seed7-20261004,14,3,output,median,-3.5390257835388184e-08,0
fedavg-mnist-iid-reference-seed7-20261004,14,3,output,min,-0.02265121042728424,0
fedavg-mnist-iid-reference-seed7-20261004,14,3,output,max,0.020521074533462524,0
fedavg-mnist-iid-reference-seed7-20261004,14,3,output,l1,1.485812452796381,0
fedavg-mnist-iid-reference-seed7-20261004,14,3,output,l2,0.10018044529588498,0
fedavg-mnist-iid-reference-seed7-20261004,14,3,output,max_abs,0.02265121042728424,0
fedavg-mnist-iid-reference-seed7-20261004,14,3,output,sparsity,0.09538461538461539,0
fedavg-mnist-iid-reference-seed7-20261004,14,3,output,skewness,0.03648633525645862,0
fedavg-mnist-iid-reference-seed7-20261004,14,3,output,kurtosis,5.143168028300906,0
fedavg-mnist-iid-reference-seed7-20261004,14,4,conv1,mean,0.0019005842434125953,0
fedavg-mnist-iid-reference-seed7-20261004,14,4,conv1,std,0.002353735631501558,0
fedavg-mnist-iid-reference-seed7-20261004,14,4,conv1,median,0.001027621328830719,0
fedavg-mnist-iid-reference-seed7-20261004,14,4,conv1,min,-0.0010509490966796875,0
fedavg-mnist-iid-reference-seed7-20261004,14,4,conv1,max,0.009789228439331055,0
fedavg-mnist-iid-reference-seed7-20261004,14,4,conv1,l1,0.3143498736899346,0
fedavg-mnist-iid-reference-seed7-20261004,14,4,conv1,l2,0.03826704459831361,0
fedavg-mnist-iid-reference-seed7-20261004,14,4,conv1,max_abs,0.009789228439331055,0
fedavg-mnist-iid-reference-seed7-20261004,14,4,conv1,sparsity,0.0,0
fedavg-mnist-iid-reference-seed7-20261004,14,4,conv1,skewness,1.412687742697763,0
fedavg-mnist-iid-reference-seed7-20261004,14,4,conv1,kurtosis,1.498514868557165,0
fedavg-mnist-iid-reference-seed7-20261004,14,4,conv2,mean,0.00020183646155021113,0
fedavg-mnist-iid-reference-seed7-20261004,14,4,conv2,std,0.0005720797205902237,0
fedavg-mnist-iid-reference-seed7-20261004,14,4,conv2,median,3.08062881231308e-05,0
fedavg-mnist-iid-reference-seed7-20261004,14,4,conv2,min,-0.002740629017353058,0
fedavg-mnist-iid-reference-seed7-20261004,14,4,conv2,max,0.00533139705657959,0
fedavg-mnist-iid-reference-seed7-20261004,14,4,conv2,l1,1.4666506643516186,0
fedavg-mnist-iid-reference-seed7-20261004,14,4,conv2,l2,0.04132288809602592,0
fedavg-mnist-iid-reference-seed7-20261004,14,4,conv2,max_abs,0.00533139705657959,0
fedavg-mnist-iid-reference-seed7-20261004,14,4,conv2,sparsity,0.00021551724137931034,0
fedavg-mnist-iid-reference-seed7-20261004,14,4,conv2,skewness,2.662211397437989,0
fedavg-mnist-iid-reference-seed7-20261004,14,4,conv2,kurtosis,12.849035956314303,0
fedavg-mnist-iid-reference-seed7-20261004,14,4,fc1,mean,1.2520192650921667e-06,0
fedavg-mnist-iid-reference-seed7-20261004,14,4,fc1,std,0.00031771878560071836,0
fedavg-mnist-iid-reference-seed7-20261004,14,4,fc1,median,0.0,0
fedavg-mnist-iid-reference-seed7-20261004,14,4,fc1,min,-0.004378765821456909,0
fedavg-mnist-iid-reference-seed7-20261004,14,4,fc1,max,0.005462018772959709,0
fedavg-mnist-iid-reference-seed7-20261004,14,4,fc1,l1,14.012717006109824,0
fedavg-mnist-iid-reference-seed7-20261004,14,4,fc1,l2,0.10068104734259714,0
fedavg-mnist-iid-reference-seed7-20261004,14,4,fc1,max_abs,0.005462018772959709,0
fedavg-mnist-iid-reference-seed7-20261004,14,4,fc1,sparsity,0.11408540471637986,0
fedavg-mnist-iid-reference-seed7-20261004,14,4,fc1,skewness,1.3495542490419272,0
fedavg-mnist-iid-reference-seed7-20261004,14,4,fc1,kurtosis,29.482101090083496,0
fedavg-mnist-iid-reference-seed7-20261004,14,4,output,mean,1.1498251786598792e-10,0
fedavg-mnist-iid-reference-seed7-20261004,14,4,output,std,0.00224408756054192,0
fedavg-mnist-iid-reference-seed7-20261004,14,4,output,median,-2.0675361156463623e-07,0
fedavg-mnist-iid-reference-seed7-20261004,14,4,output,min,-0.0064220130443573,0
fedavg-mnist-iid-reference-seed7-20261004,14,4,output,max,0.01045447587966919,0
fedavg-mnist-iid-reference-seed7-20261004,14,4,output,l1,0.9099264277610928,0
fedavg-mnist-iid-reference-seed7-20261004,14,4,output,l2,0.05721323130707047,0
fedavg-mnist-iid-reference-seed7-20261004,14,4,output,max_abs,0.01045447587966919,0
fedavg-mnist-iid-reference-seed7-20261004,14,4,output,sparsity,0.1076923076923077,0
fedavg-mnist-iid-reference-seed7-20261004,14,4,output,skewness,0.8703969227870586,0
fedavg-mnist-iid-reference-seed7-20261004,14,4,output,kurtosis,3.0799176049311363,0
fedavg-mnist-iid-reference-seed7-20261004,15,0,conv1,mean,0.001487302085297415,0
fedavg-mnist-iid-reference-seed7-20261004,15,0,conv1,std,0.001898264688308636,0
fedavg-mnist-iid-reference-seed7-20261004,15,0,conv1,median,0.0007966607809066772,0
fedavg-mnist-iid-reference-seed7-20261004,15,0,conv1,min,-0.0006921440362930298,0
fedavg-mnist-iid-reference-seed7-20261004,15,0,conv1,max,0.00826185941696167,0
fedavg-mnist-iid-reference-seed7-20261004,15,0,conv1,l1,0.24779244943056256,0
fedavg-mnist-iid-reference-seed7-20261004,15,0,conv1,l2,0.03050370815441171,0
fedavg-mnist-iid-reference-seed7-20261004,15,0,conv1,max_abs,0.00826185941696167,0
fedavg-mnist-iid-reference-seed7-20261004,15,0,conv1,sparsity,0.0,0
fedavg-mnist-iid-reference-seed7-20261004,15,0,conv1,skewness,1.4696086228973997,0
fedavg-mnist-iid-reference-seed7-20261004,15,0,conv1,kurtosis,1.7383408328460206,0
fedavg-mnist-iid-reference-seed7-20261004,15,0,conv2,mean,0.00014149213580853467,0
fedavg-mnist-iid-reference-seed7-20261004,15,0,conv2,std,0.0004809903476938402,0
fedavg-mnist-iid-reference-seed7-20261004,15,0,conv2,median,1.539476215839386e-05,0
fedavg-mnist-iid-reference-seed7-20261004,15,0,conv2,min,-0.002186983823776245,0
fedavg-mnist-iid-reference-seed7-20261004,15,0,conv2,max,0.004168212413787842,0
fedavg-mnist-iid-reference-seed7-20261004,15,0,conv2,l1,1.2815405960936914,0
fedavg-mnist-iid-reference-seed7-20261004,15,0,conv2,l2,0.0341520844061706,0
fedavg-mnist-iid-reference-seed7-20261004,15,0,conv2,max_abs,0.004168212413787842,0
fedavg-mnist-iid-reference-seed7-20261004,15,0,conv2,sparsity,0.0,0
fedavg-mnist-iid-reference-seed7-20261004,15,0,conv2,skewness,2.278542252863811,0
fedavg-mnist-iid-reference-seed7-20261004,15,0,conv2,kurtosis,10.45495154567626,0
fedavg-mnist-iid-reference-seed7-20261004,15,0,fc1,mean,-7.737152603082368e-06,0
fedavg-mnist-iid-reference-seed7-20261004,15,0,fc1,std,0.0004245882101897889,0
fedavg-mnist-iid-reference-seed7-20261004,15,0,fc1,median,0.0,0
fedavg-mnist-iid-reference-seed7-20261004,15,0,fc1,min,-0.006382923573255539,0
fedavg-mnist-iid-reference-seed7-20261004,15,0,fc1,max,0.005563020706176758,0
fedavg-mnist-iid-reference-seed7-20261004,15,0,fc1,l1,18.357408875185797,0
fedavg-mnist-iid-reference-seed7-20261004,15,0,fc1,l2,0.134567903086696,0
fedavg-mnist-iid-reference-seed7-20261004,15,0,fc1,max_abs,0.006382923573255539,0
fedavg-mnist-iid-reference-seed7-20261004,15,0,fc1,sparsity,0.13084568196303378,0
fedavg-mnist-iid-reference-seed7-20261004,15,0,fc1,skewness,-0.782372627729918,0
fedavg-mnist-iid-reference-seed7-20261004,15,0,fc1,kurtosis,27.478650918433754,0
fedavg-mnist-iid-reference-seed7-20261004,15,0,output,mean,5.10167760344652e-10,0
fedavg-mnist-iid-reference-seed7-20261004,15,0,output,std,0.002632870682595794,0
fedavg-mnist-iid-reference-seed7-20261004,15,0,output,median,-1.4994293451309204e-07,0
fedavg-mnist-iid-reference-seed7-20261004,15,0,output,min,-0.00801154226064682,0
fedavg-mnist-iid-reference-seed7-20261004,15,0,output,max,0.017399273812770844,0
fedavg-mnist-iid-reference-seed7-20261004,15,0,output,l1,1.0377123861690052,0
fedavg-mnist-iid-reference-seed7-20261004,15,0,output,l2,0.0671252949366128,0
fedavg-mnist-iid-reference-seed7-20261004,15,0,output,max_abs,0.017399273812770844,0
fedavg-mnist-iid-reference-seed7-20261004,15,0,output,sparsity,0.12307692307692308,0
fedavg-mnist-iid-reference-seed7-20261004,15,0,output,skewness,1.3855175222200704,0
fedavg-mnist-iid-reference-seed7-20261004,15,0,output,kurtosis,5.929182759157275,0
fedavg-mnist-iid-reference-seed7-20261004,15,1,conv1,mean,0.0011282330335234292,0
fedavg-mnist-iid-reference-seed7-20261004,15,1,conv1,std,0.0015929584003537577,0
fedavg-mnist-iid-reference-seed7-20261004,15,1,conv1,median,0.0005885250866413116,0
fedavg-mnist-iid-reference-seed7-20261004,15,1,conv1,min,-0.000984787940979004,0
fedavg-mnist-iid-reference-seed7-20261004,15,1,conv1,max,0.0069412291049957275,0
fedavg-mnist-iid-reference-seed7-20261004,15,1,conv1,l1,0.20263080042786896,0
fedavg-mnist-iid-reference-seed7-20261004,15,1,conv1,l2,0.02469146004007404,0
fedavg-mnist-iid-reference-seed7-20261004,15,1,conv1,max_abs,0.0069412291049957275,0
fedavg-mnist-iid-reference-seed7-20261004,15,1,conv1,sparsity,0.0,0
fedavg-mnist-iid-reference-seed7-20261004,15,1,conv1,skewness,1.4211176120315396,0
fedavg-mnist-iid-reference-seed7-20261004,15,1,conv1,kurtosis,1.6277480200263037,0
fedavg-mnist-iid-reference-seed7-20261004,15,1,conv2,mean,0.0001304447657213163,0
fedavg-mnist-iid-reference-seed7-20261004,15,1,conv2,std,0.0004617752102114062,0
fedavg-mnist-iid-reference-seed7-20261004,15,1,conv2,median,1.9844621419906616e-05,0
fedavg-mnist-iid-reference-seed7-20261004,15,1,conv2,min,-0.002336464822292328,0
fedavg-mnist-iid-reference-seed7-20261004,15,1,conv2,max,0.003849238157272339,0
fedavg-mnist-iid-reference-seed7-20261004,15,1,conv2,l1,1.241075231344439,0
fedavg-mnist-iid-reference-seed7-20261004,15,1,conv2,l2,0.03268593157534647,0
fedavg-mnist-iid-reference-seed7-20261004,15,1,conv2,max_abs,0.003849238157272339,0
fedavg-mnist-iid-reference-seed7-20261004,15,1,conv2,sparsity,0.0004310344827586207,0
fedavg-mnist-iid-reference-seed7-20261004,15,1,conv2,skewness,2.0826448887501607,0
fedavg-mnist-iid-reference-seed7-20261004,15,1,conv2,kurtosis,10.001733052393227,0
fedavg-mnist-iid-reference-seed7-20261004,15,1,fc1,mean,-1.3942677571940295e-05,0
fedavg-mnist-iid-reference-seed7-20261004,15,1,fc1,std,0.0004624592710229052,0
fedavg-mnist-iid-reference-seed7-20261004,15,1,fc1,median,0.0,0
fedavg-mnist-iid-reference-seed7-20261004,15,1,fc1,min,-0.005725335329771042,0
fedavg-mnist-iid-reference-seed7-20261004,15,1,fc1,max,0.006788041442632675,0
fedavg-mnist-iid-reference-seed7-20261004,15,1,fc1,l1,20.64535032778815,0
fedavg-mnist-iid-reference-seed7-20261004,15,1,fc1,l2,0.14661291811824143,0
fedavg-mnist-iid-reference-seed7-20261004,15,1,fc1,max_abs,0.006788041442632675,0
fedavg-mnist-iid-reference-seed7-20261004,15,1,fc1,sparsity,0.10522227533460803,0
fedavg-mnist-iid-reference-seed7-20261004,15,1,fc1,skewness,0.014385333745235972,0
fedavg-mnist-iid-reference-seed7-20261004,15,1,fc1,kurtosis,23.600872353046082,0
fedavg-mnist-iid-reference-seed7-20261004,15,1,output,mean,-4.4488562987400935e-10,0
fedavg-mnist-iid-reference-seed7-20261004,15,1,output,std,0.002938642973843743,0
fedavg-mnist-iid-reference-seed7-20261004,15,1,output,median,-1.257285475730896e-07,0
fedavg-mnist-iid-reference-seed7-20261004,15,1,output,min,-0.010788604617118835,0
fedavg-mnist-iid-reference-seed7-20261004,15,1,output,max,0.013481158763170242,0
fedavg-mnist-iid-reference-seed7-20261004,15,1,output,l1,1.1466864546528086,0
fedavg-mnist-iid-reference-seed7-20261004,15,1,output,l2,0.07492098933555875,0
fedavg-mnist-iid-reference-seed7-20261004,15,1,output,max_abs,0.013481158763170242,0
fedavg-mnist-iid-reference-seed7-20261004,15,1,output,sparsity,0.09692307692307692,0
fedavg-mnist-iid-reference-seed7-20261004,15,1,output,skewness,0.9672169813606032,0
fedavg-mnist-iid-reference-seed7-20261004,15,1,output,kurtosis,4.982964349052706,0
fedavg-mnist-iid-reference-seed7-20261004,15,2,conv1,mean,0.0015638798249710817,0
fedavg-mnist-iid-reference-seed7-20261004,15,2,conv1,std,0.002000916458870935,0
fedavg-mnist-iid-reference-seed7-20261004,15,2,conv1,median,0.0008774548768997192,0
fedavg-mnist-iid-reference-seed7-20261004,15,2,conv1,min,-0.0011731535196304321,0
fedavg-mnist-iid-reference-seed7-20261004,15,2,conv1,max,0.008544474840164185,0
fedavg-mnist-iid-reference-seed7-20261004,15,2,conv1,l1,0.26485055696684867,0
fedavg-mnist-iid-reference-seed7-20261004,15,2,conv1,l2,0.032123229681542756,0
fedavg-mnist-iid-reference-seed7-20261004,15,2,conv1,max_abs,0.008544474840164185,0
fedavg-mnist-iid-reference-seed7-20261004,15,2,conv1,sparsity,0.0,0
fedavg-mnist-iid-reference-seed7-20261004,15,2,conv1,skewness,1.3810561221345632,0
fedavg-mnist-iid-reference-seed7-20261004,15,2,conv1,kurtosis,1.462800996397565,0
fedavg-mnist-iid-reference-seed7-20261004,15,2,conv2,mean,0.00012671730698049692,0
fedavg-mnist-iid-reference-seed7-20261004,15,2,conv2,std,0.0005193154798974705,0
fedavg-mnist-iid-reference-seed7-20261004,15,2,conv2,median,8.463975973427296e-06,0
fedavg-mnist-iid-reference-seed7-20261004,15,2,conv2,min,-0.0032013505697250366,0
fedavg-mnist-iid-reference-seed7-20261004,15,2,conv2,max,0.004259169101715088,0
fedavg-mnist-iid-reference-seed7-20261004,15,2,conv2,l1,1.318437607420492,0
fedavg-mnist-iid-reference-seed7-20261004,15,2,conv2,l2,0.03641237034401657,0
fedavg-mnist-iid-reference-seed7-20261004,15,2,conv2,max_abs,0.004259169101715088,0
fedavg-mnist-iid-reference-seed7-20261004,15,2,conv2,sparsity,0.0,0
fedavg-mnist-iid-reference-seed7-20261004,15,2,conv2,skewness,2.16987643924496,0
fedavg-mnist-iid-reference-seed7-20261004,15,2,conv2,kurtosis,12.458185372983639,0
fedavg-mnist-iid-reference-seed7-20261004,15,2,fc1,mean,4.440040422551967e-06,0
fedavg-mnist-iid-reference-seed7-20261004,15,2,fc1,std,0.00043387858689987376,0
fedavg-mnist-iid-reference-seed7-20261004,15,2,fc1,median,0.0,0
fedavg-mnist-iid-reference-seed7-20261004,15,2,fc1,min,-0.006582051515579224,0
fedavg-mnist-iid-reference-seed7-20261004,15,2,fc1,max,0.00669630104675889,0
fedavg-mnist-iid-reference-seed7-20261004,15,2,fc1,l1,17.945517855300977,0
fedavg-mnist-iid-reference-seed7-20261004,15,2,fc1,l2,0.13749674423507002,0
fedavg-mnist-iid-reference-seed7-20261004,15,2,fc1,max_abs,0.00669630104675889,0
fedavg-mnist-iid-reference-seed7-20261004,15,2,fc1,sparsity,0.1316224506054812,0
fedavg-mnist-iid-reference-seed7-20261004,15,2,fc1,skewness,0.17881750605876465,0
fedavg-mnist-iid-reference-seed7-20261004,15,2,fc1,kurtosis,29.51689728115214,0
fedavg-mnist-iid-reference-seed7-20261004,15,2,output,mean,-1.3996703693499932e-10,0
fedavg-mnist-iid-reference-seed7-20261004,15,2,output,std,0.0029250135517580635,0
fedavg-mnist-iid-reference-seed7-20261004,15,2,output,median,-1.685693860054016e-07,0
fedavg-mnist-iid-reference-seed7-20261004,15,2,output,min,-0.008863016963005066,0
fedavg-mnist-iid-reference-seed7-20261004,15,2,output,max,0.022132962942123413,0
fedavg-mnist-iid-reference-seed7-20261004,15,2,output,l1,1.0086797342519276,0
fedavg-mnist-iid-reference-seed7-20261004,15,2,output,l2,0.07457350588968861,0
fedavg-mnist-iid-reference-seed7-20261004,15,2,output,max_abs,0.022132962942123413,0
fedavg-mnist-iid-reference-seed7-20261004,15,2,output,sparsity,0.12153846153846154,0
fedavg-mnist-iid-reference-seed7-20261004,15,2,output,skewness,2.553618927560072,0
fedavg-mnist-iid-reference-seed7-20261004,15,2,output,kurtosis,13.938553694477662,0
fedavg-mnist-iid-reference-seed7-20261004,15,3,conv1,mean,0.0012550703773740678,0
fedavg-mnist-iid-reference-seed7-20261004,15,3,conv1,std,0.001870689146739502,0
fedavg-mnist-iid-reference-seed7-20261004,15,3,conv1,median,0.0005387179553508759,0
fedavg-mnist-iid-reference-seed7-20261004,15,3,conv1,min,-0.0009793490171432495,0
fedavg-mnist-iid-reference-seed7-20261004,15,3,conv1,max,0.008112192153930664,0
fedavg-mnist-iid-reference-seed7-20261004,15,3,conv1,l1,0.22339046746492386,0
fedavg-mnist-iid-reference-seed7-20261004,15,3,conv1,l2,0.028494713996503565,0
fedavg-mnist-iid-reference-seed7-20261004,15,3,conv1,max_abs,0.008112192153930664,0
fedavg-mnist-iid-reference-seed7-20261004,15,3,conv1,sparsity,0.0,0
fedavg-mnist-iid-reference-seed7-20261004,15,3,conv1,skewness,1.653383164657018,0
fedavg-mnist-iid-reference-seed7-20261004,15,3,conv1,kurtosis,2.546377121134914,0
fedavg-mnist-iid-reference-seed7-20261004,15,3,conv2,mean,0.0001221858252659425,0
fedavg-mnist-iid-reference-seed7-20261004,15,3,conv2,std,0.0005491753149995596,0
fedavg-mnist-iid-reference-seed7-20261004,15,3,conv2,median,7.228925824165344e-06,0
fedavg-mnist-iid-reference-seed7-20261004,15,3,conv2,min,-0.0038031265139579773,0
fedavg-mnist-iid-reference-seed7-20261004,15,3,conv2,max,0.004925042390823364,0
fedavg-mnist-iid-reference-seed7-20261004,15,3,conv2,l1,1.4157656439565471,0
fedavg-mnist-iid-reference-seed7-20261004,15,3,conv2,l2,0.0383231818564644,0
fedavg-mnist-iid-reference-seed7-20261004,15,3,conv2,max_abs,0.004925042390823364,0
fedavg-mnist-iid-reference-seed7-20261004,15,3,conv2,sparsity,0.00021551724137931034,0
fedavg-mnist-iid-reference-seed7-20261004,15,3,conv2,skewness,2.0736743058047766,0
fedavg-mnist-iid-reference-seed7-20261004,15,3,conv2,kurtosis,12.133944496421321,0
fedavg-mnist-iid-reference-seed7-20261004,15,3,fc1,mean,3.133207046932121e-05,0
fedavg-mnist-iid-reference-seed7-20261004,15,3,fc1,std,0.0005488138110044019,0
fedavg-mnist-iid-reference-seed7-20261004,15,3,fc1,median,0.0,0
fedavg-mnist-iid-reference-seed7-20261004,15,3,fc1,min,-0.008905657567083836,0
fedavg-mnist-iid-reference-seed7-20261004,15,3,fc1,max,0.008237872272729874,0
fedavg-mnist-iid-reference-seed7-20261004,15,3,fc1,l1,23.92125362849106,0
fedavg-mnist-iid-reference-seed7-20261004,15,3,fc1,l2,0.17419396071846818,0
fedavg-mnist-iid-reference-seed7-20261004,15,3,fc1,max_abs,0.008905657567083836,0
fedavg-mnist-iid-reference-seed7-20261004,15,3,fc1,sparsity,0.11797920650095603,0
fedavg-mnist-iid-reference-seed7-20261004,15,3,fc1,skewness,-0.005371792117315342,0
fedavg-mnist-iid-reference-seed7-20261004,15,3,fc1,kurtosis,27.049876679276885,0
fedavg-mnist-iid-reference-seed7-20261004,15,3,output,mean,-2.7796396842369665e-10,0
fedavg-mnist-iid-reference-seed7-20261004,15,3,output,std,0.0038352436451906044,0
fedavg-mnist-iid-reference-seed7-20261004,15,3,output,median,-1.4901161193847656e-08,0
fedavg-mnist-iid-reference-seed7-20261004,15,3,output,min,-0.02247614413499832,0
fedavg-mnist-iid-reference-seed7-20261004,15,3,output,max,0.02014768123626709,0
fedavg-mnist-iid-reference-seed7-20261004,15,3,output,l1,1.4347082544118166,0
fedavg-mnist-iid-reference-seed7-20261004,15,3,output,l2,0.09777991093104835,0
fedavg-mnist-iid-reference-seed7-20261004,15,3,output,max_abs,0.02247614413499832,0
fedavg-mnist-iid-reference-seed7-20261004,15,3,output,sparsity,0.09692307692307692,0
fedavg-mnist-iid-reference-seed7-20261004,15,3,output,skewness,-0.00452097924155014,0
fedavg-mnist-iid-reference-seed7-20261004,15,3,output,kurtosis,5.312368479936342,0
fedavg-mnist-iid-reference-seed7-20261004,15,4,conv1,mean,0.0016317892812367063,0
fedavg-mnist-iid-reference-seed7-20261004,15,4,conv1,std,0.002026739992493468,0
fedavg-mnist-iid-reference-seed7-20261004,15,4,conv1,median,0.0008767619729042053,0
fedavg-mnist-iid-reference-seed7-20261004,15,4,conv1,min,-0.0009959638118743896,0
fedavg-mnist-iid-reference-seed7-20261004,15,4,conv1,max,0.008431881666183472,0
fedavg-mnist-iid-reference-seed7-20261004,15,4,conv1,l1,0.27065405424218625,0
fedavg-mnist-iid-reference-seed7-20261004,15,4,conv1,l2,0.032913003522696445,0
fedavg-mnist-iid-reference-seed7-20261004,15,4,conv1,max_abs,0.008431881666183472,0
fedavg-mnist-iid-reference-seed7-20261004,15,4,conv1,sparsity,0.0,0
fedavg-mnist-iid-reference-seed7-20261004,15,4,conv1,skewness,1.3963542132250708,0
fedavg-mnist-iid-reference-seed7-20261004,15,4,conv1,kurtosis,1.4597383315794517,0
fedavg-mnist-iid-reference-seed7-20261004,15,4,conv2,mean,0.0001656279436106004,0
fedavg-mnist-iid-reference-seed7-20261004,15,4,conv2,std,0.000499529175583781,0
fedavg-mnist-iid-reference-seed7-20261004,15,4,conv2,median,2.2345222532749176e-05,0
fedavg-mnist-iid-reference-seed7-20261004,15,4,conv2,min,-0.0026633888483047485,0
fedavg-mnist-iid-reference-seed7-20261004,15,4,conv2,max,0.004402771592140198,0
fedavg-mnist-iid-reference-seed7-20261004,15,4,conv2,l1,1.2907456401371746,0
fedavg-mnist-iid-reference-seed7-20261004,15,4,conv2,l2,0.03584834361798839,0
fedavg-mnist-iid-reference-seed7-20261004,15,4,conv2,max_abs,0.004402771592140198,0
fedavg-mnist-iid-reference-seed7-20261004,15,4,conv2,sparsity,0.0,0
fedavg-mnist-iid-reference-seed7-20261004,15,4,conv2,skewness,2.4163559802530457,0
fedavg-mnist-iid-reference-seed7-20261004,15,4,conv2,kurtosis,11.786823046500167,0
fedavg-mnist-iid-reference-seed7-20261004,15,4,fc1,mean,5.134684296121264e-07,0
fedavg-mnist-iid-reference-seed7-20261004,15,4,fc1,std,0.0002923420376824408,0
fedavg-mnist-iid-reference-seed7-20261004,15,4,fc1,median,0.0,0
fedavg-mnist-iid-reference-seed7-20261004,15,4,fc1,min,-0.003914192318916321,0
fedavg-mnist-iid-reference-seed7-20261004,15,4,fc1,max,0.004936674609780312,0
fedavg-mnist-iid-reference-seed7-20261004,15,4,fc1,l1,12.926316098442953,0
fedavg-mnist-iid-reference-seed7-20261004,15,4,fc1,l2,0.09263890188772632,0
fedavg-mnist-iid-reference-seed7-20261004,15,4,fc1,max_abs,0.004936674609780312,0
fedavg-mnist-iid-reference-seed7-20261004,15,4,fc1,sparsity,0.12642407584448692,0
fedavg-mnist-iid-reference-seed7-20261004,15,4,fc1,skewness,1.3836333973761115,0
fedavg-mnist-iid-reference-seed7-20261004,15,4,fc1,kurtosis,29.179372200793907,0
fedavg-mnist-iid-reference-seed7-20261004,15,4,output,mean,-4.692432972101065e-10,0
fedavg-mnist-iid-reference-seed7-20261004,15,4,output,std,0.0020055470370571892,0
fedavg-mnist-iid-reference-seed7-20261004,15,4,output,median,-1.210719347000122e-07,0
fedavg-mnist-iid-reference-seed7-20261004,15,4,output,min,-0.006142837926745415,0
fedavg-mnist-iid-reference-seed7-20261004,15,4,output,max,0.009315721690654755,0
fedavg-mnist-iid-reference-seed7-20261004,15,4,output,l1,0.8179960284614936,0
fedavg-mnist-iid-reference-seed7-20261004,15,4,output,l2,0.0511316173869154,0
fedavg-mnist-iid-reference-seed7-20261004,15,4,output,max_abs,0.009315721690654755,0
fedavg-mnist-iid-reference-seed7-20261004,15,4,output,sparsity,0.11384615384615385,0
fedavg-mnist-iid-reference-seed7-20261004,15,4,output,skewness,0.7394089453107162,0
fedavg-mnist-iid-reference-seed7-20261004,15,4,output,kurtosis,2.940649379179286,0
fedavg-mnist-iid-reference-seed7-20261004,16,0,conv1,mean,0.00129927610832965,0
fedavg-mnist-iid-reference-seed7-20261004,16,0,conv1,std,0.0016650304758475424,0
fedavg-mnist-iid-reference-seed7-20261004,16,0,conv1,median,0.0007134024053812027,0
fedavg-mnist-iid-reference-seed7-20261004,16,0,conv1,min,-0.0006757006049156189,0
fedavg-mnist-iid-reference-seed7-20261004,16,0,conv1,max,0.007339000701904297,0
fedavg-mnist-iid-reference-seed7-20261004,16,0,conv1,l1,0.2182125027757138,0
fedavg-mnist-iid-reference-seed7-20261004,16,0,conv1,l2,0.026714624882044916,0
fedavg-mnist-iid-reference-seed7-20261004,16,0,conv1,max_abs,0.007339000701904297,0
fedavg-mnist-iid-reference-seed7-20261004,16,0,conv1,sparsity,0.0,0
fedavg-mnist-iid-reference-seed7-20261004,16,0,conv1,skewness,1.4515584486080775,0
fedavg-mnist-iid-reference-seed7-20261004,16,0,conv1,kurtosis,1.7226887981195675,0
fedavg-mnist-iid-reference-seed7-20261004,16,0,conv2,mean,0.0001148700734292702,0
fedavg-mnist-iid-reference-seed7-20261004,16,0,conv2,std,0.00043730551135624525,0
fedavg-mnist-iid-reference-seed7-20261004,16,0,conv2,median,1.1540294508449733e-05,0
fedavg-mnist-iid-reference-seed7-20261004,16,0,conv2,min,-0.002140738070011139,0
fedavg-mnist-iid-reference-seed7-20261004,16,0,conv2,max,0.003686189651489258,0
fedavg-mnist-iid-reference-seed7-20261004,16,0,conv2,l1,1.1742104823861155,0
fedavg-mnist-iid-reference-seed7-20261004,16,0,conv2,l2,0.030798717056224532,0
fedavg-mnist-iid-reference-seed7-20261004,16,0,conv2,max_abs,0.003686189651489258,0
fedavg-mnist-iid-reference-seed7-20261004,16,0,conv2,sparsity,0.0,0
fedavg-mnist-iid-reference-seed7-20261004,16,0,conv2,skewness,2.0168781676896113,0
fedavg-mnist-iid-reference-seed7-20261004,16,0,conv2,kurtosis,9.446274057921865,0
fedavg-mnist-iid-reference-seed7-20261004,16,0,fc1,mean,-8.630229195840923e-06,0
fedavg-mnist-iid-reference-seed7-20261004,16,0,fc1,std,0.00041094991773068135,0
fedavg-mnist-iid-reference-seed7-20261004,16,0,fc1,median,0.0,0
fedavg-mnist-iid-reference-seed7-20261004,16,0,fc1,min,-0.006095200777053833,0
fedavg-mnist-iid-reference-seed7-20261004,16,0,fc1,max,0.0054178386926651,0
fedavg-mnist-iid-reference-seed7-20261004,16,0,fc1,l1,17.731661582342213,0
fedavg-mnist-iid-reference-seed7-20261004,16,0,fc1,l2,0.13025251079818004,0
fedavg-mnist-iid-reference-seed7-20261004,16,0,fc1,max_abs,0.006095200777053833,0
fedavg-mnist-iid-reference-seed7-20261004,16,0,fc1,sparsity,0.13060667622689612,0
fedavg-mnist-iid-reference-seed7-20261004,16,0,fc1,skewness,-0.9132233137892892,0
fedavg-mnist-iid-reference-seed7-20261004,16,0,fc1,kurtosis,27.585419279950184,0
fedavg-mnist-iid-reference-seed7-20261004,16,0,output,mean,2.7536701124448043e-10,0
fedavg-mnist-iid-reference-seed7-20261004,16,0,output,std,0.00251323873357275,0
fedavg-mnist-iid-reference-seed7-20261004,16,0,output,median,-8.009374141693115e-08,0
fedavg-mnist-iid-reference-seed7-20261004,16,0,output,min,-0.00801154226064682,0
fedavg-mnist-iid-reference-seed7-20261004,16,0,output,max,0.01679416000843048,0
fedavg-mnist-iid-reference-seed7-20261004,16,0,output,l1,0.9810307433945127,0
fedavg-mnist-iid-reference-seed7-20261004,16,0,output,l2,0.06407526672402374,0
fedavg-mnist-iid-reference-seed7-20261004,16,0,output,max_abs,0.01679416000843048,0
fedavg-mnist-iid-reference-seed7-20261004,16,0,output,sparsity,0.12153846153846154,0
fedavg-mnist-iid-reference-seed7-20261004,16,0,output,skewness,1.454407646022783,0
fedavg-mnist-iid-reference-seed7-20261004,16,0,output,kurtosis,6.285439102664512,0
fedavg-mnist-iid-reference-seed7-20261004,16,1,conv1,mean,0.0009385855642904062,0
fedavg-mnist-iid-reference-seed7-20261004,16,1,conv1,std,0.0013774722537133238,0
fedavg-mnist-iid-reference-seed7-20261004,16,1,conv1,median,0.00045928778126835823,0
fedavg-mnist-iid-reference-seed7-20261004,16,1,conv1,min,-0.0009972453117370605,0
fedavg-mnist-iid-reference-seed7-20261004,16,1,conv1,max,0.005991995334625244,0
fedavg-mnist-iid-reference-seed7-20261004,16,1,conv1,l1,0.173187872976996,0
fedavg-mnist-iid-reference-seed7-20261004,16,1,conv1,l2,0.021084108408920322,0
fedavg-mnist-iid-reference-seed7-20261004,16,1,conv1,max_abs,0.005991995334625244,0
fedavg-mnist-iid-reference-seed7-20261004,16,1,conv1,sparsity,0.0,0
fedavg-mnist-iid-reference-seed7-20261004,16,1,conv1,skewness,1.3966439674569697,0
fedavg-mnist-iid-reference-seed7-20261004,16,1,conv1,kurtosis,1.577852195127968,0
fedavg-mnist-iid-reference-seed7-20261004,16,1,conv2,mean,0.00010717452499757828,0
fedavg-mnist-iid-reference-seed7-20261004,16,1,conv2,std,0.0004229020950100659,0
fedavg-mnist-iid-reference-seed7-20261004,16,1,conv2,median,1.6143545508384705e-05,0
fedavg-mnist-iid-reference-seed7-20261004,16,1,conv2,min,-0.00222068652510643,0
fedavg-mnist-iid-reference-seed7-20261004,16,1,conv2,max,0.003697007894515991,0
fedavg-mnist-iid-reference-seed7-20261004,16,1,conv2,l1,1.1413869741882081,0
fedavg-mnist-iid-reference-seed7-20261004,16,1,conv2,l2,0.02971772336474898,0
fedavg-mnist-iid-reference-seed7-20261004,16,1,conv2,max_abs,0.003697007894515991,0
fedavg-mnist-iid-reference-seed7-20261004,16,1,conv2,sparsity,0.0004310344827586207,0
fedavg-mnist-iid-reference-seed7-20261004,16,1,conv2,skewness,1.9242927757469523,0
fedavg-mnist-iid-reference-seed7-20261004,16,1,conv2,kurtosis,9.784016944630373,0
fedavg-mnist-iid-reference-seed7-20261004,16,1,fc1,mean,-1.2036154029808652e-05,0
fedavg-mnist-iid-reference-seed7-20261004,16,1,fc1,std,0.00046369660404595533,0
fedavg-mnist-iid-reference-seed7-20261004,16,1,fc1,median,0.0,0
fedavg-mnist-iid-reference-seed7-20261004,16,1,fc1,min,-0.005805470049381256,0
fedavg-mnist-iid-reference-seed7-20261004,16,1,fc1,max,0.006735671311616898,0
fedavg-mnist-iid-reference-seed7-20261004,16,1,fc1,l1,20.447277149090496,0
fedavg-mnist-iid-reference-seed7-20261004,16,1,fc1,l2,0.1469879154051612,0
fedavg-mnist-iid-reference-seed7-20261004,16,1,fc1,max_abs,0.006735671311616898,0
fedavg-mnist-iid-reference-seed7-20261004,16,1,fc1,sparsity,0.10429612810707457,0
fedavg-mnist-iid-reference-seed7-20261004,16,1,fc1,skewness,-0.03874600544675138,0
fedavg-mnist-iid-reference-seed7-20261004,16,1,fc1,kurtosis,24.03863290000932,0
fedavg-mnist-iid-reference-seed7-20261004,16,1,output,mean,4.0978193283081055e-10,0
fedavg-mnist-iid-reference-seed7-20261004,16,1,output,std,0.002902329962819342,0
fedavg-mnist-iid-reference-seed7-20261004,16,1,output,median,-1.6577541828155518e-07,0
fedavg-mnist-iid-reference-seed7-20261004,16,1,output,min,-0.010925918817520142,0
fedavg-mnist-iid-reference-seed7-20261004,16,1,output,max,0.014050979167222977,0
fedavg-mnist-iid-reference-seed7-20261004,16,1,output,l1,1.1121146198129281,0
fedavg-mnist-iid-reference-seed7-20261004,16,1,output,l2,0.07399518557650497,0
fedavg-mnist-iid-reference-seed7-20261004,16,1,output,max_abs,0.014050979167222977,0
fedavg-mnist-iid-reference-seed7-20261004,16,1,output,sparsity,0.09076923076923077,0
fedavg-mnist-iid-reference-seed7-20261004,16,1,output,skewness,1.0882662219021766,0
fedavg-mnist-iid-reference-seed7-20261004,16,1,output,kurtosis,5.791511603799634,0
fedavg-mnist-iid-reference-seed7-20261004,16,2,conv1,mean,0.0013271207091747784,0
fedavg-mnist-iid-reference-seed7-20261004,16,2,conv1,std,0.001725761719337737,0
fedavg-mnist-iid-reference-seed7-20261004,16,2,conv1,median,0.0007171910256147385,0
fedavg-mnist-iid-reference-seed7-20261004,16,2,conv1,min,-0.001169651746749878,0
fedavg-mnist-iid-reference-seed7-20261004,16,2,conv1,max,0.0074055492877960205,0
fedavg-mnist-iid-reference-seed7-20261004,16,2,conv1,l1,0.22716445080004632,0
fedavg-mnist-iid-reference-seed7-20261004,16,2,conv1,l2,0.02753761903622638,0
fedavg-mnist-iid-reference-seed7-20261004,16,2,conv1,max_abs,0.0074055492877960205,0
fedavg-mnist-iid-reference-seed7-20261004,16,2,conv1,sparsity,0.0,0
fedavg-mnist-iid-reference-seed7-20261004,16,2,conv1,skewness,1.3649229864743715,0
fedavg-mnist-iid-reference-seed7-20261004,16,2,conv1,kurtosis,1.4689635625354844,0
fedavg-mnist-iid-reference-seed7-20261004,16,2,conv2,mean,9.626732696609719e-05,0
fedavg-mnist-iid-reference-seed7-20261004,16,2,conv2,std,0.0004639188333184426,0
fedavg-mnist-iid-reference-seed7-20261004,16,2,conv2,median,5.015172064304352e-06,0
fedavg-mnist-iid-reference-seed7-20261004,16,2,conv2,min,-0.0031098108738660812,0
fedavg-mnist-iid-reference-seed7-20261004,16,2,conv2,max,0.0037154853343963623,0
fedavg-mnist-iid-reference-seed7-20261004,16,2,conv2,l1,1.1843022102329996,0
fedavg-mnist-iid-reference-seed7-20261004,16,2,conv2,l2,0.03227421108517085,0
fedavg-mnist-iid-reference-seed7-20261004,16,2,conv2,max_abs,0.0037154853343963623,0
fedavg-mnist-iid-reference-seed7-20261004,16,2,conv2,sparsity,0.00021551724137931034,0
fedavg-mnist-iid-reference-seed7-20261004,16,2,conv2,skewness,1.8024812867119815,0
fedavg-mnist-iid-reference-seed7-20261004,16,2,conv2,kurtosis,11.85496610434502,0
fedavg-mnist-iid-reference-seed7-20261004,16,2,fc1,mean,4.6336100806524964e-07,0
fedavg-mnist-iid-reference-seed7-20261004,16,2,fc1,std,0.00040898649039625845,0
fedavg-mnist-iid-reference-seed7-20261004,16,2,fc1,median,0.0,0
fedavg-mnist-iid-reference-seed7-20261004,16,2,fc1,min,-0.006081592291593552,0
fedavg-mnist-iid-reference-seed7-20261004,16,2,fc1,max,0.00620429590344429,0
fedavg-mnist-iid-reference-seed7-20261004,16,2,fc1,l1,16.988755108477676,0
fedavg-mnist-iid-reference-seed7-20261004,16,2,fc1,l2,0.129601700572345,0
fedavg-mnist-iid-reference-seed7-20261004,16,2,fc1,max_abs,0.00620429590344429,0
fedavg-mnist-iid-reference-seed7-20261004,16,2,fc1,sparsity,0.13145315487571702,0
fedavg-mnist-iid-reference-seed7-20261004,16,2,fc1,skewness,0.16601097882554308,0
fedavg-mnist-iid-reference-seed7-20261004,16,2,fc1,kurtosis,29.422802476814525,0
fedavg-mnist-iid-reference-seed7-20261004,16,2,output,mean,-4.0387161649190464e-10,0
fedavg-mnist-iid-reference-seed7-20261004,16,2,output,std,0.002751079752198392,0
fedavg-mnist-iid-reference-seed7-20261004,16,2,output,median,-2.1420419216156006e-07,0
fedavg-mnist-iid-reference-seed7-20261004,16,2,output,min,-0.008464977145195007,0
fedavg-mnist-iid-reference-seed7-20261004,16,2,output,max,0.02118632197380066,0
fedavg-mnist-iid-reference-seed7-20261004,16,2,output,l1,0.9444979723775759,0
fedavg-mnist-iid-reference-seed7-20261004,16,2,output,l2,0.07013904669954878,0
fedavg-mnist-iid-reference-seed7-20261004,16,2,output,max_abs,0.02118632197380066,0
fedavg-mnist-iid-reference-seed7-20261004,16,2,output,sparsity,0.12615384615384614,0
fedavg-mnist-iid-reference-seed7-20261004,16,2,output,skewness,2.626413385217911,0
fedavg-mnist-iid-reference-seed7-20261004,16,2,output,kurtosis,14.513434562281027,0
fedavg-mnist-iid-reference-seed7-20261004,16,3,conv1,mean,0.0010707952656957786,0
fedavg-mnist-iid-reference-seed7-20261004,16,3,conv1,std,0.00164505391244056,0
fedavg-mnist-iid-reference-seed7-20261004,16,3,conv1,median,0.0004006512463092804,0
fedavg-mnist-iid-reference-seed7-20261004,16,3,conv1,min,-0.0009766966104507446,0
fedavg-mnist-iid-reference-seed7-20261004,16,3,conv1,max,0.007148653268814087,0
fedavg-mnist-iid-reference-seed7-20261004,16,3,conv1,l1,0.1957698193145916,0
fedavg-mnist-iid-reference-seed7-20261004,16,3,conv1,l2,0.024828386579469838,0
fedavg-mnist-iid-reference-seed7-20261004,16,3,conv1,max_abs,0.007148653268814087,0
fedavg-mnist-iid-reference-seed7-20261004,16,3,conv1,sparsity,0.0,0
fedavg-mnist-iid-reference-seed7-20261004,16,3,conv1,skewness,1.6036144649850055,0
fedavg-mnist-iid-reference-seed7-20261004,16,3,conv1,kurtosis,2.3709983471321108,0
fedavg-mnist-iid-reference-seed7-20261004,16,3,conv2,mean,9.735831203027468e-05,0
fedavg-mnist-iid-reference-seed7-20261004,16,3,conv2,std,0.0004995592779907595,0
fedavg-mnist-iid-reference-seed7-20261004,16,3,conv2,median,5.627050995826721e-06,0
fedavg-mnist-iid-reference-seed7-20261004,16,3,conv2,min,-0.0035798661410808563,0
fedavg-mnist-iid-reference-seed7-20261004,16,3,conv2,max,0.004331618547439575,0
fedavg-mnist-iid-reference-seed7-20261004,16,3,conv2,l1,1.3044301484769676,0
fedavg-mnist-iid-reference-seed7-20261004,16,3,conv2,l2,0.034668960829636566,0
fedavg-mnist-iid-reference-seed7-20261004,16,3,conv2,max_abs,0.004331618547439575,0
fedavg-mnist-iid-reference-seed7-20261004,16,3,conv2,sparsity,0.00021551724137931034,0
fedavg-mnist-iid-reference-seed7-20261004,16,3,conv2,skewness,1.7711634701509877,0
fedavg-mnist-iid-reference-seed7-20261004,16,3,conv2,kurtosis,11.08520744146417,0
fedavg-mnist-iid-reference-seed7-20261004,16,3,fc1,mean,2.867310437384611e-05,0
fedavg-mnist-iid-reference-seed7-20261004,16,3,fc1,std,0.0005327598783566919,0
fedavg-mnist-iid-reference-seed7-20261004,16,3,fc1,median,0.0,0
fedavg-mnist-iid-reference-seed7-20261004,16,3,fc1,min,-0.008579122833907604,0
fedavg-mnist-iid-reference-seed7-20261004,16,3,fc1,max,0.007904039695858955,0
fedavg-mnist-iid-reference-seed7-20261004,16,3,fc1,l1,23.21867056509734,0
fedavg-mnist-iid-reference-seed7-20261004,16,3,fc1,l2,0.16906785640039887,0
fedavg-mnist-iid-reference-seed7-20261004,16,3,fc1,max_abs,0.008579122833907604,0
fedavg-mnist-iid-reference-seed7-20261004,16,3,fc1,sparsity,0.11624641491395793,0
fedavg-mnist-iid-reference-seed7-20261004,16,3,fc1,skewness,-0.030517721067486014,0
fedavg-mnist-iid-reference-seed7-20261004,16,3,fc1,kurtosis,26.875120050078934,0
fedavg-mnist-iid-reference-seed7-20261004,16,3,output,mean,5.87001872750429e-10,0
fedavg-mnist-iid-reference-seed7-20261004,16,3,output,std,0.003688440306379935,0
fedavg-mnist-iid-reference-seed7-20261004,16,3,output,median,-1.4901161193847656e-08,0
fedavg-mnist-iid-reference-seed7-20261004,16,3,output,min,-0.02182171493768692,0
fedavg-mnist-iid-reference-seed7-20261004,16,3,output,max,0.01949356496334076,0
fedavg-mnist-iid-reference-seed7-20261004,16,3,output,l1,1.3732951960409991,0
fedavg-mnist-iid-reference-seed7-20261004,16,3,output,l2,0.09403714548476838,0
fedavg-mnist-iid-reference-seed7-20261004,16,3,output,max_abs,0.02182171493768692,0
fedavg-mnist-iid-reference-seed7-20261004,16,3,output,sparsity,0.09692307692307692,0
fedavg-mnist-iid-reference-seed7-20261004,16,3,output,skewness,-0.01412636945676778,0
fedavg-mnist-iid-reference-seed7-20261004,16,3,output,kurtosis,5.418692958277116,0
fedavg-mnist-iid-reference-seed7-20261004,16,4,conv1,mean,0.0014221514291421044,0
fedavg-mnist-iid-reference-seed7-20261004,16,4,conv1,std,0.0017681475365599678,0
fedavg-mnist-iid-reference-seed7-20261004,16,4,conv1,median,0.0007632672786712646,0
fedavg-mnist-iid-reference-seed7-20261004,16,4,conv1,min,-0.0009552165865898132,0
fedavg-mnist-iid-reference-seed7-20261004,16,4,conv1,max,0.007368564605712891,0
fedavg-mnist-iid-reference-seed7-20261004,16,4,conv1,l1,0.23632084124255925,0
fedavg-mnist-iid-reference-seed7-20261004,16,4,conv1,l2,0.028702224021016947,0
fedavg-mnist-iid-reference-seed7-20261004,16,4,conv1,max_abs,0.007368564605712891,0
fedavg-mnist-iid-reference-seed7-20261004,16,4,conv1,sparsity,0.0,0
fedavg-mnist-iid-reference-seed7-20261004,16,4,conv1,skewness,1.379987949277251,0
fedavg-mnist-iid-reference-seed7-20261004,16,4,conv1,kurtosis,1.4195411807387242,0
fedavg-mnist-iid-reference-seed7-20261004,16,4,conv2,mean,0.00013638727236239305,0
fedavg-mnist-iid-reference-seed7-20261004,16,4,conv2,std,0.0004428334668014451,0
fedavg-mnist-iid-reference-seed7-20261004,16,4,conv2,median,1.6477657482028008e-05,0
fedavg-mnist-iid-reference-seed7-20261004,16,4,conv2,min,-0.0025449320673942566,0
fedavg-mnist-iid-reference-seed7-20261004,16,4,conv2,max,0.003673166036605835,0
fedavg-mnist-iid-reference-seed7-20261004,16,4,conv2,l1,1.1494235890932032,0
fedavg-mnist-iid-reference-seed7-20261004,16,4,conv2,l2,0.031562980984877496,0
fedavg-mnist-iid-reference-seed7-20261004,16,4,conv2,max_abs,0.003673166036605835,0
fedavg-mnist-iid-reference-seed7-20261004,16,4,conv2,sparsity,0.00021551724137931034,0
fedavg-mnist-iid-reference-seed7-20261004,16,4,conv2,skewness,2.200803577706934,0
fedavg-mnist-iid-reference-seed7-20261004,16,4,conv2,kurtosis,11.148308756807845,0
fedavg-mnist-iid-reference-seed7-20261004,16,4,fc1,mean,-4.2909778886648693e-07,0
fedavg-mnist-iid-reference-seed7-20261004,16,4,fc1,std,0.0002711787116173613,0
fedavg-mnist-iid-reference-seed7-20261004,16,4,fc1,median,0.0,0
fedavg-mnist-iid-reference-seed7-20261004,16,4,fc1,min,-0.0036513395607471466,0
fedavg-mnist-iid-reference-seed7-20261004,16,4,fc1,max,0.0045998673886060715,0
fedavg-mnist-iid-reference-seed7-20261004,16,4,fc1,l1,12.04671078608169,0
fedavg-mnist-iid-reference-seed7-20261004,16,4,fc1,l2,0.08593252944190771,0
fedavg-mnist-iid-reference-seed7-20261004,16,4,fc1,max_abs,0.0045998673886060715,0
fedavg-mnist-iid-reference-seed7-20261004,16,4,fc1,sparsity,0.12569710006373486,0
fedavg-mnist-iid-reference-seed7-20261004,16,4,fc1,skewness,1.2350329289960207,0
fedavg-mnist-iid-reference-seed7-20261004,16,4,fc1,kurtosis,29.029656754460817,0
fedavg-mnist-iid-reference-seed7-20261004,16,4,output,mean,2.2289056617480058e-10,0
fedavg-mnist-iid-reference-seed7-20261004,16,4,output,std,0.001846298992381154,0
fedavg-mnist-iid-reference-seed7-20261004,16,4,output,median,-4.330649971961975e-08,0
fedavg-mnist-iid-reference-seed7-20261004,16,4,output,min,-0.0063540879637002945,0
fedavg-mnist-iid-reference-seed7-20261004,16,4,output,max,0.00875939428806305,0
fedavg-mnist-iid-reference-seed7-20261004,16,4,output,l1,0.7568576945341192,0
fedavg-mnist-iid-reference-seed7-20261004,16,4,output,l2,0.04707157295039134,0
fedavg-mnist-iid-reference-seed7-20261004,16,4,output,max_abs,0.00875939428806305,0
fedavg-mnist-iid-reference-seed7-20261004,16,4,output,sparsity,0.11538461538461539,0
fedavg-mnist-iid-reference-seed7-20261004,16,4,output,skewness,0.6107167808011352,0
fedavg-mnist-iid-reference-seed7-20261004,16,4,output,kurtosis,2.8847134010716893,0
fedavg-mnist-iid-reference-seed7-20261004,17,0,conv1,mean,0.0011566544802917634,0
fedavg-mnist-iid-reference-seed7-20261004,17,0,conv1,std,0.0014827476218788002,0
fedavg-mnist-iid-reference-seed7-20261004,17,0,conv1,median,0.0006478358991444111,0
fedavg-mnist-iid-reference-seed7-20261004,17,0,conv1,min,-0.0006623938679695129,0
fedavg-mnist-iid-reference-seed7-20261004,17,0,conv1,max,0.006650149822235107,0
fedavg-mnist-iid-reference-seed7-20261004,17,0,conv1,l1,0.19548033887986094,0
fedavg-mnist-iid-reference-seed7-20261004,17,0,conv1,l2,0.023787021997606163,0
fedavg-mnist-iid-reference-seed7-20261004,17,0,conv1,max_abs,0.006650149822235107,0
fedavg-mnist-iid-reference-seed7-20261004,17,0,conv1,sparsity,0.0,0
fedavg-mnist-iid-reference-seed7-20261004,17,0,conv1,skewness,1.4413397199623112,0
fedavg-mnist-iid-reference-seed7-20261004,17,0,conv1,kurtosis,1.748681401969158,0
fedavg-mnist-iid-reference-seed7-20261004,17,0,conv2,mean,9.410116126163898e-05,0
fedavg-mnist-iid-reference-seed7-20261004,17,0,conv2,std,0.0004037644357353491,0
fedavg-mnist-iid-reference-seed7-20261004,17,0,conv2,median,8.434057235717773e-06,0
fedavg-mnist-iid-reference-seed7-20261004,17,0,conv2,min,-0.0021035782992839813,0
fedavg-mnist-iid-reference-seed7-20261004,17,0,conv2,max,0.003300502896308899,0
fedavg-mnist-iid-reference-seed7-20261004,17,0,conv2,l1,1.0941085675494833,0
fedavg-mnist-iid-reference-seed7-20261004,17,0,conv2,l2,0.028240514713011138,0
fedavg-mnist-iid-reference-seed7-20261004,17,0,conv2,max_abs,0.003300502896308899,0
fedavg-mnist-iid-reference-seed7-20261004,17,0,conv2,sparsity,0.0,0
fedavg-mnist-iid-reference-seed7-20261004,17,0,conv2,skewness,1.7604631526071954,0
fedavg-mnist-iid-reference-seed7-20261004,17,0,conv2,kurtosis,8.797866171072677,0
fedavg-mnist-iid-reference-seed7-20261004,17,0,fc1,mean,-7.360545111540057e-06,0
fedavg-mnist-iid-reference-seed7-20261004,17,0,fc1,std,0.0003980540058198196,0
fedavg-mnist-iid-reference-seed7-20261004,17,0,fc1,median,0.0,0
fedavg-mnist-iid-reference-seed7-20261004,17,0,fc1,min,-0.0058350712060928345,0
fedavg-mnist-iid-reference-seed7-20261004,17,0,fc1,max,0.005308821797370911,0
fedavg-mnist-iid-reference-seed7-20261004,17,0,fc1,l1,17.107719607465185,0
fedavg-mnist-iid-reference-seed7-20261004,17,0,fc1,l2,0.12615884195620453,0
fedavg-mnist-iid-reference-seed7-20261004,17,0,fc1,max_abs,0.0058350712060928345,0
fedavg-mnist-iid-reference-seed7-20261004,17,0,fc1,sparsity,0.1297701561504143,0
fedavg-mnist-iid-reference-seed7-20261004,17,0,fc1,skewness,-1.0091685737898322,0
fedavg-mnist-iid-reference-seed7-20261004,17,0,fc1,kurtosis,27.954225225433756,0
fedavg-mnist-iid-reference-seed7-20261004,17,0,output,mean,2.8441158624795765e-10,0
fedavg-mnist-iid-reference-seed7-20261004,17,0,output,std,0.002417356007067224,0
fedavg-mnist-iid-reference-seed7-20261004,17,0,output,median,-2.3469328880310059e-07,0
fedavg-mnist-iid-reference-seed7-20261004,17,0,output,min,-0.00789070874452591,0
fedavg-mnist-iid-reference-seed7-20261004,17,0,output,max,0.016137607395648956,0
fedavg-mnist-iid-reference-seed7-20261004,17,0,output,l1,0.9370659322012216,0
fedavg-mnist-iid-reference-seed7-20261004,17,0,output,l2,0.06163072725668299,0
fedavg-mnist-iid-reference-seed7-20261004,17,0,output,max_abs,0.016137607395648956,0
fedavg-mnist-iid-reference-seed7-20261004,17,0,output,sparsity,0.12615384615384614,0
fedavg-mnist-iid-reference-seed7-20261004,17,0,output,skewness,1.4987659832138476,0
fedavg-mnist-iid-reference-seed7-20261004,17,0,output,kurtosis,6.47229473732191,0
fedavg-mnist-iid-reference-seed7-20261004,17,1,conv1,mean,0.0008077284477622015,0
fedavg-mnist-iid-reference-seed7-20261004,17,1,conv1,std,0.0012288132805628755,0
fedavg-mnist-iid-reference-seed7-20261004,17,1,conv1,median,0.00039422139525413513,0
fedavg-mnist-iid-reference-seed7-20261004,17,1,conv1,min,-0.0009914189577102661,0
fedavg-mnist-iid-reference-seed7-20261004,17,1,conv1,max,0.005352228879928589,0
fedavg-mnist-iid-reference-seed7-20261004,17,1,conv1,l1,0.1544824160519056,0
fedavg-mnist-iid-reference-seed7-20261004,17,1,conv1,l2,0.018600676649249217,0
fedavg-mnist-iid-reference-seed7-20261004,17,1,conv1,max_abs,0.005352228879928589,0
fedavg-mnist-iid-reference-seed7-20261004,17,1,conv1,sparsity,0.0,0
fedavg-mnist-iid-reference-seed7-20261004,17,1,conv1,skewness,1.3594216486113697,0
fedavg-mnist-iid-reference-seed7-20261004,17,1,conv1,kurtosis,1.5259594830814667,0
fedavg-mnist-iid-reference-seed7-20261004,17,1,conv2,mean,8.990688531788503e-05,0
fedavg-mnist-iid-reference-seed7-20261004,17,1,conv2,std,0.0003969348897229228,0
fedavg-mnist-iid-reference-seed7-20261004,17,1,conv2,median,1.0833144187927246e-05,0
fedavg-mnist-iid-reference-seed7-20261004,17,1,conv2,min,-0.0021806098520755768,0
fedavg-mnist-iid-reference-seed7-20261004,17,1,conv2,max,0.0036105960607528687,0
fedavg-mnist-iid-reference-seed7-20261004,17,1,conv2,l1,1.0711399497668026,0
fedavg-mnist-iid-reference-seed7-20261004,17,1,conv2,l2,0.027723134271580345,0
fedavg-mnist-iid-reference-seed7-20261004,17,1,conv2,max_abs,0.0036105960607528687,0
fedavg-mnist-iid-reference-seed7-20261004,17,1,conv2,sparsity,0.00021551724137931034,0
fedavg-mnist-iid-reference-seed7-20261004,17,1,conv2,skewness,1.8548305500060887,0
fedavg-mnist-iid-reference-seed7-20261004,17,1,conv2,kurtosis,10.071943927721113,0
fedavg-mnist-iid-reference-seed7-20261004,17,1,fc1,mean,-1.097732404159683e-05,0
fedavg-mnist-iid-reference-seed7-20261004,17,1,fc1,std,0.0004639348951099546,0
fedavg-mnist-iid-reference-seed7-20261004,17,1,fc1,median,0.0,0
fedavg-mnist-iid-reference-seed7-20261004,17,1,fc1,min,-0.005963941104710102,0
fedavg-mnist-iid-reference-seed7-20261004,17,1,fc1,max,0.0066167451441287994,0
fedavg-mnist-iid-reference-seed7-20261004,17,1,fc1,l1,20.350769253876138,0
fedavg-mnist-iid-reference-seed7-20261004,17,1,fc1,l2,0.14705508147362364,0
fedavg-mnist-iid-reference-seed7-20261004,17,1,fc1,max_abs,0.0066167451441287994,0
fedavg-mnist-iid-reference-seed7-20261004,17,1,fc1,sparsity,0.10354923518164436,0
fedavg-mnist-iid-reference-seed7-20261004,17,1,fc1,skewness,-0.09710763771714581,0
fedavg-mnist-iid-reference-seed7-20261004,17,1,fc1,kurtosis,24.201504295431427,0
fedavg-mnist-iid-reference-seed7-20261004,17,1,output,mean,-1.201764322244204e-10,0
fedavg-mnist-iid-reference-seed7-20261004,17,1,output,std,0.0028632891997852463,0
fedavg-mnist-iid-reference-seed7-20261004,17,1,output,median,-2.9336661100387573e-07,0
fedavg-mnist-iid-reference-seed7-20261004,17,1,output,min,-0.01087331771850586,0
fedavg-mnist-iid-reference-seed7-20261004,17,1,output,max,0.014321301132440567,0
fedavg-mnist-iid-reference-seed7-20261004,17,1,output,l1,1.0793896041577682,0
fedavg-mnist-iid-reference-seed7-20261004,17,1,output,l2,0.07299983751382226,0
fedavg-mnist-iid-reference-seed7-20261004,17,1,output,max_abs,0.014321301132440567,0
fedavg-mnist-iid-reference-seed7-20261004,17,1,output,sparsity,0.09076923076923077,0
fedavg-mnist-iid-reference-seed7-20261004,17,1,output,skewness,1.193603437033972,0
fedavg-mnist-iid-reference-seed7-20261004,17,1,output,kurtosis,6.424860868345878,0
fedavg-mnist-iid-reference-seed7-20261004,17,2,conv1,mean,0.0011376851922250352,0
fedavg-mnist-iid-reference-seed7-20261004,17,2,conv1,std,0.0015043166663852615,0
fedavg-mnist-iid-reference-seed7-20261004,17,2,conv1,median,0.000609908252954483,0
fedavg-mnist-iid-reference-seed7-20261004,17,2,conv1,min,-0.0011420994997024536,0
fedavg-mnist-iid-reference-seed7-20261004,17,2,conv1,max,0.006494730710983276,0
fedavg-mnist-iid-reference-seed7-20261004,17,2,conv1,l1,0.19730396172963083,0
fedavg-mnist-iid-reference-seed7-20261004,17,2,conv1,l2,0.02385722944307685,0
fedavg-mnist-iid-reference-seed7-20261004,17,2,conv1,max_abs,0.006494730710983276,0
fedavg-mnist-iid-reference-seed7-20261004,17,2,conv1,sparsity,0.0,0
fedavg-mnist-iid-reference-seed7-20261004,17,2,conv1,skewness,1.3485337288549746,0
fedavg-mnist-iid-reference-seed7-20261004,17,2,conv1,kurtosis,1.4866608463907687,0
fedavg-mnist-iid-reference-seed7-20261004,17,2,conv2,mean,7.155911098850303e-05,0
fedavg-mnist-iid-reference-seed7-20261004,17,2,conv2,std,0.00042082918804618,0
fedavg-mnist-iid-reference-seed7-20261004,17,2,conv2,median,3.3797696232795715e-06,0
fedavg-mnist-iid-reference-seed7-20261004,17,2,conv2,min,-0.003022167831659317,0
fedavg-mnist-iid-reference-seed7-20261004,17,2,conv2,max,0.0032574236392974854,0
fedavg-mnist-iid-reference-seed7-20261004,17,2,conv2,l1,1.0809447076098877,0
fedavg-mnist-iid-reference-seed7-20261004,17,2,conv2,l2,0.029077329848347735,0
fedavg-mnist-iid-reference-seed7-20261004,17,2,conv2,max_abs,0.0032574236392974854,0
fedavg-mnist-iid-reference-seed7-20261004,17,2,conv2,sparsity,0.0,0
fedavg-mnist-iid-reference-seed7-20261004,17,2,conv2,skewness,1.419532029044491,0
fedavg-mnist-iid-reference-seed7-20261004,17,2,conv2,kurtosis,11.365166148369644,0
fedavg-mnist-iid-reference-seed7-20261004,17,2,fc1,mean,-3.295810521137425e-06,0
fedavg-mnist-iid-reference-seed7-20261004,17,2,fc1,std,0.00038966865820010035,0
fedavg-mnist-iid-reference-seed7-20261004,17,2,fc1,median,0.0,0
fedavg-mnist-iid-reference-seed7-20261004,17,2,fc1,min,-0.005593873560428619,0
fedavg-mnist-iid-reference-seed7-20261004,17,2,fc1,max,0.005701066460460424,0
fedavg-mnist-iid-reference-seed7-20261004,17,2,fc1,l1,16.308684194446926,0
fedavg-mnist-iid-reference-seed7-20261004,17,2,fc1,l2,0.12348450593363841,0
fedavg-mnist-iid-reference-seed7-20261004,17,2,fc1,max_abs,0.005701066460460424,0
fedavg-mnist-iid-reference-seed7-20261004,17,2,fc1,sparsity,0.130447339069471,0
fedavg-mnist-iid-reference-seed7-20261004,17,2,fc1,skewness,0.06220997663076004,0
fedavg-mnist-iid-reference-seed7-20261004,17,2,fc1,kurtosis,28.712259254793437,0
fedavg-mnist-iid-reference-seed7-20261004,17,2,output,mean,2.505615926705874e-10,0
fedavg-mnist-iid-reference-seed7-20261004,17,2,output,std,0.0025860166771681965,0
fedavg-mnist-iid-reference-seed7-20261004,17,2,output,median,-4.470348358154297e-07,0
fedavg-mnist-iid-reference-seed7-20261004,17,2,output,min,-0.007794976234436035,0
fedavg-mnist-iid-reference-seed7-20261004,17,2,output,max,0.020104609429836273,0
fedavg-mnist-iid-reference-seed7-20261004,17,2,output,l1,0.8889450753340498,0
fedavg-mnist-iid-reference-seed7-20261004,17,2,output,l2,0.06593074749678533,0
fedavg-mnist-iid-reference-seed7-20261004,17,2,output,max_abs,0.020104609429836273,0
fedavg-mnist-iid-reference-seed7-20261004,17,2,output,sparsity,0.13230769230769232,0
fedavg-mnist-iid-reference-seed7-20261004,17,2,output,skewness,2.652133134718788,0
fedavg-mnist-iid-reference-seed7-20261004,17,2,output,kurtosis,14.734046964251462,0
fedavg-mnist-iid-reference-seed7-20261004,17,3,conv1,mean,0.0009280741287511773,0
fedavg-mnist-iid-reference-seed7-20261004,17,3,conv1,std,0.0014648082387340065,0
fedavg-mnist-iid-reference-seed7-20261004,17,3,conv1,median,0.00032785162329673767,0
fedavg-mnist-iid-reference-seed7-20261004,17,3,conv1,min,-0.0010483115911483765,0
fedavg-mnist-iid-reference-seed7-20261004,17,3,conv1,max,0.00632283091545105,0
fedavg-mnist-iid-reference-seed7-20261004,17,3,conv1,l1,0.17373444535769522,0
fedavg-mnist-iid-reference-seed7-20261004,17,3,conv1,l2,0.021934392226712018,0
fedavg-mnist-iid-reference-seed7-20261004,17,3,conv1,max_abs,0.00632283091545105,0
fedavg-mnist-iid-reference-seed7-20261004,17,3,conv1,sparsity,0.0,0
fedavg-mnist-iid-reference-seed7-20261004,17,3,conv1,skewness,1.5397597602004862,0
fedavg-mnist-iid-reference-seed7-20261004,17,3,conv1,kurtosis,2.16092194203185,0
fedavg-mnist-iid-reference-seed7-20261004,17,3,conv2,mean,7.559526342416136e-05,0
fedavg-mnist-iid-reference-seed7-20261004,17,3,conv2,std,0.00045918725014333406,0
fedavg-mnist-iid-reference-seed7-20261004,17,3,conv2,median,2.728775143623352e-06,0
fedavg-mnist-iid-reference-seed7-20261004,17,3,conv2,min,-0.00339600071310997,0
fedavg-mnist-iid-reference-seed7-20261004,17,3,conv2,max,0.0038255304098129272,0
fedavg-mnist-iid-reference-seed7-20261004,17,3,conv2,l1,1.2090815139890765,0
fedavg-mnist-iid-reference-seed7-20261004,17,3,conv2,l2,0.0316997404704697,0
fedavg-mnist-iid-reference-seed7-20261004,17,3,conv2,max_abs,0.0038255304098129272,0
fedavg-mnist-iid-reference-seed7-20261004,17,3,conv2,sparsity,0.0,0
fedavg-mnist-iid-reference-seed7-20261004,17,3,conv2,skewness,1.4915352431639375,0
fedavg-mnist-iid-reference-seed7-20261004,17,3,conv2,kurtosis,10.157517890178966,0
fedavg-mnist-iid-reference-seed7-20261004,17,3,fc1,mean,2.399191669322918e-05,0
fedavg-mnist-iid-reference-seed7-20261004,17,3,fc1,std,0.000510311840706273,0
fedavg-mnist-iid-reference-seed7-20261004,17,3,fc1,median,0.0,0
fedavg-mnist-iid-reference-seed7-20261004,17,3,fc1,min,-0.008161865174770355,0
fedavg-mnist-iid-reference-seed7-20261004,17,3,fc1,max,0.007474170997738838,0
fedavg-mnist-iid-reference-seed7-20261004,17,3,fc1,l1,22.33491247488007,0
fedavg-mnist-iid-reference-seed7-20261004,17,3,fc1,l2,0.1618887028130311,0
fedavg-mnist-iid-reference-seed7-20261004,17,3,fc1,max_abs,0.008161865174770355,0
fedavg-mnist-iid-reference-seed7-20261004,17,3,fc1,sparsity,0.11605720203951561,0
fedavg-mnist-iid-reference-seed7-20261004,17,3,fc1,skewness,-0.11433640931221196,0
fedavg-mnist-iid-reference-seed7-20261004,17,3,fc1,kurtosis,26.570898639976306,0
fedavg-mnist-iid-reference-seed7-20261004,17,3,output,mean,-1.654888574893658e-10,0
fedavg-mnist-iid-reference-seed7-20261004,17,3,output,std,0.0034894325358733646,0
fedavg-mnist-iid-reference-seed7-20261004,17,3,output,median,-2.0489096641540527e-08,0
fedavg-mnist-iid-reference-seed7-20261004,17,3,output,min,-0.020766720175743103,0
fedavg-mnist-iid-reference-seed7-20261004,17,3,output,max,0.018598109483718872,0
fedavg-mnist-iid-reference-seed7-20261004,17,3,output,l1,1.2958059953525662,0
fedavg-mnist-iid-reference-seed7-20261004,17,3,output,l2,0.0889634229589193,0
fedavg-mnist-iid-reference-seed7-20261004,17,3,output,max_abs,0.020766720175743103,0
fedavg-mnist-iid-reference-seed7-20261004,17,3,output,sparsity,0.09846153846153846,0
fedavg-mnist-iid-reference-seed7-20261004,17,3,output,skewness,0.010256832371383006,0
fedavg-mnist-iid-reference-seed7-20261004,17,3,output,kurtosis,5.468764186330201,0
fedavg-mnist-iid-reference-seed7-20261004,17,4,conv1,mean,0.00125567085124203,0
fedavg-mnist-iid-reference-seed7-20261004,17,4,conv1,std,0.001555481251222082,0
fedavg-mnist-iid-reference-seed7-20261004,17,4,conv1,median,0.0006690472364425659,0
fedavg-mnist-iid-reference-seed7-20261004,17,4,conv1,min,-0.0009310320019721985,0
fedavg-mnist-iid-reference-seed7-20261004,17,4,conv1,max,0.006472766399383545,0
fedavg-mnist-iid-reference-seed7-20261004,17,4,conv1,l1,0.2094292655820027,0
fedavg-mnist-iid-reference-seed7-20261004,17,4,conv1,l2,0.025286300510947973,0
fedavg-mnist-iid-reference-seed7-20261004,17,4,conv1,max_abs,0.006472766399383545,0
fedavg-mnist-iid-reference-seed7-20261004,17,4,conv1,sparsity,0.0,0
fedavg-mnist-iid-reference-seed7-20261004,17,4,conv1,skewness,1.348882023771458,0
fedavg-mnist-iid-reference-seed7-20261004,17,4,conv1,kurtosis,1.3502963012995668,0
fedavg-mnist-iid-reference-seed7-20261004,17,4,conv2,mean,0.0001135680527458417,0
fedavg-mnist-iid-reference-seed7-20261004,17,4,conv2,std,0.00039861802641800656,0
fedavg-mnist-iid-reference-seed7-20261004,17,4,conv2,median,1.4107674360275269e-05,0
fedavg-mnist-iid-reference-seed7-20261004,17,4,conv2,min,-0.0025362446904182434,0
fedavg-mnist-iid-reference-seed7-20261004,17,4,conv2,max,0.0031646862626075745,0
fedavg-mnist-iid-reference-seed7-20261004,17,4,conv2,l1,1.0475208245043177,0
fedavg-mnist-iid-reference-seed7-20261004,17,4,conv2,l2,0.028233390087925886,0
fedavg-mnist-iid-reference-seed7-20261004,17,4,conv2,max_abs,0.0031646862626075745,0
fedavg-mnist-iid-reference-seed7-20261004,17,4,conv2,sparsity,0.0,0
fedavg-mnist-iid-reference-seed7-20261004,17,4,conv2,skewness,1.9055406489292175,0
fedavg-mnist-iid-reference-seed7-20261004,17,4,conv2,kurtosis,10.565984336485194,0
fedavg-mnist-iid-reference-seed7-20261004,17,4,fc1,mean,5.182082117739532e-08,0
fedavg-mnist-iid-reference-seed7-20261004,17,4,fc1,std,0.00025973089337445206,0
fedavg-mnist-iid-reference-seed7-20261004,17,4,fc1,median,0.0,0
fedavg-mnist-iid-reference-seed7-20261004,17,4,fc1,min,-0.0033617764711380005,0
fedavg-mnist-iid-reference-seed7-20261004,17,4,fc1,max,0.004289697855710983,0
fedavg-mnist-iid-reference-seed7-20261004,17,4,fc1,l1,11.494253628379056,0
fedavg-mnist-iid-reference-seed7-20261004,17,4,fc1,l2,0.08230478348156188,0
fedavg-mnist-iid-reference-seed7-20261004,17,4,fc1,max_abs,0.004289697855710983,0
fedavg-mnist-iid-reference-seed7-20261004,17,4,fc1,sparsity,0.12560747291268323,0
fedavg-mnist-iid-reference-seed7-20261004,17,4,fc1,skewness,1.22071855918242,0
fedavg-mnist-iid-reference-seed7-20261004,17,4,fc1,kurtosis,29.897871303022086,0
fedavg-mnist-iid-reference-seed7-20261004,17,4,output,mean,2.4760643450113442e-11,0
fedavg-mnist-iid-reference-seed7-20261004,17,4,output,std,0.0017153533083889873,0
fedavg-mnist-iid-reference-seed7-20261004,17,4,output,median,-2.2351741790771484e-08,0
fedavg-mnist-iid-reference-seed7-20261004,17,4,output,min,-0.006436767056584358,0
fedavg-mnist-iid-reference-seed7-20261004,17,4,output,max,0.008088767528533936,0
fedavg-mnist-iid-reference-seed7-20261004,17,4,output,l1,0.7064943898876663,0
fedavg-mnist-iid-reference-seed7-20261004,17,4,output,l2,0.04373309996090695,0
fedavg-mnist-iid-reference-seed7-20261004,17,4,output,max_abs,0.008088767528533936,0
fedavg-mnist-iid-reference-seed7-20261004,17,4,output,sparsity,0.11846153846153847,0
fedavg-mnist-iid-reference-seed7-20261004,17,4,output,skewness,0.4771080547138818,0
fedavg-mnist-iid-reference-seed7-20261004,17,4,output,kurtosis,2.8255932052141217,0
fedavg-mnist-iid-reference-seed7-20261004,18,0,conv1,mean,0.001036973574809963,0
fedavg-mnist-iid-reference-seed7-20261004,18,0,conv1,std,0.0013409332944859078,0
fedavg-mnist-iid-reference-seed7-20261004,18,0,conv1,median,0.0005887970328330994,0
fedavg-mnist-iid-reference-seed7-20261004,18,0,conv1,min,-0.0006282031536102295,0
fedavg-mnist-iid-reference-seed7-20261004,18,0,conv1,max,0.006150990724563599,0
fedavg-mnist-iid-reference-seed7-20261004,18,0,conv1,l1,0.17662776785437018,0
fedavg-mnist-iid-reference-seed7-20261004,18,0,conv1,l2,0.02144170252611479,0
fedavg-mnist-iid-reference-seed7-20261004,18,0,conv1,max_abs,0.006150990724563599,0
fedavg-mnist-iid-reference-seed7-20261004,18,0,conv1,sparsity,0.0,0
fedavg-mnist-iid-reference-seed7-20261004,18,0,conv1,skewness,1.4585998998780692,0
fedavg-mnist-iid-reference-seed7-20261004,18,0,conv1,kurtosis,1.8928854399975465,0
fedavg-mnist-iid-reference-seed7-20261004,18,0,conv2,mean,7.455840624484623e-05,0
fedavg-mnist-iid-reference-seed7-20261004,18,0,conv2,std,0.0003743237894633461,0
fedavg-mnist-iid-reference-seed7-20261004,18,0,conv2,median,5.649402737617493e-06,0
fedavg-mnist-iid-reference-seed7-20261004,18,0,conv2,min,-0.0020055025815963745,0
fedavg-mnist-iid-reference-seed7-20261004,18,0,conv2,max,0.0029396861791610718,0
fedavg-mnist-iid-reference-seed7-20261004,18,0,conv2,l1,1.0177299912938906,0
fedavg-mnist-iid-reference-seed7-20261004,18,0,conv2,l2,0.02599889352629964,0
fedavg-mnist-iid-reference-seed7-20261004,18,0,conv2,max_abs,0.0029396861791610718,0
fedavg-mnist-iid-reference-seed7-20261004,18,0,conv2,sparsity,0.00021551724137931034,0
fedavg-mnist-iid-reference-seed7-20261004,18,0,conv2,skewness,1.5803803649880133,0
fedavg-mnist-iid-reference-seed7-20261004,18,0,conv2,kurtosis,8.46471079324395,0
fedavg-mnist-iid-reference-seed7-20261004,18,0,fc1,mean,-1.5524333303363658e-06,0
fedavg-mnist-iid-reference-seed7-20261004,18,0,fc1,std,0.0003841919660420486,0
fedavg-mnist-iid-reference-seed7-20261004,18,0,fc1,median,0.0,0
fedavg-mnist-iid-reference-seed7-20261004,18,0,fc1,min,-0.005612906068563461,0
fedavg-mnist-iid-reference-seed7-20261004,18,0,fc1,max,0.005129454657435417,0
fedavg-mnist-iid-reference-seed7-20261004,18,0,fc1,l1,16.616224920070067,0
fedavg-mnist-iid-reference-seed7-20261004,18,0,fc1,l2,0.12174560249474026,0
fedavg-mnist-iid-reference-seed7-20261004,18,0,fc1,max_abs,0.005612906068563461,0
fedavg-mnist-iid-reference-seed7-20261004,18,0,fc1,sparsity,0.12846558317399617,0
fedavg-mnist-iid-reference-seed7-20261004,18,0,fc1,skewness,-1.0488856400759674,0
fedavg-mnist-iid-reference-seed7-20261004,18,0,fc1,kurtosis,27.882282306945882,0
fedavg-mnist-iid-reference-seed7-20261004,18,0,output,mean,-2.4057674006773877e-10,0
fedavg-mnist-iid-reference-seed7-20261004,18,0,output,std,0.002302009886536784,0
fedavg-mnist-iid-reference-seed7-20261004,18,0,output,median,-1.51805579662323e-07,0
fedavg-mnist-iid-reference-seed7-20261004,18,0,output,min,-0.007611103355884552,0
fedavg-mnist-iid-reference-seed7-20261004,18,0,output,max,0.015353523194789886,0
fedavg-mnist-iid-reference-seed7-20261004,18,0,output,l1,0.8882918869203422,0
fedavg-mnist-iid-reference-seed7-20261004,18,0,output,l2,0.05868996665967319,0
fedavg-mnist-iid-reference-seed7-20261004,18,0,output,max_abs,0.015353523194789886,0
fedavg-mnist-iid-reference-seed7-20261004,18,0,output,sparsity,0.1276923076923077,0
fedavg-mnist-iid-reference-seed7-20261004,18,0,output,skewness,1.5321290320040917,0
fedavg-mnist-iid-reference-seed7-20261004,18,0,output,kurtosis,6.627970573665955,0
fedavg-mnist-iid-reference-seed7-20261004,18,1,conv1,mean,0.0007064607820211677,0
fedavg-mnist-iid-reference-seed7-20261004,18,1,conv1,std,0.0011003160199598465,0
fedavg-mnist-iid-reference-seed7-20261004,18,1,conv1,median,0.00033770129084587097,0
fedavg-mnist-iid-reference-seed7-20261004,18,1,conv1,min,-0.0009917914867401123,0
fedavg-mnist-iid-reference-seed7-20261004,18,1,conv1,max,0.004739314317703247,0
fedavg-mnist-iid-reference-seed7-20261004,18,1,conv1,l1,0.13933773449389264,0
fedavg-mnist-iid-reference-seed7-20261004,18,1,conv1,l2,0.016539804982232346,0
fedavg-mnist-iid-reference-seed7-20261004,18,1,conv1,max_abs,0.004739314317703247,0
fedavg-mnist-iid-reference-seed7-20261004,18,1,conv1,sparsity,0.0,0
fedavg-mnist-iid-reference-seed7-20261004,18,1,conv1,skewness,1.2741866928067975,0
fedavg-mnist-iid-reference-seed7-20261004,18,1,conv1,kurtosis,1.3131841470648151,0
fedavg-mnist-iid-reference-seed7-20261004,18,1,conv2,mean,7.374883147318102e-05,0
fedavg-mnist-iid-reference-seed7-20261004,18,1,conv2,std,0.0003748138789687659,0
fedavg-mnist-iid-reference-seed7-20261004,18,1,conv2,median,6.319198291748762e-06,0
fedavg-mnist-iid-reference-seed7-20261004,18,1,conv2,min,-0.0021061375737190247,0
fedavg-mnist-iid-reference-seed7-20261004,18,1,conv2,max,0.003572404384613037,0
fedavg-mnist-iid-reference-seed7-20261004,18,1,conv2,l1,1.011594265124586,0
fedavg-mnist-iid-reference-seed7-20261004,18,1,conv2,l2,0.0260209321472599,0
fedavg-mnist-iid-reference-seed7-20261004,18,1,conv2,max_abs,0.003572404384613037,0
fedavg-mnist-iid-reference-seed7-20261004,18,1,conv2,sparsity,0.00021551724137931034,0
fedavg-mnist-iid-reference-seed7-20261004,18,1,conv2,skewness,1.7415340367299215,0
fedavg-mnist-iid-reference-seed7-20261004,18,1,conv2,kurtosis,10.28767124311792,0
fedavg-mnist-iid-reference-seed7-20261004,18,1,fc1,mean,-1.1371897123728166e-05,0
fedavg-mnist-iid-reference-seed7-20261004,18,1,fc1,std,0.00046205276303243835,0
fedavg-mnist-iid-reference-seed7-20261004,18,1,fc1,median,0.0,0
fedavg-mnist-iid-reference-seed7-20261004,18,1,fc1,min,-0.006085272878408432,0
fedavg-mnist-iid-reference-seed7-20261004,18,1,fc1,max,0.006490889936685562,0
fedavg-mnist-iid-reference-seed7-20261004,18,1,fc1,l1,20.276298814318125,0
fedavg-mnist-iid-reference-seed7-20261004,18,1,fc1,l2,0.14646185295349876,0
fedavg-mnist-iid-reference-seed7-20261004,18,1,fc1,max_abs,0.006490889936685562,0
fedavg-mnist-iid-reference-seed7-20261004,18,1,fc1,sparsity,0.10296167941363926,0
fedavg-mnist-iid-reference-seed7-20261004,18,1,fc1,skewness,-0.10022758956644678,0
fedavg-mnist-iid-reference-seed7-20261004,18,1,fc1,kurtosis,24.525043890835068,0
fedavg-mnist-iid-reference-seed7-20261004,18,1,output,mean,4.602882724541884e-11,0
fedavg-mnist-iid-reference-seed7-20261004,18,1,output,std,0.002818913205790786,0
fedavg-mnist-iid-reference-seed7-20261004,18,1,output,median,-3.296881914138794e-07,0
fedavg-mnist-iid-reference-seed7-20261004,18,1,output,min,-0.010946810245513916,0
fedavg-mnist-iid-reference-seed7-20261004,18,1,output,max,0.014463361352682114,0
fedavg-mnist-iid-reference-seed7-20261004,18,1,output,l1,1.0558211997849867,0
fedavg-mnist-iid-reference-seed7-20261004,18,1,output,l2,0.07186846721725806,0
fedavg-mnist-iid-reference-seed7-20261004,18,1,output,max_abs,0.014463361352682114,0
fedavg-mnist-iid-reference-seed7-20261004,18,1,output,sparsity,0.09076923076923077,0
fedavg-mnist-iid-reference-seed7-20261004,18,1,output,skewness,1.212389600410787,0
fedavg-mnist-iid-reference-seed7-20261004,18,1,output,kurtosis,6.755175805072692,0
fedavg-mnist-iid-reference-seed7-20261004,18,2,conv1,mean,0.000982385518727824,0
fedavg-mnist-iid-reference-seed7-20261004,18,2,conv1,std,0.0013209437020821832,0
fedavg-mnist-iid-reference-seed7-20261004,18,2,conv1,median,0.0005485229194164276,0
fedavg-mnist-iid-reference-seed7-20261004,18,2,conv1,min,-0.0010950267314910889,0
fedavg-mnist-iid-reference-seed7-20261004,18,2,conv1,max,0.00570833683013916,0
fedavg-mnist-iid-reference-seed7-20261004,18,2,conv1,l1,0.17323013255372643,0
fedavg-mnist-iid-reference-seed7-20261004,18,2,conv1,l2,0.02082296259988658,0
fedavg-mnist-iid-reference-seed7-20261004,18,2,conv1,max_abs,0.00570833683013916,0
fedavg-mnist-iid-reference-seed7-20261004,18,2,conv1,sparsity,0.0,0
fedavg-mnist-iid-reference-seed7-20261004,18,2,conv1,skewness,1.3132288387745465,0
fedavg-mnist-iid-reference-seed7-20261004,18,2,conv1,kurtosis,1.4508841224004057,0
fedavg-mnist-iid-reference-seed7-20261004,18,2,conv2,mean,5.296856076499572e-05,0
fedavg-mnist-iid-reference-seed7-20261004,18,2,conv2,std,0.0003829810741788916,0
fedavg-mnist-iid-reference-seed7-20261004,18,2,conv2,median,2.2491440176963806e-06,0
fedavg-mnist-iid-reference-seed7-20261004,18,2,conv2,min,-0.0029016993939876556,0
fedavg-mnist-iid-reference-seed7-20261004,18,2,conv2,max,0.002857983112335205,0
fedavg-mnist-iid-reference-seed7-20261004,18,2,conv2,l1,0.9904429321304633,0
fedavg-mnist-iid-reference-seed7-20261004,18,2,conv2,l2,0.02633605885975576,0
fedavg-mnist-iid-reference-seed7-20261004,18,2,conv2,max_abs,0.0029016993939876556,0
fedavg-mnist-iid-reference-seed7-20261004,18,2,conv2,sparsity,0.0,0
fedavg-mnist-iid-reference-seed7-20261004,18,2,conv2,skewness,1.065446080987505,0
fedavg-mnist-iid-reference-seed7-20261004,18,2,conv2,kurtosis,11.156533965556523,0
fedavg-mnist-iid-reference-seed7-20261004,18,2,fc1,mean,-3.500755917430898e-06,0
fedavg-mnist-iid-reference-seed7-20261004,18,2,fc1,std,0.0003610000611550645,0
fedavg-mnist-iid-reference-seed7-20261004,18,2,fc1,median,0.0,0
fedavg-mnist-iid-reference-seed7-20261004,18,2,fc1,min,-0.004947599023580551,0
fedavg-mnist-iid-reference-seed7-20261004,18,2,fc1,max,0.005201846361160278,0
fedavg-mnist-iid-reference-seed7-20261004,18,2,fc1,l1,15.198274071822084,0
fedavg-mnist-iid-reference-seed7-20261004,18,2,fc1,l2,0.11440082428533847,0
fedavg-mnist-iid-reference-seed7-20261004,18,2,fc1,max_abs,0.005201846361160278,0
fedavg-mnist-iid-reference-seed7-20261004,18,2,fc1,sparsity,0.14325406309751434,0
fedavg-mnist-iid-reference-seed7-20261004,18,2,fc1,skewness,0.14015783568383483,0
fedavg-mnist-iid-reference-seed7-20261004,18,2,fc1,kurtosis,28.725335015890387,0
fedavg-mnist-iid-reference-seed7-20261004,18,2,output,mean,1.3423582109121176e-10,0
fedavg-mnist-iid-reference-seed7-20261004,18,2,output,std,0.002381207991758162,0
fedavg-mnist-iid-reference-seed7-20261004,18,2,output,median,-3.334134817123413e-07,0
fedavg-mnist-iid-reference-seed7-20261004,18,2,output,min,-0.007261976599693298,0
fedavg-mnist-iid-reference-seed7-20261004,18,2,output,max,0.01851736754179001,0
fedavg-mnist-iid-reference-seed7-20261004,18,2,output,l1,0.8296436394448392,0
fedavg-mnist-iid-reference-seed7-20261004,18,2,output,l2,0.060709130079489866,0
fedavg-mnist-iid-reference-seed7-20261004,18,2,output,max_abs,0.01851736754179001,0
fedavg-mnist-iid-reference-seed7-20261004,18,2,output,sparsity,0.13692307692307693,0
fedavg-mnist-iid-reference-seed7-20261004,18,2,output,skewness,2.6184509968201524,0
fedavg-mnist-iid-reference-seed7-20261004,18,2,output,kurtosis,14.48831950864971,0
fedavg-mnist-iid-reference-seed7-20261004,18,3,conv1,mean,0.0008130317401082721,0
fedavg-mnist-iid-reference-seed7-20261004,18,3,conv1,std,0.0013189561032387262,0
fedavg-mnist-iid-reference-seed7-20261004,18,3,conv1,median,0.0003160610795021057,0
fedavg-mnist-iid-reference-seed7-20261004,18,3,conv1,min,-0.001150280237197876,0
fedavg-mnist-iid-reference-seed7-20261004,18,3,conv1,max,0.005621552467346191,0
fedavg-mnist-iid-reference-seed7-20261004,18,3,conv1,l1,0.15583162603434175,0
fedavg-mnist-iid-reference-seed7-20261004,18,3,conv1,l2,0.019598635922713277,0
fedavg-mnist-iid-reference-seed7-20261004,18,3,conv1,max_abs,0.005621552467346191,0
fedavg-mnist-iid-reference-seed7-20261004,18,3,conv1,sparsity,0.0,0
fedavg-mnist-iid-reference-seed7-20261004,18,3,conv1,skewness,1.480039913720948,0
fedavg-mnist-iid-reference-seed7-20261004,18,3,conv1,kurtosis,2.000169622838725,0
fedavg-mnist-iid-reference-seed7-20261004,18,3,conv2,mean,5.793609304873826e-05,0
fedavg-mnist-iid-reference-seed7-20261004,18,3,conv2,std,0.00042187908181210896,0
fedavg-mnist-iid-reference-seed7-20261004,18,3,conv2,median,1.7294660210609436e-06,0
fedavg-mnist-iid-reference-seed7-20261004,18,3,conv2,min,-0.0030532106757164,0
fedavg-mnist-iid-reference-seed7-20261004,18,3,conv2,max,0.0033211708068847656,0
fedavg-mnist-iid-reference-seed7-20261004,18,3,conv2,l1,1.1188869939032884,0
fedavg-mnist-iid-reference-seed7-20261004,18,3,conv2,l2,0.029007083178845885,0
fedavg-mnist-iid-reference-seed7-20261004,18,3,conv2,max_abs,0.0033211708068847656,0
fedavg-mnist-iid-reference-seed7-20261004,18,3,conv2,sparsity,0.0,0
fedavg-mnist-iid-reference-seed7-20261004,18,3,conv2,skewness,1.2920246907850592,0
fedavg-mnist-iid-reference-seed7-20261004,18,3,conv2,kurtosis,9.332722322296506,0
fedavg-mnist-iid-reference-seed7-20261004,18,3,fc1,mean,2.3760765748964305e-05,0
fedavg-mnist-iid-reference-seed7-20261004,18,3,fc1,std,0.0004867064119945275,0
fedavg-mnist-iid-reference-seed7-20261004,18,3,fc1,median,0.0,0
fedavg-mnist-iid-reference-seed7-20261004,18,3,fc1,min,-0.007655641995370388,0
fedavg-mnist-iid-reference-seed7-20261004,18,3,fc1,max,0.006949115544557571,0
fedavg-mnist-iid-reference-seed7-20261004,18,3,fc1,l1,21.515342899931284,0
fedavg-mnist-iid-reference-seed7-20261004,18,3,fc1,l2,0.15441356414522028,0
fedavg-mnist-iid-reference-seed7-20261004,18,3,fc1,max_abs,0.007655641995370388,0
fedavg-mnist-iid-reference-seed7-20261004,18,3,fc1,sparsity,0.11586798916507329,0
fedavg-mnist-iid-reference-seed7-20261004,18,3,fc1,skewness,-0.09959813398159051,0
fedavg-mnist-iid-reference-seed7-20261004,18,3,fc1,kurtosis,25.992837611454465,0
fedavg-mnist-iid-reference-seed7-20261004,18,3,output,mean,-5.369432843648471e-10,0
fedavg-mnist-iid-reference-seed7-20261004,18,3,output,std,0.0032612500879122676,0
fedavg-mnist-iid-reference-seed7-20261004,18,3,output,median,-2.2351741790771484e-08,0
fedavg-mnist-iid-reference-seed7-20261004,18,3,output,min,-0.01934017241001129,0
fedavg-mnist-iid-reference-seed7-20261004,18,3,output,max,0.017373815178871155,0
fedavg-mnist-iid-reference-seed7-20261004,18,3,output,l1,1.212592915399,0
fedavg-mnist-iid-reference-seed7-20261004,18,3,output,l2,0.08314588918485533,0
fedavg-mnist-iid-reference-seed7-20261004,18,3,output,max_abs,0.01934017241001129,0
fedavg-mnist-iid-reference-seed7-20261004,18,3,output,sparsity,0.1,0
fedavg-mnist-iid-reference-seed7-20261004,18,3,output,skewness,0.06319924119332886,0
fedavg-mnist-iid-reference-seed7-20261004,18,3,output,kurtosis,5.409086458219402,0
fedavg-mnist-iid-reference-seed7-20261004,18,4,conv1,mean,0.0011041689918783958,0
fedavg-mnist-iid-reference-seed7-20261004,18,4,conv1,std,0.0013761559088365173,0
fedavg-mnist-iid-reference-seed7-20261004,18,4,conv1,median,0.0005753152072429657,0
fedavg-mnist-iid-reference-seed7-20261004,18,4,conv1,min,-0.0009353980422019958,0
fedavg-mnist-iid-reference-seed7-20261004,18,4,conv1,max,0.005715012550354004,0
fedavg-mnist-iid-reference-seed7-20261004,18,4,conv1,l1,0.18529168178793043,0
fedavg-mnist-iid-reference-seed7-20261004,18,4,conv1,l2,0.022317685356869475,0
fedavg-mnist-iid-reference-seed7-20261004,18,4,conv1,max_abs,0.005715012550354004,0
fedavg-mnist-iid-reference-seed7-20261004,18,4,conv1,sparsity,0.0,0
fedavg-mnist-iid-reference-seed7-20261004,18,4,conv1,skewness,1.3360185070836792,0
fedavg-mnist-iid-reference-seed7-20261004,18,4,conv1,kurtosis,1.345955718394504,0
fedavg-mnist-iid-reference-seed7-20261004,18,4,conv2,mean,9.511911437600466e-05,0
fedavg-mnist-iid-reference-seed7-20261004,18,4,conv2,std,0.0003605172870045879,0
fedavg-mnist-iid-reference-seed7-20261004,18,4,conv2,median,1.1388212442398071e-05,0
fedavg-mnist-iid-reference-seed7-20261004,18,4,conv2,min,-0.002435866743326187,0
fedavg-mnist-iid-reference-seed7-20261004,18,4,conv2,max,0.003038473427295685,0
fedavg-mnist-iid-reference-seed7-20261004,18,4,conv2,l1,0.9543633859611873,0
fedavg-mnist-iid-reference-seed7-20261004,18,4,conv2,l2,0.02539792257430797,0
fedavg-mnist-iid-reference-seed7-20261004,18,4,conv2,max_abs,0.003038473427295685,0
fedavg-mnist-iid-reference-seed7-20261004,18,4,conv2,sparsity,0.0,0
fedavg-mnist-iid-reference-seed7-20261004,18,4,conv2,skewness,1.6840900446171723,0
fedavg-mnist-iid-reference-seed7-20261004,18,4,conv2,kurtosis,10.231518124929213,0
fedavg-mnist-iid-reference-seed7-20261004,18,4,fc1,mean,1.4497869557874267e-06,0
fedavg-mnist-iid-reference-seed7-20261004,18,4,fc1,std,0.0002467029985535546,0
fedavg-mnist-iid-reference-seed7-20261004,18,4,fc1,median,0.0,0
fedavg-mnist-iid-reference-seed7-20261004,18,4,fc1,min,-0.0030283108353614807,0
fedavg-mnist-iid-reference-seed7-20261004,18,4,fc1,max,0.003990134224295616,0
fedavg-mnist-iid-reference-seed7-20261004,18,4,fc1,l1,10.971865300910167,0
fedavg-mnist-iid-reference-seed7-20261004,18,4,fc1,l2,0.07817778941519316,0
fedavg-mnist-iid-reference-seed7-20261004,18,4,fc1,max_abs,0.003990134224295616,0
fedavg-mnist-iid-reference-seed7-20261004,18,4,fc1,sparsity,0.12507966857871256,0
fedavg-mnist-iid-reference-seed7-20261004,18,4,fc1,skewness,1.1964391037106008,0
fedavg-mnist-iid-reference-seed7-20261004,18,4,fc1,kurtosis,29.49728673300335,0
fedavg-mnist-iid-reference-seed7-20261004,18,4,output,mean,6.56739128037141e-11,0
fedavg-mnist-iid-reference-seed7-20261004,18,4,output,std,0.0016070492463853296,0
fedavg-mnist-iid-reference-seed7-20261004,18,4,output,median,0.0,0
fedavg-mnist-iid-reference-seed7-20261004,18,4,output,min,-0.006470780819654465,0
fedavg-mnist-iid-reference-seed7-20261004,18,4,output,max,0.0074903517961502075,0
fedavg-mnist-iid-reference-seed7-20261004,18,4,output,l1,0.6638536604223191,0
fedavg-mnist-iid-reference-seed7-20261004,18,4,output,l2,0.040971877333116906,0
fedavg-mnist-iid-reference-seed7-20261004,18,4,output,max_abs,0.0074903517961502075,0
fedavg-mnist-iid-reference-seed7-20261004,18,4,output,sparsity,0.11846153846153847,0
fedavg-mnist-iid-reference-seed7-20261004,18,4,output,skewness,0.3446742759237438,0
fedavg-mnist-iid-reference-seed7-20261004,18,4,output,kurtosis,2.783689628717637,0
fedavg-mnist-iid-reference-seed7-20261004,19,0,conv1,mean,0.0009402485506143421,0
fedavg-mnist-iid-reference-seed7-20261004,19,0,conv1,std,0.0012266410883979319,0
fedavg-mnist-iid-reference-seed7-20261004,19,0,conv1,median,0.0005298852920532227,0
fedavg-mnist-iid-reference-seed7-20261004,19,0,conv1,min,-0.0006318539381027222,0
fedavg-mnist-iid-reference-seed7-20261004,19,0,conv1,max,0.005667448043823242,0
fedavg-mnist-iid-reference-seed7-20261004,19,0,conv1,l1,0.1614911649376154,0
fedavg-mnist-iid-reference-seed7-20261004,19,0,conv1,l2,0.019549795688665123,0
fedavg-mnist-iid-reference-seed7-20261004,19,0,conv1,max_abs,0.005667448043823242,0
fedavg-mnist-iid-reference-seed7-20261004,19,0,conv1,sparsity,0.0,0
fedavg-mnist-iid-reference-seed7-20261004,19,0,conv1,skewness,1.4517379540005226,0
fedavg-mnist-iid-reference-seed7-20261004,19,0,conv1,kurtosis,1.9200874714551581,0
fedavg-mnist-iid-reference-seed7-20261004,19,0,conv2,mean,6.117723380455196e-05,0
fedavg-mnist-iid-reference-seed7-20261004,19,0,conv2,std,0.0003512458397474717,0
fedavg-mnist-iid-reference-seed7-20261004,19,0,conv2,median,3.7923455238342285e-06,0
fedavg-mnist-iid-reference-seed7-20261004,19,0,conv2,min,-0.0019207745790481567,0
fedavg-mnist-iid-reference-seed7-20261004,19,0,conv2,max,0.0026376545429229736,0
fedavg-mnist-iid-reference-seed7-20261004,19,0,conv2,l1,0.9546491182154568,0
fedavg-mnist-iid-reference-seed7-20261004,19,0,conv2,l2,0.024286201917634198,0
fedavg-mnist-iid-reference-seed7-20261004,19,0,conv2,max_abs,0.0026376545429229736,0
fedavg-mnist-iid-reference-seed7-20261004,19,0,conv2,sparsity,0.00021551724137931034,0
fedavg-mnist-iid-reference-seed7-20261004,19,0,conv2,skewness,1.4098821791230223,0
fedavg-mnist-iid-reference-seed7-20261004,19,0,conv2,kurtosis,8.440358932659363,0
fedavg-mnist-iid-reference-seed7-20261004,19,0,fc1,mean,-2.529053100200569e-06,0
fedavg-mnist-iid-reference-seed7-20261004,19,0,fc1,std,0.0003624753411649024,0
fedavg-mnist-iid-reference-seed7-20261004,19,0,fc1,median,0.0,0
fedavg-mnist-iid-reference-seed7-20261004,19,0,fc1,min,-0.005269510671496391,0
fedavg-mnist-iid-reference-seed7-20261004,19,0,fc1,max,0.004880934953689575,0
fedavg-mnist-iid-reference-seed7-20261004,19,0,fc1,l1,15.759742747085852,0
fedavg-mnist-iid-reference-seed7-20261004,19,0,fc1,l2,0.11486573523096204,0
fedavg-mnist-iid-reference-seed7-20261004,19,0,fc1,max_abs,0.005269510671496391,0
fedavg-mnist-iid-reference-seed7-20261004,19,0,fc1,sparsity,0.11511113766730402,0
fedavg-mnist-iid-reference-seed7-20261004,19,0,fc1,skewness,-1.0471535054700698,0
fedavg-mnist-iid-reference-seed7-20261004,19,0,fc1,kurtosis,27.488243552740695,0
fedavg-mnist-iid-reference-seed7-20261004,19,0,output,mean,-1.8613018955175693e-10,0
fedavg-mnist-iid-reference-seed7-20261004,19,0,output,std,0.0021673499385908603,0
fedavg-mnist-iid-reference-seed7-20261004,19,0,output,median,-9.872019290924072e-08,0
fedavg-mnist-iid-reference-seed7-20261004,19,0,output,min,-0.007301531732082367,0
fedavg-mnist-iid-reference-seed7-20261004,19,0,output,max,0.014201737940311432,0
fedavg-mnist-iid-reference-seed7-20261004,19,0,output,l1,0.8348324169928674,0
fedavg-mnist-iid-reference-seed7-20261004,19,0,output,l2,0.0552567981482948,0
fedavg-mnist-iid-reference-seed7-20261004,19,0,output,max_abs,0.014201737940311432,0
fedavg-mnist-iid-reference-seed7-20261004,19,0,output,sparsity,0.12615384615384614,0
fedavg-mnist-iid-reference-seed7-20261004,19,0,output,skewness,1.520011585363409,0
fedavg-mnist-iid-reference-seed7-20261004,19,0,output,kurtosis,6.56653348717794,0
fedavg-mnist-iid-reference-seed7-20261004,19,1,conv1,mean,0.0006228775298950495,0
fedavg-mnist-iid-reference-seed7-20261004,19,1,conv1,std,0.001006046006978678,0
fedavg-mnist-iid-reference-seed7-20261004,19,1,conv1,median,0.0003180503845214844,0
fedavg-mnist-iid-reference-seed7-20261004,19,1,conv1,min,-0.0010185688734054565,0
fedavg-mnist-iid-reference-seed7-20261004,19,1,conv1,max,0.00424724817276001,0
fedavg-mnist-iid-reference-seed7-20261004,19,1,conv1,l1,0.1277021228452213,0
fedavg-mnist-iid-reference-seed7-20261004,19,1,conv1,l2,0.014967190707174947,0
fedavg-mnist-iid-reference-seed7-20261004,19,1,conv1,max_abs,0.00424724817276001,0
fedavg-mnist-iid-reference-seed7-20261004,19,1,conv1,sparsity,0.0,0
fedavg-mnist-iid-reference-seed7-20261004,19,1,conv1,skewness,1.1869464986882285,0
fedavg-mnist-iid-reference-seed7-20261004,19,1,conv1,kurtosis,1.0982422470228883,0
fedavg-mnist-iid-reference-seed7-20261004,19,1,conv2,mean,6.547636497653629e-05,0
fedavg-mnist-iid-reference-seed7-20261004,19,1,conv2,std,0.0003563249510489594,0
fedavg-mnist-iid-reference-seed7-20261004,19,1,conv2,median,6.1802566051483154e-06,0
fedavg-mnist-iid-reference-seed7-20261004,19,1,conv2,min,-0.001986432820558548,0
fedavg-mnist-iid-reference-seed7-20261004,19,1,conv2,max,0.0033923834562301636,0
fedavg-mnist-iid-reference-seed7-20261004,19,1,conv2,l1,0.9658801816767664,0
fedavg-mnist-iid-reference-seed7-20261004,19,1,conv2,l2,0.024678360166613775,0
fedavg-mnist-iid-reference-seed7-20261004,19,1,conv2,max_abs,0.0033923834562301636,0
fedavg-mnist-iid-reference-seed7-20261004,19,1,conv2,sparsity,0.0004310344827586207,0
fedavg-mnist-iid-reference-seed7-20261004,19,1,conv2,skewness,1.6380601663668546,0
fedavg-mnist-iid-reference-seed7-20261004,19,1,conv2,kurtosis,10.095639976320118,0
fedavg-mnist-iid-reference-seed7-20261004,19,1,fc1,mean,-1.1428242025805565e-05,0
fedavg-mnist-iid-reference-seed7-20261004,19,1,fc1,std,0.00045217994083981793,0
fedavg-mnist-iid-reference-seed7-20261004,19,1,fc1,median,0.0,0
fedavg-mnist-iid-reference-seed7-20261004,19,1,fc1,min,-0.006072650663554668,0
fedavg-mnist-iid-reference-seed7-20261004,19,1,fc1,max,0.006333641707897186,0
fedavg-mnist-iid-reference-seed7-20261004,19,1,fc1,l1,19.867163361602707,0
fedavg-mnist-iid-reference-seed7-20261004,19,1,fc1,l2,0.14333472307739484,0
fedavg-mnist-iid-reference-seed7-20261004,19,1,fc1,max_abs,0.006333641707897186,0
fedavg-mnist-iid-reference-seed7-20261004,19,1,fc1,sparsity,0.10151768642447419,0
fedavg-mnist-iid-reference-seed7-20261004,19,1,fc1,skewness,-0.09116022772131577,0
fedavg-mnist-iid-reference-seed7-20261004,19,1,fc1,kurtosis,24.694930695756693,0
fedavg-mnist-iid-reference-seed7-20261004,19,1,output,mean,-2.3909916098301228e-11,0
fedavg-mnist-iid-reference-seed7-20261004,19,1,output,std,0.002739937011015685,0
fedavg-mnist-iid-reference-seed7-20261004,19,1,output,median,-3.2177194952964783e-07,0
fedavg-mnist-iid-reference-seed7-20261004,19,1,output,min,-0.010663241147994995,0
fedavg-mnist-iid-reference-seed7-20261004,19,1,output,max,0.014569766819477081,0
fedavg-mnist-iid-reference-seed7-20261004,19,1,output,l1,1.019231254060287,0
fedavg-mnist-iid-reference-seed7-20261004,19,1,output,l2,0.06985496142592033,0
fedavg-mnist-iid-reference-seed7-20261004,19,1,output,max_abs,0.014569766819477081,0
fedavg-mnist-iid-reference-seed7-20261004,19,1,output,sparsity,0.09076923076923077,0
fedavg-mnist-iid-reference-seed7-20261004,19,1,output,skewness,1.2615028111339825,0
fedavg-mnist-iid-reference-seed7-20261004,19,1,output,kurtosis,7.105269376451865,0
fedavg-mnist-iid-reference-seed7-20261004,19,2,conv1,mean,0.000857082410948351,0
fedavg-mnist-iid-reference-seed7-20261004,19,2,conv1,std,0.001172261143502594,0
fedavg-mnist-iid-reference-seed7-20261004,19,2,conv1,median,0.0004887208342552185,0
fedavg-mnist-iid-reference-seed7-20261004,19,2,conv1,min,-0.0010898113250732422,0
fedavg-mnist-iid-reference-seed7-20261004,19,2,conv1,max,0.00505182147026062,0
fedavg-mnist-iid-reference-seed7-20261004,19,2,conv1,l1,0.15386894438415766,0
fedavg-mnist-iid-reference-seed7-20261004,19,2,conv1,l2,0.018368609953823063,0
fedavg-mnist-iid-reference-seed7-20261004,19,2,conv1,max_abs,0.00505182147026062,0
fedavg-mnist-iid-reference-seed7-20261004,19,2,conv1,sparsity,0.0,0
fedavg-mnist-iid-reference-seed7-20261004,19,2,conv1,skewness,1.2685420925164206,0
fedavg-mnist-iid-reference-seed7-20261004,19,2,conv1,kurtosis,1.4028124292483986,0
fedavg-mnist-iid-reference-seed7-20261004,19,2,conv2,mean,3.4082248667204866e-05,0
fedavg-mnist-iid-reference-seed7-20261004,19,2,conv2,std,0.0003557537881367834,0
fedavg-mnist-iid-reference-seed7-20261004,19,2,conv2,median,8.67992639541626e-07,0
fedavg-mnist-iid-reference-seed7-20261004,19,2,conv2,min,-0.0028864219784736633,0
fedavg-mnist-iid-reference-seed7-20261004,19,2,conv2,max,0.002548106014728546,0
fedavg-mnist-iid-reference-seed7-20261004,19,2,conv2,l1,0.9216249250603141,0
fedavg-mnist-iid-reference-seed7-20261004,19,2,conv2,l2,0.02434402880704392,0
fedavg-mnist-iid-reference-seed7-20261004,19,2,conv2,max_abs,0.0028864219784736633,0
fedavg-mnist-iid-reference-seed7-20261004,19,2,conv2,sparsity,0.0,0
fedavg-mnist-iid-reference-seed7-20261004,19,2,conv2,skewness,0.6772681796261587,0
fedavg-mnist-iid-reference-seed7-20261004,19,2,conv2,kurtosis,11.396539118844487,0
fedavg-mnist-iid-reference-seed7-20261004,19,2,fc1,mean,-3.5874929904523653e-06,0
fedavg-mnist-iid-reference-seed7-20261004,19,2,fc1,std,0.0003437690664298566,0
fedavg-mnist-iid-reference-seed7-20261004,19,2,fc1,median,0.0,0
fedavg-mnist-iid-reference-seed7-20261004,19,2,fc1,min,-0.0046465471386909485,0
fedavg-mnist-iid-reference-seed7-20261004,19,2,fc1,max,0.004789477214217186,0
fedavg-mnist-iid-reference-seed7-20261004,19,2,fc1,l1,14.62060867463913,0
fedavg-mnist-iid-reference-seed7-20261004,19,2,fc1,l2,0.10894113626686391,0
fedavg-mnist-iid-reference-seed7-20261004,19,2,fc1,max_abs,0.004789477214217186,0
fedavg-mnist-iid-reference-seed7-20261004,19,2,fc1,sparsity,0.1427461759082218,0
fedavg-mnist-iid-reference-seed7-20261004,19,2,fc1,skewness,0.1293907623351355,0
fedavg-mnist-iid-reference-seed7-20261004,19,2,fc1,kurtosis,28.489517125075285,0
fedavg-mnist-iid-reference-seed7-20261004,19,2,output,mean,8.238622775444617e-12,0
fedavg-mnist-iid-reference-seed7-20261004,19,2,output,std,0.0022450687658860996,0
fedavg-mnist-iid-reference-seed7-20261004,19,2,output,median,-1.1548399925231934e-07,0
fedavg-mnist-iid-reference-seed7-20261004,19,2,output,min,-0.007003575563430786,0
fedavg-mnist-iid-reference-seed7-20261004,19,2,output,max,0.017489753663539886,0
fedavg-mnist-iid-reference-seed7-20261004,19,2,output,l1,0.7862409059889615,0
fedavg-mnist-iid-reference-seed7-20261004,19,2,output,l2,0.057238247233054464,0
fedavg-mnist-iid-reference-seed7-20261004,19,2,output,max_abs,0.017489753663539886,0
fedavg-mnist-iid-reference-seed7-20261004,19,2,output,sparsity,0.13692307692307693,0
fedavg-mnist-iid-reference-seed7-20261004,19,2,output,skewness,2.6155851742067027,0
fedavg-mnist-iid-reference-seed7-20261004,19,2,output,kurtosis,14.444999628331683,0
fedavg-mnist-iid-reference-seed7-20261004,19,3,conv1,mean,0.0007225238086903119,0
fedavg-mnist-iid-reference-seed7-20261004,19,3,conv1,std,0.0011954457504269904,0
fedavg-mnist-iid-reference-seed7-20261004,19,3,conv1,median,0.00026595797680784017,0
fedavg-mnist-iid-reference-seed7-20261004,19,3,conv1,min,-0.0011630505323410034,0
fedavg-mnist-iid-reference-seed7-20261004,19,3,conv1,max,0.005033999681472778,0
fedavg-mnist-iid-reference-seed7-20261004,19,3,conv1,l1,0.14163643788197078,0
fedavg-mnist-iid-reference-seed7-20261004,19,3,conv1,l2,0.01766864430040202,0
fedavg-mnist-iid-reference-seed7-20261004,19,3,conv1,max_abs,0.005033999681472778,0
fedavg-mnist-iid-reference-seed7-20261004,19,3,conv1,sparsity,0.0,0
fedavg-mnist-iid-reference-seed7-20261004,19,3,conv1,skewness,1.4036815810951457,0
fedavg-mnist-iid-reference-seed7-20261004,19,3,conv1,kurtosis,1.7654940833068071,0
fedavg-mnist-iid-reference-seed7-20261004,19,3,conv2,mean,4.520358796949511e-05,0
fedavg-mnist-iid-reference-seed7-20261004,19,3,conv2,std,0.00039068522110285395,0
fedavg-mnist-iid-reference-seed7-20261004,19,3,conv2,median,1.0132789611816406e-06,0
fedavg-mnist-iid-reference-seed7-20261004,19,3,conv2,min,-0.0027709901332855225,0
fedavg-mnist-iid-reference-seed7-20261004,19,3,conv2,max,0.0028634220361709595,0
fedavg-mnist-iid-reference-seed7-20261004,19,3,conv2,l1,1.0439832279080292,0
fedavg-mnist-iid-reference-seed7-20261004,19,3,conv2,l2,0.026790060497883315,0
fedavg-mnist-iid-reference-seed7-20261004,19,3,conv2,max_abs,0.0028634220361709595,0
fedavg-mnist-iid-reference-seed7-20261004,19,3,conv2,sparsity,0.0,0
fedavg-mnist-iid-reference-seed7-20261004,19,3,conv2,skewness,1.0926074322224482,0
fedavg-mnist-iid-reference-seed7-20261004,19,3,conv2,kurtosis,8.791853854170663,0
fedavg-mnist-iid-reference-seed7-20261004,19,3,fc1,mean,1.7448017474827266e-05,0
fedavg-mnist-iid-reference-seed7-20261004,19,3,fc1,std,0.0004632225144629462,0
fedavg-mnist-iid-reference-seed7-20261004,19,3,fc1,median,0.0,0
fedavg-mnist-iid-reference-seed7-20261004,19,3,fc1,min,-0.00712620560079813,0
fedavg-mnist-iid-reference-seed7-20261004,19,3,fc1,max,0.006567247211933136,0
fedavg-mnist-iid-reference-seed7-20261004,19,3,fc1,l1,20.7272606915069,0
fedavg-mnist-iid-reference-seed7-20261004,19,3,fc1,l2,0.14689228368741772,0
fedavg-mnist-iid-reference-seed7-20261004,19,3,fc1,max_abs,0.00712620560079813,0
fedavg-mnist-iid-reference-seed7-20261004,19,3,fc1,sparsity,0.11531030911408541,0
fedavg-mnist-iid-reference-seed7-20261004,19,3,fc1,skewness,-0.09690696774143728,0
fedavg-mnist-iid-reference-seed7-20261004,19,3,fc1,kurtosis,24.64398493285899,0
fedavg-mnist-iid-reference-seed7-20261004,19,3,output,mean,-2.7402375753109272e-11,0
fedavg-mnist-iid-reference-seed7-20261004,19,3,output,std,0.0030413838505329804,0
fedavg-mnist-iid-reference-seed7-20261004,19,3,output,median,-9.313225746154785e-09,0
fedavg-mnist-iid-reference-seed7-20261004,19,3,output,min,-0.017718292772769928,0
fedavg-mnist-iid-reference-seed7-20261004,19,3,output,max,0.016136199235916138,0
fedavg-mnist-iid-reference-seed7-20261004,19,3,output,l1,1.141178349382244,0
fedavg-mnist-iid-reference-seed7-20261004,19,3,output,l2,0.07754037801096814,0
fedavg-mnist-iid-reference-seed7-20261004,19,3,output,max_abs,0.017718292772769928,0
fedavg-mnist-iid-reference-seed7-20261004,19,3,output,sparsity,0.10153846153846154,0
fedavg-mnist-iid-reference-seed7-20261004,19,3,output,skewness,0.12042718508848321,0
fedavg-mnist-iid-reference-seed7-20261004,19,3,output,kurtosis,5.095661161019141,0
fedavg-mnist-iid-reference-seed7-20261004,19,4,conv1,mean,0.000984255864386796,0
fedavg-mnist-iid-reference-seed7-20261004,19,4,conv1,std,0.0012316306463544097,0
fedavg-mnist-iid-reference-seed7-20261004,19,4,conv1,median,0.0005210423842072487,0
fedavg-mnist-iid-reference-seed7-20261004,19,4,conv1,min,-0.0009308382868766785,0
fedavg-mnist-iid-reference-seed7-20261004,19,4,conv1,max,0.005128681659698486,0
fedavg-mnist-iid-reference-seed7-20261004,19,4,conv1,l1,0.1659935507341288,0
fedavg-mnist-iid-reference-seed7-20261004,19,4,conv1,l2,0.019942612288741633,0
fedavg-mnist-iid-reference-seed7-20261004,19,4,conv1,max_abs,0.005128681659698486,0
fedavg-mnist-iid-reference-seed7-20261004,19,4,conv1,sparsity,0.0,0
fedavg-mnist-iid-reference-seed7-20261004,19,4,conv1,skewness,1.3158178914009695,0
fedavg-mnist-iid-reference-seed7-20261004,19,4,conv1,kurtosis,1.3297607903856754,0
fedavg-mnist-iid-reference-seed7-20261004,19,4,conv2,mean,7.764496368540206e-05,0
fedavg-mnist-iid-reference-seed7-20261004,19,4,conv2,std,0.0003313860868135625,0
fedavg-mnist-iid-reference-seed7-20261004,19,4,conv2,median,7.2390539571642876e-06,0
fedavg-mnist-iid-reference-seed7-20261004,19,4,conv2,min,-0.0023896191269159317,0
fedavg-mnist-iid-reference-seed7-20261004,19,4,conv2,max,0.0028804391622543335,0
fedavg-mnist-iid-reference-seed7-20261004,19,4,conv2,l1,0.8806750764342723,0
fedavg-mnist-iid-reference-seed7-20261004,19,4,conv2,l2,0.02318454274264675,0
fedavg-mnist-iid-reference-seed7-20261004,19,4,conv2,max_abs,0.0028804391622543335,0
fedavg-mnist-iid-reference-seed7-20261004,19,4,conv2,sparsity,0.0004310344827586207,0
fedavg-mnist-iid-reference-seed7-20261004,19,4,conv2,skewness,1.444742739979898,0
fedavg-mnist-iid-reference-seed7-20261004,19,4,conv2,kurtosis,10.253137006713624,0
fedavg-mnist-iid-reference-seed7-20261004,19,4,fc1,mean,-1.5203706816082964e-06,0
fedavg-mnist-iid-reference-seed7-20261004,19,4,fc1,std,0.00023832977149509406,0
fedavg-mnist-iid-reference-seed7-20261004,19,4,fc1,median,0.0,0
fedavg-mnist-iid-reference-seed7-20261004,19,4,fc1,min,-0.002993309870362282,0
fedavg-mnist-iid-reference-seed7-20261004,19,4,fc1,max,0.0037504341453313828,0
fedavg-mnist-iid-reference-seed7-20261004,19,4,fc1,l1,10.682299035954543,0
fedavg-mnist-iid-reference-seed7-20261004,19,4,fc1,l2,0.07552462751750992,0
fedavg-mnist-iid-reference-seed7-20261004,19,4,fc1,max_abs,0.0037504341453313828,0
fedavg-mnist-iid-reference-seed7-20261004,19,4,fc1,sparsity,0.12444231994901211,0
fedavg-mnist-iid-reference-seed7-20261004,19,4,fc1,skewness,0.9275255042870232,0
fedavg-mnist-iid-reference-seed7-20261004,19,4,fc1,kurtosis,28.22198791212912,0
fedavg-mnist-iid-reference-seed7-20261004,19,4,output,mean,-4.408110936100666e-10,0
fedavg-mnist-iid-reference-seed7-20261004,19,4,output,std,0.0015381866089256822,0
fedavg-mnist-iid-reference-seed7-20261004,19,4,output,median,0.0,0
fedavg-mnist-iid-reference-seed7-20261004,19,4,output,min,-0.006558269262313843,0
fedavg-mnist-iid-reference-seed7-20261004,19,4,output,max,0.006980083882808685,0
fedavg-mnist-iid-reference-seed7-20261004,19,4,output,l1,0.6383167257590685,0
fedavg-mnist-iid-reference-seed7-20261004,19,4,output,l2,0.039216217672297445,0
fedavg-mnist-iid-reference-seed7-20261004,19,4,output,max_abs,0.006980083882808685,0
fedavg-mnist-iid-reference-seed7-20261004,19,4,output,sparsity,0.12,0
fedavg-mnist-iid-reference-seed7-20261004,19,4,output,skewness,0.18020268916929624,0
fedavg-mnist-iid-reference-seed7-20261004,19,4,output,kurtosis,2.7478400583588805,0
fedavg-mnist-iid-reference-seed7-20261004,20,0,conv1,mean,0.0008561743203244987,0
fedavg-mnist-iid-reference-seed7-20261004,20,0,conv1,std,0.0011325564152469948,0
fedavg-mnist-iid-reference-seed7-20261004,20,0,conv1,median,0.0004674680531024933,0
fedavg-mnist-iid-reference-seed7-20261004,20,0,conv1,min,-0.0006506368517875671,0
fedavg-mnist-iid-reference-seed7-20261004,20,0,conv1,max,0.0053206682205200195,0
fedavg-mnist-iid-reference-seed7-20261004,20,0,conv1,l1,0.14857147840666585,0
fedavg-mnist-iid-reference-seed7-20261004,20,0,conv1,l2,0.01795870151430884,0
fedavg-mnist-iid-reference-seed7-20261004,20,0,conv1,max_abs,0.0053206682205200195,0
fedavg-mnist-iid-reference-seed7-20261004,20,0,conv1,sparsity,0.0,0
fedavg-mnist-iid-reference-seed7-20261004,20,0,conv1,skewness,1.4547089043781778,0
fedavg-mnist-iid-reference-seed7-20261004,20,0,conv1,kurtosis,2.0117866598822047,0
fedavg-mnist-iid-reference-seed7-20261004,20,0,conv2,mean,5.150299513788609e-05,0
fedavg-mnist-iid-reference-seed7-20261004,20,0,conv2,std,0.00033175663786142167,0
fedavg-mnist-iid-reference-seed7-20261004,20,0,conv2,median,2.898275852203369e-06,0
fedavg-mnist-iid-reference-seed7-20261004,20,0,conv2,min,-0.001971013844013214,0
fedavg-mnist-iid-reference-seed7-20261004,20,0,conv2,max,0.0024377629160881042,0
fedavg-mnist-iid-reference-seed7-20261004,20,0,conv2,l1,0.9029749021337921,0
fedavg-mnist-iid-reference-seed7-20261004,20,0,conv2,l2,0.02286914334355475,0
fedavg-mnist-iid-reference-seed7-20261004,20,0,conv2,max_abs,0.0024377629160881042,0
fedavg-mnist-iid-reference-seed7-20261004,20,0,conv2,sparsity,0.0,0
fedavg-mnist-iid-reference-seed7-20261004,20,0,conv2,skewness,1.218140965469513,0
fedavg-mnist-iid-reference-seed7-20261004,20,0,conv2,kurtosis,8.25210144374231,0
fedavg-mnist-iid-reference-seed7-20261004,20,0,fc1,mean,-2.4799830681054217e-06,0
fedavg-mnist-iid-reference-seed7-20261004,20,0,fc1,std,0.0003381993275909405,0
fedavg-mnist-iid-reference-seed7-20261004,20,0,fc1,median,0.0,0
fedavg-mnist-iid-reference-seed7-20261004,20,0,fc1,min,-0.005009249784052372,0
fedavg-mnist-iid-reference-seed7-20261004,20,0,fc1,max,0.004525361582636833,0
fedavg-mnist-iid-reference-seed7-20261004,20,0,fc1,l1,14.827128170443302,0
fedavg-mnist-iid-reference-seed7-20261004,20,0,fc1,l2,0.1071731201517704,0
fedavg-mnist-iid-reference-seed7-20261004,20,0,fc1,max_abs,0.005009249784052372,0
fedavg-mnist-iid-reference-seed7-20261004,20,0,fc1,sparsity,0.11501155194391333,0
fedavg-mnist-iid-reference-seed7-20261004,20,0,fc1,skewness,-1.0337732576123295,0
fedavg-mnist-iid-reference-seed7-20261004,20,0,fc1,kurtosis,26.88905051139795,0
fedavg-mnist-iid-reference-seed7-20261004,20,0,output,mean,-1.4296697022823187e-10,0
fedavg-mnist-iid-reference-seed7-20261004,20,0,output,std,0.002015443296255873,0
fedavg-mnist-iid-reference-seed7-20261004,20,0,output,median,-9.96515154838562e-08,0
fedavg-mnist-iid-reference-seed7-20261004,20,0,output,min,-0.006901800632476807,0
fedavg-mnist-iid-reference-seed7-20261004,20,0,output,max,0.013097025454044342,0
fedavg-mnist-iid-reference-seed7-20261004,20,0,output,l1,0.7807744893070776,0
fedavg-mnist-iid-reference-seed7-20261004,20,0,output,l2,0.05138392348074244,0
fedavg-mnist-iid-reference-seed7-20261004,20,0,output,max_abs,0.013097025454044342,0
fedavg-mnist-iid-reference-seed7-20261004,20,0,output,sparsity,0.11846153846153847,0
fedavg-mnist-iid-reference-seed7-20261004,20,0,output,skewness,1.4917579441983977,0
fedavg-mnist-iid-reference-seed7-20261004,20,0,output,kurtosis,6.53464298686875,0
fedavg-mnist-iid-reference-seed7-20261004,20,1,conv1,mean,0.0005731840197768179,0
fedavg-mnist-iid-reference-seed7-20261004,20,1,conv1,std,0.0009327351671483895,0
fedavg-mnist-iid-reference-seed7-20261004,20,1,conv1,median,0.0003115534782409668,0
fedavg-mnist-iid-reference-seed7-20261004,20,1,conv1,min,-0.0010019689798355103,0
fedavg-mnist-iid-reference-seed7-20261004,20,1,conv1,max,0.0038764774799346924,0
fedavg-mnist-iid-reference-seed7-20261004,20,1,conv1,l1,0.11881844213348813,0
fedavg-mnist-iid-reference-seed7-20261004,20,1,conv1,l2,0.013847944613192793,0
fedavg-mnist-iid-reference-seed7-20261004,20,1,conv1,max_abs,0.0038764774799346924,0
fedavg-mnist-iid-reference-seed7-20261004,20,1,conv1,sparsity,0.0,0
fedavg-mnist-iid-reference-seed7-20261004,20,1,conv1,skewness,1.1474084538333162,0
fedavg-mnist-iid-reference-seed7-20261004,20,1,conv1,kurtosis,1.0033535461429715,0
fedavg-mnist-iid-reference-seed7-20261004,20,1,conv2,mean,5.681149422939754e-05,0
fedavg-mnist-iid-reference-seed7-20261004,20,1,conv2,std,0.0003328431681750293,0
fedavg-mnist-iid-reference-seed7-20261004,20,1,conv2,median,5.707144737243652e-06,0
fedavg-mnist-iid-reference-seed7-20261004,20,1,conv2,min,-0.0019443929195404053,0
fedavg-mnist-iid-reference-seed7-20261004,20,1,conv2,max,0.0030820369720458984,0
fedavg-mnist-iid-reference-seed7-20261004,20,1,conv2,l1,0.9075691964098951,0
fedavg-mnist-iid-reference-seed7-20261004,20,1,conv2,l2,0.023000353019355723,0
fedavg-mnist-iid-reference-seed7-20261004,20,1,conv2,max_abs,0.0030820369720458984,0
fedavg-mnist-iid-reference-seed7-20261004,20,1,conv2,sparsity,0.0004310344827586207,0
fedavg-mnist-iid-reference-seed7-20261004,20,1,conv2,skewness,1.436425912853803,0
fedavg-mnist-iid-reference-seed7-20261004,20,1,conv2,kurtosis,9.404553266490627,0
fedavg-mnist-iid-reference-seed7-20261004,20,1,fc1,mean,-9.732880326388827e-06,0
fedavg-mnist-iid-reference-seed7-20261004,20,1,fc1,std,0.00042658391088072894,0
fedavg-mnist-iid-reference-seed7-20261004,20,1,fc1,median,0.0,0
fedavg-mnist-iid-reference-seed7-20261004,20,1,fc1,min,-0.005861971061676741,0
fedavg-mnist-iid-reference-seed7-20261004,20,1,fc1,max,0.005988534539937973,0
fedavg-mnist-iid-reference-seed7-20261004,20,1,fc1,l1,18.96262330058164,0
fedavg-mnist-iid-reference-seed7-20261004,20,1,fc1,l2,0.13521315291035466,0
fedavg-mnist-iid-reference-seed7-20261004,20,1,fc1,max_abs,0.005988534539937973,0
fedavg-mnist-iid-reference-seed7-20261004,20,1,fc1,sparsity,0.10164714786488209,0
fedavg-mnist-iid-reference-seed7-20261004,20,1,fc1,skewness,0.14490694996234574,0
fedavg-mnist-iid-reference-seed7-20261004,20,1,fc1,kurtosis,24.04464406433907,0
fedavg-mnist-iid-reference-seed7-20261004,20,1,output,mean,-1.6629480971739842e-10,0
fedavg-mnist-iid-reference-seed7-20261004,20,1,output,std,0.0025930977210994726,0
fedavg-mnist-iid-reference-seed7-20261004,20,1,output,median,-2.766028046607971e-07,0
fedavg-mnist-iid-reference-seed7-20261004,20,1,output,min,-0.009948775172233582,0
fedavg-mnist-iid-reference-seed7-20261004,20,1,output,max,0.014529362320899963,0
fedavg-mnist-iid-reference-seed7-20261004,20,1,output,l1,0.9547646010178141,0
fedavg-mnist-iid-reference-seed7-20261004,20,1,output,l2,0.0661112794026961,0
fedavg-mnist-iid-reference-seed7-20261004,20,1,output,max_abs,0.014529362320899963,0
fedavg-mnist-iid-reference-seed7-20261004,20,1,output,sparsity,0.09230769230769231,0
fedavg-mnist-iid-reference-seed7-20261004,20,1,output,skewness,1.3918375104742366,0
fedavg-mnist-iid-reference-seed7-20261004,20,1,output,kurtosis,7.786524408790836,0
fedavg-mnist-iid-reference-seed7-20261004,20,2,conv1,mean,0.0007501871948988991,0
fedavg-mnist-iid-reference-seed7-20261004,20,2,conv1,std,0.0010496612666845238,0
fedavg-mnist-iid-reference-seed7-20261004,20,2,conv1,median,0.0004268139600753784,0
fedavg-mnist-iid-reference-seed7-20261004,20,2,conv1,min,-0.0011648684740066528,0
fedavg-mnist-iid-reference-seed7-20261004,20,2,conv1,max,0.004552185535430908,0
fedavg-mnist-iid-reference-seed7-20261004,20,2,conv1,l1,0.13746142174932174,0
fedavg-mnist-iid-reference-seed7-20261004,20,2,conv1,l2,0.0163196549089399,0
fedavg-mnist-iid-reference-seed7-20261004,20,2,conv1,max_abs,0.004552185535430908,0
fedavg-mnist-iid-reference-seed7-20261004,20,2,conv1,sparsity,0.0,0
fedavg-mnist-iid-reference-seed7-20261004,20,2,conv1,skewness,1.2348186505672105,0
fedavg-mnist-iid-reference-seed7-20261004,20,2,conv1,kurtosis,1.4259306991162273,0
fedavg-mnist-iid-reference-seed7-20261004,20,2,conv2,mean,2.2103603867921706e-05,0
fedavg-mnist-iid-reference-seed7-20261004,20,2,conv2,std,0.0003328607991533122,0
fedavg-mnist-iid-reference-seed7-20261004,20,2,conv2,median,6.109476089477539e-07,0
fedavg-mnist-iid-reference-seed7-20261004,20,2,conv2,min,-0.00279349647462368,0
fedavg-mnist-iid-reference-seed7-20261004,20,2,conv2,max,0.002341657876968384,0
fedavg-mnist-iid-reference-seed7-20261004,20,2,conv2,l1,0.8655520672891726,0
fedavg-mnist-iid-reference-seed7-20261004,20,2,conv2,l2,0.022723596710348536,0
fedavg-mnist-iid-reference-seed7-20261004,20,2,conv2,max_abs,0.00279349647462368,0
fedavg-mnist-iid-reference-seed7-20261004,20,2,conv2,sparsity,0.0,0
fedavg-mnist-iid-reference-seed7-20261004,20,2,conv2,skewness,0.3305607443698693,0
fedavg-mnist-iid-reference-seed7-20261004,20,2,conv2,kurtosis,11.55742799004529,0
fedavg-mnist-iid-reference-seed7-20261004,20,2,fc1,mean,-5.918829965692431e-06,0
fedavg-mnist-iid-reference-seed7-20261004,20,2,fc1,std,0.00032524518347694744,0
fedavg-mnist-iid-reference-seed7-20261004,20,2,fc1,median,0.0,0
fedavg-mnist-iid-reference-seed7-20261004,20,2,fc1,min,-0.004496971145272255,0
fedavg-mnist-iid-reference-seed7-20261004,20,2,fc1,max,0.004419201053678989,0
fedavg-mnist-iid-reference-seed7-20261004,20,2,fc1,l1,13.902526815282954,0
fedavg-mnist-iid-reference-seed7-20261004,20,2,fc1,l2,0.10308233160183958,0
fedavg-mnist-iid-reference-seed7-20261004,20,2,fc1,max_abs,0.004496971145272255,0
fedavg-mnist-iid-reference-seed7-20261004,20,2,fc1,sparsity,0.1422283301465902,0
fedavg-mnist-iid-reference-seed7-20261004,20,2,fc1,skewness,0.03382592939566762,0
fedavg-mnist-iid-reference-seed7-20261004,20,2,fc1,kurtosis,28.353750507929387,0
fedavg-mnist-iid-reference-seed7-20261004,20,2,output,mean,1.9701054463019738e-10,0
fedavg-mnist-iid-reference-seed7-20261004,20,2,output,std,0.0020857878869717157,0
fedavg-mnist-iid-reference-seed7-20261004,20,2,output,median,-1.3317912817001343e-07,0
fedavg-mnist-iid-reference-seed7-20261004,20,2,output,min,-0.0065281689167022705,0
fedavg-mnist-iid-reference-seed7-20261004,20,2,output,max,0.01614540070295334,0
fedavg-mnist-iid-reference-seed7-20261004,20,2,output,l1,0.7386133283143863,0
fedavg-mnist-iid-reference-seed7-20261004,20,2,output,l2,0.05317736568442144,0
fedavg-mnist-iid-reference-seed7-20261004,20,2,output,max_abs,0.01614540070295334,0
fedavg-mnist-iid-reference-seed7-20261004,20,2,output,sparsity,0.13692307692307693,0
fedavg-mnist-iid-reference-seed7-20261004,20,2,output,skewness,2.5181271168261237,0
fedavg-mnist-iid-reference-seed7-20261004,20,2,output,kurtosis,13.847198889022632,0
fedavg-mnist-iid-reference-seed7-20261004,20,3,conv1,mean,0.0006463548008468934,0
fedavg-mnist-iid-reference-seed7-20261004,20,3,conv1,std,0.0010969306346972903,0
fedavg-mnist-iid-reference-seed7-20261004,20,3,conv1,median,0.00023122504353523254,0
fedavg-mnist-iid-reference-seed7-20261004,20,3,conv1,min,-0.0012432485818862915,0
fedavg-mnist-iid-reference-seed7-20261004,20,3,conv1,max,0.00456923246383667,0
fedavg-mnist-iid-reference-seed7-20261004,20,3,conv1,l1,0.1300509620923549,0
fedavg-mnist-iid-reference-seed7-20261004,20,3,conv1,l2,0.01610481342165864,0
fedavg-mnist-iid-reference-seed7-20261004,20,3,conv1,max_abs,0.00456923246383667,0
fedavg-mnist-iid-reference-seed7-20261004,20,3,conv1,sparsity,0.0,0
fedavg-mnist-iid-reference-seed7-20261004,20,3,conv1,skewness,1.350889352042636,0
fedavg-mnist-iid-reference-seed7-20261004,20,3,conv1,kurtosis,1.6784777991404258,0
fedavg-mnist-iid-reference-seed7-20261004,20,3,conv2,mean,3.735070792086405e-05,0
fedavg-mnist-iid-reference-seed7-20261004,20,3,conv2,std,0.0003637112017983319,0
fedavg-mnist-iid-reference-seed7-20261004,20,3,conv2,median,4.3585896492004395e-07,0
fedavg-mnist-iid-reference-seed7-20261004,20,3,conv2,min,-0.002562686800956726,0
fedavg-mnist-iid-reference-seed7-20261004,20,3,conv2,max,0.002637133002281189,0
fedavg-mnist-iid-reference-seed7-20261004,20,3,conv2,l1,0.9775534442997014,0
fedavg-mnist-iid-reference-seed7-20261004,20,3,conv2,l2,0.024905409845019686,0
fedavg-mnist-iid-reference-seed7-20261004,20,3,conv2,max_abs,0.002637133002281189,0
fedavg-mnist-iid-reference-seed7-20261004,20,3,conv2,sparsity,0.0,0
fedavg-mnist-iid-reference-seed7-20261004,20,3,conv2,skewness,0.9377776677642946,0
fedavg-mnist-iid-reference-seed7-20261004,20,3,conv2,kurtosis,8.31381639146451,0
fedavg-mnist-iid-reference-seed7-20261004,20,3,fc1,mean,1.692370835621262e-05,0
fedavg-mnist-iid-reference-seed7-20261004,20,3,fc1,std,0.00042541935618557356,0
fedavg-mnist-iid-reference-seed7-20261004,20,3,fc1,median,0.0,0
fedavg-mnist-iid-reference-seed7-20261004,20,3,fc1,min,-0.006567521020770073,0
fedavg-mnist-iid-reference-seed7-20261004,20,3,fc1,max,0.006079306825995445,0
fedavg-mnist-iid-reference-seed7-20261004,20,3,fc1,l1,18.990438995453246,0
fedavg-mnist-iid-reference-seed7-20261004,20,3,fc1,l2,0.13491557195907558,0
fedavg-mnist-iid-reference-seed7-20261004,20,3,fc1,max_abs,0.006567521020770073,0
fedavg-mnist-iid-reference-seed7-20261004,20,3,fc1,sparsity,0.11437420331421287,0
fedavg-mnist-iid-reference-seed7-20261004,20,3,fc1,skewness,0.0040030986314769906,0
fedavg-mnist-iid-reference-seed7-20261004,20,3,fc1,kurtosis,25.483042123514945,0
fedavg-mnist-iid-reference-seed7-20261004,20,3,output,mean,3.268584035910093e-11,0
fedavg-mnist-iid-reference-seed7-20261004,20,3,output,std,0.002796069813994138,0
fedavg-mnist-iid-reference-seed7-20261004,20,3,output,median,-7.450580596923828e-09,0
fedavg-mnist-iid-reference-seed7-20261004,20,3,output,min,-0.016038157045841217,0
fedavg-mnist-iid-reference-seed7-20261004,20,3,output,max,0.014473676681518555,0
fedavg-mnist-iid-reference-seed7-20261004,20,3,output,l1,1.0584642331232317,0
fedavg-mnist-iid-reference-seed7-20261004,20,3,output,l2,0.0712860727146193,0
fedavg-mnist-iid-reference-seed7-20261004,20,3,output,max_abs,0.016038157045841217,0
fedavg-mnist-iid-reference-seed7-20261004,20,3,output,sparsity,0.10461538461538461,0
fedavg-mnist-iid-reference-seed7-20261004,20,3,output,skewness,0.144743896143532,0
fedavg-mnist-iid-reference-seed7-20261004,20,3,output,kurtosis,4.771719612621775,0
fedavg-mnist-iid-reference-seed7-20261004,20,4,conv1,mean,0.0008833042562400806,0
fedavg-mnist-iid-reference-seed7-20261004,20,4,conv1,std,0.0011148003401933412,0
fedavg-mnist-iid-reference-seed7-20261004,20,4,conv1,median,0.00046279188245534897,0
fedavg-mnist-iid-reference-seed7-20261004,20,4,conv1,min,-0.0009466558694839478,0
fedavg-mnist-iid-reference-seed7-20261004,20,4,conv1,max,0.0046412646770477295,0
fedavg-mnist-iid-reference-seed7-20261004,20,4,conv1,l1,0.1501736824575346,0
fedavg-mnist-iid-reference-seed7-20261004,20,4,conv1,l2,0.01799113651812817,0
fedavg-mnist-iid-reference-seed7-20261004,20,4,conv1,max_abs,0.0046412646770477295,0
fedavg-mnist-iid-reference-seed7-20261004,20,4,conv1,sparsity,0.0,0
fedavg-mnist-iid-reference-seed7-20261004,20,4,conv1,skewness,1.30006442992472,0
fedavg-mnist-iid-reference-seed7-20261004,20,4,conv1,kurtosis,1.3395786727901857,0
fedavg-mnist-iid-reference-seed7-20261004,20,4,conv2,mean,6.408355306873624e-05,0
fedavg-mnist-iid-reference-seed7-20261004,20,4,conv2,std,0.000309221622320312,0
fedavg-mnist-iid-reference-seed7-20261004,20,4,conv2,median,4.909932613372803e-06,0
fedavg-mnist-iid-reference-seed7-20261004,20,4,conv2,min,-0.002303304150700569,0
fedavg-mnist-iid-reference-seed7-20261004,20,4,conv2,max,0.0027859658002853394,0
fedavg-mnist-iid-reference-seed7-20261004,20,4,conv2,l1,0.8231909101014026,0
fedavg-mnist-iid-reference-seed7-20261004,20,4,conv2,l2,0.02151098953017367,0
fedavg-mnist-iid-reference-seed7-20261004,20,4,conv2,max_abs,0.0027859658002853394,0
fedavg-mnist-iid-reference-seed7-20261004,20,4,conv2,sparsity,0.0,0
fedavg-mnist-iid-reference-seed7-20261004,20,4,conv2,skewness,1.2174421778096542,0
fedavg-mnist-iid-reference-seed7-20261004,20,4,conv2,kurtosis,10.38881724202276,0
fedavg-mnist-iid-reference-seed7-20261004,20,4,fc1,mean,-2.4768596625847966e-06,0
fedavg-mnist-iid-reference-seed7-20261004,20,4,fc1,std,0.00023043174865062965,0
fedavg-mnist-iid-reference-seed7-20261004,20,4,fc1,median,0.0,0
fedavg-mnist-iid-reference-seed7-20261004,20,4,fc1,min,-0.0027200616896152496,0
fedavg-mnist-iid-reference-seed7-20261004,20,4,fc1,max,0.003630366176366806,0
fedavg-mnist-iid-reference-seed7-20261004,20,4,fc1,l1,10.398121047963855,0
fedavg-mnist-iid-reference-seed7-20261004,20,4,fc1,l2,0.0730245452642837,0
fedavg-mnist-iid-reference-seed7-20261004,20,4,fc1,max_abs,0.003630366176366806,0
fedavg-mnist-iid-reference-seed7-20261004,20,4,fc1,sparsity,0.12422323135755259,0
fedavg-mnist-iid-reference-seed7-20261004,20,4,fc1,skewness,0.9376527545451593,0
fedavg-mnist-iid-reference-seed7-20261004,20,4,fc1,kurtosis,28.39990565419755,0
fedavg-mnist-iid-reference-seed7-20261004,20,4,output,mean,-8.377425659161348e-11,0
fedavg-mnist-iid-reference-seed7-20261004,20,4,output,std,0.0014640634863928202,0
fedavg-mnist-iid-reference-seed7-20261004,20,4,output,median,0.0,0
fedavg-mnist-iid-reference-seed7-20261004,20,4,output,min,-0.006420748308300972,0
fedavg-mnist-iid-reference-seed7-20261004,20,4,output,max,0.006575502455234528,0
fedavg-mnist-iid-reference-seed7-20261004,20,4,output,l1,0.6091977195756044,0
fedavg-mnist-iid-reference-seed7-20261004,20,4,output,l2,0.03732644143127843,0
fedavg-mnist-iid-reference-seed7-20261004,20,4,output,max_abs,0.006575502455234528,0
fedavg-mnist-iid-reference-seed7-20261004,20,4,output,sparsity,0.12,0
fedavg-mnist-iid-reference-seed7-20261004,20,4,output,skewness,0.10547640690959378,0
fedavg-mnist-iid-reference-seed7-20261004,20,4,output,kurtosis,2.7936824440170644,0
